log,domain,target,population,regime,populated,baseline,instrument,without_f,with_f,V,n,n_test,card_f,card_g,n_b0,f,g
BPIC14,itsm,handover,1.0,full,1.0,empty,auc,0.5,0.8938026203699606,0.3938026203699606,46606,13982,3019,57,4,CI Name (aff),assignment group
BPIC14,itsm,handover,1.0,full,1.0,empty,ap,0.9452152767844372,0.9917219616770151,0.04650668489257792,46606,13982,3019,57,4,CI Name (aff),assignment group
BPIC14,itsm,handover,1.0,full,1.0,empty,brier_skill,-1.9904186030261783e-05,0.2589275101815951,0.25894741436762536,46606,13982,3019,57,4,CI Name (aff),assignment group
BPIC14,itsm,handover,1.0,full,1.0,empty,nagelkerke,-3.9619626170500563e-05,0.38874382631524196,0.38878344594141245,46606,13982,3019,57,4,CI Name (aff),assignment group
BPIC14,itsm,handover,1.0,full,1.0,empty,nb_0.050,0.9423318702994075,0.9423318702994075,0.0,46606,13982,3019,57,4,CI Name (aff),assignment group
BPIC14,itsm,handover,1.0,full,1.0,empty,nb_0.075,0.9407732721993914,0.9407732721993914,0.0,46606,13982,3019,57,4,CI Name (aff),assignment group
BPIC14,itsm,handover,1.0,full,1.0,empty,nb_0.100,0.9391280853160412,0.9391280853160412,0.0,46606,13982,3019,57,4,CI Name (aff),assignment group
BPIC14,itsm,handover,1.0,full,1.0,empty,nb_0.125,0.9373888877536425,0.9373888877536425,0.0,46606,13982,3019,57,4,CI Name (aff),assignment group
BPIC14,itsm,handover,1.0,full,1.0,empty,nb_0.150,0.9355473844522789,0.9355473844522789,0.0,46606,13982,3019,57,4,CI Name (aff),assignment group
BPIC14,itsm,handover,1.0,full,1.0,empty,nb_0.175,0.9335942748902268,0.9335942748902268,0.0,46606,13982,3019,57,4,CI Name (aff),assignment group
BPIC14,itsm,handover,1.0,full,1.0,empty,nb_0.200,0.9315190959805464,0.9331461879559434,0.0016270919753970103,46606,13982,3019,57,4,CI Name (aff),assignment group
BPIC14,itsm,handover,1.0,full,1.0,empty,nb_0.225,0.929310034560564,0.9312918452757232,0.001981810715159127,46606,13982,3019,57,4,CI Name (aff),assignment group
BPIC14,itsm,handover,1.0,full,1.0,empty,nb_0.250,0.9269537023792495,0.9293138797501549,0.0023601773709054363,46606,13982,3019,57,4,CI Name (aff),assignment group
BPIC14,itsm,handover,1.0,full,1.0,empty,nb_0.275,0.9244348645302581,0.9270761915566319,0.002641327026373763,46606,13982,3019,57,4,CI Name (aff),assignment group
BPIC14,itsm,handover,1.0,full,1.0,empty,nb_0.300,0.9217361096920531,0.924831926762981,0.0030958170709278754,46606,13982,3019,57,4,CI Name (aff),assignment group
BPIC14,itsm,handover,1.0,full,1.0,empty,nb_0.325,0.918837447088055,0.9219658078905683,0.0031283608025132192,46606,13982,3019,57,4,CI Name (aff),assignment group
BPIC14,itsm,handover,1.0,full,1.0,empty,nb_0.350,0.9157158104375955,0.9197814772839805,0.004065666846384985,46606,13982,3019,57,4,CI Name (aff),assignment group
BPIC14,itsm,handover,1.0,full,1.0,empty,nb_0.375,0.9123444428550994,0.9173508797024745,0.0050064368473751175,46606,13982,3019,57,4,CI Name (aff),assignment group
BPIC14,itsm,handover,1.0,full,1.0,empty,nb_0.400,0.908692127974062,0.914938253945549,0.006246125971486993,46606,13982,3019,57,4,CI Name (aff),assignment group
BPIC14,itsm,handover,1.0,full,1.0,empty,nb_0.425,0.9047222204946733,0.9122225470014241,0.00750032650675081,46606,13982,3019,57,4,CI Name (aff),assignment group
BPIC14,itsm,handover,1.0,full,1.0,empty,nb_0.450,0.9003914123353403,0.9092599576078335,0.008868545272493256,46606,13982,3019,57,4,CI Name (aff),assignment group
BPIC14,itsm,handover,1.0,full,1.0,empty,nb_0.475,0.8956481462560708,0.9061446349387989,0.010496488682728122,46606,13982,3019,57,4,CI Name (aff),assignment group
BPIC14,itsm,handover,1.0,full,1.0,empty,nb_0.500,0.8904305535688742,0.9025890430553569,0.012158489486482682,46606,13982,3019,57,4,CI Name (aff),assignment group
BPIC14,itsm,handover,1.0,full,1.0,empty,nb_0.525,0.884663740598815,0.8986591783420789,0.013995437743263839,46606,13982,3019,57,4,CI Name (aff),assignment group
BPIC14,itsm,handover,1.0,full,1.0,empty,nb_0.550,0.8782561706320825,0.8936569239816272,0.015400753349544716,46606,13982,3019,57,4,CI Name (aff),assignment group
BPIC14,itsm,handover,1.0,full,1.0,empty,nb_0.575,0.871094768904558,0.8879020926064605,0.01680732370190252,46606,13982,3019,57,4,CI Name (aff),assignment group
BPIC14,itsm,handover,1.0,full,1.0,empty,nb_0.600,0.8630381919610929,0.8628951509083107,-0.00014304105278217794,46606,13982,3019,57,4,CI Name (aff),assignment group
BPIC14,itsm,handover,1.0,full,1.0,empty,nb_0.625,0.853907404758499,0.8576741524817623,0.003766747723263242,46606,13982,3019,57,4,CI Name (aff),assignment group
BPIC14,itsm,handover,1.0,full,1.0,empty,nb_0.650,0.843472219384106,0.846026523898073,0.0025543045139669873,46606,13982,3019,57,4,CI Name (aff),assignment group
BPIC14,itsm,handover,1.0,full,1.0,empty,nb_0.675,0.8314316208751911,0.8397390050944621,0.008307384219271019,46606,13982,3019,57,4,CI Name (aff),assignment group
BPIC14,itsm,handover,1.0,full,1.0,empty,nb_0.700,0.8173842559481239,0.8331664521050876,0.015782196156963635,46606,13982,3019,57,4,CI Name (aff),assignment group
BPIC14,itsm,handover,1.0,full,1.0,empty,nb_0.725,0.8007828246706804,0.8243585909155927,0.02357576624491231,46606,13982,3019,57,4,CI Name (aff),assignment group
BPIC14,itsm,handover,1.0,full,1.0,empty,nb_0.750,0.7808611071377486,0.8144757545415534,0.03361464740380482,46606,13982,3019,57,4,CI Name (aff),assignment group
BPIC14,itsm,handover,1.0,full,1.0,empty,nb_0.775,0.756512341264165,0.8006484527726123,0.04413611150844732,46606,13982,3019,57,4,CI Name (aff),assignment group
BPIC14,itsm,handover,1.0,full,1.0,empty,nb_0.800,0.7260763839221857,0.7862251466170791,0.06014876269489344,46606,13982,3019,57,4,CI Name (aff),assignment group
BPIC14,itsm,handover,1.0,full,1.0,B0_half,auc,0.638968549870716,0.8987369036819046,0.25976835381118857,46606,13982,3019,57,4,CI Name (aff),assignment group
BPIC14,itsm,handover,1.0,full,1.0,B0_half,ap,0.9615253183629267,0.9921632799800177,0.030637961617091092,46606,13982,3019,57,4,CI Name (aff),assignment group
BPIC14,itsm,handover,1.0,full,1.0,B0_half,brier_skill,0.015791414393415915,0.28495147745246585,0.26916006305904994,46606,13982,3019,57,4,CI Name (aff),assignment group
BPIC14,itsm,handover,1.0,full,1.0,B0_half,nagelkerke,0.050661059438307274,0.41363495459974453,0.36297389516143724,46606,13982,3019,57,4,CI Name (aff),assignment group
BPIC14,itsm,handover,1.0,full,1.0,B0_half,nb_0.050,0.9423318702994075,0.9423318702994075,0.0,46606,13982,3019,57,4,CI Name (aff),assignment group
BPIC14,itsm,handover,1.0,full,1.0,B0_half,nb_0.075,0.9407732721993914,0.9407732721993914,0.0,46606,13982,3019,57,4,CI Name (aff),assignment group
BPIC14,itsm,handover,1.0,full,1.0,B0_half,nb_0.100,0.9391280853160412,0.9391280853160412,0.0,46606,13982,3019,57,4,CI Name (aff),assignment group
BPIC14,itsm,handover,1.0,full,1.0,B0_half,nb_0.125,0.9373888877536425,0.9372662811369721,-0.0001226066166704065,46606,13982,3019,57,4,CI Name (aff),assignment group
BPIC14,itsm,handover,1.0,full,1.0,B0_half,nb_0.150,0.9355473844522789,0.9354295859382231,-0.00011779851405580022,46606,13982,3019,57,4,CI Name (aff),assignment group
BPIC14,itsm,handover,1.0,full,1.0,B0_half,nb_0.175,0.9335942748902268,0.9348621387671595,0.0012678638769326733,46606,13982,3019,57,4,CI Name (aff),assignment group
BPIC14,itsm,handover,1.0,full,1.0,B0_half,nb_0.200,0.9315190959805464,0.9331283078243456,0.001609211843799252,46606,13982,3019,57,4,CI Name (aff),assignment group
BPIC14,itsm,handover,1.0,full,1.0,B0_half,nb_0.225,0.929310034560564,0.9312110962943139,0.0019010617337498203,46606,13982,3019,57,4,CI Name (aff),assignment group
BPIC14,itsm,handover,1.0,full,1.0,B0_half,nb_0.250,0.9269537023792495,0.9292423592237639,0.002288656844514403,46606,13982,3019,57,4,CI Name (aff),assignment group
BPIC14,itsm,handover,1.0,full,1.0,B0_half,nb_0.275,0.9244348645302581,0.9272562259851336,0.0028213614548754373,46606,13982,3019,57,4,CI Name (aff),assignment group
BPIC14,itsm,handover,1.0,full,1.0,B0_half,nb_0.300,0.9217361096920531,0.924596930747696,0.0028608210556428926,46606,13982,3019,57,4,CI Name (aff),assignment group
BPIC14,itsm,handover,1.0,full,1.0,B0_half,nb_0.325,0.9186228855088818,0.9225061852010786,0.0038832996921968066,46606,13982,3019,57,4,CI Name (aff),assignment group
BPIC14,itsm,handover,1.0,full,1.0,B0_half,nb_0.350,0.9155012488584223,0.9202381083370927,0.004736859478670419,46606,13982,3019,57,4,CI Name (aff),assignment group
BPIC14,itsm,handover,1.0,full,1.0,B0_half,nb_0.375,0.9121298812759262,0.9177227864397082,0.005592905163781969,46606,13982,3019,57,4,CI Name (aff),assignment group
BPIC14,itsm,handover,1.0,full,1.0,B0_half,nb_0.400,0.9084775663948887,0.9147952128927669,0.006317646497878138,46606,13982,3019,57,4,CI Name (aff),assignment group
BPIC14,itsm,handover,1.0,full,1.0,B0_half,nb_0.425,0.9045076589155001,0.9121852319441767,0.007677573028676554,46606,13982,3019,57,4,CI Name (aff),assignment group
BPIC14,itsm,handover,1.0,full,1.0,B0_half,nb_0.450,0.900176850756167,0.9092339501436911,0.009057099387524081,46606,13982,3019,57,4,CI Name (aff),assignment group
BPIC14,itsm,handover,1.0,full,1.0,B0_half,nb_0.475,0.8954335846768976,0.9062536185980614,0.010820033921163819,46606,13982,3019,57,4,CI Name (aff),assignment group
BPIC14,itsm,handover,1.0,full,1.0,B0_half,nb_0.500,0.890215991989701,0.902732084108139,0.01251609211843796,46606,13982,3019,57,4,CI Name (aff),assignment group
BPIC14,itsm,handover,1.0,full,1.0,B0_half,nb_0.525,0.8844491790196418,0.8987909266801677,0.014341747660525872,46606,13982,3019,57,4,CI Name (aff),assignment group
BPIC14,itsm,handover,1.0,full,1.0,B0_half,nb_0.550,0.8781449164799187,0.8937920183092548,0.015647101829336152,46606,13982,3019,57,4,CI Name (aff),assignment group
BPIC14,itsm,handover,1.0,full,1.0,B0_half,nb_0.575,0.8710022129292283,0.8884784639073766,0.01747625097814831,46606,13982,3019,57,4,CI Name (aff),assignment group
BPIC14,itsm,handover,1.0,full,1.0,B0_half,nb_0.600,0.8629666714347017,0.8646831640680875,0.0017164926333858022,46606,13982,3019,57,4,CI Name (aff),assignment group
BPIC14,itsm,handover,1.0,full,1.0,B0_half,nb_0.625,0.8538597244075716,0.8591045630095837,0.005244838602012081,46606,13982,3019,57,4,CI Name (aff),assignment group
BPIC14,itsm,handover,1.0,full,1.0,B0_half,nb_0.650,0.8434517849479943,0.8472015039744978,0.003749719026503451,46606,13982,3019,57,4,CI Name (aff),assignment group
BPIC14,itsm,handover,1.0,full,1.0,B0_half,nb_0.675,0.8346665492996489,0.8454001298372633,0.010733580537614418,46606,13982,3019,57,4,CI Name (aff),assignment group
BPIC14,itsm,handover,1.0,full,1.0,B0_half,nb_0.700,0.8190530682305822,0.8392695370237925,0.020216468793210263,46606,13982,3019,57,4,CI Name (aff),assignment group
BPIC14,itsm,handover,1.0,full,1.0,B0_half,nb_0.725,0.8039687390281012,0.8317837219281934,0.02781498290009221,46606,13982,3019,57,4,CI Name (aff),assignment group
BPIC14,itsm,handover,1.0,full,1.0,B0_half,nb_0.750,0.7858675439851237,0.8234158203404377,0.03754827635531399,46606,13982,3019,57,4,CI Name (aff),assignment group
BPIC14,itsm,handover,1.0,full,1.0,B0_half,nb_0.775,0.7637438611548181,0.8117818147141562,0.048037953559338153,46606,13982,3019,57,4,CI Name (aff),assignment group
BPIC14,itsm,handover,1.0,full,1.0,B0_half,nb_0.800,0.7360892576169361,0.7998855671577743,0.06379630954083815,46606,13982,3019,57,4,CI Name (aff),assignment group
BPIC14,itsm,handover,1.0,full,1.0,B0,auc,0.641127051868453,0.8983072579166639,0.2571802060482109,46606,13982,3019,57,4,CI Name (aff),assignment group
BPIC14,itsm,handover,1.0,full,1.0,B0,ap,0.9619036277076416,0.9921092920749628,0.030205664367321194,46606,13982,3019,57,4,CI Name (aff),assignment group
BPIC14,itsm,handover,1.0,full,1.0,B0,brier_skill,0.015421468344613998,0.284232990555189,0.268811522210575,46606,13982,3019,57,4,CI Name (aff),assignment group
BPIC14,itsm,handover,1.0,full,1.0,B0,nagelkerke,0.05080610154344653,0.41282821454016927,0.3620221129967227,46606,13982,3019,57,4,CI Name (aff),assignment group
BPIC14,itsm,handover,1.0,full,1.0,B0,nb_0.050,0.9423318702994075,0.9423318702994075,0.0,46606,13982,3019,57,4,CI Name (aff),assignment group
BPIC14,itsm,handover,1.0,full,1.0,B0,nb_0.075,0.9407732721993914,0.9407732721993914,0.0,46606,13982,3019,57,4,CI Name (aff),assignment group
BPIC14,itsm,handover,1.0,full,1.0,B0,nb_0.100,0.9391280853160412,0.9391280853160412,0.0,46606,13982,3019,57,4,CI Name (aff),assignment group
BPIC14,itsm,handover,1.0,full,1.0,B0,nb_0.125,0.9373888877536425,0.9372662811369721,-0.0001226066166704065,46606,13982,3019,57,4,CI Name (aff),assignment group
BPIC14,itsm,handover,1.0,full,1.0,B0,nb_0.150,0.9355473844522789,0.9354295859382231,-0.00011779851405580022,46606,13982,3019,57,4,CI Name (aff),assignment group
BPIC14,itsm,handover,1.0,full,1.0,B0,nb_0.175,0.9335942748902268,0.9334252263733025,-0.00016904851692434164,46606,13982,3019,57,4,CI Name (aff),assignment group
BPIC14,itsm,handover,1.0,full,1.0,B0,nb_0.200,0.9315190959805464,0.9331283078243456,0.001609211843799252,46606,13982,3019,57,4,CI Name (aff),assignment group
BPIC14,itsm,handover,1.0,full,1.0,B0,nb_0.225,0.929310034560564,0.9312110962943139,0.0019010617337498203,46606,13982,3019,57,4,CI Name (aff),assignment group
BPIC14,itsm,handover,1.0,full,1.0,B0,nb_0.250,0.9269537023792495,0.929385400276546,0.002431697897296581,46606,13982,3019,57,4,CI Name (aff),assignment group
BPIC14,itsm,handover,1.0,full,1.0,B0,nb_0.275,0.9244348645302581,0.9270416644059604,0.002606799875702226,46606,13982,3019,57,4,CI Name (aff),assignment group
BPIC14,itsm,handover,1.0,full,1.0,B0,nb_0.300,0.9217361096920531,0.9248114923268693,0.003075382634816215,46606,13982,3019,57,4,CI Name (aff),assignment group
BPIC14,itsm,handover,1.0,full,1.0,B0,nb_0.325,0.9186228855088818,0.9220850087678868,0.0034621232590049678,46606,13982,3019,57,4,CI Name (aff),assignment group
BPIC14,itsm,handover,1.0,full,1.0,B0,nb_0.350,0.9155012488584223,0.9202381083370927,0.004736859478670419,46606,13982,3019,57,4,CI Name (aff),assignment group
BPIC14,itsm,handover,1.0,full,1.0,B0,nb_0.375,0.9121298812759262,0.9178658274924903,0.005735946216564147,46606,13982,3019,57,4,CI Name (aff),assignment group
BPIC14,itsm,handover,1.0,full,1.0,B0,nb_0.400,0.9084775663948887,0.9149144137700854,0.006436847375196675,46606,13982,3019,57,4,CI Name (aff),assignment group
BPIC14,itsm,handover,1.0,full,1.0,B0,nb_0.425,0.9045076589155001,0.9121852319441767,0.007677573028676554,46606,13982,3019,57,4,CI Name (aff),assignment group
BPIC14,itsm,handover,1.0,full,1.0,B0,nb_0.450,0.900176850756167,0.9092339501436911,0.009057099387524081,46606,13982,3019,57,4,CI Name (aff),assignment group
BPIC14,itsm,handover,1.0,full,1.0,B0,nb_0.475,0.8954335846768976,0.9062536185980614,0.010820033921163819,46606,13982,3019,57,4,CI Name (aff),assignment group
BPIC14,itsm,handover,1.0,full,1.0,B0,nb_0.500,0.890215991989701,0.902732084108139,0.01251609211843796,46606,13982,3019,57,4,CI Name (aff),assignment group
BPIC14,itsm,handover,1.0,full,1.0,B0,nb_0.525,0.8844491790196418,0.8989414962094121,0.014492317189770287,46606,13982,3019,57,4,CI Name (aff),assignment group
BPIC14,itsm,handover,1.0,full,1.0,B0,nb_0.550,0.8780416090529093,0.8932913746245172,0.015249765571607954,46606,13982,3019,57,4,CI Name (aff),assignment group
BPIC14,itsm,handover,1.0,full,1.0,B0,nb_0.575,0.8708802073253847,0.8880872045571196,0.01720699723173491,46606,13982,3019,57,4,CI Name (aff),assignment group
BPIC14,itsm,handover,1.0,full,1.0,B0,nb_0.600,0.8628236303819196,0.8648977256472608,0.0020740952653411915,46606,13982,3019,57,4,CI Name (aff),assignment group
BPIC14,itsm,handover,1.0,full,1.0,B0,nb_0.625,0.8536928431793258,0.8592952844132933,0.00560244123396747,46606,13982,3019,57,4,CI Name (aff),assignment group
BPIC14,itsm,handover,1.0,full,1.0,B0,nb_0.650,0.8434517849479943,0.847416065553671,0.003964280605676662,46606,13982,3019,57,4,CI Name (aff),assignment group
BPIC14,itsm,handover,1.0,full,1.0,B0,nb_0.675,0.8346665492996489,0.8456917135217807,0.011025164222131845,46606,13982,3019,57,4,CI Name (aff),assignment group
BPIC14,itsm,handover,1.0,full,1.0,B0,nb_0.700,0.8190530682305822,0.8382444094788538,0.0191913412482716,46606,13982,3019,57,4,CI Name (aff),assignment group
BPIC14,itsm,handover,1.0,full,1.0,B0,nb_0.725,0.804157293143132,0.8319722760432244,0.027814982900092433,46606,13982,3019,57,4,CI Name (aff),assignment group
BPIC14,itsm,handover,1.0,full,1.0,B0,nb_0.750,0.7860821055642969,0.8234158203404377,0.03733371477614078,46606,13982,3019,57,4,CI Name (aff),assignment group
BPIC14,itsm,handover,1.0,full,1.0,B0,nb_0.775,0.7639902096346096,0.8120281631939478,0.048037953559338153,46606,13982,3019,57,4,CI Name (aff),assignment group
BPIC14,itsm,handover,1.0,full,1.0,B0,nb_0.800,0.7363753397225004,0.7999570876841654,0.06358174796166505,46606,13982,3019,57,4,CI Name (aff),assignment group
BPIC14,itsm,handover,1.0,full,1.0,B0+g,auc,0.732497973024232,0.8997695055917664,0.16727153256753435,46606,13982,3019,57,4,CI Name (aff),assignment group
BPIC14,itsm,handover,1.0,full,1.0,B0+g,ap,0.973294516368866,0.9919963379852348,0.018701821616368797,46606,13982,3019,57,4,CI Name (aff),assignment group
BPIC14,itsm,handover,1.0,full,1.0,B0+g,brier_skill,0.04975913228633977,0.29715430682038924,0.24739517453404947,46606,13982,3019,57,4,CI Name (aff),assignment group
BPIC14,itsm,handover,1.0,full,1.0,B0+g,nagelkerke,0.15750539683939907,0.4239992693942419,0.2664938725548428,46606,13982,3019,57,4,CI Name (aff),assignment group
BPIC14,itsm,handover,1.0,full,1.0,B0+g,nb_0.050,0.9423318702994075,0.9423318702994075,0.0,46606,13982,3019,57,4,CI Name (aff),assignment group
BPIC14,itsm,handover,1.0,full,1.0,B0+g,nb_0.075,0.9407732721993914,0.9407732721993914,0.0,46606,13982,3019,57,4,CI Name (aff),assignment group
BPIC14,itsm,handover,1.0,full,1.0,B0+g,nb_0.100,0.9391280853160412,0.9391439787663504,1.589345030916789e-05,46606,13982,3019,57,4,CI Name (aff),assignment group
BPIC14,itsm,handover,1.0,full,1.0,B0+g,nb_0.125,0.9373888877536425,0.9374093221897541,2.0434436111660403e-05,46606,13982,3019,57,4,CI Name (aff),assignment group
BPIC14,itsm,handover,1.0,full,1.0,B0+g,nb_0.150,0.9355473844522789,0.9365066009238769,0.0009592164715980234,46606,13982,3019,57,4,CI Name (aff),assignment group
BPIC14,itsm,handover,1.0,full,1.0,B0+g,nb_0.175,0.93180626173045,0.9348534696124454,0.0030472078819954174,46606,13982,3019,57,4,CI Name (aff),assignment group
BPIC14,itsm,handover,1.0,full,1.0,B0+g,nb_0.200,0.9297310828207695,0.933021027034759,0.0032899442139894264,46606,13982,3019,57,4,CI Name (aff),assignment group
BPIC14,itsm,handover,1.0,full,1.0,B0+g,nb_0.225,0.9275220214007872,0.9312087891805594,0.003686767779772171,46606,13982,3019,57,4,CI Name (aff),assignment group
BPIC14,itsm,handover,1.0,full,1.0,B0+g,nb_0.250,0.9251656892194726,0.9292423592237639,0.0040766700042912385,46606,13982,3019,57,4,CI Name (aff),assignment group
BPIC14,itsm,handover,1.0,full,1.0,B0+g,nb_0.275,0.9226468513704813,0.9271896379088385,0.0045427865383571575,46606,13982,3019,57,4,CI Name (aff),assignment group
BPIC14,itsm,handover,1.0,full,1.0,B0+g,nb_0.300,0.9199480965322763,0.9250873572143777,0.005139260682101465,46606,13982,3019,57,4,CI Name (aff),assignment group
BPIC14,itsm,handover,1.0,full,1.0,B0+g,nb_0.325,0.9170494339282782,0.9230862961373618,0.0060368622090836155,46606,13982,3019,57,4,CI Name (aff),assignment group
BPIC14,itsm,handover,1.0,full,1.0,B0+g,nb_0.350,0.9138562767514277,0.9207937678113618,0.006937491059934131,46606,13982,3019,57,4,CI Name (aff),assignment group
BPIC14,itsm,handover,1.0,full,1.0,B0+g,nb_0.375,0.9105707338006008,0.9183950793877843,0.007824345587183479,46606,13982,3019,57,4,CI Name (aff),assignment group
BPIC14,itsm,handover,1.0,full,1.0,B0+g,nb_0.400,0.9069279549897487,0.9164640251752253,0.009536070185476642,46606,13982,3019,57,4,CI Name (aff),assignment group
BPIC14,itsm,handover,1.0,full,1.0,B0+g,nb_0.425,0.9028968922776488,0.9142375600927901,0.011340667815141314,46606,13982,3019,57,4,CI Name (aff),assignment group
BPIC14,itsm,handover,1.0,full,1.0,B0+g,nb_0.450,0.89856438797935,0.9108724203846504,0.012308032405300429,46606,13982,3019,57,4,CI Name (aff),assignment group
BPIC14,itsm,handover,1.0,full,1.0,B0+g,nb_0.475,0.8918950214902154,0.9062774587735252,0.01438243728330979,46606,13982,3019,57,4,CI Name (aff),assignment group
BPIC14,itsm,handover,1.0,full,1.0,B0+g,nb_0.500,0.8867114861965384,0.9031612072664855,0.016449721069947132,46606,13982,3019,57,4,CI Name (aff),assignment group
BPIC14,itsm,handover,1.0,full,1.0,B0+g,nb_0.525,0.8809823156087903,0.8854241167214991,0.004441801112708865,46606,13982,3019,57,4,CI Name (aff),assignment group
BPIC14,itsm,handover,1.0,full,1.0,B0+g,nb_0.550,0.8746165705112923,0.8816971026240086,0.007080532112716309,46606,13982,3019,57,4,CI Name (aff),assignment group
BPIC14,itsm,handover,1.0,full,1.0,B0+g,nb_0.575,0.867001270541116,0.877468509932939,0.010467239391823036,46606,13982,3019,57,4,CI Name (aff),assignment group
BPIC14,itsm,handover,1.0,full,1.0,B0+g,nb_0.600,0.8382205693033901,0.8748033185524245,0.036582749249034485,46606,13982,3019,57,4,CI Name (aff),assignment group
BPIC14,itsm,handover,1.0,full,1.0,B0+g,nb_0.625,0.8308777952605731,0.8637295570495398,0.03285176178896665,46606,13982,3019,57,4,CI Name (aff),assignment group
BPIC14,itsm,handover,1.0,full,1.0,B0+g,nb_0.650,0.8224451846251302,0.8587776120317959,0.03633242740666576,46606,13982,3019,57,4,CI Name (aff),assignment group
BPIC14,itsm,handover,1.0,full,1.0,B0+g,nb_0.675,0.8238999592883157,0.8539715898462859,0.03007163055797013,46606,13982,3019,57,4,CI Name (aff),assignment group
BPIC14,itsm,handover,1.0,full,1.0,B0+g,nb_0.700,0.8145472750679446,0.8481142421208221,0.03356696705287754,46606,13982,3019,57,4,CI Name (aff),assignment group
BPIC14,itsm,handover,1.0,full,1.0,B0+g,nb_0.725,0.8034941028075058,0.840385690693229,0.03689158788572322,46606,13982,3019,57,4,CI Name (aff),assignment group
BPIC14,itsm,handover,1.0,full,1.0,B0+g,nb_0.750,0.7923043913603204,0.8293520240308969,0.037047632670576536,46606,13982,3019,57,4,CI Name (aff),assignment group
BPIC14,itsm,handover,1.0,full,1.0,B0+g,nb_0.775,0.7764347812266565,0.8192596830846008,0.0428249018579443,46606,13982,3019,57,4,CI Name (aff),assignment group
BPIC14,itsm,handover,1.0,full,1.0,B0+g,nb_0.800,0.7559004434272636,0.8059648119010155,0.05006436847375195,46606,13982,3019,57,4,CI Name (aff),assignment group
BPIC14,itsm,handover,0.75,rare-first,0.7515126807707162,empty,auc,0.5,0.865811487697482,0.36581148769748195,46606,13982,3019,57,4,CI Name (aff),assignment group
BPIC14,itsm,handover,0.75,rare-first,0.7515126807707162,empty,ap,0.9452152767844372,0.9880007747450636,0.04278549796062647,46606,13982,3019,57,4,CI Name (aff),assignment group
BPIC14,itsm,handover,0.75,rare-first,0.7515126807707162,empty,brier_skill,-1.9904186030261783e-05,0.2261301032469616,0.22615000743299185,46606,13982,3019,57,4,CI Name (aff),assignment group
BPIC14,itsm,handover,0.75,rare-first,0.7515126807707162,empty,nagelkerke,-3.9619626170500563e-05,0.34977991873619513,0.3498195383623656,46606,13982,3019,57,4,CI Name (aff),assignment group
BPIC14,itsm,handover,0.75,rare-first,0.7515126807707162,empty,nb_0.050,0.9423318702994075,0.9423318702994075,0.0,46606,13982,3019,57,4,CI Name (aff),assignment group
BPIC14,itsm,handover,0.75,rare-first,0.7515126807707162,empty,nb_0.075,0.9407732721993914,0.9407732721993914,0.0,46606,13982,3019,57,4,CI Name (aff),assignment group
BPIC14,itsm,handover,0.75,rare-first,0.7515126807707162,empty,nb_0.100,0.9391280853160412,0.9391280853160412,0.0,46606,13982,3019,57,4,CI Name (aff),assignment group
BPIC14,itsm,handover,0.75,rare-first,0.7515126807707162,empty,nb_0.125,0.9373888877536425,0.9373888877536425,0.0,46606,13982,3019,57,4,CI Name (aff),assignment group
BPIC14,itsm,handover,0.75,rare-first,0.7515126807707162,empty,nb_0.150,0.9355473844522789,0.9355473844522789,0.0,46606,13982,3019,57,4,CI Name (aff),assignment group
BPIC14,itsm,handover,0.75,rare-first,0.7515126807707162,empty,nb_0.175,0.9335942748902268,0.9348881462313017,0.001293871341074837,46606,13982,3019,57,4,CI Name (aff),assignment group
BPIC14,itsm,handover,0.75,rare-first,0.7515126807707162,empty,nb_0.200,0.9315190959805464,0.9331461879559434,0.0016270919753970103,46606,13982,3019,57,4,CI Name (aff),assignment group
BPIC14,itsm,handover,0.75,rare-first,0.7515126807707162,empty,nb_0.225,0.929310034560564,0.9312918452757232,0.001981810715159127,46606,13982,3019,57,4,CI Name (aff),assignment group
BPIC14,itsm,handover,0.75,rare-first,0.7515126807707162,empty,nb_0.250,0.9269537023792495,0.9293138797501549,0.0023601773709054363,46606,13982,3019,57,4,CI Name (aff),assignment group
BPIC14,itsm,handover,0.75,rare-first,0.7515126807707162,empty,nb_0.275,0.9244348645302581,0.9271995028090303,0.002764638278772158,46606,13982,3019,57,4,CI Name (aff),assignment group
BPIC14,itsm,handover,0.75,rare-first,0.7515126807707162,empty,nb_0.300,0.9217361096920531,0.9249340989435396,0.0031979892514865105,46606,13982,3019,57,4,CI Name (aff),assignment group
BPIC14,itsm,handover,0.75,rare-first,0.7515126807707162,empty,nb_0.325,0.918837447088055,0.9225008873843089,0.0036634402962538726,46606,13982,3019,57,4,CI Name (aff),assignment group
BPIC14,itsm,handover,0.75,rare-first,0.7515126807707162,empty,nb_0.350,0.9157158104375955,0.9198364930735121,0.004120682635916584,46606,13982,3019,57,4,CI Name (aff),assignment group
BPIC14,itsm,handover,0.75,rare-first,0.7515126807707162,empty,nb_0.375,0.9123444428550994,0.9174510084394221,0.005106565584322653,46606,13982,3019,57,4,CI Name (aff),assignment group
BPIC14,itsm,handover,0.75,rare-first,0.7515126807707162,empty,nb_0.400,0.908692127974062,0.9148667334191579,0.00617460544509596,46606,13982,3019,57,4,CI Name (aff),assignment group
BPIC14,itsm,handover,0.75,rare-first,0.7515126807707162,empty,nb_0.425,0.9047222204946733,0.9120577388319143,0.007335518337240998,46606,13982,3019,57,4,CI Name (aff),assignment group
BPIC14,itsm,handover,0.75,rare-first,0.7515126807707162,empty,nb_0.450,0.9003914123353403,0.9089933811003758,0.008601968765035495,46606,13982,3019,57,4,CI Name (aff),assignment group
BPIC14,itsm,handover,0.75,rare-first,0.7515126807707162,empty,nb_0.475,0.8956481462560708,0.9056371797753574,0.009989033519286594,46606,13982,3019,57,4,CI Name (aff),assignment group
BPIC14,itsm,handover,0.75,rare-first,0.7515126807707162,empty,nb_0.500,0.8904305535688742,0.9019453583178372,0.011514804748962937,46606,13982,3019,57,4,CI Name (aff),assignment group
BPIC14,itsm,handover,0.75,rare-first,0.7515126807707162,empty,nb_0.525,0.884663740598815,0.8978649240753149,0.0132011834764999,46606,13982,3019,57,4,CI Name (aff),assignment group
BPIC14,itsm,handover,0.75,rare-first,0.7515126807707162,empty,nb_0.550,0.8782561706320825,0.89333110825029,0.015074937618207551,46606,13982,3019,57,4,CI Name (aff),assignment group
BPIC14,itsm,handover,0.75,rare-first,0.7515126807707162,empty,nb_0.575,0.871094768904558,0.8876749097579241,0.01658014085336612,46606,13982,3019,57,4,CI Name (aff),assignment group
BPIC14,itsm,handover,0.75,rare-first,0.7515126807707162,empty,nb_0.600,0.8630381919610929,0.8620011443284222,-0.0010370476326706513,46606,13982,3019,57,4,CI Name (aff),assignment group
BPIC14,itsm,handover,0.75,rare-first,0.7515126807707162,empty,nb_0.625,0.853907404758499,0.8563867830067229,0.0024793782482238624,46606,13982,3019,57,4,CI Name (aff),assignment group
BPIC14,itsm,handover,0.75,rare-first,0.7515126807707162,empty,nb_0.650,0.843472219384106,0.8438298220160614,0.00035760263195538933,46606,13982,3019,57,4,CI Name (aff),assignment group
BPIC14,itsm,handover,0.75,rare-first,0.7515126807707162,empty,nb_0.675,0.8314316208751911,0.8369607077231165,0.005529086847925413,46606,13982,3019,57,4,CI Name (aff),assignment group
BPIC14,itsm,handover,0.75,rare-first,0.7515126807707162,empty,nb_0.700,0.8173842559481239,0.8289467410480141,0.011562485099890218,46606,13982,3019,57,4,CI Name (aff),assignment group
BPIC14,itsm,handover,0.75,rare-first,0.7515126807707162,empty,nb_0.725,0.8007828246706804,0.8194756895228932,0.018692864852212776,46606,13982,3019,57,4,CI Name (aff),assignment group
BPIC14,itsm,handover,0.75,rare-first,0.7515126807707162,empty,nb_0.750,0.7808611071377486,0.8081104276927478,0.02724932055499918,46606,13982,3019,57,4,CI Name (aff),assignment group
BPIC14,itsm,handover,0.75,rare-first,0.7515126807707162,empty,nb_0.775,0.756512341264165,0.7942195521225702,0.03770721085840523,46606,13982,3019,57,4,CI Name (aff),assignment group
BPIC14,itsm,handover,0.75,rare-first,0.7515126807707162,empty,nb_0.800,0.7260763839221857,0.7750679445000715,0.048991560577885895,46606,13982,3019,57,4,CI Name (aff),assignment group
BPIC14,itsm,handover,0.75,rare-first,0.7515126807707162,B0_half,auc,0.638968549870716,0.8799803150228539,0.24101176515213785,46606,13982,3019,57,4,CI Name (aff),assignment group
BPIC14,itsm,handover,0.75,rare-first,0.7515126807707162,B0_half,ap,0.9615253183629267,0.9905539917561605,0.029028673393233895,46606,13982,3019,57,4,CI Name (aff),assignment group
BPIC14,itsm,handover,0.75,rare-first,0.7515126807707162,B0_half,brier_skill,0.015791414393415915,0.2539715875852614,0.23818017319184548,46606,13982,3019,57,4,CI Name (aff),assignment group
BPIC14,itsm,handover,0.75,rare-first,0.7515126807707162,B0_half,nagelkerke,0.050661059438307274,0.37726361113411166,0.3266025516958044,46606,13982,3019,57,4,CI Name (aff),assignment group
BPIC14,itsm,handover,0.75,rare-first,0.7515126807707162,B0_half,nb_0.050,0.9423318702994075,0.9423318702994075,0.0,46606,13982,3019,57,4,CI Name (aff),assignment group
BPIC14,itsm,handover,0.75,rare-first,0.7515126807707162,B0_half,nb_0.075,0.9407732721993914,0.9407133495961989,-5.99226031925415e-05,46606,13982,3019,57,4,CI Name (aff),assignment group
BPIC14,itsm,handover,0.75,rare-first,0.7515126807707162,B0_half,nb_0.100,0.9391280853160412,0.9390724582399593,-5.562707608186557e-05,46606,13982,3019,57,4,CI Name (aff),assignment group
BPIC14,itsm,handover,0.75,rare-first,0.7515126807707162,B0_half,nb_0.125,0.9373888877536425,0.9372662811369721,-0.0001226066166704065,46606,13982,3019,57,4,CI Name (aff),assignment group
BPIC14,itsm,handover,0.75,rare-first,0.7515126807707162,B0_half,nb_0.150,0.9355473844522789,0.9354295859382231,-0.00011779851405580022,46606,13982,3019,57,4,CI Name (aff),assignment group
BPIC14,itsm,handover,0.75,rare-first,0.7515126807707162,B0_half,nb_0.175,0.9335942748902268,0.93484696774641,0.001252692856183124,46606,13982,3019,57,4,CI Name (aff),assignment group
BPIC14,itsm,handover,0.75,rare-first,0.7515126807707162,B0_half,nb_0.200,0.9315190959805464,0.9331104276927478,0.0015913317122013826,46606,13982,3019,57,4,CI Name (aff),assignment group
BPIC14,itsm,handover,0.75,rare-first,0.7515126807707162,B0_half,nb_0.225,0.929310034560564,0.9312110962943139,0.0019010617337498203,46606,13982,3019,57,4,CI Name (aff),assignment group
BPIC14,itsm,handover,0.75,rare-first,0.7515126807707162,B0_half,nb_0.250,0.9269537023792495,0.9288847565918085,0.0019310542125590135,46606,13982,3019,57,4,CI Name (aff),assignment group
BPIC14,itsm,handover,0.75,rare-first,0.7515126807707162,B0_half,nb_0.275,0.9244348645302581,0.9267999743512595,0.0023651098210013544,46606,13982,3019,57,4,CI Name (aff),assignment group
BPIC14,itsm,handover,0.75,rare-first,0.7515126807707162,B0_half,nb_0.300,0.9217361096920531,0.9245662790935284,0.002830169401475291,46606,13982,3019,57,4,CI Name (aff),assignment group
BPIC14,itsm,handover,0.75,rare-first,0.7515126807707162,B0_half,nb_0.325,0.9186228855088818,0.9221671249278173,0.0035442394189354465,46606,13982,3019,57,4,CI Name (aff),assignment group
BPIC14,itsm,handover,0.75,rare-first,0.7515126807707162,B0_half,nb_0.350,0.9155012488584223,0.9202161020212801,0.004714853162857802,46606,13982,3019,57,4,CI Name (aff),assignment group
BPIC14,itsm,handover,0.75,rare-first,0.7515126807707162,B0_half,nb_0.375,0.9121298812759262,0.9178086110713775,0.005678729795451254,46606,13982,3019,57,4,CI Name (aff),assignment group
BPIC14,itsm,handover,0.75,rare-first,0.7515126807707162,B0_half,nb_0.400,0.9084775663948887,0.9151289753492586,0.006651408954369886,46606,13982,3019,57,4,CI Name (aff),assignment group
BPIC14,itsm,handover,0.75,rare-first,0.7515126807707162,B0_half,nb_0.425,0.9045076589155001,0.9121510264750331,0.0076433675595329875,46606,13982,3019,57,4,CI Name (aff),assignment group
BPIC14,itsm,handover,0.75,rare-first,0.7515126807707162,B0_half,nb_0.450,0.900176850756167,0.9086942952627404,0.008517444506573324,46606,13982,3019,57,4,CI Name (aff),assignment group
BPIC14,itsm,handover,0.75,rare-first,0.7515126807707162,B0_half,nb_0.475,0.8954335846768976,0.9053442861910892,0.0099107015141916,46606,13982,3019,57,4,CI Name (aff),assignment group
BPIC14,itsm,handover,0.75,rare-first,0.7515126807707162,B0_half,nb_0.500,0.890215991989701,0.9016592762122729,0.011443284222571903,46606,13982,3019,57,4,CI Name (aff),assignment group
BPIC14,itsm,handover,0.75,rare-first,0.7515126807707162,B0_half,nb_0.525,0.8844491790196418,0.8974433293934306,0.012994150373788815,46606,13982,3019,57,4,CI Name (aff),assignment group
BPIC14,itsm,handover,0.75,rare-first,0.7515126807707162,B0_half,nb_0.550,0.8781449164799187,0.8923457143311241,0.014200797851205427,46606,13982,3019,57,4,CI Name (aff),assignment group
BPIC14,itsm,handover,0.75,rare-first,0.7515126807707162,B0_half,nb_0.575,0.8710022129292283,0.8868376988901697,0.01583548596094142,46606,13982,3019,57,4,CI Name (aff),assignment group
BPIC14,itsm,handover,0.75,rare-first,0.7515126807707162,B0_half,nb_0.600,0.8629666714347017,0.8623945072235731,-0.0005721642111286007,46606,13982,3019,57,4,CI Name (aff),assignment group
BPIC14,itsm,handover,0.75,rare-first,0.7515126807707162,B0_half,nb_0.625,0.8538597244075716,0.8604396128355504,0.006579888427978742,46606,13982,3019,57,4,CI Name (aff),assignment group
BPIC14,itsm,handover,0.75,rare-first,0.7515126807707162,B0_half,nb_0.650,0.8434517849479943,0.8487749555551014,0.005323170607107075,46606,13982,3019,57,4,CI Name (aff),assignment group
BPIC14,itsm,handover,0.75,rare-first,0.7515126807707162,B0_half,nb_0.675,0.8346665492996489,0.8428804066767162,0.008213857377067257,46606,13982,3019,57,4,CI Name (aff),assignment group
BPIC14,itsm,handover,0.75,rare-first,0.7515126807707162,B0_half,nb_0.700,0.8190530682305822,0.8355743098269204,0.016521241596338165,46606,13982,3019,57,4,CI Name (aff),assignment group
BPIC14,itsm,handover,0.75,rare-first,0.7515126807707162,B0_half,nb_0.725,0.8039687390281012,0.8272064082391647,0.023237669211063516,46606,13982,3019,57,4,CI Name (aff),assignment group
BPIC14,itsm,handover,0.75,rare-first,0.7515126807707162,B0_half,nb_0.750,0.7858675439851237,0.8175511371763696,0.03168359319124592,46606,13982,3019,57,4,CI Name (aff),assignment group
BPIC14,itsm,handover,0.75,rare-first,0.7515126807707162,B0_half,nb_0.775,0.7637438611548181,0.8038112493841287,0.04006738822931066,46606,13982,3019,57,4,CI Name (aff),assignment group
BPIC14,itsm,handover,0.75,rare-first,0.7515126807707162,B0_half,nb_0.800,0.7360892576169361,0.7893005292518953,0.0532112716349592,46606,13982,3019,57,4,CI Name (aff),assignment group
BPIC14,itsm,handover,0.75,rare-first,0.7515126807707162,B0,auc,0.641127051868453,0.8798698290386208,0.23874277717016779,46606,13982,3019,57,4,CI Name (aff),assignment group
BPIC14,itsm,handover,0.75,rare-first,0.7515126807707162,B0,ap,0.9619036277076416,0.9905708298332221,0.028667202125580493,46606,13982,3019,57,4,CI Name (aff),assignment group
BPIC14,itsm,handover,0.75,rare-first,0.7515126807707162,B0,brier_skill,0.015421468344613998,0.253778178558109,0.23835671021349503,46606,13982,3019,57,4,CI Name (aff),assignment group
BPIC14,itsm,handover,0.75,rare-first,0.7515126807707162,B0,nagelkerke,0.05080610154344653,0.3780184700802019,0.3272123685367554,46606,13982,3019,57,4,CI Name (aff),assignment group
BPIC14,itsm,handover,0.75,rare-first,0.7515126807707162,B0,nb_0.050,0.9423318702994075,0.9423318702994075,0.0,46606,13982,3019,57,4,CI Name (aff),assignment group
BPIC14,itsm,handover,0.75,rare-first,0.7515126807707162,B0,nb_0.075,0.9407732721993914,0.9407732721993914,0.0,46606,13982,3019,57,4,CI Name (aff),assignment group
BPIC14,itsm,handover,0.75,rare-first,0.7515126807707162,B0,nb_0.100,0.9391280853160412,0.9390724582399593,-5.562707608186557e-05,46606,13982,3019,57,4,CI Name (aff),assignment group
BPIC14,itsm,handover,0.75,rare-first,0.7515126807707162,B0,nb_0.125,0.9373888877536425,0.9372662811369721,-0.0001226066166704065,46606,13982,3019,57,4,CI Name (aff),assignment group
BPIC14,itsm,handover,0.75,rare-first,0.7515126807707162,B0,nb_0.150,0.9355473844522789,0.9354295859382231,-0.00011779851405580022,46606,13982,3019,57,4,CI Name (aff),assignment group
BPIC14,itsm,handover,0.75,rare-first,0.7515126807707162,B0,nb_0.175,0.9335942748902268,0.93484696774641,0.001252692856183124,46606,13982,3019,57,4,CI Name (aff),assignment group
BPIC14,itsm,handover,0.75,rare-first,0.7515126807707162,B0,nb_0.200,0.9315190959805464,0.9331104276927478,0.0015913317122013826,46606,13982,3019,57,4,CI Name (aff),assignment group
BPIC14,itsm,handover,0.75,rare-first,0.7515126807707162,B0,nb_0.225,0.929310034560564,0.9312110962943139,0.0019010617337498203,46606,13982,3019,57,4,CI Name (aff),assignment group
BPIC14,itsm,handover,0.75,rare-first,0.7515126807707162,B0,nb_0.250,0.9269537023792495,0.9288847565918085,0.0019310542125590135,46606,13982,3019,57,4,CI Name (aff),assignment group
BPIC14,itsm,handover,0.75,rare-first,0.7515126807707162,B0,nb_0.275,0.9244348645302581,0.9267999743512595,0.0023651098210013544,46606,13982,3019,57,4,CI Name (aff),assignment group
BPIC14,itsm,handover,0.75,rare-first,0.7515126807707162,B0,nb_0.300,0.9217361096920531,0.9245662790935284,0.002830169401475291,46606,13982,3019,57,4,CI Name (aff),assignment group
BPIC14,itsm,handover,0.75,rare-first,0.7515126807707162,B0,nb_0.325,0.9186228855088818,0.9220956044014261,0.003472718892544302,46606,13982,3019,57,4,CI Name (aff),assignment group
BPIC14,itsm,handover,0.75,rare-first,0.7515126807707162,B0,nb_0.350,0.9155012488584223,0.9202161020212801,0.004714853162857802,46606,13982,3019,57,4,CI Name (aff),assignment group
BPIC14,itsm,handover,0.75,rare-first,0.7515126807707162,B0,nb_0.375,0.9121298812759262,0.9178086110713775,0.005678729795451254,46606,13982,3019,57,4,CI Name (aff),assignment group
BPIC14,itsm,handover,0.75,rare-first,0.7515126807707162,B0,nb_0.400,0.9084775663948887,0.9151289753492586,0.006651408954369886,46606,13982,3019,57,4,CI Name (aff),assignment group
BPIC14,itsm,handover,0.75,rare-first,0.7515126807707162,B0,nb_0.425,0.9045076589155001,0.9117716567263501,0.007263997810849965,46606,13982,3019,57,4,CI Name (aff),assignment group
BPIC14,itsm,handover,0.75,rare-first,0.7515126807707162,B0,nb_0.450,0.900176850756167,0.9086942952627404,0.008517444506573324,46606,13982,3019,57,4,CI Name (aff),assignment group
BPIC14,itsm,handover,0.75,rare-first,0.7515126807707162,B0,nb_0.475,0.8954335846768976,0.9053442861910892,0.0099107015141916,46606,13982,3019,57,4,CI Name (aff),assignment group
BPIC14,itsm,handover,0.75,rare-first,0.7515126807707162,B0,nb_0.500,0.890215991989701,0.9016592762122729,0.011443284222571903,46606,13982,3019,57,4,CI Name (aff),assignment group
BPIC14,itsm,handover,0.75,rare-first,0.7515126807707162,B0,nb_0.525,0.8844491790196418,0.8974433293934306,0.012994150373788815,46606,13982,3019,57,4,CI Name (aff),assignment group
BPIC14,itsm,handover,0.75,rare-first,0.7515126807707162,B0,nb_0.550,0.8780416090529093,0.891948378073396,0.013906769020486709,46606,13982,3019,57,4,CI Name (aff),assignment group
BPIC14,itsm,handover,0.75,rare-first,0.7515126807707162,B0,nb_0.575,0.8708802073253847,0.8868376988901697,0.015957491564784987,46606,13982,3019,57,4,CI Name (aff),assignment group
BPIC14,itsm,handover,0.75,rare-first,0.7515126807707162,B0,nb_0.600,0.8628236303819196,0.8626090688027463,-0.0002145615791732114,46606,13982,3019,57,4,CI Name (aff),assignment group
BPIC14,itsm,handover,0.75,rare-first,0.7515126807707162,B0,nb_0.625,0.8536928431793258,0.86063033423926,0.006937491059934242,46606,13982,3019,57,4,CI Name (aff),assignment group
BPIC14,itsm,handover,0.75,rare-first,0.7515126807707162,B0,nb_0.650,0.8434517849479943,0.8489895171342746,0.005537732186280286,46606,13982,3019,57,4,CI Name (aff),assignment group
BPIC14,itsm,handover,0.75,rare-first,0.7515126807707162,B0,nb_0.675,0.8346665492996489,0.8430949682558894,0.008428418956240469,46606,13982,3019,57,4,CI Name (aff),assignment group
BPIC14,itsm,handover,0.75,rare-first,0.7515126807707162,B0,nb_0.700,0.8190530682305822,0.8359557526343394,0.016902684403757195,46606,13982,3019,57,4,CI Name (aff),assignment group
BPIC14,itsm,handover,0.75,rare-first,0.7515126807707162,B0,nb_0.725,0.804157293143132,0.8273234418278046,0.023166148684672594,46606,13982,3019,57,4,CI Name (aff),assignment group
BPIC14,itsm,handover,0.75,rare-first,0.7515126807707162,B0,nb_0.750,0.7860821055642969,0.8177656987555428,0.03168359319124592,46606,13982,3019,57,4,CI Name (aff),assignment group
BPIC14,itsm,handover,0.75,rare-first,0.7515126807707162,B0,nb_0.775,0.7639902096346096,0.8028814825410449,0.03889127290643524,46606,13982,3019,57,4,CI Name (aff),assignment group
BPIC14,itsm,handover,0.75,rare-first,0.7515126807707162,B0,nb_0.800,0.7363753397225004,0.7883707624088113,0.051995422686310966,46606,13982,3019,57,4,CI Name (aff),assignment group
BPIC14,itsm,handover,0.75,rare-first,0.7515126807707162,B0+g,auc,0.732497973024232,0.8870724582593137,0.15457448523508166,46606,13982,3019,57,4,CI Name (aff),assignment group
BPIC14,itsm,handover,0.75,rare-first,0.7515126807707162,B0+g,ap,0.973294516368866,0.9908864870310556,0.01759197066218965,46606,13982,3019,57,4,CI Name (aff),assignment group
BPIC14,itsm,handover,0.75,rare-first,0.7515126807707162,B0+g,brier_skill,0.04975913228633977,0.27451705987702013,0.22475792759068036,46606,13982,3019,57,4,CI Name (aff),assignment group
BPIC14,itsm,handover,0.75,rare-first,0.7515126807707162,B0+g,nagelkerke,0.15750539683939907,0.39740147718368984,0.23989608034429077,46606,13982,3019,57,4,CI Name (aff),assignment group
BPIC14,itsm,handover,0.75,rare-first,0.7515126807707162,B0+g,nb_0.050,0.9423318702994075,0.9423393987758697,7.528476462237421e-06,46606,13982,3019,57,4,CI Name (aff),assignment group
BPIC14,itsm,handover,0.75,rare-first,0.7515126807707162,B0+g,nb_0.075,0.9407732721993914,0.94078487012259,1.1597923198602977e-05,46606,13982,3019,57,4,CI Name (aff),assignment group
BPIC14,itsm,handover,0.75,rare-first,0.7515126807707162,B0+g,nb_0.100,0.9391280853160412,0.9391439787663504,1.589345030916789e-05,46606,13982,3019,57,4,CI Name (aff),assignment group
BPIC14,itsm,handover,0.75,rare-first,0.7515126807707162,B0+g,nb_0.125,0.9373888877536425,0.9374093221897541,2.0434436111660403e-05,46606,13982,3019,57,4,CI Name (aff),assignment group
BPIC14,itsm,handover,0.75,rare-first,0.7515126807707162,B0+g,nb_0.150,0.9355473844522789,0.9364224591281227,0.000875074675843801,46606,13982,3019,57,4,CI Name (aff),assignment group
BPIC14,itsm,handover,0.75,rare-first,0.7515126807707162,B0+g,nb_0.175,0.93180626173045,0.934675751940807,0.002869490210356984,46606,13982,3019,57,4,CI Name (aff),assignment group
BPIC14,itsm,handover,0.75,rare-first,0.7515126807707162,B0+g,nb_0.200,0.9297310828207695,0.9328958661135746,0.003164783292805007,46606,13982,3019,57,4,CI Name (aff),assignment group
BPIC14,itsm,handover,0.75,rare-first,0.7515126807707162,B0+g,nb_0.225,0.9275220214007872,0.9309919204876316,0.0034698990868443635,46606,13982,3019,57,4,CI Name (aff),assignment group
BPIC14,itsm,handover,0.75,rare-first,0.7515126807707162,B0+g,nb_0.250,0.9251656892194726,0.9289801172936633,0.0038144280741906345,46606,13982,3019,57,4,CI Name (aff),assignment group
BPIC14,itsm,handover,0.75,rare-first,0.7515126807707162,B0+g,nb_0.275,0.9226468513704813,0.926999738580145,0.004352887209663647,46606,13982,3019,57,4,CI Name (aff),assignment group
BPIC14,itsm,handover,0.75,rare-first,0.7515126807707162,B0+g,nb_0.300,0.9199480965322763,0.9250056194699307,0.0050575229376543795,46606,13982,3019,57,4,CI Name (aff),assignment group
BPIC14,itsm,handover,0.75,rare-first,0.7515126807707162,B0+g,nb_0.325,0.9170494339282782,0.9229326594510403,0.005883225522762103,46606,13982,3019,57,4,CI Name (aff),assignment group
BPIC14,itsm,handover,0.75,rare-first,0.7515126807707162,B0+g,nb_0.350,0.9138562767514277,0.9206727330743923,0.006816456322964681,46606,13982,3019,57,4,CI Name (aff),assignment group
BPIC14,itsm,handover,0.75,rare-first,0.7515126807707162,B0+g,nb_0.375,0.9105707338006008,0.9181948219138893,0.0076240881132885185,46606,13982,3019,57,4,CI Name (aff),assignment group
BPIC14,itsm,handover,0.75,rare-first,0.7515126807707162,B0+g,nb_0.400,0.9069279549897487,0.9160587421923426,0.00913078720259397,46606,13982,3019,57,4,CI Name (aff),assignment group
BPIC14,itsm,handover,0.75,rare-first,0.7515126807707162,B0+g,nb_0.425,0.9028968922776488,0.9132082864303794,0.010311394152730635,46606,13982,3019,57,4,CI Name (aff),assignment group
BPIC14,itsm,handover,0.75,rare-first,0.7515126807707162,B0+g,nb_0.450,0.89856438797935,0.9094550135889,0.010890625609550009,46606,13982,3019,57,4,CI Name (aff),assignment group
BPIC14,itsm,handover,0.75,rare-first,0.7515126807707162,B0+g,nb_0.475,0.8918950214902154,0.9057223232591562,0.01382730176894087,46606,13982,3019,57,4,CI Name (aff),assignment group
BPIC14,itsm,handover,0.75,rare-first,0.7515126807707162,B0+g,nb_0.500,0.8867114861965384,0.9020168788442283,0.01530539264768993,46606,13982,3019,57,4,CI Name (aff),assignment group
BPIC14,itsm,handover,0.75,rare-first,0.7515126807707162,B0+g,nb_0.525,0.8809823156087903,0.8841216902935353,0.003139374684745011,46606,13982,3019,57,4,CI Name (aff),assignment group
BPIC14,itsm,handover,0.75,rare-first,0.7515126807707162,B0+g,nb_0.550,0.8746165705112923,0.8828334843211112,0.008216913809818926,46606,13982,3019,57,4,CI Name (aff),assignment group
BPIC14,itsm,handover,0.75,rare-first,0.7515126807707162,B0+g,nb_0.575,0.867001270541116,0.8789536126280008,0.011952342086884782,46606,13982,3019,57,4,CI Name (aff),assignment group
BPIC14,itsm,handover,0.75,rare-first,0.7515126807707162,B0+g,nb_0.600,0.8382205693033901,0.8741238735517094,0.035903304248319334,46606,13982,3019,57,4,CI Name (aff),assignment group
BPIC14,itsm,handover,0.75,rare-first,0.7515126807707162,B0+g,nb_0.625,0.8308777952605731,0.8628236303819196,0.03194583512134641,46606,13982,3019,57,4,CI Name (aff),assignment group
BPIC14,itsm,handover,0.75,rare-first,0.7515126807707162,B0+g,nb_0.650,0.8224451846251302,0.8578376279706561,0.03539244334552594,46606,13982,3019,57,4,CI Name (aff),assignment group
BPIC14,itsm,handover,0.75,rare-first,0.7515126807707162,B0+g,nb_0.675,0.8238999592883157,0.851803967738741,0.02790400845042529,46606,13982,3019,57,4,CI Name (aff),assignment group
BPIC14,itsm,handover,0.75,rare-first,0.7515126807707162,B0+g,nb_0.700,0.8145472750679446,0.8446097363276595,0.0300624612597149,46606,13982,3019,57,4,CI Name (aff),assignment group
BPIC14,itsm,handover,0.75,rare-first,0.7515126807707162,B0+g,nb_0.725,0.8034941028075058,0.8363155225549732,0.03282141974746744,46606,13982,3019,57,4,CI Name (aff),assignment group
BPIC14,itsm,handover,0.75,rare-first,0.7515126807707162,B0+g,nb_0.750,0.7923043913603204,0.8267057645544271,0.034401373194106744,46606,13982,3019,57,4,CI Name (aff),assignment group
BPIC14,itsm,handover,0.75,rare-first,0.7515126807707162,B0+g,nb_0.775,0.7764347812266565,0.814737996471654,0.03830321524499747,46606,13982,3019,57,4,CI Name (aff),assignment group
BPIC14,itsm,handover,0.75,rare-first,0.7515126807707162,B0+g,nb_0.800,0.7559004434272636,0.800529251895294,0.04462880846803041,46606,13982,3019,57,4,CI Name (aff),assignment group
BPIC14,itsm,handover,0.5,rare-first,0.502510406385444,empty,auc,0.5,0.7792733528945056,0.2792733528945056,46606,13982,3019,57,4,CI Name (aff),assignment group
BPIC14,itsm,handover,0.5,rare-first,0.502510406385444,empty,ap,0.9452152767844372,0.9774406452938139,0.03222536850937674,46606,13982,3019,57,4,CI Name (aff),assignment group
BPIC14,itsm,handover,0.5,rare-first,0.502510406385444,empty,brier_skill,-1.9904186030261783e-05,0.13961587345768767,0.13963577764371793,46606,13982,3019,57,4,CI Name (aff),assignment group
BPIC14,itsm,handover,0.5,rare-first,0.502510406385444,empty,nagelkerke,-3.9619626170500563e-05,0.2362132683354643,0.2362528879616348,46606,13982,3019,57,4,CI Name (aff),assignment group
BPIC14,itsm,handover,0.5,rare-first,0.502510406385444,empty,nb_0.050,0.9423318702994075,0.9423318702994075,0.0,46606,13982,3019,57,4,CI Name (aff),assignment group
BPIC14,itsm,handover,0.5,rare-first,0.502510406385444,empty,nb_0.075,0.9407732721993914,0.9407732721993914,0.0,46606,13982,3019,57,4,CI Name (aff),assignment group
BPIC14,itsm,handover,0.5,rare-first,0.502510406385444,empty,nb_0.100,0.9391280853160412,0.9391280853160412,0.0,46606,13982,3019,57,4,CI Name (aff),assignment group
BPIC14,itsm,handover,0.5,rare-first,0.502510406385444,empty,nb_0.125,0.9373888877536425,0.9373888877536425,0.0,46606,13982,3019,57,4,CI Name (aff),assignment group
BPIC14,itsm,handover,0.5,rare-first,0.502510406385444,empty,nb_0.150,0.9355473844522789,0.9355473844522789,0.0,46606,13982,3019,57,4,CI Name (aff),assignment group
BPIC14,itsm,handover,0.5,rare-first,0.502510406385444,empty,nb_0.175,0.9335942748902268,0.9335942748902268,0.0,46606,13982,3019,57,4,CI Name (aff),assignment group
BPIC14,itsm,handover,0.5,rare-first,0.502510406385444,empty,nb_0.200,0.9315190959805464,0.9331461879559434,0.0016270919753970103,46606,13982,3019,57,4,CI Name (aff),assignment group
BPIC14,itsm,handover,0.5,rare-first,0.502510406385444,empty,nb_0.225,0.929310034560564,0.9312918452757232,0.001981810715159127,46606,13982,3019,57,4,CI Name (aff),assignment group
BPIC14,itsm,handover,0.5,rare-first,0.502510406385444,empty,nb_0.250,0.9269537023792495,0.9293138797501549,0.0023601773709054363,46606,13982,3019,57,4,CI Name (aff),assignment group
BPIC14,itsm,handover,0.5,rare-first,0.502510406385444,empty,nb_0.275,0.9244348645302581,0.9271995028090303,0.002764638278772158,46606,13982,3019,57,4,CI Name (aff),assignment group
BPIC14,itsm,handover,0.5,rare-first,0.502510406385444,empty,nb_0.300,0.9217361096920531,0.9249340989435396,0.0031979892514865105,46606,13982,3019,57,4,CI Name (aff),assignment group
BPIC14,itsm,handover,0.5,rare-first,0.502510406385444,empty,nb_0.325,0.918837447088055,0.9225008873843089,0.0036634402962538726,46606,13982,3019,57,4,CI Name (aff),assignment group
BPIC14,itsm,handover,0.5,rare-first,0.502510406385444,empty,nb_0.350,0.9157158104375955,0.9198805057051374,0.004164695267541818,46606,13982,3019,57,4,CI Name (aff),assignment group
BPIC14,itsm,handover,0.5,rare-first,0.502510406385444,empty,nb_0.375,0.9123444428550994,0.9170504934916321,0.004706050636532733,46606,13982,3019,57,4,CI Name (aff),assignment group
BPIC14,itsm,handover,0.5,rare-first,0.502510406385444,empty,nb_0.400,0.908692127974062,0.9139846469270014,0.005292518952939473,46606,13982,3019,57,4,CI Name (aff),assignment group
BPIC14,itsm,handover,0.5,rare-first,0.502510406385444,empty,nb_0.425,0.9047222204946733,0.9106522050089245,0.0059299845142511964,46606,13982,3019,57,4,CI Name (aff),assignment group
BPIC14,itsm,handover,0.5,rare-first,0.502510406385444,empty,nb_0.450,0.9003914123353403,0.907016813825568,0.0066254014902277225,46606,13982,3019,57,4,CI Name (aff),assignment group
BPIC14,itsm,handover,0.5,rare-first,0.502510406385444,empty,nb_0.475,0.8956481462560708,0.9030351949104631,0.007387048654392325,46606,13982,3019,57,4,CI Name (aff),assignment group
BPIC14,itsm,handover,0.5,rare-first,0.502510406385444,empty,nb_0.500,0.8904305535688742,0.8986554141038477,0.00822486053497351,46606,13982,3019,57,4,CI Name (aff),assignment group
BPIC14,itsm,handover,0.5,rare-first,0.502510406385444,empty,nb_0.525,0.884663740598815,0.8938146037386413,0.00915086313982627,46606,13982,3019,57,4,CI Name (aff),assignment group
BPIC14,itsm,handover,0.5,rare-first,0.502510406385444,empty,nb_0.550,0.8782561706320825,0.8884359255550788,0.010179754922996276,46606,13982,3019,57,4,CI Name (aff),assignment group
BPIC14,itsm,handover,0.5,rare-first,0.502510406385444,empty,nb_0.575,0.871094768904558,0.8824244617028617,0.011329692798303759,46606,13982,3019,57,4,CI Name (aff),assignment group
BPIC14,itsm,handover,0.5,rare-first,0.502510406385444,empty,nb_0.600,0.8630381919610929,0.8556358174796167,-0.007402374481476182,46606,13982,3019,57,4,CI Name (aff),assignment group
BPIC14,itsm,handover,0.5,rare-first,0.502510406385444,empty,nb_0.625,0.853907404758499,0.8487579268583417,-0.0051494779001572955,46606,13982,3019,57,4,CI Name (aff),assignment group
BPIC14,itsm,handover,0.5,rare-first,0.502510406385444,empty,nb_0.650,0.843472219384106,0.8347569323824509,-0.008715287001655136,46606,13982,3019,57,4,CI Name (aff),assignment group
BPIC14,itsm,handover,0.5,rare-first,0.502510406385444,empty,nb_0.675,0.8314316208751911,0.8262216256065491,-0.005209995268641965,46606,13982,3019,57,4,CI Name (aff),assignment group
BPIC14,itsm,handover,0.5,rare-first,0.502510406385444,empty,nb_0.700,0.8173842559481239,0.8162637677013302,-0.0011204882467936716,46606,13982,3019,57,4,CI Name (aff),assignment group
BPIC14,itsm,handover,0.5,rare-first,0.502510406385444,empty,nb_0.725,0.8007828246706804,0.8044953901769808,0.0037125655063003915,46606,13982,3019,57,4,CI Name (aff),assignment group
BPIC14,itsm,handover,0.5,rare-first,0.502510406385444,empty,nb_0.750,0.7808611071377486,0.7903733371477614,0.009512230010012779,46606,13982,3019,57,4,CI Name (aff),assignment group
BPIC14,itsm,handover,0.5,rare-first,0.502510406385444,empty,nb_0.775,0.756512341264165,0.7731130501120488,0.016600708847883783,46606,13982,3019,57,4,CI Name (aff),assignment group
BPIC14,itsm,handover,0.5,rare-first,0.502510406385444,empty,nb_0.800,0.7260763839221857,0.7515376913174081,0.025461307395222454,46606,13982,3019,57,4,CI Name (aff),assignment group
BPIC14,itsm,handover,0.5,rare-first,0.502510406385444,B0_half,auc,0.638968549870716,0.8126608146466977,0.17369226477598165,46606,13982,3019,57,4,CI Name (aff),assignment group
BPIC14,itsm,handover,0.5,rare-first,0.502510406385444,B0_half,ap,0.9615253183629267,0.9839074915895046,0.022382173226577984,46606,13982,3019,57,4,CI Name (aff),assignment group
BPIC14,itsm,handover,0.5,rare-first,0.502510406385444,B0_half,brier_skill,0.015791414393415915,0.16769787025103045,0.15190645585761453,46606,13982,3019,57,4,CI Name (aff),assignment group
BPIC14,itsm,handover,0.5,rare-first,0.502510406385444,B0_half,nagelkerke,0.050661059438307274,0.2703088434822634,0.21964778404395613,46606,13982,3019,57,4,CI Name (aff),assignment group
BPIC14,itsm,handover,0.5,rare-first,0.502510406385444,B0_half,nb_0.050,0.9423318702994075,0.9423318702994075,0.0,46606,13982,3019,57,4,CI Name (aff),assignment group
BPIC14,itsm,handover,0.5,rare-first,0.502510406385444,B0_half,nb_0.075,0.9407732721993914,0.9407732721993914,0.0,46606,13982,3019,57,4,CI Name (aff),assignment group
BPIC14,itsm,handover,0.5,rare-first,0.502510406385444,B0_half,nb_0.100,0.9391280853160412,0.9391280853160412,0.0,46606,13982,3019,57,4,CI Name (aff),assignment group
BPIC14,itsm,handover,0.5,rare-first,0.502510406385444,B0_half,nb_0.125,0.9373888877536425,0.9372458467008603,-0.00014304105278217794,46606,13982,3019,57,4,CI Name (aff),assignment group
BPIC14,itsm,handover,0.5,rare-first,0.502510406385444,B0_half,nb_0.150,0.9355473844522789,0.9354043433994967,-0.00014304105278217794,46606,13982,3019,57,4,CI Name (aff),assignment group
BPIC14,itsm,handover,0.5,rare-first,0.502510406385444,B0_half,nb_0.175,0.9335942748902268,0.9334512338374447,-0.00014304105278217794,46606,13982,3019,57,4,CI Name (aff),assignment group
BPIC14,itsm,handover,0.5,rare-first,0.502510406385444,B0_half,nb_0.200,0.9315190959805464,0.9330746674295523,0.0015555714490058659,46606,13982,3019,57,4,CI Name (aff),assignment group
BPIC14,itsm,handover,0.5,rare-first,0.502510406385444,B0_half,nb_0.225,0.929310034560564,0.931220324749332,0.0019102901887679824,46606,13982,3019,57,4,CI Name (aff),assignment group
BPIC14,itsm,handover,0.5,rare-first,0.502510406385444,B0_half,nb_0.250,0.9269537023792495,0.9292423592237639,0.002288656844514403,46606,13982,3019,57,4,CI Name (aff),assignment group
BPIC14,itsm,handover,0.5,rare-first,0.502510406385444,B0_half,nb_0.275,0.9244348645302581,0.9271279822826393,0.0026931177523811245,46606,13982,3019,57,4,CI Name (aff),assignment group
BPIC14,itsm,handover,0.5,rare-first,0.502510406385444,B0_half,nb_0.300,0.9217361096920531,0.9248625784171485,0.003126468725095366,46606,13982,3019,57,4,CI Name (aff),assignment group
BPIC14,itsm,handover,0.5,rare-first,0.502510406385444,B0_half,nb_0.325,0.9186228855088818,0.9224293668579178,0.0038064813490359395,46606,13982,3019,57,4,CI Name (aff),assignment group
BPIC14,itsm,handover,0.5,rare-first,0.502510406385444,B0_half,nb_0.350,0.9155012488584223,0.9198089851787463,0.004307736320323996,46606,13982,3019,57,4,CI Name (aff),assignment group
BPIC14,itsm,handover,0.5,rare-first,0.502510406385444,B0_half,nb_0.375,0.9121298812759262,0.9169789729652411,0.0048490916893149105,46606,13982,3019,57,4,CI Name (aff),assignment group
BPIC14,itsm,handover,0.5,rare-first,0.502510406385444,B0_half,nb_0.400,0.9084775663948887,0.9139131264006104,0.005435560005721651,46606,13982,3019,57,4,CI Name (aff),assignment group
BPIC14,itsm,handover,0.5,rare-first,0.502510406385444,B0_half,nb_0.425,0.9045076589155001,0.9105806844825334,0.006073025567033263,46606,13982,3019,57,4,CI Name (aff),assignment group
BPIC14,itsm,handover,0.5,rare-first,0.502510406385444,B0_half,nb_0.450,0.900176850756167,0.9068022522463948,0.0066254014902277225,46606,13982,3019,57,4,CI Name (aff),assignment group
BPIC14,itsm,handover,0.5,rare-first,0.502510406385444,B0_half,nb_0.475,0.8954335846768976,0.9026775922785077,0.007244007601610147,46606,13982,3019,57,4,CI Name (aff),assignment group
BPIC14,itsm,handover,0.5,rare-first,0.502510406385444,B0_half,nb_0.500,0.890215991989701,0.8982262909455013,0.008010298955800299,46606,13982,3019,57,4,CI Name (aff),assignment group
BPIC14,itsm,handover,0.5,rare-first,0.502510406385444,B0_half,nb_0.525,0.8844491790196418,0.8933854805802949,0.00893630156065306,46606,13982,3019,57,4,CI Name (aff),assignment group
BPIC14,itsm,handover,0.5,rare-first,0.502510406385444,B0_half,nb_0.550,0.8781449164799187,0.8880068023967324,0.009861885916813695,46606,13982,3019,57,4,CI Name (aff),assignment group
BPIC14,itsm,handover,0.5,rare-first,0.502510406385444,B0_half,nb_0.575,0.8710022129292283,0.8814946948597777,0.010492481930549413,46606,13982,3019,57,4,CI Name (aff),assignment group
BPIC14,itsm,handover,0.5,rare-first,0.502510406385444,B0_half,nb_0.600,0.8629666714347017,0.8561364611643542,-0.006830210270347581,46606,13982,3019,57,4,CI Name (aff),assignment group
BPIC14,itsm,handover,0.5,rare-first,0.502510406385444,B0_half,nb_0.625,0.8538597244075716,0.8492347303676155,-0.004624994039956087,46606,13982,3019,57,4,CI Name (aff),assignment group
BPIC14,itsm,handover,0.5,rare-first,0.502510406385444,B0_half,nb_0.650,0.8434517849479943,0.8386088235895129,-0.00484296135848139,46606,13982,3019,57,4,CI Name (aff),assignment group
BPIC14,itsm,handover,0.5,rare-first,0.502510406385444,B0_half,nb_0.675,0.8346665492996489,0.830875961400922,-0.0037905878987268826,46606,13982,3019,57,4,CI Name (aff),assignment group
BPIC14,itsm,handover,0.5,rare-first,0.502510406385444,B0_half,nb_0.700,0.8190530682305822,0.8221284508653983,0.003075382634816104,46606,13982,3019,57,4,CI Name (aff),assignment group
BPIC14,itsm,handover,0.5,rare-first,0.502510406385444,B0_half,nb_0.725,0.8039687390281012,0.8117904838688704,0.007821744840769251,46606,13982,3019,57,4,CI Name (aff),assignment group
BPIC14,itsm,handover,0.5,rare-first,0.502510406385444,B0_half,nb_0.750,0.7858675439851237,0.7993849234730368,0.013517379487913095,46606,13982,3019,57,4,CI Name (aff),assignment group
BPIC14,itsm,handover,0.5,rare-first,0.502510406385444,B0_half,nb_0.775,0.7637438611548181,0.7839285430474101,0.020184681892592038,46606,13982,3019,57,4,CI Name (aff),assignment group
BPIC14,itsm,handover,0.5,rare-first,0.502510406385444,B0_half,nb_0.800,0.7360892576169361,0.7648405092261479,0.02875125160921177,46606,13982,3019,57,4,CI Name (aff),assignment group
BPIC14,itsm,handover,0.5,rare-first,0.502510406385444,B0,auc,0.641127051868453,0.8124362865803931,0.17130923471194015,46606,13982,3019,57,4,CI Name (aff),assignment group
BPIC14,itsm,handover,0.5,rare-first,0.502510406385444,B0,ap,0.9619036277076416,0.9839556818210672,0.02205205411342559,46606,13982,3019,57,4,CI Name (aff),assignment group
BPIC14,itsm,handover,0.5,rare-first,0.502510406385444,B0,brier_skill,0.015421468344613998,0.16748513623816874,0.15206366789355474,46606,13982,3019,57,4,CI Name (aff),assignment group
BPIC14,itsm,handover,0.5,rare-first,0.502510406385444,B0,nagelkerke,0.05080610154344653,0.2700917837944214,0.21928568225097486,46606,13982,3019,57,4,CI Name (aff),assignment group
BPIC14,itsm,handover,0.5,rare-first,0.502510406385444,B0,nb_0.050,0.9423318702994075,0.9423318702994075,0.0,46606,13982,3019,57,4,CI Name (aff),assignment group
BPIC14,itsm,handover,0.5,rare-first,0.502510406385444,B0,nb_0.075,0.9407732721993914,0.9407732721993914,0.0,46606,13982,3019,57,4,CI Name (aff),assignment group
BPIC14,itsm,handover,0.5,rare-first,0.502510406385444,B0,nb_0.100,0.9391280853160412,0.9391280853160412,0.0,46606,13982,3019,57,4,CI Name (aff),assignment group
BPIC14,itsm,handover,0.5,rare-first,0.502510406385444,B0,nb_0.125,0.9373888877536425,0.9372458467008603,-0.00014304105278217794,46606,13982,3019,57,4,CI Name (aff),assignment group
BPIC14,itsm,handover,0.5,rare-first,0.502510406385444,B0,nb_0.150,0.9355473844522789,0.9354043433994967,-0.00014304105278217794,46606,13982,3019,57,4,CI Name (aff),assignment group
BPIC14,itsm,handover,0.5,rare-first,0.502510406385444,B0,nb_0.175,0.9335942748902268,0.9348881462313017,0.001293871341074837,46606,13982,3019,57,4,CI Name (aff),assignment group
BPIC14,itsm,handover,0.5,rare-first,0.502510406385444,B0,nb_0.200,0.9315190959805464,0.9330746674295523,0.0015555714490058659,46606,13982,3019,57,4,CI Name (aff),assignment group
BPIC14,itsm,handover,0.5,rare-first,0.502510406385444,B0,nb_0.225,0.929310034560564,0.931220324749332,0.0019102901887679824,46606,13982,3019,57,4,CI Name (aff),assignment group
BPIC14,itsm,handover,0.5,rare-first,0.502510406385444,B0,nb_0.250,0.9269537023792495,0.9292423592237639,0.002288656844514403,46606,13982,3019,57,4,CI Name (aff),assignment group
BPIC14,itsm,handover,0.5,rare-first,0.502510406385444,B0,nb_0.275,0.9244348645302581,0.9271279822826393,0.0026931177523811245,46606,13982,3019,57,4,CI Name (aff),assignment group
BPIC14,itsm,handover,0.5,rare-first,0.502510406385444,B0,nb_0.300,0.9217361096920531,0.9248625784171485,0.003126468725095366,46606,13982,3019,57,4,CI Name (aff),assignment group
BPIC14,itsm,handover,0.5,rare-first,0.502510406385444,B0,nb_0.325,0.9186228855088818,0.9224293668579178,0.0038064813490359395,46606,13982,3019,57,4,CI Name (aff),assignment group
BPIC14,itsm,handover,0.5,rare-first,0.502510406385444,B0,nb_0.350,0.9155012488584223,0.9198089851787463,0.004307736320323996,46606,13982,3019,57,4,CI Name (aff),assignment group
BPIC14,itsm,handover,0.5,rare-first,0.502510406385444,B0,nb_0.375,0.9121298812759262,0.9169789729652411,0.0048490916893149105,46606,13982,3019,57,4,CI Name (aff),assignment group
BPIC14,itsm,handover,0.5,rare-first,0.502510406385444,B0,nb_0.400,0.9084775663948887,0.9139131264006104,0.005435560005721651,46606,13982,3019,57,4,CI Name (aff),assignment group
BPIC14,itsm,handover,0.5,rare-first,0.502510406385444,B0,nb_0.425,0.9045076589155001,0.9105806844825334,0.006073025567033263,46606,13982,3019,57,4,CI Name (aff),assignment group
BPIC14,itsm,handover,0.5,rare-first,0.502510406385444,B0,nb_0.450,0.900176850756167,0.9068022522463948,0.0066254014902277225,46606,13982,3019,57,4,CI Name (aff),assignment group
BPIC14,itsm,handover,0.5,rare-first,0.502510406385444,B0,nb_0.475,0.8954335846768976,0.9026775922785077,0.007244007601610147,46606,13982,3019,57,4,CI Name (aff),assignment group
BPIC14,itsm,handover,0.5,rare-first,0.502510406385444,B0,nb_0.500,0.890215991989701,0.8982262909455013,0.008010298955800299,46606,13982,3019,57,4,CI Name (aff),assignment group
BPIC14,itsm,handover,0.5,rare-first,0.502510406385444,B0,nb_0.525,0.8844491790196418,0.8933854805802949,0.00893630156065306,46606,13982,3019,57,4,CI Name (aff),assignment group
BPIC14,itsm,handover,0.5,rare-first,0.502510406385444,B0,nb_0.550,0.8780416090529093,0.8880068023967324,0.009965193343823064,46606,13982,3019,57,4,CI Name (aff),assignment group
BPIC14,itsm,handover,0.5,rare-first,0.502510406385444,B0,nb_0.575,0.8708802073253847,0.8814946948597777,0.01061448753439298,46606,13982,3019,57,4,CI Name (aff),assignment group
BPIC14,itsm,handover,0.5,rare-first,0.502510406385444,B0,nb_0.600,0.8628236303819196,0.8563510227435274,-0.0064726076383921916,46606,13982,3019,57,4,CI Name (aff),assignment group
BPIC14,itsm,handover,0.5,rare-first,0.502510406385444,B0,nb_0.625,0.8536928431793258,0.8494492919467888,-0.004243551232537057,46606,13982,3019,57,4,CI Name (aff),assignment group
BPIC14,itsm,handover,0.5,rare-first,0.502510406385444,B0,nb_0.650,0.8434517849479943,0.8388949056950773,-0.004556879252917034,46606,13982,3019,57,4,CI Name (aff),assignment group
BPIC14,itsm,handover,0.5,rare-first,0.502510406385444,B0,nb_0.675,0.8346665492996489,0.8311620435064863,-0.0035045057931626378,46606,13982,3019,57,4,CI Name (aff),assignment group
BPIC14,itsm,handover,0.5,rare-first,0.502510406385444,B0,nb_0.700,0.8190530682305822,0.8224145329709627,0.00336146474038046,46606,13982,3019,57,4,CI Name (aff),assignment group
BPIC14,itsm,handover,0.5,rare-first,0.502510406385444,B0,nb_0.725,0.804157293143132,0.8120765659744347,0.00791927283130267,46606,13982,3019,57,4,CI Name (aff),assignment group
BPIC14,itsm,handover,0.5,rare-first,0.502510406385444,B0,nb_0.750,0.7860821055642969,0.79959948505221,0.013517379487913095,46606,13982,3019,57,4,CI Name (aff),assignment group
BPIC14,itsm,handover,0.5,rare-first,0.502510406385444,B0,nb_0.775,0.7639902096346096,0.7842146251529745,0.020224415518364847,46606,13982,3019,57,4,CI Name (aff),assignment group
BPIC14,itsm,handover,0.5,rare-first,0.502510406385444,B0,nb_0.800,0.7363753397225004,0.7648405092261479,0.028465169503647525,46606,13982,3019,57,4,CI Name (aff),assignment group
BPIC14,itsm,handover,0.5,rare-first,0.502510406385444,B0+g,auc,0.732497973024232,0.8427455999216078,0.11024762689737577,46606,13982,3019,57,4,CI Name (aff),assignment group
BPIC14,itsm,handover,0.5,rare-first,0.502510406385444,B0+g,ap,0.973294516368866,0.9871725501838367,0.013878033814970658,46606,13982,3019,57,4,CI Name (aff),assignment group
BPIC14,itsm,handover,0.5,rare-first,0.502510406385444,B0+g,brier_skill,0.04975913228633977,0.22477853255723956,0.1750194002708998,46606,13982,3019,57,4,CI Name (aff),assignment group
BPIC14,itsm,handover,0.5,rare-first,0.502510406385444,B0+g,nagelkerke,0.15750539683939907,0.3403025937027891,0.18279719686339002,46606,13982,3019,57,4,CI Name (aff),assignment group
BPIC14,itsm,handover,0.5,rare-first,0.502510406385444,B0+g,nb_0.050,0.9423318702994075,0.9423318702994075,0.0,46606,13982,3019,57,4,CI Name (aff),assignment group
BPIC14,itsm,handover,0.5,rare-first,0.502510406385444,B0+g,nb_0.075,0.9407732721993914,0.9407732721993914,0.0,46606,13982,3019,57,4,CI Name (aff),assignment group
BPIC14,itsm,handover,0.5,rare-first,0.502510406385444,B0+g,nb_0.100,0.9391280853160412,0.9391280853160412,0.0,46606,13982,3019,57,4,CI Name (aff),assignment group
BPIC14,itsm,handover,0.5,rare-first,0.502510406385444,B0+g,nb_0.125,0.9373888877536425,0.9373888877536425,0.0,46606,13982,3019,57,4,CI Name (aff),assignment group
BPIC14,itsm,handover,0.5,rare-first,0.502510406385444,B0+g,nb_0.150,0.9355473844522789,0.9363972165893965,0.0008498321371175344,46606,13982,3019,57,4,CI Name (aff),assignment group
BPIC14,itsm,handover,0.5,rare-first,0.502510406385444,B0+g,nb_0.175,0.93180626173045,0.9347169304256989,0.002910668695248919,46606,13982,3019,57,4,CI Name (aff),assignment group
BPIC14,itsm,handover,0.5,rare-first,0.502510406385444,B0+g,nb_0.200,0.9297310828207695,0.932860105850379,0.00312902302960949,46606,13982,3019,57,4,CI Name (aff),assignment group
BPIC14,itsm,handover,0.5,rare-first,0.502510406385444,B0+g,nb_0.225,0.9275220214007872,0.9310219129664408,0.0034998915656535567,46606,13982,3019,57,4,CI Name (aff),assignment group
BPIC14,itsm,handover,0.5,rare-first,0.502510406385444,B0+g,nb_0.250,0.9251656892194726,0.929003957469127,0.0038382682496543863,46606,13982,3019,57,4,CI Name (aff),assignment group
BPIC14,itsm,handover,0.5,rare-first,0.502510406385444,B0+g,nb_0.275,0.9226468513704813,0.9268468326271709,0.004199981256689633,46606,13982,3019,57,4,CI Name (aff),assignment group
BPIC14,itsm,handover,0.5,rare-first,0.502510406385444,B0+g,nb_0.300,0.9199480965322763,0.9245356274393608,0.004587530907084525,46606,13982,3019,57,4,CI Name (aff),assignment group
BPIC14,itsm,handover,0.5,rare-first,0.502510406385444,B0+g,nb_0.325,0.9170494339282782,0.9220532218672685,0.005003787938990256,46606,13982,3019,57,4,CI Name (aff),assignment group
BPIC14,itsm,handover,0.5,rare-first,0.502510406385444,B0+g,nb_0.350,0.9138562767514277,0.9193798620203998,0.00552358526897212,46606,13982,3019,57,4,CI Name (aff),assignment group
BPIC14,itsm,handover,0.5,rare-first,0.502510406385444,B0+g,nb_0.375,0.9105707338006008,0.9165784580174511,0.006007724216850252,46606,13982,3019,57,4,CI Name (aff),assignment group
BPIC14,itsm,handover,0.5,rare-first,0.502510406385444,B0+g,nb_0.400,0.9069279549897487,0.9140561674533925,0.007128212463643813,46606,13982,3019,57,4,CI Name (aff),assignment group
BPIC14,itsm,handover,0.5,rare-first,0.502510406385444,B0+g,nb_0.425,0.9028968922776488,0.9099525476855336,0.0070556554078847755,46606,13982,3019,57,4,CI Name (aff),assignment group
BPIC14,itsm,handover,0.5,rare-first,0.502510406385444,B0+g,nb_0.450,0.89856438797935,0.9046176252584491,0.006053237279099122,46606,13982,3019,57,4,CI Name (aff),assignment group
BPIC14,itsm,handover,0.5,rare-first,0.502510406385444,B0+g,nb_0.475,0.8918950214902154,0.9006545831034459,0.008759561613230549,46606,13982,3019,57,4,CI Name (aff),assignment group
BPIC14,itsm,handover,0.5,rare-first,0.502510406385444,B0+g,nb_0.500,0.8867114861965384,0.8954369904162495,0.008725504219711078,46606,13982,3019,57,4,CI Name (aff),assignment group
BPIC14,itsm,handover,0.5,rare-first,0.502510406385444,B0+g,nb_0.525,0.8809823156087903,0.8769809303691213,-0.004001385239668975,46606,13982,3019,57,4,CI Name (aff),assignment group
BPIC14,itsm,handover,0.5,rare-first,0.502510406385444,B0+g,nb_0.550,0.8746165705112923,0.8719862044851316,-0.0026303660261606243,46606,13982,3019,57,4,CI Name (aff),assignment group
BPIC14,itsm,handover,0.5,rare-first,0.502510406385444,B0+g,nb_0.575,0.867001270541116,0.8726219424974968,0.005620671956380829,46606,13982,3019,57,4,CI Name (aff),assignment group
BPIC14,itsm,handover,0.5,rare-first,0.502510406385444,B0+g,nb_0.600,0.8382205693033901,0.8706551280217423,0.03243455871835221,46606,13982,3019,57,4,CI Name (aff),assignment group
BPIC14,itsm,handover,0.5,rare-first,0.502510406385444,B0+g,nb_0.625,0.8308777952605731,0.8591284031850475,0.028250607924474314,46606,13982,3019,57,4,CI Name (aff),assignment group
BPIC14,itsm,handover,0.5,rare-first,0.502510406385444,B0+g,nb_0.650,0.8224451846251302,0.8535770480413594,0.0311318634162292,46606,13982,3019,57,4,CI Name (aff),assignment group
BPIC14,itsm,handover,0.5,rare-first,0.502510406385444,B0+g,nb_0.675,0.8238999592883157,0.8470506035232112,0.023150644234895434,46606,13982,3019,57,4,CI Name (aff),assignment group
BPIC14,itsm,handover,0.5,rare-first,0.502510406385444,B0+g,nb_0.700,0.8145472750679446,0.840318504744195,0.02577122967625045,46606,13982,3019,57,4,CI Name (aff),assignment group
BPIC14,itsm,handover,0.5,rare-first,0.502510406385444,B0+g,nb_0.725,0.8034941028075058,0.8317447107319801,0.028250607924474314,46606,13982,3019,57,4,CI Name (aff),assignment group
BPIC14,itsm,handover,0.5,rare-first,0.502510406385444,B0+g,nb_0.750,0.7923043913603204,0.8183378629666714,0.026033471606351055,46606,13982,3019,57,4,CI Name (aff),assignment group
BPIC14,itsm,handover,0.5,rare-first,0.502510406385444,B0+g,nb_0.775,0.7764347812266565,0.8069740459956453,0.030539264768988716,46606,13982,3019,57,4,CI Name (aff),assignment group
BPIC14,itsm,handover,0.5,rare-first,0.502510406385444,B0+g,nb_0.800,0.7559004434272636,0.791946788728365,0.0360463453011014,46606,13982,3019,57,4,CI Name (aff),assignment group
BPIC14,itsm,handover,0.25,rare-first,0.25177015834871047,empty,auc,0.5,0.6261149848431208,0.12611498484312078,46606,13982,3019,57,4,CI Name (aff),assignment group
BPIC14,itsm,handover,0.25,rare-first,0.25177015834871047,empty,ap,0.9452152767844372,0.9594664387503435,0.014251161965906367,46606,13982,3019,57,4,CI Name (aff),assignment group
BPIC14,itsm,handover,0.25,rare-first,0.25177015834871047,empty,brier_skill,-1.9904186030261783e-05,-0.01083071561689497,-0.010810811430864709,46606,13982,3019,57,4,CI Name (aff),assignment group
BPIC14,itsm,handover,0.25,rare-first,0.25177015834871047,empty,nagelkerke,-3.9619626170500563e-05,0.0635646953918749,0.0636043150180454,46606,13982,3019,57,4,CI Name (aff),assignment group
BPIC14,itsm,handover,0.25,rare-first,0.25177015834871047,empty,nb_0.050,0.9423318702994075,0.9423318702994075,0.0,46606,13982,3019,57,4,CI Name (aff),assignment group
BPIC14,itsm,handover,0.25,rare-first,0.25177015834871047,empty,nb_0.075,0.9407732721993914,0.9407732721993914,0.0,46606,13982,3019,57,4,CI Name (aff),assignment group
BPIC14,itsm,handover,0.25,rare-first,0.25177015834871047,empty,nb_0.100,0.9391280853160412,0.9391280853160412,0.0,46606,13982,3019,57,4,CI Name (aff),assignment group
BPIC14,itsm,handover,0.25,rare-first,0.25177015834871047,empty,nb_0.125,0.9373888877536425,0.9373888877536425,0.0,46606,13982,3019,57,4,CI Name (aff),assignment group
BPIC14,itsm,handover,0.25,rare-first,0.25177015834871047,empty,nb_0.150,0.9355473844522789,0.9355473844522789,0.0,46606,13982,3019,57,4,CI Name (aff),assignment group
BPIC14,itsm,handover,0.25,rare-first,0.25177015834871047,empty,nb_0.175,0.9335942748902268,0.9335942748902268,0.0,46606,13982,3019,57,4,CI Name (aff),assignment group
BPIC14,itsm,handover,0.25,rare-first,0.25177015834871047,empty,nb_0.200,0.9315190959805464,0.9315190959805464,0.0,46606,13982,3019,57,4,CI Name (aff),assignment group
BPIC14,itsm,handover,0.25,rare-first,0.25177015834871047,empty,nb_0.225,0.929310034560564,0.929310034560564,0.0,46606,13982,3019,57,4,CI Name (aff),assignment group
BPIC14,itsm,handover,0.25,rare-first,0.25177015834871047,empty,nb_0.250,0.9269537023792495,0.9269537023792495,0.0,46606,13982,3019,57,4,CI Name (aff),assignment group
BPIC14,itsm,handover,0.25,rare-first,0.25177015834871047,empty,nb_0.275,0.9244348645302581,0.9244348645302581,0.0,46606,13982,3019,57,4,CI Name (aff),assignment group
BPIC14,itsm,handover,0.25,rare-first,0.25177015834871047,empty,nb_0.300,0.9217361096920531,0.9217361096920531,0.0,46606,13982,3019,57,4,CI Name (aff),assignment group
BPIC14,itsm,handover,0.25,rare-first,0.25177015834871047,empty,nb_0.325,0.918837447088055,0.918837447088055,0.0,46606,13982,3019,57,4,CI Name (aff),assignment group
BPIC14,itsm,handover,0.25,rare-first,0.25177015834871047,empty,nb_0.350,0.9157158104375955,0.9157158104375955,0.0,46606,13982,3019,57,4,CI Name (aff),assignment group
BPIC14,itsm,handover,0.25,rare-first,0.25177015834871047,empty,nb_0.375,0.9123444428550994,0.9123444428550994,0.0,46606,13982,3019,57,4,CI Name (aff),assignment group
BPIC14,itsm,handover,0.25,rare-first,0.25177015834871047,empty,nb_0.400,0.908692127974062,0.908692127974062,0.0,46606,13982,3019,57,4,CI Name (aff),assignment group
BPIC14,itsm,handover,0.25,rare-first,0.25177015834871047,empty,nb_0.425,0.9047222204946733,0.9047222204946733,0.0,46606,13982,3019,57,4,CI Name (aff),assignment group
BPIC14,itsm,handover,0.25,rare-first,0.25177015834871047,empty,nb_0.450,0.9003914123353403,0.9003914123353403,0.0,46606,13982,3019,57,4,CI Name (aff),assignment group
BPIC14,itsm,handover,0.25,rare-first,0.25177015834871047,empty,nb_0.475,0.8956481462560708,0.8956481462560708,0.0,46606,13982,3019,57,4,CI Name (aff),assignment group
BPIC14,itsm,handover,0.25,rare-first,0.25177015834871047,empty,nb_0.500,0.8904305535688742,0.8904305535688742,0.0,46606,13982,3019,57,4,CI Name (aff),assignment group
BPIC14,itsm,handover,0.25,rare-first,0.25177015834871047,empty,nb_0.525,0.884663740598815,0.884663740598815,0.0,46606,13982,3019,57,4,CI Name (aff),assignment group
BPIC14,itsm,handover,0.25,rare-first,0.25177015834871047,empty,nb_0.550,0.8782561706320825,0.8782561706320825,0.0,46606,13982,3019,57,4,CI Name (aff),assignment group
BPIC14,itsm,handover,0.25,rare-first,0.25177015834871047,empty,nb_0.575,0.871094768904558,0.871094768904558,0.0,46606,13982,3019,57,4,CI Name (aff),assignment group
BPIC14,itsm,handover,0.25,rare-first,0.25177015834871047,empty,nb_0.600,0.8630381919610929,0.8430124445715921,-0.020025747389500803,46606,13982,3019,57,4,CI Name (aff),assignment group
BPIC14,itsm,handover,0.25,rare-first,0.25177015834871047,empty,nb_0.625,0.853907404758499,0.8346683831593001,-0.01923902159919888,46606,13982,3019,57,4,CI Name (aff),assignment group
BPIC14,itsm,handover,0.25,rare-first,0.25177015834871047,empty,nb_0.650,0.843472219384106,0.8251323129738235,-0.01833990641028249,46606,13982,3019,57,4,CI Name (aff),assignment group
BPIC14,itsm,handover,0.25,rare-first,0.25177015834871047,empty,nb_0.675,0.8314316208751911,0.8141291550675044,-0.017302465807686684,46606,13982,3019,57,4,CI Name (aff),assignment group
BPIC14,itsm,handover,0.25,rare-first,0.25177015834871047,empty,nb_0.700,0.8173842559481239,0.8012921375101322,-0.016092118437991743,46606,13982,3019,57,4,CI Name (aff),assignment group
BPIC14,itsm,handover,0.25,rare-first,0.25177015834871047,empty,nb_0.725,0.8007828246706804,0.7861211167605102,-0.014661707910170185,46606,13982,3019,57,4,CI Name (aff),assignment group
BPIC14,itsm,handover,0.25,rare-first,0.25177015834871047,empty,nb_0.750,0.7808611071377486,0.7679158918609641,-0.012945215276784494,46606,13982,3019,57,4,CI Name (aff),assignment group
BPIC14,itsm,handover,0.25,rare-first,0.25177015834871047,empty,nb_0.775,0.756512341264165,0.7456650614281854,-0.01084727983597955,46606,13982,3019,57,4,CI Name (aff),assignment group
BPIC14,itsm,handover,0.25,rare-first,0.25177015834871047,empty,nb_0.800,0.7260763839221857,0.7178515233872121,-0.00822486053497351,46606,13982,3019,57,4,CI Name (aff),assignment group
BPIC14,itsm,handover,0.25,rare-first,0.25177015834871047,B0_half,auc,0.638968549870716,0.7027632164351778,0.06379466656446175,46606,13982,3019,57,4,CI Name (aff),assignment group
BPIC14,itsm,handover,0.25,rare-first,0.25177015834871047,B0_half,ap,0.9615253183629267,0.9720903283632272,0.010565010000300523,46606,13982,3019,57,4,CI Name (aff),assignment group
BPIC14,itsm,handover,0.25,rare-first,0.25177015834871047,B0_half,brier_skill,0.015791414393415915,0.01380361313936318,-0.0019878012540527346,46606,13982,3019,57,4,CI Name (aff),assignment group
BPIC14,itsm,handover,0.25,rare-first,0.25177015834871047,B0_half,nagelkerke,0.050661059438307274,0.09966045722633497,0.0489993977880277,46606,13982,3019,57,4,CI Name (aff),assignment group
BPIC14,itsm,handover,0.25,rare-first,0.25177015834871047,B0_half,nb_0.050,0.9423318702994075,0.9423318702994075,0.0,46606,13982,3019,57,4,CI Name (aff),assignment group
BPIC14,itsm,handover,0.25,rare-first,0.25177015834871047,B0_half,nb_0.075,0.9407732721993914,0.9407732721993914,0.0,46606,13982,3019,57,4,CI Name (aff),assignment group
BPIC14,itsm,handover,0.25,rare-first,0.25177015834871047,B0_half,nb_0.100,0.9391280853160412,0.9391280853160412,0.0,46606,13982,3019,57,4,CI Name (aff),assignment group
BPIC14,itsm,handover,0.25,rare-first,0.25177015834871047,B0_half,nb_0.125,0.9373888877536425,0.9373173672272515,-7.152052639103346e-05,46606,13982,3019,57,4,CI Name (aff),assignment group
BPIC14,itsm,handover,0.25,rare-first,0.25177015834871047,B0_half,nb_0.150,0.9355473844522789,0.9354758639258879,-7.152052639103346e-05,46606,13982,3019,57,4,CI Name (aff),assignment group
BPIC14,itsm,handover,0.25,rare-first,0.25177015834871047,B0_half,nb_0.175,0.9335942748902268,0.9335227543638358,-7.152052639103346e-05,46606,13982,3019,57,4,CI Name (aff),assignment group
BPIC14,itsm,handover,0.25,rare-first,0.25177015834871047,B0_half,nb_0.200,0.9315190959805464,0.9314475754541554,-7.152052639103346e-05,46606,13982,3019,57,4,CI Name (aff),assignment group
BPIC14,itsm,handover,0.25,rare-first,0.25177015834871047,B0_half,nb_0.225,0.929310034560564,0.929238514034173,-7.152052639103346e-05,46606,13982,3019,57,4,CI Name (aff),assignment group
BPIC14,itsm,handover,0.25,rare-first,0.25177015834871047,B0_half,nb_0.250,0.9269537023792495,0.9268821818528584,-7.152052639103346e-05,46606,13982,3019,57,4,CI Name (aff),assignment group
BPIC14,itsm,handover,0.25,rare-first,0.25177015834871047,B0_half,nb_0.275,0.9244348645302581,0.924363344003867,-7.152052639114448e-05,46606,13982,3019,57,4,CI Name (aff),assignment group
BPIC14,itsm,handover,0.25,rare-first,0.25177015834871047,B0_half,nb_0.300,0.9217361096920531,0.921664589165662,-7.152052639114448e-05,46606,13982,3019,57,4,CI Name (aff),assignment group
BPIC14,itsm,handover,0.25,rare-first,0.25177015834871047,B0_half,nb_0.325,0.9186228855088818,0.918765926561664,0.00014304105278217794,46606,13982,3019,57,4,CI Name (aff),assignment group
BPIC14,itsm,handover,0.25,rare-first,0.25177015834871047,B0_half,nb_0.350,0.9155012488584223,0.9156442899112045,0.00014304105278217794,46606,13982,3019,57,4,CI Name (aff),assignment group
BPIC14,itsm,handover,0.25,rare-first,0.25177015834871047,B0_half,nb_0.375,0.9121298812759262,0.9117722786439708,-0.00035760263195538933,46606,13982,3019,57,4,CI Name (aff),assignment group
BPIC14,itsm,handover,0.25,rare-first,0.25177015834871047,B0_half,nb_0.400,0.9084775663948887,0.9081199637629334,-0.00035760263195538933,46606,13982,3019,57,4,CI Name (aff),assignment group
BPIC14,itsm,handover,0.25,rare-first,0.25177015834871047,B0_half,nb_0.425,0.9045076589155001,0.9041500562835447,-0.00035760263195538933,46606,13982,3019,57,4,CI Name (aff),assignment group
BPIC14,itsm,handover,0.25,rare-first,0.25177015834871047,B0_half,nb_0.450,0.900176850756167,0.8998192481242117,-0.00035760263195538933,46606,13982,3019,57,4,CI Name (aff),assignment group
BPIC14,itsm,handover,0.25,rare-first,0.25177015834871047,B0_half,nb_0.475,0.8954335846768976,0.89493294099216,-0.0005006436847375673,46606,13982,3019,57,4,CI Name (aff),assignment group
BPIC14,itsm,handover,0.25,rare-first,0.25177015834871047,B0_half,nb_0.500,0.890215991989701,0.8895723072521814,-0.0006436847375196342,46606,13982,3019,57,4,CI Name (aff),assignment group
BPIC14,itsm,handover,0.25,rare-first,0.25177015834871047,B0_half,nb_0.525,0.8844491790196418,0.8838054942821222,-0.0006436847375196342,46606,13982,3019,57,4,CI Name (aff),assignment group
BPIC14,itsm,handover,0.25,rare-first,0.25177015834871047,B0_half,nb_0.550,0.8781449164799187,0.8773979243153895,-0.0007469921645291144,46606,13982,3019,57,4,CI Name (aff),assignment group
BPIC14,itsm,handover,0.25,rare-first,0.25177015834871047,B0_half,nb_0.575,0.8710022129292283,0.8702365225878651,-0.000765690341363201,46606,13982,3019,57,4,CI Name (aff),assignment group
BPIC14,itsm,handover,0.25,rare-first,0.25177015834871047,B0_half,nb_0.600,0.8629666714347017,0.8435130882563295,-0.019453583178372202,46606,13982,3019,57,4,CI Name (aff),assignment group
BPIC14,itsm,handover,0.25,rare-first,0.25177015834871047,B0_half,nb_0.625,0.8538597244075716,0.8351690268440376,-0.01869069756353403,46606,13982,3019,57,4,CI Name (aff),assignment group
BPIC14,itsm,handover,0.25,rare-first,0.25177015834871047,B0_half,nb_0.650,0.8434517849479943,0.825632956658561,-0.017818828289433375,46606,13982,3019,57,4,CI Name (aff),assignment group
BPIC14,itsm,handover,0.25,rare-first,0.25177015834871047,B0_half,nb_0.675,0.8346665492996489,0.8182113266507488,-0.016455222648900092,46606,13982,3019,57,4,CI Name (aff),assignment group
BPIC14,itsm,handover,0.25,rare-first,0.25177015834871047,B0_half,nb_0.700,0.8190530682305822,0.8061555333047251,-0.012897534925857101,46606,13982,3019,57,4,CI Name (aff),assignment group
BPIC14,itsm,handover,0.25,rare-first,0.25177015834871047,B0_half,nb_0.725,0.8039687390281012,0.7924149230829247,-0.01155381594517646,46606,13982,3019,57,4,CI Name (aff),assignment group
BPIC14,itsm,handover,0.25,rare-first,0.25177015834871047,B0_half,nb_0.750,0.7858675439851237,0.7759261908167644,-0.009941353168359313,46606,13982,3019,57,4,CI Name (aff),assignment group
BPIC14,itsm,handover,0.25,rare-first,0.25177015834871047,B0_half,nb_0.775,0.7637438611548181,0.7557732958247906,-0.00797056533002749,46606,13982,3019,57,4,CI Name (aff),assignment group
BPIC14,itsm,handover,0.25,rare-first,0.25177015834871047,B0_half,nb_0.800,0.7360892576169361,0.7287941639250465,-0.007295093691889631,46606,13982,3019,57,4,CI Name (aff),assignment group
BPIC14,itsm,handover,0.25,rare-first,0.25177015834871047,B0,auc,0.641127051868453,0.7041555769097035,0.06302852504125056,46606,13982,3019,57,4,CI Name (aff),assignment group
BPIC14,itsm,handover,0.25,rare-first,0.25177015834871047,B0,ap,0.9619036277076416,0.9723722152503864,0.010468587542744823,46606,13982,3019,57,4,CI Name (aff),assignment group
BPIC14,itsm,handover,0.25,rare-first,0.25177015834871047,B0,brier_skill,0.015421468344613998,0.014529215948675067,-0.0008922523959389306,46606,13982,3019,57,4,CI Name (aff),assignment group
BPIC14,itsm,handover,0.25,rare-first,0.25177015834871047,B0,nagelkerke,0.05080610154344653,0.10055496814783073,0.0497488666043842,46606,13982,3019,57,4,CI Name (aff),assignment group
BPIC14,itsm,handover,0.25,rare-first,0.25177015834871047,B0,nb_0.050,0.9423318702994075,0.9423318702994075,0.0,46606,13982,3019,57,4,CI Name (aff),assignment group
BPIC14,itsm,handover,0.25,rare-first,0.25177015834871047,B0,nb_0.075,0.9407732721993914,0.9407732721993914,0.0,46606,13982,3019,57,4,CI Name (aff),assignment group
BPIC14,itsm,handover,0.25,rare-first,0.25177015834871047,B0,nb_0.100,0.9391280853160412,0.9391280853160412,0.0,46606,13982,3019,57,4,CI Name (aff),assignment group
BPIC14,itsm,handover,0.25,rare-first,0.25177015834871047,B0,nb_0.125,0.9373888877536425,0.9373173672272515,-7.152052639103346e-05,46606,13982,3019,57,4,CI Name (aff),assignment group
BPIC14,itsm,handover,0.25,rare-first,0.25177015834871047,B0,nb_0.150,0.9355473844522789,0.9354758639258879,-7.152052639103346e-05,46606,13982,3019,57,4,CI Name (aff),assignment group
BPIC14,itsm,handover,0.25,rare-first,0.25177015834871047,B0,nb_0.175,0.9335942748902268,0.9335227543638358,-7.152052639103346e-05,46606,13982,3019,57,4,CI Name (aff),assignment group
BPIC14,itsm,handover,0.25,rare-first,0.25177015834871047,B0,nb_0.200,0.9315190959805464,0.9314475754541554,-7.152052639103346e-05,46606,13982,3019,57,4,CI Name (aff),assignment group
BPIC14,itsm,handover,0.25,rare-first,0.25177015834871047,B0,nb_0.225,0.929310034560564,0.929238514034173,-7.152052639103346e-05,46606,13982,3019,57,4,CI Name (aff),assignment group
BPIC14,itsm,handover,0.25,rare-first,0.25177015834871047,B0,nb_0.250,0.9269537023792495,0.9268821818528584,-7.152052639103346e-05,46606,13982,3019,57,4,CI Name (aff),assignment group
BPIC14,itsm,handover,0.25,rare-first,0.25177015834871047,B0,nb_0.275,0.9244348645302581,0.924363344003867,-7.152052639114448e-05,46606,13982,3019,57,4,CI Name (aff),assignment group
BPIC14,itsm,handover,0.25,rare-first,0.25177015834871047,B0,nb_0.300,0.9217361096920531,0.921664589165662,-7.152052639114448e-05,46606,13982,3019,57,4,CI Name (aff),assignment group
BPIC14,itsm,handover,0.25,rare-first,0.25177015834871047,B0,nb_0.325,0.9186228855088818,0.918765926561664,0.00014304105278217794,46606,13982,3019,57,4,CI Name (aff),assignment group
BPIC14,itsm,handover,0.25,rare-first,0.25177015834871047,B0,nb_0.350,0.9155012488584223,0.9156442899112045,0.00014304105278217794,46606,13982,3019,57,4,CI Name (aff),assignment group
BPIC14,itsm,handover,0.25,rare-first,0.25177015834871047,B0,nb_0.375,0.9121298812759262,0.9117722786439708,-0.00035760263195538933,46606,13982,3019,57,4,CI Name (aff),assignment group
BPIC14,itsm,handover,0.25,rare-first,0.25177015834871047,B0,nb_0.400,0.9084775663948887,0.9081199637629334,-0.00035760263195538933,46606,13982,3019,57,4,CI Name (aff),assignment group
BPIC14,itsm,handover,0.25,rare-first,0.25177015834871047,B0,nb_0.425,0.9045076589155001,0.9041500562835447,-0.00035760263195538933,46606,13982,3019,57,4,CI Name (aff),assignment group
BPIC14,itsm,handover,0.25,rare-first,0.25177015834871047,B0,nb_0.450,0.900176850756167,0.8998192481242117,-0.00035760263195538933,46606,13982,3019,57,4,CI Name (aff),assignment group
BPIC14,itsm,handover,0.25,rare-first,0.25177015834871047,B0,nb_0.475,0.8954335846768976,0.89493294099216,-0.0005006436847375673,46606,13982,3019,57,4,CI Name (aff),assignment group
BPIC14,itsm,handover,0.25,rare-first,0.25177015834871047,B0,nb_0.500,0.890215991989701,0.8897153483049636,-0.0005006436847374562,46606,13982,3019,57,4,CI Name (aff),assignment group
BPIC14,itsm,handover,0.25,rare-first,0.25177015834871047,B0,nb_0.525,0.8844491790196418,0.8838054942821222,-0.0006436847375196342,46606,13982,3019,57,4,CI Name (aff),assignment group
BPIC14,itsm,handover,0.25,rare-first,0.25177015834871047,B0,nb_0.550,0.8780416090529093,0.8773979243153895,-0.0006436847375197452,46606,13982,3019,57,4,CI Name (aff),assignment group
BPIC14,itsm,handover,0.25,rare-first,0.25177015834871047,B0,nb_0.575,0.8708802073253847,0.8702365225878651,-0.0006436847375196342,46606,13982,3019,57,4,CI Name (aff),assignment group
BPIC14,itsm,handover,0.25,rare-first,0.25177015834871047,B0,nb_0.600,0.8628236303819196,0.8437276498355027,-0.019095980546416813,46606,13982,3019,57,4,CI Name (aff),assignment group
BPIC14,itsm,handover,0.25,rare-first,0.25177015834871047,B0,nb_0.625,0.8536928431793258,0.8353835884232108,-0.018309254756115,46606,13982,3019,57,4,CI Name (aff),assignment group
BPIC14,itsm,handover,0.25,rare-first,0.25177015834871047,B0,nb_0.650,0.8434517849479943,0.8260416453807957,-0.017410139567198613,46606,13982,3019,57,4,CI Name (aff),assignment group
BPIC14,itsm,handover,0.25,rare-first,0.25177015834871047,B0,nb_0.675,0.8346665492996489,0.8187229734933926,-0.01594357580625627,46606,13982,3019,57,4,CI Name (aff),assignment group
BPIC14,itsm,handover,0.25,rare-first,0.25177015834871047,B0,nb_0.700,0.8190530682305822,0.8070614599723455,-0.011991608258236752,46606,13982,3019,57,4,CI Name (aff),assignment group
BPIC14,itsm,handover,0.25,rare-first,0.25177015834871047,B0,nb_0.725,0.804157293143132,0.792935072365769,-0.011222220777363012,46606,13982,3019,57,4,CI Name (aff),assignment group
BPIC14,itsm,handover,0.25,rare-first,0.25177015834871047,B0,nb_0.750,0.7860821055642969,0.776498355027893,-0.009583750536403923,46606,13982,3019,57,4,CI Name (aff),assignment group
BPIC14,itsm,handover,0.25,rare-first,0.25177015834871047,B0,nb_0.775,0.7639902096346096,0.7559799106788093,-0.008010298955800299,46606,13982,3019,57,4,CI Name (aff),assignment group
BPIC14,itsm,handover,0.25,rare-first,0.25177015834871047,B0,nb_0.800,0.7363753397225004,0.7286511228722643,-0.007724216850236054,46606,13982,3019,57,4,CI Name (aff),assignment group
BPIC14,itsm,handover,0.25,rare-first,0.25177015834871047,B0+g,auc,0.732497973024232,0.781179816457937,0.04868184343370496,46606,13982,3019,57,4,CI Name (aff),assignment group
BPIC14,itsm,handover,0.25,rare-first,0.25177015834871047,B0+g,ap,0.973294516368866,0.9807142115368535,0.007419695167987461,46606,13982,3019,57,4,CI Name (aff),assignment group
BPIC14,itsm,handover,0.25,rare-first,0.25177015834871047,B0+g,brier_skill,0.04975913228633977,0.06415430900348407,0.014395176717144298,46606,13982,3019,57,4,CI Name (aff),assignment group
BPIC14,itsm,handover,0.25,rare-first,0.25177015834871047,B0+g,nagelkerke,0.15750539683939907,0.18836499394856274,0.030859597109163667,46606,13982,3019,57,4,CI Name (aff),assignment group
BPIC14,itsm,handover,0.25,rare-first,0.25177015834871047,B0+g,nb_0.050,0.9423318702994075,0.9423318702994075,0.0,46606,13982,3019,57,4,CI Name (aff),assignment group
BPIC14,itsm,handover,0.25,rare-first,0.25177015834871047,B0+g,nb_0.075,0.9407732721993914,0.9407732721993914,0.0,46606,13982,3019,57,4,CI Name (aff),assignment group
BPIC14,itsm,handover,0.25,rare-first,0.25177015834871047,B0+g,nb_0.100,0.9391280853160412,0.9391280853160412,0.0,46606,13982,3019,57,4,CI Name (aff),assignment group
BPIC14,itsm,handover,0.25,rare-first,0.25177015834871047,B0+g,nb_0.125,0.9373888877536425,0.9373888877536425,0.0,46606,13982,3019,57,4,CI Name (aff),assignment group
BPIC14,itsm,handover,0.25,rare-first,0.25177015834871047,B0+g,nb_0.150,0.9355473844522789,0.9355473844522789,0.0,46606,13982,3019,57,4,CI Name (aff),assignment group
BPIC14,itsm,handover,0.25,rare-first,0.25177015834871047,B0+g,nb_0.175,0.93180626173045,0.9335942748902268,0.0017880131597768356,46606,13982,3019,57,4,CI Name (aff),assignment group
BPIC14,itsm,handover,0.25,rare-first,0.25177015834871047,B0+g,nb_0.200,0.9297310828207695,0.9315190959805464,0.0017880131597768356,46606,13982,3019,57,4,CI Name (aff),assignment group
BPIC14,itsm,handover,0.25,rare-first,0.25177015834871047,B0+g,nb_0.225,0.9275220214007872,0.9275220214007872,0.0,46606,13982,3019,57,4,CI Name (aff),assignment group
BPIC14,itsm,handover,0.25,rare-first,0.25177015834871047,B0+g,nb_0.250,0.9251656892194726,0.9251656892194726,0.0,46606,13982,3019,57,4,CI Name (aff),assignment group
BPIC14,itsm,handover,0.25,rare-first,0.25177015834871047,B0+g,nb_0.275,0.9226468513704813,0.9226468513704813,0.0,46606,13982,3019,57,4,CI Name (aff),assignment group
BPIC14,itsm,handover,0.25,rare-first,0.25177015834871047,B0+g,nb_0.300,0.9199480965322763,0.9199480965322763,0.0,46606,13982,3019,57,4,CI Name (aff),assignment group
BPIC14,itsm,handover,0.25,rare-first,0.25177015834871047,B0+g,nb_0.325,0.9170494339282782,0.9170494339282782,0.0,46606,13982,3019,57,4,CI Name (aff),assignment group
BPIC14,itsm,handover,0.25,rare-first,0.25177015834871047,B0+g,nb_0.350,0.9138562767514277,0.914004819383163,0.00014854263173535998,46606,13982,3019,57,4,CI Name (aff),assignment group
BPIC14,itsm,handover,0.25,rare-first,0.25177015834871047,B0+g,nb_0.375,0.9105707338006008,0.9105707338006008,0.0,46606,13982,3019,57,4,CI Name (aff),assignment group
BPIC14,itsm,handover,0.25,rare-first,0.25177015834871047,B0+g,nb_0.400,0.9069279549897487,0.9069279549897487,0.0,46606,13982,3019,57,4,CI Name (aff),assignment group
BPIC14,itsm,handover,0.25,rare-first,0.25177015834871047,B0+g,nb_0.425,0.9028968922776488,0.9029684128040399,7.152052639114448e-05,46606,13982,3019,57,4,CI Name (aff),assignment group
BPIC14,itsm,handover,0.25,rare-first,0.25177015834871047,B0+g,nb_0.450,0.89856438797935,0.897634621136266,-0.00092976684308399,46606,13982,3019,57,4,CI Name (aff),assignment group
BPIC14,itsm,handover,0.25,rare-first,0.25177015834871047,B0+g,nb_0.475,0.8918950214902154,0.8929099318170981,0.001014910326882723,46606,13982,3019,57,4,CI Name (aff),assignment group
BPIC14,itsm,handover,0.25,rare-first,0.25177015834871047,B0+g,nb_0.500,0.8867114861965384,0.8877127735660134,0.0010012873694750235,46606,13982,3019,57,4,CI Name (aff),assignment group
BPIC14,itsm,handover,0.25,rare-first,0.25177015834871047,B0+g,nb_0.525,0.8809823156087903,0.86845869501389,-0.012523620594900309,46606,13982,3019,57,4,CI Name (aff),assignment group
BPIC14,itsm,handover,0.25,rare-first,0.25177015834871047,B0+g,nb_0.550,0.8746165705112923,0.862505761375737,-0.01211080913555529,46606,13982,3019,57,4,CI Name (aff),assignment group
BPIC14,itsm,handover,0.25,rare-first,0.25177015834871047,B0+g,nb_0.575,0.867001270541116,0.8546618761937618,-0.012339394347354204,46606,13982,3019,57,4,CI Name (aff),assignment group
BPIC14,itsm,handover,0.25,rare-first,0.25177015834871047,B0+g,nb_0.600,0.8382205693033901,0.8497711343155485,0.011550565012158454,46606,13982,3019,57,4,CI Name (aff),assignment group
BPIC14,itsm,handover,0.25,rare-first,0.25177015834871047,B0+g,nb_0.625,0.8308777952605731,0.8501406570352358,0.019262861774662632,46606,13982,3019,57,4,CI Name (aff),assignment group
BPIC14,itsm,handover,0.25,rare-first,0.25177015834871047,B0+g,nb_0.650,0.8224451846251302,0.8425220181049103,0.020076833479780176,46606,13982,3019,57,4,CI Name (aff),assignment group
BPIC14,itsm,handover,0.25,rare-first,0.25177015834871047,B0+g,nb_0.675,0.8238999592883157,0.8244006029730533,0.0005006436847375673,46606,13982,3019,57,4,CI Name (aff),assignment group
BPIC14,itsm,handover,0.25,rare-first,0.25177015834871047,B0+g,nb_0.700,0.8145472750679446,0.8159300052448386,0.0013827301768940536,46606,13982,3019,57,4,CI Name (aff),assignment group
BPIC14,itsm,handover,0.25,rare-first,0.25177015834871047,B0+g,nb_0.725,0.8034941028075058,0.8049570226655051,0.0014629198579992897,46606,13982,3019,57,4,CI Name (aff),assignment group
BPIC14,itsm,handover,0.25,rare-first,0.25177015834871047,B0+g,nb_0.750,0.7923043913603204,0.791875268201974,-0.0004291231583464228,46606,13982,3019,57,4,CI Name (aff),assignment group
BPIC14,itsm,handover,0.25,rare-first,0.25177015834871047,B0+g,nb_0.775,0.7764347812266565,0.7767923838586119,0.00035760263195538933,46606,13982,3019,57,4,CI Name (aff),assignment group
BPIC14,itsm,handover,0.25,rare-first,0.25177015834871047,B0+g,nb_0.800,0.7559004434272636,0.7556858818480904,-0.0002145615791732114,46606,13982,3019,57,4,CI Name (aff),assignment group
BPIC14,itsm,handover,0.5,random,0.5035188602325881,empty,auc,0.5,0.7452569557273723,0.24525695572737227,46606,13982,3019,57,4,CI Name (aff),assignment group
BPIC14,itsm,handover,0.5,random,0.5035188602325881,empty,ap,0.9452152767844372,0.9757685059235406,0.03055322913910341,46606,13982,3019,57,4,CI Name (aff),assignment group
BPIC14,itsm,handover,0.5,random,0.5035188602325881,empty,brier_skill,-1.9904186030261783e-05,0.1273032126783432,0.12732311686437348,46606,13982,3019,57,4,CI Name (aff),assignment group
BPIC14,itsm,handover,0.5,random,0.5035188602325881,empty,nagelkerke,-3.9619626170500563e-05,0.195055206232181,0.1950948258583515,46606,13982,3019,57,4,CI Name (aff),assignment group
BPIC14,itsm,handover,0.5,random,0.5035188602325881,empty,nb_0.050,0.9423318702994075,0.9423318702994075,0.0,46606,13982,3019,57,4,CI Name (aff),assignment group
BPIC14,itsm,handover,0.5,random,0.5035188602325881,empty,nb_0.075,0.9407732721993914,0.9407732721993914,0.0,46606,13982,3019,57,4,CI Name (aff),assignment group
BPIC14,itsm,handover,0.5,random,0.5035188602325881,empty,nb_0.100,0.9391280853160412,0.9391280853160412,0.0,46606,13982,3019,57,4,CI Name (aff),assignment group
BPIC14,itsm,handover,0.5,random,0.5035188602325881,empty,nb_0.125,0.9373888877536425,0.9373888877536425,0.0,46606,13982,3019,57,4,CI Name (aff),assignment group
BPIC14,itsm,handover,0.5,random,0.5035188602325881,empty,nb_0.150,0.9355473844522789,0.9355473844522789,0.0,46606,13982,3019,57,4,CI Name (aff),assignment group
BPIC14,itsm,handover,0.5,random,0.5035188602325881,empty,nb_0.175,0.9335942748902268,0.9335942748902268,0.0,46606,13982,3019,57,4,CI Name (aff),assignment group
BPIC14,itsm,handover,0.5,random,0.5035188602325881,empty,nb_0.200,0.9315190959805464,0.9315190959805464,0.0,46606,13982,3019,57,4,CI Name (aff),assignment group
BPIC14,itsm,handover,0.5,random,0.5035188602325881,empty,nb_0.225,0.929310034560564,0.9305051194854214,0.0011950849248573148,46606,13982,3019,57,4,CI Name (aff),assignment group
BPIC14,itsm,handover,0.5,random,0.5035188602325881,empty,nb_0.250,0.9269537023792495,0.9283364325561436,0.0013827301768941647,46606,13982,3019,57,4,CI Name (aff),assignment group
BPIC14,itsm,handover,0.5,random,0.5035188602325881,empty,nb_0.275,0.9244348645302581,0.9260181810110537,0.0015833164807955713,46606,13982,3019,57,4,CI Name (aff),assignment group
BPIC14,itsm,handover,0.5,random,0.5035188602325881,empty,nb_0.300,0.9217361096920531,0.9235343400698858,0.0017982303778326658,46606,13982,3019,57,4,CI Name (aff),assignment group
BPIC14,itsm,handover,0.5,random,0.5035188602325881,empty,nb_0.325,0.918837447088055,0.9201513056469428,0.0013138585588877705,46606,13982,3019,57,4,CI Name (aff),assignment group
BPIC14,itsm,handover,0.5,random,0.5035188602325881,empty,nb_0.350,0.9157158104375955,0.9174983220184193,0.0017825115808237646,46606,13982,3019,57,4,CI Name (aff),assignment group
BPIC14,itsm,handover,0.5,random,0.5035188602325881,empty,nb_0.375,0.9123444428550994,0.9148047489629523,0.002460306107852861,46606,13982,3019,57,4,CI Name (aff),assignment group
BPIC14,itsm,handover,0.5,random,0.5035188602325881,empty,nb_0.400,0.908692127974062,0.9117198302579507,0.0030277022838887113,46606,13982,3019,57,4,CI Name (aff),assignment group
BPIC14,itsm,handover,0.5,random,0.5035188602325881,empty,nb_0.425,0.9047222204946733,0.9083666577525141,0.0036444372578408046,46606,13982,3019,57,4,CI Name (aff),assignment group
BPIC14,itsm,handover,0.5,random,0.5035188602325881,empty,nb_0.450,0.9003914123353403,0.904708651382947,0.004317239047606725,46606,13982,3019,57,4,CI Name (aff),assignment group
BPIC14,itsm,handover,0.5,random,0.5035188602325881,empty,nb_0.475,0.8956481462560708,0.9005319764867755,0.004883830230704711,46606,13982,3019,57,4,CI Name (aff),assignment group
BPIC14,itsm,handover,0.5,random,0.5035188602325881,empty,nb_0.500,0.8904305535688742,0.8961521956801602,0.005721642111286007,46606,13982,3019,57,4,CI Name (aff),assignment group
BPIC14,itsm,handover,0.5,random,0.5035188602325881,empty,nb_0.525,0.884663740598815,0.8913113853149538,0.0066476447161387675,46606,13982,3019,57,4,CI Name (aff),assignment group
BPIC14,itsm,handover,0.5,random,0.5035188602325881,empty,nb_0.550,0.8782561706320825,0.885606891400054,0.007350720767971497,46606,13982,3019,57,4,CI Name (aff),assignment group
BPIC14,itsm,handover,0.5,random,0.5035188602325881,empty,nb_0.575,0.871094768904558,0.8797108887897885,0.008616119885230589,46606,13982,3019,57,4,CI Name (aff),assignment group
BPIC14,itsm,handover,0.5,random,0.5035188602325881,empty,nb_0.600,0.8630381919610929,0.8729795451294522,0.009941353168359313,46606,13982,3019,57,4,CI Name (aff),assignment group
BPIC14,itsm,handover,0.5,random,0.5035188602325881,empty,nb_0.625,0.853907404758499,0.8556715777428122,0.0017641729843131948,46606,13982,3019,57,4,CI Name (aff),assignment group
BPIC14,itsm,handover,0.5,random,0.5035188602325881,empty,nb_0.650,0.843472219384106,0.844095469685514,0.0006232503014079738,46606,13982,3019,57,4,CI Name (aff),assignment group
BPIC14,itsm,handover,0.5,random,0.5035188602325881,empty,nb_0.675,0.8314316208751911,0.835733855616562,0.004302234741370925,46606,13982,3019,57,4,CI Name (aff),assignment group
BPIC14,itsm,handover,0.5,random,0.5035188602325881,empty,nb_0.700,0.8173842559481239,0.824393267534449,0.0070090115863250535,46606,13982,3019,57,4,CI Name (aff),assignment group
BPIC14,itsm,handover,0.5,random,0.5035188602325881,empty,nb_0.725,0.8007828246706804,0.8118229931990482,0.011040168528367755,46606,13982,3019,57,4,CI Name (aff),assignment group
BPIC14,itsm,handover,0.5,random,0.5035188602325881,empty,nb_0.750,0.7808611071377486,0.7960949792590474,0.015233872121298786,46606,13982,3019,57,4,CI Name (aff),assignment group
BPIC14,itsm,handover,0.5,random,0.5035188602325881,empty,nb_0.775,0.756512341264165,0.7776585769004594,0.021146235636294364,46606,13982,3019,57,4,CI Name (aff),assignment group
BPIC14,itsm,handover,0.5,random,0.5035188602325881,empty,nb_0.800,0.7260763839221857,0.7551137176369618,0.029037333714776126,46606,13982,3019,57,4,CI Name (aff),assignment group
BPIC14,itsm,handover,0.5,random,0.5035188602325881,B0_half,auc,0.638968549870716,0.7915007977512817,0.15253224788056563,46606,13982,3019,57,4,CI Name (aff),assignment group
BPIC14,itsm,handover,0.5,random,0.5035188602325881,B0_half,ap,0.9615253183629267,0.9819087257422112,0.020383407379284568,46606,13982,3019,57,4,CI Name (aff),assignment group
BPIC14,itsm,handover,0.5,random,0.5035188602325881,B0_half,brier_skill,0.015791414393415915,0.14342850172189037,0.12763708732847445,46606,13982,3019,57,4,CI Name (aff),assignment group
BPIC14,itsm,handover,0.5,random,0.5035188602325881,B0_half,nagelkerke,0.050661059438307274,0.2289278672589096,0.17826680782060234,46606,13982,3019,57,4,CI Name (aff),assignment group
BPIC14,itsm,handover,0.5,random,0.5035188602325881,B0_half,nb_0.050,0.9423318702994075,0.9422641140112475,-6.775628815991475e-05,46606,13982,3019,57,4,CI Name (aff),assignment group
BPIC14,itsm,handover,0.5,random,0.5035188602325881,B0_half,nb_0.075,0.9407732721993914,0.9407133495961989,-5.99226031925415e-05,46606,13982,3019,57,4,CI Name (aff),assignment group
BPIC14,itsm,handover,0.5,random,0.5035188602325881,B0_half,nb_0.100,0.9391280853160412,0.9390724582399593,-5.562707608186557e-05,46606,13982,3019,57,4,CI Name (aff),assignment group
BPIC14,itsm,handover,0.5,random,0.5035188602325881,B0_half,nb_0.125,0.9373888877536425,0.9373378016633631,-5.108609027937305e-05,46606,13982,3019,57,4,CI Name (aff),assignment group
BPIC14,itsm,handover,0.5,random,0.5035188602325881,B0_half,nb_0.150,0.9355473844522789,0.9351687463713851,-0.00037863808089377837,46606,13982,3019,57,4,CI Name (aff),assignment group
BPIC14,itsm,handover,0.5,random,0.5035188602325881,B0_half,nb_0.175,0.9335942748902268,0.9331543152884878,-0.00043995960173903725,46606,13982,3019,57,4,CI Name (aff),assignment group
BPIC14,itsm,handover,0.5,random,0.5035188602325881,B0_half,nb_0.200,0.9315190959805464,0.9310899728222,-0.0004291231583464228,46606,13982,3019,57,4,CI Name (aff),assignment group
BPIC14,itsm,handover,0.5,random,0.5035188602325881,B0_half,nb_0.225,0.929310034560564,0.9300875318958477,0.0007774973352836501,46606,13982,3019,57,4,CI Name (aff),assignment group
BPIC14,itsm,handover,0.5,random,0.5035188602325881,B0_half,nb_0.250,0.9269537023792495,0.927931149573261,0.0009774471940114937,46606,13982,3019,57,4,CI Name (aff),assignment group
BPIC14,itsm,handover,0.5,random,0.5035188602325881,B0_half,nb_0.275,0.9244348645302581,0.9255545307020356,0.0011196661717775003,46606,13982,3019,57,4,CI Name (aff),assignment group
BPIC14,itsm,handover,0.5,random,0.5035188602325881,B0_half,nb_0.300,0.9217361096920531,0.923207389092098,0.0014712794000448781,46606,13982,3019,57,4,CI Name (aff),assignment group
BPIC14,itsm,handover,0.5,random,0.5035188602325881,B0_half,nb_0.325,0.9186228855088818,0.9204267921189677,0.0018039066100858925,46606,13982,3019,57,4,CI Name (aff),assignment group
BPIC14,itsm,handover,0.5,random,0.5035188602325881,B0_half,nb_0.350,0.9155012488584223,0.9175863472816699,0.0020850984232475556,46606,13982,3019,57,4,CI Name (aff),assignment group
BPIC14,itsm,handover,0.5,random,0.5035188602325881,B0_half,nb_0.375,0.9121298812759262,0.914518666857388,0.0023887855814618275,46606,13982,3019,57,4,CI Name (aff),assignment group
BPIC14,itsm,handover,0.5,random,0.5035188602325881,B0_half,nb_0.400,0.9084775663948887,0.9113622276259953,0.0028846612311065334,46606,13982,3019,57,4,CI Name (aff),assignment group
BPIC14,itsm,handover,0.5,random,0.5035188602325881,B0_half,nb_0.425,0.9045076589155001,0.9079375345941676,0.0034298756786674822,46606,13982,3019,57,4,CI Name (aff),assignment group
BPIC14,itsm,handover,0.5,random,0.5035188602325881,B0_half,nb_0.450,0.900176850756167,0.9038699106643607,0.0036930599081936855,46606,13982,3019,57,4,CI Name (aff),assignment group
BPIC14,itsm,handover,0.5,random,0.5035188602325881,B0_half,nb_0.475,0.8954335846768976,0.899953000796943,0.004519416120045361,46606,13982,3019,57,4,CI Name (aff),assignment group
BPIC14,itsm,handover,0.5,random,0.5035188602325881,B0_half,nb_0.500,0.890215991989701,0.8955085109426405,0.005292518952939473,46606,13982,3019,57,4,CI Name (aff),assignment group
BPIC14,itsm,handover,0.5,random,0.5035188602325881,B0_half,nb_0.525,0.8844491790196418,0.891006482018234,0.0065573029985921405,46606,13982,3019,57,4,CI Name (aff),assignment group
BPIC14,itsm,handover,0.5,random,0.5035188602325881,B0_half,nb_0.550,0.8781449164799187,0.8856863586515996,0.0075414421716809565,46606,13982,3019,57,4,CI Name (aff),assignment group
BPIC14,itsm,handover,0.5,random,0.5035188602325881,B0_half,nb_0.575,0.8710022129292283,0.8800811126911071,0.009078899761878811,46606,13982,3019,57,4,CI Name (aff),assignment group
BPIC14,itsm,handover,0.5,random,0.5035188602325881,B0_half,nb_0.600,0.8629666714347017,0.8735517093405808,0.010585037905879058,46606,13982,3019,57,4,CI Name (aff),assignment group
BPIC14,itsm,handover,0.5,random,0.5035188602325881,B0_half,nb_0.625,0.8538597244075716,0.856696705287751,0.002836980880179363,46606,13982,3019,57,4,CI Name (aff),assignment group
BPIC14,itsm,handover,0.5,random,0.5035188602325881,B0_half,nb_0.650,0.8434517849479943,0.8450558881827656,0.0016041032347712258,46606,13982,3019,57,4,CI Name (aff),assignment group
BPIC14,itsm,handover,0.5,random,0.5035188602325881,B0_half,nb_0.675,0.8346665492996489,0.8359814266694541,0.0013148773698051786,46606,13982,3019,57,4,CI Name (aff),assignment group
BPIC14,itsm,handover,0.5,random,0.5035188602325881,B0_half,nb_0.700,0.8190530682305822,0.8257759977113431,0.00672292948076092,46606,13982,3019,57,4,CI Name (aff),assignment group
BPIC14,itsm,handover,0.5,random,0.5035188602325881,B0_half,nb_0.725,0.8039687390281012,0.8184158853590981,0.014447146330996974,46606,13982,3019,57,4,CI Name (aff),assignment group
BPIC14,itsm,handover,0.5,random,0.5035188602325881,B0_half,nb_0.750,0.7858675439851237,0.8033900729509369,0.01752252896581319,46606,13982,3019,57,4,CI Name (aff),assignment group
BPIC14,itsm,handover,0.5,random,0.5035188602325881,B0_half,nb_0.775,0.7637438611548181,0.7870595527583083,0.02331569160349023,46606,13982,3019,57,4,CI Name (aff),assignment group
BPIC14,itsm,handover,0.5,random,0.5035188602325881,B0_half,nb_0.800,0.7360892576169361,0.7667000429123159,0.03061078529537975,46606,13982,3019,57,4,CI Name (aff),assignment group
BPIC14,itsm,handover,0.5,random,0.5035188602325881,B0,auc,0.641127051868453,0.796601081685938,0.15547402981748504,46606,13982,3019,57,4,CI Name (aff),assignment group
BPIC14,itsm,handover,0.5,random,0.5035188602325881,B0,ap,0.9619036277076416,0.9821940437025313,0.020290415994889677,46606,13982,3019,57,4,CI Name (aff),assignment group
BPIC14,itsm,handover,0.5,random,0.5035188602325881,B0,brier_skill,0.015421468344613998,0.14318050225766443,0.12775903391305043,46606,13982,3019,57,4,CI Name (aff),assignment group
BPIC14,itsm,handover,0.5,random,0.5035188602325881,B0,nagelkerke,0.05080610154344653,0.2291059778943545,0.17829987635090797,46606,13982,3019,57,4,CI Name (aff),assignment group
BPIC14,itsm,handover,0.5,random,0.5035188602325881,B0,nb_0.050,0.9423318702994075,0.9422641140112475,-6.775628815991475e-05,46606,13982,3019,57,4,CI Name (aff),assignment group
BPIC14,itsm,handover,0.5,random,0.5035188602325881,B0,nb_0.075,0.9407732721993914,0.9407075506345998,-6.572156479167646e-05,46606,13982,3019,57,4,CI Name (aff),assignment group
BPIC14,itsm,handover,0.5,random,0.5035188602325881,B0,nb_0.100,0.9391280853160412,0.9390724582399593,-5.562707608186557e-05,46606,13982,3019,57,4,CI Name (aff),assignment group
BPIC14,itsm,handover,0.5,random,0.5035188602325881,B0,nb_0.125,0.9373888877536425,0.9373378016633631,-5.108609027937305e-05,46606,13982,3019,57,4,CI Name (aff),assignment group
BPIC14,itsm,handover,0.5,random,0.5035188602325881,B0,nb_0.150,0.9355473844522789,0.9351687463713851,-0.00037863808089377837,46606,13982,3019,57,4,CI Name (aff),assignment group
BPIC14,itsm,handover,0.5,random,0.5035188602325881,B0,nb_0.175,0.9335942748902268,0.9331543152884878,-0.00043995960173903725,46606,13982,3019,57,4,CI Name (aff),assignment group
BPIC14,itsm,handover,0.5,random,0.5035188602325881,B0,nb_0.200,0.9315190959805464,0.9310899728222,-0.0004291231583464228,46606,13982,3019,57,4,CI Name (aff),assignment group
BPIC14,itsm,handover,0.5,random,0.5035188602325881,B0,nb_0.225,0.929310034560564,0.9300875318958477,0.0007774973352836501,46606,13982,3019,57,4,CI Name (aff),assignment group
BPIC14,itsm,handover,0.5,random,0.5035188602325881,B0,nb_0.250,0.9269537023792495,0.9278596290468698,0.0009059266676203492,46606,13982,3019,57,4,CI Name (aff),assignment group
BPIC14,itsm,handover,0.5,random,0.5035188602325881,B0,nb_0.275,0.9244348645302581,0.9255545307020356,0.0011196661717775003,46606,13982,3019,57,4,CI Name (aff),assignment group
BPIC14,itsm,handover,0.5,random,0.5035188602325881,B0,nb_0.300,0.9217361096920531,0.9230847824754277,0.0013486727833745826,46606,13982,3019,57,4,CI Name (aff),assignment group
BPIC14,itsm,handover,0.5,random,0.5035188602325881,B0,nb_0.325,0.9186228855088818,0.9204267921189677,0.0018039066100858925,46606,13982,3019,57,4,CI Name (aff),assignment group
BPIC14,itsm,handover,0.5,random,0.5035188602325881,B0,nb_0.350,0.9155012488584223,0.9175863472816699,0.0020850984232475556,46606,13982,3019,57,4,CI Name (aff),assignment group
BPIC14,itsm,handover,0.5,random,0.5035188602325881,B0,nb_0.375,0.9121298812759262,0.9141753683307109,0.0020454870547846893,46606,13982,3019,57,4,CI Name (aff),assignment group
BPIC14,itsm,handover,0.5,random,0.5035188602325881,B0,nb_0.400,0.9084775663948887,0.9113622276259953,0.0028846612311065334,46606,13982,3019,57,4,CI Name (aff),assignment group
BPIC14,itsm,handover,0.5,random,0.5035188602325881,B0,nb_0.425,0.9045076589155001,0.9079375345941676,0.0034298756786674822,46606,13982,3019,57,4,CI Name (aff),assignment group
BPIC14,itsm,handover,0.5,random,0.5035188602325881,B0,nb_0.450,0.900176850756167,0.9040649666454272,0.003888115889260191,46606,13982,3019,57,4,CI Name (aff),assignment group
BPIC14,itsm,handover,0.5,random,0.5035188602325881,B0,nb_0.475,0.8954335846768976,0.8998882917492559,0.004454707072358288,46606,13982,3019,57,4,CI Name (aff),assignment group
BPIC14,itsm,handover,0.5,random,0.5035188602325881,B0,nb_0.500,0.890215991989701,0.8955800314690316,0.005364039479330618,46606,13982,3019,57,4,CI Name (aff),assignment group
BPIC14,itsm,handover,0.5,random,0.5035188602325881,B0,nb_0.525,0.8844491790196418,0.891078002544625,0.006628823524983174,46606,13982,3019,57,4,CI Name (aff),assignment group
BPIC14,itsm,handover,0.5,random,0.5035188602325881,B0,nb_0.550,0.8780416090529093,0.8856863586515996,0.007644749598690326,46606,13982,3019,57,4,CI Name (aff),assignment group
BPIC14,itsm,handover,0.5,random,0.5035188602325881,B0,nb_0.575,0.8708802073253847,0.8799885567157775,0.009108349390392734,46606,13982,3019,57,4,CI Name (aff),assignment group
BPIC14,itsm,handover,0.5,random,0.5035188602325881,B0,nb_0.600,0.8628236303819196,0.8736232298669718,0.01079959948505227,46606,13982,3019,57,4,CI Name (aff),assignment group
BPIC14,itsm,handover,0.5,random,0.5035188602325881,B0,nb_0.625,0.8536928431793258,0.856768225814142,0.003075382634816215,46606,13982,3019,57,4,CI Name (aff),assignment group
BPIC14,itsm,handover,0.5,random,0.5035188602325881,B0,nb_0.650,0.8434517849479943,0.8454952285591679,0.00204344361117359,46606,13982,3019,57,4,CI Name (aff),assignment group
BPIC14,itsm,handover,0.5,random,0.5035188602325881,B0,nb_0.675,0.8346665492996489,0.8360529471958451,0.001386397896196212,46606,13982,3019,57,4,CI Name (aff),assignment group
BPIC14,itsm,handover,0.5,random,0.5035188602325881,B0,nb_0.700,0.8190530682305822,0.8256806370094883,0.006627568778906134,46606,13982,3019,57,4,CI Name (aff),assignment group
BPIC14,itsm,handover,0.5,random,0.5035188602325881,B0,nb_0.725,0.804157293143132,0.8184874058854892,0.014330112742357182,46606,13982,3019,57,4,CI Name (aff),assignment group
BPIC14,itsm,handover,0.5,random,0.5035188602325881,B0,nb_0.750,0.7860821055642969,0.803461593477328,0.017379487913031122,46606,13982,3019,57,4,CI Name (aff),assignment group
BPIC14,itsm,handover,0.5,random,0.5035188602325881,B0,nb_0.775,0.7639902096346096,0.7872741143374815,0.023283904702871894,46606,13982,3019,57,4,CI Name (aff),assignment group
BPIC14,itsm,handover,0.5,random,0.5035188602325881,B0,nb_0.800,0.7363753397225004,0.766843083965098,0.030467744242597683,46606,13982,3019,57,4,CI Name (aff),assignment group
BPIC14,itsm,handover,0.5,random,0.5035188602325881,B0+g,auc,0.732497973024232,0.8247885899834996,0.09229061695926755,46606,13982,3019,57,4,CI Name (aff),assignment group
BPIC14,itsm,handover,0.5,random,0.5035188602325881,B0+g,ap,0.973294516368866,0.9850323886997314,0.011737872330865429,46606,13982,3019,57,4,CI Name (aff),assignment group
BPIC14,itsm,handover,0.5,random,0.5035188602325881,B0+g,brier_skill,0.04975913228633977,0.15428837386509964,0.10452924157875987,46606,13982,3019,57,4,CI Name (aff),assignment group
BPIC14,itsm,handover,0.5,random,0.5035188602325881,B0+g,nagelkerke,0.15750539683939907,0.2742421923196246,0.11673679548022553,46606,13982,3019,57,4,CI Name (aff),assignment group
BPIC14,itsm,handover,0.5,random,0.5035188602325881,B0+g,nb_0.050,0.9423318702994075,0.9423318702994075,0.0,46606,13982,3019,57,4,CI Name (aff),assignment group
BPIC14,itsm,handover,0.5,random,0.5035188602325881,B0+g,nb_0.075,0.9407732721993914,0.9407790711609908,5.798961599357e-06,46606,13982,3019,57,4,CI Name (aff),assignment group
BPIC14,itsm,handover,0.5,random,0.5035188602325881,B0+g,nb_0.100,0.9391280853160412,0.9391360320411958,7.946725154583945e-06,46606,13982,3019,57,4,CI Name (aff),assignment group
BPIC14,itsm,handover,0.5,random,0.5035188602325881,B0+g,nb_0.125,0.9373888877536425,0.9373991049716983,1.0217218055830202e-05,46606,13982,3019,57,4,CI Name (aff),assignment group
BPIC14,itsm,handover,0.5,random,0.5035188602325881,B0+g,nb_0.150,0.9355473844522789,0.9355600057216421,1.2621269363188858e-05,46606,13982,3019,57,4,CI Name (aff),assignment group
BPIC14,itsm,handover,0.5,random,0.5035188602325881,B0+g,nb_0.175,0.93180626173045,0.9343571605050649,0.002550898774614896,46606,13982,3019,57,4,CI Name (aff),assignment group
BPIC14,itsm,handover,0.5,random,0.5035188602325881,B0+g,nb_0.200,0.9297310828207695,0.9324309826920326,0.0026998998712630673,46606,13982,3019,57,4,CI Name (aff),assignment group
BPIC14,itsm,handover,0.5,random,0.5035188602325881,B0+g,nb_0.225,0.9275220214007872,0.9301013745783749,0.0025793531775877288,46606,13982,3019,57,4,CI Name (aff),assignment group
BPIC14,itsm,handover,0.5,random,0.5035188602325881,B0+g,nb_0.250,0.9251656892194726,0.9268106613264673,0.0016449721069946577,46606,13982,3019,57,4,CI Name (aff),assignment group
BPIC14,itsm,handover,0.5,random,0.5035188602325881,B0+g,nb_0.275,0.9226468513704813,0.9246469598843833,0.002000108513901977,46606,13982,3019,57,4,CI Name (aff),assignment group
BPIC14,itsm,handover,0.5,random,0.5035188602325881,B0+g,nb_0.300,0.9199480965322763,0.922359359993461,0.0024112634611846984,46606,13982,3019,57,4,CI Name (aff),assignment group
BPIC14,itsm,handover,0.5,random,0.5035188602325881,B0+g,nb_0.325,0.9170494339282782,0.919801649740142,0.0027522158118638007,46606,13982,3019,57,4,CI Name (aff),assignment group
BPIC14,itsm,handover,0.5,random,0.5035188602325881,B0+g,nb_0.350,0.9138562767514277,0.9171242146496045,0.0032679378981768092,46606,13982,3019,57,4,CI Name (aff),assignment group
BPIC14,itsm,handover,0.5,random,0.5035188602325881,B0+g,nb_0.375,0.9105707338006008,0.9138320698040339,0.003261336003433035,46606,13982,3019,57,4,CI Name (aff),assignment group
BPIC14,itsm,handover,0.5,random,0.5035188602325881,B0+g,nb_0.400,0.9069279549897487,0.910766223239403,0.0038382682496543863,46606,13982,3019,57,4,CI Name (aff),assignment group
BPIC14,itsm,handover,0.5,random,0.5035188602325881,B0+g,nb_0.425,0.9028968922776488,0.907598589490836,0.00470169721318725,46606,13982,3019,57,4,CI Name (aff),assignment group
BPIC14,itsm,handover,0.5,random,0.5035188602325881,B0+g,nb_0.450,0.89856438797935,0.9041689965019961,0.005604608522646104,46606,13982,3019,57,4,CI Name (aff),assignment group
BPIC14,itsm,handover,0.5,random,0.5035188602325881,B0+g,nb_0.475,0.8918950214902154,0.9002493001205631,0.008354278630347767,46606,13982,3019,57,4,CI Name (aff),assignment group
BPIC14,itsm,handover,0.5,random,0.5035188602325881,B0+g,nb_0.500,0.8867114861965384,0.8951509083106851,0.008439422114146722,46606,13982,3019,57,4,CI Name (aff),assignment group
BPIC14,itsm,handover,0.5,random,0.5035188602325881,B0+g,nb_0.525,0.8809823156087903,0.8825181248070828,0.0015358091982925481,46606,13982,3019,57,4,CI Name (aff),assignment group
BPIC14,itsm,handover,0.5,random,0.5035188602325881,B0+g,nb_0.550,0.8746165705112923,0.8775409653681717,0.002924394856879453,46606,13982,3019,57,4,CI Name (aff),assignment group
BPIC14,itsm,handover,0.5,random,0.5035188602325881,B0+g,nb_0.575,0.867001270541116,0.859508443629204,-0.007492826911911998,46606,13982,3019,57,4,CI Name (aff),assignment group
BPIC14,itsm,handover,0.5,random,0.5035188602325881,B0+g,nb_0.600,0.8382205693033901,0.8539193248462309,0.015698755542840837,46606,13982,3019,57,4,CI Name (aff),assignment group
BPIC14,itsm,handover,0.5,random,0.5035188602325881,B0+g,nb_0.625,0.8308777952605731,0.8466838315930005,0.015806036332427387,46606,13982,3019,57,4,CI Name (aff),assignment group
BPIC14,itsm,handover,0.5,random,0.5035188602325881,B0+g,nb_0.650,0.8224451846251302,0.8394466354700942,0.017001450844964072,46606,13982,3019,57,4,CI Name (aff),assignment group
BPIC14,itsm,handover,0.5,random,0.5035188602325881,B0+g,nb_0.675,0.8238999592883157,0.8320257914021324,0.008125832113816678,46606,13982,3019,57,4,CI Name (aff),assignment group
BPIC14,itsm,handover,0.5,random,0.5035188602325881,B0+g,nb_0.700,0.8145472750679446,0.8223191722691079,0.007771897201163336,46606,13982,3019,57,4,CI Name (aff),assignment group
BPIC14,itsm,handover,0.5,random,0.5035188602325881,B0+g,nb_0.725,0.8034941028075058,0.8117514726726571,0.008257369865151354,46606,13982,3019,57,4,CI Name (aff),assignment group
BPIC14,itsm,handover,0.5,random,0.5035188602325881,B0+g,nb_0.750,0.7923043913603204,0.8068945787440995,0.014590187383779152,46606,13982,3019,57,4,CI Name (aff),assignment group
BPIC14,itsm,handover,0.5,random,0.5035188602325881,B0+g,nb_0.775,0.7764347812266565,0.7932818385543318,0.01684705732767522,46606,13982,3019,57,4,CI Name (aff),assignment group
BPIC14,itsm,handover,0.5,random,0.5035188602325881,B0+g,nb_0.800,0.7559004434272636,0.7753540266056358,0.019453583178372202,46606,13982,3019,57,4,CI Name (aff),assignment group
BPIC13_incidents,itsm,duration,1.0,full,1.0,empty,auc,0.5,0.6568655864663225,0.15686558646632254,7554,2267,704,806,5,product,org:resource
BPIC13_incidents,itsm,duration,1.0,full,1.0,empty,ap,0.15394794883105425,0.25174911728068206,0.0978011684496278,7554,2267,704,806,5,product,org:resource
BPIC13_incidents,itsm,duration,1.0,full,1.0,empty,brier_skill,-0.0002618463139367755,0.07788089252004105,0.07814273883397782,7554,2267,704,806,5,product,org:resource
BPIC13_incidents,itsm,duration,1.0,full,1.0,empty,nagelkerke,-0.0003491131850855999,0.10300427767131717,0.10335339085640277,7554,2267,704,806,5,product,org:resource
BPIC13_incidents,itsm,duration,1.0,full,1.0,empty,nb_0.050,0.10941889350637289,0.10941889350637289,0.0,7554,2267,704,806,5,product,org:resource
BPIC13_incidents,itsm,duration,1.0,full,1.0,empty,nb_0.075,0.08534913387141002,0.08534913387141002,0.0,7554,2267,704,806,5,product,org:resource
BPIC13_incidents,itsm,duration,1.0,full,1.0,empty,nb_0.100,0.059942165367838064,0.059942165367838064,0.0,7554,2267,704,806,5,product,org:resource
BPIC13_incidents,itsm,duration,1.0,full,1.0,empty,nb_0.125,0.033083370092633436,0.036927342617682275,0.003843972525048839,7554,2267,704,806,5,product,org:resource
BPIC13_incidents,itsm,duration,1.0,full,1.0,empty,nb_0.150,0.004644645683593232,0.010768312618386554,0.0061236669347933224,7554,2267,704,806,5,product,org:resource
BPIC13_incidents,itsm,duration,1.0,full,1.0,empty,nb_0.175,-0.025517637780540305,-0.015184932697063272,0.010332705083477034,7554,2267,704,806,5,product,org:resource
BPIC13_incidents,itsm,duration,1.0,full,1.0,empty,nb_0.200,-0.05756506396118218,-0.042677547419497135,0.014887516541685047,7554,2267,704,806,5,product,org:resource
BPIC13_incidents,itsm,duration,1.0,full,1.0,empty,nb_0.225,-0.09168006602444613,-0.06357698820382204,0.028103077820624087,7554,2267,704,806,5,product,org:resource
BPIC13_incidents,itsm,duration,1.0,full,1.0,empty,nb_0.250,-0.12806940155859428,-0.0846934274371416,0.04337597412145268,7554,2267,704,806,5,product,org:resource
BPIC13_incidents,itsm,duration,1.0,full,1.0,empty,nb_0.275,-0.16696834643992522,-0.11096238382793606,0.05600596261198916,7554,2267,704,806,5,product,org:resource
BPIC13_incidents,itsm,duration,1.0,full,1.0,empty,nb_0.300,-0.20864578738420825,-0.13611443695254904,0.0725313504316592,7554,2267,704,806,5,product,org:resource
BPIC13_incidents,itsm,duration,1.0,full,1.0,empty,nb_0.325,-0.2534104461762159,-0.16317861752356677,0.09023182865264912,7554,2267,704,806,5,product,org:resource
BPIC13_incidents,itsm,duration,1.0,full,1.0,empty,nb_0.350,-0.3016185402599165,-0.19184961487564045,0.10976892538427607,7554,2267,704,806,5,product,org:resource
BPIC13_incidents,itsm,duration,1.0,full,1.0,empty,nb_0.375,-0.35368328187031317,-0.18147331274812525,0.17220996912218792,7554,2267,704,806,5,product,org:resource
BPIC13_incidents,itsm,duration,1.0,full,1.0,empty,nb_0.400,-0.41008675194824296,-0.19570651374797826,0.2143802382002647,7554,2267,704,806,5,product,org:resource
BPIC13_incidents,itsm,duration,1.0,full,1.0,empty,nb_0.425,-0.4713948715981665,-0.2188488905084291,0.2525459810897374,7554,2267,704,806,5,product,org:resource
BPIC13_incidents,itsm,duration,1.0,full,1.0,empty,nb_0.450,-0.5382764566708105,-0.22576893772306209,0.3125075189477484,7554,2267,704,806,5,product,org:resource
BPIC13_incidents,itsm,duration,1.0,full,1.0,empty,nb_0.475,-0.6115277165122774,-0.2425273594219337,0.36900035709034373,7554,2267,704,806,5,product,org:resource
BPIC13_incidents,itsm,duration,1.0,full,1.0,empty,nb_0.500,-0.6921041023378914,-0.2779003087781209,0.41420379355977055,7554,2267,704,806,5,product,org:resource
BPIC13_incidents,itsm,duration,1.0,full,1.0,empty,nb_0.525,0.0,-0.21879135421261584,-0.21879135421261584,7554,2267,704,806,5,product,org:resource
BPIC13_incidents,itsm,duration,1.0,full,1.0,empty,nb_0.550,0.0,-0.1903641621330197,-0.1903641621330197,7554,2267,704,806,5,product,org:resource
BPIC13_incidents,itsm,duration,1.0,full,1.0,empty,nb_0.575,0.0,-0.20428656685435528,-0.20428656685435528,7554,2267,704,806,5,product,org:resource
BPIC13_incidents,itsm,duration,1.0,full,1.0,empty,nb_0.600,0.0,-0.20864578738420816,-0.20864578738420816,7554,2267,704,806,5,product,org:resource
BPIC13_incidents,itsm,duration,1.0,full,1.0,empty,nb_0.625,0.0,-0.2229083958241435,-0.2229083958241435,7554,2267,704,806,5,product,org:resource
BPIC13_incidents,itsm,duration,1.0,full,1.0,empty,nb_0.650,0.0,-0.16106875039384969,-0.16106875039384969,7554,2267,704,806,5,product,org:resource
BPIC13_incidents,itsm,duration,1.0,full,1.0,empty,nb_0.675,0.0,-0.15211563910284692,-0.15211563910284692,7554,2267,704,806,5,product,org:resource
BPIC13_incidents,itsm,duration,1.0,full,1.0,empty,nb_0.700,0.0,-0.13703867078370827,-0.13703867078370827,7554,2267,704,806,5,product,org:resource
BPIC13_incidents,itsm,duration,1.0,full,1.0,empty,nb_0.725,0.0,-0.11248345831495368,-0.11248345831495368,7554,2267,704,806,5,product,org:resource
BPIC13_incidents,itsm,duration,1.0,full,1.0,empty,nb_0.750,0.0,-0.10630789589766211,-0.10630789589766211,7554,2267,704,806,5,product,org:resource
BPIC13_incidents,itsm,duration,1.0,full,1.0,empty,nb_0.775,0.0,-0.04734597853256876,-0.04734597853256876,7554,2267,704,806,5,product,org:resource
BPIC13_incidents,itsm,duration,1.0,full,1.0,empty,nb_0.800,0.0,-0.0560211733568593,-0.0560211733568593,7554,2267,704,806,5,product,org:resource
BPIC13_incidents,itsm,duration,1.0,full,1.0,B0_half,auc,0.5668527089165827,0.6678727542718508,0.1010200453552681,7554,2267,704,806,5,product,org:resource
BPIC13_incidents,itsm,duration,1.0,full,1.0,B0_half,ap,0.19616662956174774,0.2649847524204003,0.06881812285865258,7554,2267,704,806,5,product,org:resource
BPIC13_incidents,itsm,duration,1.0,full,1.0,B0_half,brier_skill,0.0395972471946725,0.09412167135118643,0.05452442415651393,7554,2267,704,806,5,product,org:resource
BPIC13_incidents,itsm,duration,1.0,full,1.0,B0_half,nagelkerke,0.048217637232021195,0.1147646249093314,0.06654698767731021,7554,2267,704,806,5,product,org:resource
BPIC13_incidents,itsm,duration,1.0,full,1.0,B0_half,nb_0.050,0.10941889350637289,0.10941889350637289,0.0,7554,2267,704,806,5,product,org:resource
BPIC13_incidents,itsm,duration,1.0,full,1.0,B0_half,nb_0.075,0.08534913387141002,0.08534913387141002,0.0,7554,2267,704,806,5,product,org:resource
BPIC13_incidents,itsm,duration,1.0,full,1.0,B0_half,nb_0.100,0.059942165367838064,0.06111846297113169,0.0011762976032936232,7554,2267,704,806,5,product,org:resource
BPIC13_incidents,itsm,duration,1.0,full,1.0,B0_half,nb_0.125,0.033083370092633436,0.03617115130127922,0.003087781208645786,7554,2267,704,806,5,product,org:resource
BPIC13_incidents,itsm,duration,1.0,full,1.0,B0_half,nb_0.150,0.004644645683593232,0.009704455227172474,0.0050598095435792426,7554,2267,704,806,5,product,org:resource
BPIC13_incidents,itsm,duration,1.0,full,1.0,B0_half,nb_0.175,-0.025517637780540305,-0.014690353022951174,0.010827284757589132,7554,2267,704,806,5,product,org:resource
BPIC13_incidents,itsm,duration,1.0,full,1.0,B0_half,nb_0.200,-0.05756506396118218,-0.04256726951918836,0.014997794441993825,7554,2267,704,806,5,product,org:resource
BPIC13_incidents,itsm,duration,1.0,full,1.0,B0_half,nb_0.225,-0.09168006602444613,-0.055665438194572925,0.036014627829873205,7554,2267,704,806,5,product,org:resource
BPIC13_incidents,itsm,duration,1.0,full,1.0,B0_half,nb_0.250,-0.12806940155859428,-0.08087046022643728,0.047198941332157004,7554,2267,704,806,5,product,org:resource
BPIC13_incidents,itsm,duration,1.0,full,1.0,B0_half,nb_0.275,-0.15998661454451427,-0.1030527964954444,0.05693381804906987,7554,2267,704,806,5,product,org:resource
BPIC13_incidents,itsm,duration,1.0,full,1.0,B0_half,nb_0.300,-0.2006427626189426,-0.12804839624424982,0.07259436637469277,7554,2267,704,806,5,product,org:resource
BPIC13_incidents,itsm,duration,1.0,full,1.0,B0_half,nb_0.325,-0.24476792628535016,-0.15089284255583327,0.09387508372951689,7554,2267,704,806,5,product,org:resource
BPIC13_incidents,itsm,duration,1.0,full,1.0,B0_half,nb_0.350,-0.2758644090801126,-0.14220759390587356,0.13365681517423905,7554,2267,704,806,5,product,org:resource
BPIC13_incidents,itsm,duration,1.0,full,1.0,B0_half,nb_0.375,-0.3242170269078077,-0.1585355094838994,0.16568151742390827,7554,2267,704,806,5,product,org:resource
BPIC13_incidents,itsm,duration,1.0,full,1.0,B0_half,nb_0.400,-0.3765622702543744,-0.17497426848992798,0.2015880017644464,7554,2267,704,806,5,product,org:resource
BPIC13_incidents,itsm,duration,1.0,full,1.0,B0_half,nb_0.425,-0.2390057728083466,-0.1967549529161313,0.0422508198922153,7554,2267,704,806,5,product,org:resource
BPIC13_incidents,itsm,duration,1.0,full,1.0,B0_half,nb_0.450,-0.27148414003288285,-0.21762842362754137,0.05385571640534148,7554,2267,704,806,5,product,org:resource
BPIC13_incidents,itsm,duration,1.0,full,1.0,B0_half,nb_0.475,-0.31024849286869577,-0.24210725313504314,0.06814123973365263,7554,2267,704,806,5,product,org:resource
BPIC13_incidents,itsm,duration,1.0,full,1.0,B0_half,nb_0.500,-0.34803705337450375,-0.25363917071018965,0.09439788266431409,7554,2267,704,806,5,product,org:resource
BPIC13_incidents,itsm,duration,1.0,full,1.0,B0_half,nb_0.525,-0.08587746384045691,-0.19576068534812996,-0.10988322150767305,7554,2267,704,806,5,product,org:resource
BPIC13_incidents,itsm,duration,1.0,full,1.0,B0_half,nb_0.550,-0.09684850267117585,-0.21305690339655942,-0.11620840072538356,7554,2267,704,806,5,product,org:resource
BPIC13_incidents,itsm,duration,1.0,full,1.0,B0_half,nb_0.575,-0.11074495965126234,-0.2014063675757025,-0.09066140792444015,7554,2267,704,806,5,product,org:resource
BPIC13_incidents,itsm,duration,1.0,full,1.0,B0_half,nb_0.600,-0.1263784737538597,-0.18813409792677543,-0.061755624172915746,7554,2267,704,806,5,product,org:resource
BPIC13_incidents,itsm,duration,1.0,full,1.0,B0_half,nb_0.625,-0.06440229378032643,-0.19629466254962505,-0.1318923687692986,7554,2267,704,806,5,product,org:resource
BPIC13_incidents,itsm,duration,1.0,full,1.0,B0_half,nb_0.650,-0.06648181990043482,-0.17222257231079469,-0.10574075241035986,7554,2267,704,806,5,product,org:resource
BPIC13_incidents,itsm,duration,1.0,full,1.0,B0_half,nb_0.675,-0.07773743680228024,-0.16395778901292804,-0.0862203522106478,7554,2267,704,806,5,product,org:resource
BPIC13_incidents,itsm,duration,1.0,full,1.0,B0_half,nb_0.700,-0.07307748860461695,-0.14836053521540946,-0.0752830466107925,7554,2267,704,806,5,product,org:resource
BPIC13_incidents,itsm,duration,1.0,full,1.0,B0_half,nb_0.725,-0.061755624172915746,-0.15719613425833098,-0.09544051008541524,7554,2267,704,806,5,product,org:resource
BPIC13_incidents,itsm,duration,1.0,full,1.0,B0_half,nb_0.750,-0.01940891045434495,-0.11865902073224525,-0.0992501102779003,7554,2267,704,806,5,product,org:resource
BPIC13_incidents,itsm,duration,1.0,full,1.0,B0_half,nb_0.775,-0.016860265647208748,-0.1034161642895653,-0.08655589864235655,7554,2267,704,806,5,product,org:resource
BPIC13_incidents,itsm,duration,1.0,full,1.0,B0_half,nb_0.800,-0.02029113365681518,-0.09395677106307898,-0.0736656374062638,7554,2267,704,806,5,product,org:resource
BPIC13_incidents,itsm,duration,1.0,full,1.0,B0,auc,0.6492600637603044,0.6939624907750732,0.044702427014768786,7554,2267,704,806,5,product,org:resource
BPIC13_incidents,itsm,duration,1.0,full,1.0,B0,ap,0.25900431265903023,0.2898694387537926,0.030865126094762385,7554,2267,704,806,5,product,org:resource
BPIC13_incidents,itsm,duration,1.0,full,1.0,B0,brier_skill,0.10912528376559139,0.12356784457375036,0.014442560808158977,7554,2267,704,806,5,product,org:resource
BPIC13_incidents,itsm,duration,1.0,full,1.0,B0,nagelkerke,0.12425419447636911,0.14101675745146672,0.01676256297509761,7554,2267,704,806,5,product,org:resource
BPIC13_incidents,itsm,duration,1.0,full,1.0,B0,nb_0.050,0.10941889350637289,0.1094421099064379,2.3216400065015352e-05,7554,2267,704,806,5,product,org:resource
BPIC13_incidents,itsm,duration,1.0,full,1.0,B0,nb_0.075,0.08534913387141002,0.0851226171032082,-0.00022651676820181765,7554,2267,704,806,5,product,org:resource
BPIC13_incidents,itsm,duration,1.0,full,1.0,B0,nb_0.100,0.060383276969073175,0.061853648973190206,0.0014703720041170307,7554,2267,704,806,5,product,org:resource
BPIC13_incidents,itsm,duration,1.0,full,1.0,B0,nb_0.125,0.03371352952296932,0.036234167244312825,0.002520637721343505,7554,2267,704,806,5,product,org:resource
BPIC13_incidents,itsm,duration,1.0,full,1.0,B0,nb_0.150,0.00550092114481433,0.00988608941591633,0.004385168271101999,7554,2267,704,806,5,product,org:resource
BPIC13_incidents,itsm,duration,1.0,full,1.0,B0,nb_0.175,-0.024648781596289315,-0.01217735359773296,0.012471427998556354,7554,2267,704,806,5,product,org:resource
BPIC13_incidents,itsm,duration,1.0,full,1.0,B0,nb_0.200,-0.050838112042346714,-0.03561976179973533,0.015218350242611381,7554,2267,704,806,5,product,org:resource
BPIC13_incidents,itsm,duration,1.0,full,1.0,B0,nb_0.225,-0.07309646114660559,-0.04685743557636212,0.02623902557024347,7554,2267,704,806,5,product,org:resource
BPIC13_incidents,itsm,duration,1.0,full,1.0,B0,nb_0.250,-0.10439641229230993,-0.06998970739597117,0.03440670489633876,7554,2267,704,806,5,product,org:resource
BPIC13_incidents,itsm,duration,1.0,full,1.0,B0,nb_0.275,-0.1384177783186043,-0.09115799400696653,0.04725978431163777,7554,2267,704,806,5,product,org:resource
BPIC13_incidents,itsm,duration,1.0,full,1.0,B0,nb_0.300,-0.17247463608292898,-0.11494108009326363,0.05753355598966535,7554,2267,704,806,5,product,org:resource
BPIC13_incidents,itsm,duration,1.0,full,1.0,B0,nb_0.325,-0.2096423728536653,-0.13712035811727033,0.07252201473639497,7554,2267,704,806,5,product,org:resource
BPIC13_incidents,itsm,duration,1.0,full,1.0,B0,nb_0.350,-0.23843778629839504,-0.13070476061212716,0.10773302568626789,7554,2267,704,806,5,product,org:resource
BPIC13_incidents,itsm,duration,1.0,full,1.0,B0,nb_0.375,-0.18650198500220555,-0.14097926775474195,0.045522717247463595,7554,2267,704,806,5,product,org:resource
BPIC13_incidents,itsm,duration,1.0,full,1.0,B0,nb_0.400,-0.20041170416115278,-0.15982943684752243,0.04058226731363035,7554,2267,704,806,5,product,org:resource
BPIC13_incidents,itsm,duration,1.0,full,1.0,B0,nb_0.425,-0.23411518766421818,-0.17569666864847241,0.05841851901574577,7554,2267,704,806,5,product,org:resource
BPIC13_incidents,itsm,duration,1.0,full,1.0,B0,nb_0.450,-0.16433412198740824,-0.16401331355014634,0.0003208084372618991,7554,2267,704,806,5,product,org:resource
BPIC13_incidents,itsm,duration,1.0,full,1.0,B0,nb_0.475,-0.16289621274182364,-0.15669964501018754,0.006196567731636099,7554,2267,704,806,5,product,org:resource
BPIC13_incidents,itsm,duration,1.0,full,1.0,B0,nb_0.500,-0.1305690339655933,-0.16541685046316718,-0.034847816497573875,7554,2267,704,806,5,product,org:resource
BPIC13_incidents,itsm,duration,1.0,full,1.0,B0,nb_0.525,-0.08996355025189795,-0.18001996610405593,-0.09005641585215798,7554,2267,704,806,5,product,org:resource
BPIC13_incidents,itsm,duration,1.0,full,1.0,B0,nb_0.550,-0.09724060187227374,-0.1885997157280793,-0.09135911385580556,7554,2267,704,806,5,product,org:resource
BPIC13_incidents,itsm,duration,1.0,full,1.0,B0,nb_0.575,-0.10737175328887619,-0.19870780248579356,-0.09133604919691737,7554,2267,704,806,5,product,org:resource
BPIC13_incidents,itsm,duration,1.0,full,1.0,B0,nb_0.600,-0.1243934715483017,-0.1912218791354212,-0.06682840758711951,7554,2267,704,806,5,product,org:resource
BPIC13_incidents,itsm,duration,1.0,full,1.0,B0,nb_0.625,-0.12762828995735923,-0.18982502573151008,-0.06219673577415086,7554,2267,704,806,5,product,org:resource
BPIC13_incidents,itsm,duration,1.0,full,1.0,B0,nb_0.650,-0.11828092507404377,-0.18419560148717629,-0.06591467641313252,7554,2267,704,806,5,product,org:resource
BPIC13_incidents,itsm,duration,1.0,full,1.0,B0,nb_0.675,-0.1338264734824065,-0.18455430762444447,-0.050727834142037964,7554,2267,704,806,5,product,org:resource
BPIC13_incidents,itsm,duration,1.0,full,1.0,B0,nb_0.700,-0.1343920011762976,-0.15041905602117334,-0.016027054844875738,7554,2267,704,806,5,product,org:resource
BPIC13_incidents,itsm,duration,1.0,full,1.0,B0,nb_0.725,-0.13233348037053375,-0.15194289609816738,-0.01960941572763364,7554,2267,704,806,5,product,org:resource
BPIC13_incidents,itsm,duration,1.0,full,1.0,B0,nb_0.750,-0.12924569916188797,-0.1517423908248787,-0.02249669166299073,7554,2267,704,806,5,product,org:resource
BPIC13_incidents,itsm,duration,1.0,full,1.0,B0,nb_0.775,-0.13444101357643487,-0.14385139440278394,-0.009410380826349068,7554,2267,704,806,5,product,org:resource
BPIC13_incidents,itsm,duration,1.0,full,1.0,B0,nb_0.800,-0.10630789589766214,-0.14159682399647114,-0.035288928098809,7554,2267,704,806,5,product,org:resource
BPIC13_incidents,itsm,duration,1.0,full,1.0,B0+g,auc,0.6707672151327643,0.6985517985246094,0.027784583391845086,7554,2267,704,806,5,product,org:resource
BPIC13_incidents,itsm,duration,1.0,full,1.0,B0+g,ap,0.2668252823267649,0.28274866859079123,0.01592338626402634,7554,2267,704,806,5,product,org:resource
BPIC13_incidents,itsm,duration,1.0,full,1.0,B0+g,brier_skill,0.1254488378255343,0.13776682878291935,0.012317990957385061,7554,2267,704,806,5,product,org:resource
BPIC13_incidents,itsm,duration,1.0,full,1.0,B0+g,nagelkerke,0.14178965013641606,0.15300372198028336,0.011214071843867301,7554,2267,704,806,5,product,org:resource
BPIC13_incidents,itsm,duration,1.0,full,1.0,B0+g,nb_0.050,0.10941889350637289,0.10927959510598287,-0.00013929840039002273,7554,2267,704,806,5,product,org:resource
BPIC13_incidents,itsm,duration,1.0,full,1.0,B0+g,nb_0.075,0.085694869991297,0.08607637191668953,0.0003815019253925328,7554,2267,704,806,5,product,org:resource
BPIC13_incidents,itsm,duration,1.0,full,1.0,B0+g,nb_0.100,0.06102043817085722,0.06317698377689554,0.0021565456060383195,7554,2267,704,806,5,product,org:resource
BPIC13_incidents,itsm,duration,1.0,full,1.0,B0+g,nb_0.125,0.034910832440607484,0.04039321948452959,0.005482387043922107,7554,2267,704,806,5,product,org:resource
BPIC13_incidents,itsm,duration,1.0,full,1.0,B0+g,nb_0.150,0.009860141674667203,0.01855263499312385,0.008692493318456646,7554,2267,704,806,5,product,org:resource
BPIC13_incidents,itsm,duration,1.0,full,1.0,B0+g,nb_0.175,-0.016668671719399564,-0.002646669607410675,0.014022002111988889,7554,2267,704,806,5,product,org:resource
BPIC13_incidents,itsm,duration,1.0,full,1.0,B0+g,nb_0.200,-0.04400088222320247,-0.02238641376268196,0.02161446846052051,7554,2267,704,806,5,product,org:resource
BPIC13_incidents,itsm,duration,1.0,full,1.0,B0+g,nb_0.225,-0.05890974287462471,-0.0394581442008054,0.019451598673819306,7554,2267,704,806,5,product,org:resource
BPIC13_incidents,itsm,duration,1.0,full,1.0,B0+g,nb_0.250,-0.08395824143508307,-0.0564622849580944,0.027495956476988673,7554,2267,704,806,5,product,org:resource
BPIC13_incidents,itsm,duration,1.0,full,1.0,B0+g,nb_0.275,-0.1010601889174513,-0.0712319182270356,0.0298282706904157,7554,2267,704,806,5,product,org:resource
BPIC13_incidents,itsm,duration,1.0,full,1.0,B0+g,nb_0.300,-0.10561472052429266,-0.08998676665196297,0.015627953872329695,7554,2267,704,806,5,product,org:resource
BPIC13_incidents,itsm,duration,1.0,full,1.0,B0+g,nb_0.325,-0.12292309954418466,-0.10076949468215457,0.022153604862030093,7554,2267,704,806,5,product,org:resource
BPIC13_incidents,itsm,duration,1.0,full,1.0,B0+g,nb_0.350,-0.13328356689627088,-0.11258525329985407,0.020698313596416815,7554,2267,704,806,5,product,org:resource
BPIC13_incidents,itsm,duration,1.0,full,1.0,B0+g,nb_0.375,-0.141243934715483,-0.12262902514336127,0.018614909572121724,7554,2267,704,806,5,product,org:resource
BPIC13_incidents,itsm,duration,1.0,full,1.0,B0+g,nb_0.400,-0.14894868401705635,-0.12704014115571244,0.021908542861343916,7554,2267,704,806,5,product,org:resource
BPIC13_incidents,itsm,duration,1.0,full,1.0,B0+g,nb_0.425,-0.14221054448514606,-0.13473082602942027,0.007479718455725787,7554,2267,704,806,5,product,org:resource
BPIC13_incidents,itsm,duration,1.0,full,1.0,B0+g,nb_0.450,-0.15298552351926853,-0.14031359024742346,0.01267193327184507,7554,2267,704,806,5,product,org:resource
BPIC13_incidents,itsm,duration,1.0,full,1.0,B0+g,nb_0.475,-0.1489486840170563,-0.1578969479278257,-0.008948263910769388,7554,2267,704,806,5,product,org:resource
BPIC13_incidents,itsm,duration,1.0,full,1.0,B0+g,nb_0.500,-0.14777238641376267,-0.16850463167181298,-0.020732245258050314,7554,2267,704,806,5,product,org:resource
BPIC13_incidents,itsm,duration,1.0,full,1.0,B0+g,nb_0.525,-0.15392473243098928,-0.1806932417059411,-0.026768509274951807,7554,2267,704,806,5,product,org:resource
BPIC13_incidents,itsm,duration,1.0,full,1.0,B0+g,nb_0.550,-0.15429103563201496,-0.17884624810076954,-0.024555212468754584,7554,2267,704,806,5,product,org:resource
BPIC13_incidents,itsm,duration,1.0,full,1.0,B0+g,nb_0.575,-0.17089182386673238,-0.18516308155375075,-0.014271257687018368,7554,2267,704,806,5,product,org:resource
BPIC13_incidents,itsm,duration,1.0,full,1.0,B0+g,nb_0.600,-0.17468019408910448,-0.19563299514777233,-0.02095280105866784,7554,2267,704,806,5,product,org:resource
BPIC13_incidents,itsm,duration,1.0,full,1.0,B0+g,nb_0.625,-0.1879135421261579,-0.20585208057638585,-0.017938538450227942,7554,2267,704,806,5,product,org:resource
BPIC13_incidents,itsm,duration,1.0,full,1.0,B0+g,nb_0.650,-0.20454975108702506,-0.21255277585229068,-0.008003024765265626,7554,2267,704,806,5,product,org:resource
BPIC13_incidents,itsm,duration,1.0,full,1.0,B0+g,nb_0.675,-0.21285331342675862,-0.22852974110142185,-0.015676427674663235,7554,2267,704,806,5,product,org:resource
BPIC13_incidents,itsm,duration,1.0,full,1.0,B0+g,nb_0.700,-0.22599617703278926,-0.22673136303484775,-0.000735186002058491,7554,2267,704,806,5,product,org:resource
BPIC13_incidents,itsm,duration,1.0,full,1.0,B0+g,nb_0.725,-0.20098648594458035,-0.20122709227252675,-0.00024060632794639658,7554,2267,704,806,5,product,org:resource
BPIC13_incidents,itsm,duration,1.0,full,1.0,B0+g,nb_0.750,-0.17776797529775032,-0.19894133215703572,-0.021173356859285397,7554,2267,704,806,5,product,org:resource
BPIC13_incidents,itsm,duration,1.0,full,1.0,B0+g,nb_0.775,-0.17100426407881197,-0.1785031612998089,-0.00749889722099692,7554,2267,704,806,5,product,org:resource
BPIC13_incidents,itsm,duration,1.0,full,1.0,B0+g,nb_0.800,-0.17688575209528015,-0.1707101896779886,0.006175562417291558,7554,2267,704,806,5,product,org:resource
BPIC13_incidents,itsm,duration,0.75,rare-first,0.751919512840879,empty,auc,0.5,0.6383156403966643,0.13831564039666433,7554,2267,704,806,5,product,org:resource
BPIC13_incidents,itsm,duration,0.75,rare-first,0.751919512840879,empty,ap,0.15394794883105425,0.23036685249986794,0.07641890366881368,7554,2267,704,806,5,product,org:resource
BPIC13_incidents,itsm,duration,0.75,rare-first,0.751919512840879,empty,brier_skill,-0.0002618463139367755,0.06858785225727648,0.06884969857121326,7554,2267,704,806,5,product,org:resource
BPIC13_incidents,itsm,duration,0.75,rare-first,0.751919512840879,empty,nagelkerke,-0.0003491131850855999,0.09552217036088474,0.09587128354597034,7554,2267,704,806,5,product,org:resource
BPIC13_incidents,itsm,duration,0.75,rare-first,0.751919512840879,empty,nb_0.050,0.10941889350637289,0.10941889350637289,0.0,7554,2267,704,806,5,product,org:resource
BPIC13_incidents,itsm,duration,0.75,rare-first,0.751919512840879,empty,nb_0.075,0.08534913387141002,0.08534913387141002,0.0,7554,2267,704,806,5,product,org:resource
BPIC13_incidents,itsm,duration,0.75,rare-first,0.751919512840879,empty,nb_0.100,0.059942165367838064,0.06033426456893594,0.0003920992010978744,7554,2267,704,806,5,product,org:resource
BPIC13_incidents,itsm,duration,0.75,rare-first,0.751919512840879,empty,nb_0.125,0.033083370092633436,0.036927342617682275,0.003843972525048839,7554,2267,704,806,5,product,org:resource
BPIC13_incidents,itsm,duration,0.75,rare-first,0.751919512840879,empty,nb_0.150,0.004644645683593232,0.010768312618386554,0.0061236669347933224,7554,2267,704,806,5,product,org:resource
BPIC13_incidents,itsm,duration,0.75,rare-first,0.751919512840879,empty,nb_0.175,-0.025517637780540305,-0.01380812982048095,0.011709507960059356,7554,2267,704,806,5,product,org:resource
BPIC13_incidents,itsm,duration,0.75,rare-first,0.751919512840879,empty,nb_0.200,-0.05756506396118218,-0.04223643581826202,0.015328628142920159,7554,2267,704,806,5,product,org:resource
BPIC13_incidents,itsm,duration,0.75,rare-first,0.751919512840879,empty,nb_0.225,-0.09168006602444613,-0.06300781194416383,0.028672254080282303,7554,2267,704,806,5,product,org:resource
BPIC13_incidents,itsm,duration,0.75,rare-first,0.751919512840879,empty,nb_0.250,-0.12806940155859428,-0.08381120423467137,0.044258197323922915,7554,2267,704,806,5,product,org:resource
BPIC13_incidents,itsm,duration,0.75,rare-first,0.751919512840879,empty,nb_0.275,-0.16696834643992522,-0.1130006236405397,0.053967722799385526,7554,2267,704,806,5,product,org:resource
BPIC13_incidents,itsm,duration,0.75,rare-first,0.751919512840879,empty,nb_0.300,-0.20864578738420825,-0.1403365051357994,0.06830928224840885,7554,2267,704,806,5,product,org:resource
BPIC13_incidents,itsm,duration,0.75,rare-first,0.751919512840879,empty,nb_0.325,-0.2534104461762159,-0.17136368834648497,0.08204675782973092,7554,2267,704,806,5,product,org:resource
BPIC13_incidents,itsm,duration,0.75,rare-first,0.751919512840879,empty,nb_0.350,-0.3016185402599165,-0.20104509517831085,0.10057344508160568,7554,2267,704,806,5,product,org:resource
BPIC13_incidents,itsm,duration,0.75,rare-first,0.751919512840879,empty,nb_0.375,-0.35368328187031317,-0.19338332598147331,0.16029995588883986,7554,2267,704,806,5,product,org:resource
BPIC13_incidents,itsm,duration,0.75,rare-first,0.751919512840879,empty,nb_0.400,-0.41008675194824296,-0.21232171739450081,0.19776503455374214,7554,2267,704,806,5,product,org:resource
BPIC13_incidents,itsm,duration,0.75,rare-first,0.751919512840879,empty,nb_0.425,-0.4713948715981665,-0.2421127327822635,0.229282138815903,7554,2267,704,806,5,product,org:resource
BPIC13_incidents,itsm,duration,0.75,rare-first,0.751919512840879,empty,nb_0.450,-0.5382764566708105,-0.2644664554677788,0.27381000120303167,7554,2267,704,806,5,product,org:resource
BPIC13_incidents,itsm,duration,0.75,rare-first,0.751919512840879,empty,nb_0.475,-0.6115277165122774,-0.2932341882496271,0.31829352826265034,7554,2267,704,806,5,product,org:resource
BPIC13_incidents,itsm,duration,0.75,rare-first,0.751919512840879,empty,nb_0.500,-0.6921041023378914,-0.33039258932509924,0.3617115130127922,7554,2267,704,806,5,product,org:resource
BPIC13_incidents,itsm,duration,0.75,rare-first,0.751919512840879,empty,nb_0.525,0.0,-0.2936178116221299,-0.2936178116221299,7554,2267,704,806,5,product,org:resource
BPIC13_incidents,itsm,duration,0.75,rare-first,0.751919512840879,empty,nb_0.550,0.0,-0.3151987452825566,-0.3151987452825566,7554,2267,704,806,5,product,org:resource
BPIC13_incidents,itsm,duration,0.75,rare-first,0.751919512840879,empty,nb_0.575,0.0,-0.14250499494019042,-0.14250499494019042,7554,2267,704,806,5,product,org:resource
BPIC13_incidents,itsm,duration,0.75,rare-first,0.751919512840879,empty,nb_0.600,0.0,-0.1601235112483458,-0.1601235112483458,7554,2267,704,806,5,product,org:resource
BPIC13_incidents,itsm,duration,0.75,rare-first,0.751919512840879,empty,nb_0.625,0.0,-0.13350977797382738,-0.13350977797382738,7554,2267,704,806,5,product,org:resource
BPIC13_incidents,itsm,duration,0.75,rare-first,0.751919512840879,empty,nb_0.650,0.0,-0.12823744407335058,-0.12823744407335058,7554,2267,704,806,5,product,org:resource
BPIC13_incidents,itsm,duration,0.75,rare-first,0.751919512840879,empty,nb_0.675,0.0,-0.12055919378371963,-0.12055919378371963,7554,2267,704,806,5,product,org:resource
BPIC13_incidents,itsm,duration,0.75,rare-first,0.751919512840879,empty,nb_0.700,0.0,-0.11380679311865899,-0.11380679311865899,7554,2267,704,806,5,product,org:resource
BPIC13_incidents,itsm,duration,0.75,rare-first,0.751919512840879,empty,nb_0.725,0.0,-0.08786141075510284,-0.08786141075510284,7554,2267,704,806,5,product,org:resource
BPIC13_incidents,itsm,duration,0.75,rare-first,0.751919512840879,empty,nb_0.750,0.0,-0.07543008381120424,-0.07543008381120424,7554,2267,704,806,5,product,org:resource
BPIC13_incidents,itsm,duration,0.75,rare-first,0.751919512840879,empty,nb_0.775,0.0,-0.04303288732049209,-0.04303288732049209,7554,2267,704,806,5,product,org:resource
BPIC13_incidents,itsm,duration,0.75,rare-first,0.751919512840879,empty,nb_0.800,0.0,-0.0419056021173357,-0.0419056021173357,7554,2267,704,806,5,product,org:resource
BPIC13_incidents,itsm,duration,0.75,rare-first,0.751919512840879,B0_half,auc,0.5668527089165827,0.651760130986492,0.08490742206990931,7554,2267,704,806,5,product,org:resource
BPIC13_incidents,itsm,duration,0.75,rare-first,0.751919512840879,B0_half,ap,0.19616662956174774,0.2506156098688517,0.054448980307103934,7554,2267,704,806,5,product,org:resource
BPIC13_incidents,itsm,duration,0.75,rare-first,0.751919512840879,B0_half,brier_skill,0.0395972471946725,0.09131097882243733,0.051713731627764825,7554,2267,704,806,5,product,org:resource
BPIC13_incidents,itsm,duration,0.75,rare-first,0.751919512840879,B0_half,nagelkerke,0.048217637232021195,0.11511377885771845,0.06689614162569726,7554,2267,704,806,5,product,org:resource
BPIC13_incidents,itsm,duration,0.75,rare-first,0.751919512840879,B0_half,nb_0.050,0.10941889350637289,0.10941889350637289,0.0,7554,2267,704,806,5,product,org:resource
BPIC13_incidents,itsm,duration,0.75,rare-first,0.751919512840879,B0_half,nb_0.075,0.08534913387141002,0.08534913387141002,0.0,7554,2267,704,806,5,product,org:resource
BPIC13_incidents,itsm,duration,0.75,rare-first,0.751919512840879,B0_half,nb_0.100,0.059942165367838064,0.061412537371955095,0.0014703720041170307,7554,2267,704,806,5,product,org:resource
BPIC13_incidents,itsm,duration,0.75,rare-first,0.751919512840879,B0_half,nb_0.125,0.033083370092633436,0.03610813535824565,0.0030247652656122115,7554,2267,704,806,5,product,org:resource
BPIC13_incidents,itsm,duration,0.75,rare-first,0.751919512840879,B0_half,nb_0.150,0.004644645683593232,0.009912037157165456,0.005267391473572225,7554,2267,704,806,5,product,org:resource
BPIC13_incidents,itsm,duration,0.75,rare-first,0.751919512840879,B0_half,nb_0.175,-0.025517637780540305,-0.014783922150485886,0.01073371563005442,7554,2267,704,806,5,product,org:resource
BPIC13_incidents,itsm,duration,0.75,rare-first,0.751919512840879,B0_half,nb_0.200,-0.05756506396118218,-0.04190560211733568,0.0156594618438465,7554,2267,704,806,5,product,org:resource
BPIC13_incidents,itsm,duration,0.75,rare-first,0.751919512840879,B0_half,nb_0.225,-0.09168006602444613,-0.05730181994109027,0.03437824608335586,7554,2267,704,806,5,product,org:resource
BPIC13_incidents,itsm,duration,0.75,rare-first,0.751919512840879,B0_half,nb_0.250,-0.12806940155859428,-0.08351712983384793,0.04455227172474635,7554,2267,704,806,5,product,org:resource
BPIC13_incidents,itsm,duration,0.75,rare-first,0.751919512840879,B0_half,nb_0.275,-0.15998661454451427,-0.10948694157552898,0.05049967296898529,7554,2267,704,806,5,product,org:resource
BPIC13_incidents,itsm,duration,0.75,rare-first,0.751919512840879,B0_half,nb_0.300,-0.2006427626189426,-0.12949776293402235,0.07114499968492025,7554,2267,704,806,5,product,org:resource
BPIC13_incidents,itsm,duration,0.75,rare-first,0.751919512840879,B0_half,nb_0.325,-0.24476792628535016,-0.15460144749955068,0.09016647878579948,7554,2267,704,806,5,product,org:resource
BPIC13_incidents,itsm,duration,0.75,rare-first,0.751919512840879,B0_half,nb_0.350,-0.2758644090801126,-0.14902785789420106,0.12683655118591156,7554,2267,704,806,5,product,org:resource
BPIC13_incidents,itsm,duration,0.75,rare-first,0.751919512840879,B0_half,nb_0.375,-0.3242170269078077,-0.16929863255403615,0.15491839435377153,7554,2267,704,806,5,product,org:resource
BPIC13_incidents,itsm,duration,0.75,rare-first,0.751919512840879,B0_half,nb_0.400,-0.3765622702543744,-0.1923246581385091,0.18423761211586528,7554,2267,704,806,5,product,org:resource
BPIC13_incidents,itsm,duration,0.75,rare-first,0.751919512840879,B0_half,nb_0.425,-0.2390057728083466,-0.21819681248921197,0.020808960319134623,7554,2267,704,806,5,product,org:resource
BPIC13_incidents,itsm,duration,0.75,rare-first,0.751919512840879,B0_half,nb_0.450,-0.27148414003288285,-0.24529815134138025,0.0261859886915026,7554,2267,704,806,5,product,org:resource
BPIC13_incidents,itsm,duration,0.75,rare-first,0.751919512840879,B0_half,nb_0.475,-0.31024849286869577,-0.27836242569370045,0.031886067174995314,7554,2267,704,806,5,product,org:resource
BPIC13_incidents,itsm,duration,0.75,rare-first,0.751919512840879,B0_half,nb_0.500,-0.34803705337450375,-0.2474636082928981,0.10057344508160565,7554,2267,704,806,5,product,org:resource
BPIC13_incidents,itsm,duration,0.75,rare-first,0.751919512840879,B0_half,nb_0.525,-0.08587746384045691,-0.19933601095814085,-0.11345854711768394,7554,2267,704,806,5,product,org:resource
BPIC13_incidents,itsm,duration,0.75,rare-first,0.751919512840879,B0_half,nb_0.550,-0.09684850267117585,-0.22236925942263402,-0.12552075675145818,7554,2267,704,806,5,product,org:resource
BPIC13_incidents,itsm,duration,0.75,rare-first,0.751919512840879,B0_half,nb_0.575,-0.11074495965126234,-0.17857235527647317,-0.06782739562521083,7554,2267,704,806,5,product,org:resource
BPIC13_incidents,itsm,duration,0.75,rare-first,0.751919512840879,B0_half,nb_0.600,-0.1263784737538597,-0.1861490957212174,-0.05977062196735772,7554,2267,704,806,5,product,org:resource
BPIC13_incidents,itsm,duration,0.75,rare-first,0.751919512840879,B0_half,nb_0.625,-0.06440229378032643,-0.18291427731216,-0.11851198353183358,7554,2267,704,806,5,product,org:resource
BPIC13_incidents,itsm,duration,0.75,rare-first,0.751919512840879,B0_half,nb_0.650,-0.06648181990043482,-0.17531035351944044,-0.10882853361900562,7554,2267,704,806,5,product,org:resource
BPIC13_incidents,itsm,duration,0.75,rare-first,0.751919512840879,B0_half,nb_0.675,-0.07773743680228024,-0.15313358895185103,-0.0753961521495708,7554,2267,704,806,5,product,org:resource
BPIC13_incidents,itsm,duration,0.75,rare-first,0.751919512840879,B0_half,nb_0.700,-0.07307748860461695,-0.12321717394500808,-0.050139685340391135,7554,2267,704,806,5,product,org:resource
BPIC13_incidents,itsm,duration,0.75,rare-first,0.751919512840879,B0_half,nb_0.725,-0.061755624172915746,-0.13489994786862894,-0.07314432369571319,7554,2267,704,806,5,product,org:resource
BPIC13_incidents,itsm,duration,0.75,rare-first,0.751919512840879,B0_half,nb_0.750,-0.01940891045434495,-0.10895456550507278,-0.08954565505072783,7554,2267,704,806,5,product,org:resource
BPIC13_incidents,itsm,duration,0.75,rare-first,0.751919512840879,B0_half,nb_0.775,-0.016860265647208748,-0.07395971180708721,-0.05709944615987847,7554,2267,704,806,5,product,org:resource
BPIC13_incidents,itsm,duration,0.75,rare-first,0.751919512840879,B0_half,nb_0.800,-0.02029113365681518,-0.07146007940008825,-0.05116894574327307,7554,2267,704,806,5,product,org:resource
BPIC13_incidents,itsm,duration,0.75,rare-first,0.751919512840879,B0,auc,0.6492600637603044,0.6907206946108501,0.04146063085054563,7554,2267,704,806,5,product,org:resource
BPIC13_incidents,itsm,duration,0.75,rare-first,0.751919512840879,B0,ap,0.25900431265903023,0.285890215667932,0.026885903008901757,7554,2267,704,806,5,product,org:resource
BPIC13_incidents,itsm,duration,0.75,rare-first,0.751919512840879,B0,brier_skill,0.10912528376559139,0.12569846436296972,0.016573180597378334,7554,2267,704,806,5,product,org:resource
BPIC13_incidents,itsm,duration,0.75,rare-first,0.751919512840879,B0,nagelkerke,0.12425419447636911,0.1449499512148917,0.0206957567385226,7554,2267,704,806,5,product,org:resource
BPIC13_incidents,itsm,duration,0.75,rare-first,0.751919512840879,B0,nb_0.050,0.10941889350637289,0.1090009983052028,-0.00041789520117009593,7554,2267,704,806,5,product,org:resource
BPIC13_incidents,itsm,duration,0.75,rare-first,0.751919512840879,B0,nb_0.075,0.08534913387141002,0.08515838290871375,-0.00019075096269627334,7554,2267,704,806,5,product,org:resource
BPIC13_incidents,itsm,duration,0.75,rare-first,0.751919512840879,B0,nb_0.100,0.060383276969073175,0.06195167377346468,0.0015683968043915045,7554,2267,704,806,5,product,org:resource
BPIC13_incidents,itsm,duration,0.75,rare-first,0.751919512840879,B0,nb_0.125,0.03371352952296932,0.03566702375701054,0.001953494234041217,7554,2267,704,806,5,product,org:resource
BPIC13_incidents,itsm,duration,0.75,rare-first,0.751919512840879,B0,nb_0.150,0.00550092114481433,0.010482887464646196,0.004981966319831866,7554,2267,704,806,5,product,org:resource
BPIC13_incidents,itsm,duration,0.75,rare-first,0.751919512840879,B0,nb_0.175,-0.024648781596289315,-0.011789710069374834,0.01285907152691448,7554,2267,704,806,5,product,org:resource
BPIC13_incidents,itsm,duration,0.75,rare-first,0.751919512840879,B0,nb_0.200,-0.050838112042346714,-0.036501985002205556,0.014336127040141158,7554,2267,704,806,5,product,org:resource
BPIC13_incidents,itsm,duration,0.75,rare-first,0.751919512840879,B0,nb_0.225,-0.07309646114660559,-0.04840844088393073,0.02468802026267486,7554,2267,704,806,5,product,org:resource
BPIC13_incidents,itsm,duration,0.75,rare-first,0.751919512840879,B0,nb_0.250,-0.10439641229230993,-0.07381267460667548,0.03058373768563445,7554,2267,704,806,5,product,org:resource
BPIC13_incidents,itsm,duration,0.75,rare-first,0.751919512840879,B0,nb_0.275,-0.1384177783186043,-0.09307454786060873,0.04534323045799557,7554,2267,704,806,5,product,org:resource
BPIC13_incidents,itsm,duration,0.75,rare-first,0.751919512840879,B0,nb_0.300,-0.17247463608292898,-0.11651647866910332,0.05595815741382566,7554,2267,704,806,5,product,org:resource
BPIC13_incidents,itsm,duration,0.75,rare-first,0.751919512840879,B0,nb_0.325,-0.2096423728536653,-0.14215229786469308,0.06749007498897222,7554,2267,704,806,5,product,org:resource
BPIC13_incidents,itsm,duration,0.75,rare-first,0.751919512840879,B0,nb_0.350,-0.23843778629839504,-0.13732143463065385,0.10111635166774119,7554,2267,704,806,5,product,org:resource
BPIC13_incidents,itsm,duration,0.75,rare-first,0.751919512840879,B0,nb_0.375,-0.18650198500220555,-0.15306572562858403,0.03343625937362152,7554,2267,704,806,5,product,org:resource
BPIC13_incidents,itsm,duration,0.75,rare-first,0.751919512840879,B0,nb_0.400,-0.20041170416115278,-0.17394500808704605,0.026466696074106733,7554,2267,704,806,5,product,org:resource
BPIC13_incidents,itsm,duration,0.75,rare-first,0.751919512840879,B0,nb_0.425,-0.23411518766421818,-0.18816286607468213,0.04595232158953605,7554,2267,704,806,5,product,org:resource
BPIC13_incidents,itsm,duration,0.75,rare-first,0.751919512840879,B0,nb_0.450,-0.16433412198740824,-0.16561735573645583,-0.0012832337490475965,7554,2267,704,806,5,product,org:resource
BPIC13_incidents,itsm,duration,0.75,rare-first,0.751919512840879,B0,nb_0.475,-0.16289621274182364,-0.15890520301636313,0.003991009725460515,7554,2267,704,806,5,product,org:resource
BPIC13_incidents,itsm,duration,0.75,rare-first,0.751919512840879,B0,nb_0.500,-0.1305690339655933,-0.1552712836347596,-0.024702249669166287,7554,2267,704,806,5,product,org:resource
BPIC13_incidents,itsm,duration,0.75,rare-first,0.751919512840879,B0,nb_0.525,-0.08996355025189795,-0.17461054488890954,-0.08464699463701159,7554,2267,704,806,5,product,org:resource
BPIC13_incidents,itsm,duration,0.75,rare-first,0.751919512840879,B0,nb_0.550,-0.09724060187227374,-0.1803166201048866,-0.08307601823261287,7554,2267,704,806,5,product,org:resource
BPIC13_incidents,itsm,duration,0.75,rare-first,0.751919512840879,B0,nb_0.575,-0.10737175328887619,-0.17522509665533612,-0.06785334336645993,7554,2267,704,806,5,product,org:resource
BPIC13_incidents,itsm,duration,0.75,rare-first,0.751919512840879,B0,nb_0.600,-0.1243934715483017,-0.18195853550948385,-0.05756506396118215,7554,2267,704,806,5,product,org:resource
BPIC13_incidents,itsm,duration,0.75,rare-first,0.751919512840879,B0,nb_0.625,-0.12762828995735923,-0.17203352448169387,-0.04440523452433465,7554,2267,704,806,5,product,org:resource
BPIC13_incidents,itsm,duration,0.75,rare-first,0.751919512840879,B0,nb_0.650,-0.11828092507404377,-0.14651206755309096,-0.02823114247904719,7554,2267,704,806,5,product,org:resource
BPIC13_incidents,itsm,duration,0.75,rare-first,0.751919512840879,B0,nb_0.675,-0.1338264734824065,-0.162871975840657,-0.029045502358250486,7554,2267,704,806,5,product,org:resource
BPIC13_incidents,itsm,duration,0.75,rare-first,0.751919512840879,B0,nb_0.700,-0.1343920011762976,-0.1461549772092339,-0.011762976032936301,7554,2267,704,806,5,product,org:resource
BPIC13_incidents,itsm,duration,0.75,rare-first,0.751919512840879,B0,nb_0.725,-0.13233348037053375,-0.14628864739142639,-0.01395516702089264,7554,2267,704,806,5,product,org:resource
BPIC13_incidents,itsm,duration,0.75,rare-first,0.751919512840879,B0,nb_0.750,-0.12924569916188797,-0.141155712395236,-0.011910013233348032,7554,2267,704,806,5,product,org:resource
BPIC13_incidents,itsm,duration,0.75,rare-first,0.751919512840879,B0,nb_0.775,-0.13444101357643487,-0.14017546439249132,-0.005734450816056447,7554,2267,704,806,5,product,org:resource
BPIC13_incidents,itsm,duration,0.75,rare-first,0.751919512840879,B0,nb_0.800,-0.10630789589766214,-0.1398323775915307,-0.033524481693868555,7554,2267,704,806,5,product,org:resource
BPIC13_incidents,itsm,duration,0.75,rare-first,0.751919512840879,B0+g,auc,0.6707672151327643,0.6950388567365122,0.02427164160374795,7554,2267,704,806,5,product,org:resource
BPIC13_incidents,itsm,duration,0.75,rare-first,0.751919512840879,B0+g,ap,0.2668252823267649,0.28115954756340805,0.014334265236643162,7554,2267,704,806,5,product,org:resource
BPIC13_incidents,itsm,duration,0.75,rare-first,0.751919512840879,B0+g,brier_skill,0.1254488378255343,0.14008776840145776,0.01463893057592347,7554,2267,704,806,5,product,org:resource
BPIC13_incidents,itsm,duration,0.75,rare-first,0.751919512840879,B0+g,nagelkerke,0.14178965013641606,0.15759290994686834,0.015803259810452275,7554,2267,704,806,5,product,org:resource
BPIC13_incidents,itsm,duration,0.75,rare-first,0.751919512840879,B0+g,nb_0.050,0.10941889350637289,0.10925637870591785,-0.00016251480045503808,7554,2267,704,806,5,product,org:resource
BPIC13_incidents,itsm,duration,0.75,rare-first,0.751919512840879,B0+g,nb_0.075,0.085694869991297,0.0851941487142193,-0.0005007212770776898,7554,2267,704,806,5,product,org:resource
BPIC13_incidents,itsm,duration,0.75,rare-first,0.751919512840879,B0+g,nb_0.100,0.06102043817085722,0.06371612017840513,0.0026956820075479046,7554,2267,704,806,5,product,org:resource
BPIC13_incidents,itsm,duration,0.75,rare-first,0.751919512840879,B0+g,nb_0.125,0.034910832440607484,0.04058226731363035,0.005671434873022865,7554,2267,704,806,5,product,org:resource
BPIC13_incidents,itsm,duration,0.75,rare-first,0.751919512840879,B0+g,nb_0.150,0.009860141674667203,0.016840084070681625,0.006979942396014422,7554,2267,704,806,5,product,org:resource
BPIC13_incidents,itsm,duration,0.75,rare-first,0.751919512840879,B0+g,nb_0.175,-0.016668671719399564,-0.002553100479875964,0.0141155712395236,7554,2267,704,806,5,product,org:resource
BPIC13_incidents,itsm,duration,0.75,rare-first,0.751919512840879,B0+g,nb_0.200,-0.04400088222320247,-0.0221658579620644,0.021835024261138068,7554,2267,704,806,5,product,org:resource
BPIC13_incidents,itsm,duration,0.75,rare-first,0.751919512840879,B0+g,nb_0.225,-0.05890974287462471,-0.039956173428006336,0.01895356944661837,7554,2267,704,806,5,product,org:resource
BPIC13_incidents,itsm,duration,0.75,rare-first,0.751919512840879,B0+g,nb_0.250,-0.08395824143508307,-0.058373768563446546,0.025584472871636524,7554,2267,704,806,5,product,org:resource
BPIC13_incidents,itsm,duration,0.75,rare-first,0.751919512840879,B0+g,nb_0.275,-0.1010601889174513,-0.07170345131801108,0.029356737599440227,7554,2267,704,806,5,product,org:resource
BPIC13_incidents,itsm,duration,0.75,rare-first,0.751919512840879,B0+g,nb_0.300,-0.10561472052429266,-0.09112105362656754,0.014493666897725119,7554,2267,704,806,5,product,org:resource
BPIC13_incidents,itsm,duration,0.75,rare-first,0.751919512840879,B0+g,nb_0.325,-0.12292309954418466,-0.10353052655655214,0.019392572987632528,7554,2267,704,806,5,product,org:resource
BPIC13_incidents,itsm,duration,0.75,rare-first,0.751919512840879,B0+g,nb_0.350,-0.13328356689627088,-0.11730175426690645,0.015981812629364434,7554,2267,704,806,5,product,org:resource
BPIC13_incidents,itsm,duration,0.75,rare-first,0.751919512840879,B0+g,nb_0.375,-0.141243934715483,-0.1263343625937362,0.01490957212174679,7554,2267,704,806,5,product,org:resource
BPIC13_incidents,itsm,duration,0.75,rare-first,0.751919512840879,B0+g,nb_0.400,-0.14894868401705635,-0.1302749595647699,0.01867372445228646,7554,2267,704,806,5,product,org:resource
BPIC13_incidents,itsm,duration,0.75,rare-first,0.751919512840879,B0+g,nb_0.425,-0.14221054448514606,-0.14338044916668266,-0.0011699046815366043,7554,2267,704,806,5,product,org:resource
BPIC13_incidents,itsm,duration,0.75,rare-first,0.751919512840879,B0+g,nb_0.450,-0.15298552351926853,-0.14917592332678348,0.003809600192485052,7554,2267,704,806,5,product,org:resource
BPIC13_incidents,itsm,duration,0.75,rare-first,0.751919512840879,B0+g,nb_0.475,-0.1489486840170563,-0.15966139433276613,-0.010712710315709834,7554,2267,704,806,5,product,org:resource
BPIC13_incidents,itsm,duration,0.75,rare-first,0.751919512840879,B0+g,nb_0.500,-0.14777238641376267,-0.15394794883105425,-0.006175562417291586,7554,2267,704,806,5,product,org:resource
BPIC13_incidents,itsm,duration,0.75,rare-first,0.751919512840879,B0+g,nb_0.525,-0.15392473243098928,-0.1676920576695378,-0.013767325238548511,7554,2267,704,806,5,product,org:resource
BPIC13_incidents,itsm,duration,0.75,rare-first,0.751919512840879,B0+g,nb_0.550,-0.15429103563201496,-0.1736999460863599,-0.019408910454344952,7554,2267,704,806,5,product,org:resource
BPIC13_incidents,itsm,duration,0.75,rare-first,0.751919512840879,B0+g,nb_0.575,-0.17089182386673238,-0.18108928617763823,-0.010197462310905847,7554,2267,704,806,5,product,org:resource
BPIC13_incidents,itsm,duration,0.75,rare-first,0.751919512840879,B0+g,nb_0.600,-0.17468019408910448,-0.19254521393912655,-0.017865019850022062,7554,2267,704,806,5,product,org:resource
BPIC13_incidents,itsm,duration,0.75,rare-first,0.751919512840879,B0+g,nb_0.625,-0.1879135421261579,-0.20452874577268051,-0.01661520364652261,7554,2267,704,806,5,product,org:resource
BPIC13_incidents,itsm,duration,0.75,rare-first,0.751919512840879,B0+g,nb_0.650,-0.20454975108702506,-0.2093389627575777,-0.004789211670552657,7554,2267,704,806,5,product,org:resource
BPIC13_incidents,itsm,duration,0.75,rare-first,0.751919512840879,B0+g,nb_0.675,-0.21285331342675862,-0.22717247463608303,-0.014319161209324416,7554,2267,704,806,5,product,org:resource
BPIC13_incidents,itsm,duration,0.75,rare-first,0.751919512840879,B0+g,nb_0.700,-0.22599617703278926,-0.2099691221879135,0.016027054844875765,7554,2267,704,806,5,product,org:resource
BPIC13_incidents,itsm,duration,0.75,rare-first,0.751919512840879,B0+g,nb_0.725,-0.20098648594458035,-0.1981794121185387,0.002807073826041645,7554,2267,704,806,5,product,org:resource
BPIC13_incidents,itsm,duration,0.75,rare-first,0.751919512840879,B0+g,nb_0.750,-0.17776797529775032,-0.17865019850022057,-0.0008822232024702503,7554,2267,704,806,5,product,org:resource
BPIC13_incidents,itsm,duration,0.75,rare-first,0.751919512840879,B0+g,nb_0.775,-0.17100426407881197,-0.17026907807675346,0.0007351860020585188,7554,2267,704,806,5,product,org:resource
BPIC13_incidents,itsm,duration,0.75,rare-first,0.751919512840879,B0+g,nb_0.800,-0.17688575209528015,-0.17600352889280993,0.0008822232024702226,7554,2267,704,806,5,product,org:resource
BPIC13_incidents,itsm,duration,0.5,rare-first,0.5006619009796135,empty,auc,0.5,0.6018566379137772,0.10185663791377719,7554,2267,704,806,5,product,org:resource
BPIC13_incidents,itsm,duration,0.5,rare-first,0.5006619009796135,empty,ap,0.15394794883105425,0.1978425824578207,0.04389463362676643,7554,2267,704,806,5,product,org:resource
BPIC13_incidents,itsm,duration,0.5,rare-first,0.5006619009796135,empty,brier_skill,-0.0002618463139367755,0.05721332154136849,0.057475167855305265,7554,2267,704,806,5,product,org:resource
BPIC13_incidents,itsm,duration,0.5,rare-first,0.5006619009796135,empty,nagelkerke,-0.0003491131850855999,0.08141670045692717,0.08176581364201277,7554,2267,704,806,5,product,org:resource
BPIC13_incidents,itsm,duration,0.5,rare-first,0.5006619009796135,empty,nb_0.050,0.10941889350637289,0.10941889350637289,0.0,7554,2267,704,806,5,product,org:resource
BPIC13_incidents,itsm,duration,0.5,rare-first,0.5006619009796135,empty,nb_0.075,0.08534913387141002,0.08534913387141002,0.0,7554,2267,704,806,5,product,org:resource
BPIC13_incidents,itsm,duration,0.5,rare-first,0.5006619009796135,empty,nb_0.100,0.059942165367838064,0.059942165367838064,0.0,7554,2267,704,806,5,product,org:resource
BPIC13_incidents,itsm,duration,0.5,rare-first,0.5006619009796135,empty,nb_0.125,0.033083370092633436,0.03617115130127922,0.003087781208645786,7554,2267,704,806,5,product,org:resource
BPIC13_incidents,itsm,duration,0.5,rare-first,0.5006619009796135,empty,nb_0.150,0.004644645683593232,0.008666545577207495,0.004021899893614263,7554,2267,704,806,5,product,org:resource
BPIC13_incidents,itsm,duration,0.5,rare-first,0.5006619009796135,empty,nb_0.175,-0.025517637780540305,-0.01862025637940946,0.006897381401130845,7554,2267,704,806,5,product,org:resource
BPIC13_incidents,itsm,duration,0.5,rare-first,0.5006619009796135,empty,nb_0.200,-0.05756506396118218,-0.048963387737097484,0.008601676224084698,7554,2267,704,806,5,product,org:resource
BPIC13_incidents,itsm,duration,0.5,rare-first,0.5006619009796135,empty,nb_0.225,-0.09168006602444613,-0.07318183758555433,0.018498228438891803,7554,2267,704,806,5,product,org:resource
BPIC13_incidents,itsm,duration,0.5,rare-first,0.5006619009796135,empty,nb_0.250,-0.12806940155859428,-0.0995441846787237,0.028525216879870585,7554,2267,704,806,5,product,org:resource
BPIC13_incidents,itsm,duration,0.5,rare-first,0.5006619009796135,empty,nb_0.275,-0.16696834643992522,-0.13285064569611976,0.03411770074380546,7554,2267,704,806,5,product,org:resource
BPIC13_incidents,itsm,duration,0.5,rare-first,0.5006619009796135,empty,nb_0.300,-0.20864578738420825,-0.1633373243430588,0.04530846304114944,7554,2267,704,806,5,product,org:resource
BPIC13_incidents,itsm,duration,0.5,rare-first,0.5006619009796135,empty,nb_0.325,-0.2534104461762159,-0.2011468901632113,0.052263556013004586,7554,2267,704,806,5,product,org:resource
BPIC13_incidents,itsm,duration,0.5,rare-first,0.5006619009796135,empty,nb_0.350,-0.3016185402599165,-0.23898069288453053,0.062637847375386,7554,2267,704,806,5,product,org:resource
BPIC13_incidents,itsm,duration,0.5,rare-first,0.5006619009796135,empty,nb_0.375,-0.35368328187031317,-0.23961182179091306,0.11407146007940011,7554,2267,704,806,5,product,org:resource
BPIC13_incidents,itsm,duration,0.5,rare-first,0.5006619009796135,empty,nb_0.400,-0.41008675194824296,-0.2712836347595942,0.13880311718864874,7554,2267,704,806,5,product,org:resource
BPIC13_incidents,itsm,duration,0.5,rare-first,0.5006619009796135,empty,nb_0.425,-0.4713948715981665,-0.31501121957768363,0.15638365202048288,7554,2267,704,806,5,product,org:resource
BPIC13_incidents,itsm,duration,0.5,rare-first,0.5006619009796135,empty,nb_0.450,-0.5382764566708105,-0.353490796807956,0.1847856598628545,7554,2267,704,806,5,product,org:resource
BPIC13_incidents,itsm,duration,0.5,rare-first,0.5006619009796135,empty,nb_0.475,-0.6115277165122774,-0.3954880584787951,0.21603965803348235,7554,2267,704,806,5,product,org:resource
BPIC13_incidents,itsm,duration,0.5,rare-first,0.5006619009796135,empty,nb_0.500,-0.6921041023378914,-0.45081605646228495,0.24128804587560648,7554,2267,704,806,5,product,org:resource
BPIC13_incidents,itsm,duration,0.5,rare-first,0.5006619009796135,empty,nb_0.525,0.0,-0.07183154180112833,-0.07183154180112833,7554,2267,704,806,5,product,org:resource
BPIC13_incidents,itsm,duration,0.5,rare-first,0.5006619009796135,empty,nb_0.550,0.0,-0.07307748860461699,-0.07307748860461699,7554,2267,704,806,5,product,org:resource
BPIC13_incidents,itsm,duration,0.5,rare-first,0.5006619009796135,empty,nb_0.575,0.0,-0.083110615220945,-0.083110615220945,7554,2267,704,806,5,product,org:resource
BPIC13_incidents,itsm,duration,0.5,rare-first,0.5006619009796135,empty,nb_0.600,0.0,-0.09439788266431405,-0.09439788266431405,7554,2267,704,806,5,product,org:resource
BPIC13_incidents,itsm,duration,0.5,rare-first,0.5006619009796135,empty,nb_0.625,0.0,-0.05822673136303485,-0.05822673136303485,7554,2267,704,806,5,product,org:resource
BPIC13_incidents,itsm,duration,0.5,rare-first,0.5006619009796135,empty,nb_0.650,0.0,-0.05261831243304557,-0.05261831243304557,7554,2267,704,806,5,product,org:resource
BPIC13_incidents,itsm,duration,0.5,rare-first,0.5006619009796135,empty,nb_0.675,0.0,-0.04343252689084186,-0.04343252689084186,7554,2267,704,806,5,product,org:resource
BPIC13_incidents,itsm,duration,0.5,rare-first,0.5006619009796135,empty,nb_0.700,0.0,-0.035730039700044104,-0.035730039700044104,7554,2267,704,806,5,product,org:resource
BPIC13_incidents,itsm,duration,0.5,rare-first,0.5006619009796135,empty,nb_0.725,0.0,-0.04134418735212736,-0.04134418735212736,7554,2267,704,806,5,product,org:resource
BPIC13_incidents,itsm,duration,0.5,rare-first,0.5006619009796135,empty,nb_0.750,0.0,-0.03573003970004411,-0.03573003970004411,7554,2267,704,806,5,product,org:resource
BPIC13_incidents,itsm,duration,0.5,rare-first,0.5006619009796135,empty,nb_0.775,0.0,-0.012547174435132091,-0.012547174435132091,7554,2267,704,806,5,product,org:resource
BPIC13_incidents,itsm,duration,0.5,rare-first,0.5006619009796135,empty,nb_0.800,0.0,-0.014997794441993827,-0.014997794441993827,7554,2267,704,806,5,product,org:resource
BPIC13_incidents,itsm,duration,0.5,rare-first,0.5006619009796135,B0_half,auc,0.5668527089165827,0.6243677003564482,0.05751499143986549,7554,2267,704,806,5,product,org:resource
BPIC13_incidents,itsm,duration,0.5,rare-first,0.5006619009796135,B0_half,ap,0.19616662956174774,0.2317066847399423,0.03554005517819456,7554,2267,704,806,5,product,org:resource
BPIC13_incidents,itsm,duration,0.5,rare-first,0.5006619009796135,B0_half,brier_skill,0.0395972471946725,0.08955832688785514,0.04996107969318264,7554,2267,704,806,5,product,org:resource
BPIC13_incidents,itsm,duration,0.5,rare-first,0.5006619009796135,B0_half,nagelkerke,0.048217637232021195,0.11616181166298056,0.06794417443095938,7554,2267,704,806,5,product,org:resource
BPIC13_incidents,itsm,duration,0.5,rare-first,0.5006619009796135,B0_half,nb_0.050,0.10941889350637289,0.10941889350637289,0.0,7554,2267,704,806,5,product,org:resource
BPIC13_incidents,itsm,duration,0.5,rare-first,0.5006619009796135,B0_half,nb_0.075,0.08534913387141002,0.08534913387141002,0.0,7554,2267,704,806,5,product,org:resource
BPIC13_incidents,itsm,duration,0.5,rare-first,0.5006619009796135,B0_half,nb_0.100,0.059942165367838064,0.061853648973190206,0.001911483605352142,7554,2267,704,806,5,product,org:resource
BPIC13_incidents,itsm,duration,0.5,rare-first,0.5006619009796135,B0_half,nb_0.125,0.033083370092633436,0.035793055643077706,0.00270968555044427,7554,2267,704,806,5,product,org:resource
BPIC13_incidents,itsm,duration,0.5,rare-first,0.5006619009796135,B0_half,nb_0.150,0.004644645683593232,0.008277329458470635,0.003632683774877403,7554,2267,704,806,5,product,org:resource
BPIC13_incidents,itsm,duration,0.5,rare-first,0.5006619009796135,B0_half,nb_0.175,-0.025517637780540305,-0.01871382550694417,0.006803812273596135,7554,2267,704,806,5,product,org:resource
BPIC13_incidents,itsm,duration,0.5,rare-first,0.5006619009796135,B0_half,nb_0.200,-0.05756506396118218,-0.04907366563740626,0.00849139832377592,7554,2267,704,806,5,product,org:resource
BPIC13_incidents,itsm,duration,0.5,rare-first,0.5006619009796135,B0_half,nb_0.225,-0.09168006602444613,-0.06928298020689559,0.02239708581755054,7554,2267,704,806,5,product,org:resource
BPIC13_incidents,itsm,duration,0.5,rare-first,0.5006619009796135,B0_half,nb_0.250,-0.12806940155859428,-0.10130863108366416,0.026760770474930126,7554,2267,704,806,5,product,org:resource
BPIC13_incidents,itsm,duration,0.5,rare-first,0.5006619009796135,B0_half,nb_0.275,-0.15998661454451427,-0.12354166983557185,0.03644494470894241,7554,2267,704,806,5,product,org:resource
BPIC13_incidents,itsm,duration,0.5,rare-first,0.5006619009796135,B0_half,nb_0.300,-0.2006427626189426,-0.15249858214128179,0.04814418047766081,7554,2267,704,806,5,product,org:resource
BPIC13_incidents,itsm,duration,0.5,rare-first,0.5006619009796135,B0_half,nb_0.325,-0.24476792628535016,-0.17894427290104395,0.06582365338430621,7554,2267,704,806,5,product,org:resource
BPIC13_incidents,itsm,duration,0.5,rare-first,0.5006619009796135,B0_half,nb_0.350,-0.2758644090801126,-0.1827898612195039,0.0930745478606087,7554,2267,704,806,5,product,org:resource
BPIC13_incidents,itsm,duration,0.5,rare-first,0.5006619009796135,B0_half,nb_0.375,-0.3242170269078077,-0.20882223202470224,0.11539479488310544,7554,2267,704,806,5,product,org:resource
BPIC13_incidents,itsm,duration,0.5,rare-first,0.5006619009796135,B0_half,nb_0.400,-0.3765622702543744,-0.23775915306572568,0.1388031171886487,7554,2267,704,806,5,product,org:resource
BPIC13_incidents,itsm,duration,0.5,rare-first,0.5006619009796135,B0_half,nb_0.425,-0.2390057728083466,-0.27230010931896204,-0.033294336510615447,7554,2267,704,806,5,product,org:resource
BPIC13_incidents,itsm,duration,0.5,rare-first,0.5006619009796135,B0_half,nb_0.450,-0.27148414003288285,-0.22653085776155912,0.044953282271323725,7554,2267,704,806,5,product,org:resource
BPIC13_incidents,itsm,duration,0.5,rare-first,0.5006619009796135,B0_half,nb_0.475,-0.31024849286869577,-0.260045791585271,0.050202701283424744,7554,2267,704,806,5,product,org:resource
BPIC13_incidents,itsm,duration,0.5,rare-first,0.5006619009796135,B0_half,nb_0.500,-0.34803705337450375,-0.22364358182620203,0.12439347154830172,7554,2267,704,806,5,product,org:resource
BPIC13_incidents,itsm,duration,0.5,rare-first,0.5006619009796135,B0_half,nb_0.525,-0.08587746384045691,-0.2500406287001138,-0.16416316485965687,7554,2267,704,806,5,product,org:resource
BPIC13_incidents,itsm,duration,0.5,rare-first,0.5006619009796135,B0_half,nb_0.550,-0.09684850267117585,-0.15483017203352453,-0.05798166936234868,7554,2267,704,806,5,product,org:resource
BPIC13_incidents,itsm,duration,0.5,rare-first,0.5006619009796135,B0_half,nb_0.575,-0.11074495965126234,-0.16004566802459844,-0.0493007083733361,7554,2267,704,806,5,product,org:resource
BPIC13_incidents,itsm,duration,0.5,rare-first,0.5006619009796135,B0_half,nb_0.600,-0.1263784737538597,-0.11689457432730478,0.009483899426554906,7554,2267,704,806,5,product,org:resource
BPIC13_incidents,itsm,duration,0.5,rare-first,0.5006619009796135,B0_half,nb_0.625,-0.06440229378032643,-0.1305690339655933,-0.06616674018526687,7554,2267,704,806,5,product,org:resource
BPIC13_incidents,itsm,duration,0.5,rare-first,0.5006619009796135,B0_half,nb_0.650,-0.06648181990043482,-0.11928918016258117,-0.052807360262146344,7554,2267,704,806,5,product,org:resource
BPIC13_incidents,itsm,duration,0.5,rare-first,0.5006619009796135,B0_half,nb_0.675,-0.07773743680228024,-0.07057785619761803,0.007159580604662208,7554,2267,704,806,5,product,org:resource
BPIC13_incidents,itsm,duration,0.5,rare-first,0.5006619009796135,B0_half,nb_0.700,-0.07307748860461695,-0.06616674018526686,0.006910748419350091,7554,2267,704,806,5,product,org:resource
BPIC13_incidents,itsm,duration,0.5,rare-first,0.5006619009796135,B0_half,nb_0.725,-0.061755624172915746,-0.0766732165055941,-0.01491759233267835,7554,2267,704,806,5,product,org:resource
BPIC13_incidents,itsm,duration,0.5,rare-first,0.5006619009796135,B0_half,nb_0.750,-0.01940891045434495,-0.07366563740626378,-0.05425672695191883,7554,2267,704,806,5,product,org:resource
BPIC13_incidents,itsm,duration,0.5,rare-first,0.5006619009796135,B0_half,nb_0.775,-0.016860265647208748,-0.037641523305396274,-0.020781257658187526,7554,2267,704,806,5,product,org:resource
BPIC13_incidents,itsm,duration,0.5,rare-first,0.5006619009796135,B0_half,nb_0.800,-0.02029113365681518,-0.039700044111160133,-0.019408910454344952,7554,2267,704,806,5,product,org:resource
BPIC13_incidents,itsm,duration,0.5,rare-first,0.5006619009796135,B0,auc,0.6492600637603044,0.6763275678162842,0.027067504055979796,7554,2267,704,806,5,product,org:resource
BPIC13_incidents,itsm,duration,0.5,rare-first,0.5006619009796135,B0,ap,0.25900431265903023,0.2723897453856471,0.013385432726616853,7554,2267,704,806,5,product,org:resource
BPIC13_incidents,itsm,duration,0.5,rare-first,0.5006619009796135,B0,brier_skill,0.10912528376559139,0.13064165329680943,0.02151636953121805,7554,2267,704,806,5,product,org:resource
BPIC13_incidents,itsm,duration,0.5,rare-first,0.5006619009796135,B0,nagelkerke,0.12425419447636911,0.1528059984007308,0.0285518039243617,7554,2267,704,806,5,product,org:resource
BPIC13_incidents,itsm,duration,0.5,rare-first,0.5006619009796135,B0,nb_0.050,0.10941889350637289,0.1094421099064379,2.3216400065015352e-05,7554,2267,704,806,5,product,org:resource
BPIC13_incidents,itsm,duration,0.5,rare-first,0.5006619009796135,B0,nb_0.075,0.08534913387141002,0.08538489967691557,3.576580550554431e-05,7554,2267,704,806,5,product,org:resource
BPIC13_incidents,itsm,duration,0.5,rare-first,0.5006619009796135,B0,nb_0.100,0.060383276969073175,0.06190266137332744,0.0015193844042542676,7554,2267,704,806,5,product,org:resource
BPIC13_incidents,itsm,duration,0.5,rare-first,0.5006619009796135,B0,nb_0.125,0.03371352952296932,0.03585607158611128,0.002142542063141961,7554,2267,704,806,5,product,org:resource
BPIC13_incidents,itsm,duration,0.5,rare-first,0.5006619009796135,B0,nb_0.150,0.00550092114481433,0.009444977814681217,0.003944056669866886,7554,2267,704,806,5,product,org:resource
BPIC13_incidents,itsm,duration,0.5,rare-first,0.5006619009796135,B0,nb_0.175,-0.024648781596289315,-0.016936012083784462,0.007712769512504852,7554,2267,704,806,5,product,org:resource
BPIC13_incidents,itsm,duration,0.5,rare-first,0.5006619009796135,B0,nb_0.200,-0.050838112042346714,-0.043118659020732246,0.007719453021614468,7554,2267,704,806,5,product,org:resource
BPIC13_incidents,itsm,duration,0.5,rare-first,0.5006619009796135,B0,nb_0.225,-0.07309646114660559,-0.05582196166597892,0.01727449948062667,7554,2267,704,806,5,product,org:resource
BPIC13_incidents,itsm,duration,0.5,rare-first,0.5006619009796135,B0,nb_0.250,-0.10439641229230993,-0.0846934274371416,0.019702984855168332,7554,2267,704,806,5,product,org:resource
BPIC13_incidents,itsm,duration,0.5,rare-first,0.5006619009796135,B0,nb_0.275,-0.1384177783186043,-0.1102474788190378,0.028170299499566495,7554,2267,704,806,5,product,org:resource
BPIC13_incidents,itsm,duration,0.5,rare-first,0.5006619009796135,B0,nb_0.300,-0.17247463608292898,-0.13762681958535508,0.0348478164975739,7554,2267,704,806,5,product,org:resource
BPIC13_incidents,itsm,duration,0.5,rare-first,0.5006619009796135,B0,nb_0.325,-0.2096423728536653,-0.16752438366906824,0.042117989184597054,7554,2267,704,806,5,product,org:resource
BPIC13_incidents,itsm,duration,0.5,rare-first,0.5006619009796135,B0,nb_0.350,-0.23843778629839504,-0.1673170235146415,0.07112076278375354,7554,2267,704,806,5,product,org:resource
BPIC13_incidents,itsm,duration,0.5,rare-first,0.5006619009796135,B0,nb_0.375,-0.18650198500220555,-0.18438464931627702,0.002117335685928534,7554,2267,704,806,5,product,org:resource
BPIC13_incidents,itsm,duration,0.5,rare-first,0.5006619009796135,B0,nb_0.400,-0.20041170416115278,-0.1711513012792237,0.029260402881929076,7554,2267,704,806,5,product,org:resource
BPIC13_incidents,itsm,duration,0.5,rare-first,0.5006619009796135,B0,nb_0.425,-0.23411518766421818,-0.19715770698682422,0.03695748067739396,7554,2267,704,806,5,product,org:resource
BPIC13_incidents,itsm,duration,0.5,rare-first,0.5006619009796135,B0,nb_0.450,-0.16433412198740824,-0.17034928018606887,-0.006015158198660636,7554,2267,704,806,5,product,org:resource
BPIC13_incidents,itsm,duration,0.5,rare-first,0.5006619009796135,B0,nb_0.475,-0.16289621274182364,-0.14426449891822632,0.018631713823597323,7554,2267,704,806,5,product,org:resource
BPIC13_incidents,itsm,duration,0.5,rare-first,0.5006619009796135,B0,nb_0.500,-0.1305690339655933,-0.11865902073224525,0.011910013233348046,7554,2267,704,806,5,product,org:resource
BPIC13_incidents,itsm,duration,0.5,rare-first,0.5006619009796135,B0,nb_0.525,-0.08996355025189795,-0.13254242797111881,-0.042578877719220865,7554,2267,704,806,5,product,org:resource
BPIC13_incidents,itsm,duration,0.5,rare-first,0.5006619009796135,B0,nb_0.550,-0.09724060187227374,-0.1429201588001765,-0.045679556927902765,7554,2267,704,806,5,product,org:resource
BPIC13_incidents,itsm,duration,0.5,rare-first,0.5006619009796135,B0,nb_0.575,-0.10737175328887619,-0.14966657152494875,-0.04229481823607256,7554,2267,704,806,5,product,org:resource
BPIC13_incidents,itsm,duration,0.5,rare-first,0.5006619009796135,B0,nb_0.600,-0.1243934715483017,-0.149095721217468,-0.0247022496691663,7554,2267,704,806,5,product,org:resource
BPIC13_incidents,itsm,duration,0.5,rare-first,0.5006619009796135,B0,nb_0.625,-0.12762828995735923,-0.13718570798411997,-0.009557418026760744,7554,2267,704,806,5,product,org:resource
BPIC13_incidents,itsm,duration,0.5,rare-first,0.5006619009796135,B0,nb_0.650,-0.11828092507404377,-0.13535824563614599,-0.01707732056210222,7554,2267,704,806,5,product,org:resource
BPIC13_incidents,itsm,duration,0.5,rare-first,0.5006619009796135,B0,nb_0.675,-0.1338264734824065,-0.1494011061721693,-0.015574632689762807,7554,2267,704,806,5,product,org:resource
BPIC13_incidents,itsm,duration,0.5,rare-first,0.5006619009796135,B0,nb_0.700,-0.1343920011762976,-0.16115277165122774,-0.02676077047493014,7554,2267,704,806,5,product,org:resource
BPIC13_incidents,itsm,duration,0.5,rare-first,0.5006619009796135,B0,nb_0.725,-0.13233348037053375,-0.12371175361912018,0.008621726751413566,7554,2267,704,806,5,product,org:resource
BPIC13_incidents,itsm,duration,0.5,rare-first,0.5006619009796135,B0,nb_0.750,-0.12924569916188797,-0.13189236876929863,-0.0026466696074106677,7554,2267,704,806,5,product,org:resource
BPIC13_incidents,itsm,duration,0.5,rare-first,0.5006619009796135,B0,nb_0.775,-0.13444101357643487,-0.13767583198549238,-0.0032348184090575105,7554,2267,704,806,5,product,org:resource
BPIC13_incidents,itsm,duration,0.5,rare-first,0.5006619009796135,B0,nb_0.800,-0.10630789589766214,-0.129245699161888,-0.022937803264225856,7554,2267,704,806,5,product,org:resource
BPIC13_incidents,itsm,duration,0.5,rare-first,0.5006619009796135,B0+g,auc,0.6707672151327643,0.685993946655273,0.015226731522508752,7554,2267,704,806,5,product,org:resource
BPIC13_incidents,itsm,duration,0.5,rare-first,0.5006619009796135,B0+g,ap,0.2668252823267649,0.27287871698744626,0.006053434660681367,7554,2267,704,806,5,product,org:resource
BPIC13_incidents,itsm,duration,0.5,rare-first,0.5006619009796135,B0+g,brier_skill,0.1254488378255343,0.13754702416802445,0.012098186342490158,7554,2267,704,806,5,product,org:resource
BPIC13_incidents,itsm,duration,0.5,rare-first,0.5006619009796135,B0+g,nagelkerke,0.14178965013641606,0.15798309154622397,0.016193441409807913,7554,2267,704,806,5,product,org:resource
BPIC13_incidents,itsm,duration,0.5,rare-first,0.5006619009796135,B0+g,nb_0.050,0.10941889350637289,0.10941889350637289,0.0,7554,2267,704,806,5,product,org:resource
BPIC13_incidents,itsm,duration,0.5,rare-first,0.5006619009796135,B0+g,nb_0.075,0.085694869991297,0.08601676224084695,0.0003218922495499543,7554,2267,704,806,5,product,org:resource
BPIC13_incidents,itsm,duration,0.5,rare-first,0.5006619009796135,B0+g,nb_0.100,0.06102043817085722,0.06342204577758173,0.002401607606724511,7554,2267,704,806,5,product,org:resource
BPIC13_incidents,itsm,duration,0.5,rare-first,0.5006619009796135,B0+g,nb_0.125,0.034910832440607484,0.03963702816812654,0.004726195727519054,7554,2267,704,806,5,product,org:resource
BPIC13_incidents,itsm,duration,0.5,rare-first,0.5006619009796135,B0+g,nb_0.150,0.009860141674667203,0.014712369288253441,0.004852227613586238,7554,2267,704,806,5,product,org:resource
BPIC13_incidents,itsm,duration,0.5,rare-first,0.5006619009796135,B0+g,nb_0.175,-0.016668671719399564,-0.007792971621820329,0.008875700097579235,7554,2267,704,806,5,product,org:resource
BPIC13_incidents,itsm,duration,0.5,rare-first,0.5006619009796135,B0+g,nb_0.200,-0.04400088222320247,-0.03198059108954566,0.01202029113365681,7554,2267,704,806,5,product,org:resource
BPIC13_incidents,itsm,duration,0.5,rare-first,0.5006619009796135,B0+g,nb_0.225,-0.05890974287462471,-0.046643994478990286,0.012265748395634421,7554,2267,704,806,5,product,org:resource
BPIC13_incidents,itsm,duration,0.5,rare-first,0.5006619009796135,B0+g,nb_0.250,-0.08395824143508307,-0.06763711218938391,0.01632112924569916,7554,2267,704,806,5,product,org:resource
BPIC13_incidents,itsm,duration,0.5,rare-first,0.5006619009796135,B0+g,nb_0.275,-0.1010601889174513,-0.08671645650487508,0.014343732412576221,7554,2267,704,806,5,product,org:resource
BPIC13_incidents,itsm,duration,0.5,rare-first,0.5006619009796135,B0+g,nb_0.300,-0.10561472052429266,-0.10082550885373999,0.0047892116705526705,7554,2267,704,806,5,product,org:resource
BPIC13_incidents,itsm,duration,0.5,rare-first,0.5006619009796135,B0+g,nb_0.325,-0.12292309954418466,-0.11241810844810403,0.010504991096080635,7554,2267,704,806,5,product,org:resource
BPIC13_incidents,itsm,duration,0.5,rare-first,0.5006619009796135,B0+g,nb_0.350,-0.13328356689627088,-0.11794645583794237,0.01533711105832851,7554,2267,704,806,5,product,org:resource
BPIC13_incidents,itsm,duration,0.5,rare-first,0.5006619009796135,B0+g,nb_0.375,-0.141243934715483,-0.1277459197176886,0.013498014997794405,7554,2267,704,806,5,product,org:resource
BPIC13_incidents,itsm,duration,0.5,rare-first,0.5006619009796135,B0+g,nb_0.400,-0.14894868401705635,-0.13924422878988388,0.009704455227172476,7554,2267,704,806,5,product,org:resource
BPIC13_incidents,itsm,duration,0.5,rare-first,0.5006619009796135,B0+g,nb_0.425,-0.14221054448514606,-0.15506031721677763,-0.01284977273163157,7554,2267,704,806,5,product,org:resource
BPIC13_incidents,itsm,duration,0.5,rare-first,0.5006619009796135,B0+g,nb_0.450,-0.15298552351926853,-0.15567229418133696,-0.002686770662068433,7554,2267,704,806,5,product,org:resource
BPIC13_incidents,itsm,duration,0.5,rare-first,0.5006619009796135,B0+g,nb_0.475,-0.1489486840170563,-0.1423950259415632,0.006553658075493102,7554,2267,704,806,5,product,org:resource
BPIC13_incidents,itsm,duration,0.5,rare-first,0.5006619009796135,B0+g,nb_0.500,-0.14777238641376267,-0.14777238641376267,0.0,7554,2267,704,806,5,product,org:resource
BPIC13_incidents,itsm,duration,0.5,rare-first,0.5006619009796135,B0+g,nb_0.525,-0.15392473243098928,-0.1547837392333945,-0.0008590068024052211,7554,2267,704,806,5,product,org:resource
BPIC13_incidents,itsm,duration,0.5,rare-first,0.5006619009796135,B0+g,nb_0.550,-0.15429103563201496,-0.1621330196539725,-0.007841984021957543,7554,2267,704,806,5,product,org:resource
BPIC13_incidents,itsm,duration,0.5,rare-first,0.5006619009796135,B0+g,nb_0.575,-0.17089182386673238,-0.1750694102078414,-0.004177586341109013,7554,2267,704,806,5,product,org:resource
BPIC13_incidents,itsm,duration,0.5,rare-first,0.5006619009796135,B0+g,nb_0.600,-0.17468019408910448,-0.18262020291133652,-0.00794000882223203,7554,2267,704,806,5,product,org:resource
BPIC13_incidents,itsm,duration,0.5,rare-first,0.5006619009796135,B0+g,nb_0.625,-0.1879135421261579,-0.2011468901632113,-0.013233348037053394,7554,2267,704,806,5,product,org:resource
BPIC13_incidents,itsm,duration,0.5,rare-first,0.5006619009796135,B0+g,nb_0.650,-0.20454975108702506,-0.2109143613334174,-0.006364610246392344,7554,2267,704,806,5,product,org:resource
BPIC13_incidents,itsm,duration,0.5,rare-first,0.5006619009796135,B0+g,nb_0.675,-0.21285331342675862,-0.22852974110142185,-0.015676427674663235,7554,2267,704,806,5,product,org:resource
BPIC13_incidents,itsm,duration,0.5,rare-first,0.5006619009796135,B0+g,nb_0.700,-0.22599617703278926,-0.2084987501837965,0.017497426848992775,7554,2267,704,806,5,product,org:resource
BPIC13_incidents,itsm,duration,0.5,rare-first,0.5006619009796135,B0+g,nb_0.725,-0.20098648594458035,-0.18470545775353892,0.016281028191041436,7554,2267,704,806,5,product,org:resource
BPIC13_incidents,itsm,duration,0.5,rare-first,0.5006619009796135,B0+g,nb_0.750,-0.17776797529775032,-0.16541685046316718,0.012351124834583144,7554,2267,704,806,5,product,org:resource
BPIC13_incidents,itsm,duration,0.5,rare-first,0.5006619009796135,B0+g,nb_0.775,-0.17100426407881197,-0.17987550850365147,-0.008871244424839497,7554,2267,704,806,5,product,org:resource
BPIC13_incidents,itsm,duration,0.5,rare-first,0.5006619009796135,B0+g,nb_0.800,-0.17688575209528015,-0.18747243052492285,-0.010586678429642699,7554,2267,704,806,5,product,org:resource
BPIC13_incidents,itsm,duration,0.25,rare-first,0.2625099285146942,empty,auc,0.5,0.5332060019540411,0.03320600195404111,7554,2267,704,806,5,product,org:resource
BPIC13_incidents,itsm,duration,0.25,rare-first,0.2625099285146942,empty,ap,0.15394794883105425,0.16436887263206118,0.010420923801006926,7554,2267,704,806,5,product,org:resource
BPIC13_incidents,itsm,duration,0.25,rare-first,0.2625099285146942,empty,brier_skill,-0.0002618463139367755,-0.002827095074359187,-0.0025652487604224117,7554,2267,704,806,5,product,org:resource
BPIC13_incidents,itsm,duration,0.25,rare-first,0.2625099285146942,empty,nagelkerke,-0.0003491131850855999,0.004034337196764641,0.004383450381850241,7554,2267,704,806,5,product,org:resource
BPIC13_incidents,itsm,duration,0.25,rare-first,0.2625099285146942,empty,nb_0.050,0.10941889350637289,0.10941889350637289,0.0,7554,2267,704,806,5,product,org:resource
BPIC13_incidents,itsm,duration,0.25,rare-first,0.2625099285146942,empty,nb_0.075,0.08534913387141002,0.08534913387141002,0.0,7554,2267,704,806,5,product,org:resource
BPIC13_incidents,itsm,duration,0.25,rare-first,0.2625099285146942,empty,nb_0.100,0.059942165367838064,0.06214772337401362,0.0022055580061755564,7554,2267,704,806,5,product,org:resource
BPIC13_incidents,itsm,duration,0.25,rare-first,0.2625099285146942,empty,nb_0.125,0.033083370092633436,0.03617115130127922,0.003087781208645786,7554,2267,704,806,5,product,org:resource
BPIC13_incidents,itsm,duration,0.25,rare-first,0.2625099285146942,empty,nb_0.150,0.004644645683593232,0.008666545577207495,0.004021899893614263,7554,2267,704,806,5,product,org:resource
BPIC13_incidents,itsm,duration,0.25,rare-first,0.2625099285146942,empty,nb_0.175,-0.025517637780540305,-0.020505005948323114,0.005012631832217191,7554,2267,704,806,5,product,org:resource
BPIC13_incidents,itsm,duration,0.25,rare-first,0.2625099285146942,empty,nb_0.200,-0.05756506396118218,-0.05149977944419938,0.006065284516982801,7554,2267,704,806,5,product,org:resource
BPIC13_incidents,itsm,duration,0.25,rare-first,0.2625099285146942,empty,nb_0.225,-0.09168006602444613,-0.08449421574626126,0.0071858502781848715,7554,2267,704,806,5,product,org:resource
BPIC13_incidents,itsm,duration,0.25,rare-first,0.2625099285146942,empty,nb_0.250,-0.12806940155859428,-0.11968828113512715,0.008381120423467128,7554,2267,704,806,5,product,org:resource
BPIC13_incidents,itsm,duration,0.25,rare-first,0.2625099285146942,empty,nb_0.275,-0.16696834643992522,-0.15730952344736324,0.009658822992561988,7554,2267,704,806,5,product,org:resource
BPIC13_incidents,itsm,duration,0.25,rare-first,0.2625099285146942,empty,nb_0.300,-0.20864578738420825,-0.19761799735333044,0.01102779003087781,7554,2267,704,806,5,product,org:resource
BPIC13_incidents,itsm,duration,0.25,rare-first,0.2625099285146942,empty,nb_0.325,-0.2534104461762159,-0.24091228414122107,0.01249816203499482,7554,2267,704,806,5,product,org:resource
BPIC13_incidents,itsm,duration,0.25,rare-first,0.2625099285146942,empty,nb_0.350,-0.3016185402599165,-0.28753690068202636,0.01408163957789016,7554,2267,704,806,5,product,org:resource
BPIC13_incidents,itsm,duration,0.25,rare-first,0.2625099285146942,empty,nb_0.375,-0.35368328187031317,-0.2949272165857962,0.05875606528451699,7554,2267,704,806,5,product,org:resource
BPIC13_incidents,itsm,duration,0.25,rare-first,0.2625099285146942,empty,nb_0.400,-0.41008675194824296,-0.34347890016174093,0.06660785178650203,7554,2267,704,806,5,product,org:resource
BPIC13_incidents,itsm,duration,0.25,rare-first,0.2625099285146942,empty,nb_0.425,-0.4713948715981665,-0.3962524692660287,0.07514240233213781,7554,2267,704,806,5,product,org:resource
BPIC13_incidents,itsm,duration,0.25,rare-first,0.2625099285146942,empty,nb_0.450,-0.5382764566708105,-0.45382363556161526,0.08445282110919522,7554,2267,704,806,5,product,org:resource
BPIC13_incidents,itsm,duration,0.25,rare-first,0.2625099285146942,empty,nb_0.475,-0.6115277165122774,-0.5168777700758291,0.0946499464364483,7554,2267,704,806,5,product,org:resource
BPIC13_incidents,itsm,duration,0.25,rare-first,0.2625099285146942,empty,nb_0.500,-0.6921041023378914,-0.5862373180414645,0.10586678429642693,7554,2267,704,806,5,product,org:resource
BPIC13_incidents,itsm,duration,0.25,rare-first,0.2625099285146942,empty,nb_0.525,0.0,-0.026559561674366777,-0.026559561674366777,7554,2267,704,806,5,product,org:resource
BPIC13_incidents,itsm,duration,0.25,rare-first,0.2625099285146942,empty,nb_0.550,0.0,-0.02960348968288978,-0.02960348968288978,7554,2267,704,806,5,product,org:resource
BPIC13_incidents,itsm,duration,0.25,rare-first,0.2625099285146942,empty,nb_0.575,0.0,-0.03300552686888606,-0.03300552686888606,7554,2267,704,806,5,product,org:resource
BPIC13_incidents,itsm,duration,0.25,rare-first,0.2625099285146942,empty,nb_0.600,0.0,-0.03683281870313189,-0.03683281870313189,7554,2267,704,806,5,product,org:resource
BPIC13_incidents,itsm,duration,0.25,rare-first,0.2625099285146942,empty,nb_0.625,0.0,0.0,0.0,7554,2267,704,806,5,product,org:resource
BPIC13_incidents,itsm,duration,0.25,rare-first,0.2625099285146942,empty,nb_0.650,0.0,0.0,0.0,7554,2267,704,806,5,product,org:resource
BPIC13_incidents,itsm,duration,0.25,rare-first,0.2625099285146942,empty,nb_0.675,0.0,0.0,0.0,7554,2267,704,806,5,product,org:resource
BPIC13_incidents,itsm,duration,0.25,rare-first,0.2625099285146942,empty,nb_0.700,0.0,0.0,0.0,7554,2267,704,806,5,product,org:resource
BPIC13_incidents,itsm,duration,0.25,rare-first,0.2625099285146942,empty,nb_0.725,0.0,0.0,0.0,7554,2267,704,806,5,product,org:resource
BPIC13_incidents,itsm,duration,0.25,rare-first,0.2625099285146942,empty,nb_0.750,0.0,0.0,0.0,7554,2267,704,806,5,product,org:resource
BPIC13_incidents,itsm,duration,0.25,rare-first,0.2625099285146942,empty,nb_0.775,0.0,0.0,0.0,7554,2267,704,806,5,product,org:resource
BPIC13_incidents,itsm,duration,0.25,rare-first,0.2625099285146942,empty,nb_0.800,0.0,0.0,0.0,7554,2267,704,806,5,product,org:resource
BPIC13_incidents,itsm,duration,0.25,rare-first,0.2625099285146942,B0_half,auc,0.5668527089165827,0.5824260287847596,0.015573319868176894,7554,2267,704,806,5,product,org:resource
BPIC13_incidents,itsm,duration,0.25,rare-first,0.2625099285146942,B0_half,ap,0.19616662956174774,0.20371708635436336,0.007550456792615623,7554,2267,704,806,5,product,org:resource
BPIC13_incidents,itsm,duration,0.25,rare-first,0.2625099285146942,B0_half,brier_skill,0.0395972471946725,0.03561155180689268,-0.00398569538777982,7554,2267,704,806,5,product,org:resource
BPIC13_incidents,itsm,duration,0.25,rare-first,0.2625099285146942,B0_half,nagelkerke,0.048217637232021195,0.048790455943093745,0.0005728187110725508,7554,2267,704,806,5,product,org:resource
BPIC13_incidents,itsm,duration,0.25,rare-first,0.2625099285146942,B0_half,nb_0.050,0.10941889350637289,0.10941889350637289,0.0,7554,2267,704,806,5,product,org:resource
BPIC13_incidents,itsm,duration,0.25,rare-first,0.2625099285146942,B0_half,nb_0.075,0.08534913387141002,0.08534913387141002,0.0,7554,2267,704,806,5,product,org:resource
BPIC13_incidents,itsm,duration,0.25,rare-first,0.2625099285146942,B0_half,nb_0.100,0.059942165367838064,0.061853648973190206,0.001911483605352142,7554,2267,704,806,5,product,org:resource
BPIC13_incidents,itsm,duration,0.25,rare-first,0.2625099285146942,B0_half,nb_0.125,0.033083370092633436,0.035793055643077706,0.00270968555044427,7554,2267,704,806,5,product,org:resource
BPIC13_incidents,itsm,duration,0.25,rare-first,0.2625099285146942,B0_half,nb_0.150,0.004644645683593232,0.008199486234723257,0.0035548405511300254,7554,2267,704,806,5,product,org:resource
BPIC13_incidents,itsm,duration,0.25,rare-first,0.2625099285146942,B0_half,nb_0.175,-0.025517637780540305,-0.020972851585996717,0.004544786194543588,7554,2267,704,806,5,product,org:resource
BPIC13_incidents,itsm,duration,0.25,rare-first,0.2625099285146942,B0_half,nb_0.200,-0.05756506396118218,-0.05205116894574327,0.005513895015438912,7554,2267,704,806,5,product,org:resource
BPIC13_incidents,itsm,duration,0.25,rare-first,0.2625099285146942,B0_half,nb_0.225,-0.09168006602444613,-0.08513453903837671,0.0065455269860694165,7554,2267,704,806,5,product,org:resource
BPIC13_incidents,itsm,duration,0.25,rare-first,0.2625099285146942,B0_half,nb_0.250,-0.12806940155859428,-0.12042346713718571,0.007645934421408568,7554,2267,704,806,5,product,org:resource
BPIC13_incidents,itsm,duration,0.25,rare-first,0.2625099285146942,B0_half,nb_0.275,-0.15998661454451427,-0.151164382519812,0.008822232024702253,7554,2267,704,806,5,product,org:resource
BPIC13_incidents,itsm,duration,0.25,rare-first,0.2625099285146942,B0_half,nb_0.300,-0.2006427626189426,-0.18829163778435945,0.012351124834583144,7554,2267,704,806,5,product,org:resource
BPIC13_incidents,itsm,duration,0.25,rare-first,0.2625099285146942,B0_half,nb_0.325,-0.24476792628535016,-0.23101177931349964,0.013756146971850514,7554,2267,704,806,5,product,org:resource
BPIC13_incidents,itsm,duration,0.25,rare-first,0.2625099285146942,B0_half,nb_0.350,-0.2758644090801126,-0.23154965898680058,0.04431475009331204,7554,2267,704,806,5,product,org:resource
BPIC13_incidents,itsm,duration,0.25,rare-first,0.2625099285146942,B0_half,nb_0.375,-0.3242170269078077,-0.2656374062637847,0.058579620644023,7554,2267,704,806,5,product,org:resource
BPIC13_incidents,itsm,duration,0.25,rare-first,0.2625099285146942,B0_half,nb_0.400,-0.3765622702543744,-0.30745478606087345,0.06910748419350093,7554,2267,704,806,5,product,org:resource
BPIC13_incidents,itsm,duration,0.25,rare-first,0.2625099285146942,B0_half,nb_0.425,-0.2390057728083466,-0.3512590859400472,-0.11225331313170059,7554,2267,704,806,5,product,org:resource
BPIC13_incidents,itsm,duration,0.25,rare-first,0.2625099285146942,B0_half,nb_0.450,-0.27148414003288285,-0.2634238280466776,0.00806031198620527,7554,2267,704,806,5,product,org:resource
BPIC13_incidents,itsm,duration,0.25,rare-first,0.2625099285146942,B0_half,nb_0.475,-0.31024849286869577,-0.3007961014136576,0.009452391455038178,7554,2267,704,806,5,product,org:resource
BPIC13_incidents,itsm,duration,0.25,rare-first,0.2625099285146942,B0_half,nb_0.500,-0.34803705337450375,-0.27525363917071016,0.07278341420379358,7554,2267,704,806,5,product,org:resource
BPIC13_incidents,itsm,duration,0.25,rare-first,0.2625099285146942,B0_half,nb_0.525,-0.08587746384045691,-0.3071761892600934,-0.22129872541963647,7554,2267,704,806,5,product,org:resource
BPIC13_incidents,itsm,duration,0.25,rare-first,0.2625099285146942,B0_half,nb_0.550,-0.09684850267117585,-0.12419742194775282,-0.02734891927657697,7554,2267,704,806,5,product,org:resource
BPIC13_incidents,itsm,duration,0.25,rare-first,0.2625099285146942,B0_half,nb_0.575,-0.11074495965126234,-0.12701419341446324,-0.0162692337632009,7554,2267,704,806,5,product,org:resource
BPIC13_incidents,itsm,duration,0.25,rare-first,0.2625099285146942,B0_half,nb_0.600,-0.1263784737538597,-0.14358182620202908,-0.017203352448169396,7554,2267,704,806,5,product,org:resource
BPIC13_incidents,itsm,duration,0.25,rare-first,0.2625099285146942,B0_half,nb_0.625,-0.06440229378032643,-0.08528157623878842,-0.02087928245846199,7554,2267,704,806,5,product,org:resource
BPIC13_incidents,itsm,duration,0.25,rare-first,0.2625099285146942,B0_half,nb_0.650,-0.06648181990043482,-0.08897851156342557,-0.022496691662990745,7554,2267,704,806,5,product,org:resource
BPIC13_incidents,itsm,duration,0.25,rare-first,0.2625099285146942,B0_half,nb_0.675,-0.07773743680228024,-0.05802314139323406,0.01971429540904618,7554,2267,704,806,5,product,org:resource
BPIC13_incidents,itsm,duration,0.25,rare-first,0.2625099285146942,B0_half,nb_0.700,-0.07307748860461695,-0.04661079253051022,0.026466696074106733,7554,2267,704,806,5,product,org:resource
BPIC13_incidents,itsm,duration,0.25,rare-first,0.2625099285146942,B0_half,nb_0.725,-0.061755624172915746,-0.05449733327986526,0.007258290893050488,7554,2267,704,806,5,product,org:resource
BPIC13_incidents,itsm,duration,0.25,rare-first,0.2625099285146942,B0_half,nb_0.750,-0.01940891045434495,-0.05822673136303485,-0.038817820908689904,7554,2267,704,806,5,product,org:resource
BPIC13_incidents,itsm,duration,0.25,rare-first,0.2625099285146942,B0_half,nb_0.775,-0.016860265647208748,-0.018379650051463026,-0.001519384404254278,7554,2267,704,806,5,product,org:resource
BPIC13_incidents,itsm,duration,0.25,rare-first,0.2625099285146942,B0_half,nb_0.800,-0.02029113365681518,-0.02205558006175563,-0.0017644464049404486,7554,2267,704,806,5,product,org:resource
BPIC13_incidents,itsm,duration,0.25,rare-first,0.2625099285146942,B0,auc,0.6492600637603044,0.6525272564843393,0.003267192724034862,7554,2267,704,806,5,product,org:resource
BPIC13_incidents,itsm,duration,0.25,rare-first,0.2625099285146942,B0,ap,0.25900431265903023,0.26124197295208146,0.0022376602930512246,7554,2267,704,806,5,product,org:resource
BPIC13_incidents,itsm,duration,0.25,rare-first,0.2625099285146942,B0,brier_skill,0.10912528376559139,0.10526351535812195,-0.0038617684074694347,7554,2267,704,806,5,product,org:resource
BPIC13_incidents,itsm,duration,0.25,rare-first,0.2625099285146942,B0,nagelkerke,0.12425419447636911,0.12289812922461296,-0.0013560652517561472,7554,2267,704,806,5,product,org:resource
BPIC13_incidents,itsm,duration,0.25,rare-first,0.2625099285146942,B0,nb_0.050,0.10941889350637289,0.1094421099064379,2.3216400065015352e-05,7554,2267,704,806,5,product,org:resource
BPIC13_incidents,itsm,duration,0.25,rare-first,0.2625099285146942,B0,nb_0.075,0.08534913387141002,0.08538489967691557,3.576580550554431e-05,7554,2267,704,806,5,product,org:resource
BPIC13_incidents,itsm,duration,0.25,rare-first,0.2625099285146942,B0,nb_0.100,0.060383276969073175,0.06190266137332744,0.0015193844042542676,7554,2267,704,806,5,product,org:resource
BPIC13_incidents,itsm,duration,0.25,rare-first,0.2625099285146942,B0,nb_0.125,0.03371352952296932,0.03604511941521205,0.002331589892242733,7554,2267,704,806,5,product,org:resource
BPIC13_incidents,itsm,duration,0.25,rare-first,0.2625099285146942,B0,nb_0.150,0.00550092114481433,0.008510859129712741,0.003009937984898411,7554,2267,704,806,5,product,org:resource
BPIC13_incidents,itsm,duration,0.25,rare-first,0.2625099285146942,B0,nb_0.175,-0.024648781596289315,-0.019943591183114798,0.004705190413174517,7554,2267,704,806,5,product,org:resource
BPIC13_incidents,itsm,duration,0.25,rare-first,0.2625099285146942,B0,nb_0.200,-0.050838112042346714,-0.044993383325981476,0.005844728716365238,7554,2267,704,806,5,product,org:resource
BPIC13_incidents,itsm,duration,0.25,rare-first,0.2625099285146942,B0,nb_0.225,-0.07309646114660559,-0.07286879064274232,0.0002276705038632698,7554,2267,704,806,5,product,org:resource
BPIC13_incidents,itsm,duration,0.25,rare-first,0.2625099285146942,B0,nb_0.250,-0.10439641229230993,-0.10498456109395678,-0.0005881488016468428,7554,2267,704,806,5,product,org:resource
BPIC13_incidents,itsm,duration,0.25,rare-first,0.2625099285146942,B0,nb_0.275,-0.1384177783186043,-0.13942168748003592,-0.0010039091614316153,7554,2267,704,806,5,product,org:resource
BPIC13_incidents,itsm,duration,0.25,rare-first,0.2625099285146942,B0,nb_0.300,-0.17247463608292898,-0.17619257672191066,-0.003717940638981676,7554,2267,704,806,5,product,org:resource
BPIC13_incidents,itsm,duration,0.25,rare-first,0.2625099285146942,B0,nb_0.325,-0.2096423728536653,-0.20547631884200035,0.004166054011664949,7554,2267,704,806,5,product,org:resource
BPIC13_incidents,itsm,duration,0.25,rare-first,0.2625099285146942,B0,nb_0.350,-0.23843778629839504,-0.2098673272030131,0.028570459095381945,7554,2267,704,806,5,product,org:resource
BPIC13_incidents,itsm,duration,0.25,rare-first,0.2625099285146942,B0,nb_0.375,-0.18650198500220555,-0.24534627260696953,-0.058844287604763984,7554,2267,704,806,5,product,org:resource
BPIC13_incidents,itsm,duration,0.25,rare-first,0.2625099285146942,B0,nb_0.400,-0.20041170416115278,-0.20452874577268051,-0.004117041611527733,7554,2267,704,806,5,product,org:resource
BPIC13_incidents,itsm,duration,0.25,rare-first,0.2625099285146942,B0,nb_0.425,-0.23411518766421818,-0.19071364185573736,0.043401545808480824,7554,2267,704,806,5,product,org:resource
BPIC13_incidents,itsm,duration,0.25,rare-first,0.2625099285146942,B0,nb_0.450,-0.16433412198740824,-0.1695071580382564,-0.005173036050848151,7554,2267,704,806,5,product,org:resource
BPIC13_incidents,itsm,duration,0.25,rare-first,0.2625099285146942,B0,nb_0.475,-0.16289621274182364,-0.16064864410695903,0.0022475686348646107,7554,2267,704,806,5,product,org:resource
BPIC13_incidents,itsm,duration,0.25,rare-first,0.2625099285146942,B0,nb_0.500,-0.1305690339655933,-0.13674459638288486,-0.006175562417291558,7554,2267,704,806,5,product,org:resource
BPIC13_incidents,itsm,duration,0.25,rare-first,0.2625099285146942,B0,nb_0.525,-0.08996355025189795,-0.11169410071274351,-0.021730550460845557,7554,2267,704,806,5,product,org:resource
BPIC13_incidents,itsm,duration,0.25,rare-first,0.2625099285146942,B0,nb_0.550,-0.09724060187227374,-0.12434445914816454,-0.027103857275890805,7554,2267,704,806,5,product,org:resource
BPIC13_incidents,itsm,duration,0.25,rare-first,0.2625099285146942,B0,nb_0.575,-0.10737175328887619,-0.12768883468694048,-0.02031708139806429,7554,2267,704,806,5,product,org:resource
BPIC13_incidents,itsm,duration,0.25,rare-first,0.2625099285146942,B0,nb_0.600,-0.1243934715483017,-0.13012792236435816,-0.0057344508160564606,7554,2267,704,806,5,product,org:resource
BPIC13_incidents,itsm,duration,0.25,rare-first,0.2625099285146942,B0,nb_0.625,-0.12762828995735923,-0.12615791795324216,0.0014703720041170654,7554,2267,704,806,5,product,org:resource
BPIC13_incidents,itsm,duration,0.25,rare-first,0.2625099285146942,B0,nb_0.650,-0.11828092507404377,-0.13863507467389252,-0.020354149599848756,7554,2267,704,806,5,product,org:resource
BPIC13_incidents,itsm,duration,0.25,rare-first,0.2625099285146942,B0,nb_0.675,-0.1338264734824065,-0.14023955753113237,-0.00641308404872587,7554,2267,704,806,5,product,org:resource
BPIC13_incidents,itsm,duration,0.25,rare-first,0.2625099285146942,B0,nb_0.700,-0.1343920011762976,-0.13733274518453165,-0.0029407440082340475,7554,2267,704,806,5,product,org:resource
BPIC13_incidents,itsm,duration,0.25,rare-first,0.2625099285146942,B0,nb_0.725,-0.13233348037053375,-0.13145125716806352,0.0008822232024702226,7554,2267,704,806,5,product,org:resource
BPIC13_incidents,itsm,duration,0.25,rare-first,0.2625099285146942,B0,nb_0.750,-0.12924569916188797,-0.1349801499779444,-0.005734450816056447,7554,2267,704,806,5,product,org:resource
BPIC13_incidents,itsm,duration,0.25,rare-first,0.2625099285146942,B0,nb_0.775,-0.13444101357643487,-0.12507964515022302,0.009361368426211852,7554,2267,704,806,5,product,org:resource
BPIC13_incidents,itsm,duration,0.25,rare-first,0.2625099285146942,B0,nb_0.800,-0.10630789589766214,-0.097926775474195,0.008381120423467142,7554,2267,704,806,5,product,org:resource
BPIC13_incidents,itsm,duration,0.25,rare-first,0.2625099285146942,B0+g,auc,0.6707672151327643,0.6768302703090313,0.00606305517626704,7554,2267,704,806,5,product,org:resource
BPIC13_incidents,itsm,duration,0.25,rare-first,0.2625099285146942,B0+g,ap,0.2668252823267649,0.2674320628064783,0.0006067804797134091,7554,2267,704,806,5,product,org:resource
BPIC13_incidents,itsm,duration,0.25,rare-first,0.2625099285146942,B0+g,brier_skill,0.1254488378255343,0.12216294046832654,-0.0032858973572077455,7554,2267,704,806,5,product,org:resource
BPIC13_incidents,itsm,duration,0.25,rare-first,0.2625099285146942,B0+g,nagelkerke,0.14178965013641606,0.14031523025038836,-0.0014744198860277002,7554,2267,704,806,5,product,org:resource
BPIC13_incidents,itsm,duration,0.25,rare-first,0.2625099285146942,B0+g,nb_0.050,0.10941889350637289,0.10941889350637289,0.0,7554,2267,704,806,5,product,org:resource
BPIC13_incidents,itsm,duration,0.25,rare-first,0.2625099285146942,B0+g,nb_0.075,0.085694869991297,0.08573063579680255,3.576580550555819e-05,7554,2267,704,806,5,product,org:resource
BPIC13_incidents,itsm,duration,0.25,rare-first,0.2625099285146942,B0+g,nb_0.100,0.06102043817085722,0.0625398225751115,0.0015193844042542745,7554,2267,704,806,5,product,org:resource
BPIC13_incidents,itsm,duration,0.25,rare-first,0.2625099285146942,B0+g,nb_0.125,0.034910832440607484,0.03724242233285022,0.002331589892242733,7554,2267,704,806,5,product,org:resource
BPIC13_incidents,itsm,duration,0.25,rare-first,0.2625099285146942,B0+g,nb_0.150,0.009860141674667203,0.012610602247074382,0.0027504605724071787,7554,2267,704,806,5,product,org:resource
BPIC13_incidents,itsm,duration,0.25,rare-first,0.2625099285146942,B0+g,nb_0.175,-0.016668671719399564,-0.01328681610993036,0.003381855609469204,7554,2267,704,806,5,product,org:resource
BPIC13_incidents,itsm,duration,0.25,rare-first,0.2625099285146942,B0+g,nb_0.200,-0.04400088222320247,-0.038486987207763564,0.005513895015438905,7554,2267,704,806,5,product,org:resource
BPIC13_incidents,itsm,duration,0.25,rare-first,0.2625099285146942,B0+g,nb_0.225,-0.05890974287462471,-0.05720221409565007,0.0017075287789746346,7554,2267,704,806,5,product,org:resource
BPIC13_incidents,itsm,duration,0.25,rare-first,0.2625099285146942,B0+g,nb_0.250,-0.08395824143508307,-0.08337009263343625,0.000588148801646815,7554,2267,704,806,5,product,org:resource
BPIC13_incidents,itsm,duration,0.25,rare-first,0.2625099285146942,B0+g,nb_0.275,-0.1010601889174513,-0.10183593690583032,-0.0007757479883790108,7554,2267,704,806,5,product,org:resource
BPIC13_incidents,itsm,duration,0.25,rare-first,0.2625099285146942,B0+g,nb_0.300,-0.10561472052429266,-0.10580376835339342,-0.00018904782910075801,7554,2267,704,806,5,product,org:resource
BPIC13_incidents,itsm,duration,0.25,rare-first,0.2625099285146942,B0+g,nb_0.325,-0.12292309954418466,-0.12148540247349245,0.0014376970706922176,7554,2267,704,806,5,product,org:resource
BPIC13_incidents,itsm,duration,0.25,rare-first,0.2625099285146942,B0+g,nb_0.350,-0.13328356689627088,-0.13240134369380066,0.0008822232024702226,7554,2267,704,806,5,product,org:resource
BPIC13_incidents,itsm,duration,0.25,rare-first,0.2625099285146942,B0+g,nb_0.375,-0.141243934715483,-0.14203793559770622,-0.0007940008822232281,7554,2267,704,806,5,product,org:resource
BPIC13_incidents,itsm,duration,0.25,rare-first,0.2625099285146942,B0+g,nb_0.400,-0.14894868401705635,-0.15409498603146599,-0.005146302014409632,7554,2267,704,806,5,product,org:resource
BPIC13_incidents,itsm,duration,0.25,rare-first,0.2625099285146942,B0+g,nb_0.425,-0.14221054448514606,-0.15133963675418577,-0.009129092269039712,7554,2267,704,806,5,product,org:resource
BPIC13_incidents,itsm,duration,0.25,rare-first,0.2625099285146942,B0+g,nb_0.450,-0.15298552351926853,-0.16285038296507195,-0.009864859445803426,7554,2267,704,806,5,product,org:resource
BPIC13_incidents,itsm,duration,0.25,rare-first,0.2625099285146942,B0+g,nb_0.475,-0.1489486840170563,-0.15508223580565883,-0.0061335517886025315,7554,2267,704,806,5,product,org:resource
BPIC13_incidents,itsm,duration,0.25,rare-first,0.2625099285146942,B0+g,nb_0.500,-0.14777238641376267,-0.1557123952359947,-0.00794000882223203,7554,2267,704,806,5,product,org:resource
BPIC13_incidents,itsm,duration,0.25,rare-first,0.2625099285146942,B0+g,nb_0.525,-0.15392473243098928,-0.16411673205952687,-0.01019199962853759,7554,2267,704,806,5,product,org:resource
BPIC13_incidents,itsm,duration,0.25,rare-first,0.2625099285146942,B0+g,nb_0.550,-0.15429103563201496,-0.16247610645493316,-0.008185070822918195,7554,2267,704,806,5,product,org:resource
BPIC13_incidents,itsm,duration,0.25,rare-first,0.2625099285146942,B0+g,nb_0.575,-0.17089182386673238,-0.17026907807675337,0.0006227457899790068,7554,2267,704,806,5,product,org:resource
BPIC13_incidents,itsm,duration,0.25,rare-first,0.2625099285146942,B0+g,nb_0.600,-0.17468019408910448,-0.1777679752977503,-0.0030877812086458067,7554,2267,704,806,5,product,org:resource
BPIC13_incidents,itsm,duration,0.25,rare-first,0.2625099285146942,B0+g,nb_0.625,-0.1879135421261579,-0.19629466254962505,-0.008381120423467142,7554,2267,704,806,5,product,org:resource
BPIC13_incidents,itsm,duration,0.25,rare-first,0.2625099285146942,B0+g,nb_0.650,-0.20454975108702506,-0.20454975108702506,0.0,7554,2267,704,806,5,product,org:resource
BPIC13_incidents,itsm,duration,0.25,rare-first,0.2625099285146942,B0+g,nb_0.675,-0.21285331342675862,-0.21787519934851218,-0.005021885921753566,7554,2267,704,806,5,product,org:resource
BPIC13_incidents,itsm,duration,0.25,rare-first,0.2625099285146942,B0+g,nb_0.700,-0.22599617703278926,-0.221143949419203,0.004852227613586252,7554,2267,704,806,5,product,org:resource
BPIC13_incidents,itsm,duration,0.25,rare-first,0.2625099285146942,B0+g,nb_0.725,-0.20098648594458035,-0.20924730320407428,-0.00826081725949393,7554,2267,704,806,5,product,org:resource
BPIC13_incidents,itsm,duration,0.25,rare-first,0.2625099285146942,B0+g,nb_0.750,-0.17776797529775032,-0.16718129686810762,0.010586678429642699,7554,2267,704,806,5,product,org:resource
BPIC13_incidents,itsm,duration,0.25,rare-first,0.2625099285146942,B0+g,nb_0.775,-0.17100426407881197,-0.17056315247757686,0.0004411116012351113,7554,2267,704,806,5,product,org:resource
BPIC13_incidents,itsm,duration,0.25,rare-first,0.2625099285146942,B0+g,nb_0.800,-0.17688575209528015,-0.15924128804587565,0.017644464049404507,7554,2267,704,806,5,product,org:resource
BPIC13_incidents,itsm,duration,0.5,random,0.504236166269526,empty,auc,0.5,0.5966720049239449,0.0966720049239449,7554,2267,704,806,5,product,org:resource
BPIC13_incidents,itsm,duration,0.5,random,0.504236166269526,empty,ap,0.15394794883105425,0.21071262054834494,0.05676467171729069,7554,2267,704,806,5,product,org:resource
BPIC13_incidents,itsm,duration,0.5,random,0.504236166269526,empty,brier_skill,-0.0002618463139367755,0.041302323189792656,0.04156416950372943,7554,2267,704,806,5,product,org:resource
BPIC13_incidents,itsm,duration,0.5,random,0.504236166269526,empty,nagelkerke,-0.0003491131850855999,0.055389113367523744,0.05573822655260934,7554,2267,704,806,5,product,org:resource
BPIC13_incidents,itsm,duration,0.5,random,0.504236166269526,empty,nb_0.050,0.10941889350637289,0.10941889350637289,0.0,7554,2267,704,806,5,product,org:resource
BPIC13_incidents,itsm,duration,0.5,random,0.504236166269526,empty,nb_0.075,0.08534913387141002,0.08534913387141002,0.0,7554,2267,704,806,5,product,org:resource
BPIC13_incidents,itsm,duration,0.5,random,0.504236166269526,empty,nb_0.100,0.059942165367838064,0.059942165367838064,0.0,7554,2267,704,806,5,product,org:resource
BPIC13_incidents,itsm,duration,0.5,random,0.504236166269526,empty,nb_0.125,0.033083370092633436,0.03446972083937237,0.001386350746738936,7554,2267,704,806,5,product,org:resource
BPIC13_incidents,itsm,duration,0.5,random,0.504236166269526,empty,nb_0.150,0.004644645683593232,0.006460987571031933,0.0018163418874387015,7554,2267,704,806,5,product,org:resource
BPIC13_incidents,itsm,duration,0.5,random,0.504236166269526,empty,nb_0.175,-0.025517637780540305,-0.022095681116413374,0.003421956664126931,7554,2267,704,806,5,product,org:resource
BPIC13_incidents,itsm,duration,0.5,random,0.504236166269526,empty,nb_0.200,-0.05756506396118218,-0.05337450374944861,0.004190560211733571,7554,2267,704,806,5,product,org:resource
BPIC13_incidents,itsm,duration,0.5,random,0.504236166269526,empty,nb_0.225,-0.09168006602444613,-0.0830997339100986,0.008580332114347528,7554,2267,704,806,5,product,org:resource
BPIC13_incidents,itsm,duration,0.5,random,0.504236166269526,empty,nb_0.250,-0.12806940155859428,-0.10733715630054401,0.020732245258050272,7554,2267,704,806,5,product,org:resource
BPIC13_incidents,itsm,duration,0.5,random,0.504236166269526,empty,nb_0.275,-0.16696834643992522,-0.1428288943309554,0.02413945210896981,7554,2267,704,806,5,product,org:resource
BPIC13_incidents,itsm,duration,0.5,random,0.504236166269526,empty,nb_0.300,-0.20864578738420825,-0.1800995651899931,0.028546222194215154,7554,2267,704,806,5,product,org:resource
BPIC13_incidents,itsm,duration,0.5,random,0.504236166269526,empty,nb_0.325,-0.2534104461762159,-0.21016517178846245,0.04324527438775344,7554,2267,704,806,5,product,org:resource
BPIC13_incidents,itsm,duration,0.5,random,0.504236166269526,empty,nb_0.350,-0.3016185402599165,-0.23613043330731903,0.06548810695259749,7554,2267,704,806,5,product,org:resource
BPIC13_incidents,itsm,duration,0.5,random,0.504236166269526,empty,nb_0.375,-0.35368328187031317,-0.27613586237318044,0.07754741949713273,7554,2267,704,806,5,product,org:resource
BPIC13_incidents,itsm,duration,0.5,random,0.504236166269526,empty,nb_0.400,-0.41008675194824296,-0.3153947948831055,0.09469195706513744,7554,2267,704,806,5,product,org:resource
BPIC13_incidents,itsm,duration,0.5,random,0.504236166269526,empty,nb_0.425,-0.4713948715981665,-0.3490727066991427,0.12232216489902381,7554,2267,704,806,5,product,org:resource
BPIC13_incidents,itsm,duration,0.5,random,0.504236166269526,empty,nb_0.450,-0.5382764566708105,-0.3844889120583871,0.1537875446124234,7554,2267,704,806,5,product,org:resource
BPIC13_incidents,itsm,duration,0.5,random,0.504236166269526,empty,nb_0.475,-0.6115277165122774,-0.43287751801205704,0.1786501985002204,7554,2267,704,806,5,product,org:resource
BPIC13_incidents,itsm,duration,0.5,random,0.504236166269526,empty,nb_0.500,-0.6921041023378914,-0.15747684164093514,0.5346272606969563,7554,2267,704,806,5,product,org:resource
BPIC13_incidents,itsm,duration,0.5,random,0.504236166269526,empty,nb_0.525,0.0,-0.1558981264365148,-0.1558981264365148,7554,2267,704,806,5,product,org:resource
BPIC13_incidents,itsm,duration,0.5,random,0.504236166269526,empty,nb_0.550,0.0,-0.0838112042346714,-0.0838112042346714,7554,2267,704,806,5,product,org:resource
BPIC13_incidents,itsm,duration,0.5,random,0.504236166269526,empty,nb_0.575,0.0,-0.08549780741586445,-0.08549780741586445,7554,2267,704,806,5,product,org:resource
BPIC13_incidents,itsm,duration,0.5,random,0.504236166269526,empty,nb_0.600,0.0,-0.08689898544331713,-0.08689898544331713,7554,2267,704,806,5,product,org:resource
BPIC13_incidents,itsm,duration,0.5,random,0.504236166269526,empty,nb_0.625,0.0,-0.08028231142479048,-0.08028231142479048,7554,2267,704,806,5,product,org:resource
BPIC13_incidents,itsm,duration,0.5,random,0.504236166269526,empty,nb_0.650,0.0,-0.05784863570483333,-0.05784863570483333,7554,2267,704,806,5,product,org:resource
BPIC13_incidents,itsm,duration,0.5,random,0.504236166269526,empty,nb_0.675,0.0,-0.05883750127243734,-0.05883750127243734,7554,2267,704,806,5,product,org:resource
BPIC13_incidents,itsm,duration,0.5,random,0.504236166269526,empty,nb_0.700,0.0,-0.04367004852227613,-0.04367004852227613,7554,2267,704,806,5,product,org:resource
BPIC13_incidents,itsm,duration,0.5,random,0.504236166269526,empty,nb_0.725,0.0,-0.03769499137827325,-0.03769499137827325,7554,2267,704,806,5,product,org:resource
BPIC13_incidents,itsm,duration,0.5,random,0.504236166269526,empty,nb_0.750,0.0,-0.044111160123511246,-0.044111160123511246,7554,2267,704,806,5,product,org:resource
BPIC13_incidents,itsm,duration,0.5,random,0.504236166269526,empty,nb_0.775,0.0,-0.04112140371513994,-0.04112140371513994,7554,2267,704,806,5,product,org:resource
BPIC13_incidents,itsm,duration,0.5,random,0.504236166269526,empty,nb_0.800,0.0,-0.047198941332157046,-0.047198941332157046,7554,2267,704,806,5,product,org:resource
BPIC13_incidents,itsm,duration,0.5,random,0.504236166269526,B0_half,auc,0.5668527089165827,0.6245439823598484,0.057691273443265745,7554,2267,704,806,5,product,org:resource
BPIC13_incidents,itsm,duration,0.5,random,0.504236166269526,B0_half,ap,0.19616662956174774,0.23793838219976532,0.04177175263801758,7554,2267,704,806,5,product,org:resource
BPIC13_incidents,itsm,duration,0.5,random,0.504236166269526,B0_half,brier_skill,0.0395972471946725,0.07080480765418562,0.031207560459513117,7554,2267,704,806,5,product,org:resource
BPIC13_incidents,itsm,duration,0.5,random,0.504236166269526,B0_half,nagelkerke,0.048217637232021195,0.08535608220284296,0.03713844497082177,7554,2267,704,806,5,product,org:resource
BPIC13_incidents,itsm,duration,0.5,random,0.504236166269526,B0_half,nb_0.050,0.10941889350637289,0.10941889350637289,0.0,7554,2267,704,806,5,product,org:resource
BPIC13_incidents,itsm,duration,0.5,random,0.504236166269526,B0_half,nb_0.075,0.08534913387141002,0.08534913387141002,0.0,7554,2267,704,806,5,product,org:resource
BPIC13_incidents,itsm,duration,0.5,random,0.504236166269526,B0_half,nb_0.100,0.059942165367838064,0.06033426456893594,0.0003920992010978744,7554,2267,704,806,5,product,org:resource
BPIC13_incidents,itsm,duration,0.5,random,0.504236166269526,B0_half,nb_0.125,0.033083370092633436,0.03383956140903649,0.0007561913164030529,7554,2267,704,806,5,product,org:resource
BPIC13_incidents,itsm,duration,0.5,random,0.504236166269526,B0_half,nb_0.150,0.004644645683593232,0.005916085004800317,0.0012714393212070853,7554,2267,704,806,5,product,org:resource
BPIC13_incidents,itsm,duration,0.5,random,0.504236166269526,B0_half,nb_0.175,-0.025517637780540305,-0.0221357821710711,0.003381855609469204,7554,2267,704,806,5,product,org:resource
BPIC13_incidents,itsm,duration,0.5,random,0.504236166269526,B0_half,nb_0.200,-0.05756506396118218,-0.05238200264666961,0.0051830613145125715,7554,2267,704,806,5,product,org:resource
BPIC13_incidents,itsm,duration,0.5,random,0.504236166269526,B0_half,nb_0.225,-0.09168006602444613,-0.08130682869217527,0.010373237332270857,7554,2267,704,806,5,product,org:resource
BPIC13_incidents,itsm,duration,0.5,random,0.504236166269526,B0_half,nb_0.250,-0.12806940155859428,-0.10601382149683866,0.02205558006175562,7554,2267,704,806,5,product,org:resource
BPIC13_incidents,itsm,duration,0.5,random,0.504236166269526,B0_half,nb_0.275,-0.15998661454451427,-0.13336781102170578,0.026618803522808487,7554,2267,704,806,5,product,org:resource
BPIC13_incidents,itsm,duration,0.5,random,0.504236166269526,B0_half,nb_0.300,-0.2006427626189426,-0.16459764320373058,0.03604511941521202,7554,2267,704,806,5,product,org:resource
BPIC13_incidents,itsm,duration,0.5,random,0.504236166269526,B0_half,nb_0.325,-0.24476792628535016,-0.19108301066836572,0.053684915616984435,7554,2267,704,806,5,product,org:resource
BPIC13_incidents,itsm,duration,0.5,random,0.504236166269526,B0_half,nb_0.350,-0.2758644090801126,-0.2091886939703437,0.06667571510976891,7554,2267,704,806,5,product,org:resource
BPIC13_incidents,itsm,duration,0.5,random,0.504236166269526,B0_half,nb_0.375,-0.3242170269078077,-0.24296426996029993,0.08125275694750775,7554,2267,704,806,5,product,org:resource
BPIC13_incidents,itsm,duration,0.5,random,0.504236166269526,B0_half,nb_0.400,-0.3765622702543744,-0.28201735038964865,0.09454491986472574,7554,2267,704,806,5,product,org:resource
BPIC13_incidents,itsm,duration,0.5,random,0.504236166269526,B0_half,nb_0.425,-0.2390057728083466,-0.22627107266834165,0.01273470014000494,7554,2267,704,806,5,product,org:resource
BPIC13_incidents,itsm,duration,0.5,random,0.504236166269526,B0_half,nb_0.450,-0.27148414003288285,-0.23226530857761557,0.03921883145526728,7554,2267,704,806,5,product,org:resource
BPIC13_incidents,itsm,duration,0.5,random,0.504236166269526,B0_half,nb_0.475,-0.31024849286869577,-0.26244039742054737,0.0478080954481484,7554,2267,704,806,5,product,org:resource
BPIC13_incidents,itsm,duration,0.5,random,0.504236166269526,B0_half,nb_0.500,-0.34803705337450375,-0.290251433612704,0.057785619761799745,7554,2267,704,806,5,product,org:resource
BPIC13_incidents,itsm,duration,0.5,random,0.504236166269526,B0_half,nb_0.525,-0.08587746384045691,-0.13576950758015463,-0.04989204373969772,7554,2267,704,806,5,product,org:resource
BPIC13_incidents,itsm,duration,0.5,random,0.504236166269526,B0_half,nb_0.550,-0.09684850267117585,-0.13846003038768814,-0.04161152771651229,7554,2267,704,806,5,product,org:resource
BPIC13_incidents,itsm,duration,0.5,random,0.504236166269526,B0_half,nb_0.575,-0.11074495965126234,-0.14797996834375565,-0.03723500869249331,7554,2267,704,806,5,product,org:resource
BPIC13_incidents,itsm,duration,0.5,random,0.504236166269526,B0_half,nb_0.600,-0.1263784737538597,-0.16034406704896337,-0.03396559329510368,7554,2267,704,806,5,product,org:resource
BPIC13_incidents,itsm,duration,0.5,random,0.504236166269526,B0_half,nb_0.625,-0.06440229378032643,-0.12248198794294958,-0.05807969416262315,7554,2267,704,806,5,product,org:resource
BPIC13_incidents,itsm,duration,0.5,random,0.504236166269526,B0_half,nb_0.650,-0.06648181990043482,-0.11613838301090178,-0.049656563110466956,7554,2267,704,806,5,product,org:resource
BPIC13_incidents,itsm,duration,0.5,random,0.504236166269526,B0_half,nb_0.675,-0.07773743680228024,-0.10946354042957487,-0.03172610362729464,7554,2267,704,806,5,product,org:resource
BPIC13_incidents,itsm,duration,0.5,random,0.504236166269526,B0_half,nb_0.700,-0.07307748860461695,-0.09822084987501836,-0.025143361270401413,7554,2267,704,806,5,product,org:resource
BPIC13_incidents,itsm,duration,0.5,random,0.504236166269526,B0_half,nb_0.725,-0.061755624172915746,-0.10089425351886754,-0.03913862934595179,7554,2267,704,806,5,product,org:resource
BPIC13_incidents,itsm,duration,0.5,random,0.504236166269526,B0_half,nb_0.750,-0.01940891045434495,-0.08337009263343625,-0.0639611821790913,7554,2267,704,806,5,product,org:resource
BPIC13_incidents,itsm,duration,0.5,random,0.504236166269526,B0_half,nb_0.775,-0.016860265647208748,-0.06729402538842329,-0.05043375974121454,7554,2267,704,806,5,product,org:resource
BPIC13_incidents,itsm,duration,0.5,random,0.504236166269526,B0_half,nb_0.800,-0.02029113365681518,-0.06925452139391267,-0.048963387737097484,7554,2267,704,806,5,product,org:resource
BPIC13_incidents,itsm,duration,0.5,random,0.504236166269526,B0,auc,0.6492600637603044,0.671688213904766,0.022428150144461534,7554,2267,704,806,5,product,org:resource
BPIC13_incidents,itsm,duration,0.5,random,0.504236166269526,B0,ap,0.25900431265903023,0.2717746209344166,0.012770308275386388,7554,2267,704,806,5,product,org:resource
BPIC13_incidents,itsm,duration,0.5,random,0.504236166269526,B0,brier_skill,0.10912528376559139,0.12163544355311517,0.012510159787523789,7554,2267,704,806,5,product,org:resource
BPIC13_incidents,itsm,duration,0.5,random,0.504236166269526,B0,nagelkerke,0.12425419447636911,0.13575852273382572,0.011504328257456606,7554,2267,704,806,5,product,org:resource
BPIC13_incidents,itsm,duration,0.5,random,0.504236166269526,B0,nb_0.050,0.10941889350637289,0.10941889350637289,0.0,7554,2267,704,806,5,product,org:resource
BPIC13_incidents,itsm,duration,0.5,random,0.504236166269526,B0,nb_0.075,0.08534913387141002,0.08542066548242112,7.15316110111025e-05,7554,2267,704,806,5,product,org:resource
BPIC13_incidents,itsm,duration,0.5,random,0.504236166269526,B0,nb_0.100,0.060383276969073175,0.06053031416948487,0.00014703720041169682,7554,2267,704,806,5,product,org:resource
BPIC13_incidents,itsm,duration,0.5,random,0.504236166269526,B0,nb_0.125,0.03371352952296932,0.0343436889533052,0.0006301594303358832,7554,2267,704,806,5,product,org:resource
BPIC13_incidents,itsm,duration,0.5,random,0.504236166269526,B0,nb_0.150,0.00550092114481433,0.007628635927242516,0.0021277147824281858,7554,2267,704,806,5,product,org:resource
BPIC13_incidents,itsm,duration,0.5,random,0.504236166269526,B0,nb_0.175,-0.024648781596289315,-0.021440697223670323,0.003208084372618991,7554,2267,704,806,5,product,org:resource
BPIC13_incidents,itsm,duration,0.5,random,0.504236166269526,B0,nb_0.200,-0.050838112042346714,-0.0458756065284517,0.004962505513895016,7554,2267,704,806,5,product,org:resource
BPIC13_incidents,itsm,duration,0.5,random,0.504236166269526,B0,nb_0.225,-0.07309646114660559,-0.06485763478805301,0.008238826358552581,7554,2267,704,806,5,product,org:resource
BPIC13_incidents,itsm,duration,0.5,random,0.504236166269526,B0,nb_0.250,-0.10439641229230993,-0.08983972945155122,0.014556682840758714,7554,2267,704,806,5,product,org:resource
BPIC13_incidents,itsm,duration,0.5,random,0.504236166269526,B0,nb_0.275,-0.1384177783186043,-0.11668162389912234,0.021736154419481957,7554,2267,704,806,5,product,org:resource
BPIC13_incidents,itsm,duration,0.5,random,0.504236166269526,B0,nb_0.300,-0.17247463608292898,-0.14367635011657953,0.02879828596634945,7554,2267,704,806,5,product,org:resource
BPIC13_incidents,itsm,duration,0.5,random,0.504236166269526,B0,nb_0.325,-0.2096423728536653,-0.17218056168210555,0.03746181117155975,7554,2267,704,806,5,product,org:resource
BPIC13_incidents,itsm,duration,0.5,random,0.504236166269526,B0,nb_0.350,-0.23843778629839504,-0.1793627633945234,0.05907502290387165,7554,2267,704,806,5,product,org:resource
BPIC13_incidents,itsm,duration,0.5,random,0.504236166269526,B0,nb_0.375,-0.18650198500220555,-0.20952801058667844,-0.023026025584472892,7554,2267,704,806,5,product,org:resource
BPIC13_incidents,itsm,duration,0.5,random,0.504236166269526,B0,nb_0.400,-0.20041170416115278,-0.18026760770474934,0.020144096456403443,7554,2267,704,806,5,product,org:resource
BPIC13_incidents,itsm,duration,0.5,random,0.504236166269526,B0,nb_0.425,-0.23411518766421818,-0.18081739897585394,0.05329778868836424,7554,2267,704,806,5,product,org:resource
BPIC13_incidents,itsm,duration,0.5,random,0.504236166269526,B0,nb_0.450,-0.16433412198740824,-0.17720656053254197,-0.01287243854513373,7554,2267,704,806,5,product,org:resource
BPIC13_incidents,itsm,duration,0.5,random,0.504236166269526,B0,nb_0.475,-0.16289621274182364,-0.1363454954103388,0.02655071733148484,7554,2267,704,806,5,product,org:resource
BPIC13_incidents,itsm,duration,0.5,random,0.504236166269526,B0,nb_0.500,-0.1305690339655933,-0.14247904719894133,-0.011910013233348032,7554,2267,704,806,5,product,org:resource
BPIC13_incidents,itsm,duration,0.5,random,0.504236166269526,B0,nb_0.525,-0.08996355025189795,-0.12488101594966687,-0.03491746569776892,7554,2267,704,806,5,product,org:resource
BPIC13_incidents,itsm,duration,0.5,random,0.504236166269526,B0,nb_0.550,-0.09724060187227374,-0.12988286036367205,-0.03264225849139832,7554,2267,704,806,5,product,org:resource
BPIC13_incidents,itsm,duration,0.5,random,0.504236166269526,B0,nb_0.575,-0.10737175328887619,-0.1356288435091725,-0.02825709022029632,7554,2267,704,806,5,product,org:resource
BPIC13_incidents,itsm,duration,0.5,random,0.504236166269526,B0,nb_0.600,-0.1243934715483017,-0.1420379355977062,-0.017644464049404493,7554,2267,704,806,5,product,org:resource
BPIC13_incidents,itsm,duration,0.5,random,0.504236166269526,B0,nb_0.625,-0.12762828995735923,-0.14880164681664462,-0.021173356859285397,7554,2267,704,806,5,product,org:resource
BPIC13_incidents,itsm,duration,0.5,random,0.504236166269526,B0,nb_0.650,-0.11828092507404377,-0.14329825445837802,-0.02501732938433425,7554,2267,704,806,5,product,org:resource
BPIC13_incidents,itsm,duration,0.5,random,0.504236166269526,B0,nb_0.675,-0.1338264734824065,-0.13844117946455844,-0.00461470598215194,7554,2267,704,806,5,product,org:resource
BPIC13_incidents,itsm,duration,0.5,random,0.504236166269526,B0,nb_0.700,-0.1343920011762976,-0.1424790471989413,-0.008087046022643707,7554,2267,704,806,5,product,org:resource
BPIC13_incidents,itsm,duration,0.5,random,0.504236166269526,B0,nb_0.725,-0.13233348037053375,-0.1464089505553996,-0.014075470184865851,7554,2267,704,806,5,product,org:resource
BPIC13_incidents,itsm,duration,0.5,random,0.504236166269526,B0,nb_0.750,-0.12924569916188797,-0.1482134980149978,-0.01896779885310984,7554,2267,704,806,5,product,org:resource
BPIC13_incidents,itsm,duration,0.5,random,0.504236166269526,B0,nb_0.775,-0.13444101357643487,-0.12463853354898792,0.00980248002744695,7554,2267,704,806,5,product,org:resource
BPIC13_incidents,itsm,duration,0.5,random,0.504236166269526,B0,nb_0.800,-0.10630789589766214,-0.133215703573004,-0.026907807675341858,7554,2267,704,806,5,product,org:resource
BPIC13_incidents,itsm,duration,0.5,random,0.504236166269526,B0+g,auc,0.6707672151327643,0.6841661413064588,0.013398926173694536,7554,2267,704,806,5,product,org:resource
BPIC13_incidents,itsm,duration,0.5,random,0.504236166269526,B0+g,ap,0.2668252823267649,0.2725810359216649,0.005755753594899993,7554,2267,704,806,5,product,org:resource
BPIC13_incidents,itsm,duration,0.5,random,0.504236166269526,B0+g,brier_skill,0.1254488378255343,0.13331398715249065,0.007865149326956367,7554,2267,704,806,5,product,org:resource
BPIC13_incidents,itsm,duration,0.5,random,0.504236166269526,B0+g,nagelkerke,0.14178965013641606,0.14665379794827832,0.004864147811862257,7554,2267,704,806,5,product,org:resource
BPIC13_incidents,itsm,duration,0.5,random,0.504236166269526,B0+g,nb_0.050,0.10941889350637289,0.1090242147052678,-0.00039467880110509446,7554,2267,704,806,5,product,org:resource
BPIC13_incidents,itsm,duration,0.5,random,0.504236166269526,B0+g,nb_0.075,0.085694869991297,0.08546835322309518,-0.00022651676820181765,7554,2267,704,806,5,product,org:resource
BPIC13_incidents,itsm,duration,0.5,random,0.504236166269526,B0+g,nb_0.100,0.06102043817085722,0.060677351369896576,-0.0003430868009606444,7554,2267,704,806,5,product,org:resource
BPIC13_incidents,itsm,duration,0.5,random,0.504236166269526,B0+g,nb_0.125,0.034910832440607484,0.036675278845547936,0.001764446404940452,7554,2267,704,806,5,product,org:resource
BPIC13_incidents,itsm,duration,0.5,random,0.504236166269526,B0+g,nb_0.150,0.009860141674667203,0.012377072575832275,0.002516930901165072,7554,2267,704,806,5,product,org:resource
BPIC13_incidents,itsm,duration,0.5,random,0.504236166269526,B0+g,nb_0.175,-0.016668671719399564,-0.011896646215128804,0.00477202550427076,7554,2267,704,806,5,product,org:resource
BPIC13_incidents,itsm,duration,0.5,random,0.504236166269526,B0+g,nb_0.200,-0.04400088222320247,-0.03517865019850022,0.008822232024702246,7554,2267,704,806,5,product,org:resource
BPIC13_incidents,itsm,duration,0.5,random,0.504236166269526,B0+g,nb_0.225,-0.05890974287462471,-0.054199809325953016,0.004709933548671691,7554,2267,704,806,5,product,org:resource
BPIC13_incidents,itsm,duration,0.5,random,0.504236166269526,B0+g,nb_0.250,-0.08395824143508307,-0.07101896779885311,0.012939273636229959,7554,2267,704,806,5,product,org:resource
BPIC13_incidents,itsm,duration,0.5,random,0.504236166269526,B0+g,nb_0.275,-0.1010601889174513,-0.08545396468065043,0.015606224236800872,7554,2267,704,806,5,product,org:resource
BPIC13_incidents,itsm,duration,0.5,random,0.504236166269526,B0+g,nb_0.300,-0.10561472052429266,-0.09515407398071715,0.010460646543575508,7554,2267,704,806,5,product,org:resource
BPIC13_incidents,itsm,duration,0.5,random,0.504236166269526,B0+g,nb_0.325,-0.12292309954418466,-0.11200967178029372,0.01091342776389094,7554,2267,704,806,5,product,org:resource
BPIC13_incidents,itsm,duration,0.5,random,0.504236166269526,B0+g,nb_0.350,-0.13328356689627088,-0.1256489430287401,0.0076346238675307765,7554,2267,704,806,5,product,org:resource
BPIC13_incidents,itsm,duration,0.5,random,0.504236166269526,B0+g,nb_0.375,-0.141243934715483,-0.13436259373621529,0.006881340979267708,7554,2267,704,806,5,product,org:resource
BPIC13_incidents,itsm,duration,0.5,random,0.504236166269526,B0+g,nb_0.400,-0.14894868401705635,-0.14703720041170418,0.0019114836053521767,7554,2267,704,806,5,product,org:resource
BPIC13_incidents,itsm,duration,0.5,random,0.504236166269526,B0+g,nb_0.425,-0.14221054448514606,-0.14497228668418327,-0.002761742199037215,7554,2267,704,806,5,product,org:resource
BPIC13_incidents,itsm,duration,0.5,random,0.504236166269526,B0+g,nb_0.450,-0.15298552351926853,-0.15009824758391144,0.002887275935357092,7554,2267,704,806,5,product,org:resource
BPIC13_incidents,itsm,duration,0.5,random,0.504236166269526,B0+g,nb_0.475,-0.1489486840170563,-0.15308673094292854,-0.004138046925872246,7554,2267,704,806,5,product,org:resource
BPIC13_incidents,itsm,duration,0.5,random,0.504236166269526,B0+g,nb_0.500,-0.14777238641376267,-0.1482134980149978,-0.00044111160123513904,7554,2267,704,806,5,product,org:resource
BPIC13_incidents,itsm,duration,0.5,random,0.504236166269526,B0+g,nb_0.525,-0.15392473243098928,-0.15499268683397957,-0.0010679544029902899,7554,2267,704,806,5,product,org:resource
BPIC13_incidents,itsm,duration,0.5,random,0.504236166269526,B0+g,nb_0.550,-0.15429103563201496,-0.1626721560554821,-0.008381120423467142,7554,2267,704,806,5,product,org:resource
BPIC13_incidents,itsm,duration,0.5,random,0.504236166269526,B0+g,nb_0.575,-0.17089182386673238,-0.1656763278756584,0.005215495991073987,7554,2267,704,806,5,product,org:resource
BPIC13_incidents,itsm,duration,0.5,random,0.504236166269526,B0+g,nb_0.600,-0.17468019408910448,-0.17644464049404493,-0.0017644464049404451,7554,2267,704,806,5,product,org:resource
BPIC13_incidents,itsm,duration,0.5,random,0.504236166269526,B0+g,nb_0.625,-0.1879135421261579,-0.18820761652698137,-0.00029407440082346303,7554,2267,704,806,5,product,org:resource
BPIC13_incidents,itsm,duration,0.5,random,0.504236166269526,B0+g,nb_0.650,-0.20454975108702506,-0.20436070325792427,0.00018904782910078577,7554,2267,704,806,5,product,org:resource
BPIC13_incidents,itsm,duration,0.5,random,0.504236166269526,B0+g,nb_0.675,-0.21285331342675862,-0.21020664381934795,0.0026466696074106677,7554,2267,704,806,5,product,org:resource
BPIC13_incidents,itsm,duration,0.5,random,0.504236166269526,B0+g,nb_0.700,-0.22599617703278926,-0.2104102337891486,0.015585943243640654,7554,2267,704,806,5,product,org:resource
BPIC13_incidents,itsm,duration,0.5,random,0.504236166269526,B0+g,nb_0.725,-0.20098648594458035,-0.1912419296627501,0.009744556281830241,7554,2267,704,806,5,product,org:resource
BPIC13_incidents,itsm,duration,0.5,random,0.504236166269526,B0+g,nb_0.750,-0.17776797529775032,-0.18967798853109838,-0.01191001323334806,7554,2267,704,806,5,product,org:resource
BPIC13_incidents,itsm,duration,0.5,random,0.504236166269526,B0+g,nb_0.775,-0.17100426407881197,-0.19158947213645056,-0.020585208057638582,7554,2267,704,806,5,product,org:resource
BPIC13_incidents,itsm,duration,0.5,random,0.504236166269526,B0+g,nb_0.800,-0.17688575209528015,-0.16232906925452145,0.0145566828407587,7554,2267,704,806,5,product,org:resource
BPIC19,procurement,duration,1.0,full,1.0,empty,auc,0.5,0.6565733069402813,0.15657330694028126,251734,75521,1975,355,8,case:Vendor,org:resource
BPIC19,procurement,duration,1.0,full,1.0,empty,ap,0.16204764237761682,0.22244095777285117,0.06039331539523435,251734,75521,1975,355,8,case:Vendor,org:resource
BPIC19,procurement,duration,1.0,full,1.0,empty,brier_skill,-6.904521911232919e-05,-0.2632172325115669,-0.2631481872924546,251734,75521,1975,355,8,case:Vendor,org:resource
BPIC19,procurement,duration,1.0,full,1.0,empty,nagelkerke,-9.205923281792703e-05,-0.9473701818116234,-0.9472781225788054,251734,75521,1975,355,8,case:Vendor,org:resource
BPIC19,procurement,duration,1.0,full,1.0,empty,nb_0.050,0.11794488671328085,0.12181693624429316,0.003872049531012306,251734,75521,1975,355,8,case:Vendor,org:resource
BPIC19,procurement,duration,1.0,full,1.0,empty,nb_0.075,0.09410555932715334,0.10531847773144895,0.011212918404295613,251734,75521,1975,355,8,case:Vendor,org:resource
BPIC19,procurement,duration,1.0,full,1.0,empty,nb_0.100,0.06894182486401867,0.0901691803162917,0.021227355452273028,251734,75521,1975,355,8,case:Vendor,org:resource
BPIC19,procurement,duration,1.0,full,1.0,empty,nb_0.125,0.04234016271727638,0.0727423025194506,0.030402139802174225,251734,75521,1975,355,8,case:Vendor,org:resource
BPIC19,procurement,duration,1.0,full,1.0,empty,nb_0.150,0.014173696914843303,0.058177039966289076,0.04400334305144577,251734,75521,1975,355,8,case:Vendor,org:resource
BPIC19,procurement,duration,1.0,full,1.0,empty,nb_0.175,-0.015699827421070536,0.0393713488481831,0.05507117626925363,251734,75521,1975,355,8,case:Vendor,org:resource
BPIC19,procurement,duration,1.0,full,1.0,empty,nb_0.200,-0.04744044702797897,0.020130162471365582,0.06757060949934456,251734,75521,1975,355,8,case:Vendor,org:resource
BPIC19,procurement,duration,1.0,full,1.0,empty,nb_0.225,-0.08122884854501056,-0.0007017915546669139,0.08052705699034364,251734,75521,1975,355,8,case:Vendor,org:resource
BPIC19,procurement,duration,1.0,full,1.0,empty,nb_0.250,-0.11726981016317756,-0.022700087834288903,0.09456972232888866,251734,75521,1975,355,8,case:Vendor,org:resource
BPIC19,procurement,duration,1.0,full,1.0,empty,nb_0.275,-0.15579635534121822,-0.038877517055087234,0.11691883828613098,251734,75521,1975,355,8,case:Vendor,org:resource
BPIC19,procurement,duration,1.0,full,1.0,empty,nb_0.300,-0.19707479660340457,-0.06029354181523778,0.1367812547881668,251734,75521,1975,355,8,case:Vendor,org:resource
BPIC19,procurement,duration,1.0,full,1.0,empty,nb_0.325,-0.2414109001813084,-0.0848554755679926,0.15655542461331579,251734,75521,1975,355,8,case:Vendor,org:resource
BPIC19,procurement,duration,1.0,full,1.0,empty,nb_0.350,-0.2891574732652049,-0.10889482599338135,0.18026264727182356,251734,75521,1975,355,8,case:Vendor,org:resource
BPIC19,procurement,duration,1.0,full,1.0,empty,nb_0.375,-0.340723772195813,-0.1366110088584632,0.20411276333734982,251734,75521,1975,355,8,case:Vendor,org:resource
BPIC19,procurement,duration,1.0,full,1.0,empty,nb_0.400,-0.39658726270397204,-0.16363660438818348,0.23295065831578857,251734,75521,1975,355,8,case:Vendor,org:resource
BPIC19,procurement,duration,1.0,full,1.0,empty,nb_0.425,-0.45730844803892734,-0.19468699463379896,0.2626214534051284,251734,75521,1975,355,8,case:Vendor,org:resource
BPIC19,procurement,duration,1.0,full,1.0,empty,nb_0.450,-0.5235497411316057,-0.22748278323548776,0.2960669578961179,251734,75521,1975,355,8,case:Vendor,org:resource
BPIC19,procurement,duration,1.0,full,1.0,empty,nb_0.475,-0.5960997288045393,-0.2619145352822078,0.3341851935223315,251734,75521,1975,355,8,case:Vendor,org:resource
BPIC19,procurement,duration,1.0,full,1.0,empty,nb_0.500,-0.6759047152447664,-0.2843182690907165,0.39158644615404986,251734,75521,1975,355,8,case:Vendor,org:resource
BPIC19,procurement,duration,1.0,full,1.0,empty,nb_0.525,0.0,-0.3148409748700083,-0.3148409748700083,251734,75521,1975,355,8,case:Vendor,org:resource
BPIC19,procurement,duration,1.0,full,1.0,empty,nb_0.550,0.0,-0.31527507433546825,-0.31527507433546825,251734,75521,1975,355,8,case:Vendor,org:resource
BPIC19,procurement,duration,1.0,full,1.0,empty,nb_0.575,0.0,-0.34833474444583773,-0.34833474444583773,251734,75521,1975,355,8,case:Vendor,org:resource
BPIC19,procurement,duration,1.0,full,1.0,empty,nb_0.600,0.0,-0.39387719971928326,-0.39387719971928326,251734,75521,1975,355,8,case:Vendor,org:resource
BPIC19,procurement,duration,1.0,full,1.0,empty,nb_0.625,0.0,-0.4430688152964076,-0.4430688152964076,251734,75521,1975,355,8,case:Vendor,org:resource
BPIC19,procurement,duration,1.0,full,1.0,empty,nb_0.650,0.0,-0.489750249221125,-0.489750249221125,251734,75521,1975,355,8,case:Vendor,org:resource
BPIC19,procurement,duration,1.0,full,1.0,empty,nb_0.675,0.0,-0.5364987629523323,-0.5364987629523323,251734,75521,1975,355,8,case:Vendor,org:resource
BPIC19,procurement,duration,1.0,full,1.0,empty,nb_0.700,0.0,-0.5994624011864249,-0.5994624011864249,251734,75521,1975,355,8,case:Vendor,org:resource
BPIC19,procurement,duration,1.0,full,1.0,empty,nb_0.725,0.0,-0.6453677544235137,-0.6453677544235137,251734,75521,1975,355,8,case:Vendor,org:resource
BPIC19,procurement,duration,1.0,full,1.0,empty,nb_0.750,0.0,-0.7337561737794785,-0.7337561737794785,251734,75521,1975,355,8,case:Vendor,org:resource
BPIC19,procurement,duration,1.0,full,1.0,empty,nb_0.775,0.0,-0.8085653879936268,-0.8085653879936268,251734,75521,1975,355,8,case:Vendor,org:resource
BPIC19,procurement,duration,1.0,full,1.0,empty,nb_0.800,0.0,-0.9359780723242543,-0.9359780723242543,251734,75521,1975,355,8,case:Vendor,org:resource
BPIC19,procurement,duration,1.0,full,1.0,B0_half,auc,0.6027071621041123,0.6597029414998622,0.056995779395749846,251734,75521,1975,355,8,case:Vendor,org:resource
BPIC19,procurement,duration,1.0,full,1.0,B0_half,ap,0.19912731461830036,0.22476682071586898,0.025639506097568626,251734,75521,1975,355,8,case:Vendor,org:resource
BPIC19,procurement,duration,1.0,full,1.0,B0_half,brier_skill,-0.01934899825735381,-0.25708869431705117,-0.23773969605969736,251734,75521,1975,355,8,case:Vendor,org:resource
BPIC19,procurement,duration,1.0,full,1.0,B0_half,nagelkerke,-0.011678719012283945,-0.9392438008283492,-0.9275650818160653,251734,75521,1975,355,8,case:Vendor,org:resource
BPIC19,procurement,duration,1.0,full,1.0,B0_half,nb_0.050,0.11794488671328085,0.12205388671955308,0.004109000006272234,251734,75521,1975,355,8,case:Vendor,org:resource
BPIC19,procurement,duration,1.0,full,1.0,B0_half,nb_0.075,0.09410555932715334,0.10557042125744871,0.011464861930295375,251734,75521,1975,355,8,case:Vendor,org:resource
BPIC19,procurement,duration,1.0,full,1.0,B0_half,nb_0.100,0.06894182486401867,0.09057671964677963,0.021634894782760955,251734,75521,1975,355,8,case:Vendor,org:resource
BPIC19,procurement,duration,1.0,full,1.0,B0_half,nb_0.125,0.04234016271727638,0.07348760136726398,0.031147438649987605,251734,75521,1975,355,8,case:Vendor,org:resource
BPIC19,procurement,duration,1.0,full,1.0,B0_half,nb_0.150,0.014173696914843303,0.05839513279126881,0.044221435876425505,251734,75521,1975,355,8,case:Vendor,org:resource
BPIC19,procurement,duration,1.0,full,1.0,B0_half,nb_0.175,-0.015694209878608915,0.03935690373899615,0.05505111361760506,251734,75521,1975,355,8,case:Vendor,org:resource
BPIC19,procurement,duration,1.0,full,1.0,B0_half,nb_0.200,-0.047433826352934944,0.01962699116801949,0.06706081752095444,251734,75521,1975,355,8,case:Vendor,org:resource
BPIC19,procurement,duration,1.0,full,1.0,B0_half,nb_0.225,-0.08021225457050828,-0.0005223926179900585,0.07968986195251822,251734,75521,1975,355,8,case:Vendor,org:resource
BPIC19,procurement,duration,1.0,full,1.0,B0_half,nb_0.250,-0.050904163521846006,-0.018824786041851487,0.03207937747999452,251734,75521,1975,355,8,case:Vendor,org:resource
BPIC19,procurement,duration,1.0,full,1.0,B0_half,nb_0.275,-0.07664778328384571,-0.03919667925203725,0.03745110403180846,251734,75521,1975,355,8,case:Vendor,org:resource
BPIC19,procurement,duration,1.0,full,1.0,B0_half,nb_0.300,-0.10401837142743649,-0.0594517702739257,0.044566601153510785,251734,75521,1975,355,8,case:Vendor,org:resource
BPIC19,procurement,duration,1.0,full,1.0,B0_half,nb_0.325,-0.12141239105924422,-0.08108708541700689,0.040325305642237325,251734,75521,1975,355,8,case:Vendor,org:resource
BPIC19,procurement,duration,1.0,full,1.0,B0_half,nb_0.350,-0.1515136390998734,-0.10408617878063464,0.04742746031923875,251734,75521,1975,355,8,case:Vendor,org:resource
BPIC19,procurement,duration,1.0,full,1.0,B0_half,nb_0.375,-0.18402298698375286,-0.13122177937262483,0.052801207611128026,251734,75521,1975,355,8,case:Vendor,org:resource
BPIC19,procurement,duration,1.0,full,1.0,B0_half,nb_0.400,-0.21922379205783826,-0.15818999571863016,0.06103379633920811,251734,75521,1975,355,8,case:Vendor,org:resource
BPIC19,procurement,duration,1.0,full,1.0,B0_half,nb_0.425,-0.256354840548238,-0.18584752988371217,0.07050731066452581,251734,75521,1975,355,8,case:Vendor,org:resource
BPIC19,procurement,duration,1.0,full,1.0,B0_half,nb_0.450,-0.29791593187205,-0.218470238861918,0.07944569301013202,251734,75521,1975,355,8,case:Vendor,org:resource
BPIC19,procurement,duration,1.0,full,1.0,B0_half,nb_0.475,-0.3434352223695585,-0.25196145379935314,0.09147376857020534,251734,75521,1975,355,8,case:Vendor,org:resource
BPIC19,procurement,duration,1.0,full,1.0,B0_half,nb_0.500,-0.3929900292633837,-0.28392102858807483,0.10906900067530889,251734,75521,1975,355,8,case:Vendor,org:resource
BPIC19,procurement,duration,1.0,full,1.0,B0_half,nb_0.525,-0.43893751406893455,-0.3127906563458474,0.12614685772308715,251734,75521,1975,355,8,case:Vendor,org:resource
BPIC19,procurement,duration,1.0,full,1.0,B0_half,nb_0.550,-0.49931807047046534,-0.3325697488115889,0.16674832165887643,251734,75521,1975,355,8,case:Vendor,org:resource
BPIC19,procurement,duration,1.0,full,1.0,B0_half,nb_0.575,-0.5444048675202923,-0.3488480414874865,0.19555682603280578,251734,75521,1975,355,8,case:Vendor,org:resource
BPIC19,procurement,duration,1.0,full,1.0,B0_half,nb_0.600,-0.6176295335072363,-0.3933541663908051,0.22427536711643115,251734,75521,1975,355,8,case:Vendor,org:resource
BPIC19,procurement,duration,1.0,full,1.0,B0_half,nb_0.625,-0.02688876824547698,-0.4422875756412124,-0.4153988073957354,251734,75521,1975,355,8,case:Vendor,org:resource
BPIC19,procurement,duration,1.0,full,1.0,B0_half,nb_0.650,-0.030568602488995497,-0.48112445544947774,-0.45055585296048223,251734,75521,1975,355,8,case:Vendor,org:resource
BPIC19,procurement,duration,1.0,full,1.0,B0_half,nb_0.675,-0.03258186973974637,-0.5235130727775159,-0.49093120303776955,251734,75521,1975,355,8,case:Vendor,org:resource
BPIC19,procurement,duration,1.0,full,1.0,B0_half,nb_0.700,-0.03724350401433596,-0.5843672620860422,-0.5471237580717062,251734,75521,1975,355,8,case:Vendor,org:resource
BPIC19,procurement,duration,1.0,full,1.0,B0_half,nb_0.725,-0.003829157693645717,-0.6468989359973325,-0.6430697783036868,251734,75521,1975,355,8,case:Vendor,org:resource
BPIC19,procurement,duration,1.0,full,1.0,B0_half,nb_0.750,-0.004303438778617868,-0.7249241932707459,-0.720620754492128,251734,75521,1975,355,8,case:Vendor,org:resource
BPIC19,procurement,duration,1.0,full,1.0,B0_half,nb_0.775,-0.004968448805262407,-0.8137986638006502,-0.8088302149953879,251734,75521,1975,355,8,case:Vendor,org:resource
BPIC19,procurement,duration,1.0,full,1.0,B0_half,nb_0.800,-0.004793368731875903,-0.9259014049072445,-0.9211080361753686,251734,75521,1975,355,8,case:Vendor,org:resource
BPIC19,procurement,duration,1.0,full,1.0,B0,auc,0.6205450771663794,0.6667236670077512,0.0461785898413718,251734,75521,1975,355,8,case:Vendor,org:resource
BPIC19,procurement,duration,1.0,full,1.0,B0,ap,0.20165801934838756,0.2313698499604404,0.029711830612052847,251734,75521,1975,355,8,case:Vendor,org:resource
BPIC19,procurement,duration,1.0,full,1.0,B0,brier_skill,-0.11082843839700063,-0.2711033788902759,-0.1602749404932753,251734,75521,1975,355,8,case:Vendor,org:resource
BPIC19,procurement,duration,1.0,full,1.0,B0,nagelkerke,-0.19088921507308934,-0.9964919930639867,-0.8056027779908974,251734,75521,1975,355,8,case:Vendor,org:resource
BPIC19,procurement,duration,1.0,full,1.0,B0,nb_0.050,0.12031578529220524,0.1236240320747314,0.0033082467825261558,251734,75521,1975,355,8,case:Vendor,org:resource
BPIC19,procurement,duration,1.0,full,1.0,B0,nb_0.075,0.09886027763174518,0.10777779010456015,0.00891751247281497,251734,75521,1975,355,8,case:Vendor,org:resource
BPIC19,procurement,duration,1.0,full,1.0,B0,nb_0.100,0.07639964748583543,0.09272770340552812,0.01632805591969269,251734,75521,1975,355,8,case:Vendor,org:resource
BPIC19,procurement,duration,1.0,full,1.0,B0,nb_0.125,0.052819745501251306,0.07559486765270587,0.022775122151454566,251734,75521,1975,355,8,case:Vendor,org:resource
BPIC19,procurement,duration,1.0,full,1.0,B0,nb_0.150,0.027484369365123978,0.06080817411908024,0.03332380475395626,251734,75521,1975,355,8,case:Vendor,org:resource
BPIC19,procurement,duration,1.0,full,1.0,B0,nb_0.175,0.000615923405611048,0.04245979344296368,0.04184387003735263,251734,75521,1975,355,8,case:Vendor,org:resource
BPIC19,procurement,duration,1.0,full,1.0,B0,nb_0.200,-0.027505594470412204,0.02391387825902729,0.05141947272943949,251734,75521,1975,355,8,case:Vendor,org:resource
BPIC19,procurement,duration,1.0,full,1.0,B0,nb_0.225,-0.014697898597741026,0.0035465461219716184,0.018244444719712646,251734,75521,1975,355,8,case:Vendor,org:resource
BPIC19,procurement,duration,1.0,full,1.0,B0,nb_0.250,-0.030847931921805405,-0.013537073573354857,0.017310858348450548,251734,75521,1975,355,8,case:Vendor,org:resource
BPIC19,procurement,duration,1.0,full,1.0,B0,nb_0.275,-0.053690935017389564,-0.03384626061990525,0.019844674397484316,251734,75521,1975,355,8,case:Vendor,org:resource
BPIC19,procurement,duration,1.0,full,1.0,B0,nb_0.300,-0.07789507932514514,-0.054232786717790894,0.023662292607354245,251734,75521,1975,355,8,case:Vendor,org:resource
BPIC19,procurement,duration,1.0,full,1.0,B0,nb_0.325,-0.10276906055563648,-0.077297607189955,0.025471453365681476,251734,75521,1975,355,8,case:Vendor,org:resource
BPIC19,procurement,duration,1.0,full,1.0,B0,nb_0.350,-0.13095695237086374,-0.10268157710590939,0.028275375264954355,251734,75521,1975,355,8,case:Vendor,org:resource
BPIC19,procurement,duration,1.0,full,1.0,B0,nb_0.375,-0.13828471550959334,-0.1288330398167397,0.009451675692853656,251734,75521,1975,355,8,case:Vendor,org:resource
BPIC19,procurement,duration,1.0,full,1.0,B0,nb_0.400,-0.16185343590965873,-0.15619055185533384,0.005662884054324885,251734,75521,1975,355,8,case:Vendor,org:resource
BPIC19,procurement,duration,1.0,full,1.0,B0,nb_0.425,-0.19064320145908167,-0.18558673285806485,0.005056468601016828,251734,75521,1975,355,8,case:Vendor,org:resource
BPIC19,procurement,duration,1.0,full,1.0,B0,nb_0.450,-0.22265811676704012,-0.21793215854470338,0.004725958222336735,251734,75521,1975,355,8,case:Vendor,org:resource
BPIC19,procurement,duration,1.0,full,1.0,B0,nb_0.475,-0.25812057321173987,-0.25448739896376976,0.0036331742479701057,251734,75521,1975,355,8,case:Vendor,org:resource
BPIC19,procurement,duration,1.0,full,1.0,B0,nb_0.500,-0.2955998993657393,-0.2921703896929331,0.0034295096728062524,251734,75521,1975,355,8,case:Vendor,org:resource
BPIC19,procurement,duration,1.0,full,1.0,B0,nb_0.525,-0.3391527905448398,-0.3048270296376261,0.03432576090721373,251734,75521,1975,355,8,case:Vendor,org:resource
BPIC19,procurement,duration,1.0,full,1.0,B0,nb_0.550,-0.38714470883006796,-0.3299670878887257,0.057177620941342266,251734,75521,1975,355,8,case:Vendor,org:resource
BPIC19,procurement,duration,1.0,full,1.0,B0,nb_0.575,-0.4161359092173037,-0.3717976378989248,0.04433827131837892,251734,75521,1975,355,8,case:Vendor,org:resource
BPIC19,procurement,duration,1.0,full,1.0,B0,nb_0.600,-0.4699619973252472,-0.4201149349187642,0.049847062406482956,251734,75521,1975,355,8,case:Vendor,org:resource
BPIC19,procurement,duration,1.0,full,1.0,B0,nb_0.625,-0.41106005835021614,-0.4720585444225227,-0.06099848607230657,251734,75521,1975,355,8,case:Vendor,org:resource
BPIC19,procurement,duration,1.0,full,1.0,B0,nb_0.650,-0.45795587603826376,-0.5059973857791684,-0.04804150974090465,251734,75521,1975,355,8,case:Vendor,org:resource
BPIC19,procurement,duration,1.0,full,1.0,B0,nb_0.675,-0.5058083691443951,-0.555043783033349,-0.049235413888953916,251734,75521,1975,355,8,case:Vendor,org:resource
BPIC19,procurement,duration,1.0,full,1.0,B0,nb_0.700,-0.5271116643052924,-0.6096141029206004,-0.08250243861530793,251734,75521,1975,355,8,case:Vendor,org:resource
BPIC19,procurement,duration,1.0,full,1.0,B0,nb_0.725,-0.5998524191344731,-0.6816514611829823,-0.08179904204850919,251734,75521,1975,355,8,case:Vendor,org:resource
BPIC19,procurement,duration,1.0,full,1.0,B0,nb_0.750,-0.5249665655910276,-0.7566901921319897,-0.23172362654096212,251734,75521,1975,355,8,case:Vendor,org:resource
BPIC19,procurement,duration,1.0,full,1.0,B0,nb_0.775,-0.5840288720282365,-0.8468711425372487,-0.2628422705090122,251734,75521,1975,355,8,case:Vendor,org:resource
BPIC19,procurement,duration,1.0,full,1.0,B0,nb_0.800,-0.6369221805855327,-0.9422544722659925,-0.3053322916804597,251734,75521,1975,355,8,case:Vendor,org:resource
BPIC19,procurement,duration,1.0,full,1.0,B0+g,auc,0.6344234882170156,0.6588462668274954,0.02442277861047981,251734,75521,1975,355,8,case:Vendor,org:resource
BPIC19,procurement,duration,1.0,full,1.0,B0+g,ap,0.21285485847610564,0.22248940494218356,0.00963454646607792,251734,75521,1975,355,8,case:Vendor,org:resource
BPIC19,procurement,duration,1.0,full,1.0,B0+g,brier_skill,-0.3155017969823175,-0.40943984307461845,-0.09393804609230094,251734,75521,1975,355,8,case:Vendor,org:resource
BPIC19,procurement,duration,1.0,full,1.0,B0+g,nagelkerke,-0.7421463622507534,-1.7175336582461826,-0.9753872959954293,251734,75521,1975,355,8,case:Vendor,org:resource
BPIC19,procurement,duration,1.0,full,1.0,B0+g,nb_0.050,0.1205346160252394,0.12075832515041128,0.00022370912517187536,251734,75521,1975,355,8,case:Vendor,org:resource
BPIC19,procurement,duration,1.0,full,1.0,B0+g,nb_0.075,0.09829555194420597,0.10127879233161208,0.0029832403874061053,251734,75521,1975,355,8,case:Vendor,org:resource
BPIC19,procurement,duration,1.0,full,1.0,B0+g,nb_0.100,0.07507992626039262,0.082024278751017,0.006944352490624389,251734,75521,1975,355,8,case:Vendor,org:resource
BPIC19,procurement,duration,1.0,full,1.0,B0+g,nb_0.125,0.051669639665031686,0.06306098398364125,0.011391344318609567,251734,75521,1975,355,8,case:Vendor,org:resource
BPIC19,procurement,duration,1.0,full,1.0,B0+g,nb_0.150,0.026531771061730387,0.044971519413766474,0.018439748352036087,251734,75521,1975,355,8,case:Vendor,org:resource
BPIC19,procurement,duration,1.0,full,1.0,B0+g,nb_0.175,0.0008406251040749996,0.023284312250295227,0.022443687146220227,251734,75521,1975,355,8,case:Vendor,org:resource
BPIC19,procurement,duration,1.0,full,1.0,B0+g,nb_0.200,-0.024466704625203586,0.004988678645674713,0.0294553832708783,251734,75521,1975,355,8,case:Vendor,org:resource
BPIC19,procurement,duration,1.0,full,1.0,B0+g,nb_0.225,-0.05212521533211656,-0.018168413741787705,0.03395680159032885,251734,75521,1975,355,8,case:Vendor,org:resource
BPIC19,procurement,duration,1.0,full,1.0,B0+g,nb_0.250,-0.08188009516116927,-0.03859412172331757,0.043285973437851705,251734,75521,1975,355,8,case:Vendor,org:resource
BPIC19,procurement,duration,1.0,full,1.0,B0+g,nb_0.275,-0.11229989009679432,-0.060680084872488105,0.05161980522430622,251734,75521,1975,355,8,case:Vendor,org:resource
BPIC19,procurement,duration,1.0,full,1.0,B0+g,nb_0.300,-0.14418316948738955,-0.0849356943291081,0.05924747515828145,251734,75521,1975,355,8,case:Vendor,org:resource
BPIC19,procurement,duration,1.0,full,1.0,B0+g,nb_0.325,-0.1756793670830826,-0.10739911930309301,0.06828024777998959,251734,75521,1975,355,8,case:Vendor,org:resource
BPIC19,procurement,duration,1.0,full,1.0,B0+g,nb_0.350,-0.20494350527056662,-0.13119529667244872,0.0737482085981179,251734,75521,1975,355,8,case:Vendor,org:resource
BPIC19,procurement,duration,1.0,full,1.0,B0+g,nb_0.375,-0.24168906661723227,-0.16132996120284424,0.08035910541438804,251734,75521,1975,355,8,case:Vendor,org:resource
BPIC19,procurement,duration,1.0,full,1.0,B0+g,nb_0.400,-0.27734890516103694,-0.19428591605866802,0.08306298910236892,251734,75521,1975,355,8,case:Vendor,org:resource
BPIC19,procurement,duration,1.0,full,1.0,B0+g,nb_0.425,-0.30983032073428474,-0.22273217412029941,0.08709814661398532,251734,75521,1975,355,8,case:Vendor,org:resource
BPIC19,procurement,duration,1.0,full,1.0,B0+g,nb_0.450,-0.3398681402283049,-0.24717026329822767,0.09269787693007725,251734,75521,1975,355,8,case:Vendor,org:resource
BPIC19,procurement,duration,1.0,full,1.0,B0+g,nb_0.475,-0.2694482329418307,-0.2858258913793135,-0.016377658437482845,251734,75521,1975,355,8,case:Vendor,org:resource
BPIC19,procurement,duration,1.0,full,1.0,B0+g,nb_0.500,-0.3010288529018419,-0.3251281100621019,-0.024099257160260013,251734,75521,1975,355,8,case:Vendor,org:resource
BPIC19,procurement,duration,1.0,full,1.0,B0+g,nb_0.525,-0.33971101798802567,-0.35929009637612125,-0.019579078388095583,251734,75521,1975,355,8,case:Vendor,org:resource
BPIC19,procurement,duration,1.0,full,1.0,B0+g,nb_0.550,-0.38790535082957067,-0.38337828036057686,0.00452707046899381,251734,75521,1975,355,8,case:Vendor,org:resource
BPIC19,procurement,duration,1.0,full,1.0,B0+g,nb_0.575,-0.43228023058642817,-0.43106124747538077,0.0012189831110474003,251734,75521,1975,355,8,case:Vendor,org:resource
BPIC19,procurement,duration,1.0,full,1.0,B0+g,nb_0.600,-0.48718899378980673,-0.4772844639239416,0.009904529865865153,251734,75521,1975,355,8,case:Vendor,org:resource
BPIC19,procurement,duration,1.0,full,1.0,B0+g,nb_0.625,-0.507951430727877,-0.5300512440248407,-0.022099813296963755,251734,75521,1975,355,8,case:Vendor,org:resource
BPIC19,procurement,duration,1.0,full,1.0,B0+g,nb_0.650,-0.542240852591616,-0.5943569149167593,-0.05211606232514332,251734,75521,1975,355,8,case:Vendor,org:resource
BPIC19,procurement,duration,1.0,full,1.0,B0+g,nb_0.675,-0.5851709101798482,-0.6586736445186415,-0.07350273433879329,251734,75521,1975,355,8,case:Vendor,org:resource
BPIC19,procurement,duration,1.0,full,1.0,B0+g,nb_0.700,-0.6332234301276023,-0.708204781892895,-0.07498135176529275,251734,75521,1975,355,8,case:Vendor,org:resource
BPIC19,procurement,duration,1.0,full,1.0,B0+g,nb_0.725,-0.6254503563728812,-0.7616954224652746,-0.1362450660923934,251734,75521,1975,355,8,case:Vendor,org:resource
BPIC19,procurement,duration,1.0,full,1.0,B0+g,nb_0.750,-0.5514227830669615,-0.8252539028879384,-0.27383111982097696,251734,75521,1975,355,8,case:Vendor,org:resource
BPIC19,procurement,duration,1.0,full,1.0,B0+g,nb_0.775,-0.5523555626176091,-0.9108195071569499,-0.35846394453934083,251734,75521,1975,355,8,case:Vendor,org:resource
BPIC19,procurement,duration,1.0,full,1.0,B0+g,nb_0.800,-0.5805140292104184,-0.987672303068021,-0.4071582738576026,251734,75521,1975,355,8,case:Vendor,org:resource
BPIC19,procurement,duration,0.75,rare-first,0.7502244432615379,empty,auc,0.5,0.6325980332804741,0.13259803328047415,251734,75521,1975,355,8,case:Vendor,org:resource
BPIC19,procurement,duration,0.75,rare-first,0.7502244432615379,empty,ap,0.16204764237761682,0.20965682317515075,0.04760918079753393,251734,75521,1975,355,8,case:Vendor,org:resource
BPIC19,procurement,duration,0.75,rare-first,0.7502244432615379,empty,brier_skill,-6.904521911232919e-05,-0.2328621462200584,-0.23279310100094608,251734,75521,1975,355,8,case:Vendor,org:resource
BPIC19,procurement,duration,0.75,rare-first,0.7502244432615379,empty,nagelkerke,-9.205923281792703e-05,-0.8174280127425784,-0.8173359535097604,251734,75521,1975,355,8,case:Vendor,org:resource
BPIC19,procurement,duration,0.75,rare-first,0.7502244432615379,empty,nb_0.050,0.11794488671328085,0.12073044862391011,0.0027855619106292584,251734,75521,1975,355,8,case:Vendor,org:resource
BPIC19,procurement,duration,0.75,rare-first,0.7502244432615379,empty,nb_0.075,0.09410555932715334,0.10299551547681209,0.008889956149658748,251734,75521,1975,355,8,case:Vendor,org:resource
BPIC19,procurement,duration,0.75,rare-first,0.7502244432615379,empty,nb_0.100,0.06894182486401867,0.08516836376636962,0.016226538902350943,251734,75521,1975,355,8,case:Vendor,org:resource
BPIC19,procurement,duration,0.75,rare-first,0.7502244432615379,empty,nb_0.125,0.04234016271727638,0.06519473296925928,0.022854570251982897,251734,75521,1975,355,8,case:Vendor,org:resource
BPIC19,procurement,duration,0.75,rare-first,0.7502244432615379,empty,nb_0.150,0.014173696914843303,0.04701847635679052,0.03284477944194721,251734,75521,1975,355,8,case:Vendor,org:resource
BPIC19,procurement,duration,0.75,rare-first,0.7502244432615379,empty,nb_0.175,-0.015699827421070536,0.025005286508709392,0.04070511392977993,251734,75521,1975,355,8,case:Vendor,org:resource
BPIC19,procurement,duration,0.75,rare-first,0.7502244432615379,empty,nb_0.200,-0.04744044702797897,0.002065650613736577,0.04950609764171555,251734,75521,1975,355,8,case:Vendor,org:resource
BPIC19,procurement,duration,0.75,rare-first,0.7502244432615379,empty,nb_0.225,-0.08122884854501056,-0.022657231421638342,0.058571617123372215,251734,75521,1975,355,8,case:Vendor,org:resource
BPIC19,procurement,duration,0.75,rare-first,0.7502244432615379,empty,nb_0.250,-0.11726981016317756,-0.04847216888900658,0.06879764127417098,251734,75521,1975,355,8,case:Vendor,org:resource
BPIC19,procurement,duration,0.75,rare-first,0.7502244432615379,empty,nb_0.275,-0.15579635534121822,-0.07234799729145905,0.08344835804975917,251734,75521,1975,355,8,case:Vendor,org:resource
BPIC19,procurement,duration,0.75,rare-first,0.7502244432615379,empty,nb_0.300,-0.19707479660340457,-0.0963724375623053,0.10070235904109927,251734,75521,1975,355,8,case:Vendor,org:resource
BPIC19,procurement,duration,0.75,rare-first,0.7502244432615379,empty,nb_0.325,-0.2414109001813084,-0.1266804867127956,0.11473041346851279,251734,75521,1975,355,8,case:Vendor,org:resource
BPIC19,procurement,duration,0.75,rare-first,0.7502244432615379,empty,nb_0.350,-0.2891574732652049,-0.15709334031390146,0.13206413295130345,251734,75521,1975,355,8,case:Vendor,org:resource
BPIC19,procurement,duration,0.75,rare-first,0.7502244432615379,empty,nb_0.375,-0.340723772195813,-0.19119979873147863,0.14952397346433438,251734,75521,1975,355,8,case:Vendor,org:resource
BPIC19,procurement,duration,0.75,rare-first,0.7502244432615379,empty,nb_0.400,-0.39658726270397204,-0.22674929269121616,0.16983797001275588,251734,75521,1975,355,8,case:Vendor,org:resource
BPIC19,procurement,duration,0.75,rare-first,0.7502244432615379,empty,nb_0.425,-0.45730844803892734,-0.26743669915019325,0.1898717488887341,251734,75521,1975,355,8,case:Vendor,org:resource
BPIC19,procurement,duration,0.75,rare-first,0.7502244432615379,empty,nb_0.450,-0.5235497411316057,-0.30900496069124656,0.21454478044035913,251734,75521,1975,355,8,case:Vendor,org:resource
BPIC19,procurement,duration,0.75,rare-first,0.7502244432615379,empty,nb_0.475,-0.5960997288045393,-0.20376293947883303,0.39233678932570626,251734,75521,1975,355,8,case:Vendor,org:resource
BPIC19,procurement,duration,0.75,rare-first,0.7502244432615379,empty,nb_0.500,-0.6759047152447664,-0.23385548390513897,0.44204923133962737,251734,75521,1975,355,8,case:Vendor,org:resource
BPIC19,procurement,duration,0.75,rare-first,0.7502244432615379,empty,nb_0.525,0.0,-0.2547949367864916,-0.2547949367864916,251734,75521,1975,355,8,case:Vendor,org:resource
BPIC19,procurement,duration,0.75,rare-first,0.7502244432615379,empty,nb_0.550,0.0,-0.24602575589718245,-0.24602575589718245,251734,75521,1975,355,8,case:Vendor,org:resource
BPIC19,procurement,duration,0.75,rare-first,0.7502244432615379,empty,nb_0.575,0.0,-0.2781735037469126,-0.2781735037469126,251734,75521,1975,355,8,case:Vendor,org:resource
BPIC19,procurement,duration,0.75,rare-first,0.7502244432615379,empty,nb_0.600,0.0,-0.3151441320957084,-0.3151441320957084,251734,75521,1975,355,8,case:Vendor,org:resource
BPIC19,procurement,duration,0.75,rare-first,0.7502244432615379,empty,nb_0.625,0.0,-0.35704417755767714,-0.35704417755767714,251734,75521,1975,355,8,case:Vendor,org:resource
BPIC19,procurement,duration,0.75,rare-first,0.7502244432615379,empty,nb_0.650,0.0,-0.39631171651404434,-0.39631171651404434,251734,75521,1975,355,8,case:Vendor,org:resource
BPIC19,procurement,duration,0.75,rare-first,0.7502244432615379,empty,nb_0.675,0.0,-0.4358594094561576,-0.4358594094561576,251734,75521,1975,355,8,case:Vendor,org:resource
BPIC19,procurement,duration,0.75,rare-first,0.7502244432615379,empty,nb_0.700,0.0,-0.471352339084493,-0.471352339084493,251734,75521,1975,355,8,case:Vendor,org:resource
BPIC19,procurement,duration,0.75,rare-first,0.7502244432615379,empty,nb_0.725,0.0,-0.5291917600282161,-0.5291917600282161,251734,75521,1975,355,8,case:Vendor,org:resource
BPIC19,procurement,duration,0.75,rare-first,0.7502244432615379,empty,nb_0.750,0.0,-0.5981250248275314,-0.5981250248275314,251734,75521,1975,355,8,case:Vendor,org:resource
BPIC19,procurement,duration,0.75,rare-first,0.7502244432615379,empty,nb_0.775,0.0,-0.6812571632025826,-0.6812571632025826,251734,75521,1975,355,8,case:Vendor,org:resource
BPIC19,procurement,duration,0.75,rare-first,0.7502244432615379,empty,nb_0.800,0.0,-0.7846956475682263,-0.7846956475682263,251734,75521,1975,355,8,case:Vendor,org:resource
BPIC19,procurement,duration,0.75,rare-first,0.7502244432615379,B0_half,auc,0.6027071621041123,0.6349997620398348,0.03229259993572242,251734,75521,1975,355,8,case:Vendor,org:resource
BPIC19,procurement,duration,0.75,rare-first,0.7502244432615379,B0_half,ap,0.19912731461830036,0.21391302498382264,0.014785710365522287,251734,75521,1975,355,8,case:Vendor,org:resource
BPIC19,procurement,duration,0.75,rare-first,0.7502244432615379,B0_half,brier_skill,-0.01934899825735381,-0.22834283263770194,-0.20899383438034813,251734,75521,1975,355,8,case:Vendor,org:resource
BPIC19,procurement,duration,0.75,rare-first,0.7502244432615379,B0_half,nagelkerke,-0.011678719012283945,-0.8168839439275324,-0.8052052249152485,251734,75521,1975,355,8,case:Vendor,org:resource
BPIC19,procurement,duration,0.75,rare-first,0.7502244432615379,B0_half,nb_0.050,0.11794488671328085,0.12088098186701642,0.0029360951537355656,251734,75521,1975,355,8,case:Vendor,org:resource
BPIC19,procurement,duration,0.75,rare-first,0.7502244432615379,B0_half,nb_0.075,0.09410555932715334,0.10305993285561883,0.008954373528465495,251734,75521,1975,355,8,case:Vendor,org:resource
BPIC19,procurement,duration,0.75,rare-first,0.7502244432615379,B0_half,nb_0.100,0.06894182486401867,0.08541700689580087,0.016475182031782193,251734,75521,1975,355,8,case:Vendor,org:resource
BPIC19,procurement,duration,0.75,rare-first,0.7502244432615379,B0_half,nb_0.125,0.04234016271727638,0.06536119565608053,0.023021032938804156,251734,75521,1975,355,8,case:Vendor,org:resource
BPIC19,procurement,duration,0.75,rare-first,0.7502244432615379,B0_half,nb_0.150,0.014173696914843303,0.04712985947811943,0.032956162563276124,251734,75521,1975,355,8,case:Vendor,org:resource
BPIC19,procurement,duration,0.75,rare-first,0.7502244432615379,B0_half,nb_0.175,-0.015694209878608915,0.025025349160357965,0.04071955903896688,251734,75521,1975,355,8,case:Vendor,org:resource
BPIC19,procurement,duration,0.75,rare-first,0.7502244432615379,B0_half,nb_0.200,-0.047433826352934944,0.0022642708650574012,0.04969809721799234,251734,75521,1975,355,8,case:Vendor,org:resource
BPIC19,procurement,duration,0.75,rare-first,0.7502244432615379,B0_half,nb_0.225,-0.08021225457050828,-0.022387278735972193,0.05782497583453608,251734,75521,1975,355,8,case:Vendor,org:resource
BPIC19,procurement,duration,0.75,rare-first,0.7502244432615379,B0_half,nb_0.250,-0.050904163521846006,-0.04487934923178099,0.006024814290065017,251734,75521,1975,355,8,case:Vendor,org:resource
BPIC19,procurement,duration,0.75,rare-first,0.7502244432615379,B0_half,nb_0.275,-0.07664778328384571,-0.07017961206497031,0.006468171218875399,251734,75521,1975,355,8,case:Vendor,org:resource
BPIC19,procurement,duration,0.75,rare-first,0.7502244432615379,B0_half,nb_0.300,-0.10401837142743649,-0.07156193074017257,0.032456440687263916,251734,75521,1975,355,8,case:Vendor,org:resource
BPIC19,procurement,duration,0.75,rare-first,0.7502244432615379,B0_half,nb_0.325,-0.12141239105924422,-0.08847379708464702,0.0329385939745972,251734,75521,1975,355,8,case:Vendor,org:resource
BPIC19,procurement,duration,0.75,rare-first,0.7502244432615379,B0_half,nb_0.350,-0.1515136390998734,-0.11391431624214556,0.03759932285772784,251734,75521,1975,355,8,case:Vendor,org:resource
BPIC19,procurement,duration,0.75,rare-first,0.7502244432615379,B0_half,nb_0.375,-0.18402298698375286,-0.14119516425894785,0.04282782272480501,251734,75521,1975,355,8,case:Vendor,org:resource
BPIC19,procurement,duration,0.75,rare-first,0.7502244432615379,B0_half,nb_0.400,-0.21922379205783826,-0.17118417393837482,0.048039618119463445,251734,75521,1975,355,8,case:Vendor,org:resource
BPIC19,procurement,duration,0.75,rare-first,0.7502244432615379,B0_half,nb_0.425,-0.256354840548238,-0.20398414952823374,0.052370691020004245,251734,75521,1975,355,8,case:Vendor,org:resource
BPIC19,procurement,duration,0.75,rare-first,0.7502244432615379,B0_half,nb_0.450,-0.29791593187205,-0.23785677914992936,0.060059152722120646,251734,75521,1975,355,8,case:Vendor,org:resource
BPIC19,procurement,duration,0.75,rare-first,0.7502244432615379,B0_half,nb_0.475,-0.3434352223695585,-0.273551790388167,0.06988343198139146,251734,75521,1975,355,8,case:Vendor,org:resource
BPIC19,procurement,duration,0.75,rare-first,0.7502244432615379,B0_half,nb_0.500,-0.3929900292633837,-0.30909283510546737,0.08389719415791635,251734,75521,1975,355,8,case:Vendor,org:resource
BPIC19,procurement,duration,0.75,rare-first,0.7502244432615379,B0_half,nb_0.525,-0.43893751406893455,-0.32671428442001843,0.11222322964891612,251734,75521,1975,355,8,case:Vendor,org:resource
BPIC19,procurement,duration,0.75,rare-first,0.7502244432615379,B0_half,nb_0.550,-0.49931807047046534,-0.345403559569156,0.1539145109013093,251734,75521,1975,355,8,case:Vendor,org:resource
BPIC19,procurement,duration,0.75,rare-first,0.7502244432615379,B0_half,nb_0.575,-0.5444048675202923,-0.3923778115475477,0.15202705597274457,251734,75521,1975,355,8,case:Vendor,org:resource
BPIC19,procurement,duration,0.75,rare-first,0.7502244432615379,B0_half,nb_0.600,-0.6176295335072363,-0.32162577296381134,0.2960037605434249,251734,75521,1975,355,8,case:Vendor,org:resource
BPIC19,procurement,duration,0.75,rare-first,0.7502244432615379,B0_half,nb_0.625,-0.02688876824547698,-0.3633779566831301,-0.33648918843765313,251734,75521,1975,355,8,case:Vendor,org:resource
BPIC19,procurement,duration,0.75,rare-first,0.7502244432615379,B0_half,nb_0.650,-0.030568602488995497,-0.4009783466093632,-0.3704097441203677,251734,75521,1975,355,8,case:Vendor,org:resource
BPIC19,procurement,duration,0.75,rare-first,0.7502244432615379,B0_half,nb_0.675,-0.03258186973974637,-0.43003728967897886,-0.3974554199392325,251734,75521,1975,355,8,case:Vendor,org:resource
BPIC19,procurement,duration,0.75,rare-first,0.7502244432615379,B0_half,nb_0.700,-0.03724350401433596,-0.4769313612549268,-0.43968785724059084,251734,75521,1975,355,8,case:Vendor,org:resource
BPIC19,procurement,duration,0.75,rare-first,0.7502244432615379,B0_half,nb_0.725,-0.003829157693645717,-0.5356282599301098,-0.5317991022364641,251734,75521,1975,355,8,case:Vendor,org:resource
BPIC19,procurement,duration,0.75,rare-first,0.7502244432615379,B0_half,nb_0.750,-0.004303438778617868,-0.599462401186425,-0.5951589624078072,251734,75521,1975,355,8,case:Vendor,org:resource
BPIC19,procurement,duration,0.75,rare-first,0.7502244432615379,B0_half,nb_0.775,-0.004968448805262407,-0.6842600071503292,-0.6792915583450668,251734,75521,1975,355,8,case:Vendor,org:resource
BPIC19,procurement,duration,0.75,rare-first,0.7502244432615379,B0_half,nb_0.800,-0.004793368731875903,-0.7870790905840761,-0.7822857218522002,251734,75521,1975,355,8,case:Vendor,org:resource
BPIC19,procurement,duration,0.75,rare-first,0.7502244432615379,B0,auc,0.6205450771663794,0.6522599435475178,0.03171486638113841,251734,75521,1975,355,8,case:Vendor,org:resource
BPIC19,procurement,duration,0.75,rare-first,0.7502244432615379,B0,ap,0.20165801934838756,0.2249306921145237,0.02327267276613615,251734,75521,1975,355,8,case:Vendor,org:resource
BPIC19,procurement,duration,0.75,rare-first,0.7502244432615379,B0,brier_skill,-0.11082843839700063,-0.24811909835461732,-0.1372906599576167,251734,75521,1975,355,8,case:Vendor,org:resource
BPIC19,procurement,duration,0.75,rare-first,0.7502244432615379,B0,nagelkerke,-0.19088921507308934,-0.860033464287862,-0.6691442492147727,251734,75521,1975,355,8,case:Vendor,org:resource
BPIC19,procurement,duration,0.75,rare-first,0.7502244432615379,B0,nb_0.050,0.12031578529220524,0.12232428902661441,0.002008503734409167,251734,75521,1975,355,8,case:Vendor,org:resource
BPIC19,procurement,duration,0.75,rare-first,0.7502244432615379,B0,nb_0.075,0.09886027763174518,0.10461775979976216,0.0057574821680169835,251734,75521,1975,355,8,case:Vendor,org:resource
BPIC19,procurement,duration,0.75,rare-first,0.7502244432615379,B0,nb_0.100,0.07639964748583543,0.08811088600815961,0.011711238522324183,251734,75521,1975,355,8,case:Vendor,org:resource
BPIC19,procurement,duration,0.75,rare-first,0.7502244432615379,B0,nb_0.125,0.052819745501251306,0.06865450858512391,0.015834763083872605,251734,75521,1975,355,8,case:Vendor,org:resource
BPIC19,procurement,duration,0.75,rare-first,0.7502244432615379,B0,nb_0.150,0.027484369365123978,0.05102359530695396,0.023539225941829982,251734,75521,1975,355,8,case:Vendor,org:resource
BPIC19,procurement,duration,0.75,rare-first,0.7502244432615379,B0,nb_0.175,0.000615923405611048,0.030040610819467035,0.029424687413855986,251734,75521,1975,355,8,case:Vendor,org:resource
BPIC19,procurement,duration,0.75,rare-first,0.7502244432615379,B0,nb_0.200,-0.027505594470412204,0.008411567643436925,0.03591716211384913,251734,75521,1975,355,8,case:Vendor,org:resource
BPIC19,procurement,duration,0.75,rare-first,0.7502244432615379,B0,nb_0.225,-0.014697898597741026,-0.001962282654984685,0.01273561594275634,251734,75521,1975,355,8,case:Vendor,org:resource
BPIC19,procurement,duration,0.75,rare-first,0.7502244432615379,B0,nb_0.250,-0.030847931921805405,-0.016591411660332886,0.014256520261472519,251734,75521,1975,355,8,case:Vendor,org:resource
BPIC19,procurement,duration,0.75,rare-first,0.7502244432615379,B0,nb_0.275,-0.053690935017389564,-0.03731640753953344,0.016374527477856123,251734,75521,1975,355,8,case:Vendor,org:resource
BPIC19,procurement,duration,0.75,rare-first,0.7502244432615379,B0,nb_0.300,-0.07789507932514514,-0.058348954973734844,0.019546124351410295,251734,75521,1975,355,8,case:Vendor,org:resource
BPIC19,procurement,duration,0.75,rare-first,0.7502244432615379,B0,nb_0.325,-0.10276906055563648,-0.08173247862870617,0.02103658192693031,251734,75521,1975,355,8,case:Vendor,org:resource
BPIC19,procurement,duration,0.75,rare-first,0.7502244432615379,B0,nb_0.350,-0.13095695237086374,-0.1047268564118182,0.026230095959045546,251734,75521,1975,355,8,case:Vendor,org:resource
BPIC19,procurement,duration,0.75,rare-first,0.7502244432615379,B0,nb_0.375,-0.13828471550959334,-0.13165609565551303,0.006628619854080309,251734,75521,1975,355,8,case:Vendor,org:resource
BPIC19,procurement,duration,0.75,rare-first,0.7502244432615379,B0,nb_0.400,-0.16185343590965873,-0.1590683386078045,0.0027850973018542224,251734,75521,1975,355,8,case:Vendor,org:resource
BPIC19,procurement,duration,0.75,rare-first,0.7502244432615379,B0,nb_0.425,-0.19064320145908167,-0.1878291267099333,0.002814074749148382,251734,75521,1975,355,8,case:Vendor,org:resource
BPIC19,procurement,duration,0.75,rare-first,0.7502244432615379,B0,nb_0.450,-0.22265811676704012,-0.21990993474421922,0.0027481820228208997,251734,75521,1975,355,8,case:Vendor,org:resource
BPIC19,procurement,duration,0.75,rare-first,0.7502244432615379,B0,nb_0.475,-0.25812057321173987,-0.25576550451750724,0.0023550686942326315,251734,75521,1975,355,8,case:Vendor,org:resource
BPIC19,procurement,duration,0.75,rare-first,0.7502244432615379,B0,nb_0.500,-0.2955998993657393,-0.29558665801565126,1.3241350088066817e-05,251734,75521,1975,355,8,case:Vendor,org:resource
BPIC19,procurement,duration,0.75,rare-first,0.7502244432615379,B0,nb_0.525,-0.3391527905448398,-0.3271449767544615,0.012007813790378297,251734,75521,1975,355,8,case:Vendor,org:resource
BPIC19,procurement,duration,0.75,rare-first,0.7502244432615379,B0,nb_0.550,-0.38714470883006796,-0.3363067520586623,0.05083795677140568,251734,75521,1975,355,8,case:Vendor,org:resource
BPIC19,procurement,duration,0.75,rare-first,0.7502244432615379,B0,nb_0.575,-0.4161359092173037,-0.38201684455511786,0.03411906466218584,251734,75521,1975,355,8,case:Vendor,org:resource
BPIC19,procurement,duration,0.75,rare-first,0.7502244432615379,B0,nb_0.600,-0.4699619973252472,-0.42150527667801,0.04845672064723716,251734,75521,1975,355,8,case:Vendor,org:resource
BPIC19,procurement,duration,0.75,rare-first,0.7502244432615379,B0,nb_0.625,-0.41106005835021614,-0.47793329007825636,-0.06687323172804022,251734,75521,1975,355,8,case:Vendor,org:resource
BPIC19,procurement,duration,0.75,rare-first,0.7502244432615379,B0,nb_0.650,-0.45795587603826376,-0.5060844003654613,-0.04812852432719755,251734,75521,1975,355,8,case:Vendor,org:resource
BPIC19,procurement,duration,0.75,rare-first,0.7502244432615379,B0,nb_0.675,-0.5058083691443951,-0.5433282439015945,-0.03751987475719942,251734,75521,1975,355,8,case:Vendor,org:resource
BPIC19,procurement,duration,0.75,rare-first,0.7502244432615379,B0,nb_0.700,-0.5271116643052924,-0.5759545909967646,-0.048842926691472166,251734,75521,1975,355,8,case:Vendor,org:resource
BPIC19,procurement,duration,0.75,rare-first,0.7502244432615379,B0,nb_0.725,-0.5998524191344731,-0.6186503212231155,-0.018797902088642404,251734,75521,1975,355,8,case:Vendor,org:resource
BPIC19,procurement,duration,0.75,rare-first,0.7502244432615379,B0,nb_0.750,-0.5249665655910276,-0.6745540975357848,-0.14958753194475716,251734,75521,1975,355,8,case:Vendor,org:resource
BPIC19,procurement,duration,0.75,rare-first,0.7502244432615379,B0,nb_0.775,-0.5840288720282365,-0.7432001989145037,-0.15917132688626723,251734,75521,1975,355,8,case:Vendor,org:resource
BPIC19,procurement,duration,0.75,rare-first,0.7502244432615379,B0,nb_0.800,-0.6369221805855327,-0.8330662994398911,-0.19614411885435834,251734,75521,1975,355,8,case:Vendor,org:resource
BPIC19,procurement,duration,0.75,rare-first,0.7502244432615379,B0+g,auc,0.6344234882170156,0.6488025904909931,0.01437910227397754,251734,75521,1975,355,8,case:Vendor,org:resource
BPIC19,procurement,duration,0.75,rare-first,0.7502244432615379,B0+g,ap,0.21285485847610564,0.21642539043101544,0.003570531954909806,251734,75521,1975,355,8,case:Vendor,org:resource
BPIC19,procurement,duration,0.75,rare-first,0.7502244432615379,B0+g,brier_skill,-0.3155017969823175,-0.39345082924106745,-0.07794903225874994,251734,75521,1975,355,8,case:Vendor,org:resource
BPIC19,procurement,duration,0.75,rare-first,0.7502244432615379,B0+g,nagelkerke,-0.7421463622507534,-1.5432605063421898,-0.8011141440914364,251734,75521,1975,355,8,case:Vendor,org:resource
BPIC19,procurement,duration,0.75,rare-first,0.7502244432615379,B0+g,nb_0.050,0.1205346160252394,0.12085171151419018,0.0003170954889507721,251734,75521,1975,355,8,case:Vendor,org:resource
BPIC19,procurement,duration,0.75,rare-first,0.7502244432615379,B0+g,nb_0.075,0.09829555194420597,0.10097996726881409,0.0026844153246081137,251734,75521,1975,355,8,case:Vendor,org:resource
BPIC19,procurement,duration,0.75,rare-first,0.7502244432615379,B0+g,nb_0.100,0.07507992626039262,0.07945545683393433,0.004375530573541717,251734,75521,1975,355,8,case:Vendor,org:resource
BPIC19,procurement,duration,0.75,rare-first,0.7502244432615379,B0+g,nb_0.125,0.051669639665031686,0.05795549771397549,0.006285858048943806,251734,75521,1975,355,8,case:Vendor,org:resource
BPIC19,procurement,duration,0.75,rare-first,0.7502244432615379,B0+g,nb_0.150,0.026531771061730387,0.03757661484106095,0.011044843779330564,251734,75521,1975,355,8,case:Vendor,org:resource
BPIC19,procurement,duration,0.75,rare-first,0.7502244432615379,B0+g,nb_0.175,0.0008406251040749996,0.01875657302624637,0.01791594792217137,251734,75521,1975,355,8,case:Vendor,org:resource
BPIC19,procurement,duration,0.75,rare-first,0.7502244432615379,B0+g,nb_0.200,-0.024466704625203586,-0.004515300380026748,0.019951404245176836,251734,75521,1975,355,8,case:Vendor,org:resource
BPIC19,procurement,duration,0.75,rare-first,0.7502244432615379,B0+g,nb_0.225,-0.05212521533211656,-0.02471775635146987,0.027407458980646688,251734,75521,1975,355,8,case:Vendor,org:resource
BPIC19,procurement,duration,0.75,rare-first,0.7502244432615379,B0+g,nb_0.250,-0.08188009516116927,-0.04951382176260023,0.03236627339856904,251734,75521,1975,355,8,case:Vendor,org:resource
BPIC19,procurement,duration,0.75,rare-first,0.7502244432615379,B0+g,nb_0.275,-0.11229989009679432,-0.06816327406535475,0.04413661603143958,251734,75521,1975,355,8,case:Vendor,org:resource
BPIC19,procurement,duration,0.75,rare-first,0.7502244432615379,B0+g,nb_0.300,-0.14418316948738955,-0.09272728304520789,0.05145588644218166,251734,75521,1975,355,8,case:Vendor,org:resource
BPIC19,procurement,duration,0.75,rare-first,0.7502244432615379,B0+g,nb_0.325,-0.1756793670830826,-0.12120837618381347,0.05447099089926913,251734,75521,1975,355,8,case:Vendor,org:resource
BPIC19,procurement,duration,0.75,rare-first,0.7502244432615379,B0+g,nb_0.350,-0.20494350527056662,-0.15206672010739755,0.05287678516316907,251734,75521,1975,355,8,case:Vendor,org:resource
BPIC19,procurement,duration,0.75,rare-first,0.7502244432615379,B0+g,nb_0.375,-0.24168906661723227,-0.17268044649832498,0.0690086201189073,251734,75521,1975,355,8,case:Vendor,org:resource
BPIC19,procurement,duration,0.75,rare-first,0.7502244432615379,B0+g,nb_0.400,-0.27734890516103694,-0.20146714158975654,0.0758817635712804,251734,75521,1975,355,8,case:Vendor,org:resource
BPIC19,procurement,duration,0.75,rare-first,0.7502244432615379,B0+g,nb_0.425,-0.30983032073428474,-0.23102586496240898,0.07880445577187575,251734,75521,1975,355,8,case:Vendor,org:resource
BPIC19,procurement,duration,0.75,rare-first,0.7502244432615379,B0+g,nb_0.450,-0.3398681402283049,-0.2575599080809552,0.08230823214734972,251734,75521,1975,355,8,case:Vendor,org:resource
BPIC19,procurement,duration,0.75,rare-first,0.7502244432615379,B0+g,nb_0.475,-0.2694482329418307,-0.2865213775291766,-0.017073144587345934,251734,75521,1975,355,8,case:Vendor,org:resource
BPIC19,procurement,duration,0.75,rare-first,0.7502244432615379,B0+g,nb_0.500,-0.3010288529018419,-0.3260152805180016,-0.024986427616159712,251734,75521,1975,355,8,case:Vendor,org:resource
BPIC19,procurement,duration,0.75,rare-first,0.7502244432615379,B0+g,nb_0.525,-0.33971101798802567,-0.36781264744069103,-0.028101629452665366,251734,75521,1975,355,8,case:Vendor,org:resource
BPIC19,procurement,duration,0.75,rare-first,0.7502244432615379,B0+g,nb_0.550,-0.38790535082957067,-0.39441421002841026,-0.006508859198839589,251734,75521,1975,355,8,case:Vendor,org:resource
BPIC19,procurement,duration,0.75,rare-first,0.7502244432615379,B0+g,nb_0.575,-0.43228023058642817,-0.44212322711953117,-0.009842996533102999,251734,75521,1975,355,8,case:Vendor,org:resource
BPIC19,procurement,duration,0.75,rare-first,0.7502244432615379,B0+g,nb_0.600,-0.48718899378980673,-0.48859257689914054,-0.0014035831093338058,251734,75521,1975,355,8,case:Vendor,org:resource
BPIC19,procurement,duration,0.75,rare-first,0.7502244432615379,B0+g,nb_0.625,-0.507951430727877,-0.5397086020223956,-0.031757171294518605,251734,75521,1975,355,8,case:Vendor,org:resource
BPIC19,procurement,duration,0.75,rare-first,0.7502244432615379,B0+g,nb_0.650,-0.542240852591616,-0.5886801589718661,-0.04643930638025007,251734,75521,1975,355,8,case:Vendor,org:resource
BPIC19,procurement,duration,0.75,rare-first,0.7502244432615379,B0+g,nb_0.675,-0.5851709101798482,-0.6347760633058764,-0.0496051531260282,251734,75521,1975,355,8,case:Vendor,org:resource
BPIC19,procurement,duration,0.75,rare-first,0.7502244432615379,B0+g,nb_0.700,-0.6332234301276023,-0.7050489267885752,-0.07182549666097293,251734,75521,1975,355,8,case:Vendor,org:resource
BPIC19,procurement,duration,0.75,rare-first,0.7502244432615379,B0+g,nb_0.725,-0.6254503563728812,-0.7346505667899716,-0.10920021041709049,251734,75521,1975,355,8,case:Vendor,org:resource
BPIC19,procurement,duration,0.75,rare-first,0.7502244432615379,B0+g,nb_0.750,-0.5514227830669615,-0.7716131936812277,-0.22019041061426625,251734,75521,1975,355,8,case:Vendor,org:resource
BPIC19,procurement,duration,0.75,rare-first,0.7502244432615379,B0+g,nb_0.775,-0.5523555626176091,-0.841951245348976,-0.28959568273136693,251734,75521,1975,355,8,case:Vendor,org:resource
BPIC19,procurement,duration,0.75,rare-first,0.7502244432615379,B0+g,nb_0.800,-0.5805140292104184,-0.8450364799194928,-0.26452245070907443,251734,75521,1975,355,8,case:Vendor,org:resource
BPIC19,procurement,duration,0.5,rare-first,0.5014777503237544,empty,auc,0.5,0.5896631417357552,0.08966314173575518,251734,75521,1975,355,8,case:Vendor,org:resource
BPIC19,procurement,duration,0.5,rare-first,0.5014777503237544,empty,ap,0.16204764237761682,0.17975143008454103,0.017703787706924212,251734,75521,1975,355,8,case:Vendor,org:resource
BPIC19,procurement,duration,0.5,rare-first,0.5014777503237544,empty,brier_skill,-6.904521911232919e-05,-0.1979162937349892,-0.19784724851587687,251734,75521,1975,355,8,case:Vendor,org:resource
BPIC19,procurement,duration,0.5,rare-first,0.5014777503237544,empty,nagelkerke,-9.205923281792703e-05,-0.6493805430783716,-0.6492884838455536,251734,75521,1975,355,8,case:Vendor,org:resource
BPIC19,procurement,duration,0.5,rare-first,0.5014777503237544,empty,nb_0.050,0.11794488671328085,0.11995757192666522,0.002012685213384366,251734,75521,1975,355,8,case:Vendor,org:resource
BPIC19,procurement,duration,0.5,rare-first,0.5014777503237544,empty,nb_0.075,0.09410555932715334,0.09951661914692066,0.005411059819767319,251734,75521,1975,355,8,case:Vendor,org:resource
BPIC19,procurement,duration,0.5,rare-first,0.5014777503237544,empty,nb_0.100,0.06894182486401867,0.07971439879121185,0.010772573927193177,251734,75521,1975,355,8,case:Vendor,org:resource
BPIC19,procurement,duration,0.5,rare-first,0.5014777503237544,empty,nb_0.125,0.04234016271727638,0.05672405215578638,0.014383889438510003,251734,75521,1975,355,8,case:Vendor,org:resource
BPIC19,procurement,duration,0.5,rare-first,0.5014777503237544,empty,nb_0.150,0.014173696914843303,0.035962727936210956,0.02178903102136765,251734,75521,1975,355,8,case:Vendor,org:resource
BPIC19,procurement,duration,0.5,rare-first,0.5014777503237544,empty,nb_0.175,-0.015699827421070536,0.011207799716956105,0.026907627138026642,251734,75521,1975,355,8,case:Vendor,org:resource
BPIC19,procurement,duration,0.5,rare-first,0.5014777503237544,empty,nb_0.200,-0.04744044702797897,-0.015091828762860662,0.03234861826511831,251734,75521,1975,355,8,case:Vendor,org:resource
BPIC19,procurement,duration,0.5,rare-first,0.5014777503237544,empty,nb_0.225,-0.08122884854501056,-0.04308820746718176,0.038140641077828795,251734,75521,1975,355,8,case:Vendor,org:resource
BPIC19,procurement,duration,0.5,rare-first,0.5014777503237544,empty,nb_0.250,-0.11726981016317756,-0.07245225389847412,0.044817556264703434,251734,75521,1975,355,8,case:Vendor,org:resource
BPIC19,procurement,duration,0.5,rare-first,0.5014777503237544,empty,nb_0.275,-0.15579635534121822,-0.09794489680650602,0.0578514585347122,251734,75521,1975,355,8,case:Vendor,org:resource
BPIC19,procurement,duration,0.5,rare-first,0.5014777503237544,empty,nb_0.300,-0.19707479660340457,-0.13076779022674867,0.0663070063766559,251734,75521,1975,355,8,case:Vendor,org:resource
BPIC19,procurement,duration,0.5,rare-first,0.5014777503237544,empty,nb_0.325,-0.2414109001813084,-0.1660220090855278,0.07538889109578059,251734,75521,1975,355,8,case:Vendor,org:resource
BPIC19,procurement,duration,0.5,rare-first,0.5014777503237544,empty,nb_0.350,-0.2891574732652049,-0.20398809093344386,0.08516938233176105,251734,75521,1975,355,8,case:Vendor,org:resource
BPIC19,procurement,duration,0.5,rare-first,0.5014777503237544,empty,nb_0.375,-0.340723772195813,-0.24235378239165264,0.09836998980416037,251734,75521,1975,355,8,case:Vendor,org:resource
BPIC19,procurement,duration,0.5,rare-first,0.5014777503237544,empty,nb_0.400,-0.39658726270397204,-0.2864104024046293,0.11017686029934276,251734,75521,1975,355,8,case:Vendor,org:resource
BPIC19,procurement,duration,0.5,rare-first,0.5014777503237544,empty,nb_0.425,-0.45730844803892734,-0.3342980328535168,0.12301041518541056,251734,75521,1975,355,8,case:Vendor,org:resource
BPIC19,procurement,duration,0.5,rare-first,0.5014777503237544,empty,nb_0.450,-0.5235497411316057,-0.38653908425230304,0.13701065687930264,251734,75521,1975,355,8,case:Vendor,org:resource
BPIC19,procurement,duration,0.5,rare-first,0.5014777503237544,empty,nb_0.475,-0.5960997288045393,-0.4437554738795453,0.15234425492499404,251734,75521,1975,355,8,case:Vendor,org:resource
BPIC19,procurement,duration,0.5,rare-first,0.5014777503237544,empty,nb_0.500,-0.6759047152447664,-0.18193615020987539,0.49396856503489095,251734,75521,1975,355,8,case:Vendor,org:resource
BPIC19,procurement,duration,0.5,rare-first,0.5014777503237544,empty,nb_0.525,0.0,-0.18356344244438114,-0.18356344244438114,251734,75521,1975,355,8,case:Vendor,org:resource
BPIC19,procurement,duration,0.5,rare-first,0.5014777503237544,empty,nb_0.550,0.0,-0.18411508792992093,-0.18411508792992093,251734,75521,1975,355,8,case:Vendor,org:resource
BPIC19,procurement,duration,0.5,rare-first,0.5014777503237544,empty,nb_0.575,0.0,-0.20736966811724356,-0.20736966811724356,251734,75521,1975,355,8,case:Vendor,org:resource
BPIC19,procurement,duration,0.5,rare-first,0.5014777503237544,empty,nb_0.600,0.0,-0.23353107082798158,-0.23353107082798158,251734,75521,1975,355,8,case:Vendor,org:resource
BPIC19,procurement,duration,0.5,rare-first,0.5014777503237544,empty,nb_0.625,0.0,-0.2631806605668181,-0.2631806605668181,251734,75521,1975,355,8,case:Vendor,org:resource
BPIC19,procurement,duration,0.5,rare-first,0.5014777503237544,empty,nb_0.650,0.0,-0.29706590598263116,-0.29706590598263116,251734,75521,1975,355,8,case:Vendor,org:resource
BPIC19,procurement,duration,0.5,rare-first,0.5014777503237544,empty,nb_0.675,0.0,-0.3235595193593632,-0.3235595193593632,251734,75521,1975,355,8,case:Vendor,org:resource
BPIC19,procurement,duration,0.5,rare-first,0.5014777503237544,empty,nb_0.700,0.0,-0.34673799340580763,-0.34673799340580763,251734,75521,1975,355,8,case:Vendor,org:resource
BPIC19,procurement,duration,0.5,rare-first,0.5014777503237544,empty,nb_0.725,0.0,-0.3955985752307305,-0.3955985752307305,251734,75521,1975,355,8,case:Vendor,org:resource
BPIC19,procurement,duration,0.5,rare-first,0.5014777503237544,empty,nb_0.750,0.0,-0.45423127342063796,-0.45423127342063796,251734,75521,1975,355,8,case:Vendor,org:resource
BPIC19,procurement,duration,0.5,rare-first,0.5014777503237544,empty,nb_0.775,0.0,-0.5258934600971916,-0.5258934600971916,251734,75521,1975,355,8,case:Vendor,org:resource
BPIC19,procurement,duration,0.5,rare-first,0.5014777503237544,empty,nb_0.800,0.0,-0.6154711934428835,-0.6154711934428835,251734,75521,1975,355,8,case:Vendor,org:resource
BPIC19,procurement,duration,0.5,rare-first,0.5014777503237544,B0_half,auc,0.6027071621041123,0.6018069072399821,-0.0009002548641302566,251734,75521,1975,355,8,case:Vendor,org:resource
BPIC19,procurement,duration,0.5,rare-first,0.5014777503237544,B0_half,ap,0.19912731461830036,0.18919696666880442,-0.009930347949495932,251734,75521,1975,355,8,case:Vendor,org:resource
BPIC19,procurement,duration,0.5,rare-first,0.5014777503237544,B0_half,brier_skill,-0.01934899825735381,-0.19828369532298318,-0.17893469706562937,251734,75521,1975,355,8,case:Vendor,org:resource
BPIC19,procurement,duration,0.5,rare-first,0.5014777503237544,B0_half,nagelkerke,-0.011678719012283945,-0.6451170673296713,-0.6334383483173874,251734,75521,1975,355,8,case:Vendor,org:resource
BPIC19,procurement,duration,0.5,rare-first,0.5014777503237544,B0_half,nb_0.050,0.11794488671328085,0.12001820337180526,0.0020733166585244073,251734,75521,1975,355,8,case:Vendor,org:resource
BPIC19,procurement,duration,0.5,rare-first,0.5014777503237544,B0_half,nb_0.075,0.09410555932715334,0.09967694684528414,0.005571387518130799,251734,75521,1975,355,8,case:Vendor,org:resource
BPIC19,procurement,duration,0.5,rare-first,0.5014777503237544,B0_half,nb_0.100,0.06894182486401867,0.07979973193622376,0.010857907072205089,251734,75521,1975,355,8,case:Vendor,org:resource
BPIC19,procurement,duration,0.5,rare-first,0.5014777503237544,B0_half,nb_0.125,0.04234016271727638,0.056799717013432414,0.014459554296156037,251734,75521,1975,355,8,case:Vendor,org:resource
BPIC19,procurement,duration,0.5,rare-first,0.5014777503237544,B0_half,nb_0.150,0.014173696914843303,0.03587626970916541,0.021702572794322104,251734,75521,1975,355,8,case:Vendor,org:resource
BPIC19,procurement,duration,0.5,rare-first,0.5014777503237544,B0_half,nb_0.175,-0.015694209878608915,0.011037267177943275,0.02673147705655219,251734,75521,1975,355,8,case:Vendor,org:resource
BPIC19,procurement,duration,0.5,rare-first,0.5014777503237544,B0_half,nb_0.200,-0.047433826352934944,-0.01518782855099906,0.032245997801935884,251734,75521,1975,355,8,case:Vendor,org:resource
BPIC19,procurement,duration,0.5,rare-first,0.5014777503237544,B0_half,nb_0.225,-0.08021225457050828,-0.04233814905574225,0.03787410551476603,251734,75521,1975,355,8,case:Vendor,org:resource
BPIC19,procurement,duration,0.5,rare-first,0.5014777503237544,B0_half,nb_0.250,-0.050904163521846006,-0.06940674337822147,-0.01850257985637547,251734,75521,1975,355,8,case:Vendor,org:resource
BPIC19,procurement,duration,0.5,rare-first,0.5014777503237544,B0_half,nb_0.275,-0.07664778328384571,-0.05632048450556573,0.020327298778279976,251734,75521,1975,355,8,case:Vendor,org:resource
BPIC19,procurement,duration,0.5,rare-first,0.5014777503237544,B0_half,nb_0.300,-0.10401837142743649,-0.08143430304153812,0.022584068385898368,251734,75521,1975,355,8,case:Vendor,org:resource
BPIC19,procurement,duration,0.5,rare-first,0.5014777503237544,B0_half,nb_0.325,-0.12141239105924422,-0.10668653850020621,0.014725852559038008,251734,75521,1975,355,8,case:Vendor,org:resource
BPIC19,procurement,duration,0.5,rare-first,0.5014777503237544,B0_half,nb_0.350,-0.1515136390998734,-0.13371013462378775,0.01780350447608564,251734,75521,1975,355,8,case:Vendor,org:resource
BPIC19,procurement,duration,0.5,rare-first,0.5014777503237544,B0_half,nb_0.375,-0.18402298698375286,-0.1512718316759577,0.032751155307795154,251734,75521,1975,355,8,case:Vendor,org:resource
BPIC19,procurement,duration,0.5,rare-first,0.5014777503237544,B0_half,nb_0.400,-0.21922379205783826,-0.18311021658434962,0.036113575473488646,251734,75521,1975,355,8,case:Vendor,org:resource
BPIC19,procurement,duration,0.5,rare-first,0.5014777503237544,B0_half,nb_0.425,-0.256354840548238,-0.21576376970874214,0.04059107083949584,251734,75521,1975,355,8,case:Vendor,org:resource
BPIC19,procurement,duration,0.5,rare-first,0.5014777503237544,B0_half,nb_0.450,-0.29791593187205,-0.2532023001428862,0.044713631729163816,251734,75521,1975,355,8,case:Vendor,org:resource
BPIC19,procurement,duration,0.5,rare-first,0.5014777503237544,B0_half,nb_0.475,-0.3434352223695585,-0.29428143922125727,0.04915378314830121,251734,75521,1975,355,8,case:Vendor,org:resource
BPIC19,procurement,duration,0.5,rare-first,0.5014777503237544,B0_half,nb_0.500,-0.3929900292633837,-0.33274188636273355,0.06024814290065017,251734,75521,1975,355,8,case:Vendor,org:resource
BPIC19,procurement,duration,0.5,rare-first,0.5014777503237544,B0_half,nb_0.525,-0.43893751406893455,-0.3733175645115092,0.06561994955742534,251734,75521,1975,355,8,case:Vendor,org:resource
BPIC19,procurement,duration,0.5,rare-first,0.5014777503237544,B0_half,nb_0.550,-0.49931807047046534,-0.38338857918842306,0.11592949128204227,251734,75521,1975,355,8,case:Vendor,org:resource
BPIC19,procurement,duration,0.5,rare-first,0.5014777503237544,B0_half,nb_0.575,-0.5444048675202923,-0.43504299933715357,0.1093618681831387,251734,75521,1975,355,8,case:Vendor,org:resource
BPIC19,procurement,duration,0.5,rare-first,0.5014777503237544,B0_half,nb_0.600,-0.6176295335072363,-0.4909627785649024,0.12666675494233387,251734,75521,1975,355,8,case:Vendor,org:resource
BPIC19,procurement,duration,0.5,rare-first,0.5014777503237544,B0_half,nb_0.625,-0.02688876824547698,-0.28780957173060034,-0.26092080348512336,251734,75521,1975,355,8,case:Vendor,org:resource
BPIC19,procurement,duration,0.5,rare-first,0.5014777503237544,B0_half,nb_0.650,-0.030568602488995497,-0.304619150397146,-0.2740505479081505,251734,75521,1975,355,8,case:Vendor,org:resource
BPIC19,procurement,duration,0.5,rare-first,0.5014777503237544,B0_half,nb_0.675,-0.03258186973974637,-0.33080763068448626,-0.2982257609447399,251734,75521,1975,355,8,case:Vendor,org:resource
BPIC19,procurement,duration,0.5,rare-first,0.5014777503237544,B0_half,nb_0.700,-0.03724350401433596,-0.3580328650309185,-0.32078936101658256,251734,75521,1975,355,8,case:Vendor,org:resource
BPIC19,procurement,duration,0.5,rare-first,0.5014777503237544,B0_half,nb_0.725,-0.003829157693645717,-0.4084751863118145,-0.4046460286181688,251734,75521,1975,355,8,case:Vendor,org:resource
BPIC19,procurement,duration,0.5,rare-first,0.5014777503237544,B0_half,nb_0.750,-0.004303438778617868,-0.4615802227195085,-0.4572767839408906,251734,75521,1975,355,8,case:Vendor,org:resource
BPIC19,procurement,duration,0.5,rare-first,0.5014777503237544,B0_half,nb_0.775,-0.004968448805262407,-0.5330290765335324,-0.52806062772827,251734,75521,1975,355,8,case:Vendor,org:resource
BPIC19,procurement,duration,0.5,rare-first,0.5014777503237544,B0_half,nb_0.800,-0.004793368731875903,-0.6237073131976538,-0.618913944465778,251734,75521,1975,355,8,case:Vendor,org:resource
BPIC19,procurement,duration,0.5,rare-first,0.5014777503237544,B0,auc,0.6205450771663794,0.6330292991187736,0.012484221952394181,251734,75521,1975,355,8,case:Vendor,org:resource
BPIC19,procurement,duration,0.5,rare-first,0.5014777503237544,B0,ap,0.20165801934838756,0.19658441911852392,-0.0050736002298636396,251734,75521,1975,355,8,case:Vendor,org:resource
BPIC19,procurement,duration,0.5,rare-first,0.5014777503237544,B0,brier_skill,-0.11082843839700063,-0.2269764485164918,-0.11614801011949116,251734,75521,1975,355,8,case:Vendor,org:resource
BPIC19,procurement,duration,0.5,rare-first,0.5014777503237544,B0,nagelkerke,-0.19088921507308934,-0.709407250322176,-0.5185180352490867,251734,75521,1975,355,8,case:Vendor,org:resource
BPIC19,procurement,duration,0.5,rare-first,0.5014777503237544,B0,nb_0.050,0.12031578529220524,0.12173260975162711,0.0014168244594218726,251734,75521,1975,355,8,case:Vendor,org:resource
BPIC19,procurement,duration,0.5,rare-first,0.5014777503237544,B0,nb_0.075,0.09886027763174518,0.10247373470847737,0.0036134570767321905,251734,75521,1975,355,8,case:Vendor,org:resource
BPIC19,procurement,duration,0.5,rare-first,0.5014777503237544,B0,nb_0.100,0.07639964748583543,0.08383392992971785,0.007434282443882417,251734,75521,1975,355,8,case:Vendor,org:resource
BPIC19,procurement,duration,0.5,rare-first,0.5014777503237544,B0,nb_0.125,0.052819745501251306,0.06229487729997523,0.009475131798723925,251734,75521,1975,355,8,case:Vendor,org:resource
BPIC19,procurement,duration,0.5,rare-first,0.5014777503237544,B0,nb_0.150,0.027484369365123978,0.042656619857195925,0.015172250492071947,251734,75521,1975,355,8,case:Vendor,org:resource
BPIC19,procurement,duration,0.5,rare-first,0.5014777503237544,B0,nb_0.175,0.000615923405611048,0.019516947523727096,0.018901024118116047,251734,75521,1975,355,8,case:Vendor,org:resource
BPIC19,procurement,duration,0.5,rare-first,0.5014777503237544,B0,nb_0.200,-0.027505594470412204,-0.0044226109294103625,0.023082983541001842,251734,75521,1975,355,8,case:Vendor,org:resource
BPIC19,procurement,duration,0.5,rare-first,0.5014777503237544,B0,nb_0.225,-0.014697898597741026,-0.026937177482358056,-0.01223927888461703,251734,75521,1975,355,8,case:Vendor,org:resource
BPIC19,procurement,duration,0.5,rare-first,0.5014777503237544,B0,nb_0.250,-0.030847931921805405,-0.022130709780502536,0.008717222141302869,251734,75521,1975,355,8,case:Vendor,org:resource
BPIC19,procurement,duration,0.5,rare-first,0.5014777503237544,B0,nb_0.275,-0.053690935017389564,-0.04324487959275088,0.010446055424638681,251734,75521,1975,355,8,case:Vendor,org:resource
BPIC19,procurement,duration,0.5,rare-first,0.5014777503237544,B0,nb_0.300,-0.07789507932514514,-0.06451185762900388,0.013383221696141256,251734,75521,1975,355,8,case:Vendor,org:resource
BPIC19,procurement,duration,0.5,rare-first,0.5014777503237544,B0,nb_0.325,-0.10276906055563648,-0.08510215701592934,0.017666903539707138,251734,75521,1975,355,8,case:Vendor,org:resource
BPIC19,procurement,duration,0.5,rare-first,0.5014777503237544,B0,nb_0.350,-0.13095695237086374,-0.10911178042174718,0.02184517194911656,251734,75521,1975,355,8,case:Vendor,org:resource
BPIC19,procurement,duration,0.5,rare-first,0.5014777503237544,B0,nb_0.375,-0.13828471550959334,-0.13580858304312704,0.002476132466466302,251734,75521,1975,355,8,case:Vendor,org:resource
BPIC19,procurement,duration,0.5,rare-first,0.5014777503237544,B0,nb_0.400,-0.16185343590965873,-0.16463853321151292,-0.0027850973018541947,251734,75521,1975,355,8,case:Vendor,org:resource
BPIC19,procurement,duration,0.5,rare-first,0.5014777503237544,B0,nb_0.425,-0.19064320145908167,-0.19642391433882778,-0.005780712879746103,251734,75521,1975,355,8,case:Vendor,org:resource
BPIC19,procurement,duration,0.5,rare-first,0.5014777503237544,B0,nb_0.450,-0.22265811676704012,-0.2285601476290159,-0.005902030861975771,251734,75521,1975,355,8,case:Vendor,org:resource
BPIC19,procurement,duration,0.5,rare-first,0.5014777503237544,B0,nb_0.475,-0.25812057321173987,-0.2532792834033548,0.004841289808385052,251734,75521,1975,355,8,case:Vendor,org:resource
BPIC19,procurement,duration,0.5,rare-first,0.5014777503237544,B0,nb_0.500,-0.2955998993657393,-0.28838336356774935,0.007216535797989976,251734,75521,1975,355,8,case:Vendor,org:resource
BPIC19,procurement,duration,0.5,rare-first,0.5014777503237544,B0,nb_0.525,-0.3391527905448398,-0.3257156078581141,0.013437182686725724,251734,75521,1975,355,8,case:Vendor,org:resource
BPIC19,procurement,duration,0.5,rare-first,0.5014777503237544,B0,nb_0.550,-0.38714470883006796,-0.32716286419229984,0.05998184463776812,251734,75521,1975,355,8,case:Vendor,org:resource
BPIC19,procurement,duration,0.5,rare-first,0.5014777503237544,B0,nb_0.575,-0.4161359092173037,-0.3669217054547352,0.04921420376256852,251734,75521,1975,355,8,case:Vendor,org:resource
BPIC19,procurement,duration,0.5,rare-first,0.5014777503237544,B0,nb_0.600,-0.4699619973252472,-0.4158578408654545,0.05410415645979266,251734,75521,1975,355,8,case:Vendor,org:resource
BPIC19,procurement,duration,0.5,rare-first,0.5014777503237544,B0,nb_0.625,-0.41106005835021614,-0.47036365161125165,-0.059303593261035514,251734,75521,1975,355,8,case:Vendor,org:resource
BPIC19,procurement,duration,0.5,rare-first,0.5014777503237544,B0,nb_0.650,-0.45795587603826376,-0.5205099054756767,-0.0625540294374129,251734,75521,1975,355,8,case:Vendor,org:resource
BPIC19,procurement,duration,0.5,rare-first,0.5014777503237544,B0,nb_0.675,-0.5058083691443951,-0.5677147365022263,-0.06190636735783117,251734,75521,1975,355,8,case:Vendor,org:resource
BPIC19,procurement,duration,0.5,rare-first,0.5014777503237544,B0,nb_0.700,-0.5271116643052924,-0.6058800421957689,-0.07876837789047642,251734,75521,1975,355,8,case:Vendor,org:resource
BPIC19,procurement,duration,0.5,rare-first,0.5014777503237544,B0,nb_0.725,-0.5998524191344731,-0.6260101043538763,-0.026157685219403204,251734,75521,1975,355,8,case:Vendor,org:resource
BPIC19,procurement,duration,0.5,rare-first,0.5014777503237544,B0,nb_0.750,-0.5249665655910276,-0.612955336926153,-0.08798877133512539,251734,75521,1975,355,8,case:Vendor,org:resource
BPIC19,procurement,duration,0.5,rare-first,0.5014777503237544,B0,nb_0.775,-0.5840288720282365,-0.6450126454893342,-0.060983773461097734,251734,75521,1975,355,8,case:Vendor,org:resource
BPIC19,procurement,duration,0.5,rare-first,0.5014777503237544,B0,nb_0.800,-0.6369221805855327,-0.7151653182558496,-0.07824313767031688,251734,75521,1975,355,8,case:Vendor,org:resource
BPIC19,procurement,duration,0.5,rare-first,0.5014777503237544,B0+g,auc,0.6344234882170156,0.6400718683084519,0.005648380091436311,251734,75521,1975,355,8,case:Vendor,org:resource
BPIC19,procurement,duration,0.5,rare-first,0.5014777503237544,B0+g,ap,0.21285485847610564,0.20399379395483816,-0.008861064521267475,251734,75521,1975,355,8,case:Vendor,org:resource
BPIC19,procurement,duration,0.5,rare-first,0.5014777503237544,B0+g,brier_skill,-0.3155017969823175,-0.41264752825642925,-0.09714573127411175,251734,75521,1975,355,8,case:Vendor,org:resource
BPIC19,procurement,duration,0.5,rare-first,0.5014777503237544,B0+g,nagelkerke,-0.7421463622507534,-1.586537853838882,-0.8443914915881285,251734,75521,1975,355,8,case:Vendor,org:resource
BPIC19,procurement,duration,0.5,rare-first,0.5014777503237544,B0+g,nb_0.050,0.1205346160252394,0.12085798373265295,0.00032336770741354937,251734,75521,1975,355,8,case:Vendor,org:resource
BPIC19,procurement,duration,0.5,rare-first,0.5014777503237544,B0+g,nb_0.075,0.09829555194420597,0.09906963411286712,0.0007740821686611499,251734,75521,1975,355,8,case:Vendor,org:resource
BPIC19,procurement,duration,0.5,rare-first,0.5014777503237544,B0+g,nb_0.100,0.07507992626039262,0.07693518653384121,0.0018552602734485946,251734,75521,1975,355,8,case:Vendor,org:resource
BPIC19,procurement,duration,0.5,rare-first,0.5014777503237544,B0+g,nb_0.125,0.051669639665031686,0.053740965143091714,0.002071325478060028,251734,75521,1975,355,8,case:Vendor,org:resource
BPIC19,procurement,duration,0.5,rare-first,0.5014777503237544,B0+g,nb_0.150,0.026531771061730387,0.03398976677309076,0.007457995711360375,251734,75521,1975,355,8,case:Vendor,org:resource
BPIC19,procurement,duration,0.5,rare-first,0.5014777503237544,B0+g,nb_0.175,0.0008406251040749996,0.011765541432786299,0.0109249163287113,251734,75521,1975,355,8,case:Vendor,org:resource
BPIC19,procurement,duration,0.5,rare-first,0.5014777503237544,B0+g,nb_0.200,-0.024466704625203586,-0.010212391255412403,0.014254313369791183,251734,75521,1975,355,8,case:Vendor,org:resource
BPIC19,procurement,duration,0.5,rare-first,0.5014777503237544,B0+g,nb_0.225,-0.05212521533211656,-0.03418019598052413,0.01794501935159243,251734,75521,1975,355,8,case:Vendor,org:resource
BPIC19,procurement,duration,0.5,rare-first,0.5014777503237544,B0+g,nb_0.250,-0.08188009516116927,-0.053848157024756906,0.028031938136412367,251734,75521,1975,355,8,case:Vendor,org:resource
BPIC19,procurement,duration,0.5,rare-first,0.5014777503237544,B0+g,nb_0.275,-0.11229989009679432,-0.0804781862455248,0.03182170385126952,251734,75521,1975,355,8,case:Vendor,org:resource
BPIC19,procurement,duration,0.5,rare-first,0.5014777503237544,B0+g,nb_0.300,-0.14418316948738955,-0.10551653560882783,0.038666633878561715,251734,75521,1975,355,8,case:Vendor,org:resource
BPIC19,procurement,duration,0.5,rare-first,0.5014777503237544,B0+g,nb_0.325,-0.1756793670830826,-0.13230021377424084,0.04337915330884176,251734,75521,1975,355,8,case:Vendor,org:resource
BPIC19,procurement,duration,0.5,rare-first,0.5014777503237544,B0+g,nb_0.350,-0.20494350527056662,-0.1638016119815884,0.041141893288978215,251734,75521,1975,355,8,case:Vendor,org:resource
BPIC19,procurement,duration,0.5,rare-first,0.5014777503237544,B0+g,nb_0.375,-0.24168906661723227,-0.19085817189920684,0.05083089471802543,251734,75521,1975,355,8,case:Vendor,org:resource
BPIC19,procurement,duration,0.5,rare-first,0.5014777503237544,B0+g,nb_0.400,-0.27734890516103694,-0.2132033915511359,0.06414551360990103,251734,75521,1975,355,8,case:Vendor,org:resource
BPIC19,procurement,duration,0.5,rare-first,0.5014777503237544,B0+g,nb_0.425,-0.30983032073428474,-0.2176751298084092,0.09215519092587554,251734,75521,1975,355,8,case:Vendor,org:resource
BPIC19,procurement,duration,0.5,rare-first,0.5014777503237544,B0+g,nb_0.450,-0.3398681402283049,-0.254787650876156,0.0850804893521489,251734,75521,1975,355,8,case:Vendor,org:resource
BPIC19,procurement,duration,0.5,rare-first,0.5014777503237544,B0+g,nb_0.475,-0.2694482329418307,-0.29382114467057724,-0.02437291172874656,251734,75521,1975,355,8,case:Vendor,org:resource
BPIC19,procurement,duration,0.5,rare-first,0.5014777503237544,B0+g,nb_0.500,-0.3010288529018419,-0.3351385707286715,-0.03410971782682959,251734,75521,1975,355,8,case:Vendor,org:resource
BPIC19,procurement,duration,0.5,rare-first,0.5014777503237544,B0+g,nb_0.525,-0.33971101798802567,-0.3675310945230292,-0.027820076535003513,251734,75521,1975,355,8,case:Vendor,org:resource
BPIC19,procurement,duration,0.5,rare-first,0.5014777503237544,B0+g,nb_0.550,-0.38790535082957067,-0.4119884241175009,-0.024083073287930246,251734,75521,1975,355,8,case:Vendor,org:resource
BPIC19,procurement,duration,0.5,rare-first,0.5014777503237544,B0+g,nb_0.575,-0.43228023058642817,-0.4420219697365048,-0.009741739150076645,251734,75521,1975,355,8,case:Vendor,org:resource
BPIC19,procurement,duration,0.5,rare-first,0.5014777503237544,B0+g,nb_0.600,-0.48718899378980673,-0.4832099680883462,0.003979025701460526,251734,75521,1975,355,8,case:Vendor,org:resource
BPIC19,procurement,duration,0.5,rare-first,0.5014777503237544,B0+g,nb_0.625,-0.507951430727877,-0.5391303964018839,-0.03117896567400691,251734,75521,1975,355,8,case:Vendor,org:resource
BPIC19,procurement,duration,0.5,rare-first,0.5014777503237544,B0+g,nb_0.650,-0.542240852591616,-0.6042084793822722,-0.06196762679065615,251734,75521,1975,355,8,case:Vendor,org:resource
BPIC19,procurement,duration,0.5,rare-first,0.5014777503237544,B0+g,nb_0.675,-0.5851709101798482,-0.6715085870155323,-0.08633767683568405,251734,75521,1975,355,8,case:Vendor,org:resource
BPIC19,procurement,duration,0.5,rare-first,0.5014777503237544,B0+g,nb_0.700,-0.6332234301276023,-0.7236618512290178,-0.09043842110141553,251734,75521,1975,355,8,case:Vendor,org:resource
BPIC19,procurement,duration,0.5,rare-first,0.5014777503237544,B0+g,nb_0.725,-0.6254503563728812,-0.7785215671498956,-0.15307121077701447,251734,75521,1975,355,8,case:Vendor,org:resource
BPIC19,procurement,duration,0.5,rare-first,0.5014777503237544,B0+g,nb_0.750,-0.5514227830669615,-0.7740760847976059,-0.22265330173064446,251734,75521,1975,355,8,case:Vendor,org:resource
BPIC19,procurement,duration,0.5,rare-first,0.5014777503237544,B0+g,nb_0.775,-0.5523555626176091,-0.8190760774413005,-0.2667205148236914,251734,75521,1975,355,8,case:Vendor,org:resource
BPIC19,procurement,duration,0.5,rare-first,0.5014777503237544,B0+g,nb_0.800,-0.5805140292104184,-0.8541332874299865,-0.2736192582195681,251734,75521,1975,355,8,case:Vendor,org:resource
BPIC19,procurement,duration,0.25,rare-first,0.2515631579365521,empty,auc,0.5,0.5256735763400084,0.02567357634000844,251734,75521,1975,355,8,case:Vendor,org:resource
BPIC19,procurement,duration,0.25,rare-first,0.2515631579365521,empty,ap,0.16204764237761682,0.16099354680751493,-0.0010540955701018873,251734,75521,1975,355,8,case:Vendor,org:resource
BPIC19,procurement,duration,0.25,rare-first,0.2515631579365521,empty,brier_skill,-6.904521911232919e-05,-0.1527016014138709,-0.15263255619475857,251734,75521,1975,355,8,case:Vendor,org:resource
BPIC19,procurement,duration,0.25,rare-first,0.2515631579365521,empty,nagelkerke,-9.205923281792703e-05,-0.6022540443108204,-0.6021619850780024,251734,75521,1975,355,8,case:Vendor,org:resource
BPIC19,procurement,duration,0.25,rare-first,0.2515631579365521,empty,nb_0.050,0.11794488671328085,0.11794488671328085,0.0,251734,75521,1975,355,8,case:Vendor,org:resource
BPIC19,procurement,duration,0.25,rare-first,0.2515631579365521,empty,nb_0.075,0.09410555932715334,0.09410555932715334,0.0,251734,75521,1975,355,8,case:Vendor,org:resource
BPIC19,procurement,duration,0.25,rare-first,0.2515631579365521,empty,nb_0.100,0.06894182486401867,0.06894182486401867,0.0,251734,75521,1975,355,8,case:Vendor,org:resource
BPIC19,procurement,duration,0.25,rare-first,0.2515631579365521,empty,nb_0.125,0.04234016271727638,0.04234016271727638,0.0,251734,75521,1975,355,8,case:Vendor,org:resource
BPIC19,procurement,duration,0.25,rare-first,0.2515631579365521,empty,nb_0.150,0.014173696914843303,0.014173696914843303,0.0,251734,75521,1975,355,8,case:Vendor,org:resource
BPIC19,procurement,duration,0.25,rare-first,0.2515631579365521,empty,nb_0.175,-0.015699827421070536,-0.015699827421070536,0.0,251734,75521,1975,355,8,case:Vendor,org:resource
BPIC19,procurement,duration,0.25,rare-first,0.2515631579365521,empty,nb_0.200,-0.04744044702797897,-0.04744044702797897,0.0,251734,75521,1975,355,8,case:Vendor,org:resource
BPIC19,procurement,duration,0.25,rare-first,0.2515631579365521,empty,nb_0.225,-0.08122884854501056,-0.08122884854501056,0.0,251734,75521,1975,355,8,case:Vendor,org:resource
BPIC19,procurement,duration,0.25,rare-first,0.2515631579365521,empty,nb_0.250,-0.11726981016317756,-0.11726981016317756,0.0,251734,75521,1975,355,8,case:Vendor,org:resource
BPIC19,procurement,duration,0.25,rare-first,0.2515631579365521,empty,nb_0.275,-0.15579635534121822,-0.15579635534121822,0.0,251734,75521,1975,355,8,case:Vendor,org:resource
BPIC19,procurement,duration,0.25,rare-first,0.2515631579365521,empty,nb_0.300,-0.19707479660340457,-0.19707479660340457,0.0,251734,75521,1975,355,8,case:Vendor,org:resource
BPIC19,procurement,duration,0.25,rare-first,0.2515631579365521,empty,nb_0.325,-0.2414109001813084,-0.2414109001813084,0.0,251734,75521,1975,355,8,case:Vendor,org:resource
BPIC19,procurement,duration,0.25,rare-first,0.2515631579365521,empty,nb_0.350,-0.2891574732652049,-0.2891574732652049,0.0,251734,75521,1975,355,8,case:Vendor,org:resource
BPIC19,procurement,duration,0.25,rare-first,0.2515631579365521,empty,nb_0.375,-0.340723772195813,-0.340723772195813,0.0,251734,75521,1975,355,8,case:Vendor,org:resource
BPIC19,procurement,duration,0.25,rare-first,0.2515631579365521,empty,nb_0.400,-0.39658726270397204,-0.39658726270397204,0.0,251734,75521,1975,355,8,case:Vendor,org:resource
BPIC19,procurement,duration,0.25,rare-first,0.2515631579365521,empty,nb_0.425,-0.45730844803892734,-0.10142068172227364,0.3558877663166537,251734,75521,1975,355,8,case:Vendor,org:resource
BPIC19,procurement,duration,0.25,rare-first,0.2515631579365521,empty,nb_0.450,-0.5235497411316057,-0.11789857366584368,0.405651167465762,251734,75521,1975,355,8,case:Vendor,org:resource
BPIC19,procurement,duration,0.25,rare-first,0.2515631579365521,empty,nb_0.475,-0.5960997288045393,-0.13594578865165852,0.4601539401528808,251734,75521,1975,355,8,case:Vendor,org:resource
BPIC19,procurement,duration,0.25,rare-first,0.2515631579365521,empty,nb_0.500,-0.6759047152447664,-0.15579772513605486,0.5201069901087115,251734,75521,1975,355,8,case:Vendor,org:resource
BPIC19,procurement,duration,0.25,rare-first,0.2515631579365521,empty,nb_0.525,0.0,-0.16924536152021852,-0.16924536152021852,251734,75521,1975,355,8,case:Vendor,org:resource
BPIC19,procurement,duration,0.25,rare-first,0.2515631579365521,empty,nb_0.550,0.0,-0.15120003413325805,-0.15120003413325805,251734,75521,1975,355,8,case:Vendor,org:resource
BPIC19,procurement,duration,0.25,rare-first,0.2515631579365521,empty,nb_0.575,0.0,-0.16954925665397313,-0.16954925665397313,251734,75521,1975,355,8,case:Vendor,org:resource
BPIC19,procurement,duration,0.25,rare-first,0.2515631579365521,empty,nb_0.600,0.0,-0.19019213198977766,-0.19019213198977766,251734,75521,1975,355,8,case:Vendor,org:resource
BPIC19,procurement,duration,0.25,rare-first,0.2515631579365521,empty,nb_0.625,0.0,-0.2135873907036895,-0.2135873907036895,251734,75521,1975,355,8,case:Vendor,org:resource
BPIC19,procurement,duration,0.25,rare-first,0.2515631579365521,empty,nb_0.650,0.0,-0.24032482923387444,-0.24032482923387444,251734,75521,1975,355,8,case:Vendor,org:resource
BPIC19,procurement,duration,0.25,rare-first,0.2515631579365521,empty,nb_0.675,0.0,-0.27117571984562633,-0.27117571984562633,251734,75521,1975,355,8,case:Vendor,org:resource
BPIC19,procurement,duration,0.25,rare-first,0.2515631579365521,empty,nb_0.700,0.0,-0.30716842555933666,-0.30716842555933666,251734,75521,1975,355,8,case:Vendor,org:resource
BPIC19,procurement,duration,0.25,rare-first,0.2515631579365521,empty,nb_0.725,0.0,-0.3497052595846309,-0.3497052595846309,251734,75521,1975,355,8,case:Vendor,org:resource
BPIC19,procurement,duration,0.25,rare-first,0.2515631579365521,empty,nb_0.750,0.0,-0.40074946041498394,-0.40074946041498394,251734,75521,1975,355,8,case:Vendor,org:resource
BPIC19,procurement,duration,0.25,rare-first,0.2515631579365521,empty,nb_0.775,0.0,-0.4631368169854155,-0.4631368169854155,251734,75521,1975,355,8,case:Vendor,org:resource
BPIC19,procurement,duration,0.25,rare-first,0.2515631579365521,empty,nb_0.800,0.0,-0.5411210126984548,-0.5411210126984548,251734,75521,1975,355,8,case:Vendor,org:resource
BPIC19,procurement,duration,0.25,rare-first,0.2515631579365521,B0_half,auc,0.6027071621041123,0.5877534200546826,-0.014953742049429786,251734,75521,1975,355,8,case:Vendor,org:resource
BPIC19,procurement,duration,0.25,rare-first,0.2515631579365521,B0_half,ap,0.19912731461830036,0.1820474759940472,-0.017079838624253163,251734,75521,1975,355,8,case:Vendor,org:resource
BPIC19,procurement,duration,0.25,rare-first,0.2515631579365521,B0_half,brier_skill,-0.01934899825735381,-0.15110164241376878,-0.13175264415641497,251734,75521,1975,355,8,case:Vendor,org:resource
BPIC19,procurement,duration,0.25,rare-first,0.2515631579365521,B0_half,nagelkerke,-0.011678719012283945,-0.566179451992122,-0.5545007329798382,251734,75521,1975,355,8,case:Vendor,org:resource
BPIC19,procurement,duration,0.25,rare-first,0.2515631579365521,B0_half,nb_0.050,0.11794488671328085,0.11794488671328085,0.0,251734,75521,1975,355,8,case:Vendor,org:resource
BPIC19,procurement,duration,0.25,rare-first,0.2515631579365521,B0_half,nb_0.075,0.09410555932715334,0.09410555932715334,0.0,251734,75521,1975,355,8,case:Vendor,org:resource
BPIC19,procurement,duration,0.25,rare-first,0.2515631579365521,B0_half,nb_0.100,0.06894182486401867,0.06894182486401867,0.0,251734,75521,1975,355,8,case:Vendor,org:resource
BPIC19,procurement,duration,0.25,rare-first,0.2515631579365521,B0_half,nb_0.125,0.04234016271727638,0.042343945960158676,3.783242882297866e-06,251734,75521,1975,355,8,case:Vendor,org:resource
BPIC19,procurement,duration,0.25,rare-first,0.2515631579365521,B0_half,nb_0.150,0.014173696914843303,0.014178370332521435,4.6734176781318415e-06,251734,75521,1975,355,8,case:Vendor,org:resource
BPIC19,procurement,duration,0.25,rare-first,0.2515631579365521,B0_half,nb_0.175,-0.015694209878608915,-0.015694209878608915,0.0,251734,75521,1975,355,8,case:Vendor,org:resource
BPIC19,procurement,duration,0.25,rare-first,0.2515631579365521,B0_half,nb_0.200,-0.047433826352934944,-0.047433826352934944,0.0,251734,75521,1975,355,8,case:Vendor,org:resource
BPIC19,procurement,duration,0.25,rare-first,0.2515631579365521,B0_half,nb_0.225,-0.08021225457050828,-0.02696536874383585,0.053246885826672426,251734,75521,1975,355,8,case:Vendor,org:resource
BPIC19,procurement,duration,0.25,rare-first,0.2515631579365521,B0_half,nb_0.250,-0.050904163521846006,-0.051906092345175514,-0.0010019288233295079,251734,75521,1975,355,8,case:Vendor,org:resource
BPIC19,procurement,duration,0.25,rare-first,0.2515631579365521,B0_half,nb_0.275,-0.07664778328384571,-0.07862439723319711,-0.001976613949351405,251734,75521,1975,355,8,case:Vendor,org:resource
BPIC19,procurement,duration,0.25,rare-first,0.2515631579365521,B0_half,nb_0.300,-0.10401837142743649,-0.10725115247036303,-0.0032327810429265413,251734,75521,1975,355,8,case:Vendor,org:resource
BPIC19,procurement,duration,0.25,rare-first,0.2515631579365521,B0_half,nb_0.325,-0.12141239105924422,-0.13775712127164041,-0.0163447302123962,251734,75521,1975,355,8,case:Vendor,org:resource
BPIC19,procurement,duration,0.25,rare-first,0.2515631579365521,B0_half,nb_0.350,-0.1515136390998734,-0.15685092175075094,-0.005337282650877545,251734,75521,1975,355,8,case:Vendor,org:resource
BPIC19,procurement,duration,0.25,rare-first,0.2515631579365521,B0_half,nb_0.375,-0.18402298698375286,-0.190659551647886,-0.006636564664133149,251734,75521,1975,355,8,case:Vendor,org:resource
BPIC19,procurement,duration,0.25,rare-first,0.2515631579365521,B0_half,nb_0.400,-0.21922379205783826,-0.22631232813831034,-0.00708853608047208,251734,75521,1975,355,8,case:Vendor,org:resource
BPIC19,procurement,duration,0.25,rare-first,0.2515631579365521,B0_half,nb_0.425,-0.256354840548238,-0.26594618369897693,-0.009591343150738951,251734,75521,1975,355,8,case:Vendor,org:resource
BPIC19,procurement,duration,0.25,rare-first,0.2515631579365521,B0_half,nb_0.450,-0.29791593187205,-0.3091831170378858,-0.011267185165835802,251734,75521,1975,355,8,case:Vendor,org:resource
BPIC19,procurement,duration,0.25,rare-first,0.2515631579365521,B0_half,nb_0.475,-0.3434352223695585,-0.3560826033250921,-0.012647380955533638,251734,75521,1975,355,8,case:Vendor,org:resource
BPIC19,procurement,duration,0.25,rare-first,0.2515631579365521,B0_half,nb_0.500,-0.3929900292633837,-0.40141152791938667,-0.008421498656002946,251734,75521,1975,355,8,case:Vendor,org:resource
BPIC19,procurement,duration,0.25,rare-first,0.2515631579365521,B0_half,nb_0.525,-0.43893751406893455,-0.18037924620478515,0.25855826786414937,251734,75521,1975,355,8,case:Vendor,org:resource
BPIC19,procurement,duration,0.25,rare-first,0.2515631579365521,B0_half,nb_0.550,-0.49931807047046534,-0.1681062956734625,0.3312117747970028,251734,75521,1975,355,8,case:Vendor,org:resource
BPIC19,procurement,duration,0.25,rare-first,0.2515631579365521,B0_half,nb_0.575,-0.5444048675202923,-0.18882165225566397,0.3555832152646283,251734,75521,1975,355,8,case:Vendor,org:resource
BPIC19,procurement,duration,0.25,rare-first,0.2515631579365521,B0_half,nb_0.600,-0.6176295335072363,-0.2121264284106407,0.4055031050965956,251734,75521,1975,355,8,case:Vendor,org:resource
BPIC19,procurement,duration,0.25,rare-first,0.2515631579365521,B0_half,nb_0.625,-0.02688876824547698,-0.23845023238569404,-0.21156146414021706,251734,75521,1975,355,8,case:Vendor,org:resource
BPIC19,procurement,duration,0.25,rare-first,0.2515631579365521,B0_half,nb_0.650,-0.030568602488995497,-0.2686253776149302,-0.2380567751259347,251734,75521,1975,355,8,case:Vendor,org:resource
BPIC19,procurement,duration,0.25,rare-first,0.2515631579365521,B0_half,nb_0.675,-0.03258186973974637,-0.276081130770555,-0.24349926103080866,251734,75521,1975,355,8,case:Vendor,org:resource
BPIC19,procurement,duration,0.25,rare-first,0.2515631579365521,B0_half,nb_0.700,-0.03724350401433596,-0.310218349862952,-0.27297484584861603,251734,75521,1975,355,8,case:Vendor,org:resource
BPIC19,procurement,duration,0.25,rare-first,0.2515631579365521,B0_half,nb_0.725,-0.003829157693645717,-0.35316847451220673,-0.349339316818561,251734,75521,1975,355,8,case:Vendor,org:resource
BPIC19,procurement,duration,0.25,rare-first,0.2515631579365521,B0_half,nb_0.750,-0.004303438778617868,-0.404629175990784,-0.40032573721216613,251734,75521,1975,355,8,case:Vendor,org:resource
BPIC19,procurement,duration,0.25,rare-first,0.2515631579365521,B0_half,nb_0.775,-0.004968448805262407,-0.4671813138067558,-0.4622128650014934,251734,75521,1975,355,8,case:Vendor,org:resource
BPIC19,procurement,duration,0.25,rare-first,0.2515631579365521,B0_half,nb_0.800,-0.004793368731875903,-0.5416771494021532,-0.5368837806702773,251734,75521,1975,355,8,case:Vendor,org:resource
BPIC19,procurement,duration,0.25,rare-first,0.2515631579365521,B0,auc,0.6205450771663794,0.6151854269822067,-0.005359650184172726,251734,75521,1975,355,8,case:Vendor,org:resource
BPIC19,procurement,duration,0.25,rare-first,0.2515631579365521,B0,ap,0.20165801934838756,0.18848014634304425,-0.013177873005343316,251734,75521,1975,355,8,case:Vendor,org:resource
BPIC19,procurement,duration,0.25,rare-first,0.2515631579365521,B0,brier_skill,-0.11082843839700063,-0.19663900735051665,-0.08581056895351602,251734,75521,1975,355,8,case:Vendor,org:resource
BPIC19,procurement,duration,0.25,rare-first,0.2515631579365521,B0,nagelkerke,-0.19088921507308934,-0.6662074490656251,-0.4753182339925358,251734,75521,1975,355,8,case:Vendor,org:resource
BPIC19,procurement,duration,0.25,rare-first,0.2515631579365521,B0,nb_0.050,0.12031578529220524,0.1202649106313406,-5.087466086464709e-05,251734,75521,1975,355,8,case:Vendor,org:resource
BPIC19,procurement,duration,0.25,rare-first,0.2515631579365521,B0,nb_0.075,0.09886027763174518,0.09883701580050941,-2.3261831235771302e-05,251734,75521,1975,355,8,case:Vendor,org:resource
BPIC19,procurement,duration,0.25,rare-first,0.2515631579365521,B0,nb_0.100,0.07639964748583543,0.07663063548181594,0.00023098799598050834,251734,75521,1975,355,8,case:Vendor,org:resource
BPIC19,procurement,duration,0.25,rare-first,0.2515631579365521,B0,nb_0.125,0.052819745501251306,0.05282352874413362,3.7832428823117437e-06,251734,75521,1975,355,8,case:Vendor,org:resource
BPIC19,procurement,duration,0.25,rare-first,0.2515631579365521,B0,nb_0.150,0.027484369365123978,0.027493716200480266,9.346835356287969e-06,251734,75521,1975,355,8,case:Vendor,org:resource
BPIC19,procurement,duration,0.25,rare-first,0.2515631579365521,B0,nb_0.175,0.000615923405611048,0.0005533279324675001,-6.259547314354792e-05,251734,75521,1975,355,8,case:Vendor,org:resource
BPIC19,procurement,duration,0.25,rare-first,0.2515631579365521,B0,nb_0.200,-0.027505594470412204,0.0061340554282914685,0.033639649898703675,251734,75521,1975,355,8,case:Vendor,org:resource
BPIC19,procurement,duration,0.25,rare-first,0.2515631579365521,B0,nb_0.225,-0.014697898597741026,-0.014695762896113934,2.1357016270918266e-06,251734,75521,1975,355,8,case:Vendor,org:resource
BPIC19,procurement,duration,0.25,rare-first,0.2515631579365521,B0,nb_0.250,-0.030847931921805405,-0.03319606467075383,-0.002348132748948427,251734,75521,1975,355,8,case:Vendor,org:resource
BPIC19,procurement,duration,0.25,rare-first,0.2515631579365521,B0,nb_0.275,-0.053690935017389564,-0.05530957591608455,-0.001618640898694984,251734,75521,1975,355,8,case:Vendor,org:resource
BPIC19,procurement,duration,0.25,rare-first,0.2515631579365521,B0,nb_0.300,-0.07789507932514514,-0.08010638478985033,-0.0022113054647051877,251734,75521,1975,355,8,case:Vendor,org:resource
BPIC19,procurement,duration,0.25,rare-first,0.2515631579365521,B0,nb_0.325,-0.10276906055563648,-0.10582977410747167,-0.0030607135518351952,251734,75521,1975,355,8,case:Vendor,org:resource
BPIC19,procurement,duration,0.25,rare-first,0.2515631579365521,B0,nb_0.350,-0.13095695237086374,-0.13487333630075385,-0.003916383929890105,251734,75521,1975,355,8,case:Vendor,org:resource
BPIC19,procurement,duration,0.25,rare-first,0.2515631579365521,B0,nb_0.375,-0.13828471550959334,-0.14368188980548458,-0.005397174295891233,251734,75521,1975,355,8,case:Vendor,org:resource
BPIC19,procurement,duration,0.25,rare-first,0.2515631579365521,B0,nb_0.400,-0.16185343590965873,-0.16929948844250828,-0.007446052532849551,251734,75521,1975,355,8,case:Vendor,org:resource
BPIC19,procurement,duration,0.25,rare-first,0.2515631579365521,B0,nb_0.425,-0.19064320145908167,-0.20076189576984924,-0.010118694310767562,251734,75521,1975,355,8,case:Vendor,org:resource
BPIC19,procurement,duration,0.25,rare-first,0.2515631579365521,B0,nb_0.450,-0.22265811676704012,-0.2330224826086904,-0.010364365841650292,251734,75521,1975,355,8,case:Vendor,org:resource
BPIC19,procurement,duration,0.25,rare-first,0.2515631579365521,B0,nb_0.475,-0.25812057321173987,-0.2661656392009538,-0.008045065989213951,251734,75521,1975,355,8,case:Vendor,org:resource
BPIC19,procurement,duration,0.25,rare-first,0.2515631579365521,B0,nb_0.500,-0.2955998993657393,-0.30624594483653556,-0.010646045470796228,251734,75521,1975,355,8,case:Vendor,org:resource
BPIC19,procurement,duration,0.25,rare-first,0.2515631579365521,B0,nb_0.525,-0.3391527905448398,-0.3131830184563513,0.025969772088488496,251734,75521,1975,355,8,case:Vendor,org:resource
BPIC19,procurement,duration,0.25,rare-first,0.2515631579365521,B0,nb_0.550,-0.38714470883006796,-0.32774401233505335,0.059400696495014615,251734,75521,1975,355,8,case:Vendor,org:resource
BPIC19,procurement,duration,0.25,rare-first,0.2515631579365521,B0,nb_0.575,-0.4161359092173037,-0.35338047773233305,0.06275543148497065,251734,75521,1975,355,8,case:Vendor,org:resource
BPIC19,procurement,duration,0.25,rare-first,0.2515631579365521,B0,nb_0.600,-0.4699619973252472,-0.39991525535943634,0.07004674196581084,251734,75521,1975,355,8,case:Vendor,org:resource
BPIC19,procurement,duration,0.25,rare-first,0.2515631579365521,B0,nb_0.625,-0.41106005835021614,-0.4306660840472628,-0.01960602569704667,251734,75521,1975,355,8,case:Vendor,org:resource
BPIC19,procurement,duration,0.25,rare-first,0.2515631579365521,B0,nb_0.650,-0.45795587603826376,-0.4322600903816725,0.025695785656591252,251734,75521,1975,355,8,case:Vendor,org:resource
BPIC19,procurement,duration,0.25,rare-first,0.2515631579365521,B0,nb_0.675,-0.5058083691443951,-0.47310732725385624,0.03270104189053885,251734,75521,1975,355,8,case:Vendor,org:resource
BPIC19,procurement,duration,0.25,rare-first,0.2515631579365521,B0,nb_0.700,-0.5271116643052924,-0.44192123162210944,0.08519043268318299,251734,75521,1975,355,8,case:Vendor,org:resource
BPIC19,procurement,duration,0.25,rare-first,0.2515631579365521,B0,nb_0.725,-0.5998524191344731,-0.46650961622956166,0.1333428029049114,251734,75521,1975,355,8,case:Vendor,org:resource
BPIC19,procurement,duration,0.25,rare-first,0.2515631579365521,B0,nb_0.750,-0.5249665655910276,-0.51010977079223,0.014856794798797646,251734,75521,1975,355,8,case:Vendor,org:resource
BPIC19,procurement,duration,0.25,rare-first,0.2515631579365521,B0,nb_0.775,-0.5840288720282365,-0.5714584170113096,0.012570455016926885,251734,75521,1975,355,8,case:Vendor,org:resource
BPIC19,procurement,duration,0.25,rare-first,0.2515631579365521,B0,nb_0.800,-0.6369221805855327,-0.6273884085221331,0.00953377206339967,251734,75521,1975,355,8,case:Vendor,org:resource
BPIC19,procurement,duration,0.25,rare-first,0.2515631579365521,B0+g,auc,0.6344234882170156,0.6329126264581897,-0.0015108617588258655,251734,75521,1975,355,8,case:Vendor,org:resource
BPIC19,procurement,duration,0.25,rare-first,0.2515631579365521,B0+g,ap,0.21285485847610564,0.20531645181888564,-0.007538406657219998,251734,75521,1975,355,8,case:Vendor,org:resource
BPIC19,procurement,duration,0.25,rare-first,0.2515631579365521,B0+g,brier_skill,-0.3155017969823175,-0.3883792360708789,-0.07287743908856137,251734,75521,1975,355,8,case:Vendor,org:resource
BPIC19,procurement,duration,0.25,rare-first,0.2515631579365521,B0+g,nagelkerke,-0.7421463622507534,-1.4784955524913437,-0.7363491902405903,251734,75521,1975,355,8,case:Vendor,org:resource
BPIC19,procurement,duration,0.25,rare-first,0.2515631579365521,B0+g,nb_0.050,0.1205346160252394,0.12051858702250122,-1.6029002738185416e-05,251734,75521,1975,355,8,case:Vendor,org:resource
BPIC19,procurement,duration,0.25,rare-first,0.2515631579365521,B0+g,nb_0.075,0.09829555194420597,0.09792873075933417,-0.0003668211848718017,251734,75521,1975,355,8,case:Vendor,org:resource
BPIC19,procurement,duration,0.25,rare-first,0.2515631579365521,B0+g,nb_0.100,0.07507992626039262,0.07459441009049728,-0.0004855161698953392,251734,75521,1975,355,8,case:Vendor,org:resource
BPIC19,procurement,duration,0.25,rare-first,0.2515631579365521,B0+g,nb_0.125,0.051669639665031686,0.05134049753427146,-0.0003291421307602266,251734,75521,1975,355,8,case:Vendor,org:resource
BPIC19,procurement,duration,0.25,rare-first,0.2515631579365521,B0+g,nb_0.150,0.026531771061730387,0.026251366001042154,-0.00028040506068823315,251734,75521,1975,355,8,case:Vendor,org:resource
BPIC19,procurement,duration,0.25,rare-first,0.2515631579365521,B0+g,nb_0.175,0.0008406251040749996,0.002012685213384357,0.001172060109309357,251734,75521,1975,355,8,case:Vendor,org:resource
BPIC19,procurement,duration,0.25,rare-first,0.2515631579365521,B0+g,nb_0.200,-0.024466704625203586,-0.02538035778127938,-0.000913653156075795,251734,75521,1975,355,8,case:Vendor,org:resource
BPIC19,procurement,duration,0.25,rare-first,0.2515631579365521,B0+g,nb_0.225,-0.05212521533211656,-0.051290583136243684,0.0008346321958728753,251734,75521,1975,355,8,case:Vendor,org:resource
BPIC19,procurement,duration,0.25,rare-first,0.2515631579365521,B0+g,nb_0.250,-0.08188009516116927,-0.07939513512797765,0.0024849600331916244,251734,75521,1975,355,8,case:Vendor,org:resource
BPIC19,procurement,duration,0.25,rare-first,0.2515631579365521,B0+g,nb_0.275,-0.11229989009679432,-0.1053349399504774,0.006964950146316928,251734,75521,1975,355,8,case:Vendor,org:resource
BPIC19,procurement,duration,0.25,rare-first,0.2515631579365521,B0+g,nb_0.300,-0.14418316948738955,-0.13732793338465935,0.0068552361027302,251734,75521,1975,355,8,case:Vendor,org:resource
BPIC19,procurement,duration,0.25,rare-first,0.2515631579365521,B0+g,nb_0.325,-0.1756793670830826,-0.1704044055443004,0.005274961538782208,251734,75521,1975,355,8,case:Vendor,org:resource
BPIC19,procurement,duration,0.25,rare-first,0.2515631579365521,B0+g,nb_0.350,-0.20494350527056662,-0.20467562257263133,0.00026788269793528996,251734,75521,1975,355,8,case:Vendor,org:resource
BPIC19,procurement,duration,0.25,rare-first,0.2515631579365521,B0+g,nb_0.375,-0.24168906661723227,-0.24310589107665415,-0.0014168244594218726,251734,75521,1975,355,8,case:Vendor,org:resource
BPIC19,procurement,duration,0.25,rare-first,0.2515631579365521,B0+g,nb_0.400,-0.27734890516103694,-0.2784920750519723,-0.0011431698909353805,251734,75521,1975,355,8,case:Vendor,org:resource
BPIC19,procurement,duration,0.25,rare-first,0.2515631579365521,B0+g,nb_0.425,-0.30983032073428474,-0.21442351479548163,0.0954068059388031,251734,75521,1975,355,8,case:Vendor,org:resource
BPIC19,procurement,duration,0.25,rare-first,0.2515631579365521,B0+g,nb_0.450,-0.3398681402283049,-0.2432857326860319,0.09658240754227301,251734,75521,1975,355,8,case:Vendor,org:resource
BPIC19,procurement,duration,0.25,rare-first,0.2515631579365521,B0+g,nb_0.475,-0.2694482329418307,-0.2760638636620151,-0.006615630720184396,251734,75521,1975,355,8,case:Vendor,org:resource
BPIC19,procurement,duration,0.25,rare-first,0.2515631579365521,B0+g,nb_0.500,-0.3010288529018419,-0.3140186173382238,-0.01298976443638189,251734,75521,1975,355,8,case:Vendor,org:resource
BPIC19,procurement,duration,0.25,rare-first,0.2515631579365521,B0+g,nb_0.525,-0.33971101798802567,-0.3338708856860309,0.00584013230199476,251734,75521,1975,355,8,case:Vendor,org:resource
BPIC19,procurement,duration,0.25,rare-first,0.2515631579365521,B0+g,nb_0.550,-0.38790535082957067,-0.37475080514764847,0.013154545681922203,251734,75521,1975,355,8,case:Vendor,org:resource
BPIC19,procurement,duration,0.25,rare-first,0.2515631579365521,B0+g,nb_0.575,-0.43228023058642817,-0.39838393216690016,0.033896298419528015,251734,75521,1975,355,8,case:Vendor,org:resource
BPIC19,procurement,duration,0.25,rare-first,0.2515631579365521,B0+g,nb_0.600,-0.48718899378980673,-0.4434991591742693,0.04368983461553744,251734,75521,1975,355,8,case:Vendor,org:resource
BPIC19,procurement,duration,0.25,rare-first,0.2515631579365521,B0+g,nb_0.625,-0.507951430727877,-0.49097160613162794,0.016979824596249027,251734,75521,1975,355,8,case:Vendor,org:resource
BPIC19,procurement,duration,0.25,rare-first,0.2515631579365521,B0+g,nb_0.650,-0.542240852591616,-0.5413820564573336,0.0008587961342824135,251734,75521,1975,355,8,case:Vendor,org:resource
BPIC19,procurement,duration,0.25,rare-first,0.2515631579365521,B0+g,nb_0.675,-0.5851709101798482,-0.5804345811098901,0.004736329069958134,251734,75521,1975,355,8,case:Vendor,org:resource
BPIC19,procurement,duration,0.25,rare-first,0.2515631579365521,B0+g,nb_0.700,-0.6332234301276023,-0.6394203819688121,-0.00619695184120983,251734,75521,1975,355,8,case:Vendor,org:resource
BPIC19,procurement,duration,0.25,rare-first,0.2515631579365521,B0+g,nb_0.725,-0.6254503563728812,-0.6766341932587082,-0.05118383688582706,251734,75521,1975,355,8,case:Vendor,org:resource
BPIC19,procurement,duration,0.25,rare-first,0.2515631579365521,B0+g,nb_0.750,-0.5514227830669615,-0.6850677295057004,-0.13364494643873892,251734,75521,1975,355,8,case:Vendor,org:resource
BPIC19,procurement,duration,0.25,rare-first,0.2515631579365521,B0+g,nb_0.775,-0.5523555626176091,-0.7230439215582423,-0.17068835894063317,251734,75521,1975,355,8,case:Vendor,org:resource
BPIC19,procurement,duration,0.25,rare-first,0.2515631579365521,B0+g,nb_0.800,-0.5805140292104184,-0.7832655817587163,-0.2027515525482979,251734,75521,1975,355,8,case:Vendor,org:resource
BPIC19,procurement,duration,0.5,random,0.5018869123757617,empty,auc,0.5,0.619885467573467,0.11988546757346696,251734,75521,1975,355,8,case:Vendor,org:resource
BPIC19,procurement,duration,0.5,random,0.5018869123757617,empty,ap,0.16204764237761682,0.20346856272804256,0.041420920350425744,251734,75521,1975,355,8,case:Vendor,org:resource
BPIC19,procurement,duration,0.5,random,0.5018869123757617,empty,brier_skill,-6.904521911232919e-05,-0.12384733844366691,-0.12377829322455458,251734,75521,1975,355,8,case:Vendor,org:resource
BPIC19,procurement,duration,0.5,random,0.5018869123757617,empty,nagelkerke,-9.205923281792703e-05,-0.38671266572989277,-0.38662060649707486,251734,75521,1975,355,8,case:Vendor,org:resource
BPIC19,procurement,duration,0.5,random,0.5018869123757617,empty,nb_0.050,0.11794488671328085,0.11962862891395144,0.0016837422006705932,251734,75521,1975,355,8,case:Vendor,org:resource
BPIC19,procurement,duration,0.5,random,0.5018869123757617,empty,nb_0.075,0.09410555932715334,0.09886242487770541,0.004756865550552075,251734,75521,1975,355,8,case:Vendor,org:resource
BPIC19,procurement,duration,0.5,random,0.5018869123757617,empty,nb_0.100,0.06894182486401867,0.07882281455194949,0.009880989687930816,251734,75521,1975,355,8,case:Vendor,org:resource
BPIC19,procurement,duration,0.5,random,0.5018869123757617,empty,nb_0.125,0.04234016271727638,0.0570380613150174,0.014697898597741024,251734,75521,1975,355,8,case:Vendor,org:resource
BPIC19,procurement,duration,0.5,random,0.5018869123757617,empty,nb_0.150,0.014173696914843303,0.035482923721255555,0.02130922680641225,251734,75521,1975,355,8,case:Vendor,org:resource
BPIC19,procurement,duration,0.5,random,0.5018869123757617,empty,nb_0.175,-0.015699827421070536,0.011192953354736166,0.0268927807758067,251734,75521,1975,355,8,case:Vendor,org:resource
BPIC19,procurement,duration,0.5,random,0.5018869123757617,empty,nb_0.200,-0.04744044702797897,-0.014032520755816263,0.03340792627216271,251734,75521,1975,355,8,case:Vendor,org:resource
BPIC19,procurement,duration,0.5,random,0.5018869123757617,empty,nb_0.225,-0.08122884854501056,-0.04132326364254165,0.039905584902468906,251734,75521,1975,355,8,case:Vendor,org:resource
BPIC19,procurement,duration,0.5,random,0.5018869123757617,empty,nb_0.250,-0.11726981016317756,-0.06925226096052753,0.04801754920265003,251734,75521,1975,355,8,case:Vendor,org:resource
BPIC19,procurement,duration,0.5,random,0.5018869123757617,empty,nb_0.275,-0.15579635534121822,-0.0976207120284881,0.05817564331273012,251734,75521,1975,355,8,case:Vendor,org:resource
BPIC19,procurement,duration,0.5,random,0.5018869123757617,empty,nb_0.300,-0.19707479660340457,-0.12904452309386039,0.06803027350954419,251734,75521,1975,355,8,case:Vendor,org:resource
BPIC19,procurement,duration,0.5,random,0.5018869123757617,empty,nb_0.325,-0.2414109001813084,-0.16301328009329755,0.07839762008801085,251734,75521,1975,355,8,case:Vendor,org:resource
BPIC19,procurement,duration,0.5,random,0.5018869123757617,empty,nb_0.350,-0.2891574732652049,-0.19986799392527602,0.0892894793399289,251734,75521,1975,355,8,case:Vendor,org:resource
BPIC19,procurement,duration,0.5,random,0.5018869123757617,empty,nb_0.375,-0.340723772195813,-0.23793646800227747,0.10278730419353554,251734,75521,1975,355,8,case:Vendor,org:resource
BPIC19,procurement,duration,0.5,random,0.5018869123757617,empty,nb_0.400,-0.39658726270397204,-0.2801295886795285,0.11645767402444357,251734,75521,1975,355,8,case:Vendor,org:resource
BPIC19,procurement,duration,0.5,random,0.5018869123757617,empty,nb_0.425,-0.45730844803892734,-0.324884008651783,0.13242443938714432,251734,75521,1975,355,8,case:Vendor,org:resource
BPIC19,procurement,duration,0.5,random,0.5018869123757617,empty,nb_0.450,-0.5235497411316057,-0.3739983219598161,0.1495514191717896,251734,75521,1975,355,8,case:Vendor,org:resource
BPIC19,procurement,duration,0.5,random,0.5018869123757617,empty,nb_0.475,-0.5960997288045393,-0.4279680013317014,0.16813172747283794,251734,75521,1975,355,8,case:Vendor,org:resource
BPIC19,procurement,duration,0.5,random,0.5018869123757617,empty,nb_0.500,-0.6759047152447664,-0.14362892440513234,0.532275790839634,251734,75521,1975,355,8,case:Vendor,org:resource
BPIC19,procurement,duration,0.5,random,0.5018869123757617,empty,nb_0.525,0.0,-0.15650718273550962,-0.15650718273550962,251734,75521,1975,355,8,case:Vendor,org:resource
BPIC19,procurement,duration,0.5,random,0.5018869123757617,empty,nb_0.550,0.0,-0.16676303427008538,-0.16676303427008538,251734,75521,1975,355,8,case:Vendor,org:resource
BPIC19,procurement,duration,0.5,random,0.5018869123757617,empty,nb_0.575,0.0,-0.17343754016218316,-0.17343754016218316,251734,75521,1975,355,8,case:Vendor,org:resource
BPIC19,procurement,duration,0.5,random,0.5018869123757617,empty,nb_0.600,0.0,-0.19640894585611945,-0.19640894585611945,251734,75521,1975,355,8,case:Vendor,org:resource
BPIC19,procurement,duration,0.5,random,0.5018869123757617,empty,nb_0.625,0.0,-0.21906048207341888,-0.21906048207341888,251734,75521,1975,355,8,case:Vendor,org:resource
BPIC19,procurement,duration,0.5,random,0.5018869123757617,empty,nb_0.650,0.0,-0.242829336021958,-0.242829336021958,251734,75521,1975,355,8,case:Vendor,org:resource
BPIC19,procurement,duration,0.5,random,0.5018869123757617,empty,nb_0.675,0.0,-0.26652393170315347,-0.26652393170315347,251734,75521,1975,355,8,case:Vendor,org:resource
BPIC19,procurement,duration,0.5,random,0.5018869123757617,empty,nb_0.700,0.0,-0.28644571267153063,-0.28644571267153063,251734,75521,1975,355,8,case:Vendor,org:resource
BPIC19,procurement,duration,0.5,random,0.5018869123757617,empty,nb_0.725,0.0,-0.31745655332472245,-0.31745655332472245,251734,75521,1975,355,8,case:Vendor,org:resource
BPIC19,procurement,duration,0.5,random,0.5018869123757617,empty,nb_0.750,0.0,-0.35200805074085356,-0.35200805074085356,251734,75521,1975,355,8,case:Vendor,org:resource
BPIC19,procurement,duration,0.5,random,0.5018869123757617,empty,nb_0.775,0.0,-0.3996121755685322,-0.3996121755685322,251734,75521,1975,355,8,case:Vendor,org:resource
BPIC19,procurement,duration,0.5,random,0.5018869123757617,empty,nb_0.800,0.0,-0.45020590299386937,-0.45020590299386937,251734,75521,1975,355,8,case:Vendor,org:resource
BPIC19,procurement,duration,0.5,random,0.5018869123757617,B0_half,auc,0.6027071621041123,0.6359472144672798,0.033240052363167405,251734,75521,1975,355,8,case:Vendor,org:resource
BPIC19,procurement,duration,0.5,random,0.5018869123757617,B0_half,ap,0.19912731461830036,0.20962779146558122,0.010500476847280865,251734,75521,1975,355,8,case:Vendor,org:resource
BPIC19,procurement,duration,0.5,random,0.5018869123757617,B0_half,brier_skill,-0.01934899825735381,-0.12961750183161125,-0.11026850357425744,251734,75521,1975,355,8,case:Vendor,org:resource
BPIC19,procurement,duration,0.5,random,0.5018869123757617,B0_half,nagelkerke,-0.011678719012283945,-0.3888985434921757,-0.3772198244798917,251734,75521,1975,355,8,case:Vendor,org:resource
BPIC19,procurement,duration,0.5,random,0.5018869123757617,B0_half,nb_0.050,0.11794488671328085,0.11987742691297436,0.0019325401996935082,251734,75521,1975,355,8,case:Vendor,org:resource
BPIC19,procurement,duration,0.5,random,0.5018869123757617,B0_half,nb_0.075,0.09410555932715334,0.09905352976816545,0.004947970441012112,251734,75521,1975,355,8,case:Vendor,org:resource
BPIC19,procurement,duration,0.5,random,0.5018869123757617,B0_half,nb_0.100,0.06894182486401867,0.07930097441624037,0.010359149552221697,251734,75521,1975,355,8,case:Vendor,org:resource
BPIC19,procurement,duration,0.5,random,0.5018869123757617,B0_half,nb_0.125,0.04234016271727638,0.05748070073224666,0.015140538014970284,251734,75521,1975,355,8,case:Vendor,org:resource
BPIC19,procurement,duration,0.5,random,0.5018869123757617,B0_half,nb_0.150,0.014173696914843303,0.03584355578541846,0.021669858870575154,251734,75521,1975,355,8,case:Vendor,org:resource
BPIC19,procurement,duration,0.5,random,0.5018869123757617,B0_half,nb_0.175,-0.015694209878608915,0.011668036945774262,0.02736224682438318,251734,75521,1975,355,8,case:Vendor,org:resource
BPIC19,procurement,duration,0.5,random,0.5018869123757617,B0_half,nb_0.200,-0.047433826352934944,-0.013863693542193562,0.03357013281074138,251734,75521,1975,355,8,case:Vendor,org:resource
BPIC19,procurement,duration,0.5,random,0.5018869123757617,B0_half,nb_0.225,-0.08021225457050828,-0.04017980899138929,0.04003244557911899,251734,75521,1975,355,8,case:Vendor,org:resource
BPIC19,procurement,duration,0.5,random,0.5018869123757617,B0_half,nb_0.250,-0.050904163521846006,-0.033244616287743355,0.01765954723410265,251734,75521,1975,355,8,case:Vendor,org:resource
BPIC19,procurement,duration,0.5,random,0.5018869123757617,B0_half,nb_0.275,-0.07664778328384571,-0.056793976920783404,0.019853806363062304,251734,75521,1975,355,8,case:Vendor,org:resource
BPIC19,procurement,duration,0.5,random,0.5018869123757617,B0_half,nb_0.300,-0.10401837142743649,-0.08194882407353114,0.022069547353905344,251734,75521,1975,355,8,case:Vendor,org:resource
BPIC19,procurement,duration,0.5,random,0.5018869123757617,B0_half,nb_0.325,-0.12141239105924422,-0.10170582918560299,0.019706561873641226,251734,75521,1975,355,8,case:Vendor,org:resource
BPIC19,procurement,duration,0.5,random,0.5018869123757617,B0_half,nb_0.350,-0.1515136390998734,-0.12877416673711742,0.022739472362755975,251734,75521,1975,355,8,case:Vendor,org:resource
BPIC19,procurement,duration,0.5,random,0.5018869123757617,B0_half,nb_0.375,-0.18402298698375286,-0.15698944664397982,0.027033540339773038,251734,75521,1975,355,8,case:Vendor,org:resource
BPIC19,procurement,duration,0.5,random,0.5018869123757617,B0_half,nb_0.400,-0.21922379205783826,-0.1883052396022299,0.030918552455608372,251734,75521,1975,355,8,case:Vendor,org:resource
BPIC19,procurement,duration,0.5,random,0.5018869123757617,B0_half,nb_0.425,-0.256354840548238,-0.22121517596890702,0.03513966457933096,251734,75521,1975,355,8,case:Vendor,org:resource
BPIC19,procurement,duration,0.5,random,0.5018869123757617,B0_half,nb_0.450,-0.29791593187205,-0.2528086709175412,0.04510726095450879,251734,75521,1975,355,8,case:Vendor,org:resource
BPIC19,procurement,duration,0.5,random,0.5018869123757617,B0_half,nb_0.475,-0.3434352223695585,-0.2922946061675686,0.0511406162019899,251734,75521,1975,355,8,case:Vendor,org:resource
BPIC19,procurement,duration,0.5,random,0.5018869123757617,B0_half,nb_0.500,-0.3929900292633837,-0.33406602137153907,0.058924007891844654,251734,75521,1975,355,8,case:Vendor,org:resource
BPIC19,procurement,duration,0.5,random,0.5018869123757617,B0_half,nb_0.525,-0.43893751406893455,-0.3735566057262567,0.06538090834267785,251734,75521,1975,355,8,case:Vendor,org:resource
BPIC19,procurement,duration,0.5,random,0.5018869123757617,B0_half,nb_0.550,-0.49931807047046534,-0.4142262122823822,0.08509185818808312,251734,75521,1975,355,8,case:Vendor,org:resource
BPIC19,procurement,duration,0.5,random,0.5018869123757617,B0_half,nb_0.575,-0.5444048675202923,-0.4581717434262538,0.0862331240940385,251734,75521,1975,355,8,case:Vendor,org:resource
BPIC19,procurement,duration,0.5,random,0.5018869123757617,B0_half,nb_0.600,-0.6176295335072363,-0.5045748864554229,0.11305464705181334,251734,75521,1975,355,8,case:Vendor,org:resource
BPIC19,procurement,duration,0.5,random,0.5018869123757617,B0_half,nb_0.625,-0.02688876824547698,-0.2286825298040722,-0.2017937615585952,251734,75521,1975,355,8,case:Vendor,org:resource
BPIC19,procurement,duration,0.5,random,0.5018869123757617,B0_half,nb_0.650,-0.030568602488995497,-0.25226474377041774,-0.22169614128142223,251734,75521,1975,355,8,case:Vendor,org:resource
BPIC19,procurement,duration,0.5,random,0.5018869123757617,B0_half,nb_0.675,-0.03258186973974637,-0.27877421766538707,-0.2461923479256407,251734,75521,1975,355,8,case:Vendor,org:resource
BPIC19,procurement,duration,0.5,random,0.5018869123757617,B0_half,nb_0.700,-0.03724350401433596,-0.2930531463654701,-0.2558096423511341,251734,75521,1975,355,8,case:Vendor,org:resource
BPIC19,procurement,duration,0.5,random,0.5018869123757617,B0_half,nb_0.725,-0.003829157693645717,-0.3173795127423919,-0.3135503550487462,251734,75521,1975,355,8,case:Vendor,org:resource
BPIC19,procurement,duration,0.5,random,0.5018869123757617,B0_half,nb_0.750,-0.004303438778617868,-0.3606149282980893,-0.3563114895194714,251734,75521,1975,355,8,case:Vendor,org:resource
BPIC19,procurement,duration,0.5,random,0.5018869123757617,B0_half,nb_0.775,-0.004968448805262407,-0.4035948794227949,-0.3986264306175325,251734,75521,1975,355,8,case:Vendor,org:resource
BPIC19,procurement,duration,0.5,random,0.5018869123757617,B0_half,nb_0.800,-0.004793368731875903,-0.45006024814290074,-0.44526687941102483,251734,75521,1975,355,8,case:Vendor,org:resource
BPIC19,procurement,duration,0.5,random,0.5018869123757617,B0,auc,0.6205450771663794,0.6485787098614083,0.0280336326950289,251734,75521,1975,355,8,case:Vendor,org:resource
BPIC19,procurement,duration,0.5,random,0.5018869123757617,B0,ap,0.20165801934838756,0.21603789279395427,0.01437987344556671,251734,75521,1975,355,8,case:Vendor,org:resource
BPIC19,procurement,duration,0.5,random,0.5018869123757617,B0,brier_skill,-0.11082843839700063,-0.18625090796357635,-0.07542246956657572,251734,75521,1975,355,8,case:Vendor,org:resource
BPIC19,procurement,duration,0.5,random,0.5018869123757617,B0,nagelkerke,-0.19088921507308934,-0.5226891413637972,-0.33179992629070787,251734,75521,1975,355,8,case:Vendor,org:resource
BPIC19,procurement,duration,0.5,random,0.5018869123757617,B0,nb_0.050,0.12031578529220524,0.12168103817759997,0.0013652528853947271,251734,75521,1975,355,8,case:Vendor,org:resource
BPIC19,procurement,duration,0.5,random,0.5018869123757617,B0,nb_0.075,0.09886027763174518,0.10228406131532415,0.003423783683578971,251734,75521,1975,355,8,case:Vendor,org:resource
BPIC19,procurement,duration,0.5,random,0.5018869123757617,B0,nb_0.100,0.07639964748583543,0.0838501138020477,0.0074504663162122675,251734,75521,1975,355,8,case:Vendor,org:resource
BPIC19,procurement,duration,0.5,random,0.5018869123757617,B0,nb_0.125,0.052819745501251306,0.0638422236388365,0.011022478137585195,251734,75521,1975,355,8,case:Vendor,org:resource
BPIC19,procurement,duration,0.5,random,0.5018869123757617,B0,nb_0.150,0.027484369365123978,0.04425726541195787,0.01677289604683389,251734,75521,1975,355,8,case:Vendor,org:resource
BPIC19,procurement,duration,0.5,random,0.5018869123757617,B0,nb_0.175,0.000615923405611048,0.021684516407838403,0.021068593002227354,251734,75521,1975,355,8,case:Vendor,org:resource
BPIC19,procurement,duration,0.5,random,0.5018869123757617,B0,nb_0.200,-0.027505594470412204,-0.002009374875862343,0.02549621959454986,251734,75521,1975,355,8,case:Vendor,org:resource
BPIC19,procurement,duration,0.5,random,0.5018869123757617,B0,nb_0.225,-0.014697898597741026,-0.006030367114295497,0.00866753148344553,251734,75521,1975,355,8,case:Vendor,org:resource
BPIC19,procurement,duration,0.5,random,0.5018869123757617,B0,nb_0.250,-0.030847931921805405,-0.02263829486721132,0.008209637054594085,251734,75521,1975,355,8,case:Vendor,org:resource
BPIC19,procurement,duration,0.5,random,0.5018869123757617,B0,nb_0.275,-0.053690935017389564,-0.04295722267704486,0.010733712340344703,251734,75521,1975,355,8,case:Vendor,org:resource
BPIC19,procurement,duration,0.5,random,0.5018869123757617,B0,nb_0.300,-0.07789507932514514,-0.06548225942831419,0.012412819896830948,251734,75521,1975,355,8,case:Vendor,org:resource
BPIC19,procurement,duration,0.5,random,0.5018869123757617,B0,nb_0.325,-0.10276906055563648,-0.0906365509323627,0.01213250962327378,251734,75521,1975,355,8,case:Vendor,org:resource
BPIC19,procurement,duration,0.5,random,0.5018869123757617,B0,nb_0.350,-0.13095695237086374,-0.11578032803916993,0.015176624331693811,251734,75521,1975,355,8,case:Vendor,org:resource
BPIC19,procurement,duration,0.5,random,0.5018869123757617,B0,nb_0.375,-0.13828471550959334,-0.13144688232412177,0.00683783318547157,251734,75521,1975,355,8,case:Vendor,org:resource
BPIC19,procurement,duration,0.5,random,0.5018869123757617,B0,nb_0.400,-0.16185343590965873,-0.15820323706871822,0.003650198840940505,251734,75521,1975,355,8,case:Vendor,org:resource
BPIC19,procurement,duration,0.5,random,0.5018869123757617,B0,nb_0.425,-0.19064320145908167,-0.18813540489457872,0.002507796564502951,251734,75521,1975,355,8,case:Vendor,org:resource
BPIC19,procurement,duration,0.5,random,0.5018869123757617,B0,nb_0.450,-0.22265811676704012,-0.22072849093148078,0.0019296258355593343,251734,75521,1975,355,8,case:Vendor,org:resource
BPIC19,procurement,duration,0.5,random,0.5018869123757617,B0,nb_0.475,-0.25812057321173987,-0.2560076320619745,0.002112941149765346,251734,75521,1975,355,8,case:Vendor,org:resource
BPIC19,procurement,duration,0.5,random,0.5018869123757617,B0,nb_0.500,-0.2955998993657393,-0.2936534209027952,0.0019464784629441012,251734,75521,1975,355,8,case:Vendor,org:resource
BPIC19,procurement,duration,0.5,random,0.5018869123757617,B0,nb_0.525,-0.3391527905448398,-0.32116685564628594,0.01798593489855388,251734,75521,1975,355,8,case:Vendor,org:resource
BPIC19,procurement,duration,0.5,random,0.5018869123757617,B0,nb_0.550,-0.38714470883006796,-0.3659320659890039,0.021212642841064056,251734,75521,1975,355,8,case:Vendor,org:resource
BPIC19,procurement,duration,0.5,random,0.5018869123757617,B0,nb_0.575,-0.4161359092173037,-0.40821446625286145,0.007921442964442249,251734,75521,1975,355,8,case:Vendor,org:resource
BPIC19,procurement,duration,0.5,random,0.5018869123757617,B0,nb_0.600,-0.4699619973252472,-0.4492525257875292,0.02070947153771796,251734,75521,1975,355,8,case:Vendor,org:resource
BPIC19,procurement,duration,0.5,random,0.5018869123757617,B0,nb_0.625,-0.41106005835021614,-0.44404426141956105,-0.03298420306934491,251734,75521,1975,355,8,case:Vendor,org:resource
BPIC19,procurement,duration,0.5,random,0.5018869123757617,B0,nb_0.650,-0.45795587603826376,-0.4844120935141976,-0.026456217475933852,251734,75521,1975,355,8,case:Vendor,org:resource
BPIC19,procurement,duration,0.5,random,0.5018869123757617,B0,nb_0.675,-0.5058083691443951,-0.5224293192010783,-0.01662095005668318,251734,75521,1975,355,8,case:Vendor,org:resource
BPIC19,procurement,duration,0.5,random,0.5018869123757617,B0,nb_0.700,-0.5271116643052924,-0.5623292417561561,-0.035217577450863624,251734,75521,1975,355,8,case:Vendor,org:resource
BPIC19,procurement,duration,0.5,random,0.5018869123757617,B0,nb_0.725,-0.5998524191344731,-0.616878387829514,-0.017025968695040916,251734,75521,1975,355,8,case:Vendor,org:resource
BPIC19,procurement,duration,0.5,random,0.5018869123757617,B0,nb_0.750,-0.5249665655910276,-0.6377431442909919,-0.11277657869996427,251734,75521,1975,355,8,case:Vendor,org:resource
BPIC19,procurement,duration,0.5,random,0.5018869123757617,B0,nb_0.775,-0.5840288720282365,-0.70040415542991,-0.11637528340167347,251734,75521,1975,355,8,case:Vendor,org:resource
BPIC19,procurement,duration,0.5,random,0.5018869123757617,B0,nb_0.800,-0.6369221805855327,-0.5107188728962806,0.12620330768925214,251734,75521,1975,355,8,case:Vendor,org:resource
BPIC19,procurement,duration,0.5,random,0.5018869123757617,B0+g,auc,0.6344234882170156,0.6494965634996087,0.015073075282593162,251734,75521,1975,355,8,case:Vendor,org:resource
BPIC19,procurement,duration,0.5,random,0.5018869123757617,B0+g,ap,0.21285485847610564,0.2188889348290155,0.006034076352909867,251734,75521,1975,355,8,case:Vendor,org:resource
BPIC19,procurement,duration,0.5,random,0.5018869123757617,B0+g,brier_skill,-0.3155017969823175,-0.3588206337987647,-0.043318836816447215,251734,75521,1975,355,8,case:Vendor,org:resource
BPIC19,procurement,duration,0.5,random,0.5018869123757617,B0+g,nagelkerke,-0.7421463622507534,-1.1047642257952073,-0.3626178635444539,251734,75521,1975,355,8,case:Vendor,org:resource
BPIC19,procurement,duration,0.5,random,0.5018869123757617,B0+g,nb_0.050,0.1205346160252394,0.12103569658909791,0.0005010805638585025,251734,75521,1975,355,8,case:Vendor,org:resource
BPIC19,procurement,duration,0.5,random,0.5018869123757617,B0+g,nb_0.075,0.09829555194420597,0.09962290782195181,0.0013273558777458366,251734,75521,1975,355,8,case:Vendor,org:resource
BPIC19,procurement,duration,0.5,random,0.5018869123757617,B0+g,nb_0.100,0.07507992626039262,0.07777674789499314,0.002696821634600527,251734,75521,1975,355,8,case:Vendor,org:resource
BPIC19,procurement,duration,0.5,random,0.5018869123757617,B0+g,nb_0.125,0.051669639665031686,0.055795266028181384,0.004125626363149698,251734,75521,1975,355,8,case:Vendor,org:resource
BPIC19,procurement,duration,0.5,random,0.5018869123757617,B0+g,nb_0.150,0.026531771061730387,0.03446801318215345,0.007936242120423063,251734,75521,1975,355,8,case:Vendor,org:resource
BPIC19,procurement,duration,0.5,random,0.5018869123757617,B0+g,nb_0.175,0.0008406251040749996,0.010853894541875372,0.010013269437800372,251734,75521,1975,355,8,case:Vendor,org:resource
BPIC19,procurement,duration,0.5,random,0.5018869123757617,B0+g,nb_0.200,-0.024466704625203586,-0.014270865057401253,0.010195839567802333,251734,75521,1975,355,8,case:Vendor,org:resource
BPIC19,procurement,duration,0.5,random,0.5018869123757617,B0+g,nb_0.225,-0.05212521533211656,-0.037265857691366346,0.014859357640750213,251734,75521,1975,355,8,case:Vendor,org:resource
BPIC19,procurement,duration,0.5,random,0.5018869123757617,B0+g,nb_0.250,-0.08188009516116927,-0.06363792852319222,0.01824216663797705,251734,75521,1975,355,8,case:Vendor,org:resource
BPIC19,procurement,duration,0.5,random,0.5018869123757617,B0+g,nb_0.275,-0.11229989009679432,-0.09187670567994563,0.02042318441684869,251734,75521,1975,355,8,case:Vendor,org:resource
BPIC19,procurement,duration,0.5,random,0.5018869123757617,B0+g,nb_0.300,-0.14418316948738955,-0.12108458006949818,0.023098589417891363,251734,75521,1975,355,8,case:Vendor,org:resource
BPIC19,procurement,duration,0.5,random,0.5018869123757617,B0+g,nb_0.325,-0.1756793670830826,-0.14598049009669617,0.02969887698638643,251734,75521,1975,355,8,case:Vendor,org:resource
BPIC19,procurement,duration,0.5,random,0.5018869123757617,B0+g,nb_0.350,-0.20494350527056662,-0.17452812411830432,0.030415381152262305,251734,75521,1975,355,8,case:Vendor,org:resource
BPIC19,procurement,duration,0.5,random,0.5018869123757617,B0+g,nb_0.375,-0.24168906661723227,-0.20604335218018827,0.03564571443704401,251734,75521,1975,355,8,case:Vendor,org:resource
BPIC19,procurement,duration,0.5,random,0.5018869123757617,B0+g,nb_0.400,-0.27734890516103694,-0.2401318838468771,0.037217021314159854,251734,75521,1975,355,8,case:Vendor,org:resource
BPIC19,procurement,duration,0.5,random,0.5018869123757617,B0+g,nb_0.425,-0.30983032073428474,-0.2626611774553925,0.04716914327889221,251734,75521,1975,355,8,case:Vendor,org:resource
BPIC19,procurement,duration,0.5,random,0.5018869123757617,B0+g,nb_0.450,-0.3398681402283049,-0.29654244274018904,0.04332569748811588,251734,75521,1975,355,8,case:Vendor,org:resource
BPIC19,procurement,duration,0.5,random,0.5018869123757617,B0+g,nb_0.475,-0.2694482329418307,-0.27741132866859486,-0.00796309572676418,251734,75521,1975,355,8,case:Vendor,org:resource
BPIC19,procurement,duration,0.5,random,0.5018869123757617,B0+g,nb_0.500,-0.3010288529018419,-0.31620344010275286,-0.015174587200910972,251734,75521,1975,355,8,case:Vendor,org:resource
BPIC19,procurement,duration,0.5,random,0.5018869123757617,B0+g,nb_0.525,-0.33971101798802567,-0.3455936619929348,-0.005882644004909121,251734,75521,1975,355,8,case:Vendor,org:resource
BPIC19,procurement,duration,0.5,random,0.5018869123757617,B0+g,nb_0.550,-0.38790535082957067,-0.38451262268478686,0.0033927281447838076,251734,75521,1975,355,8,case:Vendor,org:resource
BPIC19,procurement,duration,0.5,random,0.5018869123757617,B0+g,nb_0.575,-0.43228023058642817,-0.43351323395051006,-0.001233003364081886,251734,75521,1975,355,8,case:Vendor,org:resource
BPIC19,procurement,duration,0.5,random,0.5018869123757617,B0+g,nb_0.600,-0.48718899378980673,-0.46971041167357414,0.0174785821162326,251734,75521,1975,355,8,case:Vendor,org:resource
BPIC19,procurement,duration,0.5,random,0.5018869123757617,B0+g,nb_0.625,-0.507951430727877,-0.522887673627203,-0.014936242899326047,251734,75521,1975,355,8,case:Vendor,org:resource
BPIC19,procurement,duration,0.5,random,0.5018869123757617,B0+g,nb_0.650,-0.542240852591616,-0.5761387088170368,-0.03389785622542074,251734,75521,1975,355,8,case:Vendor,org:resource
BPIC19,procurement,duration,0.5,random,0.5018869123757617,B0+g,nb_0.675,-0.5851709101798482,-0.620535500568869,-0.035364590389020734,251734,75521,1975,355,8,case:Vendor,org:resource
BPIC19,procurement,duration,0.5,random,0.5018869123757617,B0+g,nb_0.700,-0.6332234301276023,-0.6671654241866499,-0.03394199405904763,251734,75521,1975,355,8,case:Vendor,org:resource
BPIC19,procurement,duration,0.5,random,0.5018869123757617,B0+g,nb_0.725,-0.6254503563728812,-0.6801154645727678,-0.05466510819988668,251734,75521,1975,355,8,case:Vendor,org:resource
BPIC19,procurement,duration,0.5,random,0.5018869123757617,B0+g,nb_0.750,-0.5514227830669615,-0.7049959613882232,-0.15357317832126172,251734,75521,1975,355,8,case:Vendor,org:resource
BPIC19,procurement,duration,0.5,random,0.5018869123757617,B0+g,nb_0.775,-0.5523555626176091,-0.7143252281558186,-0.16196966553820946,251734,75521,1975,355,8,case:Vendor,org:resource
BPIC19,procurement,duration,0.5,random,0.5018869123757617,B0+g,nb_0.800,-0.5805140292104184,-0.7654427245401944,-0.18492869532977596,251734,75521,1975,355,8,case:Vendor,org:resource
