log,instrument,population,regime,b_lo,b_hi,V_lo,V_hi,R
BPIC13_incidents,ap,0.25,rare-first,empty,B0_half,0.010420923801006926,0.007550456792615623,0.27545225962730324
BPIC13_incidents,ap,0.25,rare-first,empty,B0,0.010420923801006926,0.0022376602930512246,0.7852723678072562
BPIC13_incidents,ap,0.25,rare-first,empty,B0+g,0.010420923801006926,0.0006067804797134091,0.9417728704959172
BPIC13_incidents,ap,0.25,rare-first,B0_half,B0,0.007550456792615623,0.0022376602930512246,0.7036390837651485
BPIC13_incidents,ap,0.25,rare-first,B0_half,B0+g,0.007550456792615623,0.0006067804797134091,0.9196365867152776
BPIC13_incidents,ap,0.25,rare-first,B0,B0+g,0.0022376602930512246,0.0006067804797134091,0.7288326196797207
BPIC13_incidents,ap,0.5,random,empty,B0_half,0.05676467171729069,0.04177175263801758,0.26412412202335034
BPIC13_incidents,ap,0.5,random,empty,B0,0.05676467171729069,0.012770308275386388,0.7750307032693273
BPIC13_incidents,ap,0.5,random,empty,B0+g,0.05676467171729069,0.005755753594899993,0.8986032435179789
BPIC13_incidents,ap,0.5,random,B0_half,B0,0.04177175263801758,0.012770308275386388,0.694283637412815
BPIC13_incidents,ap,0.5,random,B0_half,B0+g,0.04177175263801758,0.005755753594899993,0.8622094302631312
BPIC13_incidents,ap,0.5,random,B0,B0+g,0.012770308275386388,0.005755753594899993,0.5492862450318693
BPIC13_incidents,ap,0.5,rare-first,empty,B0_half,0.04389463362676643,0.03554005517819456,0.19033257048254193
BPIC13_incidents,ap,0.5,rare-first,empty,B0,0.04389463362676643,0.013385432726616853,0.6950553719064516
BPIC13_incidents,ap,0.5,rare-first,empty,B0+g,0.04389463362676643,0.006053434660681367,0.8620916918420284
BPIC13_incidents,ap,0.5,rare-first,B0_half,B0,0.03554005517819456,0.013385432726616853,0.6233705136499218
BPIC13_incidents,ap,0.5,rare-first,B0_half,B0+g,0.03554005517819456,0.006053434660681367,0.8296728963888772
BPIC13_incidents,ap,0.5,rare-first,B0,B0+g,0.013385432726616853,0.006053434660681367,0.5477595095865562
BPIC13_incidents,ap,0.75,rare-first,empty,B0_half,0.07641890366881368,0.054448980307103934,0.287493307374882
BPIC13_incidents,ap,0.75,rare-first,empty,B0,0.07641890366881368,0.026885903008901757,0.648177326314172
BPIC13_incidents,ap,0.75,rare-first,empty,B0+g,0.07641890366881368,0.014334265236643162,0.8124251389582166
BPIC13_incidents,ap,0.75,rare-first,B0_half,B0,0.054448980307103934,0.026885903008901757,0.5062184294864753
BPIC13_incidents,ap,0.75,rare-first,B0_half,B0+g,0.054448980307103934,0.014334265236643162,0.7367395099817329
BPIC13_incidents,ap,0.75,rare-first,B0,B0+g,0.026885903008901757,0.014334265236643162,0.46684828730144656
BPIC13_incidents,ap,1.0,full,empty,B0_half,0.0978011684496278,0.06881812285865258,0.29634661886379055
BPIC13_incidents,ap,1.0,full,empty,B0,0.0978011684496278,0.030865126094762385,0.6844094341198043
BPIC13_incidents,ap,1.0,full,empty,B0+g,0.0978011684496278,0.01592338626402634,0.837186134721615
BPIC13_incidents,ap,1.0,full,B0_half,B0,0.06881812285865258,0.030865126094762385,0.5514971229576093
BPIC13_incidents,ap,1.0,full,B0_half,B0+g,0.06881812285865258,0.01592338626402634,0.7686163818107649
BPIC13_incidents,ap,1.0,full,B0,B0+g,0.030865126094762385,0.01592338626402634,0.48409780620567633
BPIC13_incidents,auc,0.25,rare-first,empty,B0_half,0.03320600195404111,0.015573319868176894,0.5310088853897195
BPIC13_incidents,auc,0.25,rare-first,empty,B0,0.03320600195404111,0.003267192724034862,0.9016083680126011
BPIC13_incidents,auc,0.25,rare-first,empty,B0+g,0.03320600195404111,0.00606305517626704,0.8174108649195819
BPIC13_incidents,auc,0.25,rare-first,B0_half,B0,0.015573319868176894,0.003267192724034862,0.79020576526453
BPIC13_incidents,auc,0.25,rare-first,B0_half,B0+g,0.015573319868176894,0.00606305517626704,0.6106767710681578
BPIC13_incidents,auc,0.25,rare-first,B0,B0+g,0.003267192724034862,0.00606305517626704,-0.8557384545039608
BPIC13_incidents,auc,0.5,random,empty,B0_half,0.0966720049239449,0.057691273443265745,0.40322667882337393
BPIC13_incidents,auc,0.5,random,empty,B0,0.0966720049239449,0.022428150144461534,0.767997465635408
BPIC13_incidents,auc,0.5,random,empty,B0+g,0.0966720049239449,0.013398926173694536,0.8613980729557029
BPIC13_incidents,auc,0.5,random,B0_half,B0,0.057691273443265745,0.022428150144461534,0.6112384281737578
BPIC13_incidents,auc,0.5,random,B0_half,B0+g,0.057691273443265745,0.013398926173694536,0.7677477827409861
BPIC13_incidents,auc,0.5,random,B0,B0+g,0.022428150144461534,0.013398926173694536,0.4025844268300789
BPIC13_incidents,auc,0.5,rare-first,empty,B0_half,0.10185663791377719,0.05751499143986549,0.43533389067335415
BPIC13_incidents,auc,0.5,rare-first,empty,B0,0.10185663791377719,0.027067504055979796,0.7342588111057352
BPIC13_incidents,auc,0.5,rare-first,empty,B0+g,0.10185663791377719,0.015226731522508752,0.8505082060984739
BPIC13_incidents,auc,0.5,rare-first,B0_half,B0,0.05751499143986549,0.027067504055979796,0.5293834984869973
BPIC13_incidents,auc,0.5,rare-first,B0_half,B0+g,0.05751499143986549,0.015226731522508752,0.735256302029898
BPIC13_incidents,auc,0.5,rare-first,B0,B0+g,0.027067504055979796,0.015226731522508752,0.43745343157546
BPIC13_incidents,auc,0.75,rare-first,empty,B0_half,0.13831564039666433,0.08490742206990931,0.38613289266195694
BPIC13_incidents,auc,0.75,rare-first,empty,B0,0.13831564039666433,0.04146063085054563,0.700246257533537
BPIC13_incidents,auc,0.75,rare-first,empty,B0+g,0.13831564039666433,0.02427164160374795,0.8245199058172941
BPIC13_incidents,auc,0.75,rare-first,B0_half,B0,0.08490742206990931,0.04146063085054563,0.5116960350485187
BPIC13_incidents,auc,0.75,rare-first,B0_half,B0+g,0.08490742206990931,0.02427164160374795,0.7141399301492906
BPIC13_incidents,auc,0.75,rare-first,B0,B0+g,0.04146063085054563,0.02427164160374795,0.4145858105430026
BPIC13_incidents,auc,1.0,full,empty,B0_half,0.15686558646632254,0.1010200453552681,0.3560088759368768
BPIC13_incidents,auc,1.0,full,empty,B0,0.15686558646632254,0.044702427014768786,0.7150271896993421
BPIC13_incidents,auc,1.0,full,empty,B0+g,0.15686558646632254,0.027784583391845086,0.8228764892431639
BPIC13_incidents,auc,1.0,full,B0_half,B0,0.1010200453552681,0.044702427014768786,0.5574895372739248
BPIC13_incidents,auc,1.0,full,B0_half,B0+g,0.1010200453552681,0.027784583391845086,0.7249597018677625
BPIC13_incidents,auc,1.0,full,B0,B0+g,0.044702427014768786,0.027784583391845086,0.37845470039768503
BPIC13_incidents,brier_skill,0.5,random,empty,B0_half,0.04156416950372943,0.031207560459513117,0.24917156213808256
BPIC13_incidents,brier_skill,0.5,random,empty,B0,0.04156416950372943,0.012510159787523789,0.6990157643736563
BPIC13_incidents,brier_skill,0.5,random,empty,B0+g,0.04156416950372943,0.007865149326956367,0.8107709255143267
BPIC13_incidents,brier_skill,0.5,random,B0_half,B0,0.031207560459513117,0.012510159787523789,0.5991304798158207
BPIC13_incidents,brier_skill,0.5,random,B0_half,B0+g,0.031207560459513117,0.007865149326956367,0.7479729523504359
BPIC13_incidents,brier_skill,0.5,random,B0,B0+g,0.012510159787523789,0.007865149326956367,0.3712990512878842
BPIC13_incidents,brier_skill,0.5,rare-first,empty,B0_half,0.057475167855305265,0.04996107969318264,0.13073625432533698
BPIC13_incidents,brier_skill,0.5,rare-first,empty,B0,0.057475167855305265,0.02151636953121805,0.6256405969028941
BPIC13_incidents,brier_skill,0.5,rare-first,empty,B0+g,0.057475167855305265,0.012098186342490158,0.789505854546653
BPIC13_incidents,brier_skill,0.5,rare-first,B0_half,B0,0.04996107969318264,0.02151636953121805,0.5693373789487173
BPIC13_incidents,brier_skill,0.5,rare-first,B0_half,B0+g,0.04996107969318264,0.012098186342490158,0.7578477803765118
BPIC13_incidents,brier_skill,0.5,rare-first,B0,B0+g,0.02151636953121805,0.012098186342490158,0.4377217622639856
BPIC13_incidents,brier_skill,0.75,rare-first,empty,B0_half,0.06884969857121326,0.051713731627764825,0.24888949841551156
BPIC13_incidents,brier_skill,0.75,rare-first,empty,B0,0.06884969857121326,0.016573180597378334,0.759284630996079
BPIC13_incidents,brier_skill,0.75,rare-first,empty,B0+g,0.06884969857121326,0.01463893057592347,0.7873784362210098
BPIC13_incidents,brier_skill,0.75,rare-first,B0_half,B0,0.051713731627764825,0.016573180597378334,0.6795206983577978
BPIC13_incidents,brier_skill,0.75,rare-first,B0_half,B0+g,0.051713731627764825,0.01463893057592347,0.7169237238323001
BPIC13_incidents,brier_skill,0.75,rare-first,B0,B0+g,0.016573180597378334,0.01463893057592347,0.11670964484396185
BPIC13_incidents,brier_skill,1.0,full,empty,B0_half,0.07814273883397782,0.05452442415651393,0.302245800824097
BPIC13_incidents,brier_skill,1.0,full,empty,B0,0.07814273883397782,0.014442560808158977,0.8151771869828666
BPIC13_incidents,brier_skill,1.0,full,empty,B0+g,0.07814273883397782,0.012317990957385061,0.8423655077721823
BPIC13_incidents,brier_skill,1.0,full,B0_half,B0,0.05452442415651393,0.014442560808158977,0.7351175912156139
BPIC13_incidents,brier_skill,1.0,full,B0_half,B0+g,0.05452442415651393,0.012317990957385061,0.7740830618948691
BPIC13_incidents,brier_skill,1.0,full,B0,B0+g,0.014442560808158977,0.012317990957385061,0.14710478834014618
BPIC13_incidents,nagelkerke,0.25,rare-first,empty,B0_half,0.004383450381850241,0.0005728187110725508,0.8693224147250947
BPIC13_incidents,nagelkerke,0.25,rare-first,empty,B0,0.004383450381850241,-0.0013560652517561472,1.309360237627181
BPIC13_incidents,nagelkerke,0.25,rare-first,empty,B0+g,0.004383450381850241,-0.0014744198860277002,1.3363605738832047
BPIC13_incidents,nagelkerke,0.25,rare-first,B0_half,B0,0.0005728187110725508,-0.0013560652517561472,3.3673550209577456
BPIC13_incidents,nagelkerke,0.25,rare-first,B0_half,B0+g,0.0005728187110725508,-0.0014744198860277002,3.573972982249451
BPIC13_incidents,nagelkerke,0.5,random,empty,B0_half,0.05573822655260934,0.03713844497082177,0.33369884067322986
BPIC13_incidents,nagelkerke,0.5,random,empty,B0,0.05573822655260934,0.011504328257456606,0.7936007481939154
BPIC13_incidents,nagelkerke,0.5,random,empty,B0+g,0.05573822655260934,0.004864147811862257,0.9127322824440574
BPIC13_incidents,nagelkerke,0.5,random,B0_half,B0,0.03713844497082177,0.011504328257456606,0.6902312881841146
BPIC13_incidents,nagelkerke,0.5,random,B0_half,B0+g,0.03713844497082177,0.004864147811862257,0.8690266160663478
BPIC13_incidents,nagelkerke,0.5,random,B0,B0+g,0.011504328257456606,0.004864147811862257,0.5771897582364682
BPIC13_incidents,nagelkerke,0.5,rare-first,empty,B0_half,0.08176581364201277,0.06794417443095938,0.16903934047017888
BPIC13_incidents,nagelkerke,0.5,rare-first,empty,B0,0.08176581364201277,0.0285518039243617,0.6508100066200373
BPIC13_incidents,nagelkerke,0.5,rare-first,empty,B0+g,0.08176581364201277,0.016193441409807913,0.8019533997337069
BPIC13_incidents,nagelkerke,0.5,rare-first,B0_half,B0,0.06794417443095938,0.0285518039243617,0.5797755412662455
BPIC13_incidents,nagelkerke,0.5,rare-first,B0_half,B0+g,0.06794417443095938,0.016193441409807913,0.7616654916270611
BPIC13_incidents,nagelkerke,0.5,rare-first,B0,B0+g,0.0285518039243617,0.016193441409807913,0.43283998963053505
BPIC13_incidents,nagelkerke,0.75,rare-first,empty,B0_half,0.09587128354597034,0.06689614162569726,0.3022296233926969
BPIC13_incidents,nagelkerke,0.75,rare-first,empty,B0,0.09587128354597034,0.0206957567385226,0.7841297626040548
BPIC13_incidents,nagelkerke,0.75,rare-first,empty,B0+g,0.09587128354597034,0.015803259810452275,0.8351616957034418
BPIC13_incidents,nagelkerke,0.75,rare-first,B0_half,B0,0.06689614162569726,0.0206957567385226,0.6906285439551778
BPIC13_incidents,nagelkerke,0.75,rare-first,B0_half,B0+g,0.06689614162569726,0.015803259810452275,0.7637642556595272
BPIC13_incidents,nagelkerke,0.75,rare-first,B0,B0+g,0.0206957567385226,0.015803259810452275,0.2364009680768785
BPIC13_incidents,nagelkerke,1.0,full,empty,B0_half,0.10335339085640277,0.06654698767731021,0.35612187344903545
BPIC13_incidents,nagelkerke,1.0,full,empty,B0,0.10335339085640277,0.01676256297509761,0.8378131299205539
BPIC13_incidents,nagelkerke,1.0,full,empty,B0+g,0.10335339085640277,0.011214071843867301,0.8914977849207878
BPIC13_incidents,nagelkerke,1.0,full,B0_half,B0,0.06654698767731021,0.01676256297509761,0.7481093651243818
BPIC13_incidents,nagelkerke,1.0,full,B0_half,B0+g,0.06654698767731021,0.011214071843867301,0.8314864092985709
BPIC13_incidents,nagelkerke,1.0,full,B0,B0+g,0.01676256297509761,0.011214071843867301,0.33100493877178094
BPIC13_incidents,nb_0.050,0.25,rare-first,B0,B0+g,2.3216400065015352e-05,0.0,1.0
BPIC13_incidents,nb_0.050,0.5,rare-first,B0,B0+g,2.3216400065015352e-05,0.0,1.0
BPIC13_incidents,nb_0.050,1.0,full,B0,B0+g,2.3216400065015352e-05,-0.00013929840039002273,6.999999999997011
BPIC13_incidents,nb_0.075,0.25,rare-first,B0,B0+g,3.576580550554431e-05,3.576580550555819e-05,-3.879119248040297e-13
BPIC13_incidents,nb_0.075,0.5,random,B0,B0+g,7.15316110111025e-05,-0.00022651676820181765,4.16666666666657
BPIC13_incidents,nb_0.075,0.5,rare-first,B0,B0+g,3.576580550554431e-05,0.0003218922495499543,-8.000000000001553
BPIC13_incidents,nb_0.100,0.25,rare-first,empty,B0_half,0.0022055580061755564,0.001911483605352142,0.13333333333333652
BPIC13_incidents,nb_0.100,0.25,rare-first,empty,B0,0.0022055580061755564,0.0015193844042542676,0.3111111111111132
BPIC13_incidents,nb_0.100,0.25,rare-first,empty,B0+g,0.0022055580061755564,0.0015193844042542745,0.3111111111111101
BPIC13_incidents,nb_0.100,0.25,rare-first,B0_half,B0,0.001911483605352142,0.0015193844042542676,0.20512820512820462
BPIC13_incidents,nb_0.100,0.25,rare-first,B0_half,B0+g,0.001911483605352142,0.0015193844042542745,0.20512820512820107
BPIC13_incidents,nb_0.100,0.25,rare-first,B0,B0+g,0.0015193844042542676,0.0015193844042542745,-4.6629367034256575e-15
BPIC13_incidents,nb_0.100,0.5,random,B0_half,B0,0.0003920992010978744,0.00014703720041169682,0.6250000000000155
BPIC13_incidents,nb_0.100,0.5,random,B0_half,B0+g,0.0003920992010978744,-0.0003430868009606444,1.875000000000011
BPIC13_incidents,nb_0.100,0.5,random,B0,B0+g,0.00014703720041169682,-0.0003430868009606444,3.333333333333459
BPIC13_incidents,nb_0.100,0.5,rare-first,B0_half,B0,0.001911483605352142,0.0015193844042542676,0.20512820512820462
BPIC13_incidents,nb_0.100,0.5,rare-first,B0_half,B0+g,0.001911483605352142,0.002401607606724511,-0.2564102564102695
BPIC13_incidents,nb_0.100,0.5,rare-first,B0,B0+g,0.0015193844042542676,0.002401607606724511,-0.580645161290338
BPIC13_incidents,nb_0.100,0.75,rare-first,empty,B0_half,0.0003920992010978744,0.0014703720041170307,-2.7500000000000044
BPIC13_incidents,nb_0.100,0.75,rare-first,empty,B0,0.0003920992010978744,0.0015683968043915045,-3.0000000000000178
BPIC13_incidents,nb_0.100,0.75,rare-first,empty,B0+g,0.0003920992010978744,0.0026956820075479046,-5.875000000000046
BPIC13_incidents,nb_0.100,0.75,rare-first,B0_half,B0,0.0014703720041170307,0.0015683968043915045,-0.0666666666666702
BPIC13_incidents,nb_0.100,0.75,rare-first,B0_half,B0+g,0.0014703720041170307,0.0026956820075479046,-0.8333333333333435
BPIC13_incidents,nb_0.100,0.75,rare-first,B0,B0+g,0.0015683968043915045,0.0026956820075479046,-0.718750000000004
BPIC13_incidents,nb_0.100,1.0,full,B0_half,B0,0.0011762976032936232,0.0014703720041170307,-0.25000000000000155
BPIC13_incidents,nb_0.100,1.0,full,B0_half,B0+g,0.0011762976032936232,0.0021565456060383195,-0.8333333333333421
BPIC13_incidents,nb_0.100,1.0,full,B0,B0+g,0.0014703720041170307,0.0021565456060383195,-0.4666666666666721
BPIC13_incidents,nb_0.125,0.25,rare-first,empty,B0_half,0.003087781208645786,0.00270968555044427,0.12244897959183387
BPIC13_incidents,nb_0.125,0.25,rare-first,empty,B0,0.003087781208645786,0.002331589892242733,0.24489795918367452
BPIC13_incidents,nb_0.125,0.25,rare-first,empty,B0+g,0.003087781208645786,0.002331589892242733,0.24489795918367452
BPIC13_incidents,nb_0.125,0.25,rare-first,B0_half,B0,0.00270968555044427,0.002331589892242733,0.13953488372093426
BPIC13_incidents,nb_0.125,0.25,rare-first,B0_half,B0+g,0.00270968555044427,0.002331589892242733,0.13953488372093426
BPIC13_incidents,nb_0.125,0.25,rare-first,B0,B0+g,0.002331589892242733,0.002331589892242733,0.0
BPIC13_incidents,nb_0.125,0.5,random,empty,B0_half,0.001386350746738936,0.0007561913164030529,0.4545454545454568
BPIC13_incidents,nb_0.125,0.5,random,empty,B0,0.001386350746738936,0.0006301594303358832,0.5454545454545432
BPIC13_incidents,nb_0.125,0.5,random,empty,B0+g,0.001386350746738936,0.001764446404940452,-0.27272727272726405
BPIC13_incidents,nb_0.125,0.5,random,B0_half,B0,0.0007561913164030529,0.0006301594303358832,0.16666666666665897
BPIC13_incidents,nb_0.125,0.5,random,B0_half,B0+g,0.0007561913164030529,0.001764446404940452,-1.3333333333333273
BPIC13_incidents,nb_0.125,0.5,random,B0,B0+g,0.0006301594303358832,0.001764446404940452,-1.799999999999967
BPIC13_incidents,nb_0.125,0.5,rare-first,empty,B0_half,0.003087781208645786,0.00270968555044427,0.12244897959183387
BPIC13_incidents,nb_0.125,0.5,rare-first,empty,B0,0.003087781208645786,0.002142542063141961,0.30612244897959595
BPIC13_incidents,nb_0.125,0.5,rare-first,empty,B0+g,0.003087781208645786,0.004726195727519054,-0.5306122448979573
BPIC13_incidents,nb_0.125,0.5,rare-first,B0_half,B0,0.00270968555044427,0.002142542063141961,0.2093023255814026
BPIC13_incidents,nb_0.125,0.5,rare-first,B0_half,B0+g,0.00270968555044427,0.004726195727519054,-0.7441860465116201
BPIC13_incidents,nb_0.125,0.5,rare-first,B0,B0+g,0.002142542063141961,0.004726195727519054,-1.2058823529411868
BPIC13_incidents,nb_0.125,0.75,rare-first,empty,B0_half,0.003843972525048839,0.0030247652656122115,0.2131147540983579
BPIC13_incidents,nb_0.125,0.75,rare-first,empty,B0,0.003843972525048839,0.001953494234041217,0.4918032786885236
BPIC13_incidents,nb_0.125,0.75,rare-first,empty,B0+g,0.003843972525048839,0.005671434873022865,-0.47540983606557075
BPIC13_incidents,nb_0.125,0.75,rare-first,B0_half,B0,0.0030247652656122115,0.001953494234041217,0.35416666666666763
BPIC13_incidents,nb_0.125,0.75,rare-first,B0_half,B0+g,0.0030247652656122115,0.005671434873022865,-0.8749999999999898
BPIC13_incidents,nb_0.125,0.75,rare-first,B0,B0+g,0.001953494234041217,0.005671434873022865,-1.903225806451601
BPIC13_incidents,nb_0.125,1.0,full,empty,B0_half,0.003843972525048839,0.003087781208645786,0.1967213114754105
BPIC13_incidents,nb_0.125,1.0,full,empty,B0,0.003843972525048839,0.002520637721343505,0.34426229508196615
BPIC13_incidents,nb_0.125,1.0,full,empty,B0+g,0.003843972525048839,0.005482387043922107,-0.42622950819671956
BPIC13_incidents,nb_0.125,1.0,full,B0_half,B0,0.003087781208645786,0.002520637721343505,0.18367346938775309
BPIC13_incidents,nb_0.125,1.0,full,B0_half,B0+g,0.003087781208645786,0.005482387043922107,-0.775510204081632
BPIC13_incidents,nb_0.125,1.0,full,B0,B0+g,0.002520637721343505,0.005482387043922107,-1.1749999999999936
BPIC13_incidents,nb_0.150,0.25,rare-first,empty,B0_half,0.004021899893614263,0.0035548405511300254,0.1161290322580647
BPIC13_incidents,nb_0.150,0.25,rare-first,empty,B0,0.004021899893614263,0.003009937984898411,0.25161290322580776
BPIC13_incidents,nb_0.150,0.25,rare-first,empty,B0+g,0.004021899893614263,0.0027504605724071787,0.3161290322580632
BPIC13_incidents,nb_0.150,0.25,rare-first,B0_half,B0,0.0035548405511300254,0.003009937984898411,0.15328467153284808
BPIC13_incidents,nb_0.150,0.25,rare-first,B0_half,B0+g,0.0035548405511300254,0.0027504605724071787,0.22627737226277211
BPIC13_incidents,nb_0.150,0.25,rare-first,B0,B0+g,0.003009937984898411,0.0027504605724071787,0.08620689655172076
BPIC13_incidents,nb_0.150,0.5,random,empty,B0_half,0.0018163418874387015,0.0012714393212070853,0.30000000000000315
BPIC13_incidents,nb_0.150,0.5,random,empty,B0,0.0018163418874387015,0.0021277147824281858,-0.17142857142856727
BPIC13_incidents,nb_0.150,0.5,random,empty,B0+g,0.0018163418874387015,0.002516930901165072,-0.38571428571429345
BPIC13_incidents,nb_0.150,0.5,random,B0_half,B0,0.0012714393212070853,0.0021277147824281858,-0.6734693877551037
BPIC13_incidents,nb_0.150,0.5,random,B0_half,B0+g,0.0012714393212070853,0.002516930901165072,-0.9795918367347138
BPIC13_incidents,nb_0.150,0.5,random,B0,B0+g,0.0021277147824281858,0.002516930901165072,-0.1829268292683035
BPIC13_incidents,nb_0.150,0.5,rare-first,empty,B0_half,0.004021899893614263,0.003632683774877403,0.09677419354838612
BPIC13_incidents,nb_0.150,0.5,rare-first,empty,B0,0.004021899893614263,0.003944056669866886,0.019354838709678357
BPIC13_incidents,nb_0.150,0.5,rare-first,empty,B0+g,0.004021899893614263,0.004852227613586238,-0.20645161290322522
BPIC13_incidents,nb_0.150,0.5,rare-first,B0_half,B0,0.003632683774877403,0.003944056669866886,-0.08571428571428341
BPIC13_incidents,nb_0.150,0.5,rare-first,B0_half,B0+g,0.003632683774877403,0.004852227613586238,-0.33571428571428363
BPIC13_incidents,nb_0.150,0.5,rare-first,B0,B0+g,0.003944056669866886,0.004852227613586238,-0.2302631578947376
BPIC13_incidents,nb_0.150,0.75,rare-first,empty,B0_half,0.0061236669347933224,0.005267391473572225,0.1398305084745759
BPIC13_incidents,nb_0.150,0.75,rare-first,empty,B0,0.0061236669347933224,0.004981966319831866,0.18644067796609998
BPIC13_incidents,nb_0.150,0.75,rare-first,empty,B0+g,0.0061236669347933224,0.006979942396014422,-0.13983050847457612
BPIC13_incidents,nb_0.150,0.75,rare-first,B0_half,B0,0.005267391473572225,0.004981966319831866,0.05418719211822509
BPIC13_incidents,nb_0.150,0.75,rare-first,B0_half,B0+g,0.005267391473572225,0.006979942396014422,-0.325123152709359
BPIC13_incidents,nb_0.150,0.75,rare-first,B0,B0+g,0.004981966319831866,0.006979942396014422,-0.40104166666666363
BPIC13_incidents,nb_0.150,1.0,full,empty,B0_half,0.0061236669347933224,0.0050598095435792426,0.17372881355931968
BPIC13_incidents,nb_0.150,1.0,full,empty,B0,0.0061236669347933224,0.004385168271101999,0.28389830508474556
BPIC13_incidents,nb_0.150,1.0,full,empty,B0+g,0.0061236669347933224,0.008692493318456646,-0.4194915254237326
BPIC13_incidents,nb_0.150,1.0,full,B0_half,B0,0.0050598095435792426,0.004385168271101999,0.13333333333333552
BPIC13_incidents,nb_0.150,1.0,full,B0_half,B0+g,0.0050598095435792426,0.008692493318456646,-0.7179487179487176
BPIC13_incidents,nb_0.150,1.0,full,B0,B0+g,0.004385168271101999,0.008692493318456646,-0.9822485207100635
BPIC13_incidents,nb_0.175,0.25,rare-first,empty,B0_half,0.005012631832217191,0.004544786194543588,0.09333333333333305
BPIC13_incidents,nb_0.175,0.25,rare-first,empty,B0,0.005012631832217191,0.004705190413174517,0.06133333333333724
BPIC13_incidents,nb_0.175,0.25,rare-first,empty,B0+g,0.005012631832217191,0.003381855609469204,0.32533333333333225
BPIC13_incidents,nb_0.175,0.25,rare-first,B0_half,B0,0.004544786194543588,0.004705190413174517,-0.035294117647054035
BPIC13_incidents,nb_0.175,0.25,rare-first,B0_half,B0+g,0.004544786194543588,0.003381855609469204,0.25588235294117545
BPIC13_incidents,nb_0.175,0.25,rare-first,B0,B0+g,0.004705190413174517,0.003381855609469204,0.2812499999999958
BPIC13_incidents,nb_0.175,0.5,random,empty,B0_half,0.003421956664126931,0.003381855609469204,0.011718749999996891
BPIC13_incidents,nb_0.175,0.5,random,empty,B0,0.003421956664126931,0.003208084372618991,0.06250000000000189
BPIC13_incidents,nb_0.175,0.5,random,empty,B0+g,0.003421956664126931,0.00477202550427076,-0.3945312500000002
BPIC13_incidents,nb_0.175,0.5,random,B0_half,B0,0.003381855609469204,0.003208084372618991,0.05138339920949109
BPIC13_incidents,nb_0.175,0.5,random,B0_half,B0+g,0.003381855609469204,0.00477202550427076,-0.4110671936758852
BPIC13_incidents,nb_0.175,0.5,random,B0,B0+g,0.003208084372618991,0.00477202550427076,-0.48750000000000315
BPIC13_incidents,nb_0.175,0.5,rare-first,empty,B0_half,0.006897381401130845,0.006803812273596135,0.013565891472866687
BPIC13_incidents,nb_0.175,0.5,rare-first,empty,B0,0.006897381401130845,0.007712769512504852,-0.11821705426356766
BPIC13_incidents,nb_0.175,0.5,rare-first,empty,B0+g,0.006897381401130845,0.008875700097579235,-0.28682170542635776
BPIC13_incidents,nb_0.175,0.5,rare-first,B0_half,B0,0.006803812273596135,0.007712769512504852,-0.13359528487229855
BPIC13_incidents,nb_0.175,0.5,rare-first,B0_half,B0+g,0.006803812273596135,0.008875700097579235,-0.30451866404715044
BPIC13_incidents,nb_0.175,0.5,rare-first,B0,B0+g,0.007712769512504852,0.008875700097579235,-0.150779896013864
BPIC13_incidents,nb_0.175,0.75,rare-first,empty,B0_half,0.011709507960059356,0.01073371563005442,0.08333333333333248
BPIC13_incidents,nb_0.175,0.75,rare-first,empty,B0,0.011709507960059356,0.01285907152691448,-0.09817351598173363
BPIC13_incidents,nb_0.175,0.75,rare-first,empty,B0+g,0.011709507960059356,0.0141155712395236,-0.2054794520547938
BPIC13_incidents,nb_0.175,0.75,rare-first,B0_half,B0,0.01073371563005442,0.01285907152691448,-0.19800747198007196
BPIC13_incidents,nb_0.175,0.75,rare-first,B0_half,B0+g,0.01073371563005442,0.0141155712395236,-0.31506849315068286
BPIC13_incidents,nb_0.175,0.75,rare-first,B0,B0+g,0.01285907152691448,0.0141155712395236,-0.09771309771309866
BPIC13_incidents,nb_0.175,1.0,full,empty,B0_half,0.010332705083477034,0.010827284757589132,-0.04786545924967678
BPIC13_incidents,nb_0.175,1.0,full,empty,B0,0.010332705083477034,0.012471427998556354,-0.20698576972832994
BPIC13_incidents,nb_0.175,1.0,full,empty,B0+g,0.010332705083477034,0.014022002111988889,-0.3570504527813716
BPIC13_incidents,nb_0.175,1.0,full,B0_half,B0,0.010827284757589132,0.012471427998556354,-0.15185185185185035
BPIC13_incidents,nb_0.175,1.0,full,B0_half,B0+g,0.010827284757589132,0.014022002111988889,-0.29506172839506184
BPIC13_incidents,nb_0.175,1.0,full,B0,B0+g,0.012471427998556354,0.014022002111988889,-0.1243301178992513
BPIC13_incidents,nb_0.200,0.25,rare-first,empty,B0_half,0.006065284516982801,0.005513895015438912,0.0909090909090906
BPIC13_incidents,nb_0.200,0.25,rare-first,empty,B0,0.006065284516982801,0.005844728716365238,0.036363636363637375
BPIC13_incidents,nb_0.200,0.25,rare-first,empty,B0+g,0.006065284516982801,0.005513895015438905,0.09090909090909172
BPIC13_incidents,nb_0.200,0.25,rare-first,B0_half,B0,0.005513895015438912,0.005844728716365238,-0.0599999999999985
BPIC13_incidents,nb_0.200,0.25,rare-first,B0_half,B0+g,0.005513895015438912,0.005513895015438905,1.2212453270876722e-15
BPIC13_incidents,nb_0.200,0.25,rare-first,B0,B0+g,0.005844728716365238,0.005513895015438905,0.05660377358490554
BPIC13_incidents,nb_0.200,0.5,random,empty,B0_half,0.004190560211733571,0.0051830613145125715,-0.23684210526315708
BPIC13_incidents,nb_0.200,0.5,random,empty,B0,0.004190560211733571,0.004962505513895016,-0.18421052631578894
BPIC13_incidents,nb_0.200,0.5,random,empty,B0+g,0.004190560211733571,0.008822232024702246,-1.105263157894735
BPIC13_incidents,nb_0.200,0.5,random,B0_half,B0,0.0051830613145125715,0.004962505513895016,0.04255319148936154
BPIC13_incidents,nb_0.200,0.5,random,B0_half,B0+g,0.0051830613145125715,0.008822232024702246,-0.7021276595744674
BPIC13_incidents,nb_0.200,0.5,random,B0,B0+g,0.004962505513895016,0.008822232024702246,-0.777777777777777
BPIC13_incidents,nb_0.200,0.5,rare-first,empty,B0_half,0.008601676224084698,0.00849139832377592,0.012820512820512775
BPIC13_incidents,nb_0.200,0.5,rare-first,empty,B0,0.008601676224084698,0.007719453021614468,0.10256410256410309
BPIC13_incidents,nb_0.200,0.5,rare-first,empty,B0+g,0.008601676224084698,0.01202029113365681,-0.39743589743589625
BPIC13_incidents,nb_0.200,0.5,rare-first,B0_half,B0,0.00849139832377592,0.007719453021614468,0.09090909090909138
BPIC13_incidents,nb_0.200,0.5,rare-first,B0_half,B0+g,0.00849139832377592,0.01202029113365681,-0.41558441558441417
BPIC13_incidents,nb_0.200,0.5,rare-first,B0,B0+g,0.007719453021614468,0.01202029113365681,-0.5571428571428565
BPIC13_incidents,nb_0.200,0.75,rare-first,empty,B0_half,0.015328628142920159,0.0156594618438465,-0.02158273381294995
BPIC13_incidents,nb_0.200,0.75,rare-first,empty,B0,0.015328628142920159,0.014336127040141158,0.06474820143884874
BPIC13_incidents,nb_0.200,0.75,rare-first,empty,B0+g,0.015328628142920159,0.021835024261138068,-0.4244604316546763
BPIC13_incidents,nb_0.200,0.75,rare-first,B0_half,B0,0.0156594618438465,0.014336127040141158,0.08450704225352135
BPIC13_incidents,nb_0.200,0.75,rare-first,B0_half,B0+g,0.0156594618438465,0.021835024261138068,-0.39436619718309807
BPIC13_incidents,nb_0.200,0.75,rare-first,B0,B0+g,0.014336127040141158,0.021835024261138068,-0.5230769230769228
BPIC13_incidents,nb_0.200,1.0,full,empty,B0_half,0.014887516541685047,0.014997794441993825,-0.007407407407407307
BPIC13_incidents,nb_0.200,1.0,full,empty,B0,0.014887516541685047,0.015218350242611381,-0.022222222222222143
BPIC13_incidents,nb_0.200,1.0,full,empty,B0+g,0.014887516541685047,0.02161446846052051,-0.4518518518518515
BPIC13_incidents,nb_0.200,1.0,full,B0_half,B0,0.014997794441993825,0.015218350242611381,-0.014705882352941124
BPIC13_incidents,nb_0.200,1.0,full,B0_half,B0+g,0.014997794441993825,0.02161446846052051,-0.44117647058823506
BPIC13_incidents,nb_0.200,1.0,full,B0,B0+g,0.015218350242611381,0.02161446846052051,-0.42028985507246364
BPIC13_incidents,nb_0.225,0.25,rare-first,empty,B0_half,0.0071858502781848715,0.0065455269860694165,0.08910891089108508
BPIC13_incidents,nb_0.225,0.25,rare-first,empty,B0,0.0071858502781848715,0.0002276705038632698,0.9683168316831702
BPIC13_incidents,nb_0.225,0.25,rare-first,empty,B0+g,0.0071858502781848715,0.0017075287789746346,0.7623762376237607
BPIC13_incidents,nb_0.225,0.25,rare-first,B0_half,B0,0.0065455269860694165,0.0002276705038632698,0.96521739130435
BPIC13_incidents,nb_0.225,0.25,rare-first,B0_half,B0+g,0.0065455269860694165,0.0017075287789746346,0.739130434782608
BPIC13_incidents,nb_0.225,0.25,rare-first,B0,B0+g,0.0002276705038632698,0.0017075287789746346,-6.500000000000488
BPIC13_incidents,nb_0.225,0.5,random,empty,B0_half,0.008580332114347528,0.010373237332270857,-0.20895522388059296
BPIC13_incidents,nb_0.225,0.5,random,empty,B0,0.008580332114347528,0.008238826358552581,0.039800995024877994
BPIC13_incidents,nb_0.225,0.5,random,empty,B0+g,0.008580332114347528,0.004709933548671691,0.45107794361525744
BPIC13_incidents,nb_0.225,0.5,random,B0_half,B0,0.010373237332270857,0.008238826358552581,0.20576131687242727
BPIC13_incidents,nb_0.225,0.5,random,B0_half,B0+g,0.010373237332270857,0.004709933548671691,0.5459533607681744
BPIC13_incidents,nb_0.225,0.5,random,B0,B0+g,0.008238826358552581,0.004709933548671691,0.4283246977547486
BPIC13_incidents,nb_0.225,0.5,rare-first,empty,B0_half,0.018498228438891803,0.02239708581755054,-0.21076923076923082
BPIC13_incidents,nb_0.225,0.5,rare-first,empty,B0,0.018498228438891803,0.01727449948062667,0.06615384615384534
BPIC13_incidents,nb_0.225,0.5,rare-first,empty,B0+g,0.018498228438891803,0.012265748395634421,0.33692307692307644
BPIC13_incidents,nb_0.225,0.5,rare-first,B0_half,B0,0.02239708581755054,0.01727449948062667,0.2287166454891988
BPIC13_incidents,nb_0.225,0.5,rare-first,B0_half,B0+g,0.02239708581755054,0.012265748395634421,0.4523506988564163
BPIC13_incidents,nb_0.225,0.5,rare-first,B0,B0+g,0.01727449948062667,0.012265748395634421,0.28995057660626034
BPIC13_incidents,nb_0.225,0.75,rare-first,empty,B0_half,0.028672254080282303,0.03437824608335586,-0.19900744416873462
BPIC13_incidents,nb_0.225,0.75,rare-first,empty,B0,0.028672254080282303,0.02468802026267486,0.13895781637717042
BPIC13_incidents,nb_0.225,0.75,rare-first,empty,B0+g,0.028672254080282303,0.01895356944661837,0.3389578163771714
BPIC13_incidents,nb_0.225,0.75,rare-first,B0_half,B0,0.03437824608335586,0.02468802026267486,0.28187086092715175
BPIC13_incidents,nb_0.225,0.75,rare-first,B0_half,B0+g,0.03437824608335586,0.01895356944661837,0.44867549668874196
BPIC13_incidents,nb_0.225,0.75,rare-first,B0,B0+g,0.02468802026267486,0.01895356944661837,0.2322766570605197
BPIC13_incidents,nb_0.225,1.0,full,empty,B0_half,0.028103077820624087,0.036014627829873205,-0.2815189873417725
BPIC13_incidents,nb_0.225,1.0,full,empty,B0,0.028103077820624087,0.02623902557024347,0.06632911392404994
BPIC13_incidents,nb_0.225,1.0,full,empty,B0+g,0.028103077820624087,0.019451598673819306,0.30784810126582274
BPIC13_incidents,nb_0.225,1.0,full,B0_half,B0,0.036014627829873205,0.02623902557024347,0.2714342157250096
BPIC13_incidents,nb_0.225,1.0,full,B0_half,B0+g,0.036014627829873205,0.019451598673819306,0.45989727380482026
BPIC13_incidents,nb_0.225,1.0,full,B0,B0+g,0.02623902557024347,0.019451598673819306,0.2586767895878529
BPIC13_incidents,nb_0.250,0.25,rare-first,empty,B0_half,0.008381120423467128,0.007645934421408568,0.08771929824561886
BPIC13_incidents,nb_0.250,0.25,rare-first,empty,B0,0.008381120423467128,-0.0005881488016468428,1.0701754385964943
BPIC13_incidents,nb_0.250,0.25,rare-first,empty,B0+g,0.008381120423467128,0.000588148801646815,0.9298245614035089
BPIC13_incidents,nb_0.250,0.25,rare-first,B0_half,B0,0.007645934421408568,-0.0005881488016468428,1.0769230769230809
BPIC13_incidents,nb_0.250,0.25,rare-first,B0_half,B0+g,0.007645934421408568,0.000588148801646815,0.9230769230769228
BPIC13_incidents,nb_0.250,0.5,random,empty,B0_half,0.020732245258050272,0.02205558006175562,-0.0638297872340432
BPIC13_incidents,nb_0.250,0.5,random,empty,B0,0.020732245258050272,0.014556682840758714,0.29787234042553135
BPIC13_incidents,nb_0.250,0.5,random,empty,B0+g,0.020732245258050272,0.012939273636229959,0.3758865248226949
BPIC13_incidents,nb_0.250,0.5,random,B0_half,B0,0.02205558006175562,0.014556682840758714,0.33999999999999975
BPIC13_incidents,nb_0.250,0.5,random,B0_half,B0+g,0.02205558006175562,0.012939273636229959,0.41333333333333355
BPIC13_incidents,nb_0.250,0.5,random,B0,B0+g,0.014556682840758714,0.012939273636229959,0.11111111111111172
BPIC13_incidents,nb_0.250,0.5,rare-first,empty,B0_half,0.028525216879870585,0.026760770474930126,0.06185567010309312
BPIC13_incidents,nb_0.250,0.5,rare-first,empty,B0,0.028525216879870585,0.019702984855168332,0.30927835051546426
BPIC13_incidents,nb_0.250,0.5,rare-first,empty,B0+g,0.028525216879870585,0.01632112924569916,0.42783505154639145
BPIC13_incidents,nb_0.250,0.5,rare-first,B0_half,B0,0.026760770474930126,0.019702984855168332,0.2637362637362638
BPIC13_incidents,nb_0.250,0.5,rare-first,B0_half,B0+g,0.026760770474930126,0.01632112924569916,0.3901098901098895
BPIC13_incidents,nb_0.250,0.5,rare-first,B0,B0+g,0.019702984855168332,0.01632112924569916,0.17164179104477517
BPIC13_incidents,nb_0.250,0.75,rare-first,empty,B0_half,0.044258197323922915,0.04455227172474635,-0.006644518272425959
BPIC13_incidents,nb_0.250,0.75,rare-first,empty,B0,0.044258197323922915,0.03058373768563445,0.3089700996677738
BPIC13_incidents,nb_0.250,0.75,rare-first,empty,B0+g,0.044258197323922915,0.025584472871636524,0.42192691029900287
BPIC13_incidents,nb_0.250,0.75,rare-first,B0_half,B0,0.04455227172474635,0.03058373768563445,0.31353135313531366
BPIC13_incidents,nb_0.250,0.75,rare-first,B0_half,B0+g,0.04455227172474635,0.025584472871636524,0.42574257425742557
BPIC13_incidents,nb_0.250,0.75,rare-first,B0,B0+g,0.03058373768563445,0.025584472871636524,0.1634615384615381
BPIC13_incidents,nb_0.250,1.0,full,empty,B0_half,0.04337597412145268,0.047198941332157004,-0.08813559322033959
BPIC13_incidents,nb_0.250,1.0,full,empty,B0,0.04337597412145268,0.03440670489633876,0.20677966101694856
BPIC13_incidents,nb_0.250,1.0,full,empty,B0+g,0.04337597412145268,0.027495956476988673,0.3661016949152537
BPIC13_incidents,nb_0.250,1.0,full,B0_half,B0,0.047198941332157004,0.03440670489633876,0.27102803738317727
BPIC13_incidents,nb_0.250,1.0,full,B0_half,B0+g,0.047198941332157004,0.027495956476988673,0.4174454828660433
BPIC13_incidents,nb_0.250,1.0,full,B0,B0+g,0.03440670489633876,0.027495956476988673,0.2008547008547008
BPIC13_incidents,nb_0.275,0.25,rare-first,empty,B0_half,0.009658822992561988,0.008822232024702253,0.08661417322835008
BPIC13_incidents,nb_0.275,0.25,rare-first,empty,B0,0.009658822992561988,-0.0010039091614316153,1.1039370078740132
BPIC13_incidents,nb_0.275,0.25,rare-first,empty,B0+g,0.009658822992561988,-0.0007757479883790108,1.080314960629923
BPIC13_incidents,nb_0.275,0.25,rare-first,B0_half,B0,0.008822232024702253,-0.0010039091614316153,1.1137931034482735
BPIC13_incidents,nb_0.275,0.25,rare-first,B0_half,B0+g,0.008822232024702253,-0.0007757479883790108,1.0879310344827609
BPIC13_incidents,nb_0.275,0.5,random,empty,B0_half,0.02413945210896981,0.026618803522808487,-0.10270951480781099
BPIC13_incidents,nb_0.275,0.5,random,empty,B0,0.02413945210896981,0.021736154419481957,0.09955891619407675
BPIC13_incidents,nb_0.275,0.5,random,empty,B0+g,0.02413945210896981,0.015606224236800872,0.3534971644612487
BPIC13_incidents,nb_0.275,0.5,random,B0_half,B0,0.026618803522808487,0.021736154419481957,0.1834285714285694
BPIC13_incidents,nb_0.275,0.5,random,B0_half,B0+g,0.026618803522808487,0.015606224236800872,0.41371428571428526
BPIC13_incidents,nb_0.275,0.5,random,B0,B0+g,0.021736154419481957,0.015606224236800872,0.28201539538138687
BPIC13_incidents,nb_0.275,0.5,rare-first,empty,B0_half,0.03411770074380546,0.03644494470894241,-0.06821221578243342
BPIC13_incidents,nb_0.275,0.5,rare-first,empty,B0,0.03411770074380546,0.028170299499566495,0.17432010699955502
BPIC13_incidents,nb_0.275,0.5,rare-first,empty,B0+g,0.03411770074380546,0.014343732412576221,0.5795809184128411
BPIC13_incidents,nb_0.275,0.5,rare-first,B0_half,B0,0.03644494470894241,0.028170299499566495,0.227045075125209
BPIC13_incidents,nb_0.275,0.5,rare-first,B0_half,B0+g,0.03644494470894241,0.014343732412576221,0.6064273789649424
BPIC13_incidents,nb_0.275,0.5,rare-first,B0,B0+g,0.028170299499566495,0.014343732412576221,0.4908207343412535
BPIC13_incidents,nb_0.275,0.75,rare-first,empty,B0_half,0.053967722799385526,0.05049967296898529,0.06426155580608861
BPIC13_incidents,nb_0.275,0.75,rare-first,empty,B0,0.053967722799385526,0.04534323045799557,0.15980834272829747
BPIC13_incidents,nb_0.275,0.75,rare-first,empty,B0+g,0.053967722799385526,0.029356737599440227,0.4560315670800458
BPIC13_incidents,nb_0.275,0.75,rare-first,B0_half,B0,0.05049967296898529,0.04534323045799557,0.10210843373493894
BPIC13_incidents,nb_0.275,0.75,rare-first,B0_half,B0+g,0.05049967296898529,0.029356737599440227,0.41867469879518104
BPIC13_incidents,nb_0.275,0.75,rare-first,B0,B0+g,0.04534323045799557,0.029356737599440227,0.35256625293525756
BPIC13_incidents,nb_0.275,1.0,full,empty,B0_half,0.05600596261198916,0.05693381804906987,-0.016567083107006164
BPIC13_incidents,nb_0.275,1.0,full,empty,B0,0.05600596261198916,0.04725978431163777,0.1561651276480176
BPIC13_incidents,nb_0.275,1.0,full,empty,B0+g,0.05600596261198916,0.0298282706904157,0.4674090168386753
BPIC13_incidents,nb_0.275,1.0,full,B0_half,B0,0.05693381804906987,0.04725978431163777,0.16991717873363577
BPIC13_incidents,nb_0.275,1.0,full,B0_half,B0+g,0.05693381804906987,0.0298282706904157,0.47608869890462213
BPIC13_incidents,nb_0.275,1.0,full,B0,B0+g,0.04725978431163777,0.0298282706904157,0.36884454457676275
BPIC13_incidents,nb_0.300,0.25,rare-first,empty,B0_half,0.01102779003087781,0.012351124834583144,-0.11999999999999966
BPIC13_incidents,nb_0.300,0.25,rare-first,empty,B0,0.01102779003087781,-0.003717940638981676,1.3371428571428585
BPIC13_incidents,nb_0.300,0.25,rare-first,empty,B0+g,0.01102779003087781,-0.00018904782910075801,1.0171428571428567
BPIC13_incidents,nb_0.300,0.25,rare-first,B0_half,B0,0.012351124834583144,-0.003717940638981676,1.3010204081632666
BPIC13_incidents,nb_0.300,0.25,rare-first,B0_half,B0+g,0.012351124834583144,-0.00018904782910075801,1.0153061224489792
BPIC13_incidents,nb_0.300,0.5,random,empty,B0_half,0.028546222194215154,0.03604511941521202,-0.26269315673289007
BPIC13_incidents,nb_0.300,0.5,random,empty,B0,0.028546222194215154,0.02879828596634945,-0.008830022075053456
BPIC13_incidents,nb_0.300,0.5,random,empty,B0+g,0.028546222194215154,0.010460646543575508,0.6335540838852105
BPIC13_incidents,nb_0.300,0.5,random,B0_half,B0,0.03604511941521202,0.02879828596634945,0.20104895104895137
BPIC13_incidents,nb_0.300,0.5,random,B0_half,B0+g,0.03604511941521202,0.010460646543575508,0.70979020979021
BPIC13_incidents,nb_0.300,0.5,random,B0,B0+g,0.02879828596634945,0.010460646543575508,0.6367614879649892
BPIC13_incidents,nb_0.300,0.5,rare-first,empty,B0_half,0.04530846304114944,0.04814418047766081,-0.06258692628650753
BPIC13_incidents,nb_0.300,0.5,rare-first,empty,B0,0.04530846304114944,0.0348478164975739,0.2308762169680112
BPIC13_incidents,nb_0.300,0.5,rare-first,empty,B0+g,0.04530846304114944,0.0047892116705526705,0.8942976356050065
BPIC13_incidents,nb_0.300,0.5,rare-first,B0_half,B0,0.04814418047766081,0.0348478164975739,0.2761780104712033
BPIC13_incidents,nb_0.300,0.5,rare-first,B0_half,B0+g,0.04814418047766081,0.0047892116705526705,0.9005235602094236
BPIC13_incidents,nb_0.300,0.5,rare-first,B0,B0+g,0.0348478164975739,0.0047892116705526705,0.8625678119349001
BPIC13_incidents,nb_0.300,0.75,rare-first,empty,B0_half,0.06830928224840885,0.07114499968492025,-0.041512915129150674
BPIC13_incidents,nb_0.300,0.75,rare-first,empty,B0,0.06830928224840885,0.05595815741382566,0.18081180811808173
BPIC13_incidents,nb_0.300,0.75,rare-first,empty,B0+g,0.06830928224840885,0.014493666897725119,0.7878228782287824
BPIC13_incidents,nb_0.300,0.75,rare-first,B0_half,B0,0.07114499968492025,0.05595815741382566,0.2134632418069088
BPIC13_incidents,nb_0.300,0.75,rare-first,B0_half,B0+g,0.07114499968492025,0.014493666897725119,0.7962798937112489
BPIC13_incidents,nb_0.300,0.75,rare-first,B0,B0+g,0.05595815741382566,0.014493666897725119,0.7409909909909909
BPIC13_incidents,nb_0.300,1.0,full,empty,B0_half,0.0725313504316592,0.07259436637469277,-0.0008688097306686071
BPIC13_incidents,nb_0.300,1.0,full,empty,B0,0.0725313504316592,0.05753355598966535,0.20677671589921853
BPIC13_incidents,nb_0.300,1.0,full,empty,B0+g,0.0725313504316592,0.015627953872329695,0.7845351867940922
BPIC13_incidents,nb_0.300,1.0,full,B0_half,B0,0.07259436637469277,0.05753355598966535,0.207465277777778
BPIC13_incidents,nb_0.300,1.0,full,B0_half,B0+g,0.07259436637469277,0.015627953872329695,0.7847222222222222
BPIC13_incidents,nb_0.300,1.0,full,B0,B0+g,0.05753355598966535,0.015627953872329695,0.728368017524644
BPIC13_incidents,nb_0.325,0.25,rare-first,empty,B0_half,0.01249816203499482,0.013756146971850514,-0.10065359477124236
BPIC13_incidents,nb_0.325,0.25,rare-first,empty,B0,0.01249816203499482,0.004166054011664949,0.6666666666666659
BPIC13_incidents,nb_0.325,0.25,rare-first,empty,B0+g,0.01249816203499482,0.0014376970706922176,0.8849673202614377
BPIC13_incidents,nb_0.325,0.25,rare-first,B0_half,B0,0.013756146971850514,0.004166054011664949,0.6971496437054627
BPIC13_incidents,nb_0.325,0.25,rare-first,B0_half,B0+g,0.013756146971850514,0.0014376970706922176,0.8954869358669832
BPIC13_incidents,nb_0.325,0.25,rare-first,B0,B0+g,0.004166054011664949,0.0014376970706922176,0.6549019607843137
BPIC13_incidents,nb_0.325,0.5,random,empty,B0_half,0.04324527438775344,0.053684915616984435,-0.2414053645636569
BPIC13_incidents,nb_0.325,0.5,random,empty,B0,0.04324527438775344,0.03746181117155975,0.1337363052512276
BPIC13_incidents,nb_0.325,0.5,random,empty,B0+g,0.04324527438775344,0.01091342776389094,0.7476388364185869
BPIC13_incidents,nb_0.325,0.5,random,B0_half,B0,0.053684915616984435,0.03746181117155975,0.3021911138161897
BPIC13_incidents,nb_0.325,0.5,random,B0_half,B0+g,0.053684915616984435,0.01091342776389094,0.796713329275715
BPIC13_incidents,nb_0.325,0.5,random,B0,B0+g,0.03746181117155975,0.01091342776389094,0.7086785870039248
BPIC13_incidents,nb_0.325,0.5,rare-first,empty,B0_half,0.052263556013004586,0.06582365338430621,-0.2594560800250083
BPIC13_incidents,nb_0.325,0.5,rare-first,empty,B0,0.052263556013004586,0.042117989184597054,0.19412316348858927
BPIC13_incidents,nb_0.325,0.5,rare-first,empty,B0+g,0.052263556013004586,0.010504991096080635,0.7989996874023132
BPIC13_incidents,nb_0.325,0.5,rare-first,B0_half,B0,0.06582365338430621,0.042117989184597054,0.3601389923057826
BPIC13_incidents,nb_0.325,0.5,rare-first,B0_half,B0+g,0.06582365338430621,0.010504991096080635,0.8404070488955077
BPIC13_incidents,nb_0.325,0.5,rare-first,B0,B0+g,0.042117989184597054,0.010504991096080635,0.7505818463925527
BPIC13_incidents,nb_0.325,0.75,rare-first,empty,B0_half,0.08204675782973092,0.09016647878579948,-0.09896455595380327
BPIC13_incidents,nb_0.325,0.75,rare-first,empty,B0,0.08204675782973092,0.06749007498897222,0.17741935483870952
BPIC13_incidents,nb_0.325,0.75,rare-first,empty,B0+g,0.08204675782973092,0.019392572987632528,0.7636399840700917
BPIC13_incidents,nb_0.325,0.75,rare-first,B0_half,B0,0.09016647878579948,0.06749007498897222,0.2514948360210182
BPIC13_incidents,nb_0.325,0.75,rare-first,B0_half,B0+g,0.09016647878579948,0.019392572987632528,0.7849248052183367
BPIC13_incidents,nb_0.325,0.75,rare-first,B0,B0+g,0.06749007498897222,0.019392572987632528,0.712660372791092
BPIC13_incidents,nb_0.325,1.0,full,empty,B0_half,0.09023182865264912,0.09387508372951689,-0.04037660691653078
BPIC13_incidents,nb_0.325,1.0,full,empty,B0,0.09023182865264912,0.07252201473639497,0.1962701430382039
BPIC13_incidents,nb_0.325,1.0,full,empty,B0+g,0.09023182865264912,0.022153604862030093,0.7544812601846822
BPIC13_incidents,nb_0.325,1.0,full,B0_half,B0,0.09387508372951689,0.07252201473639497,0.22746258266620256
BPIC13_incidents,nb_0.325,1.0,full,B0_half,B0+g,0.09387508372951689,0.022153604862030093,0.7640097459101984
BPIC13_incidents,nb_0.325,1.0,full,B0,B0+g,0.07252201473639497,0.022153604862030093,0.6945257940977698
BPIC13_incidents,nb_0.350,0.25,rare-first,empty,B0_half,0.01408163957789016,0.04431475009331204,-2.14698795180722
BPIC13_incidents,nb_0.350,0.25,rare-first,empty,B0,0.01408163957789016,0.028570459095381945,-1.028915662650601
BPIC13_incidents,nb_0.350,0.25,rare-first,empty,B0+g,0.01408163957789016,0.0008822232024702226,0.9373493975903617
BPIC13_incidents,nb_0.350,0.25,rare-first,B0_half,B0,0.04431475009331204,0.028570459095381945,0.35528330781010575
BPIC13_incidents,nb_0.350,0.25,rare-first,B0_half,B0+g,0.04431475009331204,0.0008822232024702226,0.9800918836140888
BPIC13_incidents,nb_0.350,0.25,rare-first,B0,B0+g,0.028570459095381945,0.0008822232024702226,0.9691211401425179
BPIC13_incidents,nb_0.350,0.5,random,empty,B0_half,0.06548810695259749,0.06667571510976891,-0.018134715025906134
BPIC13_incidents,nb_0.350,0.5,random,empty,B0,0.06548810695259749,0.05907502290387165,0.09792746113989592
BPIC13_incidents,nb_0.350,0.5,random,empty,B0+g,0.06548810695259749,0.0076346238675307765,0.8834196891191712
BPIC13_incidents,nb_0.350,0.5,random,B0_half,B0,0.06667571510976891,0.05907502290387165,0.11399491094147496
BPIC13_incidents,nb_0.350,0.5,random,B0_half,B0+g,0.06667571510976891,0.0076346238675307765,0.8854961832061071
BPIC13_incidents,nb_0.350,0.5,random,B0,B0+g,0.05907502290387165,0.0076346238675307765,0.8707639287765656
BPIC13_incidents,nb_0.350,0.5,rare-first,empty,B0_half,0.062637847375386,0.0930745478606087,-0.4859154929577454
BPIC13_incidents,nb_0.350,0.5,rare-first,empty,B0,0.062637847375386,0.07112076278375354,-0.13542795232936067
BPIC13_incidents,nb_0.350,0.5,rare-first,empty,B0+g,0.062637847375386,0.01533711105832851,0.7551462621885161
BPIC13_incidents,nb_0.350,0.5,rare-first,B0_half,B0,0.0930745478606087,0.07112076278375354,0.23587313160772827
BPIC13_incidents,nb_0.350,0.5,rare-first,B0_half,B0+g,0.0930745478606087,0.01533711105832851,0.8352169157856363
BPIC13_incidents,nb_0.350,0.5,rare-first,B0,B0+g,0.07112076278375354,0.01533711105832851,0.7843511450381683
BPIC13_incidents,nb_0.350,0.75,rare-first,empty,B0_half,0.10057344508160568,0.12683655118591156,-0.2611336032388658
BPIC13_incidents,nb_0.350,0.75,rare-first,empty,B0,0.10057344508160568,0.10111635166774119,-0.005398110661268385
BPIC13_incidents,nb_0.350,0.75,rare-first,empty,B0+g,0.10057344508160568,0.015981812629364434,0.8410931174089071
BPIC13_incidents,nb_0.350,0.75,rare-first,B0_half,B0,0.12683655118591156,0.10111635166774119,0.2027822364901014
BPIC13_incidents,nb_0.350,0.75,rare-first,B0_half,B0+g,0.12683655118591156,0.015981812629364434,0.873996789727127
BPIC13_incidents,nb_0.350,0.75,rare-first,B0,B0+g,0.10111635166774119,0.015981812629364434,0.8419463087248324
BPIC13_incidents,nb_0.350,1.0,full,empty,B0_half,0.10976892538427607,0.13365681517423905,-0.2176197836166922
BPIC13_incidents,nb_0.350,1.0,full,empty,B0,0.10976892538427607,0.10773302568626789,0.01854714064914975
BPIC13_incidents,nb_0.350,1.0,full,empty,B0+g,0.10976892538427607,0.020698313596416815,0.8114374034003091
BPIC13_incidents,nb_0.350,1.0,full,B0_half,B0,0.13365681517423905,0.10773302568626789,0.19395785732419357
BPIC13_incidents,nb_0.350,1.0,full,B0_half,B0+g,0.13365681517423905,0.020698313596416815,0.8451383599898451
BPIC13_incidents,nb_0.350,1.0,full,B0,B0+g,0.10773302568626789,0.020698313596416815,0.8078740157480315
BPIC13_incidents,nb_0.375,0.25,rare-first,empty,B0_half,0.05875606528451699,0.058579620644023,0.003003003003002047
BPIC13_incidents,nb_0.375,0.25,rare-first,empty,B0,0.05875606528451699,-0.058844287604763984,2.001501501501501
BPIC13_incidents,nb_0.375,0.25,rare-first,empty,B0+g,0.05875606528451699,-0.0007940008822232281,1.013513513513514
BPIC13_incidents,nb_0.375,0.25,rare-first,B0_half,B0,0.058579620644023,-0.058844287604763984,2.004518072289155
BPIC13_incidents,nb_0.375,0.25,rare-first,B0_half,B0+g,0.058579620644023,-0.0007940008822232281,1.0135542168674703
BPIC13_incidents,nb_0.375,0.5,random,empty,B0_half,0.07754741949713273,0.08125275694750775,-0.04778156996587124
BPIC13_incidents,nb_0.375,0.5,random,empty,B0,0.07754741949713273,-0.023026025584472892,1.2969283276450516
BPIC13_incidents,nb_0.375,0.5,random,empty,B0+g,0.07754741949713273,0.006881340979267708,0.9112627986348129
BPIC13_incidents,nb_0.375,0.5,random,B0_half,B0,0.08125275694750775,-0.023026025584472892,1.2833876221498373
BPIC13_incidents,nb_0.375,0.5,random,B0_half,B0+g,0.08125275694750775,0.006881340979267708,0.9153094462540723
BPIC13_incidents,nb_0.375,0.5,rare-first,empty,B0_half,0.11407146007940011,0.11539479488310544,-0.011600928074245953
BPIC13_incidents,nb_0.375,0.5,rare-first,empty,B0,0.11407146007940011,0.002117335685928534,0.9814385150812065
BPIC13_incidents,nb_0.375,0.5,rare-first,empty,B0+g,0.11407146007940011,0.013498014997794405,0.8816705336426918
BPIC13_incidents,nb_0.375,0.5,rare-first,B0_half,B0,0.11539479488310544,0.002117335685928534,0.9816513761467891
BPIC13_incidents,nb_0.375,0.5,rare-first,B0_half,B0+g,0.11539479488310544,0.013498014997794405,0.8830275229357801
BPIC13_incidents,nb_0.375,0.5,rare-first,B0,B0+g,0.002117335685928534,0.013498014997794405,-5.375
BPIC13_incidents,nb_0.375,0.75,rare-first,empty,B0_half,0.16029995588883986,0.15491839435377153,0.03357182168409445
BPIC13_incidents,nb_0.375,0.75,rare-first,empty,B0,0.16029995588883986,0.03343625937362152,0.7914144193725923
BPIC13_incidents,nb_0.375,0.75,rare-first,empty,B0+g,0.16029995588883986,0.01490957212174679,0.9069895432030821
BPIC13_incidents,nb_0.375,0.75,rare-first,B0_half,B0,0.15491839435377153,0.03343625937362152,0.7841685649202734
BPIC13_incidents,nb_0.375,0.75,rare-first,B0_half,B0+g,0.15491839435377153,0.01490957212174679,0.9037585421412302
BPIC13_incidents,nb_0.375,0.75,rare-first,B0,B0+g,0.03343625937362152,0.01490957212174679,0.5540897097625332
BPIC13_incidents,nb_0.375,1.0,full,empty,B0_half,0.17220996912218792,0.16568151742390827,0.03790983606557363
BPIC13_incidents,nb_0.375,1.0,full,empty,B0,0.17220996912218792,0.045522717247463595,0.7356557377049181
BPIC13_incidents,nb_0.375,1.0,full,empty,B0+g,0.17220996912218792,0.018614909572121724,0.8919057377049182
BPIC13_incidents,nb_0.375,1.0,full,B0_half,B0,0.16568151742390827,0.045522717247463595,0.7252396166134186
BPIC13_incidents,nb_0.375,1.0,full,B0_half,B0+g,0.16568151742390827,0.018614909572121724,0.8876464323748671
BPIC13_incidents,nb_0.375,1.0,full,B0,B0+g,0.045522717247463595,0.018614909572121724,0.5910852713178298
BPIC13_incidents,nb_0.400,0.25,rare-first,empty,B0_half,0.06660785178650203,0.06910748419350093,-0.03752759381898363
BPIC13_incidents,nb_0.400,0.25,rare-first,empty,B0,0.06660785178650203,-0.004117041611527733,1.0618101545253866
BPIC13_incidents,nb_0.400,0.25,rare-first,empty,B0+g,0.06660785178650203,-0.005146302014409632,1.0772626931567326
BPIC13_incidents,nb_0.400,0.25,rare-first,B0_half,B0,0.06910748419350093,-0.004117041611527733,1.0595744680851067
BPIC13_incidents,nb_0.400,0.25,rare-first,B0_half,B0+g,0.06910748419350093,-0.005146302014409632,1.0744680851063828
BPIC13_incidents,nb_0.400,0.5,random,empty,B0_half,0.09469195706513744,0.09454491986472574,0.0015527950310558758
BPIC13_incidents,nb_0.400,0.5,random,empty,B0,0.09469195706513744,0.020144096456403443,0.7872670807453418
BPIC13_incidents,nb_0.400,0.5,random,empty,B0+g,0.09469195706513744,0.0019114836053521767,0.9798136645962731
BPIC13_incidents,nb_0.400,0.5,random,B0_half,B0,0.09454491986472574,0.020144096456403443,0.7869362363919131
BPIC13_incidents,nb_0.400,0.5,random,B0_half,B0+g,0.09454491986472574,0.0019114836053521767,0.9797822706065317
BPIC13_incidents,nb_0.400,0.5,random,B0,B0+g,0.020144096456403443,0.0019114836053521767,0.9051094890510937
BPIC13_incidents,nb_0.400,0.5,rare-first,empty,B0_half,0.13880311718864874,0.1388031171886487,2.220446049250313e-16
BPIC13_incidents,nb_0.400,0.5,rare-first,empty,B0,0.13880311718864874,0.029260402881929076,0.7891949152542377
BPIC13_incidents,nb_0.400,0.5,rare-first,empty,B0+g,0.13880311718864874,0.009704455227172476,0.9300847457627118
BPIC13_incidents,nb_0.400,0.5,rare-first,B0_half,B0,0.1388031171886487,0.029260402881929076,0.7891949152542377
BPIC13_incidents,nb_0.400,0.5,rare-first,B0_half,B0+g,0.1388031171886487,0.009704455227172476,0.9300847457627118
BPIC13_incidents,nb_0.400,0.5,rare-first,B0,B0+g,0.029260402881929076,0.009704455227172476,0.6683417085427129
BPIC13_incidents,nb_0.400,0.75,rare-first,empty,B0_half,0.19776503455374214,0.18423761211586528,0.06840148698884796
BPIC13_incidents,nb_0.400,0.75,rare-first,empty,B0,0.19776503455374214,0.026466696074106733,0.8661710037174722
BPIC13_incidents,nb_0.400,0.75,rare-first,empty,B0+g,0.19776503455374214,0.01867372445228646,0.9055762081784385
BPIC13_incidents,nb_0.400,0.75,rare-first,B0_half,B0,0.18423761211586528,0.026466696074106733,0.8563447725458899
BPIC13_incidents,nb_0.400,0.75,rare-first,B0_half,B0+g,0.18423761211586528,0.01867372445228646,0.8986432561851554
BPIC13_incidents,nb_0.400,0.75,rare-first,B0,B0+g,0.026466696074106733,0.01867372445228646,0.29444444444444273
BPIC13_incidents,nb_0.400,1.0,full,empty,B0_half,0.2143802382002647,0.2015880017644464,0.05967078189300423
BPIC13_incidents,nb_0.400,1.0,full,empty,B0,0.2143802382002647,0.04058226731363035,0.8106995884773662
BPIC13_incidents,nb_0.400,1.0,full,empty,B0+g,0.2143802382002647,0.021908542861343916,0.8978052126200274
BPIC13_incidents,nb_0.400,1.0,full,B0_half,B0,0.2015880017644464,0.04058226731363035,0.7986870897155361
BPIC13_incidents,nb_0.400,1.0,full,B0_half,B0+g,0.2015880017644464,0.021908542861343916,0.8913202042304887
BPIC13_incidents,nb_0.400,1.0,full,B0,B0+g,0.04058226731363035,0.021908542861343916,0.46014492753623204
BPIC13_incidents,nb_0.425,0.25,rare-first,empty,B0_half,0.07514240233213781,-0.11225331313170059,2.493874425727413
BPIC13_incidents,nb_0.425,0.25,rare-first,empty,B0,0.07514240233213781,0.043401545808480824,0.422409392547218
BPIC13_incidents,nb_0.425,0.25,rare-first,empty,B0+g,0.07514240233213781,-0.009129092269039712,1.1214905564063298
BPIC13_incidents,nb_0.425,0.25,rare-first,B0,B0+g,0.043401545808480824,-0.009129092269039712,1.210340256296951
BPIC13_incidents,nb_0.425,0.5,random,empty,B0_half,0.12232216489902381,0.01273470014000494,0.8958921291941051
BPIC13_incidents,nb_0.425,0.5,random,empty,B0,0.12232216489902381,0.05329778868836424,0.5642834744433993
BPIC13_incidents,nb_0.425,0.5,random,empty,B0+g,0.12232216489902381,-0.002761742199037215,1.022577610536218
BPIC13_incidents,nb_0.425,0.5,random,B0_half,B0,0.01273470014000494,0.05329778868836424,-3.1852409638554366
BPIC13_incidents,nb_0.425,0.5,random,B0_half,B0+g,0.01273470014000494,-0.002761742199037215,1.216867469879518
BPIC13_incidents,nb_0.425,0.5,random,B0,B0+g,0.05329778868836424,-0.002761742199037215,1.0518172004318098
BPIC13_incidents,nb_0.425,0.5,rare-first,empty,B0_half,0.15638365202048288,-0.033294336510615447,1.2129016433652196
BPIC13_incidents,nb_0.425,0.5,rare-first,empty,B0,0.15638365202048288,0.03695748067739396,0.7636742702967869
BPIC13_incidents,nb_0.425,0.5,rare-first,empty,B0+g,0.15638365202048288,-0.01284977273163157,1.0821682609762082
BPIC13_incidents,nb_0.425,0.5,rare-first,B0,B0+g,0.03695748067739396,-0.01284977273163157,1.3476907109496639
BPIC13_incidents,nb_0.425,0.75,rare-first,empty,B0_half,0.229282138815903,0.020808960319134623,0.9092429945629446
BPIC13_incidents,nb_0.425,0.75,rare-first,empty,B0,0.229282138815903,0.04595232158953605,0.799581764951903
BPIC13_incidents,nb_0.425,0.75,rare-first,empty,B0+g,0.229282138815903,-0.0011699046815366043,1.0051024675867837
BPIC13_incidents,nb_0.425,0.75,rare-first,B0_half,B0,0.020808960319134623,0.04595232158953605,-1.2082949308755784
BPIC13_incidents,nb_0.425,0.75,rare-first,B0_half,B0+g,0.020808960319134623,-0.0011699046815366043,1.0562211981566823
BPIC13_incidents,nb_0.425,0.75,rare-first,B0,B0+g,0.04595232158953605,-0.0011699046815366043,1.0254590984974958
BPIC13_incidents,nb_0.425,1.0,full,empty,B0_half,0.2525459810897374,0.0422508198922153,0.8327004860267316
BPIC13_incidents,nb_0.425,1.0,full,empty,B0,0.2525459810897374,0.05841851901574577,0.7686816524908869
BPIC13_incidents,nb_0.425,1.0,full,empty,B0+g,0.2525459810897374,0.007479718455725787,0.9703827460510329
BPIC13_incidents,nb_0.425,1.0,full,B0_half,B0,0.0422508198922153,0.05841851901574577,-0.3826600090785308
BPIC13_incidents,nb_0.425,1.0,full,B0_half,B0+g,0.0422508198922153,0.007479718455725787,0.8229686790739906
BPIC13_incidents,nb_0.425,1.0,full,B0,B0+g,0.05841851901574577,0.007479718455725787,0.8719632304661857
BPIC13_incidents,nb_0.450,0.25,rare-first,empty,B0_half,0.08445282110919522,0.00806031198620527,0.9045584045584042
BPIC13_incidents,nb_0.450,0.25,rare-first,empty,B0,0.08445282110919522,-0.005173036050848151,1.0612535612535614
BPIC13_incidents,nb_0.450,0.25,rare-first,empty,B0+g,0.08445282110919522,-0.009864859445803426,1.1168091168091168
BPIC13_incidents,nb_0.450,0.25,rare-first,B0_half,B0,0.00806031198620527,-0.005173036050848151,1.6417910447761184
BPIC13_incidents,nb_0.450,0.25,rare-first,B0_half,B0+g,0.00806031198620527,-0.009864859445803426,2.2238805970149205
BPIC13_incidents,nb_0.450,0.5,random,empty,B0_half,0.1537875446124234,0.03921883145526728,0.7449804432855281
BPIC13_incidents,nb_0.450,0.5,random,empty,B0,0.1537875446124234,-0.01287243854513373,1.083702737940026
BPIC13_incidents,nb_0.450,0.5,random,empty,B0+g,0.1537875446124234,0.002887275935357092,0.9812255541069101
BPIC13_incidents,nb_0.450,0.5,random,B0_half,B0,0.03921883145526728,-0.01287243854513373,1.3282208588957052
BPIC13_incidents,nb_0.450,0.5,random,B0_half,B0+g,0.03921883145526728,0.002887275935357092,0.9263803680981597
BPIC13_incidents,nb_0.450,0.5,rare-first,empty,B0_half,0.1847856598628545,0.044953282271323725,0.7567274305555558
BPIC13_incidents,nb_0.450,0.5,rare-first,empty,B0,0.1847856598628545,-0.006015158198660636,1.0325520833333335
BPIC13_incidents,nb_0.450,0.5,rare-first,empty,B0+g,0.1847856598628545,-0.002686770662068433,1.0145399305555556
BPIC13_incidents,nb_0.450,0.5,rare-first,B0_half,B0,0.044953282271323725,-0.006015158198660636,1.1338090990187335
BPIC13_incidents,nb_0.450,0.5,rare-first,B0_half,B0+g,0.044953282271323725,-0.002686770662068433,1.059768064228368
BPIC13_incidents,nb_0.450,0.75,rare-first,empty,B0_half,0.27381000120303167,0.0261859886915026,0.904364381956649
BPIC13_incidents,nb_0.450,0.75,rare-first,empty,B0,0.27381000120303167,-0.0012832337490475965,1.0046865846514352
BPIC13_incidents,nb_0.450,0.75,rare-first,empty,B0+g,0.27381000120303167,0.003809600192485052,0.9860867018160516
BPIC13_incidents,nb_0.450,0.75,rare-first,B0_half,B0,0.0261859886915026,-0.0012832337490475965,1.0490045941807042
BPIC13_incidents,nb_0.450,0.75,rare-first,B0_half,B0+g,0.0261859886915026,0.003809600192485052,0.8545176110260342
BPIC13_incidents,nb_0.450,1.0,full,empty,B0_half,0.3125075189477484,0.05385571640534148,0.8276658539715129
BPIC13_incidents,nb_0.450,1.0,full,empty,B0,0.3125075189477484,0.0003208084372618991,0.9989734377005004
BPIC13_incidents,nb_0.450,1.0,full,empty,B0+g,0.3125075189477484,0.01267193327184507,0.9594507891697677
BPIC13_incidents,nb_0.450,1.0,full,B0_half,B0,0.05385571640534148,0.0003208084372618991,0.9940431868950111
BPIC13_incidents,nb_0.450,1.0,full,B0_half,B0+g,0.05385571640534148,0.01267193327184507,0.7647058823529409
BPIC13_incidents,nb_0.450,1.0,full,B0,B0+g,0.0003208084372618991,0.01267193327184507,-38.50000000000017
BPIC13_incidents,nb_0.475,0.25,rare-first,empty,B0_half,0.0946499464364483,0.009452391455038178,0.9001331557922763
BPIC13_incidents,nb_0.475,0.25,rare-first,empty,B0,0.0946499464364483,0.0022475686348646107,0.9762538837106082
BPIC13_incidents,nb_0.475,0.25,rare-first,empty,B0+g,0.0946499464364483,-0.0061335517886025315,1.0648024855747895
BPIC13_incidents,nb_0.475,0.25,rare-first,B0_half,B0,0.009452391455038178,0.0022475686348646107,0.7622222222222246
BPIC13_incidents,nb_0.475,0.25,rare-first,B0_half,B0+g,0.009452391455038178,-0.0061335517886025315,1.6488888888888869
BPIC13_incidents,nb_0.475,0.25,rare-first,B0,B0+g,0.0022475686348646107,-0.0061335517886025315,3.7289719626168414
BPIC13_incidents,nb_0.475,0.5,random,empty,B0_half,0.1786501985002204,0.0478080954481484,0.7323927101704877
BPIC13_incidents,nb_0.475,0.5,random,empty,B0,0.1786501985002204,0.02655071733148484,0.8513815402704292
BPIC13_incidents,nb_0.475,0.5,random,empty,B0+g,0.1786501985002204,-0.004138046925872246,1.0231628453850676
BPIC13_incidents,nb_0.475,0.5,random,B0_half,B0,0.0478080954481484,0.02655071733148484,0.4446397188049217
BPIC13_incidents,nb_0.475,0.5,random,B0_half,B0+g,0.0478080954481484,-0.004138046925872246,1.086555360281195
BPIC13_incidents,nb_0.475,0.5,random,B0,B0+g,0.02655071733148484,-0.004138046925872246,1.155854430379747
BPIC13_incidents,nb_0.475,0.5,rare-first,empty,B0_half,0.21603965803348235,0.050202701283424744,0.7676227515799705
BPIC13_incidents,nb_0.475,0.5,rare-first,empty,B0,0.21603965803348235,0.018631713823597323,0.9137578998541567
BPIC13_incidents,nb_0.475,0.5,rare-first,empty,B0+g,0.21603965803348235,0.006553658075493102,0.9696645600388916
BPIC13_incidents,nb_0.475,0.5,rare-first,B0_half,B0,0.050202701283424744,0.018631713823597323,0.6288702928870304
BPIC13_incidents,nb_0.475,0.5,rare-first,B0_half,B0+g,0.050202701283424744,0.006553658075493102,0.8694560669456067
BPIC13_incidents,nb_0.475,0.5,rare-first,B0,B0+g,0.018631713823597323,0.006553658075493102,0.6482525366403598
BPIC13_incidents,nb_0.475,0.75,rare-first,empty,B0_half,0.31829352826265034,0.031886067174995314,0.8998218174618886
BPIC13_incidents,nb_0.475,0.75,rare-first,empty,B0,0.31829352826265034,0.003991009725460515,0.9874612287995778
BPIC13_incidents,nb_0.475,0.75,rare-first,empty,B0+g,0.31829352826265034,-0.010712710315709834,1.0336567016432388
BPIC13_incidents,nb_0.475,0.75,rare-first,B0_half,B0,0.031886067174995314,0.003991009725460515,0.8748353096179193
BPIC13_incidents,nb_0.475,0.75,rare-first,B0_half,B0+g,0.031886067174995314,-0.010712710315709834,1.3359683794466386
BPIC13_incidents,nb_0.475,0.75,rare-first,B0,B0+g,0.003991009725460515,-0.010712710315709834,3.6842105263157974
BPIC13_incidents,nb_0.475,1.0,full,empty,B0_half,0.36900035709034373,0.06814123973365263,0.8153355723800306
BPIC13_incidents,nb_0.475,1.0,full,empty,B0,0.36900035709034373,0.006196567731636099,0.9832071497694541
BPIC13_incidents,nb_0.475,1.0,full,empty,B0+g,0.36900035709034373,-0.008948263910769388,1.024250014231229
BPIC13_incidents,nb_0.475,1.0,full,B0_half,B0,0.06814123973365263,0.006196567731636099,0.9090628853267572
BPIC13_incidents,nb_0.475,1.0,full,B0_half,B0+g,0.06814123973365263,-0.008948263910769388,1.1313193588162755
BPIC13_incidents,nb_0.475,1.0,full,B0,B0+g,0.006196567731636099,-0.008948263910769388,2.444067796610165
BPIC13_incidents,nb_0.500,0.25,rare-first,empty,B0_half,0.10586678429642693,0.07278341420379358,0.31249999999999933
BPIC13_incidents,nb_0.500,0.25,rare-first,empty,B0,0.10586678429642693,-0.006175562417291558,1.0583333333333331
BPIC13_incidents,nb_0.500,0.25,rare-first,empty,B0+g,0.10586678429642693,-0.00794000882223203,1.0750000000000002
BPIC13_incidents,nb_0.500,0.25,rare-first,B0_half,B0,0.07278341420379358,-0.006175562417291558,1.0848484848484845
BPIC13_incidents,nb_0.500,0.25,rare-first,B0_half,B0+g,0.07278341420379358,-0.00794000882223203,1.1090909090909091
BPIC13_incidents,nb_0.500,0.5,random,empty,B0_half,0.5346272606969563,0.057785619761799745,0.8919141914191419
BPIC13_incidents,nb_0.500,0.5,random,empty,B0,0.5346272606969563,-0.011910013233348032,1.0222772277227723
BPIC13_incidents,nb_0.500,0.5,random,empty,B0+g,0.5346272606969563,-0.00044111160123513904,1.000825082508251
BPIC13_incidents,nb_0.500,0.5,random,B0_half,B0,0.057785619761799745,-0.011910013233348032,1.2061068702290076
BPIC13_incidents,nb_0.500,0.5,random,B0_half,B0+g,0.057785619761799745,-0.00044111160123513904,1.00763358778626
BPIC13_incidents,nb_0.500,0.5,rare-first,empty,B0_half,0.24128804587560648,0.12439347154830172,0.4844606946983546
BPIC13_incidents,nb_0.500,0.5,rare-first,empty,B0,0.24128804587560648,0.011910013233348046,0.9506398537477148
BPIC13_incidents,nb_0.500,0.5,rare-first,empty,B0+g,0.24128804587560648,0.0,1.0
BPIC13_incidents,nb_0.500,0.5,rare-first,B0_half,B0,0.12439347154830172,0.011910013233348046,0.9042553191489361
BPIC13_incidents,nb_0.500,0.5,rare-first,B0_half,B0+g,0.12439347154830172,0.0,1.0
BPIC13_incidents,nb_0.500,0.5,rare-first,B0,B0+g,0.011910013233348046,0.0,1.0
BPIC13_incidents,nb_0.500,0.75,rare-first,empty,B0_half,0.3617115130127922,0.10057344508160565,0.7219512195121951
BPIC13_incidents,nb_0.500,0.75,rare-first,empty,B0,0.3617115130127922,-0.024702249669166287,1.0682926829268293
BPIC13_incidents,nb_0.500,0.75,rare-first,empty,B0+g,0.3617115130127922,-0.006175562417291586,1.0170731707317073
BPIC13_incidents,nb_0.500,0.75,rare-first,B0_half,B0,0.10057344508160565,-0.024702249669166287,1.2456140350877192
BPIC13_incidents,nb_0.500,0.75,rare-first,B0_half,B0+g,0.10057344508160565,-0.006175562417291586,1.06140350877193
BPIC13_incidents,nb_0.500,1.0,full,empty,B0_half,0.41420379355977055,0.09439788266431409,0.7720979765708199
BPIC13_incidents,nb_0.500,1.0,full,empty,B0,0.41420379355977055,-0.034847816497573875,1.0841320553780618
BPIC13_incidents,nb_0.500,1.0,full,empty,B0+g,0.41420379355977055,-0.020732245258050314,1.0500532481363154
BPIC13_incidents,nb_0.500,1.0,full,B0_half,B0,0.09439788266431409,-0.034847816497573875,1.3691588785046727
BPIC13_incidents,nb_0.500,1.0,full,B0_half,B0+g,0.09439788266431409,-0.020732245258050314,1.2196261682242993
BPIC13_incidents,nb_0.600,0.5,rare-first,B0_half,B0,0.009483899426554906,-0.0247022496691663,3.604651162790701
BPIC13_incidents,nb_0.600,0.5,rare-first,B0_half,B0+g,0.009483899426554906,-0.00794000882223203,1.837209302325583
BPIC13_incidents,nb_0.625,0.25,rare-first,B0,B0+g,0.0014703720041170654,-0.008381120423467142,6.699999999999911
BPIC13_incidents,nb_0.675,0.25,rare-first,B0_half,B0,0.01971429540904618,-0.00641308404872587,1.3253012048192774
BPIC13_incidents,nb_0.675,0.25,rare-first,B0_half,B0+g,0.01971429540904618,-0.005021885921753566,1.254733218588639
BPIC13_incidents,nb_0.675,0.5,rare-first,B0_half,B0,0.007159580604662208,-0.015574632689762807,3.175355450236966
BPIC13_incidents,nb_0.675,0.5,rare-first,B0_half,B0+g,0.007159580604662208,-0.015676427674663235,3.1895734597156413
BPIC13_incidents,nb_0.700,0.25,rare-first,B0_half,B0,0.026466696074106733,-0.0029407440082340475,1.1111111111111098
BPIC13_incidents,nb_0.700,0.25,rare-first,B0_half,B0+g,0.026466696074106733,0.004852227613586252,0.816666666666666
BPIC13_incidents,nb_0.700,0.5,rare-first,B0_half,B0,0.006910748419350091,-0.02676077047493014,4.872340425531915
BPIC13_incidents,nb_0.700,0.5,rare-first,B0_half,B0+g,0.006910748419350091,0.017497426848992775,-1.5319148936170204
BPIC13_incidents,nb_0.725,0.25,rare-first,B0_half,B0,0.007258290893050488,0.0008822232024702226,0.8784530386740335
BPIC13_incidents,nb_0.725,0.25,rare-first,B0_half,B0+g,0.007258290893050488,-0.00826081725949393,2.138121546961327
BPIC13_incidents,nb_0.725,0.25,rare-first,B0,B0+g,0.0008822232024702226,-0.00826081725949393,10.363636363636395
BPIC13_incidents,nb_0.725,0.5,rare-first,B0,B0+g,0.008621726751413566,0.016281028191041436,-0.8883720930232561
BPIC13_incidents,nb_0.775,0.25,rare-first,B0,B0+g,0.009361368426211852,0.0004411116012351113,0.9528795811518327
BPIC13_incidents,nb_0.775,0.5,random,B0,B0+g,0.00980248002744695,-0.020585208057638582,3.0999999999999988
BPIC13_incidents,nb_0.800,0.25,rare-first,B0,B0+g,0.008381120423467142,0.017644464049404507,-1.1052631578947363
BPIC14,ap,0.25,rare-first,empty,B0_half,0.014251161965906367,0.010565010000300523,0.25865623971044427
BPIC14,ap,0.25,rare-first,empty,B0,0.014251161965906367,0.010468587542744823,0.26542217625557485
BPIC14,ap,0.25,rare-first,empty,B0+g,0.014251161965906367,0.007419695167987461,0.47936209091315507
BPIC14,ap,0.25,rare-first,B0_half,B0,0.010565010000300523,0.010468587542744823,0.00912658459887472
BPIC14,ap,0.25,rare-first,B0_half,B0+g,0.010565010000300523,0.007419695167987461,0.29771054000172203
BPIC14,ap,0.25,rare-first,B0,B0+g,0.010468587542744823,0.007419695167987461,0.29124200015601664
BPIC14,ap,0.5,random,empty,B0_half,0.03055322913910341,0.020383407379284568,0.33285587305739284
BPIC14,ap,0.5,random,empty,B0,0.03055322913910341,0.020290415994889677,0.335899459186097
BPIC14,ap,0.5,random,empty,B0+g,0.03055322913910341,0.011737872330865429,0.6158222007426781
BPIC14,ap,0.5,random,B0_half,B0,0.020383407379284568,0.020290415994889677,0.004562111852280282
BPIC14,ap,0.5,random,B0_half,B0+g,0.020383407379284568,0.011737872330865429,0.4241457224274241
BPIC14,ap,0.5,random,B0,B0+g,0.020290415994889677,0.011737872330865429,0.42150657069713515
BPIC14,ap,0.5,rare-first,empty,B0_half,0.03222536850937674,0.022382173226577984,0.3054486492508113
BPIC14,ap,0.5,rare-first,empty,B0,0.03222536850937674,0.02205205411342559,0.31569272490991007
BPIC14,ap,0.5,rare-first,empty,B0+g,0.03222536850937674,0.013878033814970658,0.5693444495155264
BPIC14,ap,0.5,rare-first,B0_half,B0,0.022382173226577984,0.02205205411342559,0.014749198382594475
BPIC14,ap,0.5,rare-first,B0_half,B0+g,0.022382173226577984,0.013878033814970658,0.3799514607236165
BPIC14,ap,0.5,rare-first,B0,B0+g,0.02205205411342559,0.013878033814970658,0.3706693379406537
BPIC14,ap,0.75,rare-first,empty,B0_half,0.04278549796062647,0.029028673393233895,0.3215300796557832
BPIC14,ap,0.75,rare-first,empty,B0,0.04278549796062647,0.028667202125580493,0.3299785326336133
BPIC14,ap,0.75,rare-first,empty,B0+g,0.04278549796062647,0.01759197066218965,0.5888333313689902
BPIC14,ap,0.75,rare-first,B0_half,B0,0.029028673393233895,0.028667202125580493,0.012452214496913694
BPIC14,ap,0.75,rare-first,B0_half,B0+g,0.029028673393233895,0.01759197066218965,0.3939795172903062
BPIC14,ap,0.75,rare-first,B0,B0+g,0.028667202125580493,0.01759197066218965,0.3863380672754292
BPIC14,ap,1.0,full,empty,B0_half,0.04650668489257792,0.030637961617091092,0.3412138128559523
BPIC14,ap,1.0,full,empty,B0,0.04650668489257792,0.030205664367321194,0.3505091915906101
BPIC14,ap,1.0,full,empty,B0+g,0.04650668489257792,0.018701821616368797,0.5978680987568423
BPIC14,ap,1.0,full,B0_half,B0,0.030637961617091092,0.030205664367321194,0.014109856757857697
BPIC14,ap,1.0,full,B0_half,B0+g,0.030637961617091092,0.018701821616368797,0.3895866229580963
BPIC14,ap,1.0,full,B0,B0+g,0.030205664367321194,0.018701821616368797,0.38085051237602097
BPIC14,auc,0.25,rare-first,empty,B0_half,0.12611498484312078,0.06379466656446175,0.4941547458153497
BPIC14,auc,0.25,rare-first,empty,B0,0.12611498484312078,0.06302852504125056,0.5002296902334473
BPIC14,auc,0.25,rare-first,empty,B0+g,0.12611498484312078,0.04868184343370496,0.6139884289383839
BPIC14,auc,0.25,rare-first,B0_half,B0,0.06379466656446175,0.06302852504125056,0.012009491772122405
BPIC14,auc,0.25,rare-first,B0_half,B0+g,0.06379466656446175,0.04868184343370496,0.23689790925525
BPIC14,auc,0.25,rare-first,B0,B0+g,0.06302852504125056,0.04868184343370496,0.22762204253004592
BPIC14,auc,0.5,random,empty,B0_half,0.24525695572737227,0.15253224788056563,0.37807167414195364
BPIC14,auc,0.5,random,empty,B0,0.24525695572737227,0.15547402981748504,0.3660769809509091
BPIC14,auc,0.5,random,empty,B0+g,0.24525695572737227,0.09229061695926755,0.6236982690845359
BPIC14,auc,0.5,random,B0_half,B0,0.15253224788056563,0.15547402981748504,-0.019286295047738822
BPIC14,auc,0.5,random,B0_half,B0+g,0.15253224788056563,0.09229061695926755,0.3949435726435233
BPIC14,auc,0.5,random,B0,B0+g,0.15547402981748504,0.09229061695926755,0.4063920703180468
BPIC14,auc,0.5,rare-first,empty,B0_half,0.2792733528945056,0.17369226477598165,0.37805643475912576
BPIC14,auc,0.5,rare-first,empty,B0,0.2792733528945056,0.17130923471194015,0.3865894008990842
BPIC14,auc,0.5,rare-first,empty,B0+g,0.2792733528945056,0.11024762689737577,0.6052339911605481
BPIC14,auc,0.5,rare-first,B0_half,B0,0.17369226477598165,0.17130923471194015,0.013719839896814023
BPIC14,auc,0.5,rare-first,B0_half,B0+g,0.17369226477598165,0.11024762689737577,0.36527037033245635
BPIC14,auc,0.5,rare-first,B0,B0+g,0.17130923471194015,0.11024762689737577,0.3564408417166808
BPIC14,auc,0.75,rare-first,empty,B0_half,0.36581148769748195,0.24101176515213785,0.34115856593478755
BPIC14,auc,0.75,rare-first,empty,B0,0.36581148769748195,0.23874277717016779,0.34736118137546623
BPIC14,auc,0.75,rare-first,empty,B0+g,0.36581148769748195,0.15457448523508166,0.577447700705038
BPIC14,auc,0.75,rare-first,B0_half,B0,0.24101176515213785,0.23874277717016779,0.009414428297878974
BPIC14,auc,0.75,rare-first,B0_half,B0+g,0.24101176515213785,0.15457448523508166,0.35864340424415775
BPIC14,auc,0.75,rare-first,B0,B0+g,0.23874277717016779,0.15457448523508166,0.3525480139451248
BPIC14,auc,1.0,full,empty,B0_half,0.3938026203699606,0.25976835381118857,0.34035900125004914
BPIC14,auc,1.0,full,empty,B0,0.3938026203699606,0.2571802060482109,0.3469311966319545
BPIC14,auc,1.0,full,empty,B0+g,0.3938026203699606,0.16727153256753435,0.5752401738454915
BPIC14,auc,1.0,full,B0_half,B0,0.25976835381118857,0.2571802060482109,0.009963291236232963
BPIC14,auc,1.0,full,B0_half,B0+g,0.25976835381118857,0.16727153256753435,0.3560742480236261
BPIC14,auc,1.0,full,B0,B0+g,0.2571802060482109,0.16727153256753435,0.3495940642641149
BPIC14,brier_skill,0.5,random,empty,B0_half,0.12732311686437348,0.12763708732847445,-0.002465934480974319
BPIC14,brier_skill,0.5,random,empty,B0,0.12732311686437348,0.12775903391305043,-0.003423707017330635
BPIC14,brier_skill,0.5,random,empty,B0+g,0.12732311686437348,0.10452924157875987,0.1790238555807112
BPIC14,brier_skill,0.5,random,B0_half,B0,0.12763708732847445,0.12775903391305043,-0.0009554165417622329
BPIC14,brier_skill,0.5,random,B0_half,B0+g,0.12763708732847445,0.10452924157875987,0.18104334902477415
BPIC14,brier_skill,0.5,random,B0,B0+g,0.12775903391305043,0.10452924157875987,0.1818250469090129
BPIC14,brier_skill,0.5,rare-first,empty,B0_half,0.13963577764371793,0.15190645585761453,-0.08787631952897734
BPIC14,brier_skill,0.5,rare-first,empty,B0,0.13963577764371793,0.15206366789355474,-0.08900219169865409
BPIC14,brier_skill,0.5,rare-first,empty,B0+g,0.13963577764371793,0.1750194002708998,-0.25339940253323556
BPIC14,brier_skill,0.5,rare-first,B0_half,B0,0.15190645585761453,0.15206366789355474,-0.001034926626736432
BPIC14,brier_skill,0.5,rare-first,B0_half,B0+g,0.15190645585761453,0.1750194002708998,-0.1521524828079035
BPIC14,brier_skill,0.5,rare-first,B0,B0+g,0.15206366789355474,0.1750194002708998,-0.15096132228912285
BPIC14,brier_skill,0.75,rare-first,empty,B0_half,0.22615000743299185,0.23818017319184548,-0.05319551343555973
BPIC14,brier_skill,0.75,rare-first,empty,B0,0.22615000743299185,0.23835671021349503,-0.053976132563780865
BPIC14,brier_skill,0.75,rare-first,empty,B0+g,0.22615000743299185,0.22475792759068036,0.006155559569123392
BPIC14,brier_skill,0.75,rare-first,B0_half,B0,0.23818017319184548,0.23835671021349503,-0.0007411910877541672
BPIC14,brier_skill,0.75,rare-first,B0_half,B0+g,0.23818017319184548,0.22475792759068036,0.05635332874812371
BPIC14,brier_skill,0.75,rare-first,B0,B0+g,0.23835671021349503,0.22475792759068036,0.05705223322907205
BPIC14,brier_skill,1.0,full,empty,B0_half,0.25894741436762536,0.26916006305904994,-0.039439083477102344
BPIC14,brier_skill,1.0,full,empty,B0,0.25894741436762536,0.268811522210575,-0.03809309263442073
BPIC14,brier_skill,1.0,full,empty,B0+g,0.25894741436762536,0.24739517453404947,0.04461230038456876
BPIC14,brier_skill,1.0,full,B0_half,B0,0.26916006305904994,0.268811522210575,0.0012949203701086986
BPIC14,brier_skill,1.0,full,B0_half,B0+g,0.26916006305904994,0.24739517453404947,0.08086225080213905
BPIC14,brier_skill,1.0,full,B0,B0+g,0.268811522210575,0.24739517453404947,0.07967049738198706
BPIC14,nagelkerke,0.25,rare-first,empty,B0_half,0.0636043150180454,0.0489993977880277,0.22962148442089325
BPIC14,nagelkerke,0.25,rare-first,empty,B0,0.0636043150180454,0.0497488666043842,0.21783818298695956
BPIC14,nagelkerke,0.25,rare-first,empty,B0+g,0.0636043150180454,0.030859597109163667,0.5148191266518884
BPIC14,nagelkerke,0.25,rare-first,B0_half,B0,0.0489993977880277,0.0497488666043842,-0.015295469948400475
BPIC14,nagelkerke,0.25,rare-first,B0_half,B0+g,0.0489993977880277,0.030859597109163667,0.37020456368335675
BPIC14,nagelkerke,0.25,rare-first,B0,B0+g,0.0497488666043842,0.030859597109163667,0.37969245903495386
BPIC14,nagelkerke,0.5,random,empty,B0_half,0.1950948258583515,0.17826680782060234,0.08625558347696594
BPIC14,nagelkerke,0.5,random,empty,B0,0.1950948258583515,0.17829987635090797,0.0860860836957178
BPIC14,nagelkerke,0.5,random,empty,B0+g,0.1950948258583515,0.11673679548022553,0.4016407407699155
BPIC14,nagelkerke,0.5,random,B0_half,B0,0.17826680782060234,0.17829987635090797,-0.00018550021010588225
BPIC14,nagelkerke,0.5,random,B0_half,B0+g,0.17826680782060234,0.11673679548022553,0.34515686398724965
BPIC14,nagelkerke,0.5,random,B0,B0+g,0.17829987635090797,0.11673679548022553,0.3452783149973785
BPIC14,nagelkerke,0.5,rare-first,empty,B0_half,0.2362528879616348,0.21964778404395613,0.07028529496907221
BPIC14,nagelkerke,0.5,rare-first,empty,B0,0.2362528879616348,0.21928568225097486,0.07181798223527003
BPIC14,nagelkerke,0.5,rare-first,empty,B0+g,0.2362528879616348,0.18279719686339002,0.22626470964844025
BPIC14,nagelkerke,0.5,rare-first,B0_half,B0,0.21964778404395613,0.21928568225097486,0.0016485565495566457
BPIC14,nagelkerke,0.5,rare-first,B0_half,B0+g,0.21964778404395613,0.18279719686339002,0.16777126771828266
BPIC14,nagelkerke,0.5,rare-first,B0,B0+g,0.21928568225097486,0.18279719686339002,0.16639702607589024
BPIC14,nagelkerke,0.75,rare-first,empty,B0_half,0.3498195383623656,0.3266025516958044,0.06636846751113024
BPIC14,nagelkerke,0.75,rare-first,empty,B0,0.3498195383623656,0.3272123685367554,0.06462523486093064
BPIC14,nagelkerke,0.75,rare-first,empty,B0+g,0.3498195383623656,0.23989608034429077,0.3142290408725228
BPIC14,nagelkerke,0.75,rare-first,B0_half,B0,0.3266025516958044,0.3272123685367554,-0.0018671527144680233
BPIC14,nagelkerke,0.75,rare-first,B0_half,B0+g,0.3266025516958044,0.23989608034429077,0.2654800793849017
BPIC14,nagelkerke,0.75,rare-first,B0,B0+g,0.3272123685367554,0.23989608034429077,0.2668489842939922
BPIC14,nagelkerke,1.0,full,empty,B0_half,0.38878344594141245,0.36297389516143724,0.06638541596718228
BPIC14,nagelkerke,1.0,full,empty,B0,0.38878344594141245,0.3620221129967227,0.06883351959569428
BPIC14,nagelkerke,1.0,full,empty,B0+g,0.38878344594141245,0.2664938725548428,0.3145441881931311
BPIC14,nagelkerke,1.0,full,B0_half,B0,0.36297389516143724,0.3620221129967227,0.002622178006193021
BPIC14,nagelkerke,1.0,full,B0_half,B0+g,0.36297389516143724,0.2664938725548428,0.26580430133600574
BPIC14,nagelkerke,1.0,full,B0,B0+g,0.3620221129967227,0.2664938725548428,0.2638740480550278
BPIC14,nb_0.175,0.5,rare-first,B0,B0+g,0.001293871341074837,0.002910668695248919,-1.2495812395311159
BPIC14,nb_0.175,0.75,rare-first,empty,B0_half,0.001293871341074837,0.001252692856183124,0.03182579564480148
BPIC14,nb_0.175,0.75,rare-first,empty,B0,0.001293871341074837,0.001252692856183124,0.03182579564480148
BPIC14,nb_0.175,0.75,rare-first,empty,B0+g,0.001293871341074837,0.002869490210356984,-1.2177554438861429
BPIC14,nb_0.175,0.75,rare-first,B0_half,B0,0.001252692856183124,0.001252692856183124,0.0
BPIC14,nb_0.175,0.75,rare-first,B0_half,B0+g,0.001252692856183124,0.002869490210356984,-1.2906574394462016
BPIC14,nb_0.175,0.75,rare-first,B0,B0+g,0.001252692856183124,0.002869490210356984,-1.2906574394462016
BPIC14,nb_0.175,1.0,full,B0_half,B0,0.0012678638769326733,-0.00016904851692434164,1.1333333333333218
BPIC14,nb_0.175,1.0,full,B0_half,B0+g,0.0012678638769326733,0.0030472078819954174,-1.4034188034187771
BPIC14,nb_0.200,0.5,rare-first,empty,B0_half,0.0016270919753970103,0.0015555714490058659,0.04395604395608521
BPIC14,nb_0.200,0.5,rare-first,empty,B0,0.0016270919753970103,0.0015555714490058659,0.04395604395608521
BPIC14,nb_0.200,0.5,rare-first,empty,B0+g,0.0016270919753970103,0.00312902302960949,-0.9230769230768339
BPIC14,nb_0.200,0.5,rare-first,B0_half,B0,0.0015555714490058659,0.0015555714490058659,0.0
BPIC14,nb_0.200,0.5,rare-first,B0_half,B0+g,0.0015555714490058659,0.00312902302960949,-1.0114942528735567
BPIC14,nb_0.200,0.5,rare-first,B0,B0+g,0.0015555714490058659,0.00312902302960949,-1.0114942528735567
BPIC14,nb_0.200,0.75,rare-first,empty,B0_half,0.0016270919753970103,0.0015913317122013826,0.021978021978076745
BPIC14,nb_0.200,0.75,rare-first,empty,B0,0.0016270919753970103,0.0015913317122013826,0.021978021978076745
BPIC14,nb_0.200,0.75,rare-first,empty,B0+g,0.0016270919753970103,0.003164783292805007,-0.9450549450548422
BPIC14,nb_0.200,0.75,rare-first,B0_half,B0,0.0015913317122013826,0.0015913317122013826,0.0
BPIC14,nb_0.200,0.75,rare-first,B0_half,B0+g,0.0015913317122013826,0.003164783292805007,-0.9887640449438264
BPIC14,nb_0.200,0.75,rare-first,B0,B0+g,0.0015913317122013826,0.003164783292805007,-0.9887640449438264
BPIC14,nb_0.200,1.0,full,empty,B0_half,0.0016270919753970103,0.001609211843799252,0.010989010989004289
BPIC14,nb_0.200,1.0,full,empty,B0,0.0016270919753970103,0.001609211843799252,0.010989010989004289
BPIC14,nb_0.200,1.0,full,empty,B0+g,0.0016270919753970103,0.0032899442139894264,-1.0219780219779402
BPIC14,nb_0.200,1.0,full,B0_half,B0,0.001609211843799252,0.001609211843799252,0.0
BPIC14,nb_0.200,1.0,full,B0_half,B0+g,0.001609211843799252,0.0032899442139894264,-1.044444444444348
BPIC14,nb_0.200,1.0,full,B0,B0+g,0.001609211843799252,0.0032899442139894264,-1.044444444444348
BPIC14,nb_0.225,0.5,random,empty,B0_half,0.0011950849248573148,0.0007774973352836501,0.3494208494208242
BPIC14,nb_0.225,0.5,random,empty,B0,0.0011950849248573148,0.0007774973352836501,0.3494208494208242
BPIC14,nb_0.225,0.5,random,empty,B0+g,0.0011950849248573148,0.0025793531775877288,-1.1583011583011027
BPIC14,nb_0.225,0.5,random,B0_half,B0,0.0007774973352836501,0.0007774973352836501,0.0
BPIC14,nb_0.225,0.5,random,B0_half,B0+g,0.0007774973352836501,0.0025793531775877288,-2.317507418397412
BPIC14,nb_0.225,0.5,random,B0,B0+g,0.0007774973352836501,0.0025793531775877288,-2.317507418397412
BPIC14,nb_0.225,0.5,rare-first,empty,B0_half,0.001981810715159127,0.0019102901887679824,0.036088474970931705
BPIC14,nb_0.225,0.5,rare-first,empty,B0,0.001981810715159127,0.0019102901887679824,0.036088474970931705
BPIC14,nb_0.225,0.5,rare-first,empty,B0+g,0.001981810715159127,0.0034998915656535567,-0.7660069848661291
BPIC14,nb_0.225,0.5,rare-first,B0_half,B0,0.0019102901887679824,0.0019102901887679824,0.0
BPIC14,nb_0.225,0.5,rare-first,B0_half,B0+g,0.0019102901887679824,0.0034998915656535567,-0.8321256038648075
BPIC14,nb_0.225,0.5,rare-first,B0,B0+g,0.0019102901887679824,0.0034998915656535567,-0.8321256038648075
BPIC14,nb_0.225,0.75,rare-first,empty,B0_half,0.001981810715159127,0.0019010617337498203,0.040745052386510494
BPIC14,nb_0.225,0.75,rare-first,empty,B0,0.001981810715159127,0.0019010617337498203,0.040745052386510494
BPIC14,nb_0.225,0.75,rare-first,empty,B0+g,0.001981810715159127,0.0034698990868443635,-0.7508731082654141
BPIC14,nb_0.225,0.75,rare-first,B0_half,B0,0.0019010617337498203,0.0019010617337498203,0.0
BPIC14,nb_0.225,0.75,rare-first,B0_half,B0+g,0.0019010617337498203,0.0034698990868443635,-0.8252427184466185
BPIC14,nb_0.225,0.75,rare-first,B0,B0+g,0.0019010617337498203,0.0034698990868443635,-0.8252427184466185
BPIC14,nb_0.225,1.0,full,empty,B0_half,0.001981810715159127,0.0019010617337498203,0.040745052386510494
BPIC14,nb_0.225,1.0,full,empty,B0,0.001981810715159127,0.0019010617337498203,0.040745052386510494
BPIC14,nb_0.225,1.0,full,empty,B0+g,0.001981810715159127,0.003686767779772171,-0.8603026775320199
BPIC14,nb_0.225,1.0,full,B0_half,B0,0.0019010617337498203,0.0019010617337498203,0.0
BPIC14,nb_0.225,1.0,full,B0_half,B0+g,0.0019010617337498203,0.003686767779772171,-0.9393203883495502
BPIC14,nb_0.225,1.0,full,B0,B0+g,0.0019010617337498203,0.003686767779772171,-0.9393203883495502
BPIC14,nb_0.250,0.5,random,empty,B0_half,0.0013827301768941647,0.0009774471940114937,0.2931034482757887
BPIC14,nb_0.250,0.5,random,empty,B0,0.0013827301768941647,0.0009059266676203492,0.3448275862068716
BPIC14,nb_0.250,0.5,random,empty,B0+g,0.0013827301768941647,0.0016449721069946577,-0.18965517241370322
BPIC14,nb_0.250,0.5,random,B0_half,B0,0.0009774471940114937,0.0009059266676203492,0.07317073170737798
BPIC14,nb_0.250,0.5,random,B0_half,B0+g,0.0009774471940114937,0.0016449721069946577,-0.6829268292679906
BPIC14,nb_0.250,0.5,random,B0,B0+g,0.0009059266676203492,0.0016449721069946577,-0.8157894736840041
BPIC14,nb_0.250,0.5,rare-first,empty,B0_half,0.0023601773709054363,0.002288656844514403,0.03030303030301318
BPIC14,nb_0.250,0.5,rare-first,empty,B0,0.0023601773709054363,0.002288656844514403,0.03030303030301318
BPIC14,nb_0.250,0.5,rare-first,empty,B0+g,0.0023601773709054363,0.0038382682496543863,-0.6262626262626647
BPIC14,nb_0.250,0.5,rare-first,B0_half,B0,0.002288656844514403,0.002288656844514403,0.0
BPIC14,nb_0.250,0.5,rare-first,B0_half,B0+g,0.002288656844514403,0.0038382682496543863,-0.6770833333333435
BPIC14,nb_0.250,0.5,rare-first,B0,B0+g,0.002288656844514403,0.0038382682496543863,-0.6770833333333435
BPIC14,nb_0.250,0.75,rare-first,empty,B0_half,0.0023601773709054363,0.0019310542125590135,0.18181818181817322
BPIC14,nb_0.250,0.75,rare-first,empty,B0,0.0023601773709054363,0.0019310542125590135,0.18181818181817322
BPIC14,nb_0.250,0.75,rare-first,empty,B0+g,0.0023601773709054363,0.0038144280741906345,-0.616161616161629
BPIC14,nb_0.250,0.75,rare-first,B0_half,B0,0.0019310542125590135,0.0019310542125590135,0.0
BPIC14,nb_0.250,0.75,rare-first,B0_half,B0+g,0.0019310542125590135,0.0038144280741906345,-0.9753086419753036
BPIC14,nb_0.250,0.75,rare-first,B0,B0+g,0.0019310542125590135,0.0038144280741906345,-0.9753086419753036
BPIC14,nb_0.250,1.0,full,empty,B0_half,0.0023601773709054363,0.002288656844514403,0.03030303030301318
BPIC14,nb_0.250,1.0,full,empty,B0,0.0023601773709054363,0.002431697897296581,-0.030303030303060252
BPIC14,nb_0.250,1.0,full,empty,B0+g,0.0023601773709054363,0.0040766700042912385,-0.7272727272727402
BPIC14,nb_0.250,1.0,full,B0_half,B0,0.002288656844514403,0.002431697897296581,-0.06250000000001221
BPIC14,nb_0.250,1.0,full,B0_half,B0+g,0.002288656844514403,0.0040766700042912385,-0.7812499999999818
BPIC14,nb_0.250,1.0,full,B0,B0+g,0.002431697897296581,0.0040766700042912385,-0.676470588235258
BPIC14,nb_0.275,0.5,random,empty,B0_half,0.0015833164807955713,0.0011196661717775003,0.29283489096576576
BPIC14,nb_0.275,0.5,random,empty,B0,0.0015833164807955713,0.0011196661717775003,0.29283489096576576
BPIC14,nb_0.275,0.5,random,empty,B0+g,0.0015833164807955713,0.002000108513901977,-0.2632398753892713
BPIC14,nb_0.275,0.5,random,B0_half,B0,0.0011196661717775003,0.0011196661717775003,0.0
BPIC14,nb_0.275,0.5,random,B0_half,B0+g,0.0011196661717775003,0.002000108513901977,-0.7863436123346932
BPIC14,nb_0.275,0.5,random,B0,B0+g,0.0011196661717775003,0.002000108513901977,-0.7863436123346932
BPIC14,nb_0.275,0.5,rare-first,empty,B0_half,0.002764638278772158,0.0026931177523811245,0.025869759143607562
BPIC14,nb_0.275,0.5,rare-first,empty,B0,0.002764638278772158,0.0026931177523811245,0.025869759143607562
BPIC14,nb_0.275,0.5,rare-first,empty,B0+g,0.002764638278772158,0.004199981256689633,-0.5191793041927155
BPIC14,nb_0.275,0.5,rare-first,B0_half,B0,0.0026931177523811245,0.0026931177523811245,0.0
BPIC14,nb_0.275,0.5,rare-first,B0_half,B0+g,0.0026931177523811245,0.004199981256689633,-0.559523809523818
BPIC14,nb_0.275,0.5,rare-first,B0,B0+g,0.0026931177523811245,0.004199981256689633,-0.559523809523818
BPIC14,nb_0.275,0.75,rare-first,empty,B0_half,0.002764638278772158,0.0023651098210013544,0.14451382694022585
BPIC14,nb_0.275,0.75,rare-first,empty,B0,0.002764638278772158,0.0023651098210013544,0.14451382694022585
BPIC14,nb_0.275,0.75,rare-first,empty,B0+g,0.002764638278772158,0.004352887209663647,-0.5744870651204572
BPIC14,nb_0.275,0.75,rare-first,B0_half,B0,0.0023651098210013544,0.0023651098210013544,0.0
BPIC14,nb_0.275,0.75,rare-first,B0_half,B0+g,0.0023651098210013544,0.004352887209663647,-0.8404588112617519
BPIC14,nb_0.275,0.75,rare-first,B0,B0+g,0.0023651098210013544,0.004352887209663647,-0.8404588112617519
BPIC14,nb_0.275,1.0,full,empty,B0_half,0.002641327026373763,0.0028213614548754373,-0.06816059757236514
BPIC14,nb_0.275,1.0,full,empty,B0,0.002641327026373763,0.002606799875702226,0.013071895424830782
BPIC14,nb_0.275,1.0,full,empty,B0+g,0.002641327026373763,0.0045427865383571575,-0.7198879551820885
BPIC14,nb_0.275,1.0,full,B0_half,B0,0.0028213614548754373,0.002606799875702226,0.07604895104894815
BPIC14,nb_0.275,1.0,full,B0_half,B0+g,0.0028213614548754373,0.0045427865383571575,-0.6101398601398702
BPIC14,nb_0.275,1.0,full,B0,B0+g,0.002606799875702226,0.0045427865383571575,-0.7426679280983972
BPIC14,nb_0.300,0.5,random,empty,B0_half,0.0017982303778326658,0.0014712794000448781,0.18181818181819864
BPIC14,nb_0.300,0.5,random,empty,B0,0.0017982303778326658,0.0013486727833745826,0.2499999999999537
BPIC14,nb_0.300,0.5,random,empty,B0+g,0.0017982303778326658,0.0024112634611846984,-0.34090909090908394
BPIC14,nb_0.300,0.5,random,B0_half,B0,0.0014712794000448781,0.0013486727833745826,0.08333333333325788
BPIC14,nb_0.300,0.5,random,B0_half,B0+g,0.0014712794000448781,0.0024112634611846984,-0.6388888888889142
BPIC14,nb_0.300,0.5,random,B0,B0+g,0.0013486727833745826,0.0024112634611846984,-0.7878787878786682
BPIC14,nb_0.300,0.5,rare-first,empty,B0_half,0.0031979892514865105,0.003126468725095366,0.022364217252418772
BPIC14,nb_0.300,0.5,rare-first,empty,B0,0.0031979892514865105,0.003126468725095366,0.022364217252418772
BPIC14,nb_0.300,0.5,rare-first,empty,B0+g,0.0031979892514865105,0.004587530907084525,-0.43450479233228156
BPIC14,nb_0.300,0.5,rare-first,B0_half,B0,0.003126468725095366,0.003126468725095366,0.0
BPIC14,nb_0.300,0.5,rare-first,B0_half,B0+g,0.003126468725095366,0.004587530907084525,-0.4673202614379559
BPIC14,nb_0.300,0.5,rare-first,B0,B0+g,0.003126468725095366,0.004587530907084525,-0.4673202614379559
BPIC14,nb_0.300,0.75,rare-first,empty,B0_half,0.0031979892514865105,0.002830169401475291,0.11501597444089195
BPIC14,nb_0.300,0.75,rare-first,empty,B0,0.0031979892514865105,0.002830169401475291,0.11501597444089195
BPIC14,nb_0.300,0.75,rare-first,empty,B0+g,0.0031979892514865105,0.0050575229376543795,-0.5814696485622983
BPIC14,nb_0.300,0.75,rare-first,B0_half,B0,0.002830169401475291,0.002830169401475291,0.0
BPIC14,nb_0.300,0.75,rare-first,B0_half,B0+g,0.002830169401475291,0.0050575229376543795,-0.7870036101082958
BPIC14,nb_0.300,0.75,rare-first,B0,B0+g,0.002830169401475291,0.0050575229376543795,-0.7870036101082958
BPIC14,nb_0.300,1.0,full,empty,B0_half,0.0030958170709278754,0.0028608210556428926,0.07590759075908515
BPIC14,nb_0.300,1.0,full,empty,B0,0.0030958170709278754,0.003075382634816215,0.006600660065982478
BPIC14,nb_0.300,1.0,full,empty,B0+g,0.0030958170709278754,0.005139260682101465,-0.6600660066006843
BPIC14,nb_0.300,1.0,full,B0_half,B0,0.0028608210556428926,0.003075382634816215,-0.07500000000003681
BPIC14,nb_0.300,1.0,full,B0_half,B0+g,0.0028608210556428926,0.005139260682101465,-0.7964285714286155
BPIC14,nb_0.300,1.0,full,B0,B0+g,0.003075382634816215,0.005139260682101465,-0.6710963455149339
BPIC14,nb_0.325,0.25,rare-first,B0_half,B0,0.00014304105278217794,0.00014304105278217794,0.0
BPIC14,nb_0.325,0.25,rare-first,B0_half,B0+g,0.00014304105278217794,0.0,1.0
BPIC14,nb_0.325,0.25,rare-first,B0,B0+g,0.00014304105278217794,0.0,1.0
BPIC14,nb_0.325,0.5,random,empty,B0_half,0.0013138585588877705,0.0018039066100858925,-0.3729838709677895
BPIC14,nb_0.325,0.5,random,empty,B0,0.0013138585588877705,0.0018039066100858925,-0.3729838709677895
BPIC14,nb_0.325,0.5,random,empty,B0+g,0.0013138585588877705,0.0027522158118638007,-1.094758064516208
BPIC14,nb_0.325,0.5,random,B0_half,B0,0.0018039066100858925,0.0018039066100858925,0.0
BPIC14,nb_0.325,0.5,random,B0_half,B0+g,0.0018039066100858925,0.0027522158118638007,-0.5256975036710769
BPIC14,nb_0.325,0.5,random,B0,B0+g,0.0018039066100858925,0.0027522158118638007,-0.5256975036710769
BPIC14,nb_0.325,0.5,rare-first,empty,B0_half,0.0036634402962538726,0.0038064813490359395,-0.03904555314531444
BPIC14,nb_0.325,0.5,rare-first,empty,B0,0.0036634402962538726,0.0038064813490359395,-0.03904555314531444
BPIC14,nb_0.325,0.5,rare-first,empty,B0+g,0.0036634402962538726,0.005003787938990256,-0.3658712942877722
BPIC14,nb_0.325,0.5,rare-first,B0_half,B0,0.0038064813490359395,0.0038064813490359395,0.0
BPIC14,nb_0.325,0.5,rare-first,B0_half,B0+g,0.0038064813490359395,0.005003787938990256,-0.3145441892832488
BPIC14,nb_0.325,0.5,rare-first,B0,B0+g,0.0038064813490359395,0.005003787938990256,-0.3145441892832488
BPIC14,nb_0.325,0.75,rare-first,empty,B0_half,0.0036634402962538726,0.0035442394189354465,0.03253796095443873
BPIC14,nb_0.325,0.75,rare-first,empty,B0,0.0036634402962538726,0.003472718892544302,0.052060737527126255
BPIC14,nb_0.325,0.75,rare-first,empty,B0+g,0.0036634402962538726,0.005883225522762103,-0.6059291395517263
BPIC14,nb_0.325,0.75,rare-first,B0_half,B0,0.0035442394189354465,0.003472718892544302,0.02017937219732935
BPIC14,nb_0.325,0.75,rare-first,B0_half,B0+g,0.0035442394189354465,0.005883225522762103,-0.6599402092675777
BPIC14,nb_0.325,0.75,rare-first,B0,B0+g,0.003472718892544302,0.005883225522762103,-0.6941266209001251
BPIC14,nb_0.325,1.0,full,empty,B0_half,0.0031283608025132192,0.0038832996921968066,-0.2413209144792683
BPIC14,nb_0.325,1.0,full,empty,B0,0.0031283608025132192,0.0034621232590049678,-0.10668924640137889
BPIC14,nb_0.325,1.0,full,empty,B0+g,0.0031283608025132192,0.0060368622090836155,-0.9297205757832678
BPIC14,nb_0.325,1.0,full,B0_half,B0,0.0038832996921968066,0.0034621232590049678,0.10845839017734338
BPIC14,nb_0.325,1.0,full,B0_half,B0+g,0.0038832996921968066,0.0060368622090836155,-0.5545702592087414
BPIC14,nb_0.325,1.0,full,B0,B0+g,0.0034621232590049678,0.0060368622090836155,-0.7436878347360287
BPIC14,nb_0.350,0.25,rare-first,B0_half,B0,0.00014304105278217794,0.00014304105278217794,0.0
BPIC14,nb_0.350,0.25,rare-first,B0_half,B0+g,0.00014304105278217794,0.00014854263173535998,-0.03846153846168776
BPIC14,nb_0.350,0.25,rare-first,B0,B0+g,0.00014304105278217794,0.00014854263173535998,-0.03846153846168776
BPIC14,nb_0.350,0.5,random,empty,B0_half,0.0017825115808237646,0.0020850984232475556,-0.16975308641975517
BPIC14,nb_0.350,0.5,random,empty,B0,0.0017825115808237646,0.0020850984232475556,-0.16975308641975517
BPIC14,nb_0.350,0.5,random,empty,B0+g,0.0017825115808237646,0.0032679378981768092,-0.8333333333332815
BPIC14,nb_0.350,0.5,random,B0_half,B0,0.0020850984232475556,0.0020850984232475556,0.0
BPIC14,nb_0.350,0.5,random,B0_half,B0+g,0.0020850984232475556,0.0032679378981768092,-0.567282321899689
BPIC14,nb_0.350,0.5,random,B0,B0+g,0.0020850984232475556,0.0032679378981768092,-0.567282321899689
BPIC14,nb_0.350,0.5,rare-first,empty,B0_half,0.004164695267541818,0.004307736320323996,-0.03434610303831587
BPIC14,nb_0.350,0.5,rare-first,empty,B0,0.004164695267541818,0.004307736320323996,-0.03434610303831587
BPIC14,nb_0.350,0.5,rare-first,empty,B0+g,0.004164695267541818,0.00552358526897212,-0.3262879788639079
BPIC14,nb_0.350,0.5,rare-first,B0_half,B0,0.004307736320323996,0.004307736320323996,0.0
BPIC14,nb_0.350,0.5,rare-first,B0_half,B0+g,0.004307736320323996,0.00552358526897212,-0.2822477650063495
BPIC14,nb_0.350,0.5,rare-first,B0,B0+g,0.004307736320323996,0.00552358526897212,-0.2822477650063495
BPIC14,nb_0.350,0.75,rare-first,empty,B0_half,0.004120682635916584,0.004714853162857802,-0.144192256341783
BPIC14,nb_0.350,0.75,rare-first,empty,B0,0.004120682635916584,0.004714853162857802,-0.144192256341783
BPIC14,nb_0.350,0.75,rare-first,empty,B0+g,0.004120682635916584,0.006816456322964681,-0.6542056074766027
BPIC14,nb_0.350,0.75,rare-first,B0_half,B0,0.004714853162857802,0.004714853162857802,0.0
BPIC14,nb_0.350,0.75,rare-first,B0_half,B0+g,0.004714853162857802,0.006816456322964681,-0.4457409568261168
BPIC14,nb_0.350,0.75,rare-first,B0,B0+g,0.004714853162857802,0.006816456322964681,-0.4457409568261168
BPIC14,nb_0.350,1.0,full,empty,B0_half,0.004065666846384985,0.004736859478670419,-0.16508795669822995
BPIC14,nb_0.350,1.0,full,empty,B0,0.004065666846384985,0.004736859478670419,-0.16508795669822995
BPIC14,nb_0.350,1.0,full,empty,B0+g,0.004065666846384985,0.006937491059934131,-0.7063599458727532
BPIC14,nb_0.350,1.0,full,B0_half,B0,0.004736859478670419,0.004736859478670419,0.0
BPIC14,nb_0.350,1.0,full,B0_half,B0+g,0.004736859478670419,0.006937491059934131,-0.46457607433214454
BPIC14,nb_0.350,1.0,full,B0,B0+g,0.004736859478670419,0.006937491059934131,-0.46457607433214454
BPIC14,nb_0.375,0.5,random,empty,B0_half,0.002460306107852861,0.0023887855814618275,0.029069767441844974
BPIC14,nb_0.375,0.5,random,empty,B0,0.002460306107852861,0.0020454870547846893,0.16860465116277312
BPIC14,nb_0.375,0.5,random,empty,B0+g,0.002460306107852861,0.003261336003433035,-0.3255813953489075
BPIC14,nb_0.375,0.5,random,B0_half,B0,0.0023887855814618275,0.0020454870547846893,0.14371257485029498
BPIC14,nb_0.375,0.5,random,B0_half,B0+g,0.0023887855814618275,0.003261336003433035,-0.36526946107789504
BPIC14,nb_0.375,0.5,random,B0,B0+g,0.0020454870547846893,0.003261336003433035,-0.5944055944056452
BPIC14,nb_0.375,0.5,rare-first,empty,B0_half,0.004706050636532733,0.0048490916893149105,-0.030395136778121445
BPIC14,nb_0.375,0.5,rare-first,empty,B0,0.004706050636532733,0.0048490916893149105,-0.030395136778121445
BPIC14,nb_0.375,0.5,rare-first,empty,B0+g,0.004706050636532733,0.006007724216850252,-0.2765957446808416
BPIC14,nb_0.375,0.5,rare-first,B0_half,B0,0.0048490916893149105,0.0048490916893149105,0.0
BPIC14,nb_0.375,0.5,rare-first,B0_half,B0+g,0.0048490916893149105,0.006007724216850252,-0.23893805309732863
BPIC14,nb_0.375,0.5,rare-first,B0,B0+g,0.0048490916893149105,0.006007724216850252,-0.23893805309732863
BPIC14,nb_0.375,0.75,rare-first,empty,B0_half,0.005106565584322653,0.005678729795451254,-0.11204481792717313
BPIC14,nb_0.375,0.75,rare-first,empty,B0,0.005106565584322653,0.005678729795451254,-0.11204481792717313
BPIC14,nb_0.375,0.75,rare-first,empty,B0+g,0.005106565584322653,0.0076240881132885185,-0.4929971988795667
BPIC14,nb_0.375,0.75,rare-first,B0_half,B0,0.005678729795451254,0.005678729795451254,0.0
BPIC14,nb_0.375,0.75,rare-first,B0_half,B0+g,0.005678729795451254,0.0076240881132885185,-0.3425692695214211
BPIC14,nb_0.375,0.75,rare-first,B0,B0+g,0.005678729795451254,0.0076240881132885185,-0.3425692695214211
BPIC14,nb_0.375,1.0,full,empty,B0_half,0.0050064368473751175,0.005592905163781969,-0.11714285714286765
BPIC14,nb_0.375,1.0,full,empty,B0,0.0050064368473751175,0.005735946216564147,-0.14571428571430256
BPIC14,nb_0.375,1.0,full,empty,B0+g,0.0050064368473751175,0.007824345587183479,-0.5628571428571589
BPIC14,nb_0.375,1.0,full,B0_half,B0,0.005592905163781969,0.005735946216564147,-0.025575447570337806
BPIC14,nb_0.375,1.0,full,B0_half,B0+g,0.005592905163781969,0.007824345587183479,-0.398976982097188
BPIC14,nb_0.375,1.0,full,B0,B0+g,0.005735946216564147,0.007824345587183479,-0.36408977556109146
BPIC14,nb_0.400,0.5,random,empty,B0_half,0.0030277022838887113,0.0028846612311065334,0.04724409448820022
BPIC14,nb_0.400,0.5,random,empty,B0,0.0030277022838887113,0.0028846612311065334,0.04724409448820022
BPIC14,nb_0.400,0.5,random,empty,B0+g,0.0030277022838887113,0.0038382682496543863,-0.2677165354331348
BPIC14,nb_0.400,0.5,random,B0_half,B0,0.0028846612311065334,0.0028846612311065334,0.0
BPIC14,nb_0.400,0.5,random,B0_half,B0+g,0.0028846612311065334,0.0038382682496543863,-0.3305785123967768
BPIC14,nb_0.400,0.5,random,B0,B0+g,0.0028846612311065334,0.0038382682496543863,-0.3305785123967768
BPIC14,nb_0.400,0.5,rare-first,empty,B0_half,0.005292518952939473,0.005435560005721651,-0.027027027027032746
BPIC14,nb_0.400,0.5,rare-first,empty,B0,0.005292518952939473,0.005435560005721651,-0.027027027027032746
BPIC14,nb_0.400,0.5,rare-first,empty,B0+g,0.005292518952939473,0.007128212463643813,-0.34684684684686706
BPIC14,nb_0.400,0.5,rare-first,B0_half,B0,0.005435560005721651,0.005435560005721651,0.0
BPIC14,nb_0.400,0.5,rare-first,B0_half,B0+g,0.005435560005721651,0.007128212463643813,-0.31140350877194245
BPIC14,nb_0.400,0.5,rare-first,B0,B0+g,0.005435560005721651,0.007128212463643813,-0.31140350877194245
BPIC14,nb_0.400,0.75,rare-first,empty,B0_half,0.00617460544509596,0.006651408954369886,-0.07722007722009461
BPIC14,nb_0.400,0.75,rare-first,empty,B0,0.00617460544509596,0.006651408954369886,-0.07722007722009461
BPIC14,nb_0.400,0.75,rare-first,empty,B0+g,0.00617460544509596,0.00913078720259397,-0.47876447876453243
BPIC14,nb_0.400,0.75,rare-first,B0_half,B0,0.006651408954369886,0.006651408954369886,0.0
BPIC14,nb_0.400,0.75,rare-first,B0_half,B0+g,0.006651408954369886,0.00913078720259397,-0.3727598566308521
BPIC14,nb_0.400,0.75,rare-first,B0,B0+g,0.006651408954369886,0.00913078720259397,-0.3727598566308521
BPIC14,nb_0.400,1.0,full,empty,B0_half,0.006246125971486993,0.006317646497878138,-0.011450381679400934
BPIC14,nb_0.400,1.0,full,empty,B0,0.006246125971486993,0.006436847375196675,-0.030534351145063088
BPIC14,nb_0.400,1.0,full,empty,B0+g,0.006246125971486993,0.009536070185476642,-0.5267175572519589
BPIC14,nb_0.400,1.0,full,B0_half,B0,0.006317646497878138,0.006436847375196675,-0.01886792452831476
BPIC14,nb_0.400,1.0,full,B0_half,B0+g,0.006317646497878138,0.009536070185476642,-0.5094339622641837
BPIC14,nb_0.400,1.0,full,B0,B0+g,0.006436847375196675,0.009536070185476642,-0.48148148148149494
BPIC14,nb_0.425,0.5,random,empty,B0_half,0.0036444372578408046,0.0034298756786674822,0.05887372013654646
BPIC14,nb_0.425,0.5,random,empty,B0,0.0036444372578408046,0.0034298756786674822,0.05887372013654646
BPIC14,nb_0.425,0.5,random,empty,B0+g,0.0036444372578408046,0.00470169721318725,-0.2901023890785359
BPIC14,nb_0.425,0.5,random,B0_half,B0,0.0034298756786674822,0.0034298756786674822,0.0
BPIC14,nb_0.425,0.5,random,B0_half,B0+g,0.0034298756786674822,0.00470169721318725,-0.3708068902992645
BPIC14,nb_0.425,0.5,random,B0,B0+g,0.0034298756786674822,0.00470169721318725,-0.3708068902992645
BPIC14,nb_0.425,0.5,rare-first,empty,B0_half,0.0059299845142511964,0.006073025567033263,-0.02412165705294922
BPIC14,nb_0.425,0.5,rare-first,empty,B0,0.0059299845142511964,0.006073025567033263,-0.02412165705294922
BPIC14,nb_0.425,0.5,rare-first,empty,B0+g,0.0059299845142511964,0.0070556554078847755,-0.1898269533298642
BPIC14,nb_0.425,0.5,rare-first,B0_half,B0,0.006073025567033263,0.006073025567033263,0.0
BPIC14,nb_0.425,0.5,rare-first,B0_half,B0+g,0.006073025567033263,0.0070556554078847755,-0.1618023553507839
BPIC14,nb_0.425,0.5,rare-first,B0,B0+g,0.006073025567033263,0.0070556554078847755,-0.1618023553507839
BPIC14,nb_0.425,0.75,rare-first,empty,B0_half,0.007335518337240998,0.0076433675595329875,-0.041966935142006
BPIC14,nb_0.425,0.75,rare-first,empty,B0,0.007335518337240998,0.007263997810849965,0.009749894022885619
BPIC14,nb_0.425,0.75,rare-first,empty,B0+g,0.007335518337240998,0.010311394152730635,-0.4056803730394476
BPIC14,nb_0.425,0.75,rare-first,B0_half,B0,0.0076433675595329875,0.007263997810849965,0.04963384865743681
BPIC14,nb_0.425,0.75,rare-first,B0_half,B0+g,0.0076433675595329875,0.010311394152730635,-0.3490642799023871
BPIC14,nb_0.425,0.75,rare-first,B0,B0+g,0.007263997810849965,0.010311394152730635,-0.419520547945222
BPIC14,nb_0.425,1.0,full,empty,B0_half,0.00750032650675081,0.007677573028676554,-0.023631840796025427
BPIC14,nb_0.425,1.0,full,empty,B0,0.00750032650675081,0.007677573028676554,-0.023631840796025427
BPIC14,nb_0.425,1.0,full,empty,B0+g,0.00750032650675081,0.011340667815141314,-0.5120232172471337
BPIC14,nb_0.425,1.0,full,B0_half,B0,0.007677573028676554,0.007677573028676554,0.0
BPIC14,nb_0.425,1.0,full,B0_half,B0+g,0.007677573028676554,0.011340667815141314,-0.47711624139330366
BPIC14,nb_0.425,1.0,full,B0,B0+g,0.007677573028676554,0.011340667815141314,-0.47711624139330366
BPIC14,nb_0.450,0.5,random,empty,B0_half,0.004317239047606725,0.0036930599081936855,0.1445783132530164
BPIC14,nb_0.450,0.5,random,empty,B0,0.004317239047606725,0.003888115889260191,0.09939759036146478
BPIC14,nb_0.450,0.5,random,empty,B0+g,0.004317239047606725,0.005604608522646104,-0.29819277108434306
BPIC14,nb_0.450,0.5,random,B0_half,B0,0.0036930599081936855,0.003888115889260191,-0.05281690140843387
BPIC14,nb_0.450,0.5,random,B0_half,B0+g,0.0036930599081936855,0.005604608522646104,-0.5176056338028312
BPIC14,nb_0.450,0.5,random,B0,B0+g,0.003888115889260191,0.005604608522646104,-0.4414715719063913
BPIC14,nb_0.450,0.5,rare-first,empty,B0_half,0.0066254014902277225,0.0066254014902277225,0.0
BPIC14,nb_0.450,0.5,rare-first,empty,B0,0.0066254014902277225,0.0066254014902277225,0.0
BPIC14,nb_0.450,0.5,rare-first,empty,B0+g,0.0066254014902277225,0.006053237279099122,0.0863591756624148
BPIC14,nb_0.450,0.5,rare-first,B0_half,B0,0.0066254014902277225,0.0066254014902277225,0.0
BPIC14,nb_0.450,0.5,rare-first,B0_half,B0+g,0.0066254014902277225,0.006053237279099122,0.0863591756624148
BPIC14,nb_0.450,0.5,rare-first,B0,B0+g,0.0066254014902277225,0.006053237279099122,0.0863591756624148
BPIC14,nb_0.450,0.75,rare-first,empty,B0_half,0.008601968765035495,0.008517444506573324,0.009826152683294676
BPIC14,nb_0.450,0.75,rare-first,empty,B0,0.008601968765035495,0.008517444506573324,0.009826152683294676
BPIC14,nb_0.450,0.75,rare-first,empty,B0+g,0.008601968765035495,0.010890625609550009,-0.2660619803477129
BPIC14,nb_0.450,0.75,rare-first,B0_half,B0,0.008517444506573324,0.008517444506573324,0.0
BPIC14,nb_0.450,0.75,rare-first,B0_half,B0+g,0.008517444506573324,0.010890625609550009,-0.27862595419849057
BPIC14,nb_0.450,0.75,rare-first,B0,B0+g,0.008517444506573324,0.010890625609550009,-0.27862595419849057
BPIC14,nb_0.450,1.0,full,empty,B0_half,0.008868545272493256,0.009057099387524081,-0.021260997067427345
BPIC14,nb_0.450,1.0,full,empty,B0,0.008868545272493256,0.009057099387524081,-0.021260997067427345
BPIC14,nb_0.450,1.0,full,empty,B0+g,0.008868545272493256,0.012308032405300429,-0.38782991202346473
BPIC14,nb_0.450,1.0,full,B0_half,B0,0.009057099387524081,0.009057099387524081,0.0
BPIC14,nb_0.450,1.0,full,B0_half,B0+g,0.009057099387524081,0.012308032405300429,-0.3589375448672256
BPIC14,nb_0.450,1.0,full,B0,B0+g,0.009057099387524081,0.012308032405300429,-0.3589375448672256
BPIC14,nb_0.475,0.5,random,empty,B0_half,0.004883830230704711,0.004519416120045361,0.07461645746166057
BPIC14,nb_0.475,0.5,random,empty,B0,0.004883830230704711,0.004454707072358288,0.0878661087866075
BPIC14,nb_0.475,0.5,random,empty,B0+g,0.004883830230704711,0.008354278630347767,-0.7105997210599779
BPIC14,nb_0.475,0.5,random,B0_half,B0,0.004519416120045361,0.004454707072358288,0.01431801055009363
BPIC14,nb_0.475,0.5,random,B0_half,B0+g,0.004519416120045361,0.008354278630347767,-0.8485305199698929
BPIC14,nb_0.475,0.5,random,B0,B0+g,0.004454707072358288,0.008354278630347767,-0.8753822629969414
BPIC14,nb_0.475,0.5,rare-first,empty,B0_half,0.007387048654392325,0.007244007601610147,0.019363762102355464
BPIC14,nb_0.475,0.5,rare-first,empty,B0,0.007387048654392325,0.007244007601610147,0.019363762102355464
BPIC14,nb_0.475,0.5,rare-first,empty,B0+g,0.007387048654392325,0.008759561613230549,-0.18579990779160904
BPIC14,nb_0.475,0.5,rare-first,B0_half,B0,0.007244007601610147,0.007244007601610147,0.0
BPIC14,nb_0.475,0.5,rare-first,B0_half,B0+g,0.007244007601610147,0.008759561613230549,-0.20921485660555272
BPIC14,nb_0.475,0.5,rare-first,B0,B0+g,0.007244007601610147,0.008759561613230549,-0.20921485660555272
BPIC14,nb_0.475,0.75,rare-first,empty,B0_half,0.009989033519286594,0.0099107015141916,0.007841800204569593
BPIC14,nb_0.475,0.75,rare-first,empty,B0,0.009989033519286594,0.0099107015141916,0.007841800204569593
BPIC14,nb_0.475,0.75,rare-first,empty,B0+g,0.009989033519286594,0.01382730176894087,-0.3842482100238662
BPIC14,nb_0.475,0.75,rare-first,B0_half,B0,0.0099107015141916,0.0099107015141916,0.0
BPIC14,nb_0.475,0.75,rare-first,B0_half,B0+g,0.0099107015141916,0.01382730176894087,-0.3951890034364274
BPIC14,nb_0.475,0.75,rare-first,B0,B0+g,0.0099107015141916,0.01382730176894087,-0.3951890034364274
BPIC14,nb_0.475,1.0,full,empty,B0_half,0.010496488682728122,0.010820033921163819,-0.0308241401687106
BPIC14,nb_0.475,1.0,full,empty,B0,0.010496488682728122,0.010820033921163819,-0.0308241401687106
BPIC14,nb_0.475,1.0,full,empty,B0+g,0.010496488682728122,0.01438243728330979,-0.37021414665801156
BPIC14,nb_0.475,1.0,full,B0_half,B0,0.010820033921163819,0.010820033921163819,0.0
BPIC14,nb_0.475,1.0,full,B0_half,B0+g,0.010820033921163819,0.01438243728330979,-0.32924142272585355
BPIC14,nb_0.475,1.0,full,B0,B0+g,0.010820033921163819,0.01438243728330979,-0.32924142272585355
BPIC14,nb_0.500,0.5,random,empty,B0_half,0.005721642111286007,0.005292518952939473,0.0750000000000145
BPIC14,nb_0.500,0.5,random,empty,B0,0.005721642111286007,0.005364039479330618,0.06250000000000244
BPIC14,nb_0.500,0.5,random,empty,B0+g,0.005721642111286007,0.008439422114146722,-0.47499999999997566
BPIC14,nb_0.500,0.5,random,B0_half,B0,0.005292518952939473,0.005364039479330618,-0.01351351351352692
BPIC14,nb_0.500,0.5,random,B0_half,B0+g,0.005292518952939473,0.008439422114146722,-0.5945945945945934
BPIC14,nb_0.500,0.5,random,B0,B0+g,0.005364039479330618,0.008439422114146722,-0.5733333333333115
BPIC14,nb_0.500,0.5,rare-first,empty,B0_half,0.00822486053497351,0.008010298955800299,0.02608695652173787
BPIC14,nb_0.500,0.5,rare-first,empty,B0,0.00822486053497351,0.008010298955800299,0.02608695652173787
BPIC14,nb_0.500,0.5,rare-first,empty,B0+g,0.00822486053497351,0.008725504219711078,-0.06086956521739739
BPIC14,nb_0.500,0.5,rare-first,B0_half,B0,0.008010298955800299,0.008010298955800299,0.0
BPIC14,nb_0.500,0.5,rare-first,B0_half,B0+g,0.008010298955800299,0.008725504219711078,-0.08928571428571908
BPIC14,nb_0.500,0.5,rare-first,B0,B0+g,0.008010298955800299,0.008725504219711078,-0.08928571428571908
BPIC14,nb_0.500,0.75,rare-first,empty,B0_half,0.011514804748962937,0.011443284222571903,0.0062111801242200615
BPIC14,nb_0.500,0.75,rare-first,empty,B0,0.011514804748962937,0.011443284222571903,0.0062111801242200615
BPIC14,nb_0.500,0.75,rare-first,empty,B0+g,0.011514804748962937,0.01530539264768993,-0.32919254658385655
BPIC14,nb_0.500,0.75,rare-first,B0_half,B0,0.011443284222571903,0.011443284222571903,0.0
BPIC14,nb_0.500,0.75,rare-first,B0_half,B0+g,0.011443284222571903,0.01530539264768993,-0.3375000000000008
BPIC14,nb_0.500,0.75,rare-first,B0,B0+g,0.011443284222571903,0.01530539264768993,-0.3375000000000008
BPIC14,nb_0.500,1.0,full,empty,B0_half,0.012158489486482682,0.01251609211843796,-0.029411764705874477
BPIC14,nb_0.500,1.0,full,empty,B0,0.012158489486482682,0.01251609211843796,-0.029411764705874477
BPIC14,nb_0.500,1.0,full,empty,B0+g,0.012158489486482682,0.016449721069947132,-0.3529411764705861
BPIC14,nb_0.500,1.0,full,B0_half,B0,0.01251609211843796,0.01251609211843796,0.0
BPIC14,nb_0.500,1.0,full,B0_half,B0+g,0.01251609211843796,0.016449721069947132,-0.31428571428572205
BPIC14,nb_0.500,1.0,full,B0,B0+g,0.01251609211843796,0.016449721069947132,-0.31428571428572205
BPIC14,nb_0.525,0.5,random,empty,B0_half,0.0066476447161387675,0.0065573029985921405,0.013590033975086069
BPIC14,nb_0.525,0.5,random,empty,B0,0.0066476447161387675,0.006628823524983174,0.002831257078149907
BPIC14,nb_0.525,0.5,random,empty,B0+g,0.0066476447161387675,0.0015358091982925481,0.7689694224235541
BPIC14,nb_0.525,0.5,random,B0_half,B0,0.0065573029985921405,0.006628823524983174,-0.010907003444310615
BPIC14,nb_0.525,0.5,random,B0_half,B0+g,0.0065573029985921405,0.0015358091982925481,0.7657864523536143
BPIC14,nb_0.525,0.5,random,B0,B0+g,0.006628823524983174,0.0015358091982925481,0.7683134582623473
BPIC14,nb_0.525,0.5,rare-first,empty,B0_half,0.00915086313982627,0.00893630156065306,0.023447141094198987
BPIC14,nb_0.525,0.5,rare-first,empty,B0,0.00915086313982627,0.00893630156065306,0.023447141094198987
BPIC14,nb_0.525,0.5,rare-first,empty,B0+g,0.00915086313982627,-0.004001385239668975,1.4372686137392
BPIC14,nb_0.525,0.5,rare-first,B0_half,B0,0.00893630156065306,0.00893630156065306,0.0
BPIC14,nb_0.525,0.5,rare-first,B0_half,B0+g,0.00893630156065306,-0.004001385239668975,1.447767481044648
BPIC14,nb_0.525,0.5,rare-first,B0,B0+g,0.00893630156065306,-0.004001385239668975,1.447767481044648
BPIC14,nb_0.525,0.75,rare-first,empty,B0_half,0.0132011834764999,0.012994150373788815,0.015682919874542733
BPIC14,nb_0.525,0.75,rare-first,empty,B0,0.0132011834764999,0.012994150373788815,0.015682919874542733
BPIC14,nb_0.525,0.75,rare-first,empty,B0+g,0.0132011834764999,0.003139374684745011,0.7621899059024843
BPIC14,nb_0.525,0.75,rare-first,B0_half,B0,0.012994150373788815,0.012994150373788815,0.0
BPIC14,nb_0.525,0.75,rare-first,B0_half,B0+g,0.012994150373788815,0.003139374684745011,0.7584009269988433
BPIC14,nb_0.525,0.75,rare-first,B0,B0+g,0.012994150373788815,0.003139374684745011,0.7584009269988433
BPIC14,nb_0.525,1.0,full,empty,B0_half,0.013995437743263839,0.014341747660525872,-0.02474448628294712
BPIC14,nb_0.525,1.0,full,empty,B0,0.013995437743263839,0.014492317189770287,-0.0355029585798845
BPIC14,nb_0.525,1.0,full,empty,B0+g,0.013995437743263839,0.004441801112708865,0.6826250672404475
BPIC14,nb_0.525,1.0,full,B0_half,B0,0.014341747660525872,0.014492317189770287,-0.01049868766404538
BPIC14,nb_0.525,1.0,full,B0_half,B0+g,0.014341747660525872,0.004441801112708865,0.6902887139107566
BPIC14,nb_0.525,1.0,full,B0,B0+g,0.014492317189770287,0.004441801112708865,0.6935064935064901
BPIC14,nb_0.550,0.5,random,empty,B0_half,0.007350720767971497,0.0075414421716809565,-0.025945945945936355
BPIC14,nb_0.550,0.5,random,empty,B0,0.007350720767971497,0.007644749598690326,-0.03999999999999582
BPIC14,nb_0.550,0.5,random,empty,B0+g,0.007350720767971497,0.002924394856879453,0.6021621621621647
BPIC14,nb_0.550,0.5,random,B0_half,B0,0.0075414421716809565,0.007644749598690326,-0.013698630136991685
BPIC14,nb_0.550,0.5,random,B0_half,B0+g,0.0075414421716809565,0.002924394856879453,0.6122233930453096
BPIC14,nb_0.550,0.5,random,B0,B0+g,0.007644749598690326,0.002924394856879453,0.6174636174636183
BPIC14,nb_0.550,0.5,rare-first,empty,B0_half,0.010179754922996276,0.009861885916813695,0.0312256049960995
BPIC14,nb_0.550,0.5,rare-first,empty,B0,0.010179754922996276,0.009965193343823064,0.02107728337236414
BPIC14,nb_0.550,0.5,rare-first,empty,B0+g,0.010179754922996276,-0.0026303660261606243,1.2583918813427004
BPIC14,nb_0.550,0.5,rare-first,B0_half,B0,0.009861885916813695,0.009965193343823064,-0.01047542304593474
BPIC14,nb_0.550,0.5,rare-first,B0_half,B0+g,0.009861885916813695,-0.0026303660261606243,1.266720386784851
BPIC14,nb_0.550,0.5,rare-first,B0,B0+g,0.009965193343823064,-0.0026303660261606243,1.2639553429027104
BPIC14,nb_0.550,0.75,rare-first,empty,B0_half,0.015074937618207551,0.014200797851205427,0.05798629414866274
BPIC14,nb_0.550,0.75,rare-first,empty,B0,0.015074937618207551,0.013906769020486709,0.07749077490774658
BPIC14,nb_0.550,0.75,rare-first,empty,B0+g,0.015074937618207551,0.008216913809818926,0.45492883500263936
BPIC14,nb_0.550,0.75,rare-first,B0_half,B0,0.014200797851205427,0.013906769020486709,0.020705092333509922
BPIC14,nb_0.550,0.75,rare-first,B0_half,B0+g,0.014200797851205427,0.008216913809818926,0.42137660884163364
BPIC14,nb_0.550,0.75,rare-first,B0,B0+g,0.013906769020486709,0.008216913809818926,0.4091428571428627
BPIC14,nb_0.550,1.0,full,empty,B0_half,0.015400753349544716,0.015647101829336152,-0.015995872033020886
BPIC14,nb_0.550,1.0,full,empty,B0,0.015400753349544716,0.015249765571607954,0.009803921568630636
BPIC14,nb_0.550,1.0,full,empty,B0+g,0.015400753349544716,0.007080532112716309,0.5402476780185803
BPIC14,nb_0.550,1.0,full,B0_half,B0,0.015647101829336152,0.015249765571607954,0.025393600812595674
BPIC14,nb_0.550,1.0,full,B0_half,B0+g,0.015647101829336152,0.007080532112716309,0.5474860335195563
BPIC14,nb_0.550,1.0,full,B0,B0+g,0.015249765571607954,0.007080532112716309,0.5356956748306441
BPIC14,nb_0.575,0.5,random,empty,B0_half,0.008616119885230589,0.009078899761878811,-0.0537109375000111
BPIC14,nb_0.575,0.5,random,empty,B0,0.008616119885230589,0.009108349390392734,-0.05712890625000533
BPIC14,nb_0.575,0.5,random,empty,B0+g,0.008616119885230589,-0.007492826911911998,1.8696289062500053
BPIC14,nb_0.575,0.5,random,B0_half,B0,0.009078899761878811,0.009108349390392734,-0.0032437442075941014
BPIC14,nb_0.575,0.5,random,B0_half,B0+g,0.009078899761878811,-0.007492826911911998,1.8253012048192736
BPIC14,nb_0.575,0.5,random,B0,B0+g,0.009108349390392734,-0.007492826911911998,1.8226327944572758
BPIC14,nb_0.575,0.5,rare-first,empty,B0_half,0.011329692798303759,0.010492481930549413,0.07389528406981072
BPIC14,nb_0.575,0.5,rare-first,empty,B0,0.011329692798303759,0.01061448753439298,0.06312662458225315
BPIC14,nb_0.575,0.5,rare-first,empty,B0+g,0.011329692798303759,0.005620671956380829,0.5038989974006765
BPIC14,nb_0.575,0.5,rare-first,B0_half,B0,0.010492481930549413,0.01061448753439298,-0.01162790697674132
BPIC14,nb_0.575,0.5,rare-first,B0_half,B0+g,0.010492481930549413,0.005620671956380829,0.46431435445069036
BPIC14,nb_0.575,0.5,rare-first,B0,B0+g,0.01061448753439298,0.005620671956380829,0.4704716607213705
BPIC14,nb_0.575,0.75,rare-first,empty,B0_half,0.01658014085336612,0.01583548596094142,0.044912458766809604
BPIC14,nb_0.575,0.75,rare-first,empty,B0,0.01658014085336612,0.015957491564784987,0.037553920324791656
BPIC14,nb_0.575,0.75,rare-first,empty,B0+g,0.01658014085336612,0.011952342086884782,0.279116975386961
BPIC14,nb_0.575,0.75,rare-first,B0_half,B0,0.01583548596094142,0.015957491564784987,-0.0077045696067994385
BPIC14,nb_0.575,0.75,rare-first,B0_half,B0+g,0.01583548596094142,0.011952342086884782,0.2452178533475069
BPIC14,nb_0.575,0.75,rare-first,B0,B0+g,0.015957491564784987,0.011952342086884782,0.2509886633271845
BPIC14,nb_0.575,1.0,full,empty,B0_half,0.01680732370190252,0.01747625097814831,-0.039799749687100316
BPIC14,nb_0.575,1.0,full,empty,B0,0.01680732370190252,0.01720699723173491,-0.023779724655814682
BPIC14,nb_0.575,1.0,full,empty,B0+g,0.01680732370190252,0.010467239391823036,0.3772215269086424
BPIC14,nb_0.575,1.0,full,B0_half,B0,0.01747625097814831,0.01720699723173491,0.01540683678381971
BPIC14,nb_0.575,1.0,full,B0_half,B0+g,0.01747625097814831,0.010467239391823036,0.4010592200288893
BPIC14,nb_0.575,1.0,full,B0,B0+g,0.01720699723173491,0.010467239391823036,0.3916870415647956
BPIC14,nb_0.600,0.5,random,empty,B0_half,0.009941353168359313,0.010585037905879058,-0.06474820143885673
BPIC14,nb_0.600,0.5,random,empty,B0,0.009941353168359313,0.01079959948505227,-0.08633093525180513
BPIC14,nb_0.600,0.5,random,empty,B0+g,0.009941353168359313,0.015698755542840837,-0.5791366906474873
BPIC14,nb_0.600,0.5,random,B0_half,B0,0.010585037905879058,0.01079959948505227,-0.020270270270269064
BPIC14,nb_0.600,0.5,random,B0_half,B0+g,0.010585037905879058,0.015698755542840837,-0.4831081081081021
BPIC14,nb_0.600,0.5,random,B0,B0+g,0.01079959948505227,0.015698755542840837,-0.45364238410595603
BPIC14,nb_0.600,1.0,full,B0_half,B0,0.0017164926333858022,0.0020740952653411915,-0.20833333333334147
BPIC14,nb_0.600,1.0,full,B0_half,B0+g,0.0017164926333858022,0.036582749249034485,-20.312499999999755
BPIC14,nb_0.600,1.0,full,B0,B0+g,0.0020740952653411915,0.036582749249034485,-16.63793103448244
BPIC14,nb_0.625,0.5,random,empty,B0_half,0.0017641729843131948,0.002836980880179363,-0.6081081081081285
BPIC14,nb_0.625,0.5,random,empty,B0,0.0017641729843131948,0.003075382634816215,-0.7432432432432263
BPIC14,nb_0.625,0.5,random,empty,B0+g,0.0017641729843131948,0.015806036332427387,-7.9594594594592945
BPIC14,nb_0.625,0.5,random,B0_half,B0,0.002836980880179363,0.003075382634816215,-0.08403361344535387
BPIC14,nb_0.625,0.5,random,B0_half,B0+g,0.002836980880179363,0.015806036332427387,-4.571428571428398
BPIC14,nb_0.625,0.5,random,B0,B0+g,0.003075382634816215,0.015806036332427387,-4.139534883720886
BPIC14,nb_0.625,0.75,rare-first,empty,B0_half,0.0024793782482238624,0.006579888427978742,-1.6538461538461657
BPIC14,nb_0.625,0.75,rare-first,empty,B0,0.0024793782482238624,0.006937491059934242,-1.79807692307699
BPIC14,nb_0.625,0.75,rare-first,empty,B0+g,0.0024793782482238624,0.03194583512134641,-11.884615384615582
BPIC14,nb_0.625,0.75,rare-first,B0_half,B0,0.006579888427978742,0.006937491059934242,-0.05434782608697697
BPIC14,nb_0.625,0.75,rare-first,B0_half,B0+g,0.006579888427978742,0.03194583512134641,-3.8550724637681686
BPIC14,nb_0.625,0.75,rare-first,B0,B0+g,0.006937491059934242,0.03194583512134641,-3.6048109965635344
BPIC14,nb_0.625,1.0,full,empty,B0_half,0.003766747723263242,0.005244838602012081,-0.3924050632911318
BPIC14,nb_0.625,1.0,full,empty,B0,0.003766747723263242,0.00560244123396747,-0.4873417721518962
BPIC14,nb_0.625,1.0,full,empty,B0+g,0.003766747723263242,0.03285176178896665,-7.721518987341744
BPIC14,nb_0.625,1.0,full,B0_half,B0,0.005244838602012081,0.00560244123396747,-0.06818181818182212
BPIC14,nb_0.625,1.0,full,B0_half,B0+g,0.005244838602012081,0.03285176178896665,-5.263636363636377
BPIC14,nb_0.625,1.0,full,B0,B0+g,0.00560244123396747,0.03285176178896665,-4.863829787234034
BPIC14,nb_0.650,0.5,random,empty,B0_half,0.0006232503014079738,0.0016041032347712258,-1.5737704918030917
BPIC14,nb_0.650,0.5,random,empty,B0,0.0006232503014079738,0.00204344361117359,-2.278688524590012
BPIC14,nb_0.650,0.5,random,empty,B0+g,0.0006232503014079738,0.017001450844964072,-26.27868852458859
BPIC14,nb_0.650,0.5,random,B0_half,B0,0.0016041032347712258,0.00204344361117359,-0.2738853503185048
BPIC14,nb_0.650,0.5,random,B0_half,B0+g,0.0016041032347712258,0.017001450844964072,-9.598726114649839
BPIC14,nb_0.650,0.5,random,B0,B0+g,0.00204344361117359,0.017001450844964072,-7.319999999999904
BPIC14,nb_0.650,0.75,rare-first,empty,B0_half,0.00035760263195538933,0.005323170607107075,-13.885714285713469
BPIC14,nb_0.650,0.75,rare-first,empty,B0,0.00035760263195538933,0.005537732186280286,-14.485714285713408
BPIC14,nb_0.650,0.75,rare-first,empty,B0+g,0.00035760263195538933,0.03539244334552594,-97.97142857142371
BPIC14,nb_0.650,0.75,rare-first,B0_half,B0,0.005323170607107075,0.005537732186280286,-0.04030710172744523
BPIC14,nb_0.650,0.75,rare-first,B0_half,B0+g,0.005323170607107075,0.03539244334552594,-5.648752399232284
BPIC14,nb_0.650,0.75,rare-first,B0,B0+g,0.005537732186280286,0.03539244334552594,-5.391143911439163
BPIC14,nb_0.650,1.0,full,empty,B0_half,0.0025543045139669873,0.003749719026503451,-0.467999999999966
BPIC14,nb_0.650,1.0,full,empty,B0,0.0025543045139669873,0.003964280605676662,-0.5519999999999601
BPIC14,nb_0.650,1.0,full,empty,B0+g,0.0025543045139669873,0.03633242740666576,-13.223999999999737
BPIC14,nb_0.650,1.0,full,B0_half,B0,0.003749719026503451,0.003964280605676662,-0.057220708446863666
BPIC14,nb_0.650,1.0,full,B0_half,B0+g,0.003749719026503451,0.03633242740666576,-8.68937329700277
BPIC14,nb_0.650,1.0,full,B0,B0+g,0.003964280605676662,0.03633242740666576,-8.164948453608314
BPIC14,nb_0.675,0.5,random,empty,B0_half,0.004302234741370925,0.0013148773698051786,0.6943734015345273
BPIC14,nb_0.675,0.5,random,empty,B0,0.004302234741370925,0.001386397896196212,0.6777493606138212
BPIC14,nb_0.675,0.5,random,empty,B0+g,0.004302234741370925,0.008125832113816678,-0.88874680306899
BPIC14,nb_0.675,0.5,random,B0_half,B0,0.0013148773698051786,0.001386397896196212,-0.05439330543929777
BPIC14,nb_0.675,0.5,random,B0_half,B0+g,0.0013148773698051786,0.008125832113816678,-5.179916317991432
BPIC14,nb_0.675,0.5,random,B0,B0+g,0.001386397896196212,0.008125832113816678,-4.8611111111111045
BPIC14,nb_0.675,0.75,rare-first,empty,B0_half,0.005529086847925413,0.008213857377067257,-0.485572139303474
BPIC14,nb_0.675,0.75,rare-first,empty,B0,0.005529086847925413,0.008428418956240469,-0.5243781094527253
BPIC14,nb_0.675,0.75,rare-first,empty,B0+g,0.005529086847925413,0.02790400845042529,-4.0467661691541785
BPIC14,nb_0.675,0.75,rare-first,B0_half,B0,0.008213857377067257,0.008428418956240469,-0.026121902210313408
BPIC14,nb_0.675,0.75,rare-first,B0_half,B0+g,0.008213857377067257,0.02790400845042529,-2.397186872069644
BPIC14,nb_0.675,0.75,rare-first,B0,B0+g,0.008428418956240469,0.02790400845042529,-2.3107049608355004
BPIC14,nb_0.675,1.0,full,empty,B0_half,0.008307384219271019,0.010733580537614418,-0.2920529801324514
BPIC14,nb_0.675,1.0,full,empty,B0,0.008307384219271019,0.011025164222131845,-0.3271523178807918
BPIC14,nb_0.675,1.0,full,empty,B0+g,0.008307384219271019,0.03007163055797013,-2.619867549668835
BPIC14,nb_0.675,1.0,full,B0_half,B0,0.010733580537614418,0.011025164222131845,-0.027165556125060997
BPIC14,nb_0.675,1.0,full,B0_half,B0+g,0.010733580537614418,0.03007163055797013,-1.8016401845207262
BPIC14,nb_0.675,1.0,full,B0,B0+g,0.011025164222131845,0.03007163055797013,-1.727544910179617
BPIC14,nb_0.700,0.5,random,empty,B0_half,0.0070090115863250535,0.00672292948076092,0.04081632653059031
BPIC14,nb_0.700,0.5,random,empty,B0,0.0070090115863250535,0.006627568778906134,0.05442176870746429
BPIC14,nb_0.700,0.5,random,empty,B0+g,0.0070090115863250535,0.007771897201163336,-0.10884353741499186
BPIC14,nb_0.700,0.5,random,B0_half,B0,0.00672292948076092,0.006627568778906134,0.014184397163123585
BPIC14,nb_0.700,0.5,random,B0_half,B0+g,0.00672292948076092,0.007771897201163336,-0.1560283687943267
BPIC14,nb_0.700,0.5,random,B0,B0+g,0.006627568778906134,0.007771897201163336,-0.17266187050360116
BPIC14,nb_0.700,0.5,rare-first,B0_half,B0,0.003075382634816104,0.00336146474038046,-0.09302325581397541
BPIC14,nb_0.700,0.5,rare-first,B0_half,B0+g,0.003075382634816104,0.02577122967625045,-7.379844961240561
BPIC14,nb_0.700,0.5,rare-first,B0,B0+g,0.00336146474038046,0.02577122967625045,-6.666666666666743
BPIC14,nb_0.700,0.75,rare-first,empty,B0_half,0.011562485099890218,0.016521241596338165,-0.4288659793814591
BPIC14,nb_0.700,0.75,rare-first,empty,B0,0.011562485099890218,0.016902684403757195,-0.46185567010310624
BPIC14,nb_0.700,0.75,rare-first,empty,B0+g,0.011562485099890218,0.0300624612597149,-1.600000000000029
BPIC14,nb_0.700,0.75,rare-first,B0_half,B0,0.016521241596338165,0.016902684403757195,-0.023088023088021048
BPIC14,nb_0.700,0.75,rare-first,B0_half,B0+g,0.016521241596338165,0.0300624612597149,-0.8196248196248197
BPIC14,nb_0.700,0.75,rare-first,B0,B0+g,0.016902684403757195,0.0300624612597149,-0.7785613540197496
BPIC14,nb_0.700,1.0,full,empty,B0_half,0.015782196156963635,0.020216468793210263,-0.2809667673716043
BPIC14,nb_0.700,1.0,full,empty,B0,0.015782196156963635,0.0191913412482716,-0.21601208459215182
BPIC14,nb_0.700,1.0,full,empty,B0+g,0.015782196156963635,0.03356696705287754,-1.126888217522671
BPIC14,nb_0.700,1.0,full,B0_half,B0,0.020216468793210263,0.0191913412482716,0.05070754716980819
BPIC14,nb_0.700,1.0,full,B0_half,B0+g,0.020216468793210263,0.03356696705287754,-0.6603773584905721
BPIC14,nb_0.700,1.0,full,B0,B0+g,0.0191913412482716,0.03356696705287754,-0.749068322981367
BPIC14,nb_0.725,0.5,random,empty,B0_half,0.011040168528367755,0.014447146330996974,-0.3085983510011623
BPIC14,nb_0.725,0.5,random,empty,B0,0.011040168528367755,0.014330112742357182,-0.29799764428739484
BPIC14,nb_0.725,0.5,random,empty,B0+g,0.011040168528367755,0.008257369865151354,0.2520612485276823
BPIC14,nb_0.725,0.5,random,B0_half,B0,0.014447146330996974,0.014330112742357182,0.008100810080997944
BPIC14,nb_0.725,0.5,random,B0_half,B0+g,0.014447146330996974,0.008257369865151354,0.4284428442844237
BPIC14,nb_0.725,0.5,random,B0,B0+g,0.014330112742357182,0.008257369865151354,0.42377495462795034
BPIC14,nb_0.725,0.5,rare-first,empty,B0_half,0.0037125655063003915,0.007821744840769251,-1.1068301225918833
BPIC14,nb_0.725,0.5,rare-first,empty,B0,0.0037125655063003915,0.00791927283130267,-1.1330998248686268
BPIC14,nb_0.725,0.5,rare-first,empty,B0+g,0.0037125655063003915,0.028250607924474314,-6.609457092819441
BPIC14,nb_0.725,0.5,rare-first,B0_half,B0,0.007821744840769251,0.00791927283130267,-0.012468827930192106
BPIC14,nb_0.725,0.5,rare-first,B0_half,B0+g,0.007821744840769251,0.028250607924474314,-2.61180382377392
BPIC14,nb_0.725,0.5,rare-first,B0,B0+g,0.00791927283130267,0.028250607924474314,-2.567323481116544
BPIC14,nb_0.725,0.75,rare-first,empty,B0_half,0.018692864852212776,0.023237669211063516,-0.24313043478259289
BPIC14,nb_0.725,0.75,rare-first,empty,B0,0.018692864852212776,0.023166148684672594,-0.23930434782607923
BPIC14,nb_0.725,0.75,rare-first,empty,B0+g,0.018692864852212776,0.03282141974746744,-0.7558260869564992
BPIC14,nb_0.725,0.75,rare-first,B0_half,B0,0.023237669211063516,0.023166148684672594,0.003077783995516725
BPIC14,nb_0.725,0.75,rare-first,B0_half,B0+g,0.023237669211063516,0.03282141974746744,-0.4124230554001118
BPIC14,nb_0.725,0.75,rare-first,B0,B0+g,0.023166148684672594,0.03282141974746744,-0.4167836093179811
BPIC14,nb_0.725,1.0,full,empty,B0_half,0.02357576624491231,0.02781498290009221,-0.17981246552674524
BPIC14,nb_0.725,1.0,full,empty,B0,0.02357576624491231,0.027814982900092433,-0.17981246552675478
BPIC14,nb_0.725,1.0,full,empty,B0+g,0.02357576624491231,0.03689158788572322,-0.5648097076668499
BPIC14,nb_0.725,1.0,full,B0_half,B0,0.02781498290009221,0.027814982900092433,-7.993605777301127e-15
BPIC14,nb_0.725,1.0,full,B0_half,B0+g,0.02781498290009221,0.03689158788572322,-0.32632071061244194
BPIC14,nb_0.725,1.0,full,B0,B0+g,0.027814982900092433,0.03689158788572322,-0.3263207106124313
BPIC14,nb_0.750,0.5,random,empty,B0_half,0.015233872121298786,0.01752252896581319,-0.1502347417840395
BPIC14,nb_0.750,0.5,random,empty,B0,0.015233872121298786,0.017379487913031122,-0.14084507042254257
BPIC14,nb_0.750,0.5,random,empty,B0+g,0.015233872121298786,0.014590187383779152,0.0422535211267584
BPIC14,nb_0.750,0.5,random,B0_half,B0,0.01752252896581319,0.017379487913031122,0.008163265306117773
BPIC14,nb_0.750,0.5,random,B0_half,B0+g,0.01752252896581319,0.014590187383779152,0.16734693877550977
BPIC14,nb_0.750,0.5,random,B0,B0+g,0.017379487913031122,0.014590187383779152,0.16049382716049743
BPIC14,nb_0.750,0.5,rare-first,empty,B0_half,0.009512230010012779,0.013517379487913095,-0.4210526315789682
BPIC14,nb_0.750,0.5,rare-first,empty,B0,0.009512230010012779,0.013517379487913095,-0.4210526315789682
BPIC14,nb_0.750,0.5,rare-first,empty,B0+g,0.009512230010012779,0.026033471606351055,-1.7368421052631886
BPIC14,nb_0.750,0.5,rare-first,B0_half,B0,0.013517379487913095,0.013517379487913095,0.0
BPIC14,nb_0.750,0.5,rare-first,B0_half,B0+g,0.013517379487913095,0.026033471606351055,-0.9259259259259192
BPIC14,nb_0.750,0.5,rare-first,B0,B0+g,0.013517379487913095,0.026033471606351055,-0.9259259259259192
BPIC14,nb_0.750,0.75,rare-first,empty,B0_half,0.02724932055499918,0.03168359319124592,-0.16272965879265655
BPIC14,nb_0.750,0.75,rare-first,empty,B0,0.02724932055499918,0.03168359319124592,-0.16272965879265655
BPIC14,nb_0.750,0.75,rare-first,empty,B0+g,0.02724932055499918,0.034401373194106744,-0.26246719160105614
BPIC14,nb_0.750,0.75,rare-first,B0_half,B0,0.03168359319124592,0.03168359319124592,0.0
BPIC14,nb_0.750,0.75,rare-first,B0_half,B0+g,0.03168359319124592,0.034401373194106744,-0.08577878103837477
BPIC14,nb_0.750,0.75,rare-first,B0,B0+g,0.03168359319124592,0.034401373194106744,-0.08577878103837477
BPIC14,nb_0.750,1.0,full,empty,B0_half,0.03361464740380482,0.03754827635531399,-0.11702127659574746
BPIC14,nb_0.750,1.0,full,empty,B0,0.03361464740380482,0.03733371477614078,-0.1106382978723437
BPIC14,nb_0.750,1.0,full,empty,B0+g,0.03361464740380482,0.037047632670576536,-0.1021276595744729
BPIC14,nb_0.750,1.0,full,B0_half,B0,0.03754827635531399,0.03733371477614078,0.00571428571428545
BPIC14,nb_0.750,1.0,full,B0_half,B0+g,0.03754827635531399,0.037047632670576536,0.013333333333331643
BPIC14,nb_0.750,1.0,full,B0,B0+g,0.03733371477614078,0.037047632670576536,0.007662835249040767
BPIC14,nb_0.775,0.5,random,empty,B0_half,0.021146235636294364,0.02331569160349023,-0.10259301014655864
BPIC14,nb_0.775,0.5,random,empty,B0,0.021146235636294364,0.023283904702871894,-0.10108981585869303
BPIC14,nb_0.775,0.5,random,empty,B0+g,0.021146235636294364,0.01684705732767522,0.20330702743330098
BPIC14,nb_0.775,0.5,random,B0_half,B0,0.02331569160349023,0.023283904702871894,0.001363326516704233
BPIC14,nb_0.775,0.5,random,B0_half,B0+g,0.02331569160349023,0.01684705732767522,0.2774369461486055
BPIC14,nb_0.775,0.5,random,B0,B0+g,0.023283904702871894,0.01684705732767522,0.27645051194539283
BPIC14,nb_0.775,0.5,rare-first,empty,B0_half,0.016600708847883783,0.020184681892592038,-0.21589277166108078
BPIC14,nb_0.775,0.5,rare-first,empty,B0,0.016600708847883783,0.020224415518364847,-0.21828626136907436
BPIC14,nb_0.775,0.5,rare-first,empty,B0+g,0.016600708847883783,0.030539264768988716,-0.8396361895643865
BPIC14,nb_0.775,0.5,rare-first,B0_half,B0,0.020184681892592038,0.020224415518364847,-0.0019685039370074264
BPIC14,nb_0.775,0.5,rare-first,B0_half,B0+g,0.020184681892592038,0.030539264768988716,-0.5129921259842547
BPIC14,nb_0.775,0.5,rare-first,B0,B0+g,0.020224415518364847,0.030539264768988716,-0.5100196463654258
BPIC14,nb_0.775,0.75,rare-first,empty,B0_half,0.03770721085840523,0.04006738822931066,-0.06259220231822948
BPIC14,nb_0.775,0.75,rare-first,empty,B0,0.03770721085840523,0.03889127290643524,-0.03140147523709169
BPIC14,nb_0.775,0.75,rare-first,empty,B0+g,0.03770721085840523,0.03830321524499747,-0.015806111696521574
BPIC14,nb_0.775,0.75,rare-first,B0_half,B0,0.04006738822931066,0.03889127290643524,0.029353431178103517
BPIC14,nb_0.775,0.75,rare-first,B0_half,B0+g,0.04006738822931066,0.03830321524499747,0.044030146767156664
BPIC14,nb_0.775,0.75,rare-first,B0,B0+g,0.03889127290643524,0.03830321524499747,0.015120555782592193
BPIC14,nb_0.775,1.0,full,empty,B0_half,0.04413611150844732,0.048037953559338153,-0.0884047533309329
BPIC14,nb_0.775,1.0,full,empty,B0,0.04413611150844732,0.048037953559338153,-0.0884047533309329
BPIC14,nb_0.775,1.0,full,empty,B0+g,0.04413611150844732,0.0428249018579443,0.02970831832913201
BPIC14,nb_0.775,1.0,full,B0_half,B0,0.048037953559338153,0.048037953559338153,0.0
BPIC14,nb_0.775,1.0,full,B0_half,B0+g,0.048037953559338153,0.0428249018579443,0.10851943755169569
BPIC14,nb_0.775,1.0,full,B0,B0+g,0.048037953559338153,0.0428249018579443,0.10851943755169569
BPIC14,nb_0.800,0.5,random,empty,B0_half,0.029037333714776126,0.03061078529537975,-0.054187192118226424
BPIC14,nb_0.800,0.5,random,empty,B0,0.029037333714776126,0.030467744242597683,-0.04926108374384497
BPIC14,nb_0.800,0.5,random,empty,B0+g,0.029037333714776126,0.019453583178372202,0.3300492610837432
BPIC14,nb_0.800,0.5,random,B0_half,B0,0.03061078529537975,0.030467744242597683,0.004672897196259074
BPIC14,nb_0.800,0.5,random,B0_half,B0+g,0.03061078529537975,0.019453583178372202,0.36448598130841037
BPIC14,nb_0.800,0.5,random,B0,B0+g,0.030467744242597683,0.019453583178372202,0.36150234741784126
BPIC14,nb_0.800,0.5,rare-first,empty,B0_half,0.025461307395222454,0.02875125160921177,-0.1292134831460634
BPIC14,nb_0.800,0.5,rare-first,empty,B0,0.025461307395222454,0.028465169503647525,-0.1179775280898856
BPIC14,nb_0.800,0.5,rare-first,empty,B0+g,0.025461307395222454,0.0360463453011014,-0.4157303370786496
BPIC14,nb_0.800,0.5,rare-first,B0_half,B0,0.02875125160921177,0.028465169503647525,0.009950248756217084
BPIC14,nb_0.800,0.5,rare-first,B0_half,B0+g,0.02875125160921177,0.0360463453011014,-0.2537313432835848
BPIC14,nb_0.800,0.5,rare-first,B0,B0+g,0.028465169503647525,0.0360463453011014,-0.26633165829145766
BPIC14,nb_0.800,0.75,rare-first,empty,B0_half,0.048991560577885895,0.0532112716349592,-0.08613138686131228
BPIC14,nb_0.800,0.75,rare-first,empty,B0,0.048991560577885895,0.051995422686310966,-0.06131386861313759
BPIC14,nb_0.800,0.75,rare-first,empty,B0+g,0.048991560577885895,0.04462880846803041,0.08905109489051
BPIC14,nb_0.800,0.75,rare-first,B0_half,B0,0.0532112716349592,0.051995422686310966,0.022849462365590933
BPIC14,nb_0.800,0.75,rare-first,B0_half,B0+g,0.0532112716349592,0.04462880846803041,0.16129032258064302
BPIC14,nb_0.800,0.75,rare-first,B0,B0+g,0.051995422686310966,0.04462880846803041,0.1416781292984851
BPIC14,nb_0.800,1.0,full,empty,B0_half,0.06014876269489344,0.06379630954083815,-0.060642092746728826
BPIC14,nb_0.800,1.0,full,empty,B0,0.06014876269489344,0.06358174796166505,-0.05707491082045246
BPIC14,nb_0.800,1.0,full,empty,B0+g,0.06014876269489344,0.05006436847375195,0.1676575505350777
BPIC14,nb_0.800,1.0,full,B0_half,B0,0.06379630954083815,0.06358174796166505,0.0033632286995496363
BPIC14,nb_0.800,1.0,full,B0_half,B0+g,0.06379630954083815,0.05006436847375195,0.21524663677129974
BPIC14,nb_0.800,1.0,full,B0,B0+g,0.06358174796166505,0.05006436847375195,0.21259842519685124
BPIC19,ap,0.5,random,empty,B0_half,0.041420920350425744,0.010500476847280865,0.7464933961281974
BPIC19,ap,0.5,random,empty,B0,0.041420920350425744,0.01437987344556671,0.6528354917295094
BPIC19,ap,0.5,random,empty,B0+g,0.041420920350425744,0.006034076352909867,0.8543229773297916
BPIC19,ap,0.5,random,B0_half,B0,0.010500476847280865,0.01437987344556671,-0.36944956450148525
BPIC19,ap,0.5,random,B0_half,B0+g,0.010500476847280865,0.006034076352909867,0.4253521587000678
BPIC19,ap,0.5,random,B0,B0+g,0.01437987344556671,0.006034076352909867,0.5803804271469327
BPIC19,ap,0.5,rare-first,empty,B0_half,0.017703787706924212,-0.009930347949495932,1.5609165741188833
BPIC19,ap,0.5,rare-first,empty,B0,0.017703787706924212,-0.0050736002298636396,1.286582753580991
BPIC19,ap,0.5,rare-first,empty,B0+g,0.017703787706924212,-0.008861064521267475,1.5005180059746075
BPIC19,ap,0.75,rare-first,empty,B0_half,0.04760918079753393,0.014785710365522287,0.6894357323978959
BPIC19,ap,0.75,rare-first,empty,B0,0.04760918079753393,0.02327267276613615,0.5111725852812483
BPIC19,ap,0.75,rare-first,empty,B0+g,0.04760918079753393,0.003570531954909806,0.9250032893845812
BPIC19,ap,0.75,rare-first,B0_half,B0,0.014785710365522287,0.02327267276613615,-0.5739976092324917
BPIC19,ap,0.75,rare-first,B0_half,B0+g,0.014785710365522287,0.003570531954909806,0.7585146829850213
BPIC19,ap,0.75,rare-first,B0,B0+g,0.02327267276613615,0.003570531954909806,0.8465783457366679
BPIC19,ap,1.0,full,empty,B0_half,0.06039331539523435,0.025639506097568626,0.5754578808966688
BPIC19,ap,1.0,full,empty,B0,0.06039331539523435,0.029711830612052847,0.5080278269605081
BPIC19,ap,1.0,full,empty,B0+g,0.06039331539523435,0.00963454646607792,0.8404699857421938
BPIC19,ap,1.0,full,B0_half,B0,0.025639506097568626,0.029711830612052847,-0.1588300686833588
BPIC19,ap,1.0,full,B0_half,B0+g,0.025639506097568626,0.00963454646607792,0.6242304188928367
BPIC19,ap,1.0,full,B0,B0+g,0.029711830612052847,0.00963454646607792,0.6757336634057954
BPIC19,auc,0.25,rare-first,empty,B0_half,0.02567357634000844,-0.014953742049429786,1.582456524614633
BPIC19,auc,0.25,rare-first,empty,B0,0.02567357634000844,-0.005359650184172726,1.20876133940952
BPIC19,auc,0.25,rare-first,empty,B0+g,0.02567357634000844,-0.0015108617588258655,1.0588489012522737
BPIC19,auc,0.5,random,empty,B0_half,0.11988546757346696,0.033240052363167405,0.722734931631329
BPIC19,auc,0.5,random,empty,B0,0.11988546757346696,0.0280336326950289,0.7661632117516695
BPIC19,auc,0.5,random,empty,B0+g,0.11988546757346696,0.015073075282593162,0.8742710389534392
BPIC19,auc,0.5,random,B0_half,B0,0.033240052363167405,0.0280336326950289,0.15663091054295775
BPIC19,auc,0.5,random,B0_half,B0+g,0.033240052363167405,0.015073075282593162,0.5465387623969173
BPIC19,auc,0.5,random,B0,B0+g,0.0280336326950289,0.015073075282593162,0.46232172453104814
BPIC19,auc,0.5,rare-first,empty,B0_half,0.08966314173575518,-0.0009002548641302566,1.0100404117757036
BPIC19,auc,0.5,rare-first,empty,B0,0.08966314173575518,0.012484221952394181,0.8607652853701443
BPIC19,auc,0.5,rare-first,empty,B0+g,0.08966314173575518,0.005648380091436311,0.937004437028511
BPIC19,auc,0.5,rare-first,B0,B0+g,0.012484221952394181,0.005648380091436311,0.5475585012045476
BPIC19,auc,0.75,rare-first,empty,B0_half,0.13259803328047415,0.03229259993572242,0.7564624516909958
BPIC19,auc,0.75,rare-first,empty,B0,0.13259803328047415,0.03171486638113841,0.7608194812810349
BPIC19,auc,0.75,rare-first,empty,B0+g,0.13259803328047415,0.01437910227397754,0.8915587062776221
BPIC19,auc,0.75,rare-first,B0_half,B0,0.03229259993572242,0.03171486638113841,0.017890586565776023
BPIC19,auc,0.75,rare-first,B0_half,B0+g,0.03229259993572242,0.01437910227397754,0.5547245405263507
BPIC19,auc,0.75,rare-first,B0,B0+g,0.03171486638113841,0.01437910227397754,0.5466131844550625
BPIC19,auc,1.0,full,empty,B0_half,0.15657330694028126,0.056995779395749846,0.6359802286255047
BPIC19,auc,1.0,full,empty,B0,0.15657330694028126,0.0461785898413718,0.7050672892858755
BPIC19,auc,1.0,full,empty,B0+g,0.15657330694028126,0.02442277861047981,0.8440169714254364
BPIC19,auc,1.0,full,B0_half,B0,0.056995779395749846,0.0461785898413718,0.18978930841999653
BPIC19,auc,1.0,full,B0_half,B0+g,0.056995779395749846,0.02442277861047981,0.5714984711253723
BPIC19,auc,1.0,full,B0,B0+g,0.0461785898413718,0.02442277861047981,0.4711233345501765
BPIC19,nb_0.050,0.5,random,empty,B0_half,0.0016837422006705932,0.0019325401996935082,-0.14776490066224213
BPIC19,nb_0.050,0.5,random,empty,B0,0.0016837422006705932,0.0013652528853947271,0.18915562913908057
BPIC19,nb_0.050,0.5,random,empty,B0+g,0.0016837422006705932,0.0005010805638585025,0.7024006622516592
BPIC19,nb_0.050,0.5,random,B0_half,B0,0.0019325401996935082,0.0013652528853947271,0.29354489722322474
BPIC19,nb_0.050,0.5,random,B0_half,B0+g,0.0019325401996935082,0.0005010805638585025,0.7407140281283817
BPIC19,nb_0.050,0.5,random,B0,B0+g,0.0013652528853947271,0.0005010805638585025,0.6329760081674332
BPIC19,nb_0.050,0.5,rare-first,empty,B0_half,0.002012685213384366,0.0020733166585244073,-0.03012465373961204
BPIC19,nb_0.050,0.5,rare-first,empty,B0,0.002012685213384366,0.0014168244594218726,0.29605263157895556
BPIC19,nb_0.050,0.5,rare-first,empty,B0+g,0.002012685213384366,0.00032336770741354937,0.8393351800554043
BPIC19,nb_0.050,0.5,rare-first,B0_half,B0,0.0020733166585244073,0.0014168244594218726,0.31663865546219283
BPIC19,nb_0.050,0.5,rare-first,B0_half,B0+g,0.0020733166585244073,0.00032336770741354937,0.8440336134453807
BPIC19,nb_0.050,0.5,rare-first,B0,B0+g,0.0014168244594218726,0.00032336770741354937,0.7717658632562726
BPIC19,nb_0.050,0.75,rare-first,empty,B0_half,0.0027855619106292584,0.0029360951537355656,-0.05404053039779755
BPIC19,nb_0.050,0.75,rare-first,empty,B0,0.0027855619106292584,0.002008503734409167,0.27895921941456825
BPIC19,nb_0.050,0.75,rare-first,empty,B0+g,0.0027855619106292584,0.0003170954889507721,0.8861646234676076
BPIC19,nb_0.050,0.75,rare-first,B0_half,B0,0.0029360951537355656,0.002008503734409167,0.315926892950398
BPIC19,nb_0.050,0.75,rare-first,B0_half,B0+g,0.0029360951537355656,0.0003170954889507721,0.8920009494422091
BPIC19,nb_0.050,0.75,rare-first,B0,B0+g,0.002008503734409167,0.0003170954889507721,0.8421235253296402
BPIC19,nb_0.050,1.0,full,empty,B0_half,0.003872049531012306,0.004109000006272234,-0.06119510439164766
BPIC19,nb_0.050,1.0,full,empty,B0,0.003872049531012306,0.0033082467825261558,0.14560835133189787
BPIC19,nb_0.050,1.0,full,empty,B0+g,0.003872049531012306,0.00022370912517187536,0.942224622030238
BPIC19,nb_0.050,1.0,full,B0_half,B0,0.004109000006272234,0.0033082467825261558,0.19487788331072253
BPIC19,nb_0.050,1.0,full,B0_half,B0+g,0.004109000006272234,0.00022370912517187536,0.94555630936228
BPIC19,nb_0.050,1.0,full,B0,B0+g,0.0033082467825261558,0.00022370912517187536,0.9323783442174007
BPIC19,nb_0.075,0.5,random,empty,B0_half,0.004756865550552075,0.004947970441012112,-0.040174541077339754
BPIC19,nb_0.075,0.5,random,empty,B0,0.004756865550552075,0.003423783683578971,0.28024375564249204
BPIC19,nb_0.075,0.5,random,empty,B0+g,0.004756865550552075,0.0013273558777458366,0.7209599759253684
BPIC19,nb_0.075,0.5,random,B0_half,B0,0.004947970441012112,0.003423783683578971,0.30804281787935806
BPIC19,nb_0.075,0.5,random,B0_half,B0+g,0.004947970441012112,0.0013273558777458366,0.7317373065239402
BPIC19,nb_0.075,0.5,random,B0,B0+g,0.003423783683578971,0.0013273558777458366,0.6123131598202148
BPIC19,nb_0.075,0.5,rare-first,empty,B0_half,0.005411059819767319,0.005571387518130799,-0.02962962962963034
BPIC19,nb_0.075,0.5,rare-first,empty,B0,0.005411059819767319,0.0036134570767321905,0.33220899470899357
BPIC19,nb_0.075,0.5,rare-first,empty,B0+g,0.005411059819767319,0.0007740821686611499,0.856944444444446
BPIC19,nb_0.075,0.5,rare-first,B0_half,B0,0.005571387518130799,0.0036134570767321905,0.3514260020554978
BPIC19,nb_0.075,0.5,rare-first,B0_half,B0+g,0.005571387518130799,0.0007740821686611499,0.8610611510791383
BPIC19,nb_0.075,0.5,rare-first,B0,B0+g,0.0036134570767321905,0.0007740821686611499,0.7857779538476802
BPIC19,nb_0.075,0.75,rare-first,empty,B0_half,0.008889956149658748,0.008954373528465495,-0.007246085101243027
BPIC19,nb_0.075,0.75,rare-first,empty,B0,0.008889956149658748,0.0057574821680169835,0.35236101606215553
BPIC19,nb_0.075,0.75,rare-first,empty,B0+g,0.008889956149658748,0.0026844153246081137,0.6980395314198307
BPIC19,nb_0.075,0.75,rare-first,B0_half,B0,0.008954373528465495,0.0057574821680169835,0.3570201031133845
BPIC19,nb_0.075,0.75,rare-first,B0_half,B0+g,0.008954373528465495,0.0026844153246081137,0.700211822069462
BPIC19,nb_0.075,0.75,rare-first,B0,B0+g,0.0057574821680169835,0.0026844153246081137,0.5337518647439092
BPIC19,nb_0.075,1.0,full,empty,B0_half,0.011212918404295613,0.011464861930295375,-0.022469041235798404
BPIC19,nb_0.075,1.0,full,empty,B0,0.011212918404295613,0.00891751247281497,0.20471083875909457
BPIC19,nb_0.075,1.0,full,empty,B0+g,0.011212918404295613,0.0029832403874061053,0.7339461253670373
BPIC19,nb_0.075,1.0,full,B0_half,B0,0.011464861930295375,0.00891751247281497,0.22218753901860344
BPIC19,nb_0.075,1.0,full,B0_half,B0+g,0.011464861930295375,0.0029832403874061053,0.7397927331751786
BPIC19,nb_0.075,1.0,full,B0,B0+g,0.00891751247281497,0.0029832403874061053,0.6654627177141035
BPIC19,nb_0.100,0.25,rare-first,B0,B0+g,0.00023098799598050834,-0.0004855161698953392,3.1019108280254915
BPIC19,nb_0.100,0.5,random,empty,B0_half,0.009880989687930816,0.010359149552221697,-0.04839189994044135
BPIC19,nb_0.100,0.5,random,empty,B0,0.009880989687930816,0.0074504663162122675,0.24597974985110282
BPIC19,nb_0.100,0.5,random,empty,B0+g,0.009880989687930816,0.002696821634600527,0.727069684335915
BPIC19,nb_0.100,0.5,random,B0_half,B0,0.010359149552221697,0.0074504663162122675,0.280783979548361
BPIC19,nb_0.100,0.5,random,B0_half,B0+g,0.010359149552221697,0.002696821634600527,0.739667660843631
BPIC19,nb_0.100,0.5,random,B0,B0+g,0.0074504663162122675,0.002696821634600527,0.6380331753554507
BPIC19,nb_0.100,0.5,rare-first,empty,B0_half,0.010772573927193177,0.010857907072205089,-0.007921332969134331
BPIC19,nb_0.100,0.5,rare-first,empty,B0,0.010772573927193177,0.007434282443882417,0.30988800874078204
BPIC19,nb_0.100,0.5,rare-first,empty,B0+g,0.010772573927193177,0.0018552602734485946,0.827779295274515
BPIC19,nb_0.100,0.5,rare-first,B0_half,B0,0.010857907072205089,0.007434282443882417,0.3153116531165321
BPIC19,nb_0.100,0.5,rare-first,B0_half,B0+g,0.010857907072205089,0.0018552602734485946,0.8291327913279132
BPIC19,nb_0.100,0.5,rare-first,B0,B0+g,0.007434282443882417,0.0018552602734485946,0.7504452800316639
BPIC19,nb_0.100,0.75,rare-first,empty,B0_half,0.016226538902350943,0.016475182031782193,-0.015323238734245903
BPIC19,nb_0.100,0.75,rare-first,empty,B0,0.016226538902350943,0.011711238522324183,0.27826638861184205
BPIC19,nb_0.100,0.75,rare-first,empty,B0+g,0.016226538902350943,0.004375530573541717,0.7303472662979424
BPIC19,nb_0.100,0.75,rare-first,B0_half,B0,0.016475182031782193,0.011711238522324183,0.28915877835327763
BPIC19,nb_0.100,0.75,rare-first,B0_half,B0+g,0.016475182031782193,0.004375530573541717,0.7344168601535994
BPIC19,nb_0.100,0.75,rare-first,B0,B0+g,0.011711238522324183,0.004375530573541717,0.6263819095477393
BPIC19,nb_0.100,1.0,full,empty,B0_half,0.021227355452273028,0.021634894782760955,-0.01919878014970955
BPIC19,nb_0.100,1.0,full,empty,B0,0.021227355452273028,0.01632805591969269,0.23080121985029078
BPIC19,nb_0.100,1.0,full,empty,B0+g,0.021227355452273028,0.006944352490624389,0.6728583310230108
BPIC19,nb_0.100,1.0,full,B0_half,B0,0.021634894782760955,0.01632805591969269,0.24529071744304676
BPIC19,nb_0.100,1.0,full,B0_half,B0+g,0.021634894782760955,0.006944352490624389,0.6790207412444749
BPIC19,nb_0.100,1.0,full,B0,B0+g,0.01632805591969269,0.006944352490624389,0.5746981438096956
BPIC19,nb_0.125,0.25,rare-first,B0_half,B0,3.783242882297866e-06,3.7832428823117437e-06,-3.668176873361517e-12
BPIC19,nb_0.125,0.25,rare-first,B0_half,B0+g,3.783242882297866e-06,-0.0003291421307602266,88.00000000008254
BPIC19,nb_0.125,0.25,rare-first,B0,B0+g,3.7832428823117437e-06,-0.0003291421307602266,87.9999999997634
BPIC19,nb_0.125,0.5,random,empty,B0_half,0.014697898597741024,0.015140538014970284,-0.030115830115829745
BPIC19,nb_0.125,0.5,random,empty,B0,0.014697898597741024,0.011022478137585195,0.2500643500643499
BPIC19,nb_0.125,0.5,random,empty,B0+g,0.014697898597741024,0.004125626363149698,0.7193050193050194
BPIC19,nb_0.125,0.5,random,B0_half,B0,0.015140538014970284,0.011022478137585195,0.2719890054972509
BPIC19,nb_0.125,0.5,random,B0_half,B0+g,0.015140538014970284,0.004125626363149698,0.7275112443778111
BPIC19,nb_0.125,0.5,random,B0,B0+g,0.011022478137585195,0.004125626363149698,0.6257079114467139
BPIC19,nb_0.125,0.5,rare-first,empty,B0_half,0.014383889438510003,0.014459554296156037,-0.0052603892688063425
BPIC19,nb_0.125,0.5,rare-first,empty,B0,0.014383889438510003,0.009475131798723925,0.34126775381378116
BPIC19,nb_0.125,0.5,rare-first,empty,B0+g,0.014383889438510003,0.002071325478060028,0.8559968437664387
BPIC19,nb_0.125,0.5,rare-first,B0_half,B0,0.014459554296156037,0.009475131798723925,0.3447148090005224
BPIC19,nb_0.125,0.5,rare-first,B0_half,B0+g,0.014459554296156037,0.002071325478060028,0.8567503924646782
BPIC19,nb_0.125,0.5,rare-first,B0,B0+g,0.009475131798723925,0.002071325478060028,0.7813934917149136
BPIC19,nb_0.125,0.75,rare-first,empty,B0_half,0.022854570251982897,0.023021032938804156,-0.007283562324118309
BPIC19,nb_0.125,0.75,rare-first,empty,B0,0.022854570251982897,0.015834763083872605,0.30715113391822557
BPIC19,nb_0.125,0.75,rare-first,empty,B0+g,0.022854570251982897,0.006285858048943806,0.724962754510843
BPIC19,nb_0.125,0.75,rare-first,B0_half,B0,0.023021032938804156,0.015834763083872605,0.3121610517666392
BPIC19,nb_0.125,0.75,rare-first,B0_half,B0+g,0.023021032938804156,0.006285858048943806,0.7269515201314711
BPIC19,nb_0.125,0.75,rare-first,B0,B0+g,0.015834763083872605,0.006285858048943806,0.6030342850316575
BPIC19,nb_0.125,1.0,full,empty,B0_half,0.030402139802174225,0.031147438649987605,-0.024514683922349345
BPIC19,nb_0.125,1.0,full,empty,B0,0.030402139802174225,0.022775122151454566,0.25087108013937254
BPIC19,nb_0.125,1.0,full,empty,B0+g,0.030402139802174225,0.011391344318609567,0.6253111000497764
BPIC19,nb_0.125,1.0,full,B0_half,B0,0.031147438649987605,0.022775122151454566,0.26879630754281525
BPIC19,nb_0.125,1.0,full,B0_half,B0+g,0.031147438649987605,0.011391344318609567,0.6342766913640232
BPIC19,nb_0.125,1.0,full,B0,B0+g,0.022775122151454566,0.011391344318609567,0.4998338870431901
BPIC19,nb_0.150,0.25,rare-first,B0_half,B0,4.6734176781318415e-06,9.346835356287969e-06,-1.0000000000051967
BPIC19,nb_0.150,0.25,rare-first,B0_half,B0+g,4.6734176781318415e-06,-0.00028040506068823315,61.00000000006904
BPIC19,nb_0.150,0.25,rare-first,B0,B0+g,9.346835356287969e-06,-0.00028040506068823315,30.99999999995657
BPIC19,nb_0.150,0.5,random,empty,B0_half,0.02130922680641225,0.021669858870575154,-0.016923751736237724
BPIC19,nb_0.150,0.5,random,empty,B0,0.02130922680641225,0.01677289604683389,0.21288105855691175
BPIC19,nb_0.150,0.5,random,empty,B0+g,0.02130922680641225,0.007936242120423063,0.627567804664084
BPIC19,nb_0.150,0.5,random,B0_half,B0,0.021669858870575154,0.01677289604683389,0.22598037453721964
BPIC19,nb_0.150,0.5,random,B0_half,B0+g,0.021669858870575154,0.007936242120423063,0.6337658603213403
BPIC19,nb_0.150,0.5,random,B0,B0+g,0.01677289604683389,0.007936242120423063,0.5268412742639554
BPIC19,nb_0.150,0.5,rare-first,empty,B0_half,0.02178903102136765,0.021702572794322104,0.003967970258097364
BPIC19,nb_0.150,0.5,rare-first,empty,B0,0.02178903102136765,0.015172250492071947,0.30367484092371455
BPIC19,nb_0.150,0.5,rare-first,empty,B0+g,0.02178903102136765,0.007457995711360375,0.6577178808893975
BPIC19,nb_0.150,0.5,rare-first,B0_half,B0,0.021702572794322104,0.015172250492071947,0.3009008362344321
BPIC19,nb_0.150,0.5,rare-first,B0_half,B0+g,0.021702572794322104,0.007457995711360375,0.6563543049922838
BPIC19,nb_0.150,0.5,rare-first,B0,B0+g,0.015172250492071947,0.007457995711360375,0.5084449920427132
BPIC19,nb_0.150,0.75,rare-first,empty,B0_half,0.03284477944194721,0.032956162563276124,-0.0033911971162960963
BPIC19,nb_0.150,0.75,rare-first,empty,B0,0.03284477944194721,0.023539225941829982,0.283319104534244
BPIC19,nb_0.150,0.75,rare-first,empty,B0+g,0.03284477944194721,0.011044843779330564,0.6637260481881997
BPIC19,nb_0.150,0.75,rare-first,B0_half,B0,0.032956162563276124,0.023539225941829982,0.28574129658953895
BPIC19,nb_0.150,0.75,rare-first,B0_half,B0+g,0.032956162563276124,0.011044843779330564,0.6648625652903499
BPIC19,nb_0.150,0.75,rare-first,B0,B0+g,0.023539225941829982,0.011044843779330564,0.530789848118858
BPIC19,nb_0.150,1.0,full,empty,B0_half,0.04400334305144577,0.044221435876425505,-0.004956278542854298
BPIC19,nb_0.150,1.0,full,empty,B0,0.04400334305144577,0.03332380475395626,0.24269833964668797
BPIC19,nb_0.150,1.0,full,empty,B0+g,0.04400334305144577,0.018439748352036087,0.5809466492016853
BPIC19,nb_0.150,1.0,full,B0_half,B0,0.044221435876425505,0.03332380475395626,0.24643322647690835
BPIC19,nb_0.150,1.0,full,B0_half,B0+g,0.044221435876425505,0.018439748352036087,0.5830133511818794
BPIC19,nb_0.150,1.0,full,B0,B0+g,0.03332380475395626,0.018439748352036087,0.4466493700769001
BPIC19,nb_0.175,0.5,random,empty,B0_half,0.0268927807758067,0.02736224682438318,-0.017456954432872207
BPIC19,nb_0.175,0.5,random,empty,B0,0.0268927807758067,0.021068593002227354,0.21657067828474275
BPIC19,nb_0.175,0.5,random,empty,B0+g,0.0268927807758067,0.010013269437800372,0.627659574468085
BPIC19,nb_0.175,0.5,random,B0_half,B0,0.02736224682438318,0.021068593002227354,0.23001231816048795
BPIC19,nb_0.175,0.5,random,B0_half,B0+g,0.02736224682438318,0.010013269437800372,0.6340479821679958
BPIC19,nb_0.175,0.5,random,B0,B0+g,0.021068593002227354,0.010013269437800372,0.5247300359952001
BPIC19,nb_0.175,0.5,rare-first,empty,B0_half,0.026907627138026642,0.02673147705655219,0.006546474000507896
BPIC19,nb_0.175,0.5,rare-first,empty,B0,0.026907627138026642,0.018901024118116047,0.29755886607315996
BPIC19,nb_0.175,0.5,rare-first,empty,B0+g,0.026907627138026642,0.0109249163287113,0.5939844017954341
BPIC19,nb_0.175,0.5,rare-first,B0_half,B0,0.02673147705655219,0.018901024118116047,0.2929300510357249
BPIC19,nb_0.175,0.5,rare-first,B0_half,B0+g,0.02673147705655219,0.0109249163287113,0.5913089162413687
BPIC19,nb_0.175,0.5,rare-first,B0,B0+g,0.018901024118116047,0.0109249163287113,0.42199341895764764
BPIC19,nb_0.175,0.75,rare-first,empty,B0_half,0.04070511392977993,0.04071955903896688,-0.00035487209818096943
BPIC19,nb_0.175,0.75,rare-first,empty,B0,0.04070511392977993,0.029424687413855986,0.2771255360047319
BPIC19,nb_0.175,0.75,rare-first,empty,B0+g,0.04070511392977993,0.01791594792217137,0.5598600226723839
BPIC19,nb_0.175,0.75,rare-first,B0_half,B0,0.04071955903896688,0.029424687413855986,0.27738197298016376
BPIC19,nb_0.175,0.75,rare-first,B0_half,B0+g,0.04071955903896688,0.01791594792217137,0.560016160660616
BPIC19,nb_0.175,0.75,rare-first,B0,B0+g,0.029424687413855986,0.01791594792217137,0.3911252931871484
BPIC19,nb_0.175,1.0,full,empty,B0_half,0.05507117626925363,0.05505111361760506,0.00036430403357423646
BPIC19,nb_0.175,1.0,full,empty,B0,0.05507117626925363,0.04184387003735263,0.2401856493355098
BPIC19,nb_0.175,1.0,full,empty,B0+g,0.05507117626925363,0.022443687146220227,0.592460363721147
BPIC19,nb_0.175,1.0,full,B0_half,B0,0.05505111361760506,0.04184387003735263,0.23990874502543802
BPIC19,nb_0.175,1.0,full,B0_half,B0+g,0.05505111361760506,0.022443687146220227,0.592311841280485
BPIC19,nb_0.175,1.0,full,B0,B0+g,0.04184387003735263,0.022443687146220227,0.46363261509546094
BPIC19,nb_0.200,0.25,rare-first,B0,B0+g,0.033639649898703675,-0.000913653156075795,1.027160007872466
BPIC19,nb_0.200,0.5,random,empty,B0_half,0.03340792627216271,0.03357013281074138,-0.004855330955211956
BPIC19,nb_0.200,0.5,random,empty,B0,0.03340792627216271,0.02549621959454986,0.23682124455013864
BPIC19,nb_0.200,0.5,random,empty,B0+g,0.03340792627216271,0.010195839567802333,0.6948077685295283
BPIC19,nb_0.200,0.5,random,B0_half,B0,0.03357013281074138,0.02549621959454986,0.2405088255596094
BPIC19,nb_0.200,0.5,random,B0_half,B0+g,0.03357013281074138,0.010195839567802333,0.6962824179075042
BPIC19,nb_0.200,0.5,random,B0,B0+g,0.02549621959454986,0.010195839567802333,0.6001038691249027
BPIC19,nb_0.200,0.5,rare-first,empty,B0_half,0.03234861826511831,0.032245997801935884,0.0031723291035612444
BPIC19,nb_0.200,0.5,rare-first,empty,B0,0.03234861826511831,0.023082983541001842,0.28643061809250914
BPIC19,nb_0.200,0.5,rare-first,empty,B0+g,0.03234861826511831,0.014254313369791183,0.5593532541956612
BPIC19,nb_0.200,0.5,rare-first,B0_half,B0,0.032245997801935884,0.023082983541001842,0.28415973719330656
BPIC19,nb_0.200,0.5,rare-first,B0_half,B0+g,0.032245997801935884,0.014254313369791183,0.5579509290627246
BPIC19,nb_0.200,0.5,rare-first,B0,B0+g,0.023082983541001842,0.014254313369791183,0.38247526172379187
BPIC19,nb_0.200,0.75,rare-first,empty,B0_half,0.04950609764171555,0.04969809721799234,-0.0038783015713808044
BPIC19,nb_0.200,0.75,rare-first,empty,B0,0.04950609764171555,0.03591716211384913,0.2744901370779004
BPIC19,nb_0.200,0.75,rare-first,empty,B0+g,0.04950609764171555,0.019951404245176836,0.5969909729187564
BPIC19,nb_0.200,0.75,rare-first,B0_half,B0,0.04969809721799234,0.03591716211384913,0.27729301272230733
BPIC19,nb_0.200,0.75,rare-first,B0_half,B0+g,0.04969809721799234,0.019951404245176836,0.5985479251315526
BPIC19,nb_0.200,0.75,rare-first,B0,B0+g,0.03591716211384913,0.019951404245176836,0.4445161290322581
BPIC19,nb_0.200,1.0,full,empty,B0_half,0.06757060949934456,0.06706081752095444,0.007544581618655677
BPIC19,nb_0.200,1.0,full,empty,B0,0.06757060949934456,0.05141947272943949,0.2390260631001373
BPIC19,nb_0.200,1.0,full,empty,B0+g,0.06757060949934456,0.0294553832708783,0.5640799529688418
BPIC19,nb_0.200,1.0,full,B0_half,B0,0.06706081752095444,0.05141947272943949,0.23324118866620602
BPIC19,nb_0.200,1.0,full,B0_half,B0+g,0.06706081752095444,0.0294553832708783,0.5607661170895448
BPIC19,nb_0.200,1.0,full,B0,B0+g,0.05141947272943949,0.0294553832708783,0.42715508916500344
BPIC19,nb_0.225,0.25,rare-first,B0_half,B0,0.053246885826672426,2.1357016270918266e-06,0.9999598905815066
BPIC19,nb_0.225,0.25,rare-first,B0_half,B0+g,0.053246885826672426,0.0008346321958728753,0.9843252392526814
BPIC19,nb_0.225,0.25,rare-first,B0,B0+g,2.1357016270918266e-06,0.0008346321958728753,-389.8000000025235
BPIC19,nb_0.225,0.5,random,empty,B0_half,0.039905584902468906,0.04003244557911899,-0.003179020604763272
BPIC19,nb_0.225,0.5,random,empty,B0,0.039905584902468906,0.00866753148344553,0.7827990366604229
BPIC19,nb_0.225,0.5,random,empty,B0+g,0.039905584902468906,0.014859357640750213,0.6276371420925875
BPIC19,nb_0.225,0.5,random,B0_half,B0,0.04003244557911899,0.00866753148344553,0.7834873348840189
BPIC19,nb_0.225,0.5,random,B0_half,B0+g,0.04003244557911899,0.014859357640750213,0.6288171400524957
BPIC19,nb_0.225,0.5,random,B0,B0+g,0.00866753148344553,0.014859357640750213,-0.7143701951507999
BPIC19,nb_0.225,0.5,rare-first,empty,B0_half,0.038140641077828795,0.03787410551476603,0.0069882297604511034
BPIC19,nb_0.225,0.5,rare-first,empty,B0,0.038140641077828795,-0.01223927888461703,1.3208986146730433
BPIC19,nb_0.225,0.5,rare-first,empty,B0+g,0.038140641077828795,0.01794501935159243,0.5295039924742143
BPIC19,nb_0.225,0.5,rare-first,B0_half,B0,0.03787410551476603,-0.01223927888461703,1.3231569094046403
BPIC19,nb_0.225,0.5,rare-first,B0_half,B0+g,0.03787410551476603,0.01794501935159243,0.5261929197351953
BPIC19,nb_0.225,0.75,rare-first,empty,B0_half,0.058571617123372215,0.05782497583453608,0.012747493163172363
BPIC19,nb_0.225,0.75,rare-first,empty,B0,0.058571617123372215,0.01273561594275634,0.7825633546034643
BPIC19,nb_0.225,0.75,rare-first,empty,B0+g,0.058571617123372215,0.027407458980646688,0.5320692798541478
BPIC19,nb_0.225,0.75,rare-first,B0_half,B0,0.05782497583453608,0.01273561594275634,0.779755793081543
BPIC19,nb_0.225,0.75,rare-first,B0_half,B0+g,0.05782497583453608,0.027407458980646688,0.5260273163092698
BPIC19,nb_0.225,0.75,rare-first,B0,B0+g,0.01273561594275634,0.027407458980646688,-1.1520324657901826
BPIC19,nb_0.225,1.0,full,empty,B0_half,0.08052705699034364,0.07968986195251822,0.010396443991810278
BPIC19,nb_0.225,1.0,full,empty,B0,0.08052705699034364,0.018244444719712646,0.7734370856009252
BPIC19,nb_0.225,1.0,full,empty,B0+g,0.08052705699034364,0.03395680159032885,0.5783181099689169
BPIC19,nb_0.225,1.0,full,B0_half,B0,0.07968986195251822,0.018244444719712646,0.7710568913950024
BPIC19,nb_0.225,1.0,full,B0_half,B0+g,0.07968986195251822,0.03395680159032885,0.5738880610615011
BPIC19,nb_0.225,1.0,full,B0,B0+g,0.018244444719712646,0.03395680159032885,-0.8612132137756658
BPIC19,nb_0.250,0.5,random,empty,B0_half,0.04801754920265003,0.01765954723410265,0.6322272267671661
BPIC19,nb_0.250,0.5,random,empty,B0,0.04801754920265003,0.008209637054594085,0.8290284033458958
BPIC19,nb_0.250,0.5,random,empty,B0+g,0.04801754920265003,0.01824216663797705,0.6200937586175205
BPIC19,nb_0.250,0.5,random,B0_half,B0,0.01765954723410265,0.008209637054594085,0.5351162209447637
BPIC19,nb_0.250,0.5,random,B0_half,B0+g,0.01765954723410265,0.01824216663797705,-0.03299175206198335
BPIC19,nb_0.250,0.5,random,B0,B0+g,0.008209637054594085,0.01824216663797705,-1.2220430107526856
BPIC19,nb_0.250,0.5,rare-first,empty,B0_half,0.044817556264703434,-0.01850257985637547,1.4128422296631862
BPIC19,nb_0.250,0.5,rare-first,empty,B0,0.044817556264703434,0.008717222141302869,0.8054953712822532
BPIC19,nb_0.250,0.5,rare-first,empty,B0+g,0.044817556264703434,0.028031938136412367,0.374532204057515
BPIC19,nb_0.250,0.5,rare-first,B0,B0+g,0.008717222141302869,0.028031938136412367,-2.21569620253164
BPIC19,nb_0.250,0.75,rare-first,empty,B0_half,0.06879764127417098,0.006024814290065017,0.9124270225187656
BPIC19,nb_0.250,0.75,rare-first,empty,B0,0.06879764127417098,0.014256520261472519,0.7927760313081416
BPIC19,nb_0.250,0.75,rare-first,empty,B0+g,0.06879764127417098,0.03236627339856904,0.5295438506447683
BPIC19,nb_0.250,0.75,rare-first,B0_half,B0,0.006024814290065017,0.014256520261472519,-1.366300366300364
BPIC19,nb_0.250,0.75,rare-first,B0_half,B0+g,0.006024814290065017,0.03236627339856904,-4.372161172161168
BPIC19,nb_0.250,0.75,rare-first,B0,B0+g,0.014256520261472519,0.03236627339856904,-1.2702786377708981
BPIC19,nb_0.250,1.0,full,empty,B0_half,0.09456972232888866,0.03207937747999452,0.6607859609819846
BPIC19,nb_0.250,1.0,full,empty,B0,0.09456972232888866,0.017310858348450548,0.8169513674974329
BPIC19,nb_0.250,1.0,full,empty,B0+g,0.09456972232888866,0.043285973437851705,0.5422850742089054
BPIC19,nb_0.250,1.0,full,B0_half,B0,0.03207937747999452,0.017310858348450548,0.4603742432581175
BPIC19,nb_0.250,1.0,full,B0_half,B0+g,0.03207937747999452,0.043285973437851705,-0.34933957072096833
BPIC19,nb_0.250,1.0,full,B0,B0+g,0.017310858348450548,0.043285973437851705,-1.5005099439061684
BPIC19,nb_0.275,0.5,random,empty,B0_half,0.05817564331273012,0.019853806363062304,0.6587264835846198
BPIC19,nb_0.275,0.5,random,empty,B0,0.05817564331273012,0.010733712340344703,0.8154947375030415
BPIC19,nb_0.275,0.5,random,empty,B0+g,0.05817564331273012,0.02042318441684869,0.6489392595615759
BPIC19,nb_0.275,0.5,random,B0_half,B0,0.019853806363062304,0.010733712340344703,0.45936249482544533
BPIC19,nb_0.275,0.5,random,B0_half,B0+g,0.019853806363062304,0.02042318441684869,-0.028678533646107507
BPIC19,nb_0.275,0.5,random,B0,B0+g,0.010733712340344703,0.02042318441684869,-0.9027139697124416
BPIC19,nb_0.275,0.5,rare-first,empty,B0_half,0.0578514585347122,0.020327298778279976,0.648629450438434
BPIC19,nb_0.275,0.5,rare-first,empty,B0,0.0578514585347122,0.010446055424638681,0.8194331536451962
BPIC19,nb_0.275,0.5,rare-first,empty,B0+g,0.0578514585347122,0.03182170385126952,0.44994120014838057
BPIC19,nb_0.275,0.5,rare-first,B0_half,B0,0.020327298778279976,0.010446055424638681,0.4861070554145419
BPIC19,nb_0.275,0.5,rare-first,B0_half,B0+g,0.020327298778279976,0.03182170385126952,-0.5654664300635699
BPIC19,nb_0.275,0.5,rare-first,B0,B0+g,0.010446055424638681,0.03182170385126952,-2.0462890112772114
BPIC19,nb_0.275,0.75,rare-first,empty,B0_half,0.08344835804975917,0.006468171218875399,0.9224889336346377
BPIC19,nb_0.275,0.75,rare-first,empty,B0,0.08344835804975917,0.016374527477856123,0.8037765168717615
BPIC19,nb_0.275,0.75,rare-first,empty,B0+g,0.08344835804975917,0.04413661603143958,0.4710906593857547
BPIC19,nb_0.275,0.75,rare-first,B0_half,B0,0.006468171218875399,0.016374527477856123,-1.5315544260906426
BPIC19,nb_0.275,0.75,rare-first,B0_half,B0+g,0.006468171218875399,0.04413661603143958,-5.823662289990134
BPIC19,nb_0.275,0.75,rare-first,B0,B0+g,0.016374527477856123,0.04413661603143958,-1.695443645083936
BPIC19,nb_0.275,1.0,full,empty,B0_half,0.11691883828613098,0.03745110403180846,0.6796828930154454
BPIC19,nb_0.275,1.0,full,empty,B0,0.11691883828613098,0.019844674397484316,0.8302696580946245
BPIC19,nb_0.275,1.0,full,empty,B0+g,0.11691883828613098,0.05161980522430622,0.5584988186593246
BPIC19,nb_0.275,1.0,full,B0_half,B0,0.03745110403180846,0.019844674397484316,0.47011777328033966
BPIC19,nb_0.275,1.0,full,B0_half,B0+g,0.03745110403180846,0.05161980522430622,-0.3783253273511995
BPIC19,nb_0.275,1.0,full,B0,B0+g,0.019844674397484316,0.05161980522430622,-1.6011918457503134
BPIC19,nb_0.300,0.5,random,empty,B0_half,0.06803027350954419,0.022069547353905344,0.6755922589255923
BPIC19,nb_0.300,0.5,random,empty,B0,0.06803027350954419,0.012412819896830948,0.8175397619842067
BPIC19,nb_0.300,0.5,random,empty,B0+g,0.06803027350954419,0.023098589417891363,0.6604660215771323
BPIC19,nb_0.300,0.5,random,B0_half,B0,0.022069547353905344,0.012412819896830948,0.43755892688780396
BPIC19,nb_0.300,0.5,random,B0_half,B0+g,0.022069547353905344,0.023098589417891363,-0.04662723922173795
BPIC19,nb_0.300,0.5,random,B0,B0+g,0.012412819896830948,0.023098589417891363,-0.8608655897592248
BPIC19,nb_0.300,0.5,rare-first,empty,B0_half,0.0663070063766559,0.022584068385898368,0.6594014777622454
BPIC19,nb_0.300,0.5,rare-first,empty,B0,0.0663070063766559,0.013383221696141256,0.7981627820728615
BPIC19,nb_0.300,0.5,rare-first,empty,B0+g,0.0663070063766559,0.038666633878561715,0.4168544775054914
BPIC19,nb_0.300,0.5,rare-first,B0_half,B0,0.022584068385898368,0.013383221696141256,0.40740430521819426
BPIC19,nb_0.300,0.5,rare-first,B0_half,B0+g,0.022584068385898368,0.038666633878561715,-0.7121199430438052
BPIC19,nb_0.300,0.5,rare-first,B0,B0+g,0.013383221696141256,0.038666633878561715,-1.889187279151951
BPIC19,nb_0.300,0.75,rare-first,empty,B0_half,0.10070235904109927,0.032456440687263916,0.677699301224735
BPIC19,nb_0.300,0.75,rare-first,empty,B0,0.10070235904109927,0.019546124351410295,0.8059020211886694
BPIC19,nb_0.300,0.75,rare-first,empty,B0+g,0.10070235904109927,0.05145588644218166,0.4890299797129761
BPIC19,nb_0.300,0.75,rare-first,B0_half,B0,0.032456440687263916,0.019546124351410295,0.3977736332905937
BPIC19,nb_0.300,0.75,rare-first,B0_half,B0+g,0.032456440687263916,0.05145588644218166,-0.5853829117612772
BPIC19,nb_0.300,0.75,rare-first,B0,B0+g,0.019546124351410295,0.05145588644218166,-1.6325365334365638
BPIC19,nb_0.300,1.0,full,empty,B0_half,0.1367812547881668,0.044566601153510785,0.6741761053257547
BPIC19,nb_0.300,1.0,full,empty,B0,0.1367812547881668,0.023662292607354245,0.8270063200984663
BPIC19,nb_0.300,1.0,full,empty,B0+g,0.1367812547881668,0.05924747515828145,0.5668450676955841
BPIC19,nb_0.300,1.0,full,B0_half,B0,0.044566601153510785,0.023662292607354245,0.4690577249575556
BPIC19,nb_0.300,1.0,full,B0_half,B0+g,0.044566601153510785,0.05924747515828145,-0.32941426146010166
BPIC19,nb_0.300,1.0,full,B0,B0+g,0.023662292607354245,0.05924747515828145,-1.5038772084099463
BPIC19,nb_0.325,0.5,random,empty,B0_half,0.07839762008801085,0.019706561873641226,0.7486331619312141
BPIC19,nb_0.325,0.5,random,empty,B0,0.07839762008801085,0.01213250962327378,0.8452439039647688
BPIC19,nb_0.325,0.5,random,empty,B0+g,0.07839762008801085,0.02969887698638643,0.6211762939608902
BPIC19,nb_0.325,0.5,random,B0_half,B0,0.019706561873641226,0.01213250962327378,0.38434163701067614
BPIC19,nb_0.325,0.5,random,B0_half,B0+g,0.019706561873641226,0.02969887698638643,-0.507055222357714
BPIC19,nb_0.325,0.5,random,B0,B0+g,0.01213250962327378,0.02969887698638643,-1.447875823598368
BPIC19,nb_0.325,0.5,rare-first,empty,B0_half,0.07538889109578059,0.014725852559038008,0.8046681368435435
BPIC19,nb_0.325,0.5,rare-first,empty,B0,0.07538889109578059,0.017666903539707138,0.7656564079545676
BPIC19,nb_0.325,0.5,rare-first,empty,B0+g,0.07538889109578059,0.04337915330884176,0.4245948882080104
BPIC19,nb_0.325,0.5,rare-first,B0_half,B0,0.014725852559038008,0.017666903539707138,-0.19972025177340624
BPIC19,nb_0.325,0.5,rare-first,B0_half,B0+g,0.014725852559038008,0.04337915330884176,-1.9457821294168642
BPIC19,nb_0.325,0.5,rare-first,B0,B0+g,0.017666903539707138,0.04337915330884176,-1.4553908505440818
BPIC19,nb_0.325,0.75,rare-first,empty,B0_half,0.11473041346851279,0.0329385939745972,0.7129044254369654
BPIC19,nb_0.325,0.75,rare-first,empty,B0,0.11473041346851279,0.02103658192693031,0.8166433703936429
BPIC19,nb_0.325,0.75,rare-first,empty,B0+g,0.11473041346851279,0.05447099089926913,0.5252262303210611
BPIC19,nb_0.325,0.75,rare-first,B0_half,B0,0.0329385939745972,0.02103658192693031,0.3613394080161989
BPIC19,nb_0.325,0.75,rare-first,B0_half,B0+g,0.0329385939745972,0.05447099089926913,-0.6537132987910195
BPIC19,nb_0.325,0.75,rare-first,B0,B0+g,0.02103658192693031,0.05447099089926913,-1.5893460776314252
BPIC19,nb_0.325,1.0,full,empty,B0_half,0.15655542461331579,0.040325305642237325,0.742421537025377
BPIC19,nb_0.325,1.0,full,empty,B0,0.15655542461331579,0.025471453365681476,0.8373007295748792
BPIC19,nb_0.325,1.0,full,empty,B0+g,0.15655542461331579,0.06828024777998959,0.5638589467682871
BPIC19,nb_0.325,1.0,full,B0_half,B0,0.040325305642237325,0.025471453365681476,0.3683506433488183
BPIC19,nb_0.325,1.0,full,B0_half,B0+g,0.040325305642237325,0.06828024777998959,-0.6932357161968252
BPIC19,nb_0.325,1.0,full,B0,B0+g,0.025471453365681476,0.06828024777998959,-1.6806577072663549
BPIC19,nb_0.350,0.5,random,empty,B0_half,0.0892894793399289,0.022739472362755975,0.7453286486733133
BPIC19,nb_0.350,0.5,random,empty,B0,0.0892894793399289,0.015176624331693811,0.8300289749264216
BPIC19,nb_0.350,0.5,random,empty,B0+g,0.0892894793399289,0.030415381152262305,0.6593620953206633
BPIC19,nb_0.350,0.5,random,B0_half,B0,0.022739472362755975,0.015176624331693811,0.3325867861142211
BPIC19,nb_0.350,0.5,random,B0_half,B0+g,0.022739472362755975,0.030415381152262305,-0.3375587905935047
BPIC19,nb_0.350,0.5,random,B0,B0+g,0.015176624331693811,0.030415381152262305,-1.004093959731541
BPIC19,nb_0.350,0.5,rare-first,empty,B0_half,0.08516938233176105,0.01780350447608564,0.790963560041618
BPIC19,nb_0.350,0.5,rare-first,empty,B0,0.08516938233176105,0.02184517194911656,0.7435090950404821
BPIC19,nb_0.350,0.5,rare-first,empty,B0+g,0.08516938233176105,0.041141893288978215,0.516940335099322
BPIC19,nb_0.350,0.5,rare-first,B0_half,B0,0.01780350447608564,0.02184517194911656,-0.22701527547342404
BPIC19,nb_0.350,0.5,rare-first,B0_half,B0+g,0.01780350447608564,0.041141893288978215,-1.3108873505349243
BPIC19,nb_0.350,0.5,rare-first,B0,B0+g,0.02184517194911656,0.041141893288978215,-0.8833403273185054
BPIC19,nb_0.350,0.75,rare-first,empty,B0_half,0.13206413295130345,0.03759932285772784,0.7152949705762125
BPIC19,nb_0.350,0.75,rare-first,empty,B0,0.13206413295130345,0.026230095959045546,0.8013836507091787
BPIC19,nb_0.350,0.75,rare-first,empty,B0+g,0.13206413295130345,0.05287678516316907,0.5996128246064618
BPIC19,nb_0.350,0.75,rare-first,B0_half,B0,0.03759932285772784,0.026230095959045546,0.3023785013815896
BPIC19,nb_0.350,0.75,rare-first,B0_half,B0+g,0.03759932285772784,0.05287678516316907,-0.4063228043560694
BPIC19,nb_0.350,0.75,rare-first,B0,B0+g,0.026230095959045546,0.05287678516316907,-1.0158822615719143
BPIC19,nb_0.350,1.0,full,empty,B0_half,0.18026264727182356,0.04742746031923875,0.7368980149962991
BPIC19,nb_0.350,1.0,full,empty,B0,0.18026264727182356,0.028275375264954355,0.8431434593195725
BPIC19,nb_0.350,1.0,full,empty,B0+g,0.18026264727182356,0.0737482085981179,0.5908846912310639
BPIC19,nb_0.350,1.0,full,B0_half,B0,0.04742746031923875,0.028275375264954355,0.4038184824860932
BPIC19,nb_0.350,1.0,full,B0_half,B0+g,0.04742746031923875,0.0737482085981179,-0.5549685372506072
BPIC19,nb_0.350,1.0,full,B0,B0+g,0.028275375264954355,0.0737482085981179,-1.608213256484147
BPIC19,nb_0.375,0.5,random,empty,B0_half,0.10278730419353554,0.027033540339773038,0.7369953366140211
BPIC19,nb_0.375,0.5,random,empty,B0,0.10278730419353554,0.00683783318547157,0.9334758972509213
BPIC19,nb_0.375,0.5,random,empty,B0+g,0.10278730419353554,0.03564571443704401,0.6532089763738952
BPIC19,nb_0.375,0.5,random,B0_half,B0,0.027033540339773038,0.00683783318547157,0.7470611285266464
BPIC19,nb_0.375,0.5,random,B0_half,B0+g,0.027033540339773038,0.03564571443704401,-0.31857366771159934
BPIC19,nb_0.375,0.5,random,B0,B0+g,0.00683783318547157,0.03564571443704401,-4.213013168086771
BPIC19,nb_0.375,0.5,rare-first,empty,B0_half,0.09836998980416037,0.032751155307795154,0.6670615156817876
BPIC19,nb_0.375,0.5,rare-first,empty,B0,0.09836998980416037,0.002476132466466302,0.9748283752860409
BPIC19,nb_0.375,0.5,rare-first,empty,B0+g,0.09836998980416037,0.05083089471802543,0.4832682729842508
BPIC19,nb_0.375,0.5,rare-first,B0_half,B0,0.032751155307795154,0.002476132466466302,0.9243955688525909
BPIC19,nb_0.375,0.5,rare-first,B0_half,B0+g,0.032751155307795154,0.05083089471802543,-0.5520336379073347
BPIC19,nb_0.375,0.5,rare-first,B0,B0+g,0.002476132466466302,0.05083089471802543,-19.528342245989123
BPIC19,nb_0.375,0.75,rare-first,empty,B0_half,0.14952397346433438,0.04282782272480501,0.7135722002798393
BPIC19,nb_0.375,0.75,rare-first,empty,B0,0.14952397346433438,0.006628619854080309,0.9556685145498663
BPIC19,nb_0.375,0.75,rare-first,empty,B0+g,0.14952397346433438,0.0690086201189073,0.5384778873912968
BPIC19,nb_0.375,0.75,rare-first,B0_half,B0,0.04282782272480501,0.006628619854080309,0.8452263170912692
BPIC19,nb_0.375,0.75,rare-first,B0_half,B0+g,0.04282782272480501,0.0690086201189073,-0.6113034875092751
BPIC19,nb_0.375,0.75,rare-first,B0,B0+g,0.006628619854080309,0.0690086201189073,-9.410707151418315
BPIC19,nb_0.375,1.0,full,empty,B0_half,0.20411276333734982,0.052801207611128026,0.7413135428289694
BPIC19,nb_0.375,1.0,full,empty,B0,0.20411276333734982,0.009451675692853656,0.9536938526610789
BPIC19,nb_0.375,1.0,full,empty,B0+g,0.20411276333734982,0.08035910541438804,0.6063004385395853
BPIC19,nb_0.375,1.0,full,B0_half,B0,0.052801207611128026,0.009451675692853656,0.8209950847627643
BPIC19,nb_0.375,1.0,full,B0_half,B0+g,0.052801207611128026,0.08035910541438804,-0.5219179456314573
BPIC19,nb_0.375,1.0,full,B0,B0+g,0.009451675692853656,0.08035910541438804,-7.502101428971688
BPIC19,nb_0.400,0.5,random,empty,B0_half,0.11645767402444357,0.030918552455608372,0.7345082433200683
BPIC19,nb_0.400,0.5,random,empty,B0,0.11645767402444357,0.003650198840940505,0.9686564335796853
BPIC19,nb_0.400,0.5,random,empty,B0+g,0.11645767402444357,0.037217021314159854,0.6804244836081108
BPIC19,nb_0.400,0.5,random,B0_half,B0,0.030918552455608372,0.003650198840940505,0.8819414703783007
BPIC19,nb_0.400,0.5,random,B0_half,B0+g,0.030918552455608372,0.037217021314159854,-0.20371163454675223
BPIC19,nb_0.400,0.5,random,B0,B0+g,0.003650198840940505,0.037217021314159854,-9.195888754534415
BPIC19,nb_0.400,0.5,rare-first,empty,B0_half,0.11017686029934276,0.036113575473488646,0.6722217771011934
BPIC19,nb_0.400,0.5,rare-first,empty,B0,0.11017686029934276,-0.0027850973018541947,1.0252784232032686
BPIC19,nb_0.400,0.5,rare-first,empty,B0+g,0.11017686029934276,0.06414551360990103,0.41779504847367954
BPIC19,nb_0.400,0.5,rare-first,B0_half,B0,0.036113575473488646,-0.0027850973018541947,1.0771205084331448
BPIC19,nb_0.400,0.5,rare-first,B0_half,B0+g,0.036113575473488646,0.06414551360990103,-0.7762160840870196
BPIC19,nb_0.400,0.75,rare-first,empty,B0_half,0.16983797001275588,0.048039618119463445,0.7171444164349388
BPIC19,nb_0.400,0.75,rare-first,empty,B0,0.16983797001275588,0.0027850973018542224,0.9836014449439955
BPIC19,nb_0.400,0.75,rare-first,empty,B0+g,0.16983797001275588,0.0758817635712804,0.5532108422776061
BPIC19,nb_0.400,0.75,rare-first,B0_half,B0,0.048039618119463445,0.0027850973018542224,0.9420249908122016
BPIC19,nb_0.400,0.75,rare-first,B0_half,B0+g,0.048039618119463445,0.0758817635712804,-0.5795663359059176
BPIC19,nb_0.400,0.75,rare-first,B0,B0+g,0.0027850973018542224,0.0758817635712804,-26.245641838351904
BPIC19,nb_0.400,1.0,full,empty,B0_half,0.23295065831578857,0.06103379633920811,0.7379968926446625
BPIC19,nb_0.400,1.0,full,empty,B0,0.23295065831578857,0.005662884054324885,0.975690628671037
BPIC19,nb_0.400,1.0,full,empty,B0+g,0.23295065831578857,0.08306298910236892,0.6434309750274734
BPIC19,nb_0.400,1.0,full,B0_half,B0,0.06103379633920811,0.005662884054324885,0.9072172403818334
BPIC19,nb_0.400,1.0,full,B0_half,B0+g,0.06103379633920811,0.08306298910236892,-0.36093433612959225
BPIC19,nb_0.400,1.0,full,B0,B0+g,0.005662884054324885,0.08306298910236892,-13.667965705377927
BPIC19,nb_0.425,0.25,rare-first,empty,B0_half,0.3558877663166537,-0.009591343150738951,1.0269504716332536
BPIC19,nb_0.425,0.25,rare-first,empty,B0,0.3558877663166537,-0.010118694310767562,1.028432262270472
BPIC19,nb_0.425,0.25,rare-first,empty,B0+g,0.3558877663166537,0.0954068059388031,0.7319188379914295
BPIC19,nb_0.425,0.5,random,empty,B0_half,0.13242443938714432,0.03513966457933096,0.7346436598715758
BPIC19,nb_0.425,0.5,random,empty,B0,0.13242443938714432,0.002507796564502951,0.9810624339728456
BPIC19,nb_0.425,0.5,random,empty,B0+g,0.13242443938714432,0.04716914327889221,0.643803337985123
BPIC19,nb_0.425,0.5,random,B0_half,B0,0.03513966457933096,0.002507796564502951,0.9286334518406864
BPIC19,nb_0.425,0.5,random,B0_half,B0+g,0.03513966457933096,0.04716914327889221,-0.34233333879450156
BPIC19,nb_0.425,0.5,random,B0,B0+g,0.002507796564502951,0.04716914327889221,-17.808999081726235
BPIC19,nb_0.425,0.5,rare-first,empty,B0_half,0.12301041518541056,0.04059107083949584,0.6700192355394141
BPIC19,nb_0.425,0.5,rare-first,empty,B0,0.12301041518541056,-0.005780712879746103,1.0469936864373068
BPIC19,nb_0.425,0.5,rare-first,empty,B0+g,0.12301041518541056,0.09215519092587554,0.25083424206826477
BPIC19,nb_0.425,0.5,rare-first,B0_half,B0,0.04059107083949584,-0.005780712879746103,1.142413411624543
BPIC19,nb_0.425,0.5,rare-first,B0_half,B0+g,0.04059107083949584,0.09215519092587554,-1.270331602984144
BPIC19,nb_0.425,0.75,rare-first,empty,B0_half,0.1898717488887341,0.052370691020004245,0.7241786030490835
BPIC19,nb_0.425,0.75,rare-first,empty,B0,0.1898717488887341,0.002814074749148382,0.9851790760572946
BPIC19,nb_0.425,0.75,rare-first,empty,B0+g,0.1898717488887341,0.07880445577187575,0.5849595517337569
BPIC19,nb_0.425,0.75,rare-first,B0_half,B0,0.052370691020004245,0.002814074749148382,0.9462662284125012
BPIC19,nb_0.425,0.75,rare-first,B0_half,B0+g,0.052370691020004245,0.07880445577187575,-0.5047434784042566
BPIC19,nb_0.425,0.75,rare-first,B0,B0+g,0.002814074749148382,0.07880445577187575,-27.00368248772503
BPIC19,nb_0.425,1.0,full,empty,B0_half,0.2626214534051284,0.07050731066452581,0.7315249392220865
BPIC19,nb_0.425,1.0,full,empty,B0,0.2626214534051284,0.005056468601016828,0.98074617082704
BPIC19,nb_0.425,1.0,full,empty,B0+g,0.2626214534051284,0.08709814661398532,0.6683509839555076
BPIC19,nb_0.425,1.0,full,B0_half,B0,0.07050731066452581,0.005056468601016828,0.9282844778313055
BPIC19,nb_0.425,1.0,full,B0_half,B0+g,0.07050731066452581,0.08709814661398532,-0.23530660569935513
BPIC19,nb_0.425,1.0,full,B0,B0+g,0.005056468601016828,0.08709814661398532,-16.22509393145848
BPIC19,nb_0.450,0.25,rare-first,empty,B0_half,0.405651167465762,-0.011267185165835802,1.0277755521726355
BPIC19,nb_0.450,0.25,rare-first,empty,B0,0.405651167465762,-0.010364365841650292,1.0255499470305975
BPIC19,nb_0.450,0.25,rare-first,empty,B0+g,0.405651167465762,0.09658240754227301,0.7619077293782845
BPIC19,nb_0.450,0.5,random,empty,B0_half,0.1495514191717896,0.04510726095450879,0.6983829294010637
BPIC19,nb_0.450,0.5,random,empty,B0,0.1495514191717896,0.0019296258355593343,0.9870972415624971
BPIC19,nb_0.450,0.5,random,empty,B0+g,0.1495514191717896,0.04332569748811588,0.7102956446147283
BPIC19,nb_0.450,0.5,random,B0_half,B0,0.04510726095450879,0.0019296258355593343,0.9572213919726719
BPIC19,nb_0.450,0.5,random,B0_half,B0+g,0.04510726095450879,0.04332569748811588,0.03949615713065879
BPIC19,nb_0.450,0.5,random,B0,B0+g,0.0019296258355593343,0.04332569748811588,-21.45290081097883
BPIC19,nb_0.450,0.5,rare-first,empty,B0_half,0.13701065687930264,0.044713631729163816,0.6736485121113347
BPIC19,nb_0.450,0.5,rare-first,empty,B0,0.13701065687930264,-0.005902030861975771,1.043077166378197
BPIC19,nb_0.450,0.5,rare-first,empty,B0+g,0.13701065687930264,0.0850804893521489,0.37902283450039065
BPIC19,nb_0.450,0.5,rare-first,B0_half,B0,0.044713631729163816,-0.005902030861975771,1.1319962309866738
BPIC19,nb_0.450,0.5,rare-first,B0_half,B0+g,0.044713631729163816,0.0850804893521489,-0.9027863777089793
BPIC19,nb_0.450,0.75,rare-first,empty,B0_half,0.21454478044035913,0.060059152722120646,0.7200623916422131
BPIC19,nb_0.450,0.75,rare-first,empty,B0,0.21454478044035913,0.0027481820228208997,0.9871906367650605
BPIC19,nb_0.450,0.75,rare-first,empty,B0+g,0.21454478044035913,0.08230823214734972,0.6163587294996886
BPIC19,nb_0.450,0.75,rare-first,B0_half,B0,0.060059152722120646,0.0027481820228208997,0.95424207804702
BPIC19,nb_0.450,0.75,rare-first,B0_half,B0+g,0.060059152722120646,0.08230823214734972,-0.37045276892550016
BPIC19,nb_0.450,0.75,rare-first,B0,B0+g,0.0027481820228208997,0.08230823214734972,-28.950065703021952
BPIC19,nb_0.450,1.0,full,empty,B0_half,0.2960669578961179,0.07944569301013202,0.7316630887327609
BPIC19,nb_0.450,1.0,full,empty,B0,0.2960669578961179,0.004725958222336735,0.984037535779339
BPIC19,nb_0.450,1.0,full,empty,B0+g,0.2960669578961179,0.09269787693007725,0.6869023224043715
BPIC19,nb_0.450,1.0,full,B0_half,B0,0.07944569301013202,0.004725958222336735,0.94051334888936
BPIC19,nb_0.450,1.0,full,B0_half,B0+g,0.07944569301013202,0.09269787693007725,-0.1668080850934881
BPIC19,nb_0.450,1.0,full,B0,B0+g,0.004725958222336735,0.09269787693007725,-18.6146204788588
BPIC19,nb_0.475,0.25,rare-first,empty,B0_half,0.4601539401528808,-0.012647380955533638,1.0274851084646406
BPIC19,nb_0.475,0.25,rare-first,empty,B0,0.4601539401528808,-0.008045065989213951,1.0174834230182643
BPIC19,nb_0.475,0.25,rare-first,empty,B0+g,0.4601539401528808,-0.006615630720184396,1.0143769946161636
BPIC19,nb_0.475,0.5,random,empty,B0_half,0.16813172747283794,0.0511406162019899,0.6958300674674756
BPIC19,nb_0.475,0.5,random,empty,B0,0.16813172747283794,0.002112941149765346,0.9874328231707088
BPIC19,nb_0.475,0.5,random,empty,B0+g,0.16813172747283794,-0.00796309572676418,1.047362242965419
BPIC19,nb_0.475,0.5,random,B0_half,B0,0.0511406162019899,0.002112941149765346,0.9586836978768525
BPIC19,nb_0.475,0.5,random,B0_half,B0+g,0.0511406162019899,-0.00796309572676418,1.155709811851159
BPIC19,nb_0.475,0.5,random,B0,B0+g,0.002112941149765346,-0.00796309572676418,4.7687257535064465
BPIC19,nb_0.475,0.5,rare-first,empty,B0_half,0.15234425492499404,0.04915378314830121,0.6773505953834502
BPIC19,nb_0.475,0.5,rare-first,empty,B0,0.15234425492499404,0.004841289808385052,0.9682213824816128
BPIC19,nb_0.475,0.5,rare-first,empty,B0+g,0.15234425492499404,-0.02437291172874656,1.1599857621197889
BPIC19,nb_0.475,0.5,rare-first,B0_half,B0,0.04915378314830121,0.004841289808385052,0.9015072798409338
BPIC19,nb_0.475,0.5,rare-first,B0_half,B0+g,0.04915378314830121,-0.02437291172874656,1.4958501699698552
BPIC19,nb_0.475,0.5,rare-first,B0,B0+g,0.004841289808385052,-0.02437291172874656,6.034383954154736
BPIC19,nb_0.475,0.75,rare-first,empty,B0_half,0.39233678932570626,0.06988343198139146,0.8218789726512843
BPIC19,nb_0.475,0.75,rare-first,empty,B0,0.39233678932570626,0.0023550686942326315,0.9939973289319103
BPIC19,nb_0.475,0.75,rare-first,empty,B0+g,0.39233678932570626,-0.017073144587345934,1.0435165527471661
BPIC19,nb_0.475,0.75,rare-first,B0_half,B0,0.06988343198139146,0.0023550686942326315,0.9663000424069078
BPIC19,nb_0.475,0.75,rare-first,B0_half,B0+g,0.06988343198139146,-0.017073144587345934,1.2443089027438172
BPIC19,nb_0.475,0.75,rare-first,B0,B0+g,0.0023550686942326315,-0.017073144587345934,8.249531459170026
BPIC19,nb_0.475,1.0,full,empty,B0_half,0.3341851935223315,0.09147376857020534,0.7262782123706126
BPIC19,nb_0.475,1.0,full,empty,B0,0.3341851935223315,0.0036331742479701057,0.9891282608613619
BPIC19,nb_0.475,1.0,full,empty,B0+g,0.3341851935223315,-0.016377658437482845,1.0490077321046494
BPIC19,nb_0.475,1.0,full,B0_half,B0,0.09147376857020534,0.0036331742479701057,0.9602817911106212
BPIC19,nb_0.475,1.0,full,B0_half,B0+g,0.09147376857020534,-0.016377658437482845,1.1790421308040144
BPIC19,nb_0.475,1.0,full,B0,B0+g,0.0036331742479701057,-0.016377658437482845,5.507809788267992
BPIC19,nb_0.500,0.25,rare-first,empty,B0_half,0.5201069901087115,-0.008421498656002946,1.0161918582448637
BPIC19,nb_0.500,0.25,rare-first,empty,B0,0.5201069901087115,-0.010646045470796228,1.0204689528755824
BPIC19,nb_0.500,0.25,rare-first,empty,B0+g,0.5201069901087115,-0.01298976443638189,1.0249751775758038
BPIC19,nb_0.500,0.5,random,empty,B0_half,0.532275790839634,0.058924007891844654,0.8892979750236331
BPIC19,nb_0.500,0.5,random,empty,B0,0.532275790839634,0.0019464784629441012,0.996343101646848
BPIC19,nb_0.500,0.5,random,empty,B0+g,0.532275790839634,-0.015174587200910972,1.0285088810388576
BPIC19,nb_0.500,0.5,random,B0_half,B0,0.058924007891844654,0.0019464784629441012,0.9669662921348311
BPIC19,nb_0.500,0.5,random,B0_half,B0+g,0.058924007891844654,-0.015174587200910972,1.2575280898876398
BPIC19,nb_0.500,0.5,random,B0,B0+g,0.0019464784629441012,-0.015174587200910972,8.795918367346843
BPIC19,nb_0.500,0.5,rare-first,empty,B0_half,0.49396856503489095,0.06024814290065017,0.8780324353303847
BPIC19,nb_0.500,0.5,rare-first,empty,B0,0.49396856503489095,0.007216535797989976,0.9853906982978152
BPIC19,nb_0.500,0.5,rare-first,empty,B0+g,0.49396856503489095,-0.03410971782682959,1.0690524058437205
BPIC19,nb_0.500,0.5,rare-first,B0_half,B0,0.06024814290065017,0.007216535797989976,0.8802197802197801
BPIC19,nb_0.500,0.5,rare-first,B0_half,B0+g,0.06024814290065017,-0.03410971782682959,1.5661538461538453
BPIC19,nb_0.500,0.5,rare-first,B0,B0+g,0.007216535797989976,-0.03410971782682959,5.726605504587143
BPIC19,nb_0.500,0.75,rare-first,empty,B0_half,0.44204923133962737,0.08389719415791635,0.8102084831056793
BPIC19,nb_0.500,0.75,rare-first,empty,B0,0.44204923133962737,1.3241350088066817e-05,0.9999700455307932
BPIC19,nb_0.500,0.75,rare-first,empty,B0+g,0.44204923133962737,-0.024986427616159712,1.056524083393242
BPIC19,nb_0.500,0.75,rare-first,B0_half,B0,0.08389719415791635,1.3241350088066817e-05,0.9998421717171716
BPIC19,nb_0.500,0.75,rare-first,B0_half,B0+g,0.08389719415791635,-0.024986427616159712,1.2978219696969693
BPIC19,nb_0.500,0.75,rare-first,B0,B0+g,1.3241350088066817e-05,-0.024986427616159712,1887.9999999983106
BPIC19,nb_0.500,1.0,full,empty,B0_half,0.39158644615404986,0.10906900067530889,0.7214689074493625
BPIC19,nb_0.500,1.0,full,empty,B0,0.39158644615404986,0.0034295096728062524,0.9912420112940857
BPIC19,nb_0.500,1.0,full,empty,B0+g,0.39158644615404986,-0.024099257160260013,1.0615426233388563
BPIC19,nb_0.500,1.0,full,B0_half,B0,0.10906900067530889,0.0034295096728062524,0.9685565132936748
BPIC19,nb_0.500,1.0,full,B0_half,B0+g,0.10906900067530889,-0.024099257160260013,1.220954230909311
BPIC19,nb_0.500,1.0,full,B0,B0+g,0.0034295096728062524,-0.024099257160260013,8.027027027026985
BPIC19,nb_0.525,0.25,rare-first,B0_half,B0,0.25855826786414937,0.025969772088488496,0.8995593051306585
BPIC19,nb_0.525,0.25,rare-first,B0_half,B0+g,0.25855826786414937,0.00584013230199476,0.9774127033328392
BPIC19,nb_0.525,0.25,rare-first,B0,B0+g,0.025969772088488496,0.00584013230199476,0.7751180764276522
BPIC19,nb_0.525,0.5,random,B0_half,B0,0.06538090834267785,0.01798593489855388,0.7249053989234127
BPIC19,nb_0.525,0.5,random,B0_half,B0+g,0.06538090834267785,-0.005882644004909121,1.0899749507008483
BPIC19,nb_0.525,0.5,random,B0,B0+g,0.01798593489855388,-0.005882644004909121,1.3270691258524516
BPIC19,nb_0.525,0.5,rare-first,B0_half,B0,0.06561994955742534,0.013437182686725724,0.7952271713502831
BPIC19,nb_0.525,0.5,rare-first,B0_half,B0+g,0.06561994955742534,-0.027820076535003513,1.4239576031776373
BPIC19,nb_0.525,0.5,rare-first,B0,B0+g,0.013437182686725724,-0.027820076535003513,3.0703801670037807
BPIC19,nb_0.525,0.75,rare-first,B0_half,B0,0.11222322964891612,0.012007813790378297,0.8930006396363387
BPIC19,nb_0.525,0.75,rare-first,B0_half,B0+g,0.11222322964891612,-0.028101629452665366,1.2504083115463678
BPIC19,nb_0.525,0.75,rare-first,B0,B0+g,0.012007813790378297,-0.028101629452665366,3.340278583865352
BPIC19,nb_0.525,1.0,full,B0_half,B0,0.12614685772308715,0.03432576090721373,0.7278904799787851
BPIC19,nb_0.525,1.0,full,B0_half,B0+g,0.12614685772308715,-0.019579078388095583,1.155208609564218
BPIC19,nb_0.525,1.0,full,B0,B0+g,0.03432576090721373,-0.019579078388095583,1.5703902221139385
BPIC19,nb_0.550,0.25,rare-first,B0_half,B0,0.3312117747970028,0.059400696495014615,0.8206564469774034
BPIC19,nb_0.550,0.25,rare-first,B0_half,B0+g,0.3312117747970028,0.013154545681922203,0.9602835808298648
BPIC19,nb_0.550,0.25,rare-first,B0,B0+g,0.059400696495014615,0.013154545681922203,0.7785455986525976
BPIC19,nb_0.550,0.5,random,B0_half,B0,0.08509185818808312,0.021212642841064056,0.7507089010305004
BPIC19,nb_0.550,0.5,random,B0_half,B0+g,0.08509185818808312,0.0033927281447838076,0.9601286396016329
BPIC19,nb_0.550,0.5,random,B0,B0+g,0.021212642841064056,0.0033927281447838076,0.8400610348175916
BPIC19,nb_0.550,0.5,rare-first,B0_half,B0,0.11592949128204227,0.05998184463776812,0.48260063962637745
BPIC19,nb_0.550,0.5,rare-first,B0_half,B0+g,0.11592949128204227,-0.024083073287930246,1.207738971521397
BPIC19,nb_0.550,0.5,rare-first,B0,B0+g,0.05998184463776812,-0.024083073287930246,1.40150604626064
BPIC19,nb_0.550,0.75,rare-first,B0_half,B0,0.1539145109013093,0.05083795677140568,0.6697000401475908
BPIC19,nb_0.550,0.75,rare-first,B0_half,B0+g,0.1539145109013093,-0.006508859198839589,1.042288794998758
BPIC19,nb_0.550,0.75,rare-first,B0,B0+g,0.05083795677140568,-0.006508859198839589,1.128031486947968
BPIC19,nb_0.550,1.0,full,B0_half,B0,0.16674832165887643,0.057177620941342266,0.6571022702206697
BPIC19,nb_0.550,1.0,full,B0_half,B0+g,0.16674832165887643,0.00452707046899381,0.9728508783539362
BPIC19,nb_0.550,1.0,full,B0,B0+g,0.057177620941342266,0.00452707046899381,0.9208244345521464
BPIC19,nb_0.575,0.25,rare-first,B0_half,B0,0.3555832152646283,0.06275543148497065,0.8235140783057843
BPIC19,nb_0.575,0.25,rare-first,B0_half,B0+g,0.3555832152646283,0.033896298419528015,0.9046740763781494
BPIC19,nb_0.575,0.25,rare-first,B0,B0+g,0.06275543148497065,0.033896298419528015,0.4598666981096948
BPIC19,nb_0.575,0.5,random,B0_half,B0,0.0862331240940385,0.007921442964442249,0.9081392092926635
BPIC19,nb_0.575,0.5,random,B0_half,B0+g,0.0862331240940385,-0.001233003364081886,1.0142984888583797
BPIC19,nb_0.575,0.5,random,B0,B0+g,0.007921442964442249,-0.001233003364081886,1.1556538839724768
BPIC19,nb_0.575,0.5,rare-first,B0_half,B0,0.1093618681831387,0.04921420376256852,0.5499875360564084
BPIC19,nb_0.575,0.5,rare-first,B0_half,B0+g,0.1093618681831387,-0.009741739150076645,1.089078024286884
BPIC19,nb_0.575,0.5,rare-first,B0,B0+g,0.04921420376256852,-0.009741739150076645,1.1979456824512529
BPIC19,nb_0.575,0.75,rare-first,B0_half,B0,0.15202705597274457,0.03411906466218584,0.7755724173971855
BPIC19,nb_0.575,0.75,rare-first,B0_half,B0+g,0.15202705597274457,-0.009842996533102999,1.064745031534832
BPIC19,nb_0.575,0.75,rare-first,B0,B0+g,0.03411906466218584,-0.009842996533102999,1.2884896356497133
BPIC19,nb_0.575,1.0,full,B0_half,B0,0.19555682603280578,0.04433827131837892,0.7732716764847629
BPIC19,nb_0.575,1.0,full,B0_half,B0+g,0.19555682603280578,0.0012189831110474003,0.993766604133558
BPIC19,nb_0.575,1.0,full,B0,B0+g,0.04433827131837892,0.0012189831110474003,0.9725072025859043
BPIC19,nb_0.600,0.25,rare-first,B0_half,B0,0.4055031050965956,0.07004674196581084,0.8272596656217346
BPIC19,nb_0.600,0.25,rare-first,B0_half,B0+g,0.4055031050965956,0.04368983461553744,0.8922577063740855
BPIC19,nb_0.600,0.25,rare-first,B0,B0+g,0.07004674196581084,0.04368983461553744,0.3762759924385629
BPIC19,nb_0.600,0.5,random,B0_half,B0,0.11305464705181334,0.02070947153771796,0.8168189271492154
BPIC19,nb_0.600,0.5,random,B0_half,B0+g,0.11305464705181334,0.0174785821162326,0.8453970484891071
BPIC19,nb_0.600,0.5,random,B0,B0+g,0.02070947153771796,0.0174785821162326,0.1560102301790257
BPIC19,nb_0.600,0.5,rare-first,B0_half,B0,0.12666675494233387,0.05410415645979266,0.5728622203637881
BPIC19,nb_0.600,0.5,rare-first,B0_half,B0+g,0.12666675494233387,0.003979025701460526,0.9685866610913652
BPIC19,nb_0.600,0.5,rare-first,B0,B0+g,0.05410415645979266,0.003979025701460526,0.9264561918746941
BPIC19,nb_0.600,0.75,rare-first,B0_half,B0,0.2960037605434249,0.04845672064723716,0.836296942450066
BPIC19,nb_0.600,0.75,rare-first,B0_half,B0+g,0.2960037605434249,-0.0014035831093338058,1.0047417745867722
BPIC19,nb_0.600,0.75,rare-first,B0,B0+g,0.04845672064723716,-0.0014035831093338058,1.0289657056974992
BPIC19,nb_0.600,1.0,full,B0_half,B0,0.22427536711643115,0.049847062406482956,0.7777416974169742
BPIC19,nb_0.600,1.0,full,B0_half,B0+g,0.22427536711643115,0.009904529865865153,0.9558376383763836
BPIC19,nb_0.600,1.0,full,B0,B0+g,0.049847062406482956,0.009904529865865153,0.8013016336830914
BPIC19,nb_0.650,0.25,rare-first,B0,B0+g,0.025695785656591252,0.0008587961342824135,0.9665783274440521
BPIC19,nb_0.675,0.25,rare-first,B0,B0+g,0.03270104189053885,0.004736329069958134,0.8551627472356329
BPIC19,nb_0.700,0.25,rare-first,B0,B0+g,0.08519043268318299,-0.00619695184120983,1.072742344956221
BPIC19,nb_0.725,0.25,rare-first,B0,B0+g,0.1333428029049114,-0.05118383688582706,1.3838515148232406
BPIC19,nb_0.750,0.25,rare-first,B0,B0+g,0.014856794798797646,-0.13364494643873892,9.995543672014286
BPIC19,nb_0.775,0.25,rare-first,B0,B0+g,0.012570455016926885,-0.17068835894063317,14.57853464419473
BPIC19,nb_0.800,0.25,rare-first,B0,B0+g,0.00953377206339967,-0.2027515525482979,22.266666666666485
BPIC19,nb_0.800,0.5,random,B0,B0+g,0.12620330768925214,-0.18492869532977596,2.4653236806211307
