log,target,metric,scale,axis,S,S_total,levels,var_total,n_cells
BPIC13_closed,handover,ap,raw,learner,0.0269586650465563,0.2878434392024154,2,0.000940825665749303,216
BPIC13_closed,handover,ap,raw,split,0.26620171048704494,0.839768808240461,6,0.000940825665749303,216
BPIC13_closed,handover,ap,raw,quality_level,0.032043346140941106,0.43443266429763283,6,0.000940825665749303,216
BPIC13_closed,handover,ap,raw,rung,0.04939598977083283,0.3402699368287887,3,0.000940825665749303,216
BPIC13_closed,handover,auc,raw,learner,0.036061149333127436,0.24571237509773503,2,0.0009362418989708012,216
BPIC13_closed,handover,auc,raw,split,0.28660760274589797,0.8963402280590747,6,0.0009362418989708012,216
BPIC13_closed,handover,auc,raw,quality_level,0.01629496591252936,0.26143588305778875,6,0.0009362418989708012,216
BPIC13_closed,handover,auc,raw,rung,0.02309075794444632,0.45408410215311545,3,0.0009362418989708012,216
BPIC13_closed,handover,brier_skill,raw,learner,0.11009271012423258,0.45266053039497844,2,0.007415729053698472,216
BPIC13_closed,handover,brier_skill,raw,split,0.2029185675410047,0.542022325244593,6,0.007415729053698472,216
BPIC13_closed,handover,brier_skill,raw,quality_level,0.02879399924719395,0.32711645533777955,6,0.007415729053698472,216
BPIC13_closed,handover,brier_skill,raw,rung,0.1124582057730999,0.4706084521785565,3,0.007415729053698472,216
BPIC13_closed,handover,logloss_skill,raw,learner,0.19310680399153313,0.5485322862035794,2,0.021268113670565386,216
BPIC13_closed,handover,logloss_skill,raw,split,0.19260223592522183,0.5664850613177288,6,0.021268113670565386,216
BPIC13_closed,handover,logloss_skill,raw,quality_level,0.02831759928547863,0.2542811250839786,6,0.021268113670565386,216
BPIC13_closed,handover,logloss_skill,raw,rung,0.08355482945237655,0.3491755947484698,3,0.021268113670565386,216
BPIC13_closed,handover,nagelkerke,raw,learner,0.17461720237688627,0.5715773917924949,2,0.37816188676966506,216
BPIC13_closed,handover,nagelkerke,raw,split,0.1607429989396766,0.5978463572786417,6,0.37816188676966506,216
BPIC13_closed,handover,nagelkerke,raw,quality_level,0.029600729015588047,0.2491229958217991,6,0.37816188676966506,216
BPIC13_closed,handover,nagelkerke,raw,rung,0.07507029297447669,0.36658048317157177,3,0.37816188676966506,216
BPIC13_closed,handover,nb_0.050,raw,learner,0.0001333573240660954,0.5006077560094662,2,8.434953601186448e-05,216
BPIC13_closed,handover,nb_0.050,raw,split,0.09371548068099766,0.7444034506716102,6,8.434953601186448e-05,216
BPIC13_closed,handover,nb_0.050,raw,quality_level,0.0399050605368855,0.4134951556981553,6,8.434953601186448e-05,216
BPIC13_closed,handover,nb_0.050,raw,rung,0.0769356328514612,0.5828502521498395,3,8.434953601186448e-05,216
BPIC13_closed,handover,nb_0.075,raw,learner,0.0029073459865547927,0.4859872608411514,2,0.00010577907264253019,216
BPIC13_closed,handover,nb_0.075,raw,split,0.013692786553733531,0.4689112468116592,6,0.00010577907264253019,216
BPIC13_closed,handover,nb_0.075,raw,quality_level,0.019517889442765602,0.4090674788716273,6,0.00010577907264253019,216
BPIC13_closed,handover,nb_0.075,raw,rung,0.2089161662918191,0.8134881584869933,3,0.00010577907264253019,216
BPIC13_closed,handover,nb_0.100,raw,learner,0.00018669590805804782,0.46858377352158864,2,0.0001400622568040861,216
BPIC13_closed,handover,nb_0.100,raw,split,0.03076863384973484,0.5680699369334276,6,0.0001400622568040861,216
BPIC13_closed,handover,nb_0.100,raw,quality_level,0.011397301207412568,0.34003053486019996,6,0.0001400622568040861,216
BPIC13_closed,handover,nb_0.100,raw,rung,0.1846166275771319,0.7916208733874224,3,0.0001400622568040861,216
BPIC13_closed,handover,nb_0.125,raw,learner,0.0018764158821180884,0.4941201705556503,2,0.00012356422785705156,216
BPIC13_closed,handover,nb_0.125,raw,split,0.09049798573435522,0.6602373859089214,6,0.00012356422785705156,216
BPIC13_closed,handover,nb_0.125,raw,quality_level,0.011158543631974738,0.3890993418552823,6,0.00012356422785705156,216
BPIC13_closed,handover,nb_0.125,raw,rung,0.11128698131918209,0.7125729211573795,3,0.00012356422785705156,216
BPIC13_closed,handover,nb_0.150,raw,learner,0.009141166032810599,0.5185054340946351,2,0.0001447988560398917,216
BPIC13_closed,handover,nb_0.150,raw,split,0.1004607188949591,0.647599369937581,6,0.0001447988560398917,216
BPIC13_closed,handover,nb_0.150,raw,quality_level,0.013712175433015276,0.38295616753200834,6,0.0001447988560398917,216
BPIC13_closed,handover,nb_0.150,raw,rung,0.11557558273055536,0.641057390009918,3,0.0001447988560398917,216
BPIC13_closed,handover,nb_0.175,raw,learner,0.005134334754074938,0.5517975511942113,2,0.0002246920756584851,216
BPIC13_closed,handover,nb_0.175,raw,split,0.08419087087978253,0.7246860842274538,6,0.0002246920756584851,216
BPIC13_closed,handover,nb_0.175,raw,quality_level,0.012602199024898736,0.3880036763883469,6,0.0002246920756584851,216
BPIC13_closed,handover,nb_0.175,raw,rung,0.07718041241055588,0.6430062693257673,3,0.0002246920756584851,216
BPIC13_closed,handover,nb_0.200,raw,learner,0.03238872810628011,0.6306616760546374,2,0.0002293797768199402,216
BPIC13_closed,handover,nb_0.200,raw,split,0.0673210611226494,0.6919540973245972,6,0.0002293797768199402,216
BPIC13_closed,handover,nb_0.200,raw,quality_level,0.008706899967794392,0.3402328748786143,6,0.0002293797768199402,216
BPIC13_closed,handover,nb_0.200,raw,rung,0.019830199105255464,0.5966296089555558,3,0.0002293797768199402,216
BPIC13_closed,handover,nb_0.225,raw,learner,0.03212248727270966,0.5575904391302439,2,0.0002121392963196961,216
BPIC13_closed,handover,nb_0.225,raw,split,0.11870089236592393,0.70230439096407,6,0.0002121392963196961,216
BPIC13_closed,handover,nb_0.225,raw,quality_level,0.022165315111162483,0.3880758897915553,6,0.0002121392963196961,216
BPIC13_closed,handover,nb_0.225,raw,rung,0.0005588042832642846,0.546739959705624,3,0.0002121392963196961,216
BPIC13_closed,handover,nb_0.250,raw,learner,0.005878646126423739,0.48121678782067323,2,0.00026016662995687463,216
BPIC13_closed,handover,nb_0.250,raw,split,0.09617449398107987,0.8384875146515097,6,0.00026016662995687463,216
BPIC13_closed,handover,nb_0.250,raw,quality_level,0.025697782776119286,0.3654634776244998,6,0.00026016662995687463,216
BPIC13_closed,handover,nb_0.250,raw,rung,0.026542729390654867,0.47758741263225746,3,0.00026016662995687463,216
BPIC13_closed,handover,nb_0.275,raw,learner,0.004449779251815296,0.48960769083083944,2,0.00037633332957053613,216
BPIC13_closed,handover,nb_0.275,raw,split,0.031246195840358225,0.8613902225990759,6,0.00037633332957053613,216
BPIC13_closed,handover,nb_0.275,raw,quality_level,0.041096800671715575,0.34903598105411116,6,0.00037633332957053613,216
BPIC13_closed,handover,nb_0.275,raw,rung,0.04030032880710035,0.5331394555472795,3,0.00037633332957053613,216
BPIC13_closed,handover,nb_0.300,raw,learner,0.03955233030381418,0.4299246930616575,2,0.0005068513132779989,216
BPIC13_closed,handover,nb_0.300,raw,split,0.058370381372650784,0.7860249871010858,6,0.0005068513132779989,216
BPIC13_closed,handover,nb_0.300,raw,quality_level,0.036927107629910645,0.3101899829578364,6,0.0005068513132779989,216
BPIC13_closed,handover,nb_0.300,raw,rung,0.06264655147215459,0.6120417972742842,3,0.0005068513132779989,216
BPIC13_closed,handover,nb_0.325,raw,learner,0.036820941592013025,0.498513814347191,2,0.0005108720679624462,216
BPIC13_closed,handover,nb_0.325,raw,split,0.034446289607806616,0.7361028966124438,6,0.0005108720679624462,216
BPIC13_closed,handover,nb_0.325,raw,quality_level,0.02429015235945813,0.39076779066291334,6,0.0005108720679624462,216
BPIC13_closed,handover,nb_0.325,raw,rung,0.07289260459204375,0.6773993905301541,3,0.0005108720679624462,216
BPIC13_closed,handover,nb_0.350,raw,learner,0.024546252338751122,0.3909398144377687,2,0.0006645406894615372,216
BPIC13_closed,handover,nb_0.350,raw,split,0.18155807991929493,0.8505055881612182,6,0.0006645406894615372,216
BPIC13_closed,handover,nb_0.350,raw,quality_level,0.004887552565925626,0.2823981593692241,6,0.0006645406894615372,216
BPIC13_closed,handover,nb_0.350,raw,rung,0.05906084121588228,0.6254996047512082,3,0.0006645406894615372,216
BPIC13_closed,handover,nb_0.375,raw,learner,0.005244706109840794,0.26680609531292443,2,0.0007852608096542833,216
BPIC13_closed,handover,nb_0.375,raw,split,0.19570361768151676,0.8963739192371902,6,0.0007852608096542833,216
BPIC13_closed,handover,nb_0.375,raw,quality_level,0.006490162383333577,0.28411639483877493,6,0.0007852608096542833,216
BPIC13_closed,handover,nb_0.375,raw,rung,0.006064714002812515,0.6214905933430879,3,0.0007852608096542833,216
BPIC13_closed,handover,nb_0.400,raw,learner,0.0009239721349108269,0.2866196783177928,2,0.0008333578563088103,216
BPIC13_closed,handover,nb_0.400,raw,split,0.1764623104466748,0.9343020669948225,6,0.0008333578563088103,216
BPIC13_closed,handover,nb_0.400,raw,quality_level,0.006007174176621778,0.3177944123150811,6,0.0008333578563088103,216
BPIC13_closed,handover,nb_0.400,raw,rung,1.908748361803616e-05,0.6417011090661577,3,0.0008333578563088103,216
BPIC13_closed,handover,nb_0.425,raw,learner,0.003763442377029214,0.4464810648756957,2,0.0007805635935458751,216
BPIC13_closed,handover,nb_0.425,raw,split,0.1675375046196549,0.9084129404719514,6,0.0007805635935458751,216
BPIC13_closed,handover,nb_0.425,raw,quality_level,0.005709069324620767,0.3976143748862141,6,0.0007805635935458751,216
BPIC13_closed,handover,nb_0.425,raw,rung,0.027444803882715973,0.6093750821062148,3,0.0007805635935458751,216
BPIC13_closed,handover,nb_0.450,raw,learner,8.924548273653142e-06,0.45397139500559947,2,0.0008053935244754086,216
BPIC13_closed,handover,nb_0.450,raw,split,0.21430015569209557,0.9114373012231305,6,0.0008053935244754086,216
BPIC13_closed,handover,nb_0.450,raw,quality_level,0.0076721798640223314,0.4293133542186355,6,0.0008053935244754086,216
BPIC13_closed,handover,nb_0.450,raw,rung,0.0033277546579762634,0.5393736809121858,3,0.0008053935244754086,216
BPIC13_closed,handover,nb_0.475,raw,learner,0.00949799322854119,0.2984489247286961,2,0.0011398362995416102,216
BPIC13_closed,handover,nb_0.475,raw,split,0.2903054052020821,0.8947741711628207,6,0.0011398362995416102,216
BPIC13_closed,handover,nb_0.475,raw,quality_level,0.013853866916498573,0.350159699979953,6,0.0011398362995416102,216
BPIC13_closed,handover,nb_0.475,raw,rung,0.011679080619246753,0.5146685885831173,3,0.0011398362995416102,216
BPIC13_closed,handover,nb_0.500,raw,learner,0.00022827630244781513,0.2603545893170176,2,0.0018208942432155891,216
BPIC13_closed,handover,nb_0.500,raw,split,0.34979619630594755,0.8706525849000741,6,0.0018208942432155891,216
BPIC13_closed,handover,nb_0.500,raw,quality_level,0.016818924085673457,0.2636180612812167,6,0.0018208942432155891,216
BPIC13_closed,handover,nb_0.500,raw,rung,0.010842809815284531,0.5154054315943215,3,0.0018208942432155891,216
BPIC13_closed,handover,nb_0.525,raw,learner,0.006890853098694477,0.2875895441926877,2,0.0021479416773136474,216
BPIC13_closed,handover,nb_0.525,raw,split,0.28406412625536037,0.8246075233160134,6,0.0021479416773136474,216
BPIC13_closed,handover,nb_0.525,raw,quality_level,0.018709496216264946,0.26585520477633595,6,0.0021479416773136474,216
BPIC13_closed,handover,nb_0.525,raw,rung,0.049229760512035994,0.5853443474879099,3,0.0021479416773136474,216
BPIC13_closed,handover,nb_0.550,raw,learner,0.004294204422308317,0.3295015427727024,2,0.0022970923113093756,216
BPIC13_closed,handover,nb_0.550,raw,split,0.2670104898648304,0.8400791292183214,6,0.0022970923113093756,216
BPIC13_closed,handover,nb_0.550,raw,quality_level,0.018849142970315706,0.2714259229635565,6,0.0022970923113093756,216
BPIC13_closed,handover,nb_0.550,raw,rung,0.038239221522894384,0.5905058287021148,3,0.0022970923113093756,216
BPIC13_closed,handover,nb_0.575,raw,learner,0.029098429316327185,0.3480959270477083,2,0.0026561361390531513,216
BPIC13_closed,handover,nb_0.575,raw,split,0.26892601830700924,0.7635725717321391,6,0.0026561361390531513,216
BPIC13_closed,handover,nb_0.575,raw,quality_level,0.027157049809551425,0.29231066934483785,6,0.0026561361390531513,216
BPIC13_closed,handover,nb_0.575,raw,rung,0.07285890674001522,0.5486294283784584,3,0.0026561361390531513,216
BPIC13_closed,handover,nb_0.600,raw,learner,0.03958468282103444,0.38865047435631983,2,0.002864302986317625,216
BPIC13_closed,handover,nb_0.600,raw,split,0.21960876458791598,0.753517183204303,6,0.002864302986317625,216
BPIC13_closed,handover,nb_0.600,raw,quality_level,0.02352068987422624,0.3201921150465187,6,0.002864302986317625,216
BPIC13_closed,handover,nb_0.600,raw,rung,0.08640897758218534,0.5514414828533465,3,0.002864302986317625,216
BPIC13_closed,handover,nb_0.625,raw,learner,0.11224925309742688,0.4098464161225487,2,0.003101422831737682,216
BPIC13_closed,handover,nb_0.625,raw,split,0.10220903670181147,0.44892604560991867,6,0.003101422831737682,216
BPIC13_closed,handover,nb_0.625,raw,quality_level,0.02682677705440763,0.3322789635092198,6,0.003101422831737682,216
BPIC13_closed,handover,nb_0.625,raw,rung,0.2604075973888901,0.6096187058933136,3,0.003101422831737682,216
BPIC13_closed,handover,nb_0.650,raw,learner,0.11136785707913394,0.4539861912309249,2,0.0042948679408208144,216
BPIC13_closed,handover,nb_0.650,raw,split,0.12455056407058224,0.47576777622234245,6,0.0042948679408208144,216
BPIC13_closed,handover,nb_0.650,raw,quality_level,0.023990772534421483,0.33341124380133724,6,0.0042948679408208144,216
BPIC13_closed,handover,nb_0.650,raw,rung,0.2161866458756567,0.5785519545894453,3,0.0042948679408208144,216
BPIC13_closed,handover,nb_0.675,raw,learner,0.14693857765463636,0.469034533796164,2,0.0055992671018107384,216
BPIC13_closed,handover,nb_0.675,raw,split,0.14247141073999287,0.451171923269865,6,0.0055992671018107384,216
BPIC13_closed,handover,nb_0.675,raw,quality_level,0.0230039103053236,0.3058023928663274,6,0.0055992671018107384,216
BPIC13_closed,handover,nb_0.675,raw,rung,0.19328288304985966,0.5425697061594799,3,0.0055992671018107384,216
BPIC13_closed,handover,nb_0.700,raw,learner,0.19986285553244282,0.5578211619875533,2,0.007235368384390573,216
BPIC13_closed,handover,nb_0.700,raw,split,0.07748247381275702,0.3264341193617475,6,0.007235368384390573,216
BPIC13_closed,handover,nb_0.700,raw,quality_level,0.028599318673032663,0.28747880774277035,6,0.007235368384390573,216
BPIC13_closed,handover,nb_0.700,raw,rung,0.1933384273366156,0.5619108010351985,3,0.007235368384390573,216
BPIC13_closed,handover,nb_0.725,raw,learner,0.1873062386721476,0.5608113147016522,2,0.009150069474010224,216
BPIC13_closed,handover,nb_0.725,raw,split,0.08295461742212558,0.3383917896335443,6,0.009150069474010224,216
BPIC13_closed,handover,nb_0.725,raw,quality_level,0.034513499967617975,0.2909187481560085,6,0.009150069474010224,216
BPIC13_closed,handover,nb_0.725,raw,rung,0.17678532571526973,0.5573665383732405,3,0.009150069474010224,216
BPIC13_closed,handover,nb_0.750,raw,learner,0.17976864580905777,0.6056861507007495,2,0.009843082592709647,216
BPIC13_closed,handover,nb_0.750,raw,split,0.07300508805718617,0.39314534358933906,6,0.009843082592709647,216
BPIC13_closed,handover,nb_0.750,raw,quality_level,0.04382118129824434,0.330898105190943,6,0.009843082592709647,216
BPIC13_closed,handover,nb_0.750,raw,rung,0.1120498428332901,0.5465749635793846,3,0.009843082592709647,216
BPIC13_closed,handover,nb_0.775,raw,learner,0.16733709784327228,0.5850731167245875,2,0.009693938304398856,216
BPIC13_closed,handover,nb_0.775,raw,split,0.08258771338860811,0.4472129058486427,6,0.009693938304398856,216
BPIC13_closed,handover,nb_0.775,raw,quality_level,0.04090438944820084,0.36052242333643225,6,0.009693938304398856,216
BPIC13_closed,handover,nb_0.775,raw,rung,0.0958362553330451,0.5272406208162457,3,0.009693938304398856,216
BPIC13_closed,handover,nb_0.800,raw,learner,0.1751703730489383,0.6050574922967908,2,0.010382014187221296,216
BPIC13_closed,handover,nb_0.800,raw,split,0.10778795904441701,0.564422328648184,6,0.010382014187221296,216
BPIC13_closed,handover,nb_0.800,raw,quality_level,0.042073703586063535,0.3532175590838257,6,0.010382014187221296,216
BPIC13_closed,handover,nb_0.800,raw,rung,0.04870412785183934,0.44260886164901025,3,0.010382014187221296,216
BPIC13_incidents,duration,ap,raw,learner,0.00327480551251673,0.12030080820148248,2,0.001004829483880758,216
BPIC13_incidents,duration,ap,raw,split,0.38438795080438937,0.7370685761112805,6,0.001004829483880758,216
BPIC13_incidents,duration,ap,raw,quality_level,0.109340374478857,0.27914932277030713,6,0.001004829483880758,216
BPIC13_incidents,duration,ap,raw,rung,0.10811256410090818,0.37376311481027136,3,0.001004829483880758,216
BPIC13_incidents,duration,auc,raw,learner,0.025722003990620086,0.05869990738933151,2,0.0014235994652745329,216
BPIC13_incidents,duration,auc,raw,split,0.39516598000431946,0.6843301366343157,6,0.0014235994652745329,216
BPIC13_incidents,duration,auc,raw,quality_level,0.1291679639166027,0.24111268137120678,6,0.0014235994652745329,216
BPIC13_incidents,duration,auc,raw,rung,0.12799743211691958,0.38869596282455754,3,0.0014235994652745329,216
BPIC13_incidents,duration,brier_skill,raw,learner,0.11142413389672724,0.3327880383231345,2,0.002696665360723583,216
BPIC13_incidents,duration,brier_skill,raw,split,0.2794065553436269,0.7961562613409431,6,0.002696665360723583,216
BPIC13_incidents,duration,brier_skill,raw,quality_level,0.016055338732595827,0.21763505257077065,6,0.002696665360723583,216
BPIC13_incidents,duration,brier_skill,raw,rung,0.021712123524429576,0.4645137370535698,3,0.002696665360723583,216
BPIC13_incidents,duration,logloss_skill,raw,learner,0.07849870483621454,0.29969000221302877,2,0.011719631285477303,216
BPIC13_incidents,duration,logloss_skill,raw,split,0.46829988485828705,0.8402962542603466,6,0.011719631285477303,216
BPIC13_incidents,duration,logloss_skill,raw,quality_level,0.015085215052014735,0.14167183937370986,6,0.011719631285477303,216
BPIC13_incidents,duration,logloss_skill,raw,rung,0.028634638802949194,0.24511753737924025,3,0.011719631285477303,216
BPIC13_incidents,duration,nagelkerke,raw,learner,0.03580465456427246,0.47413635622042605,2,3.091380202467547,216
BPIC13_incidents,duration,nagelkerke,raw,split,0.22761685518678632,0.8672956668044978,6,3.091380202467547,216
BPIC13_incidents,duration,nagelkerke,raw,quality_level,0.02914159810508813,0.5258979818592512,6,3.091380202467547,216
BPIC13_incidents,duration,nagelkerke,raw,rung,0.0037446011538001685,0.261182964402323,3,3.091380202467547,216
BPIC13_incidents,duration,nb_0.050,raw,learner,2.9657243833456794e-05,0.4229274031508723,2,1.7323737113319064e-06,216
BPIC13_incidents,duration,nb_0.050,raw,split,0.2136721768108273,0.879279330404328,6,1.7323737113319064e-06,216
BPIC13_incidents,duration,nb_0.050,raw,quality_level,0.02237694002362549,0.585073773889818,6,1.7323737113319064e-06,216
BPIC13_incidents,duration,nb_0.050,raw,rung,0.016464371836624036,0.2916668321465431,3,1.7323737113319064e-06,216
BPIC13_incidents,duration,nb_0.075,raw,learner,0.08456946333783073,0.5052244967821327,2,2.5508755323807292e-06,216
BPIC13_incidents,duration,nb_0.075,raw,split,0.1804307268544497,0.8314737915597171,6,2.5508755323807292e-06,216
BPIC13_incidents,duration,nb_0.075,raw,quality_level,0.012776506187966843,0.4108790820435464,6,2.5508755323807292e-06,216
BPIC13_incidents,duration,nb_0.075,raw,rung,0.0020190599412614257,0.4180702245510205,3,2.5508755323807292e-06,216
BPIC13_incidents,duration,nb_0.100,raw,learner,0.1331625064073984,0.42889173852042506,2,6.000608116252351e-06,216
BPIC13_incidents,duration,nb_0.100,raw,split,0.2948913459611594,0.6937806168682298,6,6.000608116252351e-06,216
BPIC13_incidents,duration,nb_0.100,raw,quality_level,0.045648695937324645,0.42237579046348905,6,6.000608116252351e-06,216
BPIC13_incidents,duration,nb_0.100,raw,rung,0.00563267784084242,0.33871709262387983,3,6.000608116252351e-06,216
BPIC13_incidents,duration,nb_0.125,raw,learner,0.11628181966867622,0.33751240213108846,2,1.0551827894760823e-05,216
BPIC13_incidents,duration,nb_0.125,raw,split,0.28736268777228113,0.6611412666420939,6,1.0551827894760823e-05,216
BPIC13_incidents,duration,nb_0.125,raw,quality_level,0.09495649366870404,0.4442251463271776,6,1.0551827894760823e-05,216
BPIC13_incidents,duration,nb_0.125,raw,rung,0.019712268991273554,0.29521501489264546,3,1.0551827894760823e-05,216
BPIC13_incidents,duration,nb_0.150,raw,learner,0.094402925738754,0.36442081618509015,2,2.0596444555596264e-05,216
BPIC13_incidents,duration,nb_0.150,raw,split,0.20795248694568005,0.6219026230161147,6,2.0596444555596264e-05,216
BPIC13_incidents,duration,nb_0.150,raw,quality_level,0.2176009506854778,0.4833862167317442,6,2.0596444555596264e-05,216
BPIC13_incidents,duration,nb_0.150,raw,rung,1.2894740099130991e-05,0.29273550970950635,3,2.0596444555596264e-05,216
BPIC13_incidents,duration,nb_0.175,raw,learner,0.031595203322793176,0.2245330510605792,2,4.639177061611134e-05,216
BPIC13_incidents,duration,nb_0.175,raw,split,0.2217359025667347,0.6332251396560917,6,4.639177061611134e-05,216
BPIC13_incidents,duration,nb_0.175,raw,quality_level,0.2928885358288938,0.5085936383314085,6,4.639177061611134e-05,216
BPIC13_incidents,duration,nb_0.175,raw,rung,0.0022840573742830507,0.24371721005358604,3,4.639177061611134e-05,216
BPIC13_incidents,duration,nb_0.200,raw,learner,0.040543952810066314,0.18216785554896708,2,8.672982768175384e-05,216
BPIC13_incidents,duration,nb_0.200,raw,split,0.2343314704689469,0.6130900398130917,6,8.672982768175384e-05,216
BPIC13_incidents,duration,nb_0.200,raw,quality_level,0.2883641487072306,0.4883309759004454,6,8.672982768175384e-05,216
BPIC13_incidents,duration,nb_0.200,raw,rung,0.01921647185537395,0.27796619827681823,3,8.672982768175384e-05,216
BPIC13_incidents,duration,nb_0.225,raw,learner,0.012744602150389379,0.10909352960962171,2,0.00015491809725598325,216
BPIC13_incidents,duration,nb_0.225,raw,split,0.2598966246038057,0.5409868481665323,6,0.00015491809725598325,216
BPIC13_incidents,duration,nb_0.225,raw,quality_level,0.30621226613099106,0.5039318936120663,6,0.00015491809725598325,216
BPIC13_incidents,duration,nb_0.225,raw,rung,0.10330281628808133,0.30234533137714936,3,0.00015491809725598325,216
BPIC13_incidents,duration,nb_0.250,raw,learner,0.0017236270897965896,0.07889508588394012,2,0.0002762568210983554,216
BPIC13_incidents,duration,nb_0.250,raw,split,0.17769239826507205,0.438810192290894,6,0.0002762568210983554,216
BPIC13_incidents,duration,nb_0.250,raw,quality_level,0.28532148483388925,0.4324605015457974,6,0.0002762568210983554,216
BPIC13_incidents,duration,nb_0.250,raw,rung,0.22836248531654169,0.44598066744785814,3,0.0002762568210983554,216
BPIC13_incidents,duration,nb_0.275,raw,learner,0.0006213208929286327,0.15624971586729397,2,0.00045423593668579435,216
BPIC13_incidents,duration,nb_0.275,raw,split,0.14625230441281606,0.46152518425142974,6,0.00045423593668579435,216
BPIC13_incidents,duration,nb_0.275,raw,quality_level,0.22047183371423745,0.35674146888382907,6,0.00045423593668579435,216
BPIC13_incidents,duration,nb_0.275,raw,rung,0.257673216039331,0.562804360724016,3,0.00045423593668579435,216
BPIC13_incidents,duration,nb_0.300,raw,learner,0.00869769358794124,0.17005521184037276,2,0.0008291579857048675,216
BPIC13_incidents,duration,nb_0.300,raw,split,0.13785816333598128,0.48670828903326857,6,0.0008291579857048675,216
BPIC13_incidents,duration,nb_0.300,raw,quality_level,0.17616101443498805,0.2879001552694309,6,0.0008291579857048675,216
BPIC13_incidents,duration,nb_0.300,raw,rung,0.2798631717105715,0.5993549234349622,3,0.0008291579857048675,216
BPIC13_incidents,duration,nb_0.325,raw,learner,7.399444012990667e-05,0.06161182438574542,2,0.0012867811640623699,216
BPIC13_incidents,duration,nb_0.325,raw,split,0.1422579313810684,0.4776452597241009,6,0.0012867811640623699,216
BPIC13_incidents,duration,nb_0.325,raw,quality_level,0.15459710003711433,0.2705015010404407,6,0.0012867811640623699,216
BPIC13_incidents,duration,nb_0.325,raw,rung,0.3186049195482753,0.650917238557175,3,0.0012867811640623699,216
BPIC13_incidents,duration,nb_0.350,raw,learner,0.0033128831909111575,0.07435681451191878,2,0.0017269193826655246,216
BPIC13_incidents,duration,nb_0.350,raw,split,0.2747715565960693,0.5880360802724245,6,0.0017269193826655246,216
BPIC13_incidents,duration,nb_0.350,raw,quality_level,0.14332997220137844,0.28432674854556483,6,0.0017269193826655246,216
BPIC13_incidents,duration,nb_0.350,raw,rung,0.20466230523401235,0.5145232176603786,3,0.0017269193826655246,216
BPIC13_incidents,duration,nb_0.375,raw,learner,0.003561701341424092,0.19590614250543392,2,0.002541896402485719,216
BPIC13_incidents,duration,nb_0.375,raw,split,0.26565126374009534,0.5675120700489318,6,0.002541896402485719,216
BPIC13_incidents,duration,nb_0.375,raw,quality_level,0.11572892903287067,0.2671896037674796,6,0.002541896402485719,216
BPIC13_incidents,duration,nb_0.375,raw,rung,0.22778175688558308,0.5634674378470983,3,0.002541896402485719,216
BPIC13_incidents,duration,nb_0.400,raw,learner,0.007704583909274813,0.10153066331667449,2,0.003861066432917511,216
BPIC13_incidents,duration,nb_0.400,raw,split,0.3266890044828366,0.6193091733147651,6,0.003861066432917511,216
BPIC13_incidents,duration,nb_0.400,raw,quality_level,0.07122528418030709,0.18343209531808724,6,0.003861066432917511,216
BPIC13_incidents,duration,nb_0.400,raw,rung,0.2541361231460139,0.5203660771986558,3,0.003861066432917511,216
BPIC13_incidents,duration,nb_0.425,raw,learner,0.01598358406544257,0.15609887043024362,2,0.004212133888032359,216
BPIC13_incidents,duration,nb_0.425,raw,split,0.297957435144221,0.6825205135114343,6,0.004212133888032359,216
BPIC13_incidents,duration,nb_0.425,raw,quality_level,0.05218571394689235,0.18131166933029585,6,0.004212133888032359,216
BPIC13_incidents,duration,nb_0.425,raw,rung,0.1837838544193999,0.5498383261760778,3,0.004212133888032359,216
BPIC13_incidents,duration,nb_0.450,raw,learner,0.012260039427258658,0.13374414547753333,2,0.004355404006238104,216
BPIC13_incidents,duration,nb_0.450,raw,split,0.41961733078471875,0.8332076691006216,6,0.004355404006238104,216
BPIC13_incidents,duration,nb_0.450,raw,quality_level,0.05090354843837869,0.20748271897940906,6,0.004355404006238104,216
BPIC13_incidents,duration,nb_0.450,raw,rung,0.03896161924247797,0.42414061171497763,3,0.004355404006238104,216
BPIC13_incidents,duration,nb_0.475,raw,learner,0.011734784901010936,0.20308886634378986,2,0.005382937018287074,216
BPIC13_incidents,duration,nb_0.475,raw,split,0.34604889463094085,0.7849862164658981,6,0.005382937018287074,216
BPIC13_incidents,duration,nb_0.475,raw,quality_level,0.0191683226481352,0.18674998468768045,6,0.005382937018287074,216
BPIC13_incidents,duration,nb_0.475,raw,rung,0.10751420060048043,0.5084522420460074,3,0.005382937018287074,216
BPIC13_incidents,duration,nb_0.500,raw,learner,0.027965804853416116,0.2602289918918066,2,0.006485452640917778,216
BPIC13_incidents,duration,nb_0.500,raw,split,0.22339437526706313,0.744040139463019,6,0.006485452640917778,216
BPIC13_incidents,duration,nb_0.500,raw,quality_level,0.0033078002786011214,0.13826281394437323,6,0.006485452640917778,216
BPIC13_incidents,duration,nb_0.500,raw,rung,0.19674673486198097,0.5823019557899523,3,0.006485452640917778,216
BPIC13_incidents,duration,nb_0.525,raw,learner,0.0026587056326762117,0.23433706965710144,2,0.0035416554642709814,216
BPIC13_incidents,duration,nb_0.525,raw,split,0.2605020247067129,0.9371987319397451,6,0.0035416554642709814,216
BPIC13_incidents,duration,nb_0.525,raw,quality_level,0.006626076555242559,0.29234254760451284,6,0.0035416554642709814,216
BPIC13_incidents,duration,nb_0.525,raw,rung,0.025391734209409624,0.5294434933477921,3,0.0035416554642709814,216
BPIC13_incidents,duration,nb_0.550,raw,learner,2.380723238922451e-05,0.29766612485086796,2,0.00393644412392186,216
BPIC13_incidents,duration,nb_0.550,raw,split,0.364124318349601,0.9287759803096465,6,0.00393644412392186,216
BPIC13_incidents,duration,nb_0.550,raw,quality_level,0.00339202618999094,0.21761034887428388,6,0.00393644412392186,216
BPIC13_incidents,duration,nb_0.550,raw,rung,0.012229461421230594,0.4872478812497406,3,0.00393644412392186,216
BPIC13_incidents,duration,nb_0.575,raw,learner,0.0032988736777782653,0.13154458554670845,2,0.003475800070371326,216
BPIC13_incidents,duration,nb_0.575,raw,split,0.3155225487809384,0.9026647336100466,6,0.003475800070371326,216
BPIC13_incidents,duration,nb_0.575,raw,quality_level,0.011794922051699634,0.279277649240253,6,0.003475800070371326,216
BPIC13_incidents,duration,nb_0.575,raw,rung,0.054016517516174055,0.5269485830079896,3,0.003475800070371326,216
BPIC13_incidents,duration,nb_0.600,raw,learner,0.017935693416431062,0.13202301987610088,2,0.005328613037150916,216
BPIC13_incidents,duration,nb_0.600,raw,split,0.2902740022396155,0.9095572439428495,6,0.005328613037150916,216
BPIC13_incidents,duration,nb_0.600,raw,quality_level,0.013765426816371605,0.25223077994003773,6,0.005328613037150916,216
BPIC13_incidents,duration,nb_0.600,raw,rung,0.0397061459161388,0.5729900214976045,3,0.005328613037150916,216
BPIC13_incidents,duration,nb_0.625,raw,learner,0.005793318801644962,0.05362858612741972,2,0.008204949320461376,216
BPIC13_incidents,duration,nb_0.625,raw,split,0.29421186778531233,0.9535844517659245,6,0.008204949320461376,216
BPIC13_incidents,duration,nb_0.625,raw,quality_level,0.005514375583003241,0.15426793174531672,6,0.008204949320461376,216
BPIC13_incidents,duration,nb_0.625,raw,rung,0.023136692750072678,0.6214043952252006,3,0.008204949320461376,216
BPIC13_incidents,duration,nb_0.650,raw,learner,0.016222019699788023,0.1566217838336884,2,0.007924380279032818,216
BPIC13_incidents,duration,nb_0.650,raw,split,0.35096990280022305,0.8722259386016558,6,0.007924380279032818,216
BPIC13_incidents,duration,nb_0.650,raw,quality_level,0.0059260697722341325,0.2074255470122146,6,0.007924380279032818,216
BPIC13_incidents,duration,nb_0.650,raw,rung,0.07646636028201362,0.5228978479872946,3,0.007924380279032818,216
BPIC13_incidents,duration,nb_0.675,raw,learner,0.0007608026471301549,0.14166180038874732,2,0.009174625530084333,216
BPIC13_incidents,duration,nb_0.675,raw,split,0.386785370796414,0.888529837660729,6,0.009174625530084333,216
BPIC13_incidents,duration,nb_0.675,raw,quality_level,0.023271227329195163,0.21053015816973342,6,0.009174625530084333,216
BPIC13_incidents,duration,nb_0.675,raw,rung,0.025432669031743287,0.5106520645563986,3,0.009174625530084333,216
BPIC13_incidents,duration,nb_0.700,raw,learner,0.006135744951815654,0.12806728823685976,2,0.013520117535459002,216
BPIC13_incidents,duration,nb_0.700,raw,split,0.3687071710307158,0.9205808609811788,6,0.013520117535459002,216
BPIC13_incidents,duration,nb_0.700,raw,quality_level,0.015619392503325663,0.18262367511735533,6,0.013520117535459002,216
BPIC13_incidents,duration,nb_0.700,raw,rung,0.010883548533272188,0.5426032971098629,3,0.013520117535459002,216
BPIC13_incidents,duration,nb_0.725,raw,learner,0.014363715484275843,0.09278955606650385,2,0.017251593885187433,216
BPIC13_incidents,duration,nb_0.725,raw,split,0.06883202038055973,0.5667887379811833,6,0.017251593885187433,216
BPIC13_incidents,duration,nb_0.725,raw,quality_level,0.02808038153748226,0.15981852210080294,6,0.017251593885187433,216
BPIC13_incidents,duration,nb_0.725,raw,rung,0.32914437185376305,0.8512473060168408,3,0.017251593885187433,216
BPIC13_incidents,duration,nb_0.750,raw,learner,0.005453189269151563,0.058745520249847694,2,0.05202265756850415,216
BPIC13_incidents,duration,nb_0.750,raw,split,0.16896540745254224,0.7273965967133337,6,0.05202265756850415,216
BPIC13_incidents,duration,nb_0.750,raw,quality_level,0.013664642560307767,0.08541181125160047,6,0.05202265756850415,216
BPIC13_incidents,duration,nb_0.750,raw,rung,0.22143406238819002,0.7892732940405869,3,0.05202265756850415,216
BPIC13_incidents,duration,nb_0.775,raw,learner,0.015146343056217643,0.07744811094325477,2,0.05586092670586283,216
BPIC13_incidents,duration,nb_0.775,raw,split,0.1424879646777472,0.7166875256842281,6,0.05586092670586283,216
BPIC13_incidents,duration,nb_0.775,raw,quality_level,0.02329757687194254,0.14887725534502116,6,0.05586092670586283,216
BPIC13_incidents,duration,nb_0.775,raw,rung,0.19628455940482992,0.7689399664074177,3,0.05586092670586283,216
BPIC13_incidents,duration,nb_0.800,raw,learner,0.03170220054507214,0.1747529748269574,2,0.08943530339091155,216
BPIC13_incidents,duration,nb_0.800,raw,split,0.35178660333002165,0.7944800765234897,6,0.08943530339091155,216
BPIC13_incidents,duration,nb_0.800,raw,quality_level,0.018091677393339906,0.12120133608278572,6,0.08943530339091155,216
BPIC13_incidents,duration,nb_0.800,raw,rung,0.11613300889215215,0.5005675203177294,3,0.08943530339091155,216
BPIC13_incidents,handover,ap,raw,learner,0.016687331319892383,0.053617090179528315,2,0.0014321376157256653,216
BPIC13_incidents,handover,ap,raw,split,0.07120837222156383,0.14583524160712502,6,0.0014321376157256653,216
BPIC13_incidents,handover,ap,raw,quality_level,0.098723146359999,0.18015416304527299,6,0.0014321376157256653,216
BPIC13_incidents,handover,ap,raw,rung,0.6933491149894829,0.773591470681559,3,0.0014321376157256653,216
BPIC13_incidents,handover,auc,raw,learner,0.024082753119995515,0.08742779978313808,2,0.001596277092660457,216
BPIC13_incidents,handover,auc,raw,split,0.10273772519074159,0.18171781485566585,6,0.001596277092660457,216
BPIC13_incidents,handover,auc,raw,quality_level,0.1924541407348575,0.2903797722687663,6,0.001596277092660457,216
BPIC13_incidents,handover,auc,raw,rung,0.5323864090866397,0.6240009591229607,3,0.001596277092660457,216
BPIC13_incidents,handover,brier_skill,raw,learner,0.005101253487079984,0.14505805873801736,2,0.0030397846605916402,216
BPIC13_incidents,handover,brier_skill,raw,split,0.17202784447819625,0.42303638980050107,6,0.0030397846605916402,216
BPIC13_incidents,handover,brier_skill,raw,quality_level,0.3465495115816801,0.4819325115892489,6,0.0030397846605916402,216
BPIC13_incidents,handover,brier_skill,raw,rung,0.16873456430576142,0.39288125917990335,3,0.0030397846605916402,216
BPIC13_incidents,handover,logloss_skill,raw,learner,0.08473585824147321,0.4791912948701369,2,0.023159528463497513,216
BPIC13_incidents,handover,logloss_skill,raw,split,0.3573974720977647,0.8351761145314615,6,0.023159528463497513,216
BPIC13_incidents,handover,logloss_skill,raw,quality_level,0.03254869354447436,0.20157449567419228,6,0.023159528463497513,216
BPIC13_incidents,handover,logloss_skill,raw,rung,0.0037325220286614003,0.1876548421246499,3,0.023159528463497513,216
BPIC13_incidents,handover,nagelkerke,raw,learner,0.05417149182879249,0.5180009557879797,2,0.9052673830426905,216
BPIC13_incidents,handover,nagelkerke,raw,split,0.24773058218955865,0.8657918091349999,6,0.9052673830426905,216
BPIC13_incidents,handover,nagelkerke,raw,quality_level,0.01872146872103735,0.40974753813387976,6,0.9052673830426905,216
BPIC13_incidents,handover,nagelkerke,raw,rung,0.0036505025878542435,0.2821518202430474,3,0.9052673830426905,216
BPIC13_incidents,handover,nb_0.050,raw,learner,0.0062376513819466005,0.5003220233411713,2,6.387030397402984e-07,216
BPIC13_incidents,handover,nb_0.050,raw,split,0.0822366192056614,0.9383310372586683,6,6.387030397402984e-07,216
BPIC13_incidents,handover,nb_0.050,raw,quality_level,0.01373481709570861,0.7267951472552716,6,6.387030397402984e-07,216
BPIC13_incidents,handover,nb_0.050,raw,rung,0.0022673119044787204,0.32433770801258066,3,6.387030397402984e-07,216
BPIC13_incidents,handover,nb_0.075,raw,learner,0.010001629557705862,0.49330509742196527,2,8.784870855768124e-07,216
BPIC13_incidents,handover,nb_0.075,raw,split,0.07328808056635708,0.8963528301691712,6,8.784870855768124e-07,216
BPIC13_incidents,handover,nb_0.075,raw,quality_level,0.034420464311677994,0.7130660743217945,6,8.784870855768124e-07,216
BPIC13_incidents,handover,nb_0.075,raw,rung,0.002272491863340045,0.4225694388557819,3,8.784870855768124e-07,216
BPIC13_incidents,handover,nb_0.100,raw,learner,0.04966853265743973,0.5361084012110833,2,1.4370843998573132e-06,216
BPIC13_incidents,handover,nb_0.100,raw,split,0.08408894346109694,0.792288967296729,6,1.4370843998573132e-06,216
BPIC13_incidents,handover,nb_0.100,raw,quality_level,0.038432714054844594,0.6127240905531013,6,1.4370843998573132e-06,216
BPIC13_incidents,handover,nb_0.100,raw,rung,0.015250213870179484,0.39527745125591207,3,1.4370843998573132e-06,216
BPIC13_incidents,handover,nb_0.125,raw,learner,0.005052476337828358,0.45748573259059944,2,2.725591265024593e-06,216
BPIC13_incidents,handover,nb_0.125,raw,split,0.0679602188446529,0.8552295611370441,6,2.725591265024593e-06,216
BPIC13_incidents,handover,nb_0.125,raw,quality_level,0.014939533408001414,0.4327194804953758,6,2.725591265024593e-06,216
BPIC13_incidents,handover,nb_0.125,raw,rung,0.045762883169199804,0.6658261500996059,3,2.725591265024593e-06,216
BPIC13_incidents,handover,nb_0.150,raw,learner,0.0049574057877357,0.4028213485677421,2,3.334105633992109e-06,216
BPIC13_incidents,handover,nb_0.150,raw,split,0.08738238813961104,0.8535914872887624,6,3.334105633992109e-06,216
BPIC13_incidents,handover,nb_0.150,raw,quality_level,0.022559601793631635,0.4042491320564455,6,3.334105633992109e-06,216
BPIC13_incidents,handover,nb_0.150,raw,rung,0.04334975656739207,0.6417852591939743,3,3.334105633992109e-06,216
BPIC13_incidents,handover,nb_0.175,raw,learner,0.0071822896693806105,0.3669098196627645,2,6.400712292750118e-06,216
BPIC13_incidents,handover,nb_0.175,raw,split,0.07859451829121973,0.8974772530363597,6,6.400712292750118e-06,216
BPIC13_incidents,handover,nb_0.175,raw,quality_level,0.045966762390440286,0.3749399664216593,6,6.400712292750118e-06,216
BPIC13_incidents,handover,nb_0.175,raw,rung,0.014422778523462907,0.6819955955973427,3,6.400712292750118e-06,216
BPIC13_incidents,handover,nb_0.200,raw,learner,0.0027680979809906188,0.32452503850150227,2,9.306350150528525e-06,216
BPIC13_incidents,handover,nb_0.200,raw,split,0.08787526547076005,0.8429132378836471,6,9.306350150528525e-06,216
BPIC13_incidents,handover,nb_0.200,raw,quality_level,0.06764876669339025,0.3856467202912458,6,9.306350150528525e-06,216
BPIC13_incidents,handover,nb_0.200,raw,rung,0.033651492165909604,0.6460275682093507,3,9.306350150528525e-06,216
BPIC13_incidents,handover,nb_0.225,raw,learner,5.3530418967708146e-05,0.24832188210226613,2,1.0146112173963634e-05,216
BPIC13_incidents,handover,nb_0.225,raw,split,0.18011189537144,0.7903343600993582,6,1.0146112173963634e-05,216
BPIC13_incidents,handover,nb_0.225,raw,quality_level,0.12676052613849909,0.4185146896431745,6,1.0146112173963634e-05,216
BPIC13_incidents,handover,nb_0.225,raw,rung,0.04859561614390167,0.497677269465018,3,1.0146112173963634e-05,216
BPIC13_incidents,handover,nb_0.250,raw,learner,2.29284571663316e-05,0.13936051759725476,2,1.326657676873706e-05,216
BPIC13_incidents,handover,nb_0.250,raw,split,0.19563760859322119,0.662794134080523,6,1.326657676873706e-05,216
BPIC13_incidents,handover,nb_0.250,raw,quality_level,0.17823424231289217,0.4291267963301356,6,1.326657676873706e-05,216
BPIC13_incidents,handover,nb_0.250,raw,rung,0.08969651377720146,0.4971213915821775,3,1.326657676873706e-05,216
BPIC13_incidents,handover,nb_0.275,raw,learner,0.0008109835544689778,0.12719965581957127,2,1.9550234805008957e-05,216
BPIC13_incidents,handover,nb_0.275,raw,split,0.22348728646225113,0.5559079088582373,6,1.9550234805008957e-05,216
BPIC13_incidents,handover,nb_0.275,raw,quality_level,0.26276312046480216,0.5493451720730911,6,1.9550234805008957e-05,216
BPIC13_incidents,handover,nb_0.275,raw,rung,0.08816476664591917,0.36436755364429796,3,1.9550234805008957e-05,216
BPIC13_incidents,handover,nb_0.300,raw,learner,0.001183994375610517,0.126119636358336,2,3.330916903727146e-05,216
BPIC13_incidents,handover,nb_0.300,raw,split,0.17753810774853165,0.518055728018435,6,3.330916903727146e-05,216
BPIC13_incidents,handover,nb_0.300,raw,quality_level,0.2827072393977477,0.5731717877290188,6,3.330916903727146e-05,216
BPIC13_incidents,handover,nb_0.300,raw,rung,0.1321874078767706,0.3874299850204169,3,3.330916903727146e-05,216
BPIC13_incidents,handover,nb_0.325,raw,learner,0.003496733723461656,0.17285022568551245,2,4.666556983834626e-05,216
BPIC13_incidents,handover,nb_0.325,raw,split,0.1574050721149349,0.48348045409523155,6,4.666556983834626e-05,216
BPIC13_incidents,handover,nb_0.325,raw,quality_level,0.3232706740755613,0.6014265799301269,6,4.666556983834626e-05,216
BPIC13_incidents,handover,nb_0.325,raw,rung,0.1069946401235425,0.36021278457565353,3,4.666556983834626e-05,216
BPIC13_incidents,handover,nb_0.350,raw,learner,0.029141735404658663,0.1794771146772225,2,7.612712054346918e-05,216
BPIC13_incidents,handover,nb_0.350,raw,split,0.2153103439691615,0.4788075287040522,6,7.612712054346918e-05,216
BPIC13_incidents,handover,nb_0.350,raw,quality_level,0.33299563608720334,0.5549863268275326,6,7.612712054346918e-05,216
BPIC13_incidents,handover,nb_0.350,raw,rung,0.0982003978836745,0.28469437098730255,3,7.612712054346918e-05,216
BPIC13_incidents,handover,nb_0.375,raw,learner,0.036987211915478616,0.17544964748397807,2,0.00012064921776266017,216
BPIC13_incidents,handover,nb_0.375,raw,split,0.235373900798534,0.482318797077118,6,0.00012064921776266017,216
BPIC13_incidents,handover,nb_0.375,raw,quality_level,0.3484539462206204,0.5527660555288995,6,0.00012064921776266017,216
BPIC13_incidents,handover,nb_0.375,raw,rung,0.07383371661821957,0.2508802950684449,3,0.00012064921776266017,216
BPIC13_incidents,handover,nb_0.400,raw,learner,0.002621243380949333,0.1359590937866454,2,0.00018736694961589656,216
BPIC13_incidents,handover,nb_0.400,raw,split,0.33027304445084554,0.591481621500902,6,0.00018736694961589656,216
BPIC13_incidents,handover,nb_0.400,raw,quality_level,0.353610036483209,0.5287053939449498,6,0.00018736694961589656,216
BPIC13_incidents,handover,nb_0.400,raw,rung,0.02827991877176221,0.176968529539837,3,0.00018736694961589656,216
BPIC13_incidents,handover,nb_0.425,raw,learner,0.0033374105463579336,0.15493960582778832,2,0.00031779618888520757,216
BPIC13_incidents,handover,nb_0.425,raw,split,0.3184694365543755,0.618934204043869,6,0.00031779618888520757,216
BPIC13_incidents,handover,nb_0.425,raw,quality_level,0.32130506531207936,0.48845186176625055,6,0.00031779618888520757,216
BPIC13_incidents,handover,nb_0.425,raw,rung,0.03886050685808984,0.21787343944537763,3,0.00031779618888520757,216
BPIC13_incidents,handover,nb_0.450,raw,learner,5.055880803914141e-05,0.17214599507032868,2,0.0004279678304824939,216
BPIC13_incidents,handover,nb_0.450,raw,split,0.2735197500272294,0.5986945973182811,6,0.0004279678304824939,216
BPIC13_incidents,handover,nb_0.450,raw,quality_level,0.3532838451215826,0.537969162934715,6,0.0004279678304824939,216
BPIC13_incidents,handover,nb_0.450,raw,rung,0.030229726471234782,0.2160449015555307,3,0.0004279678304824939,216
BPIC13_incidents,handover,nb_0.475,raw,learner,0.00011505979309981584,0.2182282668825175,2,0.000649401869934877,216
BPIC13_incidents,handover,nb_0.475,raw,split,0.2337480926734974,0.5721947476673159,6,0.000649401869934877,216
BPIC13_incidents,handover,nb_0.475,raw,quality_level,0.3629718857834086,0.5113910848177766,6,0.000649401869934877,216
BPIC13_incidents,handover,nb_0.475,raw,rung,0.03216648538737643,0.24693140964487992,3,0.000649401869934877,216
BPIC13_incidents,handover,nb_0.500,raw,learner,0.0003450639953874491,0.1979864207517138,2,0.0008816921812628844,216
BPIC13_incidents,handover,nb_0.500,raw,split,0.21182384898153317,0.5776914395450379,6,0.0008816921812628844,216
BPIC13_incidents,handover,nb_0.500,raw,quality_level,0.3263063459174981,0.4670107351386322,6,0.0008816921812628844,216
BPIC13_incidents,handover,nb_0.500,raw,rung,0.05424061198365794,0.3535817468541814,3,0.0008816921812628844,216
BPIC13_incidents,handover,nb_0.525,raw,learner,0.0002511077870137603,0.1628838284561771,2,0.0013887322582896548,216
BPIC13_incidents,handover,nb_0.525,raw,split,0.23280890724428513,0.5645472237000452,6,0.0013887322582896548,216
BPIC13_incidents,handover,nb_0.525,raw,quality_level,0.2879099484052979,0.42371893595480936,6,0.0013887322582896548,216
BPIC13_incidents,handover,nb_0.525,raw,rung,0.11138947194949483,0.38455090282516446,3,0.0013887322582896548,216
BPIC13_incidents,handover,nb_0.550,raw,learner,0.004850068157164487,0.17058932198986176,2,0.002086497860955473,216
BPIC13_incidents,handover,nb_0.550,raw,split,0.18425189208022688,0.5549369826408965,6,0.002086497860955473,216
BPIC13_incidents,handover,nb_0.550,raw,quality_level,0.275005501379127,0.4009814573802992,6,0.002086497860955473,216
BPIC13_incidents,handover,nb_0.550,raw,rung,0.12317283205100758,0.43926761338176523,3,0.002086497860955473,216
BPIC13_incidents,handover,nb_0.575,raw,learner,0.008008764542024852,0.18551285002428575,2,0.0030128386609358545,216
BPIC13_incidents,handover,nb_0.575,raw,split,0.16849578748668087,0.51612167281358,6,0.0030128386609358545,216
BPIC13_incidents,handover,nb_0.575,raw,quality_level,0.24634093854579867,0.35956177504655196,6,0.0030128386609358545,216
BPIC13_incidents,handover,nb_0.575,raw,rung,0.17735645582473214,0.4670839798631391,3,0.0030128386609358545,216
BPIC13_incidents,handover,nb_0.600,raw,learner,0.0015988006899496365,0.12135696768962512,2,0.004373975931732541,216
BPIC13_incidents,handover,nb_0.600,raw,split,0.20247755452598368,0.5200974436703266,6,0.004373975931732541,216
BPIC13_incidents,handover,nb_0.600,raw,quality_level,0.18591167239377743,0.29485305027179687,6,0.004373975931732541,216
BPIC13_incidents,handover,nb_0.600,raw,rung,0.2461624942863567,0.5313130974027636,3,0.004373975931732541,216
BPIC13_incidents,handover,nb_0.625,raw,learner,0.0017079168116868142,0.10805769394397557,2,0.00634290663327734,216
BPIC13_incidents,handover,nb_0.625,raw,split,0.12137910497067958,0.4398964378475211,6,0.00634290663327734,216
BPIC13_incidents,handover,nb_0.625,raw,quality_level,0.16503176684579351,0.2638495811657404,6,0.00634290663327734,216
BPIC13_incidents,handover,nb_0.625,raw,rung,0.3495579851618415,0.6631029208489521,3,0.00634290663327734,216
BPIC13_incidents,handover,nb_0.650,raw,learner,0.0008366170024814558,0.09888335811205073,2,0.007696322033018894,216
BPIC13_incidents,handover,nb_0.650,raw,split,0.13455806868397194,0.4564968320499415,6,0.007696322033018894,216
BPIC13_incidents,handover,nb_0.650,raw,quality_level,0.1597650410532871,0.2754629118515084,6,0.007696322033018894,216
BPIC13_incidents,handover,nb_0.650,raw,rung,0.34679255510007195,0.6274126975024895,3,0.007696322033018894,216
BPIC13_incidents,handover,nb_0.675,raw,learner,0.0017023004818286292,0.06150121674045006,2,0.01242661747103003,216
BPIC13_incidents,handover,nb_0.675,raw,split,0.11039312268915569,0.43109862282725064,6,0.01242661747103003,216
BPIC13_incidents,handover,nb_0.675,raw,quality_level,0.1066443501015432,0.2073860574365619,6,0.01242661747103003,216
BPIC13_incidents,handover,nb_0.675,raw,rung,0.4203990374293443,0.7322338827832385,3,0.01242661747103003,216
BPIC13_incidents,handover,nb_0.700,raw,learner,0.009582862708059916,0.1983463291668277,2,0.009398572379895708,216
BPIC13_incidents,handover,nb_0.700,raw,split,0.16916366716673267,0.5204968443834197,6,0.009398572379895708,216
BPIC13_incidents,handover,nb_0.700,raw,quality_level,0.11972980061853336,0.2407670633683311,6,0.009398572379895708,216
BPIC13_incidents,handover,nb_0.700,raw,rung,0.3024047775829891,0.6413853563440045,3,0.009398572379895708,216
BPIC13_incidents,handover,nb_0.725,raw,learner,4.9266650130045616e-05,0.24559189858681085,2,0.008643032093757138,216
BPIC13_incidents,handover,nb_0.725,raw,split,0.1707845921636975,0.5159742306142044,6,0.008643032093757138,216
BPIC13_incidents,handover,nb_0.725,raw,quality_level,0.10754881810185485,0.2216457327863549,6,0.008643032093757138,216
BPIC13_incidents,handover,nb_0.725,raw,rung,0.3372969633658805,0.6095348658236106,3,0.008643032093757138,216
BPIC13_incidents,handover,nb_0.750,raw,learner,0.004904835896646727,0.1721100623320796,2,0.013300664035515108,216
BPIC13_incidents,handover,nb_0.750,raw,split,0.1722023663713476,0.40301097310562584,6,0.013300664035515108,216
BPIC13_incidents,handover,nb_0.750,raw,quality_level,0.08653521431538175,0.18047284301777466,6,0.013300664035515108,216
BPIC13_incidents,handover,nb_0.750,raw,rung,0.4120273506897141,0.6737648730618717,3,0.013300664035515108,216
BPIC13_incidents,handover,nb_0.775,raw,learner,0.00046766399131422716,0.1872619947872698,2,0.011569647719572416,216
BPIC13_incidents,handover,nb_0.775,raw,split,0.12757634269620896,0.7694355573168811,6,0.011569647719572416,216
BPIC13_incidents,handover,nb_0.775,raw,quality_level,0.06838560785252824,0.18199123205532475,6,0.011569647719572416,216
BPIC13_incidents,handover,nb_0.775,raw,rung,0.07041220010965853,0.749850984889014,3,0.011569647719572416,216
BPIC13_incidents,handover,nb_0.800,raw,learner,0.0002829458143474357,0.2571281066778064,2,0.013762255113992004,216
BPIC13_incidents,handover,nb_0.800,raw,split,0.15593258491473255,0.8084229343298595,6,0.013762255113992004,216
BPIC13_incidents,handover,nb_0.800,raw,quality_level,0.049144535668832215,0.19732123013908487,6,0.013762255113992004,216
BPIC13_incidents,handover,nb_0.800,raw,rung,0.044900068549101835,0.7404781444690567,3,0.013762255113992004,216
BPIC14,duration,ap,raw,learner,0.09220259011939196,0.21146087167343852,4,0.0028658443239684334,960
BPIC14,duration,ap,raw,split,0.020763227536742358,0.07016805195366338,6,0.0028658443239684334,960
BPIC14,duration,ap,raw,quality_level,0.1591448386844026,0.25193570461242243,10,0.0028658443239684334,960
BPIC14,duration,ap,raw,rung,0.5426261441160652,0.679818153830883,4,0.0028658443239684334,960
BPIC14,duration,auc,raw,learner,0.011229670118745804,0.1524257247124774,4,0.0019830354900698417,960
BPIC14,duration,auc,raw,split,0.012672802272849752,0.04768700600515563,6,0.0019830354900698417,960
BPIC14,duration,auc,raw,quality_level,0.17483041099847424,0.30092837546834816,10,0.0019830354900698417,960
BPIC14,duration,auc,raw,rung,0.601948735110313,0.722672348642524,4,0.0019830354900698417,960
BPIC14,duration,brier_skill,raw,learner,0.24207921280741573,0.4241952075840294,4,0.0028400520394278226,960
BPIC14,duration,brier_skill,raw,split,0.012441992246073187,0.04830352333811372,6,0.0028400520394278226,960
BPIC14,duration,brier_skill,raw,quality_level,0.14950372428553643,0.2544104234037946,10,0.0028400520394278226,960
BPIC14,duration,brier_skill,raw,rung,0.35891689368868696,0.5398906226744596,4,0.0028400520394278226,960
BPIC14,duration,logloss_skill,raw,learner,0.26137385304350247,0.4411221209217532,4,0.0018650525269634992,960
BPIC14,duration,logloss_skill,raw,split,0.012968288487006107,0.05138074256638814,6,0.0018650525269634992,960
BPIC14,duration,logloss_skill,raw,quality_level,0.15064572130263137,0.25726436958052157,10,0.0018650525269634992,960
BPIC14,duration,logloss_skill,raw,rung,0.3420213503600593,0.5158380455610144,4,0.0018650525269634992,960
BPIC14,duration,nagelkerke,raw,learner,0.2573707164175054,0.442162213189923,4,0.0049138100007386,960
BPIC14,duration,nagelkerke,raw,split,0.011037472942012202,0.05346420119211437,6,0.0049138100007386,960
BPIC14,duration,nagelkerke,raw,quality_level,0.147043734114341,0.25480456484523306,10,0.0049138100007386,960
BPIC14,duration,nagelkerke,raw,rung,0.3485660428857,0.5209028038441433,4,0.0049138100007386,960
BPIC14,duration,nb_0.050,raw,learner,0.026792683970834553,0.7430079182906495,4,5.8808029696960585e-08,960
BPIC14,duration,nb_0.050,raw,split,0.001681292503966786,0.7197569328392637,6,5.8808029696960585e-08,960
BPIC14,duration,nb_0.050,raw,quality_level,0.03763173734392341,0.7132523481599382,10,5.8808029696960585e-08,960
BPIC14,duration,nb_0.050,raw,rung,0.00030394766794785365,0.3626300275961555,4,5.8808029696960585e-08,960
BPIC14,duration,nb_0.075,raw,learner,0.02792961176193583,0.6110719969037073,4,1.9061001230096976e-07,960
BPIC14,duration,nb_0.075,raw,split,0.012185047407396211,0.6995837968858653,6,1.9061001230096976e-07,960
BPIC14,duration,nb_0.075,raw,quality_level,0.01964411995057074,0.5191864846938339,10,1.9061001230096976e-07,960
BPIC14,duration,nb_0.075,raw,rung,0.09342811120035671,0.6247237128204655,4,1.9061001230096976e-07,960
BPIC14,duration,nb_0.100,raw,learner,0.04363402409991116,0.6283032920157179,4,5.741584908383455e-07,960
BPIC14,duration,nb_0.100,raw,split,0.04578202690600828,0.7166461568607729,6,5.741584908383455e-07,960
BPIC14,duration,nb_0.100,raw,quality_level,0.06191289251351486,0.6855926764127135,10,5.741584908383455e-07,960
BPIC14,duration,nb_0.100,raw,rung,0.011342633286492402,0.3761850493040243,4,5.741584908383455e-07,960
BPIC14,duration,nb_0.125,raw,learner,0.12715439872481882,0.6823888685006585,4,3.6737185420774758e-06,960
BPIC14,duration,nb_0.125,raw,split,0.020044240915316792,0.5090320285010117,6,3.6737185420774758e-06,960
BPIC14,duration,nb_0.125,raw,quality_level,0.13698247395468724,0.7528611273246318,10,3.6737185420774758e-06,960
BPIC14,duration,nb_0.125,raw,rung,0.007293936356396079,0.29687918044307304,4,3.6737185420774758e-06,960
BPIC14,duration,nb_0.150,raw,learner,0.13726265096356707,0.679870449442401,4,1.7086630558821265e-05,960
BPIC14,duration,nb_0.150,raw,split,0.019423491562395746,0.47861040553627765,6,1.7086630558821265e-05,960
BPIC14,duration,nb_0.150,raw,quality_level,0.15540957061751012,0.7614157039624032,10,1.7086630558821265e-05,960
BPIC14,duration,nb_0.150,raw,rung,0.01794369493040886,0.09017049757490292,4,1.7086630558821265e-05,960
BPIC14,duration,nb_0.175,raw,learner,0.21469032809598282,0.635290381521673,4,2.4623460597748498e-05,960
BPIC14,duration,nb_0.175,raw,split,0.0271750579662985,0.36288505065579413,6,2.4623460597748498e-05,960
BPIC14,duration,nb_0.175,raw,quality_level,0.19306329066664027,0.6589344912638984,10,2.4623460597748498e-05,960
BPIC14,duration,nb_0.175,raw,rung,0.041385711742430054,0.12338830605525564,4,2.4623460597748498e-05,960
BPIC14,duration,nb_0.200,raw,learner,0.28398265809502937,0.5688717282814117,4,5.342773027018539e-05,960
BPIC14,duration,nb_0.200,raw,split,0.05399688403636101,0.2541189145944611,6,5.342773027018539e-05,960
BPIC14,duration,nb_0.200,raw,quality_level,0.16524775780705367,0.448223650433656,10,5.342773027018539e-05,960
BPIC14,duration,nb_0.200,raw,rung,0.11282663975207484,0.26044678542876143,4,5.342773027018539e-05,960
BPIC14,duration,nb_0.225,raw,learner,0.35809039854596064,0.5864529440947859,4,0.00012139377514859719,960
BPIC14,duration,nb_0.225,raw,split,0.039305090011650466,0.14190741928149198,6,0.00012139377514859719,960
BPIC14,duration,nb_0.225,raw,quality_level,0.1428717209129983,0.33335748364018103,10,0.00012139377514859719,960
BPIC14,duration,nb_0.225,raw,rung,0.1697778363025896,0.303722538219071,4,0.00012139377514859719,960
BPIC14,duration,nb_0.250,raw,learner,0.36963615720609544,0.5741220332977822,4,0.00020878419004033197,960
BPIC14,duration,nb_0.250,raw,split,0.028020620665717835,0.10059643131953877,6,0.00020878419004033197,960
BPIC14,duration,nb_0.250,raw,quality_level,0.12983904206456318,0.26900604878244705,10,0.00020878419004033197,960
BPIC14,duration,nb_0.250,raw,rung,0.21789354510988837,0.36544252841893343,4,0.00020878419004033197,960
BPIC14,duration,nb_0.275,raw,learner,0.360319029566153,0.5552218960121141,4,0.00032817115639897107,960
BPIC14,duration,nb_0.275,raw,split,0.029542616470328794,0.08369400534197335,6,0.00032817115639897107,960
BPIC14,duration,nb_0.275,raw,quality_level,0.11998472528898503,0.23556766223499248,10,0.00032817115639897107,960
BPIC14,duration,nb_0.275,raw,rung,0.2507072177867634,0.4081739554576419,4,0.00032817115639897107,960
BPIC14,duration,nb_0.300,raw,learner,0.3535173103832126,0.5424755435635985,4,0.0004858532294796267,960
BPIC14,duration,nb_0.300,raw,split,0.02600595502234008,0.0711152866052096,6,0.0004858532294796267,960
BPIC14,duration,nb_0.300,raw,quality_level,0.11482654809254228,0.21739778892086759,10,0.0004858532294796267,960
BPIC14,duration,nb_0.300,raw,rung,0.2751905613740561,0.43810254340268984,4,0.0004858532294796267,960
BPIC14,duration,nb_0.325,raw,learner,0.33696970656960185,0.49347482466152304,4,0.0006775362373643769,960
BPIC14,duration,nb_0.325,raw,split,0.021661157557699692,0.06011755763600157,6,0.0006775362373643769,960
BPIC14,duration,nb_0.325,raw,quality_level,0.11131214561626905,0.202210909150919,10,0.0006775362373643769,960
BPIC14,duration,nb_0.325,raw,rung,0.33003112326967743,0.4802235086837028,4,0.0006775362373643769,960
BPIC14,duration,nb_0.350,raw,learner,0.2926554282323234,0.44464936795825816,4,0.000788521299237794,960
BPIC14,duration,nb_0.350,raw,split,0.013576086207146234,0.0649191795029489,6,0.000788521299237794,960
BPIC14,duration,nb_0.350,raw,quality_level,0.11849835189186159,0.21855668225518998,10,0.000788521299237794,960
BPIC14,duration,nb_0.350,raw,rung,0.3654658033139095,0.5266334741266435,4,0.000788521299237794,960
BPIC14,duration,nb_0.375,raw,learner,0.28594688562618487,0.449913221368493,4,0.0010717689619148011,960
BPIC14,duration,nb_0.375,raw,split,0.02355316545932923,0.07753670723978634,6,0.0010717689619148011,960
BPIC14,duration,nb_0.375,raw,quality_level,0.10367286808311771,0.20214488662011454,10,0.0010717689619148011,960
BPIC14,duration,nb_0.375,raw,rung,0.37561435497995777,0.5389896369609009,4,0.0010717689619148011,960
BPIC14,duration,nb_0.400,raw,learner,0.29338362598995343,0.5738435005631317,4,0.0015418075445181127,960
BPIC14,duration,nb_0.400,raw,split,0.02604555552327663,0.12817643853952976,6,0.0015418075445181127,960
BPIC14,duration,nb_0.400,raw,quality_level,0.08319019996243833,0.15953061578056482,10,0.0015418075445181127,960
BPIC14,duration,nb_0.400,raw,rung,0.27383918171014066,0.5476596834871922,4,0.0015418075445181127,960
BPIC14,duration,nb_0.425,raw,learner,0.17572637367002653,0.5373504553839197,4,0.0019402107745994383,960
BPIC14,duration,nb_0.425,raw,split,0.02465454441474535,0.14174977900686836,6,0.0019402107745994383,960
BPIC14,duration,nb_0.425,raw,quality_level,0.0863520794347562,0.1735335638254204,10,0.0019402107745994383,960
BPIC14,duration,nb_0.425,raw,rung,0.2861945569057703,0.6351713231108135,4,0.0019402107745994383,960
BPIC14,duration,nb_0.450,raw,learner,0.07662442302727614,0.5068940700382147,4,0.002015661758296712,960
BPIC14,duration,nb_0.450,raw,split,0.02091505668858387,0.20779979353642442,6,0.002015661758296712,960
BPIC14,duration,nb_0.450,raw,quality_level,0.10319118368383058,0.22710769004263076,10,0.002015661758296712,960
BPIC14,duration,nb_0.450,raw,rung,0.30950579728780186,0.6494957169709175,4,0.002015661758296712,960
BPIC14,duration,nb_0.475,raw,learner,0.025687145999584392,0.50945049685754,4,0.001670243331194483,960
BPIC14,duration,nb_0.475,raw,split,0.036538595871308956,0.3490304622597207,6,0.001670243331194483,960
BPIC14,duration,nb_0.475,raw,quality_level,0.1374329338310319,0.32603439175995064,10,0.001670243331194483,960
BPIC14,duration,nb_0.475,raw,rung,0.2005753162046588,0.5555945543584817,4,0.001670243331194483,960
BPIC14,duration,nb_0.500,raw,learner,0.041359813553231824,0.45614824048741975,4,0.001510175330035327,960
BPIC14,duration,nb_0.500,raw,split,0.031353562092924954,0.3715851128721862,6,0.001510175330035327,960
BPIC14,duration,nb_0.500,raw,quality_level,0.1366059422327618,0.33398831384624683,10,0.001510175330035327,960
BPIC14,duration,nb_0.500,raw,rung,0.285726732444535,0.6199813615796608,4,0.001510175330035327,960
BPIC14,duration,nb_0.525,raw,learner,0.009144342527722974,0.36291157027446197,4,0.00139518361511509,960
BPIC14,duration,nb_0.525,raw,split,0.11512162034434986,0.45116272184604667,6,0.00139518361511509,960
BPIC14,duration,nb_0.525,raw,quality_level,0.1137108564892083,0.31243034921972945,10,0.00139518361511509,960
BPIC14,duration,nb_0.525,raw,rung,0.2607164951390903,0.590207694797826,4,0.00139518361511509,960
BPIC14,duration,nb_0.550,raw,learner,0.15619296738968846,0.4337691522511853,4,0.0009263942409646412,960
BPIC14,duration,nb_0.550,raw,split,0.08322470509573712,0.2869740025657733,6,0.0009263942409646412,960
BPIC14,duration,nb_0.550,raw,quality_level,0.12169086805991655,0.3376192971412658,10,0.0009263942409646412,960
BPIC14,duration,nb_0.550,raw,rung,0.2354606234602987,0.5027688941007095,4,0.0009263942409646412,960
BPIC14,duration,nb_0.575,raw,learner,0.20045900597115887,0.5340868981748534,4,0.0008929560026358122,960
BPIC14,duration,nb_0.575,raw,split,0.08897951811802293,0.30550211577691677,6,0.0008929560026358122,960
BPIC14,duration,nb_0.575,raw,quality_level,0.10158017880346373,0.3076004536972238,10,0.0008929560026358122,960
BPIC14,duration,nb_0.575,raw,rung,0.1436915446279547,0.4431908465379384,4,0.0008929560026358122,960
BPIC14,duration,nb_0.600,raw,learner,0.19129956794225553,0.49048220188110736,4,0.0007796050264071483,960
BPIC14,duration,nb_0.600,raw,split,0.10166145626335085,0.36062151271248066,6,0.0007796050264071483,960
BPIC14,duration,nb_0.600,raw,quality_level,0.07364252623710349,0.30681851134981897,10,0.0007796050264071483,960
BPIC14,duration,nb_0.600,raw,rung,0.2231611578111046,0.4099154932241712,4,0.0007796050264071483,960
BPIC14,duration,nb_0.625,raw,learner,0.30481129232478366,0.5620029588318611,4,0.0008167726348498883,960
BPIC14,duration,nb_0.625,raw,split,0.05691815041426622,0.27353765761104676,6,0.0008167726348498883,960
BPIC14,duration,nb_0.625,raw,quality_level,0.0843452566845502,0.301355310157852,10,0.0008167726348498883,960
BPIC14,duration,nb_0.625,raw,rung,0.18800133213728645,0.3569978028637988,4,0.0008167726348498883,960
BPIC14,duration,nb_0.650,raw,learner,0.3119747500670994,0.5936580027977334,4,0.000804919087552946,960
BPIC14,duration,nb_0.650,raw,split,0.020101841891480485,0.18940192521514465,6,0.000804919087552946,960
BPIC14,duration,nb_0.650,raw,quality_level,0.0897280908174316,0.29115444943827284,10,0.000804919087552946,960
BPIC14,duration,nb_0.650,raw,rung,0.21835082977381268,0.39930108995328595,4,0.000804919087552946,960
BPIC14,duration,nb_0.675,raw,learner,0.33448100345770027,0.6262727442816989,4,0.0007418243828643485,960
BPIC14,duration,nb_0.675,raw,split,0.008348459002332786,0.182230031558409,6,0.0007418243828643485,960
BPIC14,duration,nb_0.675,raw,quality_level,0.05933911241949543,0.23473586766093013,10,0.0007418243828643485,960
BPIC14,duration,nb_0.675,raw,rung,0.2354311634959057,0.43923134629652105,4,0.0007418243828643485,960
BPIC14,duration,nb_0.700,raw,learner,0.28776846122983074,0.5954304128072001,4,0.0004135236199494039,960
BPIC14,duration,nb_0.700,raw,split,0.051899150328631134,0.29429775742334796,6,0.0004135236199494039,960
BPIC14,duration,nb_0.700,raw,quality_level,0.050053687540814185,0.2496925290051316,10,0.0004135236199494039,960
BPIC14,duration,nb_0.700,raw,rung,0.1872954589736423,0.4110739713961836,4,0.0004135236199494039,960
BPIC14,duration,nb_0.725,raw,learner,0.36728466644924723,0.6743020192885215,4,0.0002362949368495806,960
BPIC14,duration,nb_0.725,raw,split,0.028727525562898166,0.23572434611367665,6,0.0002362949368495806,960
BPIC14,duration,nb_0.725,raw,quality_level,0.04296970338478019,0.3465914138407865,10,0.0002362949368495806,960
BPIC14,duration,nb_0.725,raw,rung,0.1315095904086371,0.30660249372194204,4,0.0002362949368495806,960
BPIC14,duration,nb_0.750,raw,learner,0.31568858167599323,0.6646171339805638,4,0.00017168606165048755,960
BPIC14,duration,nb_0.750,raw,split,0.022703840142540885,0.26375351057094976,6,0.00017168606165048755,960
BPIC14,duration,nb_0.750,raw,quality_level,0.03226314872763192,0.3827153712223397,10,0.00017168606165048755,960
BPIC14,duration,nb_0.750,raw,rung,0.1452796481928955,0.3684633626242575,4,0.00017168606165048755,960
BPIC14,duration,nb_0.775,raw,learner,0.16417725680665501,0.584324281084742,4,0.00010201027275491821,960
BPIC14,duration,nb_0.775,raw,split,0.03708064255389892,0.4582084760839009,6,0.00010201027275491821,960
BPIC14,duration,nb_0.775,raw,quality_level,0.05798560391536463,0.5072770912376487,10,0.00010201027275491821,960
BPIC14,duration,nb_0.775,raw,rung,0.09330806260404689,0.45211075850095883,4,0.00010201027275491821,960
BPIC14,duration,nb_0.800,raw,learner,0.04433214348530977,0.6029660040151713,4,9.250282374637904e-05,960
BPIC14,duration,nb_0.800,raw,split,0.05315762296308029,0.7096649193148095,6,9.250282374637904e-05,960
BPIC14,duration,nb_0.800,raw,quality_level,0.04475446614599681,0.5421836821448849,10,9.250282374637904e-05,960
BPIC14,duration,nb_0.800,raw,rung,0.041917440542439906,0.3940976267787286,4,9.250282374637904e-05,960
BPIC14,handover,ap,raw,learner,0.4620478788861641,0.6604566789929869,4,0.00021966723328240313,960
BPIC14,handover,ap,raw,split,0.009624347552478258,0.04996527211119184,6,0.00021966723328240313,960
BPIC14,handover,ap,raw,quality_level,0.03478932667921392,0.09930988859817558,10,0.00021966723328240313,960
BPIC14,handover,ap,raw,rung,0.2609171603152293,0.44761361754486007,4,0.00021966723328240313,960
BPIC14,handover,auc,raw,learner,0.3696220608854391,0.5589742601774706,4,0.009960747131741329,960
BPIC14,handover,auc,raw,split,0.013493989428908377,0.03604528305570365,6,0.009960747131741329,960
BPIC14,handover,auc,raw,quality_level,0.07210526866853807,0.15141122941094853,10,0.009960747131741329,960
BPIC14,handover,auc,raw,rung,0.318993464731364,0.5018995440360492,4,0.009960747131741329,960
BPIC14,handover,brier_skill,raw,learner,0.2964414270272426,0.4791578494229579,4,0.010811033065487693,960
BPIC14,handover,brier_skill,raw,split,0.008287535328960663,0.030787576558875096,6,0.010811033065487693,960
BPIC14,handover,brier_skill,raw,quality_level,0.15706798922257875,0.2904628010367839,10,0.010811033065487693,960
BPIC14,handover,brier_skill,raw,rung,0.2955467498804085,0.4723917577396972,4,0.010811033065487693,960
BPIC14,handover,logloss_skill,raw,learner,0.3115290234100674,0.49346936260629304,4,0.013833730668357965,960
BPIC14,handover,logloss_skill,raw,split,0.013716890030023556,0.0377825024522066,6,0.013833730668357965,960
BPIC14,handover,logloss_skill,raw,quality_level,0.1332158772420932,0.25164631731444476,10,0.013833730668357965,960
BPIC14,handover,logloss_skill,raw,rung,0.3066793186266987,0.481779592447134,4,0.013833730668357965,960
BPIC14,handover,nagelkerke,raw,learner,0.3143586907156012,0.49569350113999167,4,0.01816932043926413,960
BPIC14,handover,nagelkerke,raw,split,0.01035234708063985,0.031253312838478986,6,0.01816932043926413,960
BPIC14,handover,nagelkerke,raw,quality_level,0.12654930660319277,0.24052114346967346,10,0.01816932043926413,960
BPIC14,handover,nagelkerke,raw,rung,0.31681813425949906,0.49282267834323834,4,0.01816932043926413,960
BPIC14,handover,nb_0.050,raw,learner,0.015512828604712137,0.5267217379852543,4,3.178279469954946e-08,960
BPIC14,handover,nb_0.050,raw,split,0.0846995915822371,0.8480870701211553,6,3.178279469954946e-08,960
BPIC14,handover,nb_0.050,raw,quality_level,0.004393696378402978,0.17469286239753634,10,3.178279469954946e-08,960
BPIC14,handover,nb_0.050,raw,rung,0.06530666194776598,0.7440508643792316,4,3.178279469954946e-08,960
BPIC14,handover,nb_0.075,raw,learner,0.013269930834923376,0.5547906017643782,4,3.369603851285454e-08,960
BPIC14,handover,nb_0.075,raw,split,0.0716177394973602,0.7672947757711419,6,3.369603851285454e-08,960
BPIC14,handover,nb_0.075,raw,quality_level,0.006889623042343101,0.21803085273914025,10,3.369603851285454e-08,960
BPIC14,handover,nb_0.075,raw,rung,0.09125228123019509,0.7846301405866545,4,3.369603851285454e-08,960
BPIC14,handover,nb_0.100,raw,learner,0.021748434207313122,0.5557656029306037,4,4.398518775245605e-08,960
BPIC14,handover,nb_0.100,raw,split,0.08100926309144006,0.6664103208567971,6,4.398518775245605e-08,960
BPIC14,handover,nb_0.100,raw,quality_level,0.02483245811372141,0.33343160043296094,10,4.398518775245605e-08,960
BPIC14,handover,nb_0.100,raw,rung,0.08277163436348159,0.6937810666871698,4,4.398518775245605e-08,960
BPIC14,handover,nb_0.125,raw,learner,0.017896258688197227,0.5655309666389761,4,6.802527840616616e-08,960
BPIC14,handover,nb_0.125,raw,split,0.10222479166697651,0.6817252581271906,6,6.802527840616616e-08,960
BPIC14,handover,nb_0.125,raw,quality_level,0.028762671658689287,0.40452150640660356,10,6.802527840616616e-08,960
BPIC14,handover,nb_0.125,raw,rung,0.0386376588745006,0.6763093378515037,4,6.802527840616616e-08,960
BPIC14,handover,nb_0.150,raw,learner,0.0026517486861813147,0.6586711584397587,4,1.7515881294794342e-07,960
BPIC14,handover,nb_0.150,raw,split,0.04600403204468276,0.6712716607554534,6,1.7515881294794342e-07,960
BPIC14,handover,nb_0.150,raw,quality_level,0.04516459741186754,0.41176226682696493,10,1.7515881294794342e-07,960
BPIC14,handover,nb_0.150,raw,rung,0.06779609717492,0.6798736646172233,4,1.7515881294794342e-07,960
BPIC14,handover,nb_0.175,raw,learner,0.01383539722862759,0.543109828747256,4,4.768674878396863e-07,960
BPIC14,handover,nb_0.175,raw,split,0.05319228715609005,0.5224019210861657,6,4.768674878396863e-07,960
BPIC14,handover,nb_0.175,raw,quality_level,0.07215558160402975,0.4036973889780595,10,4.768674878396863e-07,960
BPIC14,handover,nb_0.175,raw,rung,0.16195236655423573,0.6650879954389692,4,4.768674878396863e-07,960
BPIC14,handover,nb_0.200,raw,learner,0.06831382065533993,0.529030507754723,4,7.398406744981301e-07,960
BPIC14,handover,nb_0.200,raw,split,0.03310954728227065,0.4395457946067771,6,7.398406744981301e-07,960
BPIC14,handover,nb_0.200,raw,quality_level,0.12314485833030858,0.43326647972781684,10,7.398406744981301e-07,960
BPIC14,handover,nb_0.200,raw,rung,0.12995043866357636,0.6058794029259864,4,7.398406744981301e-07,960
BPIC14,handover,nb_0.225,raw,learner,0.0934000719387781,0.5315976706336758,4,1.2538527738503074e-06,960
BPIC14,handover,nb_0.225,raw,split,0.02546737311745324,0.4173740330307246,6,1.2538527738503074e-06,960
BPIC14,handover,nb_0.225,raw,quality_level,0.12746237782741898,0.4531280287214604,10,1.2538527738503074e-06,960
BPIC14,handover,nb_0.225,raw,rung,0.13010712417271442,0.6005492362934408,4,1.2538527738503074e-06,960
BPIC14,handover,nb_0.250,raw,learner,0.14593583906382138,0.5953644347838665,4,2.109466520285687e-06,960
BPIC14,handover,nb_0.250,raw,split,0.04702201336717872,0.44204459391451667,6,2.109466520285687e-06,960
BPIC14,handover,nb_0.250,raw,quality_level,0.11841233091353436,0.43982473704808633,10,2.109466520285687e-06,960
BPIC14,handover,nb_0.250,raw,rung,0.07742155248577064,0.5098460331091123,4,2.109466520285687e-06,960
BPIC14,handover,nb_0.275,raw,learner,0.19914267513822645,0.542349382517272,4,2.479882155531827e-06,960
BPIC14,handover,nb_0.275,raw,split,0.044552684419308076,0.2998272048460421,6,2.479882155531827e-06,960
BPIC14,handover,nb_0.275,raw,quality_level,0.12881040666575935,0.4007678543561799,10,2.479882155531827e-06,960
BPIC14,handover,nb_0.275,raw,rung,0.14345708686644437,0.4691169532301125,4,2.479882155531827e-06,960
BPIC14,handover,nb_0.300,raw,learner,0.22168979351869278,0.4887841847714197,4,3.3911230229297537e-06,960
BPIC14,handover,nb_0.300,raw,split,0.037223649800608834,0.20991615556277554,6,3.3911230229297537e-06,960
BPIC14,handover,nb_0.300,raw,quality_level,0.15672890768072936,0.38763894573784197,10,3.3911230229297537e-06,960
BPIC14,handover,nb_0.300,raw,rung,0.18733365716300918,0.45933235860051747,4,3.3911230229297537e-06,960
BPIC14,handover,nb_0.325,raw,learner,0.2322788569476759,0.49126695261567765,4,4.802874994336605e-06,960
BPIC14,handover,nb_0.325,raw,split,0.027375682942419346,0.18830424330591888,6,4.802874994336605e-06,960
BPIC14,handover,nb_0.325,raw,quality_level,0.1558764146139993,0.35937566911583096,10,4.802874994336605e-06,960
BPIC14,handover,nb_0.325,raw,rung,0.20389939980674576,0.4707716612243472,4,4.802874994336605e-06,960
BPIC14,handover,nb_0.350,raw,learner,0.22523798260421435,0.4630047209761883,4,7.141182333087558e-06,960
BPIC14,handover,nb_0.350,raw,split,0.02643495026678292,0.14530323294432068,6,7.141182333087558e-06,960
BPIC14,handover,nb_0.350,raw,quality_level,0.15933006174381384,0.36003452074828046,10,7.141182333087558e-06,960
BPIC14,handover,nb_0.350,raw,rung,0.2385188761702601,0.49138248566852716,4,7.141182333087558e-06,960
BPIC14,handover,nb_0.375,raw,learner,0.198847078850785,0.520237222591785,4,1.1706024562920072e-05,960
BPIC14,handover,nb_0.375,raw,split,0.025703729847589056,0.2174745019810258,6,1.1706024562920072e-05,960
BPIC14,handover,nb_0.375,raw,quality_level,0.13381845516414212,0.34827602651331346,10,1.1706024562920072e-05,960
BPIC14,handover,nb_0.375,raw,rung,0.2318921221236393,0.53335876774047,4,1.1706024562920072e-05,960
BPIC14,handover,nb_0.400,raw,learner,0.2181205200935704,0.4969536530671669,4,1.3449038987129757e-05,960
BPIC14,handover,nb_0.400,raw,split,0.012300890310987,0.16909253012957026,6,1.3449038987129757e-05,960
BPIC14,handover,nb_0.400,raw,quality_level,0.13951766340005958,0.342113739884364,10,1.3449038987129757e-05,960
BPIC14,handover,nb_0.400,raw,rung,0.2556640173438066,0.5154824514601455,4,1.3449038987129757e-05,960
BPIC14,handover,nb_0.425,raw,learner,0.21520478653420855,0.4872725721639576,4,1.7614143798697506e-05,960
BPIC14,handover,nb_0.425,raw,split,0.011433223618553614,0.15964673989722533,6,1.7614143798697506e-05,960
BPIC14,handover,nb_0.425,raw,quality_level,0.12946760005520805,0.3331334648490252,10,1.7614143798697506e-05,960
BPIC14,handover,nb_0.425,raw,rung,0.2708684621929245,0.5510183139647975,4,1.7614143798697506e-05,960
BPIC14,handover,nb_0.450,raw,learner,0.21137241909193288,0.46787274895787667,4,1.9964961282031695e-05,960
BPIC14,handover,nb_0.450,raw,split,0.018653357408474572,0.19149100591368062,6,1.9964961282031695e-05,960
BPIC14,handover,nb_0.450,raw,quality_level,0.12610028683031269,0.33472471633125467,10,1.9964961282031695e-05,960
BPIC14,handover,nb_0.450,raw,rung,0.26579314123476994,0.5385246171100839,4,1.9964961282031695e-05,960
BPIC14,handover,nb_0.475,raw,learner,0.22656341590178233,0.46519369306438063,4,2.389911933514247e-05,960
BPIC14,handover,nb_0.475,raw,split,0.05844135056037516,0.21611859982820258,6,2.389911933514247e-05,960
BPIC14,handover,nb_0.475,raw,quality_level,0.1374777768061268,0.35278070101283,10,2.389911933514247e-05,960
BPIC14,handover,nb_0.475,raw,rung,0.22372615216156005,0.44956557779363904,4,2.389911933514247e-05,960
BPIC14,handover,nb_0.500,raw,learner,0.20815114254141398,0.47163879029445,4,3.28030724448295e-05,960
BPIC14,handover,nb_0.500,raw,split,0.062114670367411265,0.24646969065507696,6,3.28030724448295e-05,960
BPIC14,handover,nb_0.500,raw,quality_level,0.14999559438026705,0.36909147998516934,10,3.28030724448295e-05,960
BPIC14,handover,nb_0.500,raw,rung,0.20595259185881326,0.45049326694491154,4,3.28030724448295e-05,960
BPIC14,handover,nb_0.525,raw,learner,0.13207135513552884,0.4506913133559515,4,5.2468907640720415e-05,960
BPIC14,handover,nb_0.525,raw,split,0.07978786530162607,0.44558361756767717,6,5.2468907640720415e-05,960
BPIC14,handover,nb_0.525,raw,quality_level,0.11829850802366963,0.3606819240822412,10,5.2468907640720415e-05,960
BPIC14,handover,nb_0.525,raw,rung,0.14374480370161985,0.5264731801740188,4,5.2468907640720415e-05,960
BPIC14,handover,nb_0.550,raw,learner,0.1344252142332797,0.45578909900398246,4,7.400697928187493e-05,960
BPIC14,handover,nb_0.550,raw,split,0.0319404155019667,0.49154603473089176,6,7.400697928187493e-05,960
BPIC14,handover,nb_0.550,raw,quality_level,0.10825796439404511,0.28372530036950394,10,7.400697928187493e-05,960
BPIC14,handover,nb_0.550,raw,rung,0.1111605683852647,0.6061098270496088,4,7.400697928187493e-05,960
BPIC14,handover,nb_0.575,raw,learner,0.12350261575744259,0.4289313091188467,4,8.74010022305096e-05,960
BPIC14,handover,nb_0.575,raw,split,0.031227899522502735,0.4869020606257849,6,8.74010022305096e-05,960
BPIC14,handover,nb_0.575,raw,quality_level,0.09501564334497797,0.3032150495672624,10,8.74010022305096e-05,960
BPIC14,handover,nb_0.575,raw,rung,0.13942594086588997,0.6351671539915873,4,8.74010022305096e-05,960
BPIC14,handover,nb_0.600,raw,learner,0.0976342850837364,0.414540494792213,4,0.0001181830412614314,960
BPIC14,handover,nb_0.600,raw,split,0.06962634665950812,0.3594748356356424,6,0.0001181830412614314,960
BPIC14,handover,nb_0.600,raw,quality_level,0.08000041498465321,0.2924584445837438,10,0.0001181830412614314,960
BPIC14,handover,nb_0.600,raw,rung,0.2503403403176571,0.6326949432682722,4,0.0001181830412614314,960
BPIC14,handover,nb_0.625,raw,learner,0.09345652436105754,0.4005928250056473,4,0.00012690848609936796,960
BPIC14,handover,nb_0.625,raw,split,0.10194012088799471,0.29927613081332893,6,0.00012690848609936796,960
BPIC14,handover,nb_0.625,raw,quality_level,0.1023836461700475,0.31490062616018644,10,0.00012690848609936796,960
BPIC14,handover,nb_0.625,raw,rung,0.26366239983042966,0.5724474547768635,4,0.00012690848609936796,960
BPIC14,handover,nb_0.650,raw,learner,0.11651033086515973,0.4049301206048004,4,0.00015390480093448433,960
BPIC14,handover,nb_0.650,raw,split,0.10556448483608612,0.3102851021748835,6,0.00015390480093448433,960
BPIC14,handover,nb_0.650,raw,quality_level,0.10926435825308521,0.3189072862480653,10,0.00015390480093448433,960
BPIC14,handover,nb_0.650,raw,rung,0.24214571795996548,0.5368368183601855,4,0.00015390480093448433,960
BPIC14,handover,nb_0.675,raw,learner,0.16266925736500626,0.40389279137723566,4,0.00020563557768561995,960
BPIC14,handover,nb_0.675,raw,split,0.1318679879960914,0.3499915707022814,6,0.00020563557768561995,960
BPIC14,handover,nb_0.675,raw,quality_level,0.1286002875620836,0.3201265034318156,10,0.00020563557768561995,960
BPIC14,handover,nb_0.675,raw,rung,0.1738815630514239,0.4540616507311853,4,0.00020563557768561995,960
BPIC14,handover,nb_0.700,raw,learner,0.18135148703519324,0.41873086506717716,4,0.00029763729445899696,960
BPIC14,handover,nb_0.700,raw,split,0.14768932274556953,0.34881464615468205,6,0.00029763729445899696,960
BPIC14,handover,nb_0.700,raw,quality_level,0.13040156700511224,0.3047149551650794,10,0.00029763729445899696,960
BPIC14,handover,nb_0.700,raw,rung,0.1695698676813721,0.41810153470681066,4,0.00029763729445899696,960
BPIC14,handover,nb_0.725,raw,learner,0.2111554483738674,0.47002527816684514,4,0.0004592198374901462,960
BPIC14,handover,nb_0.725,raw,split,0.12435930097488043,0.3202540873359955,6,0.0004592198374901462,960
BPIC14,handover,nb_0.725,raw,quality_level,0.11864922418495166,0.2649144566374686,10,0.0004592198374901462,960
BPIC14,handover,nb_0.725,raw,rung,0.17426421826742852,0.42550877313875135,4,0.0004592198374901462,960
BPIC14,handover,nb_0.750,raw,learner,0.19321192426530437,0.4398314576693183,4,0.0006470923902053219,960
BPIC14,handover,nb_0.750,raw,split,0.12039331303808812,0.3201563300253222,6,0.0006470923902053219,960
BPIC14,handover,nb_0.750,raw,quality_level,0.12250089880989641,0.2874784907190394,10,0.0006470923902053219,960
BPIC14,handover,nb_0.750,raw,rung,0.19025896287833416,0.46089752011507834,4,0.0006470923902053219,960
BPIC14,handover,nb_0.775,raw,learner,0.16810913452805268,0.41838785281835167,4,0.000950541254514275,960
BPIC14,handover,nb_0.775,raw,split,0.14459520150004157,0.34567957776463953,6,0.000950541254514275,960
BPIC14,handover,nb_0.775,raw,quality_level,0.14065154992220108,0.3161790328141558,10,0.000950541254514275,960
BPIC14,handover,nb_0.775,raw,rung,0.15999957540432277,0.44831597062229933,4,0.000950541254514275,960
BPIC14,handover,nb_0.800,raw,learner,0.15362421860094863,0.3691537664860055,4,0.002356251159652211,960
BPIC14,handover,nb_0.800,raw,split,0.16546197940920315,0.4371812243825358,6,0.002356251159652211,960
BPIC14,handover,nb_0.800,raw,quality_level,0.08274529191161235,0.17682940924791357,10,0.002356251159652211,960
BPIC14,handover,nb_0.800,raw,rung,0.20952046549703615,0.4979726058946953,4,0.002356251159652211,960
BPIC15_1,duration,ap,raw,learner,0.01177738260250302,0.35451201674103716,2,0.001969489150383295,216
BPIC15_1,duration,ap,raw,split,0.11107080463872884,0.736453526182189,6,0.001969489150383295,216
BPIC15_1,duration,ap,raw,quality_level,0.09117809979444773,0.42622487927777175,6,0.001969489150383295,216
BPIC15_1,duration,ap,raw,rung,0.05917860659934541,0.6108309024948305,3,0.001969489150383295,216
BPIC15_1,duration,auc,raw,learner,0.04111576701310919,0.5693047067572686,2,0.002103413376676562,216
BPIC15_1,duration,auc,raw,split,0.10990961421596912,0.6434121371278456,6,0.002103413376676562,216
BPIC15_1,duration,auc,raw,quality_level,0.0056439522638353,0.25868213215809943,6,0.002103413376676562,216
BPIC15_1,duration,auc,raw,rung,0.08921452607448493,0.6308337325250716,3,0.002103413376676562,216
BPIC15_1,duration,brier_skill,raw,learner,2.676258422809046e-05,0.3787211042307209,2,0.006469964272443693,216
BPIC15_1,duration,brier_skill,raw,split,0.30615652430044227,0.8538864024129771,6,0.006469964272443693,216
BPIC15_1,duration,brier_skill,raw,quality_level,0.0247472251817779,0.25844257926622494,6,0.006469964272443693,216
BPIC15_1,duration,brier_skill,raw,rung,0.05535401429154298,0.3813340654912817,3,0.006469964272443693,216
BPIC15_1,duration,logloss_skill,raw,learner,0.05688103866419466,0.4260699294793011,2,0.008142680689944162,216
BPIC15_1,duration,logloss_skill,raw,split,0.2647447823648915,0.8049934092850138,6,0.008142680689944162,216
BPIC15_1,duration,logloss_skill,raw,quality_level,0.038773764016205185,0.3416593641570035,6,0.008142680689944162,216
BPIC15_1,duration,logloss_skill,raw,rung,0.02759290792090747,0.28716319813248903,3,0.008142680689944162,216
BPIC15_1,duration,nagelkerke,raw,learner,0.06182097228498796,0.45449360609366296,2,0.03647607589963189,216
BPIC15_1,duration,nagelkerke,raw,split,0.26343164908417044,0.8126933117942057,6,0.03647607589963189,216
BPIC15_1,duration,nagelkerke,raw,quality_level,0.0413941435528471,0.3563335236665125,6,0.03647607589963189,216
BPIC15_1,duration,nagelkerke,raw,rung,0.023841678453718686,0.22339907580508978,3,0.03647607589963189,216
BPIC15_1,duration,nb_0.050,raw,learner,0.11271465768372334,0.5560949224863074,2,5.132787387552338e-05,216
BPIC15_1,duration,nb_0.050,raw,split,0.05321840884356708,0.7388622165346064,6,5.132787387552338e-05,216
BPIC15_1,duration,nb_0.050,raw,quality_level,0.01160371515552886,0.24420915312580305,6,5.132787387552338e-05,216
BPIC15_1,duration,nb_0.050,raw,rung,0.05419251954790715,0.6624205318442709,3,5.132787387552338e-05,216
BPIC15_1,duration,nb_0.075,raw,learner,0.047210617098004316,0.5665421650215363,2,8.633211055561867e-05,216
BPIC15_1,duration,nb_0.075,raw,split,0.04177245641845419,0.7539390711066789,6,8.633211055561867e-05,216
BPIC15_1,duration,nb_0.075,raw,quality_level,0.02194511716225714,0.4052113307640999,6,8.633211055561867e-05,216
BPIC15_1,duration,nb_0.075,raw,rung,0.057167217218080386,0.6011207510434597,3,8.633211055561867e-05,216
BPIC15_1,duration,nb_0.100,raw,learner,0.06632250743222967,0.5423676708338604,2,0.0001466615843453988,216
BPIC15_1,duration,nb_0.100,raw,split,0.07720323038067287,0.7637536658776729,6,0.0001466615843453988,216
BPIC15_1,duration,nb_0.100,raw,quality_level,0.016431362056695726,0.44894264031819875,6,0.0001466615843453988,216
BPIC15_1,duration,nb_0.100,raw,rung,0.029007014768150857,0.5622217657241297,3,0.0001466615843453988,216
BPIC15_1,duration,nb_0.125,raw,learner,0.06937607997199091,0.5776432085976326,2,0.0001341942058734046,216
BPIC15_1,duration,nb_0.125,raw,split,0.06340665283122583,0.8192567166851117,6,0.0001341942058734046,216
BPIC15_1,duration,nb_0.125,raw,quality_level,0.008509924793365684,0.5149984627030206,6,0.0001341942058734046,216
BPIC15_1,duration,nb_0.125,raw,rung,0.0007001420278512071,0.5963613650684652,3,0.0001341942058734046,216
BPIC15_1,duration,nb_0.150,raw,learner,0.017316207542562433,0.5271895871581324,2,0.0002673608743628272,216
BPIC15_1,duration,nb_0.150,raw,split,0.08780830565590426,0.8517081850064008,6,0.0002673608743628272,216
BPIC15_1,duration,nb_0.150,raw,quality_level,0.008995853237350597,0.24460610051533882,6,0.0002673608743628272,216
BPIC15_1,duration,nb_0.150,raw,rung,0.028751260929948744,0.7084778397787428,3,0.0002673608743628272,216
BPIC15_1,duration,nb_0.175,raw,learner,0.010592666077632455,0.5047847054950303,2,0.0002793098135224422,216
BPIC15_1,duration,nb_0.175,raw,split,0.14600332447513686,0.8399175075568839,6,0.0002793098135224422,216
BPIC15_1,duration,nb_0.175,raw,quality_level,0.003992998310371459,0.15763386237139687,6,0.0002793098135224422,216
BPIC15_1,duration,nb_0.175,raw,rung,0.0758130367710982,0.6683925207845379,3,0.0002793098135224422,216
BPIC15_1,duration,nb_0.200,raw,learner,0.00430614405152949,0.4275346580448841,2,0.0003227169827144344,216
BPIC15_1,duration,nb_0.200,raw,split,0.14994899301195005,0.863933389061955,6,0.0003227169827144344,216
BPIC15_1,duration,nb_0.200,raw,quality_level,0.014615839404969643,0.19297338289441768,6,0.0003227169827144344,216
BPIC15_1,duration,nb_0.200,raw,rung,0.032120795411996333,0.619358321830324,3,0.0003227169827144344,216
BPIC15_1,duration,nb_0.225,raw,learner,0.0007997079924132967,0.4512961498554793,2,0.00023215875206125964,216
BPIC15_1,duration,nb_0.225,raw,split,0.1690954005783992,0.8458982547643878,6,0.00023215875206125964,216
BPIC15_1,duration,nb_0.225,raw,quality_level,0.012524199407765956,0.25250007353607506,6,0.00023215875206125964,216
BPIC15_1,duration,nb_0.225,raw,rung,0.058284252696281506,0.6301834972785499,3,0.00023215875206125964,216
BPIC15_1,duration,nb_0.250,raw,learner,0.00013093167162416146,0.3642845314962472,2,0.0002554922341221261,216
BPIC15_1,duration,nb_0.250,raw,split,0.30345636517840563,0.8777609239300811,6,0.0002554922341221261,216
BPIC15_1,duration,nb_0.250,raw,quality_level,0.015107712037684781,0.24439608010202096,6,0.0002554922341221261,216
BPIC15_1,duration,nb_0.250,raw,rung,0.04968593620352716,0.4370453487806282,3,0.0002554922341221261,216
BPIC15_1,duration,nb_0.275,raw,learner,0.00348644750909277,0.3828285770385771,2,0.00031228579060396655,216
BPIC15_1,duration,nb_0.275,raw,split,0.2881986776014829,0.8891183416604171,6,0.00031228579060396655,216
BPIC15_1,duration,nb_0.275,raw,quality_level,0.016088082725433647,0.20050764809508048,6,0.00031228579060396655,216
BPIC15_1,duration,nb_0.275,raw,rung,0.03246977720560871,0.49660846611820053,3,0.00031228579060396655,216
BPIC15_1,duration,nb_0.300,raw,learner,0.002123703848470839,0.4209748607484437,2,0.0003774415420617645,216
BPIC15_1,duration,nb_0.300,raw,split,0.25782896736405103,0.9104304758642061,6,0.0003774415420617645,216
BPIC15_1,duration,nb_0.300,raw,quality_level,0.014254571348830151,0.2596510496737159,6,0.0003774415420617645,216
BPIC15_1,duration,nb_0.300,raw,rung,0.005150153024943891,0.47613618251276135,3,0.0003774415420617645,216
BPIC15_1,duration,nb_0.325,raw,learner,0.000587241665273002,0.41487382438365206,2,0.0004572996795194893,216
BPIC15_1,duration,nb_0.325,raw,split,0.20874867536398126,0.909052468152993,6,0.0004572996795194893,216
BPIC15_1,duration,nb_0.325,raw,quality_level,0.019178825388681896,0.3163017590730782,6,0.0004572996795194893,216
BPIC15_1,duration,nb_0.325,raw,rung,0.010412603978861325,0.5081256938423604,3,0.0004572996795194893,216
BPIC15_1,duration,nb_0.350,raw,learner,0.00020084768153575886,0.4658181238951581,2,0.0007404434770264643,216
BPIC15_1,duration,nb_0.350,raw,split,0.13772169853578806,0.8519640233373222,6,0.0007404434770264643,216
BPIC15_1,duration,nb_0.350,raw,quality_level,0.01201039153742697,0.36994868604173337,6,0.0007404434770264643,216
BPIC15_1,duration,nb_0.350,raw,rung,0.03250129098473599,0.5850749543087168,3,0.0007404434770264643,216
BPIC15_1,duration,nb_0.375,raw,learner,0.020696104660695776,0.5289003340278462,2,0.0017228941945989747,216
BPIC15_1,duration,nb_0.375,raw,split,0.16444242338497767,0.7991908864458793,6,0.0017228941945989747,216
BPIC15_1,duration,nb_0.375,raw,quality_level,0.003922692071790137,0.14668722919288546,6,0.0017228941945989747,216
BPIC15_1,duration,nb_0.375,raw,rung,0.10733391375929795,0.6143837005988346,3,0.0017228941945989747,216
BPIC15_1,duration,nb_0.400,raw,learner,0.01290690202875719,0.4997677381587632,2,0.002225740826461553,216
BPIC15_1,duration,nb_0.400,raw,split,0.13336572032888544,0.7253963807486146,6,0.002225740826461553,216
BPIC15_1,duration,nb_0.400,raw,quality_level,0.005887582472804762,0.1376603398547962,6,0.002225740826461553,216
BPIC15_1,duration,nb_0.400,raw,rung,0.1804050438936644,0.6611176519938692,3,0.002225740826461553,216
BPIC15_1,duration,nb_0.425,raw,learner,3.4683969913581402e-06,0.2865784899202115,2,0.0019966568861795758,216
BPIC15_1,duration,nb_0.425,raw,split,0.1608484387106969,0.6538999528664518,6,0.0019966568861795758,216
BPIC15_1,duration,nb_0.425,raw,quality_level,0.013616018036109876,0.177377050410923,6,0.0019966568861795758,216
BPIC15_1,duration,nb_0.425,raw,rung,0.2601319564196981,0.7113279243706385,3,0.0019966568861795758,216
BPIC15_1,duration,nb_0.450,raw,learner,0.004744599471816109,0.28176514236009464,2,0.003068102070442131,216
BPIC15_1,duration,nb_0.450,raw,split,0.21478564388753968,0.6982601430748397,6,0.003068102070442131,216
BPIC15_1,duration,nb_0.450,raw,quality_level,0.017405280619827386,0.16792937985179157,6,0.003068102070442131,216
BPIC15_1,duration,nb_0.450,raw,rung,0.1947977370003624,0.6025031854453194,3,0.003068102070442131,216
BPIC15_1,duration,nb_0.475,raw,learner,0.012068817395396695,0.2718626766166845,2,0.003705804402147305,216
BPIC15_1,duration,nb_0.475,raw,split,0.24240866565859245,0.7423998983968794,6,0.003705804402147305,216
BPIC15_1,duration,nb_0.475,raw,quality_level,0.013436016236533217,0.17240859378025297,6,0.003705804402147305,216
BPIC15_1,duration,nb_0.475,raw,rung,0.16420579282010514,0.5563505286678043,3,0.003705804402147305,216
BPIC15_1,duration,nb_0.500,raw,learner,0.03462426427732322,0.511916709497386,2,0.00326150077689715,216
BPIC15_1,duration,nb_0.500,raw,split,0.20761971338101964,0.7893444608014747,6,0.00326150077689715,216
BPIC15_1,duration,nb_0.500,raw,quality_level,0.018070946331046923,0.2863419834483443,6,0.00326150077689715,216
BPIC15_1,duration,nb_0.500,raw,rung,0.07674456076911665,0.4520873332897928,3,0.00326150077689715,216
BPIC15_1,duration,nb_0.525,raw,learner,0.0017136674297738746,0.5036897536429062,2,0.004426180611153536,216
BPIC15_1,duration,nb_0.525,raw,split,0.2184039252296956,0.8507574936383786,6,0.004426180611153536,216
BPIC15_1,duration,nb_0.525,raw,quality_level,0.015718260239577016,0.2673067056429933,6,0.004426180611153536,216
BPIC15_1,duration,nb_0.525,raw,rung,0.0784188000540137,0.4510912814541074,3,0.004426180611153536,216
BPIC15_1,duration,nb_0.550,raw,learner,0.013481963020998014,0.5060455389124009,2,0.005427141402642708,216
BPIC15_1,duration,nb_0.550,raw,split,0.19094578549174418,0.8604865903731959,6,0.005427141402642708,216
BPIC15_1,duration,nb_0.550,raw,quality_level,0.01875696478217799,0.18937873069360778,6,0.005427141402642708,216
BPIC15_1,duration,nb_0.550,raw,rung,0.07356749123334476,0.5114319011812922,3,0.005427141402642708,216
BPIC15_1,duration,nb_0.575,raw,learner,0.0367178370528097,0.5064412667385507,2,0.0065514936726330745,216
BPIC15_1,duration,nb_0.575,raw,split,0.19128135106633665,0.8392399841938732,6,0.0065514936726330745,216
BPIC15_1,duration,nb_0.575,raw,quality_level,0.011599393894868153,0.1341281708782881,6,0.0065514936726330745,216
BPIC15_1,duration,nb_0.575,raw,rung,0.08276986727312668,0.5524925629821984,3,0.0065514936726330745,216
BPIC15_1,duration,nb_0.600,raw,learner,0.06494146075395545,0.4755128989367575,2,0.007753063515304076,216
BPIC15_1,duration,nb_0.600,raw,split,0.1849770384244615,0.8158142012675272,6,0.007753063515304076,216
BPIC15_1,duration,nb_0.600,raw,quality_level,0.009500736443241129,0.13687290878904412,6,0.007753063515304076,216
BPIC15_1,duration,nb_0.600,raw,rung,0.07686046933076476,0.583819640514982,3,0.007753063515304076,216
BPIC15_1,duration,nb_0.625,raw,learner,0.035928671216822534,0.5088363176595521,2,0.008842453835290379,216
BPIC15_1,duration,nb_0.625,raw,split,0.1922919009366714,0.8937995334269456,6,0.008842453835290379,216
BPIC15_1,duration,nb_0.625,raw,quality_level,0.01322711632471159,0.12604578833042857,6,0.008842453835290379,216
BPIC15_1,duration,nb_0.625,raw,rung,0.03373630987571786,0.6010672021410692,3,0.008842453835290379,216
BPIC15_1,duration,nb_0.650,raw,learner,0.031135924109490908,0.5118689301465907,2,0.010655795851755039,216
BPIC15_1,duration,nb_0.650,raw,split,0.17069876150995417,0.899382919366055,6,0.010655795851755039,216
BPIC15_1,duration,nb_0.650,raw,quality_level,0.011628910732660118,0.10968794157859985,6,0.010655795851755039,216
BPIC15_1,duration,nb_0.650,raw,rung,0.03410809472282733,0.61392288312314,3,0.010655795851755039,216
BPIC15_1,duration,nb_0.675,raw,learner,0.0030789124736983133,0.49960972938917225,2,0.0042812936973235915,216
BPIC15_1,duration,nb_0.675,raw,split,0.07968613150058847,0.8079233635417568,6,0.0042812936973235915,216
BPIC15_1,duration,nb_0.675,raw,quality_level,0.03947773174018154,0.2604736539171013,6,0.0042812936973235915,216
BPIC15_1,duration,nb_0.675,raw,rung,0.06013763367961264,0.615405187592289,3,0.0042812936973235915,216
BPIC15_1,duration,nb_0.700,raw,learner,0.0026743914678030844,0.4798866119451448,2,0.004401105906234047,216
BPIC15_1,duration,nb_0.700,raw,split,0.07831712678658174,0.8263944191676242,6,0.004401105906234047,216
BPIC15_1,duration,nb_0.700,raw,quality_level,0.04091753751427077,0.30857651990314006,6,0.004401105906234047,216
BPIC15_1,duration,nb_0.700,raw,rung,0.039678734020865816,0.5962641811180018,3,0.004401105906234047,216
BPIC15_1,duration,nb_0.725,raw,learner,0.0018372710831239783,0.5200064488137768,2,0.006151140259463149,216
BPIC15_1,duration,nb_0.725,raw,split,0.11108764132501234,0.9369415270246518,6,0.006151140259463149,216
BPIC15_1,duration,nb_0.725,raw,quality_level,0.01460254757321917,0.2798804618950961,6,0.006151140259463149,216
BPIC15_1,duration,nb_0.725,raw,rung,0.01218636798413105,0.4571034245671234,3,0.006151140259463149,216
BPIC15_1,duration,nb_0.750,raw,learner,3.5341955798185464e-05,0.45992065492817835,2,0.009830142277486756,216
BPIC15_1,duration,nb_0.750,raw,split,0.1679746144626891,0.9629068090499953,6,0.009830142277486756,216
BPIC15_1,duration,nb_0.750,raw,quality_level,0.0025560858647632793,0.2114754868285713,6,0.009830142277486756,216
BPIC15_1,duration,nb_0.750,raw,rung,0.005493678854151513,0.4687315706450669,3,0.009830142277486756,216
BPIC15_1,duration,nb_0.775,raw,learner,0.025890209921120098,0.39813251331277444,2,0.013252575356354887,216
BPIC15_1,duration,nb_0.775,raw,split,0.09292366040555881,0.8990693929600477,6,0.013252575356354887,216
BPIC15_1,duration,nb_0.775,raw,quality_level,0.008846531837085652,0.24515005972027015,6,0.013252575356354887,216
BPIC15_1,duration,nb_0.775,raw,rung,0.011269531615705266,0.5762718552419152,3,0.013252575356354887,216
BPIC15_1,duration,nb_0.800,raw,learner,0.03274707939575513,0.342824763857036,2,0.01480206967280352,216
BPIC15_1,duration,nb_0.800,raw,split,0.08672523749953748,0.8936367164453758,6,0.01480206967280352,216
BPIC15_1,duration,nb_0.800,raw,quality_level,0.012864339866431596,0.31224815006471074,6,0.01480206967280352,216
BPIC15_1,duration,nb_0.800,raw,rung,0.011872603568993348,0.5845592056664817,3,0.01480206967280352,216
BPIC15_1,handover,ap,raw,learner,0.017950129787987424,0.20803416820433873,2,7.142963062006695e-05,216
BPIC15_1,handover,ap,raw,split,0.019563057894479232,0.27985196463617745,6,7.142963062006695e-05,216
BPIC15_1,handover,ap,raw,quality_level,0.016409325364382384,0.2585856311162076,6,7.142963062006695e-05,216
BPIC15_1,handover,ap,raw,rung,0.6032461938038882,0.8667679144048622,3,7.142963062006695e-05,216
BPIC15_1,handover,auc,raw,learner,0.027419717104026055,0.22745274637559876,2,0.0010323493332985176,216
BPIC15_1,handover,auc,raw,split,0.04146622530799158,0.37077412673119714,6,0.0010323493332985176,216
BPIC15_1,handover,auc,raw,quality_level,0.04328361211906004,0.2632812255661282,6,0.0010323493332985176,216
BPIC15_1,handover,auc,raw,rung,0.4515176152072213,0.7976555825055769,3,0.0010323493332985176,216
BPIC15_1,handover,brier_skill,raw,learner,0.030360011448405184,0.41560483348515975,2,0.009140636626721214,216
BPIC15_1,handover,brier_skill,raw,split,0.15024758338296518,0.62625696221365,6,0.009140636626721214,216
BPIC15_1,handover,brier_skill,raw,quality_level,0.1690410789387662,0.47355622911814677,6,0.009140636626721214,216
BPIC15_1,handover,brier_skill,raw,rung,0.07538689119822145,0.2916361997556528,3,0.009140636626721214,216
BPIC15_1,handover,logloss_skill,raw,learner,0.001370728660288266,0.45993040614163216,2,0.05517622629771757,216
BPIC15_1,handover,logloss_skill,raw,split,0.07868882585166001,0.7795214203793667,6,0.05517622629771757,216
BPIC15_1,handover,logloss_skill,raw,quality_level,0.03624756807803803,0.2470324261914274,6,0.05517622629771757,216
BPIC15_1,handover,logloss_skill,raw,rung,0.025135371304268,0.7600313225064013,3,0.05517622629771757,216
BPIC15_1,handover,nagelkerke,raw,learner,0.018338271203899477,0.49830405153954493,2,1.818282922455657,216
BPIC15_1,handover,nagelkerke,raw,split,0.10978042280295879,0.8536098813378227,6,1.818282922455657,216
BPIC15_1,handover,nagelkerke,raw,quality_level,0.0012045435955137717,0.14600942839371622,6,1.818282922455657,216
BPIC15_1,handover,nagelkerke,raw,rung,0.04406358603515156,0.7358400501835556,3,1.818282922455657,216
BPIC15_1,handover,nb_0.050,raw,learner,3.880916488763314e-06,0.5000019404582444,2,4.987382878555525e-06,216
BPIC15_1,handover,nb_0.050,raw,split,0.0619790400656399,0.8554885631802294,6,4.987382878555525e-06,216
BPIC15_1,handover,nb_0.050,raw,quality_level,0.029242016822739515,0.5291441786884199,6,4.987382878555525e-06,216
BPIC15_1,handover,nb_0.050,raw,rung,0.014839384596872084,0.649179869341712,3,4.987382878555525e-06,216
BPIC15_1,handover,nb_0.075,raw,learner,0.002832153910542842,0.5083874591852058,2,5.081885714872945e-06,216
BPIC15_1,handover,nb_0.075,raw,split,0.06351521186070146,0.7956488125083367,6,5.081885714872945e-06,216
BPIC15_1,handover,nb_0.075,raw,quality_level,0.05313450887287148,0.5368727307472256,6,5.081885714872945e-06,216
BPIC15_1,handover,nb_0.075,raw,rung,0.027332380013510793,0.5983039508978294,3,5.081885714872945e-06,216
BPIC15_1,handover,nb_0.100,raw,learner,0.0675476078490136,0.513833140122318,2,3.224430313742324e-05,216
BPIC15_1,handover,nb_0.100,raw,split,0.14678879848980966,0.8388511133755214,6,3.224430313742324e-05,216
BPIC15_1,handover,nb_0.100,raw,quality_level,0.009014970777620836,0.1432256396171393,6,3.224430313742324e-05,216
BPIC15_1,handover,nb_0.100,raw,rung,0.039813514063110594,0.6089379221837743,3,3.224430313742324e-05,216
BPIC15_1,handover,nb_0.125,raw,learner,0.08447958858760715,0.5341262511054796,2,3.991215916464675e-05,216
BPIC15_1,handover,nb_0.125,raw,split,0.14033559750115504,0.7619604565577074,6,3.991215916464675e-05,216
BPIC15_1,handover,nb_0.125,raw,quality_level,0.012412983303067988,0.15448539182462662,6,3.991215916464675e-05,216
BPIC15_1,handover,nb_0.125,raw,rung,0.07015250556228152,0.6164126477995744,3,3.991215916464675e-05,216
BPIC15_1,handover,nb_0.150,raw,learner,0.06453331333987583,0.4489181463452544,2,2.9286999149070853e-05,216
BPIC15_1,handover,nb_0.150,raw,split,0.15788033915734714,0.6965935189272688,6,2.9286999149070853e-05,216
BPIC15_1,handover,nb_0.150,raw,quality_level,0.02621423238229763,0.32480770733687214,6,2.9286999149070853e-05,216
BPIC15_1,handover,nb_0.150,raw,rung,0.0630689003941337,0.5929305259851764,3,2.9286999149070853e-05,216
BPIC15_1,handover,nb_0.175,raw,learner,0.02025339915644156,0.5541186502975455,2,5.71879080943786e-05,216
BPIC15_1,handover,nb_0.175,raw,split,0.082327059527162,0.7408093637955903,6,5.71879080943786e-05,216
BPIC15_1,handover,nb_0.175,raw,quality_level,0.006286037168065029,0.32273556203482556,6,5.71879080943786e-05,216
BPIC15_1,handover,nb_0.175,raw,rung,0.07584617111130526,0.7811746381062707,3,5.71879080943786e-05,216
BPIC15_1,handover,nb_0.200,raw,learner,0.019419991226967682,0.4980398808467634,2,5.4106061698122434e-05,216
BPIC15_1,handover,nb_0.200,raw,split,0.07341528363815,0.7103099731420128,6,5.4106061698122434e-05,216
BPIC15_1,handover,nb_0.200,raw,quality_level,0.01293672856905885,0.35208279604775516,6,5.4106061698122434e-05,216
BPIC15_1,handover,nb_0.200,raw,rung,0.11460737299086236,0.7663215952211353,3,5.4106061698122434e-05,216
BPIC15_1,handover,nb_0.225,raw,learner,0.043552161147865365,0.6168129601070027,2,5.9609137849539676e-05,216
BPIC15_1,handover,nb_0.225,raw,split,0.05503334812462469,0.7520626906538558,6,5.9609137849539676e-05,216
BPIC15_1,handover,nb_0.225,raw,quality_level,0.0057313283681614926,0.38235168006335485,6,5.9609137849539676e-05,216
BPIC15_1,handover,nb_0.225,raw,rung,0.0699847640177581,0.7471387862525641,3,5.9609137849539676e-05,216
BPIC15_1,handover,nb_0.250,raw,learner,0.008301669183426078,0.5338528883480029,2,6.714437626813844e-05,216
BPIC15_1,handover,nb_0.250,raw,split,0.01709926051989918,0.8039795527271001,6,6.714437626813844e-05,216
BPIC15_1,handover,nb_0.250,raw,quality_level,0.010888568204135423,0.3851427454920908,6,6.714437626813844e-05,216
BPIC15_1,handover,nb_0.250,raw,rung,0.08259266261907651,0.8178266935931576,3,6.714437626813844e-05,216
BPIC15_1,handover,nb_0.275,raw,learner,0.0043580752442748125,0.2975566921570536,2,7.874126930526945e-05,216
BPIC15_1,handover,nb_0.275,raw,split,0.061095191426575664,0.7729100106227654,6,7.874126930526945e-05,216
BPIC15_1,handover,nb_0.275,raw,quality_level,0.011654440633980625,0.368072463962986,6,7.874126930526945e-05,216
BPIC15_1,handover,nb_0.275,raw,rung,0.11094956878561997,0.7813453628102056,3,7.874126930526945e-05,216
BPIC15_1,handover,nb_0.300,raw,learner,0.0019009986817793837,0.40119870927364465,2,7.780121484966003e-05,216
BPIC15_1,handover,nb_0.300,raw,split,0.07023966569601262,0.7621977342492688,6,7.780121484966003e-05,216
BPIC15_1,handover,nb_0.300,raw,quality_level,0.014575862468541057,0.40229400657895587,6,7.780121484966003e-05,216
BPIC15_1,handover,nb_0.300,raw,rung,0.08087883109674153,0.7621344839533591,3,7.780121484966003e-05,216
BPIC15_1,handover,nb_0.325,raw,learner,0.009309860323422698,0.33444731148375373,2,0.00010591549173105513,216
BPIC15_1,handover,nb_0.325,raw,split,0.08205770392806001,0.7950370769176639,6,0.00010591549173105513,216
BPIC15_1,handover,nb_0.325,raw,quality_level,0.028139156631317806,0.4209338834509565,6,0.00010591549173105513,216
BPIC15_1,handover,nb_0.325,raw,rung,0.06524056949265002,0.7170337500012469,3,0.00010591549173105513,216
BPIC15_1,handover,nb_0.350,raw,learner,0.015664636893609335,0.4027484512709255,2,0.00012009369492925783,216
BPIC15_1,handover,nb_0.350,raw,split,0.01661432921291031,0.7512372169573813,6,0.00012009369492925783,216
BPIC15_1,handover,nb_0.350,raw,quality_level,0.022932218739256063,0.4701504110541467,6,0.00012009369492925783,216
BPIC15_1,handover,nb_0.350,raw,rung,0.10485358222995826,0.739606858189495,3,0.00012009369492925783,216
BPIC15_1,handover,nb_0.375,raw,learner,0.0026450708814143233,0.39051822665246194,2,0.00010733711778888624,216
BPIC15_1,handover,nb_0.375,raw,split,0.07398270868427433,0.8117458924871335,6,0.00010733711778888624,216
BPIC15_1,handover,nb_0.375,raw,quality_level,0.040163524908599854,0.4868296091074725,6,0.00010733711778888624,216
BPIC15_1,handover,nb_0.375,raw,rung,0.06271810967213486,0.6420658577623062,3,0.00010733711778888624,216
BPIC15_1,handover,nb_0.400,raw,learner,0.001989351258681019,0.4867861777067074,2,0.00011690647307584298,216
BPIC15_1,handover,nb_0.400,raw,split,0.10174530190331407,0.8631792164229524,6,0.00011690647307584298,216
BPIC15_1,handover,nb_0.400,raw,quality_level,0.024576837316466787,0.5100420770550043,6,0.00011690647307584298,216
BPIC15_1,handover,nb_0.400,raw,rung,0.011281473998359468,0.49788190469547244,3,0.00011690647307584298,216
BPIC15_1,handover,nb_0.425,raw,learner,0.017526698971995738,0.3626322242056883,2,0.00016096503681242648,216
BPIC15_1,handover,nb_0.425,raw,split,0.22951468447481801,0.8562164547680413,6,0.00016096503681242648,216
BPIC15_1,handover,nb_0.425,raw,quality_level,0.04087877757255931,0.43675707862912394,6,0.00016096503681242648,216
BPIC15_1,handover,nb_0.425,raw,rung,0.012033538459894383,0.40381954804546294,3,0.00016096503681242648,216
BPIC15_1,handover,nb_0.450,raw,learner,0.0022431888147318316,0.1706033834935382,2,0.0003761083286744335,216
BPIC15_1,handover,nb_0.450,raw,split,0.28917406894276243,0.8695683505619812,6,0.0003761083286744335,216
BPIC15_1,handover,nb_0.450,raw,quality_level,0.031328922621977534,0.22444479676823115,6,0.0003761083286744335,216
BPIC15_1,handover,nb_0.450,raw,rung,0.07270082418327986,0.5145883924862507,3,0.0003761083286744335,216
BPIC15_1,handover,nb_0.475,raw,learner,5.0368439670764344e-05,0.35551470187415835,2,0.00037972264644703445,216
BPIC15_1,handover,nb_0.475,raw,split,0.21080613876226295,0.8521690692691021,6,0.00037972264644703445,216
BPIC15_1,handover,nb_0.475,raw,quality_level,0.03945251359671569,0.248329573696771,6,0.00037972264644703445,216
BPIC15_1,handover,nb_0.475,raw,rung,0.06638002363876497,0.4949738719783028,3,0.00037972264644703445,216
BPIC15_1,handover,nb_0.500,raw,learner,3.6195110381271784e-06,0.40439146131546133,2,0.0003668030453918559,216
BPIC15_1,handover,nb_0.500,raw,split,0.18906002412998962,0.8357050210721295,6,0.0003668030453918559,216
BPIC15_1,handover,nb_0.500,raw,quality_level,0.07191666598096348,0.32585653818767624,6,0.0003668030453918559,216
BPIC15_1,handover,nb_0.500,raw,rung,0.044889927350401794,0.45020064427547013,3,0.0003668030453918559,216
BPIC15_1,handover,nb_0.525,raw,learner,0.006204812322134026,0.42812663747772006,2,0.0004765297761528138,216
BPIC15_1,handover,nb_0.525,raw,split,0.138937891532829,0.7977445707844546,6,0.0004765297761528138,216
BPIC15_1,handover,nb_0.525,raw,quality_level,0.05302138488693997,0.3096427275578566,6,0.0004765297761528138,216
BPIC15_1,handover,nb_0.525,raw,rung,0.0866491646438397,0.5712704824104855,3,0.0004765297761528138,216
BPIC15_1,handover,nb_0.550,raw,learner,0.008798167531162646,0.389919597753683,2,0.0005879149342521198,216
BPIC15_1,handover,nb_0.550,raw,split,0.13100743446810817,0.7744907878975582,6,0.0005879149342521198,216
BPIC15_1,handover,nb_0.550,raw,quality_level,0.05527648651047767,0.30006321321665796,6,0.0005879149342521198,216
BPIC15_1,handover,nb_0.550,raw,rung,0.09503202190325244,0.6177840452267219,3,0.0005879149342521198,216
BPIC15_1,handover,nb_0.575,raw,learner,0.002273779546427136,0.42526639754625806,2,0.0005559986449670222,216
BPIC15_1,handover,nb_0.575,raw,split,0.07686981933259747,0.7552570804664387,6,0.0005559986449670222,216
BPIC15_1,handover,nb_0.575,raw,quality_level,0.048791799334139,0.30806956102316263,6,0.0005559986449670222,216
BPIC15_1,handover,nb_0.575,raw,rung,0.10970685245025863,0.6035550869884612,3,0.0005559986449670222,216
BPIC15_1,handover,nb_0.600,raw,learner,0.003095934051806343,0.3574314425331224,2,0.0006434352550258826,216
BPIC15_1,handover,nb_0.600,raw,split,0.061658733376823954,0.77902530342671,6,0.0006434352550258826,216
BPIC15_1,handover,nb_0.600,raw,quality_level,0.06261222642463359,0.3638504924143341,6,0.0006434352550258826,216
BPIC15_1,handover,nb_0.600,raw,rung,0.10057996895760671,0.5892198921212665,3,0.0006434352550258826,216
BPIC15_1,handover,nb_0.625,raw,learner,0.003877425834404622,0.3665321695054339,2,0.000818169985472639,216
BPIC15_1,handover,nb_0.625,raw,split,0.10843903849518857,0.7134741809380728,6,0.000818169985472639,216
BPIC15_1,handover,nb_0.625,raw,quality_level,0.05605775054270666,0.4047189640984862,6,0.000818169985472639,216
BPIC15_1,handover,nb_0.625,raw,rung,0.0876692345390076,0.5441171396358433,3,0.000818169985472639,216
BPIC15_1,handover,nb_0.650,raw,learner,0.012349182068103877,0.3262613819592759,2,0.0009526686160642385,216
BPIC15_1,handover,nb_0.650,raw,split,0.10901549608471059,0.735196634186352,6,0.0009526686160642385,216
BPIC15_1,handover,nb_0.650,raw,quality_level,0.09349070623462802,0.43691269822004897,6,0.0009526686160642385,216
BPIC15_1,handover,nb_0.650,raw,rung,0.068916126591778,0.5202312844835639,3,0.0009526686160642385,216
BPIC15_1,handover,nb_0.675,raw,learner,0.00661048567826057,0.3227235257001527,2,0.0013238995556044896,216
BPIC15_1,handover,nb_0.675,raw,split,0.08508581562273028,0.6943015992969387,6,0.0013238995556044896,216
BPIC15_1,handover,nb_0.675,raw,quality_level,0.10301564214337487,0.4374565532814295,6,0.0013238995556044896,216
BPIC15_1,handover,nb_0.675,raw,rung,0.11104337710783924,0.5525745854711397,3,0.0013238995556044896,216
BPIC15_1,handover,nb_0.700,raw,learner,0.003230113822454542,0.3513605666960574,2,0.001829989331658292,216
BPIC15_1,handover,nb_0.700,raw,split,0.06342954805887978,0.7090236193415826,6,0.001829989331658292,216
BPIC15_1,handover,nb_0.700,raw,quality_level,0.11425081918713695,0.44443801989996,6,0.001829989331658292,216
BPIC15_1,handover,nb_0.700,raw,rung,0.09028452654061471,0.5363830887492691,3,0.001829989331658292,216
BPIC15_1,handover,nb_0.725,raw,learner,0.0038211405670488586,0.3353987072620168,2,0.0027306804524781245,216
BPIC15_1,handover,nb_0.725,raw,split,0.03501610503156943,0.6502085688612697,6,0.0027306804524781245,216
BPIC15_1,handover,nb_0.725,raw,quality_level,0.11521862045556562,0.36875148759537324,6,0.0027306804524781245,216
BPIC15_1,handover,nb_0.725,raw,rung,0.15851457052191167,0.6271379888853752,3,0.0027306804524781245,216
BPIC15_1,handover,nb_0.750,raw,learner,0.020083048598528636,0.3086547565322356,2,0.003680108983574551,216
BPIC15_1,handover,nb_0.750,raw,split,0.046173069365415695,0.5580067788093017,6,0.003680108983574551,216
BPIC15_1,handover,nb_0.750,raw,quality_level,0.13703438940176366,0.37267697670547273,6,0.003680108983574551,216
BPIC15_1,handover,nb_0.750,raw,rung,0.20268154542735142,0.5994945648492671,3,0.003680108983574551,216
BPIC15_1,handover,nb_0.775,raw,learner,0.008201532963958804,0.28254732590050313,2,0.004661741017420858,216
BPIC15_1,handover,nb_0.775,raw,split,0.05253538237563179,0.6085253813251079,6,0.004661741017420858,216
BPIC15_1,handover,nb_0.775,raw,quality_level,0.13341716293663247,0.41225617847200147,6,0.004661741017420858,216
BPIC15_1,handover,nb_0.775,raw,rung,0.17989847464730235,0.6318834323326559,3,0.004661741017420858,216
BPIC15_1,handover,nb_0.800,raw,learner,1.1234980235793473e-06,0.28059390994226574,2,0.0044528755997770095,216
BPIC15_1,handover,nb_0.800,raw,split,0.03539823999443642,0.5779127128593515,6,0.0044528755997770095,216
BPIC15_1,handover,nb_0.800,raw,quality_level,0.18635660934259582,0.5285498866058809,6,0.0044528755997770095,216
BPIC15_1,handover,nb_0.800,raw,rung,0.15721616874185124,0.5727985869964471,3,0.0044528755997770095,216
BPIC15_3,duration,ap,raw,learner,0.0009526124704584906,0.27197015456697227,2,0.003975586466127986,216
BPIC15_3,duration,ap,raw,split,0.23069829326604263,0.677139660040043,6,0.003975586466127986,216
BPIC15_3,duration,ap,raw,quality_level,0.13422987407739723,0.3315340717046301,6,0.003975586466127986,216
BPIC15_3,duration,ap,raw,rung,0.10750908261881446,0.491743279168969,3,0.003975586466127986,216
BPIC15_3,duration,auc,raw,learner,0.010610154900627018,0.2839441000221219,2,0.004867078736642933,216
BPIC15_3,duration,auc,raw,split,0.28676461366920647,0.7303253924663247,6,0.004867078736642933,216
BPIC15_3,duration,auc,raw,quality_level,0.1556188882659388,0.34164342647058277,6,0.004867078736642933,216
BPIC15_3,duration,auc,raw,rung,0.02527433331762952,0.3904275616764026,3,0.004867078736642933,216
BPIC15_3,duration,brier_skill,raw,learner,0.0023572736952382095,0.3827268949510674,2,0.022534744140138122,216
BPIC15_3,duration,brier_skill,raw,split,0.2867864566641158,0.7764256059282315,6,0.022534744140138122,216
BPIC15_3,duration,brier_skill,raw,quality_level,0.08136857952376302,0.2660354821275893,6,0.022534744140138122,216
BPIC15_3,duration,brier_skill,raw,rung,0.02260184321971405,0.4022531357956157,3,0.022534744140138122,216
BPIC15_3,duration,logloss_skill,raw,learner,0.01504518323608271,0.4024287768116793,2,0.027472114204325465,216
BPIC15_3,duration,logloss_skill,raw,split,0.30459835867277774,0.8320055811530362,6,0.027472114204325465,216
BPIC15_3,duration,logloss_skill,raw,quality_level,0.035390766628284324,0.2673290355077027,6,0.027472114204325465,216
BPIC15_3,duration,logloss_skill,raw,rung,0.022199355971436942,0.3629211352301156,3,0.027472114204325465,216
BPIC15_3,duration,nagelkerke,raw,learner,0.0029300260048247583,0.42480708161610137,2,0.253673416272816,216
BPIC15_3,duration,nagelkerke,raw,split,0.2746827735066497,0.848582758176209,6,0.253673416272816,216
BPIC15_3,duration,nagelkerke,raw,quality_level,0.021920463920615797,0.22527879554787633,6,0.253673416272816,216
BPIC15_3,duration,nagelkerke,raw,rung,0.043088950643571954,0.412323247021677,3,0.253673416272816,216
BPIC15_3,duration,nb_0.050,raw,learner,0.007899863099531161,0.5006602968163958,2,5.2204462175606295e-05,216
BPIC15_3,duration,nb_0.050,raw,split,0.17672233923367703,0.9025165256238801,6,5.2204462175606295e-05,216
BPIC15_3,duration,nb_0.050,raw,quality_level,0.01977167499075586,0.33454511100722806,6,5.2204462175606295e-05,216
BPIC15_3,duration,nb_0.050,raw,rung,0.02032972004785962,0.4042723760271624,3,5.2204462175606295e-05,216
BPIC15_3,duration,nb_0.075,raw,learner,0.013710784702347793,0.5075993324295303,2,7.097918987335601e-05,216
BPIC15_3,duration,nb_0.075,raw,split,0.1455755353792455,0.8162413143481848,6,7.097918987335601e-05,216
BPIC15_3,duration,nb_0.075,raw,quality_level,0.026824815741092935,0.4670058044331138,6,7.097918987335601e-05,216
BPIC15_3,duration,nb_0.075,raw,rung,0.027376013939077248,0.515364565018348,3,7.097918987335601e-05,216
BPIC15_3,duration,nb_0.100,raw,learner,0.002972431356818222,0.511950025455438,2,0.00011091730937498828,216
BPIC15_3,duration,nb_0.100,raw,split,0.17202969279416266,0.7982285774479829,6,0.00011091730937498828,216
BPIC15_3,duration,nb_0.100,raw,quality_level,0.030844972390522335,0.4484570301496821,6,0.00011091730937498828,216
BPIC15_3,duration,nb_0.100,raw,rung,0.038570915145504446,0.4107391706032212,3,0.00011091730937498828,216
BPIC15_3,duration,nb_0.125,raw,learner,0.01344221718107006,0.5208643453418862,2,0.00016641177286423614,216
BPIC15_3,duration,nb_0.125,raw,split,0.20278048150280417,0.7901396882544925,6,0.00016641177286423614,216
BPIC15_3,duration,nb_0.125,raw,quality_level,0.042207876290313695,0.36559356819790323,6,0.00016641177286423614,216
BPIC15_3,duration,nb_0.125,raw,rung,0.0307640626382289,0.3987058956227152,3,0.00016641177286423614,216
BPIC15_3,duration,nb_0.150,raw,learner,0.0024158171275748177,0.44149870331809427,2,0.0002477666412585168,216
BPIC15_3,duration,nb_0.150,raw,split,0.2549904952971616,0.8056448312174428,6,0.0002477666412585168,216
BPIC15_3,duration,nb_0.150,raw,quality_level,0.0529449589423898,0.31636476836912963,6,0.0002477666412585168,216
BPIC15_3,duration,nb_0.150,raw,rung,0.008838771620687042,0.45269061807670863,3,0.0002477666412585168,216
BPIC15_3,duration,nb_0.175,raw,learner,0.002896425387399189,0.39238051834183296,2,0.0003050883391338153,216
BPIC15_3,duration,nb_0.175,raw,split,0.2680255083961263,0.8007783162432422,6,0.0003050883391338153,216
BPIC15_3,duration,nb_0.175,raw,quality_level,0.07392998139028664,0.3504162520616151,6,0.0003050883391338153,216
BPIC15_3,duration,nb_0.175,raw,rung,0.013791915719998545,0.43531124495424334,3,0.0003050883391338153,216
BPIC15_3,duration,nb_0.200,raw,learner,0.002904779245377304,0.317332039910888,2,0.0003655237689279629,216
BPIC15_3,duration,nb_0.200,raw,split,0.2964410831801713,0.7854734876912008,6,0.0003655237689279629,216
BPIC15_3,duration,nb_0.200,raw,quality_level,0.11605128296786707,0.3783508680981318,6,0.0003655237689279629,216
BPIC15_3,duration,nb_0.200,raw,rung,0.017332381696536153,0.36337581433110233,3,0.0003655237689279629,216
BPIC15_3,duration,nb_0.225,raw,learner,0.002200126114424395,0.29128972266869557,2,0.00046413645019973543,216
BPIC15_3,duration,nb_0.225,raw,split,0.3038481328833062,0.787178736111671,6,0.00046413645019973543,216
BPIC15_3,duration,nb_0.225,raw,quality_level,0.1661285454297451,0.43841099404561334,6,0.00046413645019973543,216
BPIC15_3,duration,nb_0.225,raw,rung,0.0012783907648685746,0.228526529420911,3,0.00046413645019973543,216
BPIC15_3,duration,nb_0.250,raw,learner,0.013339515563361048,0.3484315848456965,2,0.0006505463049192271,216
BPIC15_3,duration,nb_0.250,raw,split,0.2508884969428281,0.7850683993368786,6,0.0006505463049192271,216
BPIC15_3,duration,nb_0.250,raw,quality_level,0.1608172197803681,0.40949480360090584,6,0.0006505463049192271,216
BPIC15_3,duration,nb_0.250,raw,rung,0.002792432176132735,0.24171487493691368,3,0.0006505463049192271,216
BPIC15_3,duration,nb_0.275,raw,learner,0.024009487269619316,0.32231899534630826,2,0.0007782798872375887,216
BPIC15_3,duration,nb_0.275,raw,split,0.2754477316282327,0.7459081373561117,6,0.0007782798872375887,216
BPIC15_3,duration,nb_0.275,raw,quality_level,0.18684174539022197,0.3927743420206459,6,0.0007782798872375887,216
BPIC15_3,duration,nb_0.275,raw,rung,0.007436606151707718,0.23613554516730006,3,0.0007782798872375887,216
BPIC15_3,duration,nb_0.300,raw,learner,0.015309394145087763,0.2553176844970614,2,0.0008201222816234548,216
BPIC15_3,duration,nb_0.300,raw,split,0.18383638905988026,0.670201264459749,6,0.0008201222816234548,216
BPIC15_3,duration,nb_0.300,raw,quality_level,0.20196611663760874,0.4395133303032087,6,0.0008201222816234548,216
BPIC15_3,duration,nb_0.300,raw,rung,0.046696365457275,0.3923000378479955,3,0.0008201222816234548,216
BPIC15_3,duration,nb_0.325,raw,learner,0.004330126400528532,0.17304893833265556,2,0.0011904192282972581,216
BPIC15_3,duration,nb_0.325,raw,split,0.156569033690749,0.642612858792425,6,0.0011904192282972581,216
BPIC15_3,duration,nb_0.325,raw,quality_level,0.16823039679568702,0.367983372496112,6,0.0011904192282972581,216
BPIC15_3,duration,nb_0.325,raw,rung,0.13751132328336413,0.5284848017071515,3,0.0011904192282972581,216
BPIC15_3,duration,nb_0.350,raw,learner,0.01852475933258434,0.18844498926329178,2,0.0011123867456143137,216
BPIC15_3,duration,nb_0.350,raw,split,0.15960260040066837,0.6240733608506954,6,0.0011123867456143137,216
BPIC15_3,duration,nb_0.350,raw,quality_level,0.23176622888121423,0.4919224029944703,6,0.0011123867456143137,216
BPIC15_3,duration,nb_0.350,raw,rung,0.0777623595762784,0.40697057176383,3,0.0011123867456143137,216
BPIC15_3,duration,nb_0.375,raw,learner,0.004316419328353615,0.1871109667825186,2,0.001576605673537766,216
BPIC15_3,duration,nb_0.375,raw,split,0.1882645968588214,0.6131042640581316,6,0.001576605673537766,216
BPIC15_3,duration,nb_0.375,raw,quality_level,0.18933869485509336,0.37587728726311564,6,0.001576605673537766,216
BPIC15_3,duration,nb_0.375,raw,rung,0.13950676512528778,0.4710908572805219,3,0.001576605673537766,216
BPIC15_3,duration,nb_0.400,raw,learner,0.004309195955759942,0.24353906063559316,2,0.0018159322025987463,216
BPIC15_3,duration,nb_0.400,raw,split,0.2241998346312475,0.6883130228551427,6,0.0018159322025987463,216
BPIC15_3,duration,nb_0.400,raw,quality_level,0.15936307760511534,0.3352686082877404,6,0.0018159322025987463,216
BPIC15_3,duration,nb_0.400,raw,rung,0.09152958407262769,0.4712428666621655,3,0.0018159322025987463,216
BPIC15_3,duration,nb_0.425,raw,learner,6.126881411535328e-05,0.2907468117990417,2,0.0017928973645598408,216
BPIC15_3,duration,nb_0.425,raw,split,0.22832053762377783,0.7828937502333506,6,0.0017928973645598408,216
BPIC15_3,duration,nb_0.425,raw,quality_level,0.14180007523059868,0.37190635308858055,6,0.0017928973645598408,216
BPIC15_3,duration,nb_0.425,raw,rung,0.0227585941348811,0.4794629284633498,3,0.0017928973645598408,216
BPIC15_3,duration,nb_0.450,raw,learner,0.007846560507400159,0.2703357142308669,2,0.0024188032901407397,216
BPIC15_3,duration,nb_0.450,raw,split,0.3085135092764732,0.8070278270998893,6,0.0024188032901407397,216
BPIC15_3,duration,nb_0.450,raw,quality_level,0.12068183033706317,0.33500066472936074,6,0.0024188032901407397,216
BPIC15_3,duration,nb_0.450,raw,rung,0.014574349567141499,0.391939846166261,3,0.0024188032901407397,216
BPIC15_3,duration,nb_0.475,raw,learner,0.023281583283339766,0.3127144105921835,2,0.002925761575814973,216
BPIC15_3,duration,nb_0.475,raw,split,0.26130456504072996,0.8076669233524474,6,0.002925761575814973,216
BPIC15_3,duration,nb_0.475,raw,quality_level,0.09567791057994442,0.3123138728884418,6,0.002925761575814973,216
BPIC15_3,duration,nb_0.475,raw,rung,0.0005732690092559804,0.41485662937059575,3,0.002925761575814973,216
BPIC15_3,duration,nb_0.500,raw,learner,0.021957017573810453,0.36334359149969875,2,0.0034787470174693098,216
BPIC15_3,duration,nb_0.500,raw,split,0.28088567862798114,0.7938650411479249,6,0.0034787470174693098,216
BPIC15_3,duration,nb_0.500,raw,quality_level,0.08774039854878324,0.29763864492049164,6,0.0034787470174693098,216
BPIC15_3,duration,nb_0.500,raw,rung,0.0023459742142936104,0.40248757507240296,3,0.0034787470174693098,216
BPIC15_3,duration,nb_0.525,raw,learner,0.002880897132281872,0.49042000272869846,2,0.005044325453684682,216
BPIC15_3,duration,nb_0.525,raw,split,0.1333585454741769,0.7533442798816853,6,0.005044325453684682,216
BPIC15_3,duration,nb_0.525,raw,quality_level,0.0806615355064264,0.2508071203836557,6,0.005044325453684682,216
BPIC15_3,duration,nb_0.525,raw,rung,0.003504238669731351,0.6269558100506489,3,0.005044325453684682,216
BPIC15_3,duration,nb_0.550,raw,learner,0.0037694658067180024,0.5207273390794986,2,0.006646510674906075,216
BPIC15_3,duration,nb_0.550,raw,split,0.13569850425465807,0.7731998811466232,6,0.006646510674906075,216
BPIC15_3,duration,nb_0.550,raw,quality_level,0.05463666497344086,0.2328883496125389,6,0.006646510674906075,216
BPIC15_3,duration,nb_0.550,raw,rung,0.001448746788922374,0.6371094871887724,3,0.006646510674906075,216
BPIC15_3,duration,nb_0.575,raw,learner,0.017939020549734994,0.636363308864452,2,0.009637958971159197,216
BPIC15_3,duration,nb_0.575,raw,split,0.12229298183381876,0.6961522103832731,6,0.009637958971159197,216
BPIC15_3,duration,nb_0.575,raw,quality_level,0.04702690215265986,0.19445892475033932,6,0.009637958971159197,216
BPIC15_3,duration,nb_0.575,raw,rung,0.019877238941810958,0.6085185673639639,3,0.009637958971159197,216
BPIC15_3,duration,nb_0.600,raw,learner,0.03358762768025656,0.6165156829219964,2,0.013347093360021699,216
BPIC15_3,duration,nb_0.600,raw,split,0.13928722982632105,0.7237407789687884,6,0.013347093360021699,216
BPIC15_3,duration,nb_0.600,raw,quality_level,0.04161814233614095,0.16858873407258645,6,0.013347093360021699,216
BPIC15_3,duration,nb_0.600,raw,rung,0.025353518002807808,0.5809855026856474,3,0.013347093360021699,216
BPIC15_3,duration,nb_0.625,raw,learner,0.006952560604120579,0.25132243824231226,2,0.014418040374214965,216
BPIC15_3,duration,nb_0.625,raw,split,0.2279459519558452,0.7530534724974314,6,0.014418040374214965,216
BPIC15_3,duration,nb_0.625,raw,quality_level,0.03916877720871101,0.18595886672873363,6,0.014418040374214965,216
BPIC15_3,duration,nb_0.625,raw,rung,0.1633272109019894,0.5692420989903688,3,0.014418040374214965,216
BPIC15_3,duration,nb_0.650,raw,learner,0.00031763489229485884,0.22641236318067448,2,0.019590079525820814,216
BPIC15_3,duration,nb_0.650,raw,split,0.4058153119942156,0.827278991000328,6,0.019590079525820814,216
BPIC15_3,duration,nb_0.650,raw,quality_level,0.0316332724032412,0.1656979277769367,6,0.019590079525820814,216
BPIC15_3,duration,nb_0.650,raw,rung,0.08658608860354891,0.43949159891284184,3,0.019590079525820814,216
BPIC15_3,duration,nb_0.675,raw,learner,0.013929350739557074,0.318450097203419,2,0.022080935443362617,216
BPIC15_3,duration,nb_0.675,raw,split,0.3175756426006302,0.8527324141834325,6,0.022080935443362617,216
BPIC15_3,duration,nb_0.675,raw,quality_level,0.027721899062189546,0.17836831683095167,6,0.022080935443362617,216
BPIC15_3,duration,nb_0.675,raw,rung,0.04527061319479054,0.49599090221118347,3,0.022080935443362617,216
BPIC15_3,duration,nb_0.700,raw,learner,0.0073805978321243694,0.2552488521730527,2,0.02964828847400072,216
BPIC15_3,duration,nb_0.700,raw,split,0.30713122988612673,0.8890983872958917,6,0.02964828847400072,216
BPIC15_3,duration,nb_0.700,raw,quality_level,0.023864541575778483,0.17307574032731465,6,0.02964828847400072,216
BPIC15_3,duration,nb_0.700,raw,rung,0.04099238498029246,0.5154163980618882,3,0.02964828847400072,216
BPIC15_3,duration,nb_0.725,raw,learner,0.0011345692481858245,0.2580487980672903,2,0.036413975763437655,216
BPIC15_3,duration,nb_0.725,raw,split,0.3543984914547313,0.8594815923325717,6,0.036413975763437655,216
BPIC15_3,duration,nb_0.725,raw,quality_level,0.02091813228633471,0.16389797431661934,6,0.036413975763437655,216
BPIC15_3,duration,nb_0.725,raw,rung,0.07477916433793771,0.4500743638258772,3,0.036413975763437655,216
BPIC15_3,duration,nb_0.750,raw,learner,0.0009180823604654549,0.2986516464022567,2,0.04019640949418877,216
BPIC15_3,duration,nb_0.750,raw,split,0.32082165877265023,0.8308204613012967,6,0.04019640949418877,216
BPIC15_3,duration,nb_0.750,raw,quality_level,0.028130019352533453,0.21264479902907119,6,0.04019640949418877,216
BPIC15_3,duration,nb_0.750,raw,rung,0.07462419874396725,0.4677130822478568,3,0.04019640949418877,216
BPIC15_3,duration,nb_0.775,raw,learner,0.0013869149676001221,0.3954663868774344,2,0.04314057722978175,216
BPIC15_3,duration,nb_0.775,raw,split,0.2952020820171216,0.8000256792193156,6,0.04314057722978175,216
BPIC15_3,duration,nb_0.775,raw,quality_level,0.019547222815671183,0.2047688944909113,6,0.04314057722978175,216
BPIC15_3,duration,nb_0.775,raw,rung,0.058786671387249766,0.4741170393788079,3,0.04314057722978175,216
BPIC15_3,duration,nb_0.800,raw,learner,0.0017525820440989891,0.4611372225527056,2,0.05671950122598032,216
BPIC15_3,duration,nb_0.800,raw,split,0.24761385165112176,0.820096433877546,6,0.05671950122598032,216
BPIC15_3,duration,nb_0.800,raw,quality_level,0.01586796949936173,0.19993011376828806,6,0.05671950122598032,216
BPIC15_3,duration,nb_0.800,raw,rung,0.0609773709483082,0.4872564425984266,3,0.05671950122598032,216
BPIC15_3,handover,ap,raw,learner,0.0011134105815855217,0.11200544894949571,2,0.00035426197889727853,216
BPIC15_3,handover,ap,raw,split,0.29593865848118195,0.7609509490563261,6,0.00035426197889727853,216
BPIC15_3,handover,ap,raw,quality_level,0.009848944828061455,0.16343028103787072,6,0.00035426197889727853,216
BPIC15_3,handover,ap,raw,rung,0.21445176664641794,0.5970345580107722,3,0.00035426197889727853,216
BPIC15_3,handover,auc,raw,learner,0.02116508716101855,0.4842433251125826,2,0.003725783560179991,216
BPIC15_3,handover,auc,raw,split,0.17583448175558872,0.7605353917770248,6,0.003725783560179991,216
BPIC15_3,handover,auc,raw,quality_level,0.00266987179760168,0.15545196499261105,6,0.003725783560179991,216
BPIC15_3,handover,auc,raw,rung,0.20137114736680461,0.6072513934359446,3,0.003725783560179991,216
BPIC15_3,handover,brier_skill,raw,learner,0.013813860862033973,0.4156842135616904,2,0.033774025934043536,216
BPIC15_3,handover,brier_skill,raw,split,0.24021170313388288,0.7875662392801918,6,0.033774025934043536,216
BPIC15_3,handover,brier_skill,raw,quality_level,0.017480822868112377,0.2683534162308765,6,0.033774025934043536,216
BPIC15_3,handover,brier_skill,raw,rung,0.06622527985517723,0.47443984771950665,3,0.033774025934043536,216
BPIC15_3,handover,logloss_skill,raw,learner,6.751345351672493e-06,0.4544165641152357,2,0.09987638481543776,216
BPIC15_3,handover,logloss_skill,raw,split,0.18903048792291108,0.7047463324499159,6,0.09987638481543776,216
BPIC15_3,handover,logloss_skill,raw,quality_level,0.0025795082296024867,0.21348310370174706,6,0.09987638481543776,216
BPIC15_3,handover,logloss_skill,raw,rung,0.12845775162828535,0.5792138524947766,3,0.09987638481543776,216
BPIC15_3,handover,nagelkerke,raw,learner,0.0018082608871901557,0.4736237144172324,2,0.5644009854279194,216
BPIC15_3,handover,nagelkerke,raw,split,0.1637523558549074,0.7249634577983147,6,0.5644009854279194,216
BPIC15_3,handover,nagelkerke,raw,quality_level,0.0036110924043420037,0.23143062818286897,6,0.5644009854279194,216
BPIC15_3,handover,nagelkerke,raw,rung,0.12141247429439926,0.5966521728370386,3,0.5644009854279194,216
BPIC15_3,handover,nb_0.050,raw,learner,0.07335398068247395,0.5366769903412368,2,1.0732901867651541e-05,216
BPIC15_3,handover,nb_0.050,raw,split,0.11326142191261723,0.8637380248458885,6,1.0732901867651541e-05,216
BPIC15_3,handover,nb_0.050,raw,quality_level,0.01409790240162654,0.3777710215294374,6,1.0732901867651541e-05,216
BPIC15_3,handover,nb_0.050,raw,rung,0.0036475463365781926,0.5624574527256703,3,1.0732901867651541e-05,216
BPIC15_3,handover,nb_0.075,raw,learner,0.020863230179263875,0.5104316150896324,2,8.733267885857735e-05,216
BPIC15_3,handover,nb_0.075,raw,split,0.02502314320917412,0.8006812660202822,6,8.733267885857735e-05,216
BPIC15_3,handover,nb_0.075,raw,quality_level,0.030334683792575635,0.7914900318975568,6,8.733267885857735e-05,216
BPIC15_3,handover,nb_0.075,raw,rung,0.016350950796451106,0.6499139116431509,3,8.733267885857735e-05,216
BPIC15_3,handover,nb_0.100,raw,learner,0.030056597489009393,0.5150282987445047,2,9.489093867010637e-05,216
BPIC15_3,handover,nb_0.100,raw,split,0.02049048268837234,0.7123903060256496,6,9.489093867010637e-05,216
BPIC15_3,handover,nb_0.100,raw,quality_level,0.042860064777836576,0.7933870278574562,6,9.489093867010637e-05,216
BPIC15_3,handover,nb_0.100,raw,rung,0.020266379336345383,0.6414674820243037,3,9.489093867010637e-05,216
BPIC15_3,handover,nb_0.125,raw,learner,0.036189790956796454,0.518094895478398,2,0.0001007310605767697,216
BPIC15_3,handover,nb_0.125,raw,split,0.018367942845486963,0.719437433316559,6,0.0001007310605767697,216
BPIC15_3,handover,nb_0.125,raw,quality_level,0.03228526331079069,0.7828707177247726,6,0.0001007310605767697,216
BPIC15_3,handover,nb_0.125,raw,rung,0.016972727043228924,0.6528528194752529,3,0.0001007310605767697,216
BPIC15_3,handover,nb_0.150,raw,learner,0.06520905070848249,0.5318921764435618,2,0.00011934143569489029,216
BPIC15_3,handover,nb_0.150,raw,split,0.023621770107940872,0.7422695946233626,6,0.00011934143569489029,216
BPIC15_3,handover,nb_0.150,raw,quality_level,0.03188972258850406,0.6690313559522933,6,0.00011934143569489029,216
BPIC15_3,handover,nb_0.150,raw,rung,0.009754078727944678,0.6390185135451452,3,0.00011934143569489029,216
BPIC15_3,handover,nb_0.175,raw,learner,0.0387881282618914,0.5187619093421135,2,0.0001833323552643286,216
BPIC15_3,handover,nb_0.175,raw,split,0.01257105659210379,0.7777854357993634,6,0.0001833323552643286,216
BPIC15_3,handover,nb_0.175,raw,quality_level,0.030317685155549192,0.6026155952028129,6,0.0001833323552643286,216
BPIC15_3,handover,nb_0.175,raw,rung,0.02914259063425696,0.7149368202370339,3,0.0001833323552643286,216
BPIC15_3,handover,nb_0.200,raw,learner,0.03299021003399341,0.5158473498993569,2,0.0001812319615330746,216
BPIC15_3,handover,nb_0.200,raw,split,0.058783566569712474,0.7302798100291532,6,0.0001812319615330746,216
BPIC15_3,handover,nb_0.200,raw,quality_level,0.02763757002481051,0.6367956443482927,6,0.0001812319615330746,216
BPIC15_3,handover,nb_0.200,raw,rung,0.060515781384298084,0.6037972855881688,3,0.0001812319615330746,216
BPIC15_3,handover,nb_0.225,raw,learner,0.02615260149299229,0.5083864403196644,2,0.000514892319780079,216
BPIC15_3,handover,nb_0.225,raw,split,0.0834626995338199,0.6488244134156531,6,0.000514892319780079,216
BPIC15_3,handover,nb_0.225,raw,quality_level,0.008921792769026148,0.2689391736757618,6,0.000514892319780079,216
BPIC15_3,handover,nb_0.225,raw,rung,0.12377991811704828,0.731874998489966,3,0.000514892319780079,216
BPIC15_3,handover,nb_0.250,raw,learner,0.0403158202885056,0.5125660727207266,2,0.0006138545147863995,216
BPIC15_3,handover,nb_0.250,raw,split,0.0664887149494346,0.5745354150295845,6,0.0006138545147863995,216
BPIC15_3,handover,nb_0.250,raw,quality_level,0.011067380783373389,0.34920842985864287,6,0.0006138545147863995,216
BPIC15_3,handover,nb_0.250,raw,rung,0.1374597541200936,0.7232049867905517,3,0.0006138545147863995,216
BPIC15_3,handover,nb_0.275,raw,learner,0.02594999069659967,0.49848656750819853,2,0.0006603056102922766,216
BPIC15_3,handover,nb_0.275,raw,split,0.10383761000963222,0.6112144452956291,6,0.0006603056102922766,216
BPIC15_3,handover,nb_0.275,raw,quality_level,0.010471666040982396,0.321111115979281,6,0.0006603056102922766,216
BPIC15_3,handover,nb_0.275,raw,rung,0.130405113161902,0.6818989050229854,3,0.0006603056102922766,216
BPIC15_3,handover,nb_0.300,raw,learner,0.033136510543334545,0.4990223923441369,2,0.0006800578476624068,216
BPIC15_3,handover,nb_0.300,raw,split,0.08733545360385307,0.6009376407392568,6,0.0006800578476624068,216
BPIC15_3,handover,nb_0.300,raw,quality_level,0.010431339144367493,0.28890549386586384,6,0.0006800578476624068,216
BPIC15_3,handover,nb_0.300,raw,rung,0.1353754041287708,0.7346152544394189,3,0.0006800578476624068,216
BPIC15_3,handover,nb_0.325,raw,learner,0.041281026616488276,0.4986491885333526,2,0.000667148791358147,216
BPIC15_3,handover,nb_0.325,raw,split,0.08882596235333198,0.5816870356424553,6,0.000667148791358147,216
BPIC15_3,handover,nb_0.325,raw,quality_level,0.01121502267334731,0.2785886746374445,6,0.000667148791358147,216
BPIC15_3,handover,nb_0.325,raw,rung,0.139990607927039,0.7362681124310184,3,0.000667148791358147,216
BPIC15_3,handover,nb_0.350,raw,learner,0.04826531204648001,0.4997725246784399,2,0.0007223859496976746,216
BPIC15_3,handover,nb_0.350,raw,split,0.0989192032564546,0.5408615875718836,6,0.0007223859496976746,216
BPIC15_3,handover,nb_0.350,raw,quality_level,0.009382071088367304,0.2733351537646971,6,0.0007223859496976746,216
BPIC15_3,handover,nb_0.350,raw,rung,0.16385469435986708,0.7275963451585101,3,0.0007223859496976746,216
BPIC15_3,handover,nb_0.375,raw,learner,0.028867974197953884,0.41957132380255124,2,0.0007327229629848275,216
BPIC15_3,handover,nb_0.375,raw,split,0.0816423645070839,0.5848124051244095,6,0.0007327229629848275,216
BPIC15_3,handover,nb_0.375,raw,quality_level,0.0119759045534064,0.2823362458014259,6,0.0007327229629848275,216
BPIC15_3,handover,nb_0.375,raw,rung,0.19364222010438548,0.733130963379923,3,0.0007327229629848275,216
BPIC15_3,handover,nb_0.400,raw,learner,0.023251599348794047,0.3509618368368529,2,0.0008059092258972628,216
BPIC15_3,handover,nb_0.400,raw,split,0.10223405199096842,0.6191153123154987,6,0.0008059092258972628,216
BPIC15_3,handover,nb_0.400,raw,quality_level,0.01137438911281975,0.28949730104356486,6,0.0008059092258972628,216
BPIC15_3,handover,nb_0.400,raw,rung,0.21533316968037325,0.7137890416635102,3,0.0008059092258972628,216
BPIC15_3,handover,nb_0.425,raw,learner,0.012594013288981036,0.31203555623775836,2,0.0008997293812875057,216
BPIC15_3,handover,nb_0.425,raw,split,0.12284312804390513,0.6751651516185346,6,0.0008997293812875057,216
BPIC15_3,handover,nb_0.425,raw,quality_level,0.011191262593018463,0.27325247856271295,6,0.0008997293812875057,216
BPIC15_3,handover,nb_0.425,raw,rung,0.19739607129237258,0.7011316125223992,3,0.0008997293812875057,216
BPIC15_3,handover,nb_0.450,raw,learner,0.002977014880602179,0.28058510387984104,2,0.0010272277354144833,216
BPIC15_3,handover,nb_0.450,raw,split,0.1363370139400647,0.7079399506813808,6,0.0010272277354144833,216
BPIC15_3,handover,nb_0.450,raw,quality_level,0.012140958830199984,0.23673018371071908,6,0.0010272277354144833,216
BPIC15_3,handover,nb_0.450,raw,rung,0.14518847272071844,0.6973902930393999,3,0.0010272277354144833,216
BPIC15_3,handover,nb_0.475,raw,learner,0.0063805859967089465,0.25451834059802814,2,0.0011531535230075907,216
BPIC15_3,handover,nb_0.475,raw,split,0.1527518503356801,0.7237730971922038,6,0.0011531535230075907,216
BPIC15_3,handover,nb_0.475,raw,quality_level,0.007857808401067853,0.23450304877063044,6,0.0011531535230075907,216
BPIC15_3,handover,nb_0.475,raw,rung,0.13778696583962108,0.6964537482249943,3,0.0011531535230075907,216
BPIC15_3,handover,nb_0.500,raw,learner,0.0020180384182146792,0.2497350670476175,2,0.00134061106067198,216
BPIC15_3,handover,nb_0.500,raw,split,0.17759703144366826,0.7329248505697493,6,0.00134061106067198,216
BPIC15_3,handover,nb_0.500,raw,quality_level,0.007445514319320315,0.20122565247031632,6,0.00134061106067198,216
BPIC15_3,handover,nb_0.500,raw,rung,0.12460316696815685,0.6699272996845715,3,0.00134061106067198,216
BPIC15_3,handover,nb_0.525,raw,learner,6.915903079914656e-05,0.25382106268647797,2,0.0014596938919673884,216
BPIC15_3,handover,nb_0.525,raw,split,0.20696350249559867,0.7877833248617749,6,0.0014596938919673884,216
BPIC15_3,handover,nb_0.525,raw,quality_level,0.005135878708108787,0.2109278204396413,6,0.0014596938919673884,216
BPIC15_3,handover,nb_0.525,raw,rung,0.08424646740012112,0.6418560735806967,3,0.0014596938919673884,216
BPIC15_3,handover,nb_0.550,raw,learner,0.0013984053329972193,0.27527209969467425,2,0.0018238862525265366,216
BPIC15_3,handover,nb_0.550,raw,split,0.20900258331801264,0.8249778390622733,6,0.0018238862525265366,216
BPIC15_3,handover,nb_0.550,raw,quality_level,0.0010474407225681017,0.23471643361395134,6,0.0018238862525265366,216
BPIC15_3,handover,nb_0.550,raw,rung,0.06889558611655175,0.6293111792305657,3,0.0018238862525265366,216
BPIC15_3,handover,nb_0.575,raw,learner,0.00010776063175645115,0.27523655745641507,2,0.002120669267455324,216
BPIC15_3,handover,nb_0.575,raw,split,0.22437322483928182,0.8409185062010488,6,0.002120669267455324,216
BPIC15_3,handover,nb_0.575,raw,quality_level,0.0003346124508108492,0.21044297309586868,6,0.002120669267455324,216
BPIC15_3,handover,nb_0.575,raw,rung,0.052708221632415966,0.6020611745470595,3,0.002120669267455324,216
BPIC15_3,handover,nb_0.600,raw,learner,7.272954480351376e-05,0.19316579259823896,2,0.0023938059606184226,216
BPIC15_3,handover,nb_0.600,raw,split,0.24023537075348853,0.8927692968803491,6,0.0023938059606184226,216
BPIC15_3,handover,nb_0.600,raw,quality_level,0.0003097073509766031,0.21991585419108406,6,0.0023938059606184226,216
BPIC15_3,handover,nb_0.600,raw,rung,0.047289125035891305,0.6100883448771924,3,0.0023938059606184226,216
BPIC15_3,handover,nb_0.625,raw,learner,9.639182366374708e-05,0.22793914503110457,2,0.003184982592021918,216
BPIC15_3,handover,nb_0.625,raw,split,0.21002384477444228,0.8722666441289582,6,0.003184982592021918,216
BPIC15_3,handover,nb_0.625,raw,quality_level,0.0020725020420570748,0.22465185373459495,6,0.003184982592021918,216
BPIC15_3,handover,nb_0.625,raw,rung,0.03903558592921311,0.6495868106108826,3,0.003184982592021918,216
BPIC15_3,handover,nb_0.650,raw,learner,9.578150837925286e-05,0.18504105834267326,2,0.0036581755176277467,216
BPIC15_3,handover,nb_0.650,raw,split,0.2665961929738063,0.9095352846606296,6,0.0036581755176277467,216
BPIC15_3,handover,nb_0.650,raw,quality_level,0.002655383299773074,0.2130478728677282,6,0.0036581755176277467,216
BPIC15_3,handover,nb_0.650,raw,rung,0.022833006346695633,0.6054024629713932,3,0.0036581755176277467,216
BPIC15_3,handover,nb_0.675,raw,learner,0.01947132104165567,0.3569336859509339,2,0.008095767407602114,216
BPIC15_3,handover,nb_0.675,raw,split,0.2745165723496272,0.9527388926465635,6,0.008095767407602114,216
BPIC15_3,handover,nb_0.675,raw,quality_level,0.0017578440660716366,0.11254202153291892,6,0.008095767407602114,216
BPIC15_3,handover,nb_0.675,raw,rung,0.010210150092316852,0.503218396535474,3,0.008095767407602114,216
BPIC15_3,handover,nb_0.700,raw,learner,0.0854202011028341,0.46389746866108605,2,0.012175191253604422,216
BPIC15_3,handover,nb_0.700,raw,split,0.1836592166206044,0.7776037092200314,6,0.012175191253604422,216
BPIC15_3,handover,nb_0.700,raw,quality_level,0.0007125163907846911,0.09582275040554777,6,0.012175191253604422,216
BPIC15_3,handover,nb_0.700,raw,rung,0.061365493685611824,0.5600865339182819,3,0.012175191253604422,216
BPIC15_3,handover,nb_0.725,raw,learner,0.04693211311856418,0.37084320120373737,2,0.013227342230872467,216
BPIC15_3,handover,nb_0.725,raw,split,0.23675054087751,0.8071271956173086,6,0.013227342230872467,216
BPIC15_3,handover,nb_0.725,raw,quality_level,0.0023294499028364965,0.09276135471785019,6,0.013227342230872467,216
BPIC15_3,handover,nb_0.725,raw,rung,0.08589034182591278,0.5770287374946941,3,0.013227342230872467,216
BPIC15_3,handover,nb_0.750,raw,learner,0.0008916587540359539,0.3608200681970578,2,0.015360971422822509,216
BPIC15_3,handover,nb_0.750,raw,split,0.22819111267952322,0.865001738143827,6,0.015360971422822509,216
BPIC15_3,handover,nb_0.750,raw,quality_level,0.0020862177276687256,0.08262577299232621,6,0.015360971422822509,216
BPIC15_3,handover,nb_0.750,raw,rung,0.12122158163780088,0.6049251595401324,3,0.015360971422822509,216
BPIC15_3,handover,nb_0.775,raw,learner,0.004490428760928306,0.14997027336761326,2,0.01584670690132463,216
BPIC15_3,handover,nb_0.775,raw,split,0.3064187462890836,0.8816855922634463,6,0.01584670690132463,216
BPIC15_3,handover,nb_0.775,raw,quality_level,0.002395171347018198,0.1000064583500444,6,0.01584670690132463,216
BPIC15_3,handover,nb_0.775,raw,rung,0.08458961637860142,0.6124207801255307,3,0.01584670690132463,216
BPIC15_3,handover,nb_0.800,raw,learner,0.003550860833304534,0.1608182450254767,2,0.014163572284923199,216
BPIC15_3,handover,nb_0.800,raw,split,0.3053168188902885,0.8523019624050797,6,0.014163572284923199,216
BPIC15_3,handover,nb_0.800,raw,quality_level,0.005960873937236659,0.1515618844213693,6,0.014163572284923199,216
BPIC15_3,handover,nb_0.800,raw,rung,0.11379350829772766,0.5732234517048447,3,0.014163572284923199,216
BPIC15_4,duration,ap,raw,learner,0.0041002542575732095,0.40638856628610087,2,0.001944885264712035,216
BPIC15_4,duration,ap,raw,split,0.31092663456029357,0.8982058737315158,6,0.001944885264712035,216
BPIC15_4,duration,ap,raw,quality_level,0.024599834529856177,0.4069952871229817,6,0.001944885264712035,216
BPIC15_4,duration,ap,raw,rung,0.018275714834877405,0.3409693982332298,3,0.001944885264712035,216
BPIC15_4,duration,auc,raw,learner,0.0104436742200438,0.3368566435715965,2,0.0018041973860167665,216
BPIC15_4,duration,auc,raw,split,0.35354152822510815,0.9222878711226359,6,0.0018041973860167665,216
BPIC15_4,duration,auc,raw,quality_level,0.004077641705023907,0.23537938187120178,6,0.0018041973860167665,216
BPIC15_4,duration,auc,raw,rung,0.01117403110166358,0.43057886845999394,3,0.0018041973860167665,216
BPIC15_4,duration,brier_skill,raw,learner,0.060085211035208495,0.6147570851589347,2,0.007119128404411351,216
BPIC15_4,duration,brier_skill,raw,split,0.09690491051122192,0.8161676668574787,6,0.007119128404411351,216
BPIC15_4,duration,brier_skill,raw,quality_level,0.014971467731666705,0.4672896935857408,6,0.007119128404411351,216
BPIC15_4,duration,brier_skill,raw,rung,0.0231666381421237,0.27089776462517035,3,0.007119128404411351,216
BPIC15_4,duration,logloss_skill,raw,learner,0.10972556522325434,0.6220783844780728,2,0.00943728813370572,216
BPIC15_4,duration,logloss_skill,raw,split,0.11140936238747648,0.78333924673752,6,0.00943728813370572,216
BPIC15_4,duration,logloss_skill,raw,quality_level,0.026389874177903373,0.47062620013322043,6,0.00943728813370572,216
BPIC15_4,duration,logloss_skill,raw,rung,0.007552474969541927,0.17020323492010025,3,0.00943728813370572,216
BPIC15_4,duration,nagelkerke,raw,learner,0.15073798658433382,0.6460069535637876,2,0.0893895503708703,216
BPIC15_4,duration,nagelkerke,raw,split,0.07528011459729088,0.7301717575676379,6,0.0893895503708703,216
BPIC15_4,duration,nagelkerke,raw,quality_level,0.040601806333383984,0.5659072391565715,6,0.0893895503708703,216
BPIC15_4,duration,nagelkerke,raw,rung,0.0011241597118490769,0.09325153521536511,3,0.0893895503708703,216
BPIC15_4,duration,nb_0.050,raw,learner,0.10782664316490226,0.5517704765337581,2,2.413951471969896e-05,216
BPIC15_4,duration,nb_0.050,raw,split,0.0898270503962086,0.7520078524130023,6,2.413951471969896e-05,216
BPIC15_4,duration,nb_0.050,raw,quality_level,0.019114165390728948,0.5506511981510729,6,2.413951471969896e-05,216
BPIC15_4,duration,nb_0.050,raw,rung,0.034484202380125444,0.3681374271364941,3,2.413951471969896e-05,216
BPIC15_4,duration,nb_0.075,raw,learner,0.03954617318949192,0.45229300909885184,2,3.713913942104764e-05,216
BPIC15_4,duration,nb_0.075,raw,split,0.18429182540428027,0.9106337954325028,6,3.713913942104764e-05,216
BPIC15_4,duration,nb_0.075,raw,quality_level,0.01471248820008409,0.5493964420612918,6,3.713913942104764e-05,216
BPIC15_4,duration,nb_0.075,raw,rung,0.004309799497428471,0.4851414850364062,3,3.713913942104764e-05,216
BPIC15_4,duration,nb_0.100,raw,learner,0.04571443377331572,0.5570278433510311,2,5.2630575479013736e-05,216
BPIC15_4,duration,nb_0.100,raw,split,0.08130005513299324,0.884201887789356,6,5.2630575479013736e-05,216
BPIC15_4,duration,nb_0.100,raw,quality_level,0.021546063735582523,0.652698649106071,6,5.2630575479013736e-05,216
BPIC15_4,duration,nb_0.100,raw,rung,0.0013846964819703,0.35567588441131626,3,5.2630575479013736e-05,216
BPIC15_4,duration,nb_0.125,raw,learner,0.026880978370070623,0.5614686187000337,2,0.00011103187127058553,216
BPIC15_4,duration,nb_0.125,raw,split,0.1049932526762404,0.8998173120188913,6,0.00011103187127058553,216
BPIC15_4,duration,nb_0.125,raw,quality_level,0.009075470613758166,0.5370680731521462,6,0.00011103187127058553,216
BPIC15_4,duration,nb_0.125,raw,rung,0.011368103745371746,0.43308369686958137,3,0.00011103187127058553,216
BPIC15_4,duration,nb_0.150,raw,learner,0.06334262116843073,0.4810580658389233,2,0.0002470395253066006,216
BPIC15_4,duration,nb_0.150,raw,split,0.2280285181411176,0.8332759220195352,6,0.0002470395253066006,216
BPIC15_4,duration,nb_0.150,raw,quality_level,0.01835161214333418,0.5575497735853512,6,0.0002470395253066006,216
BPIC15_4,duration,nb_0.150,raw,rung,0.002176233300609294,0.31705156876818674,3,0.0002470395253066006,216
BPIC15_4,duration,nb_0.175,raw,learner,0.00030346004367674015,0.6622504767271042,2,0.000403439160267631,216
BPIC15_4,duration,nb_0.175,raw,split,0.01931400382777512,0.9296678106975962,6,0.000403439160267631,216
BPIC15_4,duration,nb_0.175,raw,quality_level,0.004164454461316859,0.3935193973013209,6,0.000403439160267631,216
BPIC15_4,duration,nb_0.175,raw,rung,0.006387758311977885,0.5682811774533943,3,0.000403439160267631,216
BPIC15_4,duration,nb_0.200,raw,learner,0.001216820043973891,0.5417772597547779,2,0.0005953611143496699,216
BPIC15_4,duration,nb_0.200,raw,split,0.01770923630774809,0.8599908790799196,6,0.0005953611143496699,216
BPIC15_4,duration,nb_0.200,raw,quality_level,0.005037536012276332,0.31361516832509706,6,0.0005953611143496699,216
BPIC15_4,duration,nb_0.200,raw,rung,0.06371460127117905,0.6317711563501885,3,0.0005953611143496699,216
BPIC15_4,duration,nb_0.225,raw,learner,0.00026696039042595844,0.4468585136265052,2,0.0007707612489880278,216
BPIC15_4,duration,nb_0.225,raw,split,0.0592261693491248,0.9222794076562748,6,0.0007707612489880278,216
BPIC15_4,duration,nb_0.225,raw,quality_level,0.002753700185363199,0.3180990221346903,6,0.0007707612489880278,216
BPIC15_4,duration,nb_0.225,raw,rung,0.03575032545685171,0.646718830136587,3,0.0007707612489880278,216
BPIC15_4,duration,nb_0.250,raw,learner,0.0016799281621917186,0.4713936443999269,2,0.0014107563813500106,216
BPIC15_4,duration,nb_0.250,raw,split,0.18116113941940049,0.9416565727867696,6,0.0014107563813500106,216
BPIC15_4,duration,nb_0.250,raw,quality_level,0.0021835724481215815,0.23073604175732143,6,0.0014107563813500106,216
BPIC15_4,duration,nb_0.250,raw,rung,0.023320866584336374,0.629885054122471,3,0.0014107563813500106,216
BPIC15_4,duration,nb_0.275,raw,learner,0.010362456310093,0.33502649276865715,2,0.0019480426203750257,216
BPIC15_4,duration,nb_0.275,raw,split,0.20638631926683243,0.9583359706421134,6,0.0019480426203750257,216
BPIC15_4,duration,nb_0.275,raw,quality_level,0.003939342231456891,0.238420234154344,6,0.0019480426203750257,216
BPIC15_4,duration,nb_0.275,raw,rung,0.0005755796241561919,0.6260902850272043,3,0.0019480426203750257,216
BPIC15_4,duration,nb_0.300,raw,learner,0.03463651735034328,0.5136457257197931,2,0.0019485472184219744,216
BPIC15_4,duration,nb_0.300,raw,split,0.1443316248418872,0.8665227200229032,6,0.0019485472184219744,216
BPIC15_4,duration,nb_0.300,raw,quality_level,0.004718863841016052,0.2156837307769096,6,0.0019485472184219744,216
BPIC15_4,duration,nb_0.300,raw,rung,0.057737175414269565,0.601944979477741,3,0.0019485472184219744,216
BPIC15_4,duration,nb_0.325,raw,learner,0.004245889540148172,0.35586784602802624,2,0.0020006981130738723,216
BPIC15_4,duration,nb_0.325,raw,split,0.196580999474482,0.7592157546510058,6,0.0020006981130738723,216
BPIC15_4,duration,nb_0.325,raw,quality_level,0.0064374860977380885,0.22960961092433396,6,0.0020006981130738723,216
BPIC15_4,duration,nb_0.325,raw,rung,0.1330877673611078,0.5792765696501869,3,0.0020006981130738723,216
BPIC15_4,duration,nb_0.350,raw,learner,0.00890378469506725,0.5281647280811425,2,0.0011496836470297428,216
BPIC15_4,duration,nb_0.350,raw,split,0.11712283869721517,0.8231803872576218,6,0.0011496836470297428,216
BPIC15_4,duration,nb_0.350,raw,quality_level,0.007195574933900076,0.425676558360656,6,0.0011496836470297428,216
BPIC15_4,duration,nb_0.350,raw,rung,0.016880207964849455,0.5165381885043585,3,0.0011496836470297428,216
BPIC15_4,duration,nb_0.375,raw,learner,0.0031799602611201723,0.5795635459765587,2,0.001459957375041102,216
BPIC15_4,duration,nb_0.375,raw,split,0.056619956640523536,0.7110845372244585,6,0.001459957375041102,216
BPIC15_4,duration,nb_0.375,raw,quality_level,0.00930266644142223,0.33056743102851693,6,0.001459957375041102,216
BPIC15_4,duration,nb_0.375,raw,rung,0.05432589551984599,0.6457597351602223,3,0.001459957375041102,216
BPIC15_4,duration,nb_0.400,raw,learner,0.005216682888157146,0.5219776530932458,2,0.000901013288144789,216
BPIC15_4,duration,nb_0.400,raw,split,0.14606461333507317,0.8885876640539032,6,0.000901013288144789,216
BPIC15_4,duration,nb_0.400,raw,quality_level,0.009521052860480345,0.4352837402558708,6,0.000901013288144789,216
BPIC15_4,duration,nb_0.400,raw,rung,0.017693239246049007,0.4394811981014567,3,0.000901013288144789,216
BPIC15_4,duration,nb_0.425,raw,learner,0.01435372623472894,0.6078267574975775,2,0.001030962067159042,216
BPIC15_4,duration,nb_0.425,raw,split,0.10725307831909293,0.9342237632643451,6,0.001030962067159042,216
BPIC15_4,duration,nb_0.425,raw,quality_level,0.0051302858490756,0.4132925486317395,6,0.001030962067159042,216
BPIC15_4,duration,nb_0.425,raw,rung,0.0001567638709065074,0.5007431556180477,3,0.001030962067159042,216
BPIC15_4,duration,nb_0.450,raw,learner,0.0048778831558123365,0.5736039353211486,2,0.0010264029932920739,216
BPIC15_4,duration,nb_0.450,raw,split,0.07947196705210012,0.9301129935884325,6,0.0010264029932920739,216
BPIC15_4,duration,nb_0.450,raw,quality_level,0.0014377910558314212,0.46617461404672333,6,0.0010264029932920739,216
BPIC15_4,duration,nb_0.450,raw,rung,0.008285724422742629,0.5057565293638717,3,0.0010264029932920739,216
BPIC15_4,duration,nb_0.475,raw,learner,0.007142444215662582,0.5293124856122644,2,0.0013519210667230135,216
BPIC15_4,duration,nb_0.475,raw,split,0.051032173502067166,0.9323701169089713,6,0.0013519210667230135,216
BPIC15_4,duration,nb_0.475,raw,quality_level,0.007366519180119784,0.48434096583913144,6,0.0013519210667230135,216
BPIC15_4,duration,nb_0.475,raw,rung,0.0024043882674481,0.5196871437464852,3,0.0013519210667230135,216
BPIC15_4,duration,nb_0.500,raw,learner,0.010223602545867936,0.526947678093971,2,0.0013279955971839256,216
BPIC15_4,duration,nb_0.500,raw,split,0.061354767262262536,0.8588474465451346,6,0.0013279955971839256,216
BPIC15_4,duration,nb_0.500,raw,quality_level,0.007001374388725455,0.4984939707234941,6,0.0013279955971839256,216
BPIC15_4,duration,nb_0.500,raw,rung,0.0042473292434635585,0.6307934222476737,3,0.0013279955971839256,216
BPIC15_4,duration,nb_0.525,raw,learner,0.020050293203023095,0.5586465397511298,2,0.00166986011524461,216
BPIC15_4,duration,nb_0.525,raw,split,0.08590646284726193,0.7599675462141872,6,0.00166986011524461,216
BPIC15_4,duration,nb_0.525,raw,quality_level,0.028762640075050937,0.6011276691959371,6,0.00166986011524461,216
BPIC15_4,duration,nb_0.525,raw,rung,0.008675572960741654,0.483508366082508,3,0.00166986011524461,216
BPIC15_4,duration,nb_0.550,raw,learner,0.054569812078384815,0.6315971648871248,2,0.002820779695137147,216
BPIC15_4,duration,nb_0.550,raw,split,0.10013006890230966,0.7893067767725512,6,0.002820779695137147,216
BPIC15_4,duration,nb_0.550,raw,quality_level,0.013367396752265346,0.43216420426643765,6,0.002820779695137147,216
BPIC15_4,duration,nb_0.550,raw,rung,0.04449136837098134,0.3515258600425928,3,0.002820779695137147,216
BPIC15_4,duration,nb_0.575,raw,learner,0.043685611458213584,0.675194025066153,2,0.0034223992807332145,216
BPIC15_4,duration,nb_0.575,raw,split,0.04325850903312358,0.81683377503232,6,0.0034223992807332145,216
BPIC15_4,duration,nb_0.575,raw,quality_level,0.012713468582879577,0.37965184351996584,6,0.0034223992807332145,216
BPIC15_4,duration,nb_0.575,raw,rung,0.03298790057314878,0.470629253595619,3,0.0034223992807332145,216
BPIC15_4,duration,nb_0.600,raw,learner,0.09120037366347297,0.5957950320298038,2,0.003789307990404425,216
BPIC15_4,duration,nb_0.600,raw,split,0.050071652066530574,0.7419118870834375,6,0.003789307990404425,216
BPIC15_4,duration,nb_0.600,raw,quality_level,0.015240104871098862,0.4252171274990467,6,0.003789307990404425,216
BPIC15_4,duration,nb_0.600,raw,rung,0.06610955465894042,0.43340456511628056,3,0.003789307990404425,216
BPIC15_4,duration,nb_0.625,raw,learner,0.0389278868369592,0.5183609639173843,2,0.0038012962650038444,216
BPIC15_4,duration,nb_0.625,raw,split,0.107258819668778,0.8272091240454341,6,0.0038012962650038444,216
BPIC15_4,duration,nb_0.625,raw,quality_level,0.012300919356960377,0.4659232804050113,6,0.0038012962650038444,216
BPIC15_4,duration,nb_0.625,raw,rung,0.01849744329037208,0.45112312985176795,3,0.0038012962650038444,216
BPIC15_4,duration,nb_0.650,raw,learner,0.12630902879909886,0.723442435697917,2,0.006523423827180909,216
BPIC15_4,duration,nb_0.650,raw,split,0.05458247564893925,0.7734336289196757,6,0.006523423827180909,216
BPIC15_4,duration,nb_0.650,raw,quality_level,0.009062660044681837,0.34651016293213166,6,0.006523423827180909,216
BPIC15_4,duration,nb_0.650,raw,rung,0.003175136189514173,0.3733446898030103,3,0.006523423827180909,216
BPIC15_4,duration,nb_0.675,raw,learner,0.12092776950167079,0.721912451107654,2,0.0056641212170224055,216
BPIC15_4,duration,nb_0.675,raw,split,0.07849812141902024,0.7853496496688933,6,0.0056641212170224055,216
BPIC15_4,duration,nb_0.675,raw,quality_level,0.0196387315893417,0.47571126940869735,6,0.0056641212170224055,216
BPIC15_4,duration,nb_0.675,raw,rung,0.0014715637792903017,0.22401267932342928,3,0.0056641212170224055,216
BPIC15_4,duration,nb_0.700,raw,learner,0.11385044284590656,0.614736897973951,2,0.009846114687581842,216
BPIC15_4,duration,nb_0.700,raw,split,0.19278240750134587,0.8110848587288222,6,0.009846114687581842,216
BPIC15_4,duration,nb_0.700,raw,quality_level,0.01418136883150931,0.31585024005260387,6,0.009846114687581842,216
BPIC15_4,duration,nb_0.700,raw,rung,0.010691303910760046,0.18816030044131804,3,0.009846114687581842,216
BPIC15_4,duration,nb_0.725,raw,learner,0.13251868002163614,0.6908764966658137,2,0.009460857418163772,216
BPIC15_4,duration,nb_0.725,raw,split,0.1337046102369699,0.7947535273281521,6,0.009460857418163772,216
BPIC15_4,duration,nb_0.725,raw,quality_level,0.010008817393742719,0.2875436880995229,6,0.009460857418163772,216
BPIC15_4,duration,nb_0.725,raw,rung,0.009505308462123507,0.2359645995616313,3,0.009460857418163772,216
BPIC15_4,duration,nb_0.750,raw,learner,0.03948038417563485,0.4898204921929138,2,0.008895122502258535,216
BPIC15_4,duration,nb_0.750,raw,split,0.26709683050291644,0.8812342346581896,6,0.008895122502258535,216
BPIC15_4,duration,nb_0.750,raw,quality_level,0.012970980842321692,0.4048594369699936,6,0.008895122502258535,216
BPIC15_4,duration,nb_0.750,raw,rung,0.0038493014432682327,0.2591605146279411,3,0.008895122502258535,216
BPIC15_4,duration,nb_0.775,raw,learner,0.0729400277773463,0.5407329560896859,2,0.008363945506291425,216
BPIC15_4,duration,nb_0.775,raw,split,0.09833591768011626,0.7774901551323338,6,0.008363945506291425,216
BPIC15_4,duration,nb_0.775,raw,quality_level,0.018972012831355505,0.48057426860209207,6,0.008363945506291425,216
BPIC15_4,duration,nb_0.775,raw,rung,0.03659251541444548,0.42420116296770505,3,0.008363945506291425,216
BPIC15_4,duration,nb_0.800,raw,learner,0.07272144998446738,0.46281568104875104,2,0.01084486086276046,216
BPIC15_4,duration,nb_0.800,raw,split,0.10978618081179241,0.789005673280205,6,0.01084486086276046,216
BPIC15_4,duration,nb_0.800,raw,quality_level,0.007528792379411912,0.34893243439072785,6,0.01084486086276046,216
BPIC15_4,duration,nb_0.800,raw,rung,0.06209103396675969,0.5593436249134679,3,0.01084486086276046,216
BPIC15_4,handover,ap,raw,learner,0.01432642489954665,0.4553979224099436,2,6.53164929700308e-05,216
BPIC15_4,handover,ap,raw,split,0.10868971839804674,0.77659921266335,6,6.53164929700308e-05,216
BPIC15_4,handover,ap,raw,quality_level,0.018132515550856425,0.29201768455713917,6,6.53164929700308e-05,216
BPIC15_4,handover,ap,raw,rung,0.08933448987686698,0.6539856678304353,3,6.53164929700308e-05,216
BPIC15_4,handover,auc,raw,learner,0.019044347868022397,0.5686782885626046,2,0.0010536684193670378,216
BPIC15_4,handover,auc,raw,split,0.0766333002616617,0.7168204299055172,6,0.0010536684193670378,216
BPIC15_4,handover,auc,raw,quality_level,0.07632063013011882,0.48956291756167114,6,0.0010536684193670378,216
BPIC15_4,handover,auc,raw,rung,0.029450905431092536,0.42281443922995876,3,0.0010536684193670378,216
BPIC15_4,handover,brier_skill,raw,learner,0.05312802428186083,0.5399010478954887,2,0.012185229463843794,216
BPIC15_4,handover,brier_skill,raw,split,0.01941359914314242,0.6623217143971794,6,0.012185229463843794,216
BPIC15_4,handover,brier_skill,raw,quality_level,0.098331488232391,0.6220279668786749,6,0.012185229463843794,216
BPIC15_4,handover,brier_skill,raw,rung,0.03638153796276116,0.4405907030184647,3,0.012185229463843794,216
BPIC15_4,handover,logloss_skill,raw,learner,0.18179110604486093,0.6154153493798992,2,0.025021051606842176,216
BPIC15_4,handover,logloss_skill,raw,split,0.034815678320657815,0.6726533701711825,6,0.025021051606842176,216
BPIC15_4,handover,logloss_skill,raw,quality_level,0.025720147104421442,0.4116266837453244,6,0.025021051606842176,216
BPIC15_4,handover,logloss_skill,raw,rung,0.02797563008478106,0.4830707044480539,3,0.025021051606842176,216
BPIC15_4,handover,nagelkerke,raw,learner,0.021653963214319696,0.5134532254092599,2,7.847330419356952,216
BPIC15_4,handover,nagelkerke,raw,split,0.050413505953618175,0.8369571925959147,6,7.847330419356952,216
BPIC15_4,handover,nagelkerke,raw,quality_level,0.03132673464871265,0.454702514245901,6,7.847330419356952,216
BPIC15_4,handover,nagelkerke,raw,rung,0.0348474990573713,0.47007834766723855,3,7.847330419356952,216
BPIC15_4,handover,nb_0.050,raw,learner,0.030582372872779724,0.5152911864363899,2,2.6267028231281416e-06,216
BPIC15_4,handover,nb_0.050,raw,split,0.11912459550292828,0.8538528978163851,6,2.6267028231281416e-06,216
BPIC15_4,handover,nb_0.050,raw,quality_level,0.016291973807102234,0.36574299517540687,6,2.6267028231281416e-06,216
BPIC15_4,handover,nb_0.050,raw,rung,0.019582331304288093,0.5941162444948349,3,2.6267028231281416e-06,216
BPIC15_4,handover,nb_0.075,raw,learner,0.0004056112840599074,0.5002028056420298,2,4.369756816647171e-06,216
BPIC15_4,handover,nb_0.075,raw,split,0.08763872536118818,0.8055751253116367,6,4.369756816647171e-06,216
BPIC15_4,handover,nb_0.075,raw,quality_level,0.017037719165141997,0.5436874943218195,6,4.369756816647171e-06,216
BPIC15_4,handover,nb_0.075,raw,rung,0.0222032953287449,0.6169708815561341,3,4.369756816647171e-06,216
BPIC15_4,handover,nb_0.100,raw,learner,0.001681613095468529,0.5008408065477342,2,6.639435544161381e-06,216
BPIC15_4,handover,nb_0.100,raw,split,0.1317890517830069,0.8764435670666423,6,6.639435544161381e-06,216
BPIC15_4,handover,nb_0.100,raw,quality_level,0.013755677799221622,0.41851954249377465,6,6.639435544161381e-06,216
BPIC15_4,handover,nb_0.100,raw,rung,0.016066791287503265,0.5483868771561682,3,6.639435544161381e-06,216
BPIC15_4,handover,nb_0.125,raw,learner,0.00035239944871324894,0.5001761997243566,2,1.3732806093090139e-05,216
BPIC15_4,handover,nb_0.125,raw,split,0.1396393880827578,0.8775838811583243,6,1.3732806093090139e-05,216
BPIC15_4,handover,nb_0.125,raw,quality_level,0.010109525186985767,0.41231546120833396,6,1.3732806093090139e-05,216
BPIC15_4,handover,nb_0.125,raw,rung,0.01953864507420851,0.5552810688999821,3,1.3732806093090139e-05,216
BPIC15_4,handover,nb_0.150,raw,learner,0.0012844235732230225,0.49900248262510727,2,1.1165476994346303e-05,216
BPIC15_4,handover,nb_0.150,raw,split,0.12162340854001981,0.8217668329664972,6,1.1165476994346303e-05,216
BPIC15_4,handover,nb_0.150,raw,quality_level,0.01247606698425481,0.48100667760351334,6,1.1165476994346303e-05,216
BPIC15_4,handover,nb_0.150,raw,rung,0.044639906015824994,0.5647995955879577,3,1.1165476994346303e-05,216
BPIC15_4,handover,nb_0.175,raw,learner,0.00017694032997311954,0.4832471153455169,2,1.1465968828331087e-05,216
BPIC15_4,handover,nb_0.175,raw,split,0.09244000379790984,0.8660360688885372,6,1.1465968828331087e-05,216
BPIC15_4,handover,nb_0.175,raw,quality_level,0.014334031029330722,0.5109725288509597,6,1.1465968828331087e-05,216
BPIC15_4,handover,nb_0.175,raw,rung,0.02881397035439594,0.5971367650822305,3,1.1465968828331087e-05,216
BPIC15_4,handover,nb_0.200,raw,learner,0.01740425056462839,0.492713112692895,2,3.404036101235438e-05,216
BPIC15_4,handover,nb_0.200,raw,split,0.07758526743854617,0.8420094603667888,6,3.404036101235438e-05,216
BPIC15_4,handover,nb_0.200,raw,quality_level,0.0068627768417964434,0.2070697215723214,6,3.404036101235438e-05,216
BPIC15_4,handover,nb_0.200,raw,rung,0.062456722726229603,0.7057834284663154,3,3.404036101235438e-05,216
BPIC15_4,handover,nb_0.225,raw,learner,0.009320271472298941,0.47040440926442806,2,2.91501970385706e-05,216
BPIC15_4,handover,nb_0.225,raw,split,0.03955237585294581,0.8381192335441694,6,2.91501970385706e-05,216
BPIC15_4,handover,nb_0.225,raw,quality_level,0.029324298547269968,0.4325798230745158,6,2.91501970385706e-05,216
BPIC15_4,handover,nb_0.225,raw,rung,0.02213838324673977,0.7230263679320998,3,2.91501970385706e-05,216
BPIC15_4,handover,nb_0.250,raw,learner,0.0004714417082018962,0.5188613374604882,2,2.785474716020466e-05,216
BPIC15_4,handover,nb_0.250,raw,split,0.042675327808158185,0.8477012357999072,6,2.785474716020466e-05,216
BPIC15_4,handover,nb_0.250,raw,quality_level,0.04502277807118025,0.5444117725799613,6,2.785474716020466e-05,216
BPIC15_4,handover,nb_0.250,raw,rung,0.0003234224513525941,0.687416361770326,3,2.785474716020466e-05,216
BPIC15_4,handover,nb_0.275,raw,learner,5.431437693998518e-07,0.6302369193779613,2,3.6001370097510184e-05,216
BPIC15_4,handover,nb_0.275,raw,split,0.042048762438416605,0.8791533462619794,6,3.6001370097510184e-05,216
BPIC15_4,handover,nb_0.275,raw,quality_level,0.025591924004147525,0.4337026126082594,6,3.6001370097510184e-05,216
BPIC15_4,handover,nb_0.275,raw,rung,0.0016004748307300847,0.7438680309249228,3,3.6001370097510184e-05,216
BPIC15_4,handover,nb_0.300,raw,learner,0.006556882364533812,0.47850108975440453,2,4.051478112017024e-05,216
BPIC15_4,handover,nb_0.300,raw,split,0.04370381834181965,0.89402595162624,6,4.051478112017024e-05,216
BPIC15_4,handover,nb_0.300,raw,quality_level,0.02354944998574518,0.4524083996145817,6,4.051478112017024e-05,216
BPIC15_4,handover,nb_0.300,raw,rung,0.012077049032262272,0.7484003805611648,3,4.051478112017024e-05,216
BPIC15_4,handover,nb_0.325,raw,learner,0.010956464342095726,0.4691590860550303,2,3.536553017976618e-05,216
BPIC15_4,handover,nb_0.325,raw,split,0.043207383366203465,0.8703595463825486,6,3.536553017976618e-05,216
BPIC15_4,handover,nb_0.325,raw,quality_level,0.03530847795202107,0.4797124706849517,6,3.536553017976618e-05,216
BPIC15_4,handover,nb_0.325,raw,rung,0.0077367271918803715,0.6730903733119171,3,3.536553017976618e-05,216
BPIC15_4,handover,nb_0.350,raw,learner,0.026752547248272144,0.4369887753764522,2,4.5388034776405754e-05,216
BPIC15_4,handover,nb_0.350,raw,split,0.04161821067495526,0.8311795420906245,6,4.5388034776405754e-05,216
BPIC15_4,handover,nb_0.350,raw,quality_level,0.034022367598041024,0.5149372705108952,6,4.5388034776405754e-05,216
BPIC15_4,handover,nb_0.350,raw,rung,0.017477050952148604,0.6503806338678547,3,4.5388034776405754e-05,216
BPIC15_4,handover,nb_0.375,raw,learner,0.0050141736496321756,0.3877692372318762,2,8.046330615652753e-05,216
BPIC15_4,handover,nb_0.375,raw,split,0.029976418291160413,0.8587917973499,6,8.046330615652753e-05,216
BPIC15_4,handover,nb_0.375,raw,quality_level,0.02479139943139224,0.37708697024409965,6,8.046330615652753e-05,216
BPIC15_4,handover,nb_0.375,raw,rung,0.035773396288872425,0.7776973070403924,3,8.046330615652753e-05,216
BPIC15_4,handover,nb_0.400,raw,learner,0.01809374935457003,0.45678096904285515,2,6.697562136237567e-05,216
BPIC15_4,handover,nb_0.400,raw,split,0.05113462726741686,0.8571883023880804,6,6.697562136237567e-05,216
BPIC15_4,handover,nb_0.400,raw,quality_level,0.018446360141480322,0.4323101249943825,6,6.697562136237567e-05,216
BPIC15_4,handover,nb_0.400,raw,rung,0.01832048299069815,0.7305687933087857,3,6.697562136237567e-05,216
BPIC15_4,handover,nb_0.425,raw,learner,0.04176511450438952,0.5022366316513096,2,7.24408473662188e-05,216
BPIC15_4,handover,nb_0.425,raw,split,0.05078487305794928,0.8316569373696975,6,7.24408473662188e-05,216
BPIC15_4,handover,nb_0.425,raw,quality_level,0.0159479399289212,0.4712816236159568,6,7.24408473662188e-05,216
BPIC15_4,handover,nb_0.425,raw,rung,0.012820917445525486,0.6730682253225986,3,7.24408473662188e-05,216
BPIC15_4,handover,nb_0.450,raw,learner,0.023049957771479862,0.5100406771446432,2,9.406594316927798e-05,216
BPIC15_4,handover,nb_0.450,raw,split,0.0623534546179258,0.8331190575306582,6,9.406594316927798e-05,216
BPIC15_4,handover,nb_0.450,raw,quality_level,0.031145321586277672,0.5267947762251433,6,9.406594316927798e-05,216
BPIC15_4,handover,nb_0.450,raw,rung,0.0015973541168781092,0.6651861721717107,3,9.406594316927798e-05,216
BPIC15_4,handover,nb_0.475,raw,learner,0.031119128927600846,0.5207676786192894,2,8.450227662534095e-05,216
BPIC15_4,handover,nb_0.475,raw,split,0.05646483719561341,0.8357514040590505,6,8.450227662534095e-05,216
BPIC15_4,handover,nb_0.475,raw,quality_level,0.02664818583864288,0.542067117814423,6,8.450227662534095e-05,216
BPIC15_4,handover,nb_0.475,raw,rung,0.005720857846848989,0.6129981144858445,3,8.450227662534095e-05,216
BPIC15_4,handover,nb_0.500,raw,learner,0.026050906695195275,0.5190945462213503,2,0.00010773872852150268,216
BPIC15_4,handover,nb_0.500,raw,split,0.05753503674531467,0.7720413209617414,6,0.00010773872852150268,216
BPIC15_4,handover,nb_0.500,raw,quality_level,0.05031347783356189,0.5109706376124737,6,0.00010773872852150268,216
BPIC15_4,handover,nb_0.500,raw,rung,0.0402138553921074,0.6150724244925106,3,0.00010773872852150268,216
BPIC15_4,handover,nb_0.525,raw,learner,0.03140545924542507,0.4972572559102546,2,0.0008153414806204523,216
BPIC15_4,handover,nb_0.525,raw,split,0.11068147508989178,0.8100204629982821,6,0.0008153414806204523,216
BPIC15_4,handover,nb_0.525,raw,quality_level,0.053505844162837365,0.5303871448300927,6,0.0008153414806204523,216
BPIC15_4,handover,nb_0.525,raw,rung,0.02989966948515994,0.3864736410957349,3,0.0008153414806204523,216
BPIC15_4,handover,nb_0.550,raw,learner,0.04865072682750034,0.48383393126406116,2,0.0009687504946032005,216
BPIC15_4,handover,nb_0.550,raw,split,0.10712805338134991,0.7452425599677899,6,0.0009687504946032005,216
BPIC15_4,handover,nb_0.550,raw,quality_level,0.0588094425244429,0.5441328673234855,6,0.0009687504946032005,216
BPIC15_4,handover,nb_0.550,raw,rung,0.041000000657893915,0.4139447490006706,3,0.0009687504946032005,216
BPIC15_4,handover,nb_0.575,raw,learner,0.037708348859794696,0.48387741135919893,2,0.000949029831028726,216
BPIC15_4,handover,nb_0.575,raw,split,0.12820559626305936,0.8056576178939401,6,0.000949029831028726,216
BPIC15_4,handover,nb_0.575,raw,quality_level,0.048342873296833566,0.541354637111314,6,0.000949029831028726,216
BPIC15_4,handover,nb_0.575,raw,rung,0.01950063191384624,0.4187248491788871,3,0.000949029831028726,216
BPIC15_4,handover,nb_0.600,raw,learner,0.05009314515177379,0.5637643319955115,2,0.0009894457138094298,216
BPIC15_4,handover,nb_0.600,raw,split,0.07837577508921627,0.7446477634035118,6,0.0009894457138094298,216
BPIC15_4,handover,nb_0.600,raw,quality_level,0.050384762849891226,0.5089770925146637,6,0.0009894457138094298,216
BPIC15_4,handover,nb_0.600,raw,rung,0.024006190420725902,0.417184441510867,3,0.0009894457138094298,216
BPIC15_4,handover,nb_0.625,raw,learner,0.03548273376819504,0.5412378751101918,2,0.0011420783937922882,216
BPIC15_4,handover,nb_0.625,raw,split,0.08617327960668097,0.7823503501899639,6,0.0011420783937922882,216
BPIC15_4,handover,nb_0.625,raw,quality_level,0.03980840857604507,0.5035922807303623,6,0.0011420783937922882,216
BPIC15_4,handover,nb_0.625,raw,rung,0.013935970130451041,0.48876962231803156,3,0.0011420783937922882,216
BPIC15_4,handover,nb_0.650,raw,learner,0.0017690654782822803,0.4615178546361799,2,0.0008614897554844622,216
BPIC15_4,handover,nb_0.650,raw,split,0.03223341828641707,0.7919234328428796,6,0.0008614897554844622,216
BPIC15_4,handover,nb_0.650,raw,quality_level,0.03918929202375714,0.697535759741574,6,0.0008614897554844622,216
BPIC15_4,handover,nb_0.650,raw,rung,0.02083645346768932,0.5390306627127449,3,0.0008614897554844622,216
BPIC15_4,handover,nb_0.675,raw,learner,0.003346430890302632,0.47871871149754963,2,0.0010646655354968682,216
BPIC15_4,handover,nb_0.675,raw,split,0.020780616189464293,0.7178214443618631,6,0.0010646655354968682,216
BPIC15_4,handover,nb_0.675,raw,quality_level,0.05206353941938395,0.7442710206548515,6,0.0010646655354968682,216
BPIC15_4,handover,nb_0.675,raw,rung,0.04785276593309751,0.567416277458659,3,0.0010646655354968682,216
BPIC15_4,handover,nb_0.700,raw,learner,7.71975690781606e-06,0.5067479141370376,2,0.0012250914002568086,216
BPIC15_4,handover,nb_0.700,raw,split,0.022630392398492898,0.7594058641365745,6,0.0012250914002568086,216
BPIC15_4,handover,nb_0.700,raw,quality_level,0.0708291744742574,0.5453154852648733,6,0.0012250914002568086,216
BPIC15_4,handover,nb_0.700,raw,rung,0.034449078340242856,0.6001489059147851,3,0.0012250914002568086,216
BPIC15_4,handover,nb_0.725,raw,learner,0.000516810968925942,0.5347900615312523,2,0.002024286034996792,216
BPIC15_4,handover,nb_0.725,raw,split,0.09283200406324164,0.8356965568090253,6,0.002024286034996792,216
BPIC15_4,handover,nb_0.725,raw,quality_level,0.02917433988691367,0.4183847789261852,6,0.002024286034996792,216
BPIC15_4,handover,nb_0.725,raw,rung,0.05517042734037828,0.5097367179864305,3,0.002024286034996792,216
BPIC15_4,handover,nb_0.750,raw,learner,3.4089620590009576e-06,0.5453850951507838,2,0.0021203745904410072,216
BPIC15_4,handover,nb_0.750,raw,split,0.09352195599238775,0.8998483066275014,6,0.0021203745904410072,216
BPIC15_4,handover,nb_0.750,raw,quality_level,0.030923828315005793,0.40597277186876535,6,0.0021203745904410072,216
BPIC15_4,handover,nb_0.750,raw,rung,0.0006869411339613906,0.5434058070063825,3,0.0021203745904410072,216
BPIC15_4,handover,nb_0.775,raw,learner,7.928872739830811e-05,0.4061431914575162,2,0.0023644114164923817,216
BPIC15_4,handover,nb_0.775,raw,split,0.13835203185166367,0.8852502019197384,6,0.0023644114164923817,216
BPIC15_4,handover,nb_0.775,raw,quality_level,0.020069063244917466,0.38317097602663297,6,0.0023644114164923817,216
BPIC15_4,handover,nb_0.775,raw,rung,0.046445172750533587,0.5799113109402438,3,0.0023644114164923817,216
BPIC15_4,handover,nb_0.800,raw,learner,0.0007539088761876027,0.3558617824459813,2,0.0025796054285144596,216
BPIC15_4,handover,nb_0.800,raw,split,0.17392831736335784,0.8654484230139652,6,0.0025796054285144596,216
BPIC15_4,handover,nb_0.800,raw,quality_level,0.022653393590879825,0.3793021046962116,6,0.0025796054285144596,216
BPIC15_4,handover,nb_0.800,raw,rung,0.03264854512479007,0.6104044125114578,3,0.0025796054285144596,216
BPIC15_5,duration,ap,raw,learner,0.07798402230819688,0.46215368901305387,2,0.0029341720341558566,216
BPIC15_5,duration,ap,raw,split,0.01737140107572854,0.6746142555974727,6,0.0029341720341558566,216
BPIC15_5,duration,ap,raw,quality_level,0.07633185849460469,0.4210480319092088,6,0.0029341720341558566,216
BPIC15_5,duration,ap,raw,rung,0.07889077553802566,0.5865765527029874,3,0.0029341720341558566,216
BPIC15_5,duration,auc,raw,learner,0.05725959509368738,0.48959331178963617,2,0.0017054636375312584,216
BPIC15_5,duration,auc,raw,split,0.1303311740167797,0.8336511658062479,6,0.0017054636375312584,216
BPIC15_5,duration,auc,raw,quality_level,0.02610422519596574,0.2862230102014298,6,0.0017054636375312584,216
BPIC15_5,duration,auc,raw,rung,0.028467641713421376,0.639706833695427,3,0.0017054636375312584,216
BPIC15_5,duration,brier_skill,raw,learner,0.07100384512017355,0.4022445131826613,2,0.009150997149100623,216
BPIC15_5,duration,brier_skill,raw,split,0.03567153611137504,0.6994770252526319,6,0.009150997149100623,216
BPIC15_5,duration,brier_skill,raw,quality_level,0.041553180530304636,0.3273580221943203,6,0.009150997149100623,216
BPIC15_5,duration,brier_skill,raw,rung,0.12357312972862709,0.622206377098526,3,0.009150997149100623,216
BPIC15_5,duration,logloss_skill,raw,learner,0.1541992780340138,0.47908282171727357,2,0.010697144951358432,216
BPIC15_5,duration,logloss_skill,raw,split,0.04196659577467455,0.6833819752594785,6,0.010697144951358432,216
BPIC15_5,duration,logloss_skill,raw,quality_level,0.04562949797411752,0.3594847587696762,6,0.010697144951358432,216
BPIC15_5,duration,logloss_skill,raw,rung,0.05747275318881148,0.5318266461374923,3,0.010697144951358432,216
BPIC15_5,duration,nagelkerke,raw,learner,0.09982319718332942,0.5142678569230164,2,0.17476856008757413,216
BPIC15_5,duration,nagelkerke,raw,split,0.03010348595263012,0.7804458341434752,6,0.17476856008757413,216
BPIC15_5,duration,nagelkerke,raw,quality_level,0.014020755496696444,0.24014186333018872,6,0.17476856008757413,216
BPIC15_5,duration,nagelkerke,raw,rung,0.047985117016128336,0.6710535965605233,3,0.17476856008757413,216
BPIC15_5,duration,nb_0.050,raw,learner,0.0003125831288472496,0.44009455395702013,2,7.582204110692335e-05,216
BPIC15_5,duration,nb_0.050,raw,split,0.1195613583793752,0.8097053709333079,6,7.582204110692335e-05,216
BPIC15_5,duration,nb_0.050,raw,quality_level,0.006380979765461333,0.2827895306536641,6,7.582204110692335e-05,216
BPIC15_5,duration,nb_0.050,raw,rung,0.08316048177656425,0.6743763147874252,3,7.582204110692335e-05,216
BPIC15_5,duration,nb_0.075,raw,learner,6.248786452975274e-06,0.46137748459653594,2,0.00015524983577334272,216
BPIC15_5,duration,nb_0.075,raw,split,0.08004916596520632,0.8149742910262737,6,0.00015524983577334272,216
BPIC15_5,duration,nb_0.075,raw,quality_level,0.007006970309754944,0.2330825115689884,6,0.00015524983577334272,216
BPIC15_5,duration,nb_0.075,raw,rung,0.08324071205791472,0.7715207994333793,3,0.00015524983577334272,216
BPIC15_5,duration,nb_0.100,raw,learner,0.006102820909455188,0.446088596147169,2,0.0001677637794213252,216
BPIC15_5,duration,nb_0.100,raw,split,0.20623712315619175,0.8551357218332747,6,0.0001677637794213252,216
BPIC15_5,duration,nb_0.100,raw,quality_level,0.009539144946366165,0.1702915011511601,6,0.0001677637794213252,216
BPIC15_5,duration,nb_0.100,raw,rung,0.046096820512432184,0.6331626219787709,3,0.0001677637794213252,216
BPIC15_5,duration,nb_0.125,raw,learner,0.00225196897729172,0.4231150424668473,2,0.00015727275978514435,216
BPIC15_5,duration,nb_0.125,raw,split,0.2863625898190812,0.9043762922830002,6,0.00015727275978514435,216
BPIC15_5,duration,nb_0.125,raw,quality_level,0.0079632017629874,0.13026567411622048,6,0.00015727275978514435,216
BPIC15_5,duration,nb_0.125,raw,rung,0.022519974101161102,0.580915644810504,3,0.00015727275978514435,216
BPIC15_5,duration,nb_0.150,raw,learner,0.00021372980898726852,0.37587766869796746,2,8.192121208292111e-05,216
BPIC15_5,duration,nb_0.150,raw,split,0.2506642194899719,0.8744195079917205,6,8.192121208292111e-05,216
BPIC15_5,duration,nb_0.150,raw,quality_level,0.022157539719143807,0.3081837116715833,6,8.192121208292111e-05,216
BPIC15_5,duration,nb_0.150,raw,rung,0.05988091908033392,0.5369238100729276,3,8.192121208292111e-05,216
BPIC15_5,duration,nb_0.175,raw,learner,0.009282056548987167,0.4892962495525385,2,9.385391590237597e-05,216
BPIC15_5,duration,nb_0.175,raw,split,0.1544705555301325,0.9154864409725055,6,9.385391590237597e-05,216
BPIC15_5,duration,nb_0.175,raw,quality_level,0.019800468803669636,0.3294545533242713,6,9.385391590237597e-05,216
BPIC15_5,duration,nb_0.175,raw,rung,0.015680200039512766,0.520471460257832,3,9.385391590237597e-05,216
BPIC15_5,duration,nb_0.200,raw,learner,0.00243908628309926,0.37135402295714925,2,0.00014537729808476914,216
BPIC15_5,duration,nb_0.200,raw,split,0.17788990475181243,0.8432140252085594,6,0.00014537729808476914,216
BPIC15_5,duration,nb_0.200,raw,quality_level,0.02217138987116073,0.34919010423833574,6,0.00014537729808476914,216
BPIC15_5,duration,nb_0.200,raw,rung,0.06710457397598003,0.5878026491176211,3,0.00014537729808476914,216
BPIC15_5,duration,nb_0.225,raw,learner,0.010316472946811159,0.48474934460244,2,0.00020225116888715236,216
BPIC15_5,duration,nb_0.225,raw,split,0.1972066779102405,0.8486752819561981,6,0.00020225116888715236,216
BPIC15_5,duration,nb_0.225,raw,quality_level,0.014211779875100323,0.29087817234762725,6,0.00020225116888715236,216
BPIC15_5,duration,nb_0.225,raw,rung,0.04854075215561663,0.527574170008891,3,0.00020225116888715236,216
BPIC15_5,duration,nb_0.250,raw,learner,0.0005613272528464899,0.5080050442906087,2,0.0003576866311861221,216
BPIC15_5,duration,nb_0.250,raw,split,0.22006973379266884,0.9019394884674243,6,0.0003576866311861221,216
BPIC15_5,duration,nb_0.250,raw,quality_level,0.015293560365514717,0.29887243129105345,6,0.0003576866311861221,216
BPIC15_5,duration,nb_0.250,raw,rung,0.03547266533781273,0.5143688760472797,3,0.0003576866311861221,216
BPIC15_5,duration,nb_0.275,raw,learner,0.0008087947287467436,0.48596321979736024,2,0.0005993685045039776,216
BPIC15_5,duration,nb_0.275,raw,split,0.19237144151387778,0.9215415286779177,6,0.0005993685045039776,216
BPIC15_5,duration,nb_0.275,raw,quality_level,0.012590211620120039,0.2703598579701698,6,0.0005993685045039776,216
BPIC15_5,duration,nb_0.275,raw,rung,0.007600658263062081,0.6140931490344037,3,0.0005993685045039776,216
BPIC15_5,duration,nb_0.300,raw,learner,0.003285702773324253,0.2906683907391199,2,0.0009597938144286932,216
BPIC15_5,duration,nb_0.300,raw,split,0.21986770693184376,0.9263914822774971,6,0.0009597938144286932,216
BPIC15_5,duration,nb_0.300,raw,quality_level,0.018398779238753302,0.24335168681430064,6,0.0009597938144286932,216
BPIC15_5,duration,nb_0.300,raw,rung,0.008740133442974186,0.5974828691368083,3,0.0009597938144286932,216
BPIC15_5,duration,nb_0.325,raw,learner,0.002714053075002919,0.25820629164814723,2,0.0016718197572912995,216
BPIC15_5,duration,nb_0.325,raw,split,0.163135381298175,0.8989741246747054,6,0.0016718197572912995,216
BPIC15_5,duration,nb_0.325,raw,quality_level,0.01462296160815139,0.2283227299300008,6,0.0016718197572912995,216
BPIC15_5,duration,nb_0.325,raw,rung,0.02634785327142613,0.6811428072350829,3,0.0016718197572912995,216
BPIC15_5,duration,nb_0.350,raw,learner,0.0002942587813413639,0.2578560954984017,2,0.0020401092565169488,216
BPIC15_5,duration,nb_0.350,raw,split,0.12495892101553084,0.8532735081526208,6,0.0020401092565169488,216
BPIC15_5,duration,nb_0.350,raw,quality_level,0.014358055993285946,0.19633456132369165,6,0.0020401092565169488,216
BPIC15_5,duration,nb_0.350,raw,rung,0.08499134518045343,0.7457684059602048,3,0.0020401092565169488,216
BPIC15_5,duration,nb_0.375,raw,learner,0.04177701161581043,0.571076851728636,2,0.0027449507672479283,216
BPIC15_5,duration,nb_0.375,raw,split,0.026662633333763744,0.7447927865297286,6,0.0027449507672479283,216
BPIC15_5,duration,nb_0.375,raw,quality_level,0.009159673482755022,0.19081589219468675,6,0.0027449507672479283,216
BPIC15_5,duration,nb_0.375,raw,rung,0.12727357080272667,0.6997551988232578,3,0.0027449507672479283,216
BPIC15_5,duration,nb_0.400,raw,learner,0.008318198143985716,0.411522362832195,2,0.00476153628584633,216
BPIC15_5,duration,nb_0.400,raw,split,0.025763763364083113,0.6757273995741768,6,0.00476153628584633,216
BPIC15_5,duration,nb_0.400,raw,quality_level,0.005272267901164222,0.21882170126180378,6,0.00476153628584633,216
BPIC15_5,duration,nb_0.400,raw,rung,0.2510492480775687,0.7536280852403665,3,0.00476153628584633,216
BPIC15_5,duration,nb_0.425,raw,learner,0.0022268640233316333,0.2428507917286179,2,0.007360550438389546,216
BPIC15_5,duration,nb_0.425,raw,split,0.09750610775172237,0.666219909926002,6,0.007360550438389546,216
BPIC15_5,duration,nb_0.425,raw,quality_level,0.0021482479671076503,0.13783378975266591,6,0.007360550438389546,216
BPIC15_5,duration,nb_0.425,raw,rung,0.29189636472884783,0.7396134146679847,3,0.007360550438389546,216
BPIC15_5,duration,nb_0.450,raw,learner,0.005426177641404867,0.18047987974521085,2,0.009889561227121214,216
BPIC15_5,duration,nb_0.450,raw,split,0.11242300330011949,0.6114111942413235,6,0.009889561227121214,216
BPIC15_5,duration,nb_0.450,raw,quality_level,0.0009101596627286184,0.1077414353304037,6,0.009889561227121214,216
BPIC15_5,duration,nb_0.450,raw,rung,0.3505657903626192,0.781743843931511,3,0.009889561227121214,216
BPIC15_5,duration,nb_0.475,raw,learner,0.0007124889700095419,0.19689169577016474,2,0.010837186967257004,216
BPIC15_5,duration,nb_0.475,raw,split,0.10575213112503264,0.6359880584571751,6,0.010837186967257004,216
BPIC15_5,duration,nb_0.475,raw,quality_level,0.005257405705620495,0.14300198600684355,6,0.010837186967257004,216
BPIC15_5,duration,nb_0.475,raw,rung,0.34113110480096903,0.7502270719066177,3,0.010837186967257004,216
BPIC15_5,duration,nb_0.500,raw,learner,0.002334957041870358,0.1703476830586692,2,0.011367614196772326,216
BPIC15_5,duration,nb_0.500,raw,split,0.19011552139093094,0.6994625197091965,6,0.011367614196772326,216
BPIC15_5,duration,nb_0.500,raw,quality_level,0.002563927273669739,0.08053062394725774,6,0.011367614196772326,216
BPIC15_5,duration,nb_0.500,raw,rung,0.2808774218864611,0.719095220610819,3,0.011367614196772326,216
BPIC15_5,duration,nb_0.525,raw,learner,0.022968228425268498,0.3498272191146974,2,0.011957119399429792,216
BPIC15_5,duration,nb_0.525,raw,split,0.2848606859285571,0.8264057855673367,6,0.011957119399429792,216
BPIC15_5,duration,nb_0.525,raw,quality_level,0.0016387968006053482,0.10014920080441037,6,0.011957119399429792,216
BPIC15_5,duration,nb_0.525,raw,rung,0.11669568349753244,0.5362487171806507,3,0.011957119399429792,216
BPIC15_5,duration,nb_0.550,raw,learner,0.004819565867708341,0.3752719620296753,2,0.016356392272855912,216
BPIC15_5,duration,nb_0.550,raw,split,0.2964182947388091,0.8843537855945055,6,0.016356392272855912,216
BPIC15_5,duration,nb_0.550,raw,quality_level,0.0011024959513649998,0.07860247632589856,6,0.016356392272855912,216
BPIC15_5,duration,nb_0.550,raw,rung,0.09742323485691405,0.55689618927747,3,0.016356392272855912,216
BPIC15_5,duration,nb_0.575,raw,learner,0.004155602989616726,0.3128429626988579,2,0.009659943361652924,216
BPIC15_5,duration,nb_0.575,raw,split,0.09582730192530238,0.8810394066000805,6,0.009659943361652924,216
BPIC15_5,duration,nb_0.575,raw,quality_level,0.0014258219810635781,0.17201760630656815,6,0.009659943361652924,216
BPIC15_5,duration,nb_0.575,raw,rung,0.05655084504750772,0.7278408115459383,3,0.009659943361652924,216
BPIC15_5,duration,nb_0.600,raw,learner,0.005536522880702382,0.3172546122938267,2,0.012334042785371709,216
BPIC15_5,duration,nb_0.600,raw,split,0.06795173871516581,0.8934571013224186,6,0.012334042785371709,216
BPIC15_5,duration,nb_0.600,raw,quality_level,0.004414608592936158,0.158076154550577,6,0.012334042785371709,216
BPIC15_5,duration,nb_0.600,raw,rung,0.04667303976468956,0.7225331171328699,3,0.012334042785371709,216
BPIC15_5,duration,nb_0.625,raw,learner,0.042721249398449186,0.43254531435293964,2,0.013384998576823157,216
BPIC15_5,duration,nb_0.625,raw,split,0.10036504207630215,0.8639496778985268,6,0.013384998576823157,216
BPIC15_5,duration,nb_0.625,raw,quality_level,0.008499657182928524,0.18637649801085976,6,0.013384998576823157,216
BPIC15_5,duration,nb_0.625,raw,rung,0.035692662413527906,0.6600003622341939,3,0.013384998576823157,216
BPIC15_5,duration,nb_0.650,raw,learner,0.08144311358819468,0.5360450248092302,2,0.012876903831589652,216
BPIC15_5,duration,nb_0.650,raw,split,0.09752711599523463,0.7396837879109621,6,0.012876903831589652,216
BPIC15_5,duration,nb_0.650,raw,quality_level,0.02044012094120264,0.2661500160784628,6,0.012876903831589652,216
BPIC15_5,duration,nb_0.650,raw,rung,0.061133507131897746,0.5900386717351255,3,0.012876903831589652,216
BPIC15_5,duration,nb_0.675,raw,learner,0.10534364780000242,0.471946087089686,2,0.018266048304787064,216
BPIC15_5,duration,nb_0.675,raw,split,0.08356649028091478,0.678463809186354,6,0.018266048304787064,216
BPIC15_5,duration,nb_0.675,raw,quality_level,0.02012504755428454,0.2414470878340701,6,0.018266048304787064,216
BPIC15_5,duration,nb_0.675,raw,rung,0.10312126808727448,0.6463232213925912,3,0.018266048304787064,216
BPIC15_5,duration,nb_0.700,raw,learner,0.07986318424102544,0.414823995113462,2,0.02032787949117252,216
BPIC15_5,duration,nb_0.700,raw,split,0.13175368238445365,0.7279784247660228,6,0.02032787949117252,216
BPIC15_5,duration,nb_0.700,raw,quality_level,0.02468322035412336,0.25856813155145353,6,0.02032787949117252,216
BPIC15_5,duration,nb_0.700,raw,rung,0.08977630289359899,0.6080713294740462,3,0.02032787949117252,216
BPIC15_5,duration,nb_0.725,raw,learner,0.14937205631406453,0.5112625263558848,2,0.01759813194402577,216
BPIC15_5,duration,nb_0.725,raw,split,0.10239157635758009,0.6775716517138222,6,0.01759813194402577,216
BPIC15_5,duration,nb_0.725,raw,quality_level,0.0373267791862042,0.2958238387389316,6,0.01759813194402577,216
BPIC15_5,duration,nb_0.725,raw,rung,0.07238134718238423,0.501328650946602,3,0.01759813194402577,216
BPIC15_5,duration,nb_0.750,raw,learner,0.09113578402510451,0.392816192011191,2,0.017071214856375645,216
BPIC15_5,duration,nb_0.750,raw,split,0.10448144030692155,0.6722626905705664,6,0.017071214856375645,216
BPIC15_5,duration,nb_0.750,raw,quality_level,0.040775937580156366,0.33719460162548776,6,0.017071214856375645,216
BPIC15_5,duration,nb_0.750,raw,rung,0.11500185000669905,0.5638115669064154,3,0.017071214856375645,216
BPIC15_5,duration,nb_0.775,raw,learner,0.09723477033196583,0.42055474453363983,2,0.01741810512088133,216
BPIC15_5,duration,nb_0.775,raw,split,0.20236678817633996,0.7072728518545559,6,0.01741810512088133,216
BPIC15_5,duration,nb_0.775,raw,quality_level,0.027156048117811596,0.3644075108518029,6,0.01741810512088133,216
BPIC15_5,duration,nb_0.775,raw,rung,0.05430674116975398,0.4701303545990866,3,0.01741810512088133,216
BPIC15_5,duration,nb_0.800,raw,learner,0.13746489942064943,0.4434401861931466,2,0.025022203402358747,216
BPIC15_5,duration,nb_0.800,raw,split,0.20947091487258468,0.7384152143483675,6,0.025022203402358747,216
BPIC15_5,duration,nb_0.800,raw,quality_level,0.028426036161643478,0.30278449788595185,6,0.025022203402358747,216
BPIC15_5,duration,nb_0.800,raw,rung,0.03899559640978037,0.4071570022484605,3,0.025022203402358747,216
BPIC17,duration,ap,raw,learner,0.029708898094546573,0.21104035662239795,2,9.364855569585237e-05,216
BPIC17,duration,ap,raw,split,0.21426280894387356,0.43713024590153116,6,9.364855569585237e-05,216
BPIC17,duration,ap,raw,quality_level,0.28026981646526744,0.4706039646353021,6,9.364855569585237e-05,216
BPIC17,duration,ap,raw,rung,0.15138124216128115,0.3585535152808452,3,9.364855569585237e-05,216
BPIC17,duration,auc,raw,learner,0.012796886699337491,0.1676860562656386,2,0.00014397119447333775,216
BPIC17,duration,auc,raw,split,0.19109885708019203,0.4189515934516397,6,0.00014397119447333775,216
BPIC17,duration,auc,raw,quality_level,0.08043293473906216,0.21467578322463343,6,0.00014397119447333775,216
BPIC17,duration,auc,raw,rung,0.3854616897074812,0.6336066384159931,3,0.00014397119447333775,216
BPIC17,duration,brier_skill,raw,learner,4.8059452941959914e-05,0.3183097988519653,2,1.6091793391989363e-05,216
BPIC17,duration,brier_skill,raw,split,0.3496403758222327,0.8481804309843123,6,1.6091793391989363e-05,216
BPIC17,duration,brier_skill,raw,quality_level,0.0590546722294012,0.3713485479194525,6,1.6091793391989363e-05,216
BPIC17,duration,brier_skill,raw,rung,0.0013564457882358732,0.3184618620405849,3,1.6091793391989363e-05,216
BPIC17,duration,logloss_skill,raw,learner,0.00033817043382408684,0.32485592450523726,2,9.151579779524846e-06,216
BPIC17,duration,logloss_skill,raw,split,0.34618476731778325,0.8405702037704161,6,9.151579779524846e-06,216
BPIC17,duration,logloss_skill,raw,quality_level,0.061566795768936644,0.381311415201951,6,9.151579779524846e-06,216
BPIC17,duration,logloss_skill,raw,rung,0.0004991736885865161,0.3087455101111639,3,9.151579779524846e-06,216
BPIC17,duration,nagelkerke,raw,learner,0.0003233518458845092,0.32473947338841136,2,3.0265226089384972e-05,216
BPIC17,duration,nagelkerke,raw,split,0.3463960498336198,0.8410382107301322,6,3.0265226089384972e-05,216
BPIC17,duration,nagelkerke,raw,quality_level,0.06114329515225769,0.38066685526863997,6,3.0265226089384972e-05,216
BPIC17,duration,nagelkerke,raw,rung,0.0004496749280892625,0.30985496424394754,3,3.0265226089384972e-05,216
BPIC17,duration,nb_0.050,raw,learner,,,0,0.0,216
BPIC17,duration,nb_0.050,raw,split,,,0,0.0,216
BPIC17,duration,nb_0.050,raw,quality_level,,,0,0.0,216
BPIC17,duration,nb_0.050,raw,rung,,,0,0.0,216
BPIC17,duration,nb_0.075,raw,learner,0.004651162790697674,0.5023255813953498,2,2.354583816785437e-13,216
BPIC17,duration,nb_0.075,raw,split,0.023255813953488372,0.8372093023255813,6,2.354583816785437e-13,216
BPIC17,duration,nb_0.075,raw,quality_level,0.023255813953488372,0.8372093023255813,6,2.354583816785437e-13,216
BPIC17,duration,nb_0.075,raw,rung,0.009302325581395347,0.6697674418604653,3,2.354583816785437e-13,216
BPIC17,duration,nb_0.100,raw,learner,0.02131126539588679,0.49379014327518134,2,1.150628129811455e-09,216
BPIC17,duration,nb_0.100,raw,split,0.047474803610986174,0.7440784585236102,6,1.150628129811455e-09,216
BPIC17,duration,nb_0.100,raw,quality_level,0.03119000576438557,0.5852356178025835,6,1.150628129811455e-09,216
BPIC17,duration,nb_0.100,raw,rung,0.07089587053609668,0.65403217610567,3,1.150628129811455e-09,216
BPIC17,duration,nb_0.125,raw,learner,0.01902432908840123,0.39924048747258467,2,5.958619809978165e-09,216
BPIC17,duration,nb_0.125,raw,split,0.10003999413532068,0.7901738209437879,6,5.958619809978165e-09,216
BPIC17,duration,nb_0.125,raw,quality_level,0.07396719082221474,0.6925682669867643,6,5.958619809978165e-09,216
BPIC17,duration,nb_0.125,raw,rung,0.03899876724050048,0.4403554788293811,3,5.958619809978165e-09,216
BPIC17,duration,nb_0.150,raw,learner,0.06146353587609226,0.5170269383998951,2,4.1668744978713005e-08,216
BPIC17,duration,nb_0.150,raw,split,0.18556709866183058,0.8249100909532996,6,4.1668744978713005e-08,216
BPIC17,duration,nb_0.150,raw,quality_level,0.01976613445649826,0.3006404549147961,6,4.1668744978713005e-08,216
BPIC17,duration,nb_0.150,raw,rung,0.017778595648354604,0.44277831738009843,3,4.1668744978713005e-08,216
BPIC17,duration,nb_0.175,raw,learner,0.03793852358341606,0.4908121709248062,2,7.92840230321215e-08,216
BPIC17,duration,nb_0.175,raw,split,0.09623017245400317,0.7626828638260705,6,7.92840230321215e-08,216
BPIC17,duration,nb_0.175,raw,quality_level,0.05185700948361818,0.479645613398354,6,7.92840230321215e-08,216
BPIC17,duration,nb_0.175,raw,rung,0.020774971591260336,0.5893670738226553,3,7.92840230321215e-08,216
BPIC17,duration,nb_0.200,raw,learner,0.1648213432286643,0.5438206769449051,2,1.775973606761024e-07,216
BPIC17,duration,nb_0.200,raw,split,0.10289357058903449,0.543196991077293,6,1.775973606761024e-07,216
BPIC17,duration,nb_0.200,raw,quality_level,0.07864111332129728,0.45899018997530383,6,1.775973606761024e-07,216
BPIC17,duration,nb_0.200,raw,rung,0.029089249772789583,0.4485537748275724,3,1.775973606761024e-07,216
BPIC17,duration,nb_0.225,raw,learner,0.018520122276522454,0.527393674861236,2,1.0731177545269775e-06,216
BPIC17,duration,nb_0.225,raw,split,0.06074284865785647,0.7570331468150151,6,1.0731177545269775e-06,216
BPIC17,duration,nb_0.225,raw,quality_level,0.016406270049576187,0.6809254331846271,6,1.0731177545269775e-06,216
BPIC17,duration,nb_0.225,raw,rung,0.024517308470996795,0.577609514477613,3,1.0731177545269775e-06,216
BPIC17,duration,nb_0.250,raw,learner,0.04780076919392257,0.4909485085410642,2,2.1727780819658007e-06,216
BPIC17,duration,nb_0.250,raw,split,0.16485259126307905,0.8357857869576143,6,2.1727780819658007e-06,216
BPIC17,duration,nb_0.250,raw,quality_level,0.006531590959492124,0.314640680758813,6,2.1727780819658007e-06,216
BPIC17,duration,nb_0.250,raw,rung,0.05303381434422011,0.5406914689224653,3,2.1727780819658007e-06,216
BPIC17,duration,nb_0.275,raw,learner,0.03222402479509278,0.47822629727773036,2,1.5876703950738032e-06,216
BPIC17,duration,nb_0.275,raw,split,0.10545225275738343,0.7684391375779571,6,1.5876703950738032e-06,216
BPIC17,duration,nb_0.275,raw,quality_level,0.017368344678231926,0.462208765444757,6,1.5876703950738032e-06,216
BPIC17,duration,nb_0.275,raw,rung,0.08142108508771251,0.6134318404150909,3,1.5876703950738032e-06,216
BPIC17,duration,nb_0.300,raw,learner,0.0039051519647676065,0.45168150003035734,2,2.1196119766968458e-06,216
BPIC17,duration,nb_0.300,raw,split,0.18732581518033584,0.8311186422267823,6,2.1196119766968458e-06,216
BPIC17,duration,nb_0.300,raw,quality_level,0.015812632078394184,0.4758588818372398,6,2.1196119766968458e-06,216
BPIC17,duration,nb_0.300,raw,rung,0.05136618474695971,0.5564898871791277,3,2.1196119766968458e-06,216
BPIC17,duration,nb_0.325,raw,learner,0.005869326192725426,0.2757939205292931,2,4.292606938418611e-06,216
BPIC17,duration,nb_0.325,raw,split,0.2547174342103572,0.9207578201299844,6,4.292606938418611e-06,216
BPIC17,duration,nb_0.325,raw,quality_level,0.01850705295590279,0.2946187374753585,6,4.292606938418611e-06,216
BPIC17,duration,nb_0.325,raw,rung,0.010062717055561146,0.5872750646801196,3,4.292606938418611e-06,216
BPIC17,duration,nb_0.350,raw,learner,6.143427309442868e-05,0.3810117646888538,2,4.286747952125858e-06,216
BPIC17,duration,nb_0.350,raw,split,0.1778630169823655,0.8958549979884043,6,4.286747952125858e-06,216
BPIC17,duration,nb_0.350,raw,quality_level,0.009320843680594972,0.3563802562627234,6,4.286747952125858e-06,216
BPIC17,duration,nb_0.350,raw,rung,0.01629539026094391,0.6191891647550292,3,4.286747952125858e-06,216
BPIC17,duration,nb_0.375,raw,learner,6.445643999663061e-07,0.3603718367806962,2,4.596923330940295e-06,216
BPIC17,duration,nb_0.375,raw,split,0.2434285258932306,0.8747157201982346,6,4.596923330940295e-06,216
BPIC17,duration,nb_0.375,raw,quality_level,0.035923892674896006,0.3988322737863963,6,4.596923330940295e-06,216
BPIC17,duration,nb_0.375,raw,rung,0.03336632423634715,0.44152470729496085,3,4.596923330940295e-06,216
BPIC17,duration,nb_0.400,raw,learner,0.0006835431006589146,0.4248194083410268,2,6.0777490150535866e-06,216
BPIC17,duration,nb_0.400,raw,split,0.1468963893816965,0.8627159428132436,6,6.0777490150535866e-06,216
BPIC17,duration,nb_0.400,raw,quality_level,0.04958436753400178,0.6230337688803482,6,6.0777490150535866e-06,216
BPIC17,duration,nb_0.400,raw,rung,0.0012660227117173713,0.4383567103656122,3,6.0777490150535866e-06,216
BPIC17,duration,nb_0.425,raw,learner,0.0003447916375482505,0.2810679764205207,2,1.974223525774866e-05,216
BPIC17,duration,nb_0.425,raw,split,0.16276449380656416,0.8367093098658583,6,1.974223525774866e-05,216
BPIC17,duration,nb_0.425,raw,quality_level,0.0638331475538911,0.46393407507359996,6,1.974223525774866e-05,216
BPIC17,duration,nb_0.425,raw,rung,0.042978042427653046,0.47131678402964405,3,1.974223525774866e-05,216
BPIC17,duration,nb_0.450,raw,learner,0.0005448149480003678,0.15888997938715455,2,8.473065780238683e-05,216
BPIC17,duration,nb_0.450,raw,split,0.3575096395533542,0.9255713090191964,6,8.473065780238683e-05,216
BPIC17,duration,nb_0.450,raw,quality_level,0.023662508504664,0.2818610299152313,6,8.473065780238683e-05,216
BPIC17,duration,nb_0.450,raw,rung,0.0018606336946859182,0.455611960732373,3,8.473065780238683e-05,216
BPIC17,duration,nb_0.475,raw,learner,0.05877807572065452,0.5012858353039402,2,0.00015415028283799766,216
BPIC17,duration,nb_0.475,raw,split,0.15045100872934522,0.763118830340553,6,0.00015415028283799766,216
BPIC17,duration,nb_0.475,raw,quality_level,0.008953707645260519,0.24123546871748747,6,0.00015415028283799766,216
BPIC17,duration,nb_0.475,raw,rung,0.11941792879849925,0.5550895195421024,3,0.00015415028283799766,216
BPIC17,duration,nb_0.500,raw,learner,0.011927122016755911,0.5771158870476396,2,0.0005922085021397701,216
BPIC17,duration,nb_0.500,raw,split,0.06812911435143199,0.889758025486793,6,0.0005922085021397701,216
BPIC17,duration,nb_0.500,raw,quality_level,0.012195254766226576,0.16692612047298716,6,0.0005922085021397701,216
BPIC17,duration,nb_0.500,raw,rung,0.03771127134319088,0.6915435547399839,3,0.0005922085021397701,216
BPIC17,duration,nb_0.525,raw,learner,0.0019281027760004257,0.15101709146017905,2,0.00047785243802550944,216
BPIC17,duration,nb_0.525,raw,split,0.20033266920648093,0.7470657209303426,6,0.00047785243802550944,216
BPIC17,duration,nb_0.525,raw,quality_level,0.0207534593680155,0.19756543822125472,6,0.00047785243802550944,216
BPIC17,duration,nb_0.525,raw,rung,0.14952156427046578,0.6931433265558338,3,0.00047785243802550944,216
BPIC17,duration,nb_0.550,raw,learner,1.584739067391575e-05,0.20080538034999373,2,0.00014388297551961758,216
BPIC17,duration,nb_0.550,raw,split,0.2657910787870322,0.8170241145644586,6,0.00014388297551961758,216
BPIC17,duration,nb_0.550,raw,quality_level,0.03198746946741403,0.3346639260305949,6,0.00014388297551961758,216
BPIC17,duration,nb_0.550,raw,rung,0.05514329537731235,0.5626076111857692,3,0.00014388297551961758,216
BPIC17,duration,nb_0.575,raw,learner,0.00045979013405040485,0.22927757605317012,2,0.00012774025303067404,216
BPIC17,duration,nb_0.575,raw,split,0.356224696535707,0.8363262208194434,6,0.00012774025303067404,216
BPIC17,duration,nb_0.575,raw,quality_level,0.05737189202874994,0.3517027318789012,6,0.00012774025303067404,216
BPIC17,duration,nb_0.575,raw,rung,0.0623536104561363,0.3926803479340061,3,0.00012774025303067404,216
BPIC17,duration,nb_0.600,raw,learner,0.0017586461718934311,0.31993950905875745,2,7.815677625301476e-05,216
BPIC17,duration,nb_0.600,raw,split,0.2503809752960674,0.8560033175832372,6,7.815677625301476e-05,216
BPIC17,duration,nb_0.600,raw,quality_level,0.02549996467815025,0.5836165736727562,6,7.815677625301476e-05,216
BPIC17,duration,nb_0.600,raw,rung,0.03812902470807408,0.4933939877539467,3,7.815677625301476e-05,216
BPIC17,duration,nb_0.625,raw,learner,0.00013619418615026856,0.3839025565281874,2,1.2124672950724482e-05,216
BPIC17,duration,nb_0.625,raw,split,0.11324422005215136,0.8667862278026353,6,1.2124672950724482e-05,216
BPIC17,duration,nb_0.625,raw,quality_level,0.04050683150467598,0.6056690460217431,6,1.2124672950724482e-05,216
BPIC17,duration,nb_0.625,raw,rung,0.03996202195323366,0.44439801957154224,3,1.2124672950724482e-05,216
BPIC17,duration,nb_0.650,raw,learner,0.0027087907076020407,0.3508420622931083,2,9.074930625321957e-06,216
BPIC17,duration,nb_0.650,raw,split,0.10478414757422559,0.8315195738939234,6,9.074930625321957e-06,216
BPIC17,duration,nb_0.650,raw,quality_level,0.05537332466689615,0.5708258178616848,6,9.074930625321957e-06,216
BPIC17,duration,nb_0.650,raw,rung,0.023743722641593475,0.5001603390800973,3,9.074930625321957e-06,216
BPIC17,duration,nb_0.675,raw,learner,0.015668970033258102,0.4373825048523037,2,9.090133471212228e-06,216
BPIC17,duration,nb_0.675,raw,split,0.13940364609125955,0.8608734252354905,6,9.090133471212228e-06,216
BPIC17,duration,nb_0.675,raw,quality_level,0.045515471835016384,0.3916966459103979,6,9.090133471212228e-06,216
BPIC17,duration,nb_0.675,raw,rung,0.017911917453100234,0.4292439633817926,3,9.090133471212228e-06,216
BPIC17,duration,nb_0.700,raw,learner,0.06050319130815271,0.4661830471727576,2,5.084795994228686e-06,216
BPIC17,duration,nb_0.700,raw,split,0.05727118942729549,0.6179081358508449,6,5.084795994228686e-06,216
BPIC17,duration,nb_0.700,raw,quality_level,0.05189232639024651,0.4282507594711975,6,5.084795994228686e-06,216
BPIC17,duration,nb_0.700,raw,rung,0.1476929650030335,0.43063057564166796,3,5.084795994228686e-06,216
BPIC17,duration,nb_0.725,raw,learner,0.044331179866084244,0.4489788660945703,2,2.0437064719601134e-06,216
BPIC17,duration,nb_0.725,raw,split,0.14624450429216054,0.7382948708643506,6,2.0437064719601134e-06,216
BPIC17,duration,nb_0.725,raw,quality_level,0.11230429639782012,0.5484188877010764,6,2.0437064719601134e-06,216
BPIC17,duration,nb_0.725,raw,rung,0.006410415828914995,0.33702044406288145,3,2.0437064719601134e-06,216
BPIC17,duration,nb_0.750,raw,learner,0.10604217335353076,0.5456257094693568,2,1.8249884089685737e-06,216
BPIC17,duration,nb_0.750,raw,split,0.13619538958949012,0.6675915322775566,6,1.8249884089685737e-06,216
BPIC17,duration,nb_0.750,raw,quality_level,0.10494864702345058,0.5367054984398534,6,1.8249884089685737e-06,216
BPIC17,duration,nb_0.750,raw,rung,0.004103083425250194,0.19278756479103032,3,1.8249884089685737e-06,216
BPIC17,duration,nb_0.775,raw,learner,0.1419558999202218,0.5306684309214864,2,1.3222546001645688e-06,216
BPIC17,duration,nb_0.775,raw,split,0.10591634812399926,0.5657279360863323,6,1.3222546001645688e-06,216
BPIC17,duration,nb_0.775,raw,quality_level,0.1298826938020173,0.5904583928441685,6,1.3222546001645688e-06,216
BPIC17,duration,nb_0.775,raw,rung,0.003612702481910319,0.169285096714054,3,1.3222546001645688e-06,216
BPIC17,duration,nb_0.800,raw,learner,0.10829034024140052,0.5441662363209807,2,6.334716488813222e-07,216
BPIC17,duration,nb_0.800,raw,split,0.07910397237502666,0.6016618409620595,6,6.334716488813222e-07,216
BPIC17,duration,nb_0.800,raw,quality_level,0.1425484793370972,0.6288891183724086,6,6.334716488813222e-07,216
BPIC17,duration,nb_0.800,raw,rung,0.006580907355573839,0.23149490162774267,3,6.334716488813222e-07,216
BPIC19,duration,ap,raw,learner,0.00012805746287368697,0.0020924035918570283,2,0.008241291473213671,216
BPIC19,duration,ap,raw,split,0.4146834856095939,0.6584279653299154,6,0.008241291473213671,216
BPIC19,duration,ap,raw,quality_level,0.06244931441764956,0.112075576706123,6,0.008241291473213671,216
BPIC19,duration,ap,raw,rung,0.25996376644707325,0.5029474816340174,3,0.008241291473213671,216
BPIC19,duration,auc,raw,learner,4.0132629703981417e-07,0.003076865541950524,2,0.011621955530499805,216
BPIC19,duration,auc,raw,split,0.2639919693220571,0.7989174417334011,6,0.011621955530499805,216
BPIC19,duration,auc,raw,quality_level,0.023567958036874746,0.27460652675612196,6,0.011621955530499805,216
BPIC19,duration,auc,raw,rung,0.1730743838518951,0.5880396667228462,3,0.011621955530499805,216
BPIC19,duration,brier_skill,raw,learner,0.0005311873446209631,0.010819054717209564,2,0.03569794944011352,216
BPIC19,duration,brier_skill,raw,split,0.6842512830887021,0.9868801392365443,6,0.03569794944011352,216
BPIC19,duration,brier_skill,raw,quality_level,0.006409227424301453,0.10371819559735818,6,0.03569794944011352,216
BPIC19,duration,brier_skill,raw,rung,0.0032574382400472695,0.22729017080961966,3,0.03569794944011352,216
BPIC19,duration,logloss_skill,raw,learner,0.00043707913376055937,0.014955012299892712,2,0.03767730807586519,216
BPIC19,duration,logloss_skill,raw,split,0.7699596069101234,0.987927699893584,6,0.03767730807586519,216
BPIC19,duration,logloss_skill,raw,quality_level,0.0060483887412916045,0.08786611475097827,6,0.03767730807586519,216
BPIC19,duration,logloss_skill,raw,rung,0.001705028990675959,0.14989765796215337,3,0.03767730807586519,216
BPIC19,duration,nagelkerke,raw,learner,0.0014771439123792444,0.033492187523673334,2,0.15785703819323066,216
BPIC19,duration,nagelkerke,raw,split,0.7855015921754884,0.9764267518279032,6,0.15785703819323066,216
BPIC19,duration,nagelkerke,raw,quality_level,0.013297898271708594,0.09257384745976949,6,0.15785703819323066,216
BPIC19,duration,nagelkerke,raw,rung,0.0017297352591346864,0.1263882073259337,3,0.15785703819323066,216
BPIC19,duration,nb_0.050,raw,learner,0.0036176653617006546,0.13871152347426774,2,2.4923920229691058e-06,216
BPIC19,duration,nb_0.050,raw,split,0.3233073243513228,0.6516251880017512,6,2.4923920229691058e-06,216
BPIC19,duration,nb_0.050,raw,quality_level,0.28857981630368024,0.5247178614773492,6,2.4923920229691058e-06,216
BPIC19,duration,nb_0.050,raw,rung,0.005193172587329851,0.23990823829711827,3,2.4923920229691058e-06,216
BPIC19,duration,nb_0.075,raw,learner,0.0004160222043119709,0.04123865544192806,2,1.2864278302492709e-05,216
BPIC19,duration,nb_0.075,raw,split,0.29932756722691173,0.4542669496388091,6,1.2864278302492709e-05,216
BPIC19,duration,nb_0.075,raw,quality_level,0.4767705237079275,0.6549388992342111,6,1.2864278302492709e-05,216
BPIC19,duration,nb_0.075,raw,rung,0.008860847839332948,0.12419279856473542,3,1.2864278302492709e-05,216
BPIC19,duration,nb_0.100,raw,learner,0.0006753926011020199,0.05288298236096867,2,3.973677481710403e-05,216
BPIC19,duration,nb_0.100,raw,split,0.0925885905480136,0.339938472900978,6,3.973677481710403e-05,216
BPIC19,duration,nb_0.100,raw,quality_level,0.4769038978135029,0.6338603579708498,6,3.973677481710403e-05,216
BPIC19,duration,nb_0.100,raw,rung,0.11278192681459516,0.38122491983461604,3,3.973677481710403e-05,216
BPIC19,duration,nb_0.125,raw,learner,0.0005006249540577439,0.02213895772515384,2,8.495741764001306e-05,216
BPIC19,duration,nb_0.125,raw,split,0.09488506564722021,0.23808875472205016,6,8.495741764001306e-05,216
BPIC19,duration,nb_0.125,raw,quality_level,0.4617443113045319,0.6012475992929771,6,8.495741764001306e-05,216
BPIC19,duration,nb_0.125,raw,rung,0.2293468759479074,0.4063286528799124,3,8.495741764001306e-05,216
BPIC19,duration,nb_0.150,raw,learner,0.00013164741369565231,0.010447774962963674,2,0.00015791088921399103,216
BPIC19,duration,nb_0.150,raw,split,0.11360369966131548,0.2190409522448309,6,0.00015791088921399103,216
BPIC19,duration,nb_0.150,raw,quality_level,0.4453805485472408,0.5687754837460242,6,0.00015791088921399103,216
BPIC19,duration,nb_0.150,raw,rung,0.2763565106761397,0.40817141746173824,3,0.00015791088921399103,216
BPIC19,duration,nb_0.175,raw,learner,0.0007846154208632489,0.017298394503103665,2,0.0002434160932747251,216
BPIC19,duration,nb_0.175,raw,split,0.12318626398305715,0.25489334808420905,6,0.0002434160932747251,216
BPIC19,duration,nb_0.175,raw,quality_level,0.376492941237323,0.512053655241139,6,0.0002434160932747251,216
BPIC19,duration,nb_0.175,raw,rung,0.31170958922490793,0.4692972799438593,3,0.0002434160932747251,216
BPIC19,duration,nb_0.200,raw,learner,0.0009428900017047759,0.01989538649014244,2,0.0003446716124602705,216
BPIC19,duration,nb_0.200,raw,split,0.12644180484286074,0.24045619543593355,6,0.0003446716124602705,216
BPIC19,duration,nb_0.200,raw,quality_level,0.33760796460688575,0.47813636679851035,6,0.0003446716124602705,216
BPIC19,duration,nb_0.200,raw,rung,0.35222326928400405,0.5182384693181774,3,0.0003446716124602705,216
BPIC19,duration,nb_0.225,raw,learner,0.0006504845070197374,0.05648240388338699,2,0.000499874757935852,216
BPIC19,duration,nb_0.225,raw,split,0.03782073707677714,0.3137578659746667,6,0.000499874757935852,216
BPIC19,duration,nb_0.225,raw,quality_level,0.3160020093363453,0.4554539432798883,6,0.000499874757935852,216
BPIC19,duration,nb_0.225,raw,rung,0.2935114520644358,0.6131793392194322,3,0.000499874757935852,216
BPIC19,duration,nb_0.250,raw,learner,0.0002612666504288795,0.014901316481661153,2,0.0006676523161178847,216
BPIC19,duration,nb_0.250,raw,split,0.015885233036433553,0.23478108085615323,6,0.0006676523161178847,216
BPIC19,duration,nb_0.250,raw,quality_level,0.3115692518818626,0.45615696611126955,6,0.0006676523161178847,216
BPIC19,duration,nb_0.250,raw,rung,0.36392961825524023,0.6617951432426621,3,0.0006676523161178847,216
BPIC19,duration,nb_0.275,raw,learner,0.00014148164778826609,0.01006596609590471,2,0.000961245404586302,216
BPIC19,duration,nb_0.275,raw,split,0.018002163373590337,0.20928215044301324,6,0.000961245404586302,216
BPIC19,duration,nb_0.275,raw,quality_level,0.28765085658124945,0.43523050362414295,6,0.000961245404586302,216
BPIC19,duration,nb_0.275,raw,rung,0.40509160122568777,0.6838765045780941,3,0.000961245404586302,216
BPIC19,duration,nb_0.300,raw,learner,1.6486655040531688e-05,0.005941158239969324,2,0.0013336555500232583,216
BPIC19,duration,nb_0.300,raw,split,0.0184018061469487,0.17946241157166976,6,0.0013336555500232583,216
BPIC19,duration,nb_0.300,raw,quality_level,0.27759530890857065,0.42922763467802383,6,0.0013336555500232583,216
BPIC19,duration,nb_0.300,raw,rung,0.4364164632297023,0.69379324669177,3,0.0013336555500232583,216
BPIC19,duration,nb_0.325,raw,learner,3.816865394773701e-05,0.006269135203144538,2,0.001790127666064791,216
BPIC19,duration,nb_0.325,raw,split,0.01744341134066324,0.16200670499621062,6,0.001790127666064791,216
BPIC19,duration,nb_0.325,raw,quality_level,0.265293322287885,0.42035957375050204,6,0.001790127666064791,216
BPIC19,duration,nb_0.325,raw,rung,0.45754615918313224,0.7063678726780342,3,0.001790127666064791,216
BPIC19,duration,nb_0.350,raw,learner,0.0002187054490554509,0.006437233091767802,2,0.0026732372918902353,216
BPIC19,duration,nb_0.350,raw,split,0.03237794939832667,0.19788145783432487,6,0.0026732372918902353,216
BPIC19,duration,nb_0.350,raw,quality_level,0.2188566496678897,0.3648853393168021,6,0.0026732372918902353,216
BPIC19,duration,nb_0.350,raw,rung,0.47216886973496397,0.739997676346924,3,0.0026732372918902353,216
BPIC19,duration,nb_0.375,raw,learner,4.224805782511892e-05,0.003679710943687242,2,0.0035880003003693987,216
BPIC19,duration,nb_0.375,raw,split,0.032920979691787214,0.18610315235281083,6,0.0035880003003693987,216
BPIC19,duration,nb_0.375,raw,quality_level,0.18819303522867142,0.3404474695116385,6,0.0035880003003693987,216
BPIC19,duration,nb_0.375,raw,rung,0.5051841512530997,0.7731538991565321,3,0.0035880003003693987,216
BPIC19,duration,nb_0.400,raw,learner,0.0002349660236491391,0.00406482491461202,2,0.00583383832544724,216
BPIC19,duration,nb_0.400,raw,split,0.007707426954403552,0.34615031019367115,6,0.00583383832544724,216
BPIC19,duration,nb_0.400,raw,quality_level,0.07875932029207114,0.2673018473067944,6,0.00583383832544724,216
BPIC19,duration,nb_0.400,raw,rung,0.5306097244923644,0.838588195065019,3,0.00583383832544724,216
BPIC19,duration,nb_0.425,raw,learner,0.0003768898955195187,0.00974386753046208,2,0.007450617635180807,216
BPIC19,duration,nb_0.425,raw,split,0.006142394774237371,0.31833657117965575,6,0.007450617635180807,216
BPIC19,duration,nb_0.425,raw,quality_level,0.06748648959375883,0.25429415443062564,6,0.007450617635180807,216
BPIC19,duration,nb_0.425,raw,rung,0.5607652494981374,0.860552496174616,3,0.007450617635180807,216
BPIC19,duration,nb_0.450,raw,learner,0.0005240092954944391,0.00856236542903932,2,0.009469786199039102,216
BPIC19,duration,nb_0.450,raw,split,0.01943695293334803,0.27427354291696593,6,0.009469786199039102,216
BPIC19,duration,nb_0.450,raw,quality_level,0.02949733928563682,0.18988808379271926,6,0.009469786199039102,216
BPIC19,duration,nb_0.450,raw,rung,0.6601758959691062,0.8865554610219615,3,0.009469786199039102,216
BPIC19,duration,nb_0.475,raw,learner,2.484919095545005e-05,0.003977952220978298,2,0.012062861269389645,216
BPIC19,duration,nb_0.475,raw,split,0.0037379204589108005,0.21644980637507227,6,0.012062861269389645,216
BPIC19,duration,nb_0.475,raw,quality_level,0.025064374498305828,0.16890691659270118,6,0.012062861269389645,216
BPIC19,duration,nb_0.475,raw,rung,0.7236279993470516,0.9134769800302036,3,0.012062861269389645,216
BPIC19,duration,nb_0.500,raw,learner,0.00044689759823899136,0.003426850122627445,2,0.025082045515524974,216
BPIC19,duration,nb_0.500,raw,split,0.37028618388191264,0.9005810789646534,6,0.025082045515524974,216
BPIC19,duration,nb_0.500,raw,quality_level,0.006028321718276066,0.08555626007743855,6,0.025082045515524974,216
BPIC19,duration,nb_0.500,raw,rung,0.08591328943272639,0.5868836447508153,3,0.025082045515524974,216
BPIC19,duration,nb_0.525,raw,learner,0.0099931759009943,0.14140372328519202,2,0.03347715605074196,216
BPIC19,duration,nb_0.525,raw,split,0.3637948453943918,0.9225689217161251,6,0.03347715605074196,216
BPIC19,duration,nb_0.525,raw,quality_level,0.0005955593208155413,0.054188519105615174,6,0.03347715605074196,216
BPIC19,duration,nb_0.525,raw,rung,0.050457740840132874,0.5629073132579654,3,0.03347715605074196,216
BPIC19,duration,nb_0.550,raw,learner,0.000215941684160511,0.004129659451259982,2,0.026514412738189025,216
BPIC19,duration,nb_0.550,raw,split,0.32467455065657286,0.9328373601239139,6,0.026514412738189025,216
BPIC19,duration,nb_0.550,raw,quality_level,0.0009076136183212696,0.07375076287417759,6,0.026514412738189025,216
BPIC19,duration,nb_0.550,raw,rung,0.06061334358593554,0.6387703384070529,3,0.026514412738189025,216
BPIC19,duration,nb_0.575,raw,learner,3.951336889726756e-05,0.0057203165987294025,2,0.029663163373714746,216
BPIC19,duration,nb_0.575,raw,split,0.34627160863588197,0.9029961805585601,6,0.029663163373714746,216
BPIC19,duration,nb_0.575,raw,quality_level,0.0005660703905728285,0.07174234627398568,6,0.029663163373714746,216
BPIC19,duration,nb_0.575,raw,rung,0.09021975168143631,0.6180477420398378,3,0.029663163373714746,216
BPIC19,duration,nb_0.600,raw,learner,0.00016406682031212683,0.0026192578580266357,2,0.03382044204030383,216
BPIC19,duration,nb_0.600,raw,split,0.4113641635848665,0.8959850672088553,6,0.03382044204030383,216
BPIC19,duration,nb_0.600,raw,quality_level,0.0006769737956318651,0.06910169440319647,6,0.03382044204030383,216
BPIC19,duration,nb_0.600,raw,rung,0.09594550804173582,0.5529147606661696,3,0.03382044204030383,216
BPIC19,duration,nb_0.625,raw,learner,7.193152181426052e-05,0.0026748092269822665,2,0.03724146041748454,216
BPIC19,duration,nb_0.625,raw,split,0.43491363949216283,0.8899008729792475,6,0.03724146041748454,216
BPIC19,duration,nb_0.625,raw,quality_level,0.0018079886439346762,0.07449681589048496,6,0.03724146041748454,216
BPIC19,duration,nb_0.625,raw,rung,0.1003961728923919,0.520774562339223,3,0.03724146041748454,216
BPIC19,duration,nb_0.650,raw,learner,0.0004055466738378857,0.004238620119359493,2,0.042079585611421076,216
BPIC19,duration,nb_0.650,raw,split,0.4248745850506638,0.8603104188711188,6,0.042079585611421076,216
BPIC19,duration,nb_0.650,raw,quality_level,0.004002039735727733,0.07349092894021736,6,0.042079585611421076,216
BPIC19,duration,nb_0.650,raw,rung,0.12711688466593604,0.5270884099259512,3,0.042079585611421076,216
BPIC19,duration,nb_0.675,raw,learner,0.0002460607285008235,0.0034439832556674155,2,0.04830373867447695,216
BPIC19,duration,nb_0.675,raw,split,0.41903651842244627,0.8336735180111031,6,0.04830373867447695,216
BPIC19,duration,nb_0.675,raw,quality_level,0.00564531447580839,0.07195460227011607,6,0.04830373867447695,216
BPIC19,duration,nb_0.675,raw,rung,0.15219450723405148,0.5308880179495403,3,0.04830373867447695,216
BPIC19,duration,nb_0.700,raw,learner,4.9243281844280244e-05,0.002849864441282546,2,0.0555324125461726,216
BPIC19,duration,nb_0.700,raw,split,0.4124302749706493,0.8063500358128709,6,0.0555324125461726,216
BPIC19,duration,nb_0.700,raw,quality_level,0.00939047361388486,0.07456530153530572,6,0.0555324125461726,216
BPIC19,duration,nb_0.700,raw,rung,0.17761103267339665,0.5306738589140428,3,0.0555324125461726,216
BPIC19,duration,nb_0.725,raw,learner,0.00020169202959513933,0.003798398954709681,2,0.07335754661554186,216
BPIC19,duration,nb_0.725,raw,split,0.5320143130818705,0.8605266691033486,6,0.07335754661554186,216
BPIC19,duration,nb_0.725,raw,quality_level,0.01086281489891377,0.06599442925960608,6,0.07335754661554186,216
BPIC19,duration,nb_0.725,raw,rung,0.12343213050394701,0.41482661662548537,3,0.07335754661554186,216
BPIC19,duration,nb_0.750,raw,learner,0.00011861202478137556,0.011526220702223533,2,0.07612046825914844,216
BPIC19,duration,nb_0.750,raw,split,0.5510368871455431,0.8579812432885243,6,0.07612046825914844,216
BPIC19,duration,nb_0.750,raw,quality_level,0.016637144859724704,0.07687200164095243,6,0.07612046825914844,216
BPIC19,duration,nb_0.750,raw,rung,0.1166100753111627,0.38312032608865465,3,0.07612046825914844,216
BPIC19,duration,nb_0.775,raw,learner,0.0006985639270009767,0.011640728564720537,2,0.08580613700731048,216
BPIC19,duration,nb_0.775,raw,split,0.525833463409443,0.8438693986295351,6,0.08580613700731048,216
BPIC19,duration,nb_0.775,raw,quality_level,0.02004375325614572,0.08417659249008214,6,0.08580613700731048,216
BPIC19,duration,nb_0.775,raw,rung,0.13040809584527852,0.40322110988515447,3,0.08580613700731048,216
BPIC19,duration,nb_0.800,raw,learner,0.00029481969294104123,0.010989459779353394,2,0.12376433245585557,216
BPIC19,duration,nb_0.800,raw,split,0.6496268787268737,0.8866239356791834,6,0.12376433245585557,216
BPIC19,duration,nb_0.800,raw,quality_level,0.016992904602734917,0.07109517569576285,6,0.12376433245585557,216
BPIC19,duration,nb_0.800,raw,rung,0.09078764946842571,0.29326131188382965,3,0.12376433245585557,216
Helpdesk,duration,ap,raw,learner,0.08878084165869259,0.37401243062998457,2,0.00037950001783288606,216
Helpdesk,duration,ap,raw,split,0.2362874006881503,0.6768820828209924,6,0.00037950001783288606,216
Helpdesk,duration,ap,raw,quality_level,0.07992673579664325,0.3185852947829414,6,0.00037950001783288606,216
Helpdesk,duration,ap,raw,rung,0.11118292724108483,0.28261009480245336,3,0.00037950001783288606,216
Helpdesk,duration,auc,raw,learner,0.0387150425698451,0.34105710549694,2,0.0003471111274299114,216
Helpdesk,duration,auc,raw,split,0.4694228388748396,0.875880451657314,6,0.0003471111274299114,216
Helpdesk,duration,auc,raw,quality_level,0.05709518318530521,0.2276953093502967,6,0.0003471111274299114,216
Helpdesk,duration,auc,raw,rung,0.0009412687321042099,0.17034016104107108,3,0.0003471111274299114,216
Helpdesk,duration,brier_skill,raw,learner,0.26248891651694517,0.5027545279490935,2,0.0011494284093204574,216
Helpdesk,duration,brier_skill,raw,split,0.19162818887425928,0.46684845834427613,6,0.0011494284093204574,216
Helpdesk,duration,brier_skill,raw,quality_level,0.18269572144293106,0.3498670298221096,6,0.0011494284093204574,216
Helpdesk,duration,brier_skill,raw,rung,0.024098239281319794,0.16578020523768133,3,0.0011494284093204574,216
Helpdesk,duration,logloss_skill,raw,learner,0.3523902937512061,0.5897807924999292,2,0.001590722286543525,216
Helpdesk,duration,logloss_skill,raw,split,0.20307989605077162,0.5134099944343853,6,0.001590722286543525,216
Helpdesk,duration,logloss_skill,raw,quality_level,0.09899357146432547,0.23127449605059947,6,0.001590722286543525,216
Helpdesk,duration,logloss_skill,raw,rung,0.007932232304936759,0.13882696796792648,3,0.001590722286543525,216
Helpdesk,duration,nagelkerke,raw,learner,0.35217819528326083,0.5849341496109404,2,0.005850926846365422,216
Helpdesk,duration,nagelkerke,raw,split,0.222236841780664,0.536322146360167,6,0.005850926846365422,216
Helpdesk,duration,nagelkerke,raw,quality_level,0.0858367299748545,0.23170304640882078,6,0.005850926846365422,216
Helpdesk,duration,nagelkerke,raw,rung,0.003728071959561387,0.12994269761045274,3,0.005850926846365422,216
Helpdesk,duration,nb_0.050,raw,learner,0.08149707124956504,0.5407485356247825,2,1.1565445863336452e-05,216
Helpdesk,duration,nb_0.050,raw,split,0.12924810220238891,0.842446249776918,6,1.1565445863336452e-05,216
Helpdesk,duration,nb_0.050,raw,quality_level,0.0035390321618208624,0.31782884725124194,6,1.1565445863336452e-05,216
Helpdesk,duration,nb_0.050,raw,rung,0.022408182822365355,0.514228144061462,3,1.1565445863336452e-05,216
Helpdesk,duration,nb_0.075,raw,learner,0.245570441026043,0.6246541929363745,2,2.595950029113921e-05,216
Helpdesk,duration,nb_0.075,raw,split,0.2009696719758988,0.7039461865744874,6,2.595950029113921e-05,216
Helpdesk,duration,nb_0.075,raw,quality_level,0.008112245930213816,0.24867337335425033,6,2.595950029113921e-05,216
Helpdesk,duration,nb_0.075,raw,rung,0.005825325587491432,0.22390276892394367,3,2.595950029113921e-05,216
Helpdesk,duration,nb_0.100,raw,learner,0.24251458135014206,0.6298213918822999,2,5.112139846347537e-05,216
Helpdesk,duration,nb_0.100,raw,split,0.14140592141913885,0.7019146268921528,6,5.112139846347537e-05,216
Helpdesk,duration,nb_0.100,raw,quality_level,0.013477355051905636,0.23619513882342946,6,5.112139846347537e-05,216
Helpdesk,duration,nb_0.100,raw,rung,0.005573693349242741,0.3606433336415853,3,5.112139846347537e-05,216
Helpdesk,duration,nb_0.125,raw,learner,0.2857665907631974,0.6455772051520348,2,9.212655146968514e-05,216
Helpdesk,duration,nb_0.125,raw,split,0.1464231626630843,0.6556437870888898,6,9.212655146968514e-05,216
Helpdesk,duration,nb_0.125,raw,quality_level,0.01875211328795007,0.19965856492019396,6,9.212655146968514e-05,216
Helpdesk,duration,nb_0.125,raw,rung,0.003942483349729957,0.31186351492040054,3,9.212655146968514e-05,216
Helpdesk,duration,nb_0.150,raw,learner,0.21183072779980813,0.6049618365879013,2,0.0001245338510255521,216
Helpdesk,duration,nb_0.150,raw,split,0.16836326561771345,0.7119216855202155,6,0.0001245338510255521,216
Helpdesk,duration,nb_0.150,raw,quality_level,0.027941322959207635,0.23224772271142835,6,0.0001245338510255521,216
Helpdesk,duration,nb_0.150,raw,rung,0.00022058205902062385,0.3453318404456892,3,0.0001245338510255521,216
Helpdesk,duration,nb_0.175,raw,learner,0.34684230819318,0.6825611440045387,2,0.00014723783476877655,216
Helpdesk,duration,nb_0.175,raw,split,0.12694831426989417,0.5333154724784617,6,0.00014723783476877655,216
Helpdesk,duration,nb_0.175,raw,quality_level,0.033451325294549,0.22497268393061642,6,0.00014723783476877655,216
Helpdesk,duration,nb_0.175,raw,rung,0.007020230041046717,0.27394571678517876,3,0.00014723783476877655,216
Helpdesk,duration,nb_0.200,raw,learner,0.26312031887852805,0.5955662936497781,2,0.0001448755052801168,216
Helpdesk,duration,nb_0.200,raw,split,0.06536015075072689,0.5360357441995914,6,0.0001448755052801168,216
Helpdesk,duration,nb_0.200,raw,quality_level,0.07709720657142803,0.2715115437999446,6,0.0001448755052801168,216
Helpdesk,duration,nb_0.200,raw,rung,0.03483225537431036,0.4477742244441123,3,0.0001448755052801168,216
Helpdesk,duration,nb_0.225,raw,learner,0.26610995186919606,0.5658536104412215,2,0.00016331271770017952,216
Helpdesk,duration,nb_0.225,raw,split,0.07483068253877327,0.5426241789306638,6,0.00016331271770017952,216
Helpdesk,duration,nb_0.225,raw,quality_level,0.10874955459546588,0.3301711393994404,6,0.00016331271770017952,216
Helpdesk,duration,nb_0.225,raw,rung,0.011463218284274232,0.37581399109587876,3,0.00016331271770017952,216
Helpdesk,duration,nb_0.250,raw,learner,0.17175890759184154,0.4614402903690572,2,0.00016058363157122623,216
Helpdesk,duration,nb_0.250,raw,split,0.11810226112527342,0.5567099327385687,6,0.00016058363157122623,216
Helpdesk,duration,nb_0.250,raw,quality_level,0.15446631746077613,0.45597212511351937,6,0.00016058363157122623,216
Helpdesk,duration,nb_0.250,raw,rung,0.020574514413408268,0.3643460726830794,3,0.00016058363157122623,216
Helpdesk,duration,nb_0.275,raw,learner,0.01704035712717329,0.42405111282976715,2,0.0002525551055161057,216
Helpdesk,duration,nb_0.275,raw,split,0.2246576191791651,0.8404886901295197,6,0.0002525551055161057,216
Helpdesk,duration,nb_0.275,raw,quality_level,0.07190222269115781,0.3285309908597971,6,0.0002525551055161057,216
Helpdesk,duration,nb_0.275,raw,rung,0.007750889515556409,0.4422480280474127,3,0.0002525551055161057,216
Helpdesk,duration,nb_0.300,raw,learner,0.001786653911698332,0.1919473358445566,2,0.00036931138308646624,216
Helpdesk,duration,nb_0.300,raw,split,0.5805115895422301,0.9355660187129595,6,0.00036931138308646624,216
Helpdesk,duration,nb_0.300,raw,quality_level,0.034039480594734266,0.2064478652534416,6,0.00036931138308646624,216
Helpdesk,duration,nb_0.300,raw,rung,0.0027662705009080892,0.2319740322276862,3,0.00036931138308646624,216
Helpdesk,duration,nb_0.325,raw,learner,0.009462679434510884,0.5078967460130036,2,0.0004536922834647826,216
Helpdesk,duration,nb_0.325,raw,split,0.309744780803006,0.9540224117063951,6,0.0004536922834647826,216
Helpdesk,duration,nb_0.325,raw,quality_level,0.016629652181499966,0.18927417216871134,6,0.0004536922834647826,216
Helpdesk,duration,nb_0.325,raw,rung,0.000602277236017429,0.25650063040742566,3,0.0004536922834647826,216
Helpdesk,duration,nb_0.350,raw,learner,0.04277606777396085,0.5540923708870383,2,0.00034155214035216285,216
Helpdesk,duration,nb_0.350,raw,split,0.24682407238736784,0.7941065348985666,6,0.00034155214035216285,216
Helpdesk,duration,nb_0.350,raw,quality_level,0.038375092341424596,0.19001527884166203,6,0.00034155214035216285,216
Helpdesk,duration,nb_0.350,raw,rung,0.022759112092722557,0.372427717627957,3,0.00034155214035216285,216
Helpdesk,duration,nb_0.375,raw,learner,0.0023293623940226584,0.4207666346508202,2,0.00020309468362942408,216
Helpdesk,duration,nb_0.375,raw,split,0.22536044194217492,0.7780556128841848,6,0.00020309468362942408,216
Helpdesk,duration,nb_0.375,raw,quality_level,0.0671194606012051,0.34298490863228004,6,0.00020309468362942408,216
Helpdesk,duration,nb_0.375,raw,rung,0.05367182567075103,0.4753852253648285,3,0.00020309468362942408,216
Helpdesk,duration,nb_0.400,raw,learner,0.005412402444345677,0.5091831560875327,2,0.00020390188980981138,216
Helpdesk,duration,nb_0.400,raw,split,0.125499517242176,0.7814485416607488,6,0.00020390188980981138,216
Helpdesk,duration,nb_0.400,raw,quality_level,0.06702141352946962,0.4201801879826157,6,0.00020390188980981138,216
Helpdesk,duration,nb_0.400,raw,rung,0.06727018637045312,0.4095339220294554,3,0.00020390188980981138,216
Helpdesk,duration,nb_0.425,raw,learner,0.0025504286626748984,0.4902520113979262,2,0.00024066538587321236,216
Helpdesk,duration,nb_0.425,raw,split,0.0195937021435975,0.7905662719272979,6,0.00024066538587321236,216
Helpdesk,duration,nb_0.425,raw,quality_level,0.07550576969394886,0.3905749350146698,6,0.00024066538587321236,216
Helpdesk,duration,nb_0.425,raw,rung,0.06278209213718626,0.5635299312548798,3,0.00024066538587321236,216
Helpdesk,duration,nb_0.450,raw,learner,0.004705761622720169,0.44417677742764705,2,0.0003043989280686784,216
Helpdesk,duration,nb_0.450,raw,split,0.07847640386937507,0.7891519678306994,6,0.0003043989280686784,216
Helpdesk,duration,nb_0.450,raw,quality_level,0.0763649452095401,0.35714491291288397,6,0.0003043989280686784,216
Helpdesk,duration,nb_0.450,raw,rung,0.05176466228966662,0.519312875374085,3,0.0003043989280686784,216
Helpdesk,duration,nb_0.475,raw,learner,0.0033196644712443473,0.42524009983219735,2,0.0004311008891992995,216
Helpdesk,duration,nb_0.475,raw,split,0.07999739966070764,0.7936002251183643,6,0.0004311008891992995,216
Helpdesk,duration,nb_0.475,raw,quality_level,0.0820199867290929,0.31965409422846924,6,0.0004311008891992995,216
Helpdesk,duration,nb_0.475,raw,rung,0.043013922838445455,0.5577444890310063,3,0.0004311008891992995,216
Helpdesk,duration,nb_0.500,raw,learner,0.054379879382934086,0.5016416953865404,2,0.0005083273297979792,216
Helpdesk,duration,nb_0.500,raw,split,0.12018816669535323,0.7444726054162978,6,0.0005083273297979792,216
Helpdesk,duration,nb_0.500,raw,quality_level,0.0593883460989102,0.32026526834378954,6,0.0005083273297979792,216
Helpdesk,duration,nb_0.500,raw,rung,0.04254568509472228,0.5523015380435257,3,0.0005083273297979792,216
Helpdesk,duration,nb_0.525,raw,learner,0.04396740100433272,0.5110810315789649,2,0.0006598434306081418,216
Helpdesk,duration,nb_0.525,raw,split,0.09975937983956684,0.753066524931297,6,0.0006598434306081418,216
Helpdesk,duration,nb_0.525,raw,quality_level,0.04297900583568768,0.3280043887930917,6,0.0006598434306081418,216
Helpdesk,duration,nb_0.525,raw,rung,0.05066286254870471,0.6202857060527367,3,0.0006598434306081418,216
Helpdesk,duration,nb_0.550,raw,learner,0.15802270315281844,0.5468412079988076,2,0.0006274163763032634,216
Helpdesk,duration,nb_0.550,raw,split,0.12023506705549661,0.54922306091045,6,0.0006274163763032634,216
Helpdesk,duration,nb_0.550,raw,quality_level,0.07670758700420313,0.38944498583248865,6,0.0006274163763032634,216
Helpdesk,duration,nb_0.550,raw,rung,0.06353986794447075,0.40669915263527545,3,0.0006274163763032634,216
Helpdesk,duration,nb_0.575,raw,learner,0.12877847090482678,0.5726334472986774,2,0.0007310637421741491,216
Helpdesk,duration,nb_0.575,raw,split,0.08399309540729907,0.6103183498830771,6,0.0007310637421741491,216
Helpdesk,duration,nb_0.575,raw,quality_level,0.09663859625206916,0.44610392361724005,6,0.0007310637421741491,216
Helpdesk,duration,nb_0.575,raw,rung,0.03379902444546949,0.37858615606791524,3,0.0007310637421741491,216
Helpdesk,duration,nb_0.600,raw,learner,0.1311460849767464,0.5767646949142237,2,0.0007694949831603398,216
Helpdesk,duration,nb_0.600,raw,split,0.09182894388147211,0.6177072282990212,6,0.0007694949831603398,216
Helpdesk,duration,nb_0.600,raw,quality_level,0.09238498795763227,0.39981680152144095,6,0.0007694949831603398,216
Helpdesk,duration,nb_0.600,raw,rung,0.0399957229575762,0.38411568014622466,3,0.0007694949831603398,216
Helpdesk,duration,nb_0.625,raw,learner,0.22601995535841332,0.5796249998823493,2,0.0007900505488507673,216
Helpdesk,duration,nb_0.625,raw,split,0.08818294468625239,0.5391219068179978,6,0.0007900505488507673,216
Helpdesk,duration,nb_0.625,raw,quality_level,0.09915792396038332,0.43413719495123126,6,0.0007900505488507673,216
Helpdesk,duration,nb_0.625,raw,rung,0.02449527339521839,0.34099964459603593,3,0.0007900505488507673,216
Helpdesk,duration,nb_0.650,raw,learner,0.18640310275288022,0.537442061650818,2,0.0009635946519673832,216
Helpdesk,duration,nb_0.650,raw,split,0.1292107429159096,0.5850683624043231,6,0.0009635946519673832,216
Helpdesk,duration,nb_0.650,raw,quality_level,0.08049113706706622,0.42293879359400255,6,0.0009635946519673832,216
Helpdesk,duration,nb_0.650,raw,rung,0.034318611303484105,0.3841935414589319,3,0.0009635946519673832,216
Helpdesk,duration,nb_0.675,raw,learner,0.07681759005771528,0.29181756581932106,2,0.0006607876978069511,216
Helpdesk,duration,nb_0.675,raw,split,0.31458706391894564,0.6816993096377111,6,0.0006607876978069511,216
Helpdesk,duration,nb_0.675,raw,quality_level,0.14925558667337505,0.3819030492488952,6,0.0006607876978069511,216
Helpdesk,duration,nb_0.675,raw,rung,0.0587210542938142,0.29313084623291097,3,0.0006607876978069511,216
Helpdesk,duration,nb_0.700,raw,learner,0.04006425144623797,0.23250369032294604,2,0.0007132788868157436,216
Helpdesk,duration,nb_0.700,raw,split,0.4009927257763601,0.7586226878655775,6,0.0007132788868157436,216
Helpdesk,duration,nb_0.700,raw,quality_level,0.12055752635249561,0.36623192842392627,6,0.0007132788868157436,216
Helpdesk,duration,nb_0.700,raw,rung,0.05391041095735284,0.2961397872463267,3,0.0007132788868157436,216
Helpdesk,duration,nb_0.725,raw,learner,0.027560373319690735,0.22219023331831178,2,0.0008753445371178917,216
Helpdesk,duration,nb_0.725,raw,split,0.4964139690138044,0.8125083203714328,6,0.0008753445371178917,216
Helpdesk,duration,nb_0.725,raw,quality_level,0.10512966970055886,0.25810462858398664,6,0.0008753445371178917,216
Helpdesk,duration,nb_0.725,raw,rung,0.03292347830290819,0.23308812492284525,3,0.0008753445371178917,216
Helpdesk,duration,nb_0.750,raw,learner,0.08879220282622968,0.531057743832781,2,0.0007914973162708789,216
Helpdesk,duration,nb_0.750,raw,split,0.18513284462740534,0.7527568931756147,6,0.0007914973162708789,216
Helpdesk,duration,nb_0.750,raw,quality_level,0.09365279012938117,0.2996407811747174,6,0.0007914973162708789,216
Helpdesk,duration,nb_0.750,raw,rung,0.014730137261893456,0.30067606017897786,3,0.0007914973162708789,216
Helpdesk,duration,nb_0.775,raw,learner,0.08392725323581825,0.6234483000260365,2,0.0008275123929055971,216
Helpdesk,duration,nb_0.775,raw,split,0.036870284220814266,0.7650226490309378,6,0.0008275123929055971,216
Helpdesk,duration,nb_0.775,raw,quality_level,0.08366416490243078,0.3318658266248783,6,0.0008275123929055971,216
Helpdesk,duration,nb_0.775,raw,rung,0.03775016009931409,0.4837850011559589,3,0.0008275123929055971,216
Helpdesk,duration,nb_0.800,raw,learner,0.0028885728041556404,0.5377237989881445,2,0.0012242810263329742,216
Helpdesk,duration,nb_0.800,raw,split,0.057135501510460415,0.8171098301164884,6,0.0012242810263329742,216
Helpdesk,duration,nb_0.800,raw,quality_level,0.07885519532845316,0.29023136050926435,6,0.0012242810263329742,216
Helpdesk,duration,nb_0.800,raw,rung,0.06427782662989989,0.5876750031784675,3,0.0012242810263329742,216
RoadFines,duration,ap,raw,learner,0.008919311309389794,0.03226101520936908,2,0.00026008225425203514,216
RoadFines,duration,ap,raw,split,0.1222027620393962,0.4603545134876985,6,0.00026008225425203514,216
RoadFines,duration,ap,raw,quality_level,0.3005244430063627,0.5723394774013981,6,0.00026008225425203514,216
RoadFines,duration,ap,raw,rung,0.1915271404352808,0.3729415122005564,3,0.00026008225425203514,216
RoadFines,duration,auc,raw,learner,0.006108300177382637,0.03987315514933765,2,0.0003114911505754057,216
RoadFines,duration,auc,raw,split,0.2063684909981863,0.6011935165893866,6,0.0003114911505754057,216
RoadFines,duration,auc,raw,quality_level,0.0845909058282831,0.3583512802668607,6,0.0003114911505754057,216
RoadFines,duration,auc,raw,rung,0.29409417527423437,0.4860106020896626,3,0.0003114911505754057,216
RoadFines,duration,brier_skill,raw,learner,0.0012320671330283376,0.025455982602529792,2,0.00010079352483610388,216
RoadFines,duration,brier_skill,raw,split,0.30019818720889274,0.6140312259552656,6,0.00010079352483610388,216
RoadFines,duration,brier_skill,raw,quality_level,0.3223483083887238,0.513548958109864,6,0.00010079352483610388,216
RoadFines,duration,brier_skill,raw,rung,0.04372218361649164,0.2185234249305098,3,0.00010079352483610388,216
RoadFines,duration,logloss_skill,raw,learner,0.0005592366468720539,0.05699321162635762,2,5.5108204861666505e-05,216
RoadFines,duration,logloss_skill,raw,split,0.22064272839151222,0.6111341900538685,6,5.5108204861666505e-05,216
RoadFines,duration,logloss_skill,raw,quality_level,0.3375856386266476,0.5552925172787759,6,5.5108204861666505e-05,216
RoadFines,duration,logloss_skill,raw,rung,0.02639201020851949,0.2542108276165692,3,5.5108204861666505e-05,216
RoadFines,duration,nagelkerke,raw,learner,0.0005859008029464646,0.05904604365466104,2,0.00018832144343305425,216
RoadFines,duration,nagelkerke,raw,split,0.21971125955378043,0.6172845918246341,6,0.00018832144343305425,216
RoadFines,duration,nagelkerke,raw,quality_level,0.33133335684596593,0.5521615756897382,6,0.00018832144343305425,216
RoadFines,duration,nagelkerke,raw,rung,0.025724871157587204,0.25985872445228564,3,0.00018832144343305425,216
RoadFines,duration,nb_0.050,raw,learner,0.00015548919124822803,0.4876944632777048,2,1.0519413687862854e-10,216
RoadFines,duration,nb_0.050,raw,split,0.006677721668965799,0.8443270803240904,6,1.0519413687862854e-10,216
RoadFines,duration,nb_0.050,raw,quality_level,0.024799806017931445,0.46919869444669404,6,1.0519413687862854e-10,216
RoadFines,duration,nb_0.050,raw,rung,0.014232654950825216,0.7063300353061515,3,1.0519413687862854e-10,216
RoadFines,duration,nb_0.075,raw,learner,0.04411042475987016,0.414649885905481,2,4.105732077979053e-11,216
RoadFines,duration,nb_0.075,raw,split,0.13017644890225327,0.7760461600283151,6,4.105732077979053e-11,216
RoadFines,duration,nb_0.075,raw,quality_level,0.05101339727542172,0.4239862511977084,6,4.105732077979053e-11,216
RoadFines,duration,nb_0.075,raw,rung,0.004740101239995449,0.5575893647358843,3,4.105732077979053e-11,216
RoadFines,duration,nb_0.100,raw,learner,0.03512445416857352,0.3902403993964625,2,2.674749451147886e-11,216
RoadFines,duration,nb_0.100,raw,split,0.15206611884551796,0.8626453800157206,6,2.674749451147886e-11,216
RoadFines,duration,nb_0.100,raw,quality_level,0.020644476003525813,0.4335445887372418,6,2.674749451147886e-11,216
RoadFines,duration,nb_0.100,raw,rung,0.0017531239598948133,0.5591007659709599,3,2.674749451147886e-11,216
RoadFines,duration,nb_0.125,raw,learner,0.0006769073967820883,0.5536609341274219,2,2.573574852470717e-11,216
RoadFines,duration,nb_0.125,raw,split,0.09977695273247834,0.9180864114410875,6,2.573574852470717e-11,216
RoadFines,duration,nb_0.125,raw,quality_level,0.014740149075848849,0.4257881224476777,6,2.573574852470717e-11,216
RoadFines,duration,nb_0.125,raw,rung,0.011276634198340924,0.5794577762669868,3,2.573574852470717e-11,216
RoadFines,duration,nb_0.150,raw,learner,0.012740864674545386,0.5054297087562676,2,1.5910265050530307e-10,216
RoadFines,duration,nb_0.150,raw,split,0.10543170852915117,0.8562359556413812,6,1.5910265050530307e-10,216
RoadFines,duration,nb_0.150,raw,quality_level,0.015035653685277863,0.5561552198426967,6,1.5910265050530307e-10,216
RoadFines,duration,nb_0.150,raw,rung,0.00275897905394518,0.5977272193114422,3,1.5910265050530307e-10,216
RoadFines,duration,nb_0.175,raw,learner,0.0008281861639636071,0.5050279279568292,2,1.5741169503680793e-08,216
RoadFines,duration,nb_0.175,raw,split,0.04627588589675501,0.8391752621633027,6,1.5741169503680793e-08,216
RoadFines,duration,nb_0.175,raw,quality_level,0.03479069700614555,0.8344628203288978,6,1.5741169503680793e-08,216
RoadFines,duration,nb_0.175,raw,rung,0.007579546376879331,0.6706300092888439,3,1.5741169503680793e-08,216
RoadFines,duration,nb_0.200,raw,learner,0.01214849150330398,0.514780184993533,2,2.6426256375728837e-07,216
RoadFines,duration,nb_0.200,raw,split,0.10017780636130195,0.8498612256315399,6,2.6426256375728837e-07,216
RoadFines,duration,nb_0.200,raw,quality_level,0.016448454967074394,0.6736329626539336,6,2.6426256375728837e-07,216
RoadFines,duration,nb_0.200,raw,rung,0.017329255391324686,0.6249701883938739,3,2.6426256375728837e-07,216
RoadFines,duration,nb_0.225,raw,learner,0.025408632224420528,0.5217883583676047,2,5.04112715195261e-07,216
RoadFines,duration,nb_0.225,raw,split,0.17829458808853813,0.8539131597324366,6,5.04112715195261e-07,216
RoadFines,duration,nb_0.225,raw,quality_level,0.012771999008059285,0.49540070348739085,6,5.04112715195261e-07,216
RoadFines,duration,nb_0.225,raw,rung,0.02350818239291653,0.5262133938653751,3,5.04112715195261e-07,216
RoadFines,duration,nb_0.250,raw,learner,0.030036480909889484,0.4639316993341712,2,8.641828886253304e-07,216
RoadFines,duration,nb_0.250,raw,split,0.18340153213802354,0.8654373187588613,6,8.641828886253304e-07,216
RoadFines,duration,nb_0.250,raw,quality_level,0.006013102122976776,0.31460386968564324,6,8.641828886253304e-07,216
RoadFines,duration,nb_0.250,raw,rung,0.035426482772950144,0.5746237700469655,3,8.641828886253304e-07,216
RoadFines,duration,nb_0.275,raw,learner,0.009606035669791433,0.2065989159836471,2,1.1886554158285493e-06,216
RoadFines,duration,nb_0.275,raw,split,0.19860353335959943,0.8769474953768097,6,1.1886554158285493e-06,216
RoadFines,duration,nb_0.275,raw,quality_level,0.005828638727849589,0.2829884736108139,6,1.1886554158285493e-06,216
RoadFines,duration,nb_0.275,raw,rung,0.06219053473014063,0.6791947353479129,3,1.1886554158285493e-06,216
RoadFines,duration,nb_0.300,raw,learner,0.0719847139495092,0.6529366727369813,2,2.94560430515273e-06,216
RoadFines,duration,nb_0.300,raw,split,0.006239533636413848,0.8446696501907258,6,2.94560430515273e-06,216
RoadFines,duration,nb_0.300,raw,quality_level,0.0053867010917297035,0.138043899811632,6,2.94560430515273e-06,216
RoadFines,duration,nb_0.300,raw,rung,0.01498237781031003,0.6823063364982613,3,2.94560430515273e-06,216
RoadFines,duration,nb_0.325,raw,learner,0.025543878361515778,0.3830054146094538,2,1.8896199368004614e-06,216
RoadFines,duration,nb_0.325,raw,split,0.2125030969353944,0.8842295656378361,6,1.8896199368004614e-06,216
RoadFines,duration,nb_0.325,raw,quality_level,0.0036233080571905925,0.32570000649154907,6,1.8896199368004614e-06,216
RoadFines,duration,nb_0.325,raw,rung,0.012322026887937114,0.545789126670877,3,1.8896199368004614e-06,216
RoadFines,duration,nb_0.350,raw,learner,0.016928120524748413,0.48703480785860487,2,2.274111972959632e-06,216
RoadFines,duration,nb_0.350,raw,split,0.14487755868590835,0.8839064270466017,6,2.274111972959632e-06,216
RoadFines,duration,nb_0.350,raw,quality_level,0.0021646162493375717,0.32096728446291845,6,2.274111972959632e-06,216
RoadFines,duration,nb_0.350,raw,rung,0.03758197546773339,0.6501240659064075,3,2.274111972959632e-06,216
RoadFines,duration,nb_0.375,raw,learner,0.005306033509252144,0.4386376625226164,2,1.3697392980968288e-06,216
RoadFines,duration,nb_0.375,raw,split,0.1797014277707156,0.9358242277567452,6,1.3697392980968288e-06,216
RoadFines,duration,nb_0.375,raw,quality_level,0.0002323756755100814,0.17522613247714092,6,1.3697392980968288e-06,216
RoadFines,duration,nb_0.375,raw,rung,0.020083685207214444,0.6723071103141818,3,1.3697392980968288e-06,216
RoadFines,duration,nb_0.400,raw,learner,0.006946084429597911,0.34115168046641287,2,6.454952232898682e-06,216
RoadFines,duration,nb_0.400,raw,split,0.17893239802648617,0.8244793404372652,6,6.454952232898682e-06,216
RoadFines,duration,nb_0.400,raw,quality_level,0.006826921772770774,0.10931245924997313,6,6.454952232898682e-06,216
RoadFines,duration,nb_0.400,raw,rung,0.11419513348396476,0.6988200188771375,3,6.454952232898682e-06,216
RoadFines,duration,nb_0.425,raw,learner,0.04368525693542574,0.5363898238713676,2,2.338152584879667e-05,216
RoadFines,duration,nb_0.425,raw,split,0.04278084829519433,0.5303009741893177,6,2.338152584879667e-05,216
RoadFines,duration,nb_0.425,raw,quality_level,0.013838467189156024,0.12989518254005317,6,2.338152584879667e-05,216
RoadFines,duration,nb_0.425,raw,rung,0.26723786861042365,0.7666993958672519,3,2.338152584879667e-05,216
RoadFines,duration,nb_0.450,raw,learner,0.01268096361494809,0.12809036013940112,2,3.6815508094526026e-05,216
RoadFines,duration,nb_0.450,raw,split,0.053564600044527316,0.38744806007622756,6,3.6815508094526026e-05,216
RoadFines,duration,nb_0.450,raw,quality_level,0.04432428721104697,0.3697957994417612,6,3.6815508094526026e-05,216
RoadFines,duration,nb_0.450,raw,rung,0.42921025006343827,0.787106543269775,3,3.6815508094526026e-05,216
RoadFines,duration,nb_0.475,raw,learner,0.009598868280446609,0.15878930731412244,2,0.000632862909951192,216
RoadFines,duration,nb_0.475,raw,split,0.3842764807952586,0.8290295030661626,6,0.000632862909951192,216
RoadFines,duration,nb_0.475,raw,quality_level,0.0323731001686315,0.31243704134770334,6,0.000632862909951192,216
RoadFines,duration,nb_0.475,raw,rung,0.08886692525968595,0.4492863914113773,3,0.000632862909951192,216
RoadFines,duration,nb_0.500,raw,learner,1.5712113640197124e-05,0.012383498280447047,2,0.005118535036221882,216
RoadFines,duration,nb_0.500,raw,split,0.6034277219326756,0.9589040273572427,6,0.005118535036221882,216
RoadFines,duration,nb_0.500,raw,quality_level,0.02907159776584821,0.12683944579481587,6,0.005118535036221882,216
RoadFines,duration,nb_0.500,raw,rung,0.007433081751443873,0.3015547499872898,3,0.005118535036221882,216
RoadFines,duration,nb_0.525,raw,learner,0.006094890860935338,0.03882007236541318,2,0.0017587298264270042,216
RoadFines,duration,nb_0.525,raw,split,0.14578909871148957,0.522707566355142,6,0.0017587298264270042,216
RoadFines,duration,nb_0.525,raw,quality_level,0.3045635308117791,0.6572665020486412,6,0.0017587298264270042,216
RoadFines,duration,nb_0.525,raw,rung,0.11716644782833965,0.28603005577106355,3,0.0017587298264270042,216
RoadFines,duration,nb_0.550,raw,learner,0.009474938093405291,0.18654873547535633,2,0.006511706631537787,216
RoadFines,duration,nb_0.550,raw,split,0.5175838466928068,0.928307181626589,6,0.006511706631537787,216
RoadFines,duration,nb_0.550,raw,quality_level,0.017551344591278283,0.06230081456858849,6,0.006511706631537787,216
RoadFines,duration,nb_0.550,raw,rung,0.021541347653536422,0.3823390334919129,3,0.006511706631537787,216
RoadFines,duration,nb_0.575,raw,learner,0.0031099129158596306,0.14868755279374235,2,0.0006290525031175361,216
RoadFines,duration,nb_0.575,raw,split,0.16954529664515958,0.8862220334983977,6,0.0006290525031175361,216
RoadFines,duration,nb_0.575,raw,quality_level,0.05438490882004287,0.29715330082612856,6,0.0006290525031175361,216
RoadFines,duration,nb_0.575,raw,rung,0.023700845365688693,0.6645751056486995,3,0.0006290525031175361,216
RoadFines,duration,nb_0.600,raw,learner,0.0036369502573636338,0.2550049923527439,2,0.00015819407938379867,216
RoadFines,duration,nb_0.600,raw,split,0.05881312884849255,0.7675645087273658,6,0.00015819407938379867,216
RoadFines,duration,nb_0.600,raw,quality_level,0.12648444572749495,0.6431625885506189,6,0.00015819407938379867,216
RoadFines,duration,nb_0.600,raw,rung,0.03194965119480837,0.49382112667538225,3,0.00015819407938379867,216
RoadFines,duration,nb_0.625,raw,learner,0.00016424277523982396,0.12054123149575746,2,8.4080385952973e-05,216
RoadFines,duration,nb_0.625,raw,split,0.08413931656736275,0.4649503391823835,6,8.4080385952973e-05,216
RoadFines,duration,nb_0.625,raw,quality_level,0.21186834534289778,0.5372271052762979,6,8.4080385952973e-05,216
RoadFines,duration,nb_0.625,raw,rung,0.2664341948178181,0.5211225686126457,3,8.4080385952973e-05,216
RoadFines,duration,nb_0.650,raw,learner,0.0006062213001157348,0.1205483182691105,2,5.102467589693022e-05,216
RoadFines,duration,nb_0.650,raw,split,0.08783035745633967,0.5111309985627036,6,5.102467589693022e-05,216
RoadFines,duration,nb_0.650,raw,quality_level,0.18806756174821201,0.5573589300286952,6,5.102467589693022e-05,216
RoadFines,duration,nb_0.650,raw,rung,0.21579514188043689,0.584341841693744,3,5.102467589693022e-05,216
RoadFines,duration,nb_0.675,raw,learner,0.003853825180887294,0.13313574068793166,2,2.4821515631244352e-05,216
RoadFines,duration,nb_0.675,raw,split,0.13585103562923506,0.6495308812523879,6,2.4821515631244352e-05,216
RoadFines,duration,nb_0.675,raw,quality_level,0.16630538035869785,0.6384639950736782,6,2.4821515631244352e-05,216
RoadFines,duration,nb_0.675,raw,rung,0.09197911452501425,0.5152355854256939,3,2.4821515631244352e-05,216
RoadFines,duration,nb_0.700,raw,learner,0.0038185006928701916,0.21722797572556263,2,1.1428025801921294e-05,216
RoadFines,duration,nb_0.700,raw,split,0.24207162965977405,0.8492636299617791,6,1.1428025801921294e-05,216
RoadFines,duration,nb_0.700,raw,quality_level,0.06761265472125352,0.5883638589443054,6,1.1428025801921294e-05,216
RoadFines,duration,nb_0.700,raw,rung,0.01309634193276552,0.44534860105675433,3,1.1428025801921294e-05,216
RoadFines,duration,nb_0.725,raw,learner,0.0035069580570508516,0.17980659303372593,2,7.730855388382127e-06,216
RoadFines,duration,nb_0.725,raw,split,0.25162175590108704,0.9146604402393036,6,7.730855388382127e-06,216
RoadFines,duration,nb_0.725,raw,quality_level,0.00681567646909445,0.5165428279595492,6,7.730855388382127e-06,216
RoadFines,duration,nb_0.725,raw,rung,0.0056421817427302675,0.32320270537827955,3,7.730855388382127e-06,216
RoadFines,duration,nb_0.750,raw,learner,0.009083019367859916,0.11193350418930004,2,8.757954421106796e-06,216
RoadFines,duration,nb_0.750,raw,split,0.15058405634543812,0.890807147014696,6,8.757954421106796e-06,216
RoadFines,duration,nb_0.750,raw,quality_level,0.02385563765278546,0.5914338135665045,6,8.757954421106796e-06,216
RoadFines,duration,nb_0.750,raw,rung,0.03228585692860315,0.45549345099296,3,8.757954421106796e-06,216
RoadFines,duration,nb_0.775,raw,learner,0.004692089439926513,0.3347072188412389,2,8.503168707402569e-06,216
RoadFines,duration,nb_0.775,raw,split,0.1113973781440883,0.8519181027417257,6,8.503168707402569e-06,216
RoadFines,duration,nb_0.775,raw,quality_level,0.012055039740949774,0.47029692205340234,6,8.503168707402569e-06,216
RoadFines,duration,nb_0.775,raw,rung,0.058292135818045716,0.65916224667896,3,8.503168707402569e-06,216
RoadFines,duration,nb_0.800,raw,learner,0.015824690666151154,0.7313653219465801,2,6.178144293803441e-06,216
RoadFines,duration,nb_0.800,raw,split,0.018367560390595703,0.8903262336978732,6,6.178144293803441e-06,216
RoadFines,duration,nb_0.800,raw,quality_level,0.004516394626089759,0.3697042845423292,6,6.178144293803441e-06,216
RoadFines,duration,nb_0.800,raw,rung,0.002580262716118641,0.7611565135865199,3,6.178144293803441e-06,216
Sepsis,duration,ap,raw,learner,0.0355936264962236,0.330013903025855,2,0.00319188996020276,216
Sepsis,duration,ap,raw,split,0.09913632632408549,0.6733657501460903,6,0.00319188996020276,216
Sepsis,duration,ap,raw,quality_level,0.12661366163084603,0.35909894507217266,6,0.00319188996020276,216
Sepsis,duration,ap,raw,rung,0.1309209538484688,0.47016570502849775,3,0.00319188996020276,216
Sepsis,duration,auc,raw,learner,1.6409778397331585e-06,0.22807666235316704,2,0.0025181535875676317,216
Sepsis,duration,auc,raw,split,0.24532017027653535,0.7524234011408669,6,0.0025181535875676317,216
Sepsis,duration,auc,raw,quality_level,0.0989265396611739,0.21693784002871241,6,0.0025181535875676317,216
Sepsis,duration,auc,raw,rung,0.13661641023324333,0.5670548586790263,3,0.0025181535875676317,216
Sepsis,duration,brier_skill,raw,learner,0.02051362435485289,0.3833732711077307,2,0.007001067852872565,216
Sepsis,duration,brier_skill,raw,split,0.14027180683438886,0.7414219272333615,6,0.007001067852872565,216
Sepsis,duration,brier_skill,raw,quality_level,0.17250650783080668,0.4486550943795087,6,0.007001067852872565,216
Sepsis,duration,brier_skill,raw,rung,0.001232060208595669,0.39962868770265036,3,0.007001067852872565,216
Sepsis,duration,logloss_skill,raw,learner,0.12475953104185761,0.4904669163883765,2,0.014525643775929478,216
Sepsis,duration,logloss_skill,raw,split,0.12742498905146415,0.6699350464099876,6,0.014525643775929478,216
Sepsis,duration,logloss_skill,raw,quality_level,0.14514381936123225,0.4256962754335333,6,0.014525643775929478,216
Sepsis,duration,logloss_skill,raw,rung,0.001863137598751195,0.264906838099757,3,0.014525643775929478,216
Sepsis,duration,nagelkerke,raw,learner,0.019019161806944872,0.4302433378252146,2,0.06017721337584125,216
Sepsis,duration,nagelkerke,raw,split,0.13437979669380334,0.719489321284067,6,0.06017721337584125,216
Sepsis,duration,nagelkerke,raw,quality_level,0.1539158849238304,0.5040115237947373,6,0.06017721337584125,216
Sepsis,duration,nagelkerke,raw,rung,0.007651282453928085,0.31263255381361665,3,0.06017721337584125,216
Sepsis,duration,nb_0.050,raw,learner,0.02594738699686033,0.4026340658793509,2,0.00012693701442358668,216
Sepsis,duration,nb_0.050,raw,split,0.09020695756651947,0.5372836538168908,6,0.00012693701442358668,216
Sepsis,duration,nb_0.050,raw,quality_level,0.23948713892932033,0.501594046083907,6,0.00012693701442358668,216
Sepsis,duration,nb_0.050,raw,rung,0.06132706199684276,0.4237200339906887,3,0.00012693701442358668,216
Sepsis,duration,nb_0.075,raw,learner,0.04012638908985919,0.36985690079432043,2,0.00013080916339456037,216
Sepsis,duration,nb_0.075,raw,split,0.051258208460876704,0.3932888138932996,6,0.00013080916339456037,216
Sepsis,duration,nb_0.075,raw,quality_level,0.3648280651175302,0.6208309015130768,6,0.00013080916339456037,216
Sepsis,duration,nb_0.075,raw,rung,0.05311042821059579,0.3128307398226339,3,0.00013080916339456037,216
Sepsis,duration,nb_0.100,raw,learner,0.0705524765984625,0.46821553152075446,2,0.00027080874777184275,216
Sepsis,duration,nb_0.100,raw,split,0.03880769716294701,0.6765631816297296,6,0.00027080874777184275,216
Sepsis,duration,nb_0.100,raw,quality_level,0.2170693922820423,0.3727330637924231,6,0.00027080874777184275,216
Sepsis,duration,nb_0.100,raw,rung,0.01747427348548134,0.4029126548798504,3,0.00027080874777184275,216
Sepsis,duration,nb_0.125,raw,learner,0.017252517297925315,0.43091710060742694,2,0.00024406654935115599,216
Sepsis,duration,nb_0.125,raw,split,0.12273488341849549,0.6810937293979735,6,0.00024406654935115599,216
Sepsis,duration,nb_0.125,raw,quality_level,0.24844290676189001,0.4556109940088183,6,0.00024406654935115599,216
Sepsis,duration,nb_0.125,raw,rung,0.019588621751163875,0.29721479570917897,3,0.00024406654935115599,216
Sepsis,duration,nb_0.150,raw,learner,0.028240836204611215,0.4544903735551793,2,0.00039291084248864043,216
Sepsis,duration,nb_0.150,raw,split,0.11097505020702135,0.6629237423086212,6,0.00039291084248864043,216
Sepsis,duration,nb_0.150,raw,quality_level,0.17507561138036654,0.33456394791219324,6,0.00039291084248864043,216
Sepsis,duration,nb_0.150,raw,rung,0.06665710106635128,0.3946558514845503,3,0.00039291084248864043,216
Sepsis,duration,nb_0.175,raw,learner,0.008014022355471826,0.46859000045022425,2,0.00045498934549392903,216
Sepsis,duration,nb_0.175,raw,split,0.0967467683590913,0.7211769842976687,6,0.00045498934549392903,216
Sepsis,duration,nb_0.175,raw,quality_level,0.1777392384366091,0.3542565316506282,6,0.00045498934549392903,216
Sepsis,duration,nb_0.175,raw,rung,0.03005025668071223,0.4356246471048296,3,0.00045498934549392903,216
Sepsis,duration,nb_0.200,raw,learner,0.050417475869914054,0.4957169694336878,2,0.0004968563051457197,216
Sepsis,duration,nb_0.200,raw,split,0.12593305649079317,0.6927228612191758,6,0.0004968563051457197,216
Sepsis,duration,nb_0.200,raw,quality_level,0.17716391448844973,0.3715480094523774,6,0.0004968563051457197,216
Sepsis,duration,nb_0.200,raw,rung,0.03193696358138092,0.3301048002370688,3,0.0004968563051457197,216
Sepsis,duration,nb_0.225,raw,learner,0.06258252396078026,0.4880336480344586,2,0.0005653645476567647,216
Sepsis,duration,nb_0.225,raw,split,0.15923110267088034,0.6825105122734625,6,0.0005653645476567647,216
Sepsis,duration,nb_0.225,raw,quality_level,0.16162218340459242,0.3741096395847935,6,0.0005653645476567647,216
Sepsis,duration,nb_0.225,raw,rung,0.01741956897560516,0.29435184063257047,3,0.0005653645476567647,216
Sepsis,duration,nb_0.250,raw,learner,0.010061884788757481,0.4249680150863743,2,0.0005927613326458685,216
Sepsis,duration,nb_0.250,raw,split,0.1994312798875888,0.7133720620612651,6,0.0005927613326458685,216
Sepsis,duration,nb_0.250,raw,quality_level,0.1730910426420334,0.3961522526731397,6,0.0005927613326458685,216
Sepsis,duration,nb_0.250,raw,rung,0.01577821517674863,0.38162905561775895,3,0.0005927613326458685,216
Sepsis,duration,nb_0.275,raw,learner,0.0018562381871124957,0.4766848073973784,2,0.0006492701377194597,216
Sepsis,duration,nb_0.275,raw,split,0.15357124400610914,0.7334956457512514,6,0.0006492701377194597,216
Sepsis,duration,nb_0.275,raw,quality_level,0.17151180673253802,0.41152835825732137,6,0.0006492701377194597,216
Sepsis,duration,nb_0.275,raw,rung,0.005585495306612887,0.4013870129624324,3,0.0006492701377194597,216
Sepsis,duration,nb_0.300,raw,learner,0.01745083733709418,0.5366984898011619,2,0.0008695667683611282,216
Sepsis,duration,nb_0.300,raw,split,0.15929566807712642,0.7087538342535813,6,0.0008695667683611282,216
Sepsis,duration,nb_0.300,raw,quality_level,0.13408996545686444,0.4007245348934946,6,0.0008695667683611282,216
Sepsis,duration,nb_0.300,raw,rung,0.0033488636678181203,0.4142179744961365,3,0.0008695667683611282,216
Sepsis,duration,nb_0.325,raw,learner,0.014026691565999155,0.5236999382692975,2,0.0010225257114904788,216
Sepsis,duration,nb_0.325,raw,split,0.14937401145773718,0.723801749569907,6,0.0010225257114904788,216
Sepsis,duration,nb_0.325,raw,quality_level,0.13105895936467862,0.41027624771456594,6,0.0010225257114904788,216
Sepsis,duration,nb_0.325,raw,rung,0.010549634514941265,0.42017141337706154,3,0.0010225257114904788,216
Sepsis,duration,nb_0.350,raw,learner,0.028831526488624973,0.48166352233086696,2,0.001059275820680294,216
Sepsis,duration,nb_0.350,raw,split,0.17192939622296677,0.7480483585158202,6,0.001059275820680294,216
Sepsis,duration,nb_0.350,raw,quality_level,0.11872354824638569,0.37712847798546323,6,0.001059275820680294,216
Sepsis,duration,nb_0.350,raw,rung,0.009262048684982841,0.40996691038785427,3,0.001059275820680294,216
Sepsis,duration,nb_0.375,raw,learner,0.06136426066611454,0.47276268583700953,2,0.0011472972960713016,216
Sepsis,duration,nb_0.375,raw,split,0.12715144866902162,0.7006654657996538,6,0.0011472972960713016,216
Sepsis,duration,nb_0.375,raw,quality_level,0.10924021680584106,0.3557289509050854,6,0.0011472972960713016,216
Sepsis,duration,nb_0.375,raw,rung,0.018978470471767424,0.4536425224640287,3,0.0011472972960713016,216
Sepsis,duration,nb_0.400,raw,learner,0.009295230364916269,0.4574605591213575,2,0.0016684021711531414,216
Sepsis,duration,nb_0.400,raw,split,0.11025879997284246,0.8321818645459694,6,0.0016684021711531414,216
Sepsis,duration,nb_0.400,raw,quality_level,0.07963773521880428,0.2590346140495895,6,0.0016684021711531414,216
Sepsis,duration,nb_0.400,raw,rung,0.03769325119896086,0.5125627349495234,3,0.0016684021711531414,216
Sepsis,duration,nb_0.425,raw,learner,0.0014479447504797743,0.48049559017847154,2,0.0018778956424176344,216
Sepsis,duration,nb_0.425,raw,split,0.11323361471668607,0.83485301015321,6,0.0018778956424176344,216
Sepsis,duration,nb_0.425,raw,quality_level,0.07973115722207132,0.2568420894843919,6,0.0018778956424176344,216
Sepsis,duration,nb_0.425,raw,rung,0.03674316239437743,0.5617642600523343,3,0.0018778956424176344,216
Sepsis,duration,nb_0.450,raw,learner,0.014733981076914204,0.38984188509444806,2,0.00195932310413724,216
Sepsis,duration,nb_0.450,raw,split,0.17754717936683098,0.8144042430993169,6,0.00195932310413724,216
Sepsis,duration,nb_0.450,raw,quality_level,0.06986841017897077,0.24950700480089316,6,0.00195932310413724,216
Sepsis,duration,nb_0.450,raw,rung,0.06492821805755708,0.5280828101072053,3,0.00195932310413724,216
Sepsis,duration,nb_0.475,raw,learner,0.025209001803882188,0.45953431024171465,2,0.0016249078652294303,216
Sepsis,duration,nb_0.475,raw,split,0.06453701331052783,0.7671088409626501,6,0.0016249078652294303,216
Sepsis,duration,nb_0.475,raw,quality_level,0.08222325214289417,0.3246314712673575,6,0.0016249078652294303,216
Sepsis,duration,nb_0.475,raw,rung,0.07218327430701423,0.5158514701866526,3,0.0016249078652294303,216
Sepsis,duration,nb_0.500,raw,learner,0.002710911618238413,0.4045919884899781,2,0.0017610968458917381,216
Sepsis,duration,nb_0.500,raw,split,0.06859649241159115,0.7607371369311146,6,0.0017610968458917381,216
Sepsis,duration,nb_0.500,raw,quality_level,0.09104716790784129,0.368379084975337,6,0.0017610968458917381,216
Sepsis,duration,nb_0.500,raw,rung,0.09548338350978403,0.5960326975877894,3,0.0017610968458917381,216
Sepsis,duration,nb_0.525,raw,learner,0.002753938147712433,0.4910688540077518,2,0.002539355596342991,216
Sepsis,duration,nb_0.525,raw,split,0.050602585857926125,0.8194526464406502,6,0.002539355596342991,216
Sepsis,duration,nb_0.525,raw,quality_level,0.06760697323448604,0.28630831270561763,6,0.002539355596342991,216
Sepsis,duration,nb_0.525,raw,rung,0.07403509455190017,0.7044579072440692,3,0.002539355596342991,216
Sepsis,duration,nb_0.550,raw,learner,0.004408206069781563,0.40479512932032846,2,0.003136537933198829,216
Sepsis,duration,nb_0.550,raw,split,0.0325573850980627,0.7764845126962417,6,0.003136537933198829,216
Sepsis,duration,nb_0.550,raw,quality_level,0.07163270385347062,0.2831323219248233,6,0.003136537933198829,216
Sepsis,duration,nb_0.550,raw,rung,0.11648121891731328,0.7248928024595264,3,0.003136537933198829,216
Sepsis,duration,nb_0.575,raw,learner,0.0027669576662639247,0.4386462436735896,2,0.0041841538960695444,216
Sepsis,duration,nb_0.575,raw,split,0.0820584453268515,0.8778574468328447,6,0.0041841538960695444,216
Sepsis,duration,nb_0.575,raw,quality_level,0.05797122331157509,0.19868701204890793,6,0.0041841538960695444,216
Sepsis,duration,nb_0.575,raw,rung,0.004421755203851881,0.7519324588517242,3,0.0041841538960695444,216
Sepsis,duration,nb_0.600,raw,learner,0.004708315299230903,0.4888833942001024,2,0.0039745205747684295,216
Sepsis,duration,nb_0.600,raw,split,0.1659297926479898,0.8969820450690864,6,0.0039745205747684295,216
Sepsis,duration,nb_0.600,raw,quality_level,0.06836243117667792,0.22628406482776775,6,0.0039745205747684295,216
Sepsis,duration,nb_0.600,raw,rung,0.003058587443936154,0.545610879406502,3,0.0039745205747684295,216
Sepsis,duration,nb_0.625,raw,learner,0.012221672467950997,0.5103289896183911,2,0.0051368550942875405,216
Sepsis,duration,nb_0.625,raw,split,0.1292543617033325,0.8758252279049588,6,0.0051368550942875405,216
Sepsis,duration,nb_0.625,raw,quality_level,0.0413531593985908,0.1962480647762953,6,0.0051368550942875405,216
Sepsis,duration,nb_0.625,raw,rung,0.04105303440248592,0.5446381758228787,3,0.0051368550942875405,216
Sepsis,duration,nb_0.650,raw,learner,0.018185713320183542,0.5517752088211683,2,0.006954728195500577,216
Sepsis,duration,nb_0.650,raw,split,0.14997444999394283,0.7885557594340822,6,0.006954728195500577,216
Sepsis,duration,nb_0.650,raw,quality_level,0.02791740255145355,0.16357413274355526,6,0.006954728195500577,216
Sepsis,duration,nb_0.650,raw,rung,0.10894358497570897,0.4906507121703473,3,0.006954728195500577,216
Sepsis,duration,nb_0.675,raw,learner,0.009453607215712697,0.47081581230072034,2,0.007147522162584475,216
Sepsis,duration,nb_0.675,raw,split,0.18122577492552666,0.8347716074837673,6,0.007147522162584475,216
Sepsis,duration,nb_0.675,raw,quality_level,0.03094290952289136,0.19433243002858525,6,0.007147522162584475,216
Sepsis,duration,nb_0.675,raw,rung,0.0944804520173696,0.516410393999954,3,0.007147522162584475,216
Sepsis,duration,nb_0.700,raw,learner,0.0023194946900226346,0.4682275629947691,2,0.00785604848469557,216
Sepsis,duration,nb_0.700,raw,split,0.21732639575426024,0.860651741164808,6,0.00785604848469557,216
Sepsis,duration,nb_0.700,raw,quality_level,0.038744721448791805,0.17380937347702552,6,0.00785604848469557,216
Sepsis,duration,nb_0.700,raw,rung,0.0741718729279613,0.5329235693216754,3,0.00785604848469557,216
Sepsis,duration,nb_0.725,raw,learner,0.018917327025232203,0.3792306289274858,2,0.00742544436801732,216
Sepsis,duration,nb_0.725,raw,split,0.2279142112869634,0.7160520774408277,6,0.00742544436801732,216
Sepsis,duration,nb_0.725,raw,quality_level,0.038535107537419,0.2597615726536481,6,0.00742544436801732,216
Sepsis,duration,nb_0.725,raw,rung,0.17211847640499003,0.45221033658005105,3,0.00742544436801732,216
Sepsis,duration,nb_0.750,raw,learner,0.014291363775773825,0.31897660994918686,2,0.008760873425617651,216
Sepsis,duration,nb_0.750,raw,split,0.2603157144410594,0.7666873831594723,6,0.008760873425617651,216
Sepsis,duration,nb_0.750,raw,quality_level,0.031209849033386007,0.2640438557977042,6,0.008760873425617651,216
Sepsis,duration,nb_0.750,raw,rung,0.12694724007910468,0.49373548385430055,3,0.008760873425617651,216
Sepsis,duration,nb_0.775,raw,learner,0.0372604168090687,0.429707236280483,2,0.010145145029126416,216
Sepsis,duration,nb_0.775,raw,split,0.23958669461041388,0.7546120330718404,6,0.010145145029126416,216
Sepsis,duration,nb_0.775,raw,quality_level,0.023677687475119176,0.2613796732986211,6,0.010145145029126416,216
Sepsis,duration,nb_0.775,raw,rung,0.07644498734369473,0.45060056751675137,3,0.010145145029126416,216
Sepsis,duration,nb_0.800,raw,learner,0.10026077344472102,0.5356640031368849,2,0.012939241743539867,216
Sepsis,duration,nb_0.800,raw,split,0.15880733176515802,0.7262610476431761,6,0.012939241743539867,216
Sepsis,duration,nb_0.800,raw,quality_level,0.011008662492789832,0.2794440883782072,6,0.012939241743539867,216
Sepsis,duration,nb_0.800,raw,rung,0.05804082128387827,0.45870217796346346,3,0.012939241743539867,216
UCI498,duration,ap,raw,learner,0.0017865847224683745,0.1252386689708368,2,0.0005190417424307705,216
UCI498,duration,ap,raw,split,0.06734758613352745,0.1757366656510747,6,0.0005190417424307705,216
UCI498,duration,ap,raw,quality_level,0.02129615464404124,0.10062773312491036,6,0.0005190417424307705,216
UCI498,duration,ap,raw,rung,0.6900620317634363,0.8748163535922936,3,0.0005190417424307705,216
UCI498,duration,auc,raw,learner,0.002983471790752469,0.023161878123908575,2,0.0006848388424463074,216
UCI498,duration,auc,raw,split,0.031163278192318816,0.08424330391871693,6,0.0006848388424463074,216
UCI498,duration,auc,raw,quality_level,0.029566122157103452,0.16263145214728747,6,0.0006848388424463074,216
UCI498,duration,auc,raw,rung,0.7703771966342026,0.920016137824636,3,0.0006848388424463074,216
UCI498,duration,brier_skill,raw,learner,0.050815155851646664,0.22780568783109567,2,0.00019665273553405067,216
UCI498,duration,brier_skill,raw,split,0.39876376068094027,0.8111012750833188,6,0.00019665273553405067,216
UCI498,duration,brier_skill,raw,quality_level,0.03633077929296528,0.21352990077924283,6,0.00019665273553405067,216
UCI498,duration,brier_skill,raw,rung,0.056127851811806136,0.3814955557711357,3,0.00019665273553405067,216
UCI498,duration,logloss_skill,raw,learner,0.05897727616472188,0.2264540962422864,2,0.00017518099343949198,216
UCI498,duration,logloss_skill,raw,split,0.4512398299543053,0.8423645362855955,6,0.00017518099343949198,216
UCI498,duration,logloss_skill,raw,quality_level,0.034864482118050134,0.18314299427174308,6,0.00017518099343949198,216
UCI498,duration,logloss_skill,raw,rung,0.021608548474057535,0.3288356785883948,3,0.00017518099343949198,216
UCI498,duration,nagelkerke,raw,learner,0.04807473489411785,0.20170784776380024,2,0.00043713817412908794,216
UCI498,duration,nagelkerke,raw,split,0.4527360960214066,0.8700436613119044,6,0.00043713817412908794,216
UCI498,duration,nagelkerke,raw,quality_level,0.02793650584047421,0.17104892050387888,6,0.00043713817412908794,216
UCI498,duration,nagelkerke,raw,rung,0.01653606980938937,0.35443657999398126,3,0.00043713817412908794,216
UCI498,duration,nb_0.050,raw,learner,0.00045981584809066104,0.24917260011330322,2,3.098923287468408e-07,216
UCI498,duration,nb_0.050,raw,split,0.18611462725688793,0.8540225690840568,6,3.098923287468408e-07,216
UCI498,duration,nb_0.050,raw,quality_level,0.013974974726313252,0.3364655056464225,6,3.098923287468408e-07,216
UCI498,duration,nb_0.050,raw,rung,0.060887615453107,0.6272691013306191,3,3.098923287468408e-07,216
UCI498,duration,nb_0.075,raw,learner,0.0002143953545687267,0.2054348077651097,2,1.092352690358867e-06,216
UCI498,duration,nb_0.075,raw,split,0.35494578812774646,0.7394115004928988,6,1.092352690358867e-06,216
UCI498,duration,nb_0.075,raw,quality_level,0.011777194501621254,0.25501392633977293,6,1.092352690358867e-06,216
UCI498,duration,nb_0.075,raw,rung,0.1794183631780372,0.491608464205586,3,1.092352690358867e-06,216
UCI498,duration,nb_0.100,raw,learner,0.03825238281727286,0.18807928777998584,2,2.56152509066424e-06,216
UCI498,duration,nb_0.100,raw,split,0.5357510898035869,0.8536099658092431,6,2.56152509066424e-06,216
UCI498,duration,nb_0.100,raw,quality_level,0.008330615023792213,0.23839490467672153,6,2.56152509066424e-06,216
UCI498,duration,nb_0.100,raw,rung,0.048065983069717266,0.28710504130681536,3,2.56152509066424e-06,216
UCI498,duration,nb_0.125,raw,learner,0.007400109727290412,0.15993121896517415,2,7.31843977884231e-06,216
UCI498,duration,nb_0.125,raw,split,0.48337938923264195,0.9090421744720949,6,7.31843977884231e-06,216
UCI498,duration,nb_0.125,raw,quality_level,0.010143792823488896,0.1647536462352709,6,7.31843977884231e-06,216
UCI498,duration,nb_0.125,raw,rung,0.04538587884072776,0.4105824562506015,3,7.31843977884231e-06,216
UCI498,duration,nb_0.150,raw,learner,0.04420664921596611,0.4302602857893547,2,1.81398532103491e-05,216
UCI498,duration,nb_0.150,raw,split,0.2150004274006917,0.7302183475388095,6,1.81398532103491e-05,216
UCI498,duration,nb_0.150,raw,quality_level,0.00585067496083517,0.13683432670246687,6,1.81398532103491e-05,216
UCI498,duration,nb_0.150,raw,rung,0.1755363023557281,0.6144332972868914,3,1.81398532103491e-05,216
UCI498,duration,nb_0.175,raw,learner,0.040445580722051386,0.2693299761444965,2,1.9269184048197897e-05,216
UCI498,duration,nb_0.175,raw,split,0.12809098117892254,0.8100137383646182,6,1.9269184048197897e-05,216
UCI498,duration,nb_0.175,raw,quality_level,0.0033900270184479865,0.26461725419921533,6,1.9269184048197897e-05,216
UCI498,duration,nb_0.175,raw,rung,0.1199609981837334,0.6414342014404916,3,1.9269184048197897e-05,216
UCI498,duration,nb_0.200,raw,learner,0.04151077278823188,0.2512462060768943,2,2.587864944641003e-05,216
UCI498,duration,nb_0.200,raw,split,0.10623509030831188,0.7530989352307782,6,2.587864944641003e-05,216
UCI498,duration,nb_0.200,raw,quality_level,0.004028572989323795,0.20156194973655606,6,2.587864944641003e-05,216
UCI498,duration,nb_0.200,raw,rung,0.15802684160326913,0.7609618668139546,3,2.587864944641003e-05,216
UCI498,duration,nb_0.225,raw,learner,0.025314001408139254,0.5119084057813259,2,6.562065095171889e-05,216
UCI498,duration,nb_0.225,raw,split,0.14045921703293396,0.7744022634448786,6,6.562065095171889e-05,216
UCI498,duration,nb_0.225,raw,quality_level,0.006778016294863764,0.16126255178253435,6,6.562065095171889e-05,216
UCI498,duration,nb_0.225,raw,rung,0.15426341103922298,0.6282270753086145,3,6.562065095171889e-05,216
UCI498,duration,nb_0.250,raw,learner,0.004885621195099794,0.19308259670081485,2,8.044093342069125e-05,216
UCI498,duration,nb_0.250,raw,split,0.1751690046066358,0.6457818146656132,6,8.044093342069125e-05,216
UCI498,duration,nb_0.250,raw,quality_level,0.01062057774947746,0.14756956679427835,6,8.044093342069125e-05,216
UCI498,duration,nb_0.250,raw,rung,0.2762260079356999,0.7074484461642447,3,8.044093342069125e-05,216
UCI498,duration,nb_0.275,raw,learner,0.002895851905626618,0.15423800008798316,2,0.00010379375229297242,216
UCI498,duration,nb_0.275,raw,split,0.11737934860305328,0.5848043108420213,6,0.00010379375229297242,216
UCI498,duration,nb_0.275,raw,quality_level,0.010533169178749363,0.13378085127131045,6,0.00010379375229297242,216
UCI498,duration,nb_0.275,raw,rung,0.3463461220372184,0.8214891962639663,3,0.00010379375229297242,216
UCI498,duration,nb_0.300,raw,learner,0.022091233333650973,0.4968642670976219,2,0.00015426032440589194,216
UCI498,duration,nb_0.300,raw,split,0.06636359697439334,0.6657841964526445,6,0.00015426032440589194,216
UCI498,duration,nb_0.300,raw,quality_level,0.0031024458310469636,0.11254786498764424,6,0.00015426032440589194,216
UCI498,duration,nb_0.300,raw,rung,0.25814050895424634,0.7560986108565056,3,0.00015426032440589194,216
UCI498,duration,nb_0.325,raw,learner,0.001610700310948779,0.13692114881844464,2,0.00018202150876672513,216
UCI498,duration,nb_0.325,raw,split,0.14520796953042703,0.40940992437700385,6,0.00018202150876672513,216
UCI498,duration,nb_0.325,raw,quality_level,0.002671007711774332,0.12071486519188002,6,0.00018202150876672513,216
UCI498,duration,nb_0.325,raw,rung,0.5033239403042089,0.8124870548896258,3,0.00018202150876672513,216
UCI498,duration,nb_0.350,raw,learner,0.0022102342033303857,0.08422679543375322,2,0.0003372932388897346,216
UCI498,duration,nb_0.350,raw,split,0.10521047197223266,0.3074860595838723,6,0.0003372932388897346,216
UCI498,duration,nb_0.350,raw,quality_level,0.012384653096998453,0.1811616351536579,6,0.0003372932388897346,216
UCI498,duration,nb_0.350,raw,rung,0.5799710932182585,0.844723832796112,3,0.0003372932388897346,216
UCI498,duration,nb_0.375,raw,learner,0.007097072381840957,0.06285975890129114,2,0.0006231998260690754,216
UCI498,duration,nb_0.375,raw,split,0.09361975610177828,0.36013463866209705,6,0.0006231998260690754,216
UCI498,duration,nb_0.375,raw,quality_level,0.024173167949088394,0.18661227728784135,6,0.0006231998260690754,216
UCI498,duration,nb_0.375,raw,rung,0.5336073290836586,0.8422361471903984,3,0.0006231998260690754,216
UCI498,duration,nb_0.400,raw,learner,0.007627130643589266,0.046690472143248396,2,0.0013799838429080847,216
UCI498,duration,nb_0.400,raw,split,0.21903732813608556,0.7013434449673013,6,0.0013799838429080847,216
UCI498,duration,nb_0.400,raw,quality_level,0.019496607161886108,0.17129961055197496,6,0.0013799838429080847,216
UCI498,duration,nb_0.400,raw,rung,0.22104820897340208,0.7143559428348507,3,0.0013799838429080847,216
UCI498,duration,nb_0.425,raw,learner,0.0004448493619228983,0.02495706814430365,2,0.0028737609218445733,216
UCI498,duration,nb_0.425,raw,split,0.2683261863432083,0.8357984533840043,6,0.0028737609218445733,216
UCI498,duration,nb_0.425,raw,quality_level,0.0026866019614137492,0.07852671210576434,6,0.0028737609218445733,216
UCI498,duration,nb_0.425,raw,rung,0.14954963020165501,0.7051512414769254,3,0.0028737609218445733,216
UCI498,duration,nb_0.450,raw,learner,0.0015699718911601887,0.057104519267803466,2,0.0014341842662063903,216
UCI498,duration,nb_0.450,raw,split,0.17983139329895959,0.8713112706642868,6,0.0014341842662063903,216
UCI498,duration,nb_0.450,raw,quality_level,0.004448339145911033,0.14840952721748357,6,0.0014341842662063903,216
UCI498,duration,nb_0.450,raw,rung,0.10298400740586976,0.7595837341206408,3,0.0014341842662063903,216
UCI498,duration,nb_0.475,raw,learner,0.0001467036869365326,0.047983488127432694,2,0.0020125228346296264,216
UCI498,duration,nb_0.475,raw,split,0.21797555704623908,0.9660251048774832,6,0.0020125228346296264,216
UCI498,duration,nb_0.475,raw,quality_level,0.0035376837211550487,0.17731253785072332,6,0.0020125228346296264,216
UCI498,duration,nb_0.475,raw,rung,0.021485712066623055,0.7133178659893042,3,0.0020125228346296264,216
UCI498,duration,nb_0.500,raw,learner,0.0006185328797726872,0.06678472642542777,2,0.0018998572610033975,216
UCI498,duration,nb_0.500,raw,split,0.16927442117917893,0.6974727014055218,6,0.0018998572610033975,216
UCI498,duration,nb_0.500,raw,quality_level,0.011963474949363662,0.1364345539313403,6,0.0018998572610033975,216
UCI498,duration,nb_0.500,raw,rung,0.26405402093607505,0.7756652136630295,3,0.0018998572610033975,216
UCI498,duration,nb_0.525,raw,learner,0.0018166414915372277,0.0541446161235154,2,0.0021797707692039264,216
UCI498,duration,nb_0.525,raw,split,0.19322980954925606,0.8210003926599463,6,0.0021797707692039264,216
UCI498,duration,nb_0.525,raw,quality_level,0.0050748831682204155,0.11966439489279601,6,0.0021797707692039264,216
UCI498,duration,nb_0.525,raw,rung,0.1573630946551612,0.7597613480989944,3,0.0021797707692039264,216
UCI498,duration,nb_0.550,raw,learner,0.007238999972594272,0.10696940508848751,2,0.0029100886624359185,216
UCI498,duration,nb_0.550,raw,split,0.1886478311083016,0.9331329698152564,6,0.0029100886624359185,216
UCI498,duration,nb_0.550,raw,quality_level,0.004164910480953419,0.21777953352603563,6,0.0029100886624359185,216
UCI498,duration,nb_0.550,raw,rung,0.031771855534487095,0.7036375093132694,3,0.0029100886624359185,216
UCI498,duration,nb_0.575,raw,learner,0.006969200094334178,0.07109624244058776,2,0.005058562710926444,216
UCI498,duration,nb_0.575,raw,split,0.23259813820296002,0.9625464714205791,6,0.005058562710926444,216
UCI498,duration,nb_0.575,raw,quality_level,0.0005314961000445957,0.1630735258249194,6,0.005058562710926444,216
UCI498,duration,nb_0.575,raw,rung,0.0024360908609230487,0.6952446528494053,3,0.005058562710926444,216
UCI498,duration,nb_0.600,raw,learner,0.0053174392371306365,0.08246356165238256,2,0.0040465995412673995,216
UCI498,duration,nb_0.600,raw,split,0.21583064428731977,0.682177008777336,6,0.0040465995412673995,216
UCI498,duration,nb_0.600,raw,quality_level,0.007014359645715698,0.1005803506236016,6,0.0040465995412673995,216
UCI498,duration,nb_0.600,raw,rung,0.2796436153277534,0.7373618589255007,3,0.0040465995412673995,216
UCI498,duration,nb_0.625,raw,learner,0.0061092926828004955,0.0686109271777281,2,0.0040895459205228905,216
UCI498,duration,nb_0.625,raw,split,0.23770772934466278,0.732185205234207,6,0.0040895459205228905,216
UCI498,duration,nb_0.625,raw,quality_level,0.006746760833170707,0.11432862938488342,6,0.0040895459205228905,216
UCI498,duration,nb_0.625,raw,rung,0.2303396518949363,0.7170835115300425,3,0.0040895459205228905,216
UCI498,duration,nb_0.650,raw,learner,0.008976781256310795,0.05980538953969061,2,0.002474191302637888,216
UCI498,duration,nb_0.650,raw,split,0.2277418574033991,0.7309512353454534,6,0.002474191302637888,216
UCI498,duration,nb_0.650,raw,quality_level,0.01274062429800388,0.18887052406037208,6,0.002474191302637888,216
UCI498,duration,nb_0.650,raw,rung,0.20443142515761278,0.7030101761804709,3,0.002474191302637888,216
UCI498,duration,nb_0.675,raw,learner,0.03636150470607473,0.13318319936977396,2,0.0010663177713473799,216
UCI498,duration,nb_0.675,raw,split,0.312299174290681,0.6983652821290767,6,0.0010663177713473799,216
UCI498,duration,nb_0.675,raw,quality_level,0.008988988901408257,0.09734940056161767,6,0.0010663177713473799,216
UCI498,duration,nb_0.675,raw,rung,0.20735408034957725,0.5938967362473582,3,0.0010663177713473799,216
UCI498,duration,nb_0.700,raw,learner,0.03731325845139542,0.1642576173859126,2,0.0008631112173356102,216
UCI498,duration,nb_0.700,raw,split,0.31102123727383624,0.7388348562157468,6,0.0008631112173356102,216
UCI498,duration,nb_0.700,raw,quality_level,0.008125465587500944,0.08893551594899718,6,0.0008631112173356102,216
UCI498,duration,nb_0.700,raw,rung,0.17117021522653378,0.5832250164652044,3,0.0008631112173356102,216
UCI498,duration,nb_0.725,raw,learner,0.07696832881485759,0.30009811689720567,2,0.0004785593923625866,216
UCI498,duration,nb_0.725,raw,split,0.227667721518706,0.7442074936693737,6,0.0004785593923625866,216
UCI498,duration,nb_0.725,raw,quality_level,0.012262835348354545,0.12180011709376559,6,0.0004785593923625866,216
UCI498,duration,nb_0.725,raw,rung,0.10350575983884738,0.5916431270894733,3,0.0004785593923625866,216
UCI498,duration,nb_0.750,raw,learner,0.12693342226137913,0.5498833925319282,2,0.00027409410903926764,216
UCI498,duration,nb_0.750,raw,split,0.0827862197844428,0.7622709022325724,6,0.00027409410903926764,216
UCI498,duration,nb_0.750,raw,quality_level,0.017655266567520114,0.14747819064856882,6,0.00027409410903926764,216
UCI498,duration,nb_0.750,raw,rung,0.031021692644872166,0.6558346183346597,3,0.00027409410903926764,216
UCI498,duration,nb_0.775,raw,learner,0.21137452225145098,0.6807651403306163,2,0.00020166892342774357,216
UCI498,duration,nb_0.775,raw,split,0.03659520959443663,0.65395439320675,6,0.00020166892342774357,216
UCI498,duration,nb_0.775,raw,quality_level,0.030387239068844288,0.26551632507762113,6,0.00020166892342774357,216
UCI498,duration,nb_0.775,raw,rung,0.02025418810721593,0.3948490955381416,3,0.00020166892342774357,216
UCI498,duration,nb_0.800,raw,learner,0.2298382778043499,0.6353153574233457,2,0.00020694509895453485,216
UCI498,duration,nb_0.800,raw,split,0.02732137902308081,0.5273223453180466,6,0.00020694509895453485,216
UCI498,duration,nb_0.800,raw,quality_level,0.03337442006056222,0.30003424684119695,6,0.00020694509895453485,216
UCI498,duration,nb_0.800,raw,rung,0.08859594640529482,0.4879730212801139,3,0.00020694509895453485,216
UCI498,handover,ap,raw,learner,6.783626881970057e-05,0.11149784839652899,2,0.00026742077319141236,216
UCI498,handover,ap,raw,split,0.057872536001719765,0.22660890359804142,6,0.00026742077319141236,216
UCI498,handover,ap,raw,quality_level,0.010256908803303929,0.10565935257364523,6,0.00026742077319141236,216
UCI498,handover,ap,raw,rung,0.6703253067514319,0.8962120785286986,3,0.00026742077319141236,216
UCI498,handover,auc,raw,learner,0.0007916115146449158,0.053847327413199864,2,0.0005309263069708201,216
UCI498,handover,auc,raw,split,0.06492125544489348,0.24573747356642373,6,0.0005309263069708201,216
UCI498,handover,auc,raw,quality_level,0.0074442514832699135,0.0645200417206917,6,0.0005309263069708201,216
UCI498,handover,auc,raw,rung,0.717736732188449,0.8997530531394012,3,0.0005309263069708201,216
UCI498,handover,brier_skill,raw,learner,0.10910125392599009,0.30712524848426903,2,0.00019640216407208923,216
UCI498,handover,brier_skill,raw,split,0.14121610430057283,0.42368678836584583,6,0.00019640216407208923,216
UCI498,handover,brier_skill,raw,quality_level,0.07292964812621917,0.22751202060799258,6,0.00019640216407208923,216
UCI498,handover,brier_skill,raw,rung,0.28678360403471215,0.5715274166583316,3,0.00019640216407208923,216
UCI498,handover,logloss_skill,raw,learner,0.09968743747485724,0.3020027804430564,2,0.00016032153286842338,216
UCI498,handover,logloss_skill,raw,split,0.1355891433734773,0.4444782004356015,6,0.00016032153286842338,216
UCI498,handover,logloss_skill,raw,quality_level,0.08320713382501813,0.24272702976218374,6,0.00016032153286842338,216
UCI498,handover,logloss_skill,raw,rung,0.2626213195507857,0.5690745986920984,3,0.00016032153286842338,216
UCI498,handover,nagelkerke,raw,learner,0.07855444547800787,0.2848983953163007,2,0.0004342560757934189,216
UCI498,handover,nagelkerke,raw,split,0.1386014528648658,0.48166123463324806,6,0.0004342560757934189,216
UCI498,handover,nagelkerke,raw,quality_level,0.07088263163171749,0.24594055913799584,6,0.0004342560757934189,216
UCI498,handover,nagelkerke,raw,rung,0.23881567131203818,0.6115882339538742,3,0.0004342560757934189,216
UCI498,handover,nb_0.050,raw,learner,0.08748473026389976,0.3865232394890882,2,9.253043893839335e-07,216
UCI498,handover,nb_0.050,raw,split,0.1320056388450602,0.47363233840242314,6,9.253043893839335e-07,216
UCI498,handover,nb_0.050,raw,quality_level,0.04050622881875059,0.2643320872503653,6,9.253043893839335e-07,216
UCI498,handover,nb_0.050,raw,rung,0.22850918126476596,0.6279134188565403,3,9.253043893839335e-07,216
UCI498,handover,nb_0.075,raw,learner,0.0049756624634329,0.3923426110347844,2,2.7144593213817367e-06,216
UCI498,handover,nb_0.075,raw,split,0.1427913848026396,0.6687620966327061,6,2.7144593213817367e-06,216
UCI498,handover,nb_0.075,raw,quality_level,0.04436878689502902,0.22433398514460612,6,2.7144593213817367e-06,216
UCI498,handover,nb_0.075,raw,rung,0.10786934429324477,0.6723726367716371,3,2.7144593213817367e-06,216
UCI498,handover,nb_0.100,raw,learner,0.0016422109181994725,0.3384375420996468,2,3.7283357462885183e-06,216
UCI498,handover,nb_0.100,raw,split,0.27079202847440903,0.7319370095880726,6,3.7283357462885183e-06,216
UCI498,handover,nb_0.100,raw,quality_level,0.033113844575374946,0.25488658608826464,6,3.7283357462885183e-06,216
UCI498,handover,nb_0.100,raw,rung,0.13016196278477005,0.56892350775946,3,3.7283357462885183e-06,216
UCI498,handover,nb_0.125,raw,learner,0.000432218382537894,0.3254524561179736,2,4.696293989617931e-06,216
UCI498,handover,nb_0.125,raw,split,0.19420687444510717,0.7948911390025282,6,4.696293989617931e-06,216
UCI498,handover,nb_0.125,raw,quality_level,0.03198454744427554,0.28470099111346947,6,4.696293989617931e-06,216
UCI498,handover,nb_0.125,raw,rung,0.11317723248769684,0.5577887187803005,3,4.696293989617931e-06,216
UCI498,handover,nb_0.150,raw,learner,0.012762872579445455,0.4306928150151864,2,5.175541591247547e-06,216
UCI498,handover,nb_0.150,raw,split,0.14396947013548153,0.8671637894166325,6,5.175541591247547e-06,216
UCI498,handover,nb_0.150,raw,quality_level,0.025602890008958025,0.20931985418300114,6,5.175541591247547e-06,216
UCI498,handover,nb_0.150,raw,rung,0.02429877149190887,0.6019101079802862,3,5.175541591247547e-06,216
UCI498,handover,nb_0.175,raw,learner,0.08671721650692078,0.3254826007416666,2,7.142840124469481e-06,216
UCI498,handover,nb_0.175,raw,split,0.21054282111760203,0.7139386909101579,6,7.142840124469481e-06,216
UCI498,handover,nb_0.175,raw,quality_level,0.06914854188904186,0.3177645863636607,6,7.142840124469481e-06,216
UCI498,handover,nb_0.175,raw,rung,0.00858414038532664,0.49663652462922525,3,7.142840124469481e-06,216
UCI498,handover,nb_0.200,raw,learner,0.0114632191012265,0.40540517131432585,2,3.164744457497859e-05,216
UCI498,handover,nb_0.200,raw,split,0.1303225049070757,0.8046907923364676,6,3.164744457497859e-05,216
UCI498,handover,nb_0.200,raw,quality_level,0.0315101591646544,0.5406712683218069,6,3.164744457497859e-05,216
UCI498,handover,nb_0.200,raw,rung,0.017291435754380944,0.5933736787015984,3,3.164744457497859e-05,216
UCI498,handover,nb_0.225,raw,learner,0.04719308772570273,0.4582806740775883,2,5.191268216835674e-05,216
UCI498,handover,nb_0.225,raw,split,0.14986156579404175,0.68088409568049,6,5.191268216835674e-05,216
UCI498,handover,nb_0.225,raw,quality_level,0.037530992716014934,0.4735951383135619,6,5.191268216835674e-05,216
UCI498,handover,nb_0.225,raw,rung,0.025886234695579564,0.5649078488880168,3,5.191268216835674e-05,216
UCI498,handover,nb_0.250,raw,learner,0.0763063667558611,0.5206139898240066,2,8.189886003710927e-05,216
UCI498,handover,nb_0.250,raw,split,0.10280433765706432,0.4590479438490669,6,8.189886003710927e-05,216
UCI498,handover,nb_0.250,raw,quality_level,0.06712470313090615,0.4789335078673601,6,8.189886003710927e-05,216
UCI498,handover,nb_0.250,raw,rung,0.04983202103235588,0.5916803424569081,3,8.189886003710927e-05,216
UCI498,handover,nb_0.275,raw,learner,0.09240580536691954,0.5337111899894575,2,0.00010129815355989258,216
UCI498,handover,nb_0.275,raw,split,0.09179793900280818,0.472688526175591,6,0.00010129815355989258,216
UCI498,handover,nb_0.275,raw,quality_level,0.06458948728857901,0.4841692093478227,6,0.00010129815355989258,216
UCI498,handover,nb_0.275,raw,rung,0.06772391771938281,0.6083834004501114,3,0.00010129815355989258,216
UCI498,handover,nb_0.300,raw,learner,0.07151778227612901,0.35176790243472,2,0.0006157967056400602,216
UCI498,handover,nb_0.300,raw,split,0.20831503160987122,0.7469691249607664,6,0.0006157967056400602,216
UCI498,handover,nb_0.300,raw,quality_level,0.01727602305543763,0.0808420693033457,6,0.0006157967056400602,216
UCI498,handover,nb_0.300,raw,rung,0.032504567319689766,0.6403313073454665,3,0.0006157967056400602,216
UCI498,handover,nb_0.325,raw,learner,0.04217534410419653,0.26282137310739295,2,0.0005255499996107008,216
UCI498,handover,nb_0.325,raw,split,0.24071676975846,0.8776781180282736,6,0.0005255499996107008,216
UCI498,handover,nb_0.325,raw,quality_level,0.012984614298566552,0.10991329639417435,6,0.0005255499996107008,216
UCI498,handover,nb_0.325,raw,rung,0.014108592110764193,0.6333313968536727,3,0.0005255499996107008,216
UCI498,handover,nb_0.350,raw,learner,0.0029213575035211136,0.050995622017222964,2,0.0009349055483169166,216
UCI498,handover,nb_0.350,raw,split,0.21416403755744104,0.7129951016357254,6,0.0009349055483169166,216
UCI498,handover,nb_0.350,raw,quality_level,0.005873892762589669,0.08301286861781632,6,0.0009349055483169166,216
UCI498,handover,nb_0.350,raw,rung,0.2687074177022015,0.7487586069379804,3,0.0009349055483169166,216
UCI498,handover,nb_0.375,raw,learner,0.00021099441037490964,0.06786579594202036,2,0.00022267683525966254,216
UCI498,handover,nb_0.375,raw,split,0.06336774839300223,0.4701238695391605,6,0.00022267683525966254,216
UCI498,handover,nb_0.375,raw,quality_level,0.014511576981640068,0.2803952755905138,6,0.00022267683525966254,216
UCI498,handover,nb_0.375,raw,rung,0.42249600287453715,0.8511250846458873,3,0.00022267683525966254,216
UCI498,handover,nb_0.400,raw,learner,0.00018807075728182357,0.26737885932503536,2,7.723740188320341e-05,216
UCI498,handover,nb_0.400,raw,split,0.022812489679639784,0.5551497928487187,6,7.723740188320341e-05,216
UCI498,handover,nb_0.400,raw,quality_level,0.0043981228878008285,0.1697610603934342,6,7.723740188320341e-05,216
UCI498,handover,nb_0.400,raw,rung,0.32833098261744215,0.8651306796174894,3,7.723740188320341e-05,216
UCI498,handover,nb_0.425,raw,learner,0.018947247730485096,0.443257412361007,2,3.979548230339433e-05,216
UCI498,handover,nb_0.425,raw,split,0.03283291395624096,0.6816883918171381,6,3.979548230339433e-05,216
UCI498,handover,nb_0.425,raw,quality_level,0.02432005846919675,0.23569010336825613,6,3.979548230339433e-05,216
UCI498,handover,nb_0.425,raw,rung,0.14101989863093178,0.8384434665620358,3,3.979548230339433e-05,216
UCI498,handover,nb_0.450,raw,learner,0.015696739443655905,0.38101500822416234,2,2.8436547158278013e-05,216
UCI498,handover,nb_0.450,raw,split,0.11690376876876152,0.7373585081016143,6,2.8436547158278013e-05,216
UCI498,handover,nb_0.450,raw,quality_level,0.046589579670889766,0.3278608194356778,6,2.8436547158278013e-05,216
UCI498,handover,nb_0.450,raw,rung,0.14253459620561382,0.6655781137338321,3,2.8436547158278013e-05,216
UCI498,handover,nb_0.475,raw,learner,0.01420982694603997,0.40280490540878877,2,3.381415534258658e-05,216
UCI498,handover,nb_0.475,raw,split,0.0805826873541167,0.7122477205043731,6,3.381415534258658e-05,216
UCI498,handover,nb_0.475,raw,quality_level,0.047056535470407265,0.3767033050607588,6,3.381415534258658e-05,216
UCI498,handover,nb_0.475,raw,rung,0.1485814750414731,0.6170930155665477,3,3.381415534258658e-05,216
UCI498,handover,nb_0.500,raw,learner,0.08505247118225107,0.5051624183759863,2,3.229898419123244e-05,216
UCI498,handover,nb_0.500,raw,split,0.0758889459522391,0.5350072039790481,6,3.229898419123244e-05,216
UCI498,handover,nb_0.500,raw,quality_level,0.03827963222809293,0.36213409644848005,6,3.229898419123244e-05,216
UCI498,handover,nb_0.500,raw,rung,0.17719837989996606,0.5421758414037019,3,3.229898419123244e-05,216
UCI498,handover,nb_0.525,raw,learner,0.09920173102988568,0.5514945315498763,2,3.956806036096505e-05,216
UCI498,handover,nb_0.525,raw,split,0.034808372826402235,0.5637673106482974,6,3.956806036096505e-05,216
UCI498,handover,nb_0.525,raw,quality_level,0.050042402421580215,0.46057842207265975,6,3.956806036096505e-05,216
UCI498,handover,nb_0.525,raw,rung,0.08837149974510146,0.5407002456573935,3,3.956806036096505e-05,216
UCI498,handover,nb_0.550,raw,learner,0.08706527219809225,0.4870351961520645,2,3.329663420699686e-05,216
UCI498,handover,nb_0.550,raw,split,0.02109260019719847,0.38353880367375404,6,3.329663420699686e-05,216
UCI498,handover,nb_0.550,raw,quality_level,0.05959360926313214,0.3332850775734273,6,3.329663420699686e-05,216
UCI498,handover,nb_0.550,raw,rung,0.25679795008777884,0.6121756286441884,3,3.329663420699686e-05,216
UCI498,handover,nb_0.575,raw,learner,0.11112624087626712,0.4626408853408328,2,3.351617494420105e-05,216
UCI498,handover,nb_0.575,raw,split,0.018772379774416658,0.20211768280422449,6,3.351617494420105e-05,216
UCI498,handover,nb_0.575,raw,quality_level,0.05908270781621117,0.29142605352574946,6,3.351617494420105e-05,216
UCI498,handover,nb_0.575,raw,rung,0.3162151699054871,0.6946313400394588,3,3.351617494420105e-05,216
UCI498,handover,nb_0.600,raw,learner,0.08414110901132668,0.432781847990382,2,4.148991816296492e-05,216
UCI498,handover,nb_0.600,raw,split,0.012063418274044042,0.18547441322926517,6,4.148991816296492e-05,216
UCI498,handover,nb_0.600,raw,quality_level,0.04446991035925889,0.2841402508450189,6,4.148991816296492e-05,216
UCI498,handover,nb_0.600,raw,rung,0.3567488979363626,0.7532500165015872,3,4.148991816296492e-05,216
UCI498,handover,nb_0.625,raw,learner,0.07230246976423711,0.44938020436273285,2,5.0309912982826874e-05,216
UCI498,handover,nb_0.625,raw,split,0.012079652206254503,0.18684900549665884,6,5.0309912982826874e-05,216
UCI498,handover,nb_0.625,raw,quality_level,0.03344868838024894,0.24886846441509336,6,5.0309912982826874e-05,216
UCI498,handover,nb_0.625,raw,rung,0.3786239461745612,0.7943950076267772,3,5.0309912982826874e-05,216
UCI498,handover,nb_0.650,raw,learner,0.07122255810833458,0.48284544332730484,2,4.4229659571825026e-05,216
UCI498,handover,nb_0.650,raw,split,0.012084114956227467,0.24235961665152495,6,4.4229659571825026e-05,216
UCI498,handover,nb_0.650,raw,quality_level,0.03288327023584703,0.2762544153836094,6,4.4229659571825026e-05,216
UCI498,handover,nb_0.650,raw,rung,0.3007116532171013,0.78521793070107,3,4.4229659571825026e-05,216
UCI498,handover,nb_0.675,raw,learner,0.07910587219539555,0.47056226527125355,2,3.2297725120409924e-05,216
UCI498,handover,nb_0.675,raw,split,0.019910929050278418,0.2306515741746945,6,3.2297725120409924e-05,216
UCI498,handover,nb_0.675,raw,quality_level,0.0315913549274406,0.2822929378383463,6,3.2297725120409924e-05,216
UCI498,handover,nb_0.675,raw,rung,0.2937340298753781,0.7912345583809316,3,3.2297725120409924e-05,216
UCI498,handover,nb_0.700,raw,learner,0.07940522351538432,0.4872103659355408,2,3.5001747072721596e-05,216
UCI498,handover,nb_0.700,raw,split,0.018614231868268414,0.2964669814502452,6,3.5001747072721596e-05,216
UCI498,handover,nb_0.700,raw,quality_level,0.02525312078824817,0.22644576758144885,6,3.5001747072721596e-05,216
UCI498,handover,nb_0.700,raw,rung,0.2833603524685131,0.7916106019829319,3,3.5001747072721596e-05,216
UCI498,handover,nb_0.725,raw,learner,0.06585836590621037,0.5562680405396008,2,2.9337171401667077e-05,216
UCI498,handover,nb_0.725,raw,split,0.008557413195205475,0.47305171847002836,6,2.9337171401667077e-05,216
UCI498,handover,nb_0.725,raw,quality_level,0.02956891042272185,0.25909423349242944,6,2.9337171401667077e-05,216
UCI498,handover,nb_0.725,raw,rung,0.13118227738406643,0.7956574915229555,3,2.9337171401667077e-05,216
UCI498,handover,nb_0.750,raw,learner,0.025224221091655293,0.5972445050278474,2,2.7817858788995465e-05,216
UCI498,handover,nb_0.750,raw,split,0.07159591152493334,0.8286708083948743,6,2.7817858788995465e-05,216
UCI498,handover,nb_0.750,raw,quality_level,0.010068115511579,0.2074575982079533,6,2.7817858788995465e-05,216
UCI498,handover,nb_0.750,raw,rung,0.03653281896862925,0.7616206024617154,3,2.7817858788995465e-05,216
UCI498,handover,nb_0.775,raw,learner,0.0020473220386747573,0.5994648405025849,2,2.76186962341654e-05,216
UCI498,handover,nb_0.775,raw,split,0.11667443201132231,0.8711232154606011,6,2.76186962341654e-05,216
UCI498,handover,nb_0.775,raw,quality_level,0.003501310713636891,0.185481687575075,6,2.76186962341654e-05,216
UCI498,handover,nb_0.775,raw,rung,0.034433479153296954,0.7783100150675768,3,2.76186962341654e-05,216
UCI498,handover,nb_0.800,raw,learner,0.06225258888569843,0.6373604671661015,2,3.2574240352153595e-05,216
UCI498,handover,nb_0.800,raw,split,0.03694976450982817,0.8677523232522094,6,3.2574240352153595e-05,216
UCI498,handover,nb_0.800,raw,quality_level,0.00011904688999683851,0.11944290765668153,6,3.2574240352153595e-05,216
UCI498,handover,nb_0.800,raw,rung,0.02676439181425406,0.6098599837778625,3,3.2574240352153595e-05,216
BPIC13_closed,handover,ALL_SCALAR,headroom,learner,0.04759935466473858,0.4696752210953923,2,0.030212636562158775,1080
BPIC13_closed,handover,ALL_SCALAR,headroom,split,0.11068228317281283,0.5101117403706763,6,0.030212636562158775,1080
BPIC13_closed,handover,ALL_SCALAR,headroom,quality_level,0.014161978299756916,0.2388320534797146,6,0.030212636562158775,1080
BPIC13_closed,handover,ALL_SCALAR,headroom,rung,0.03898459215183632,0.33997409787618416,3,0.030212636562158775,1080
BPIC13_closed,handover,ALL_SCALAR,headroom,metric,0.10524281515306481,0.5872470762990821,5,0.030212636562158775,1080
BPIC13_incidents,duration,ALL_SCALAR,headroom,learner,0.023054146281638918,0.31183444627212553,2,0.056045333312576766,1080
BPIC13_incidents,duration,ALL_SCALAR,headroom,split,0.1581073991838284,0.7921895792082478,6,0.056045333312576766,1080
BPIC13_incidents,duration,ALL_SCALAR,headroom,quality_level,0.01118478408850414,0.17565903222335266,6,0.056045333312576766,1080
BPIC13_incidents,duration,ALL_SCALAR,headroom,rung,0.003852946365900915,0.24727352285278037,3,0.056045333312576766,1080
BPIC13_incidents,duration,ALL_SCALAR,headroom,metric,0.0745720827816873,0.6437744782849735,5,0.056045333312576766,1080
BPIC13_incidents,handover,ALL_SCALAR,headroom,learner,0.01961372219955565,0.4451809133538406,2,0.1412598757372269,1080
BPIC13_incidents,handover,ALL_SCALAR,headroom,split,0.0944130856876403,0.7643000047821601,6,0.1412598757372269,1080
BPIC13_incidents,handover,ALL_SCALAR,headroom,quality_level,0.030705262243324413,0.433134410233844,6,0.1412598757372269,1080
BPIC13_incidents,handover,ALL_SCALAR,headroom,rung,0.007317536458772448,0.4093570410355992,3,0.1412598757372269,1080
BPIC13_incidents,handover,ALL_SCALAR,headroom,metric,0.05298043495027734,0.6577929139675376,5,0.1412598757372269,1080
BPIC14,duration,ALL_SCALAR,headroom,learner,0.0961260660613954,0.2160332394819704,4,0.010308109948118104,4800
BPIC14,duration,ALL_SCALAR,headroom,split,0.008495358483501386,0.03712287420984828,6,0.010308109948118104,4800
BPIC14,duration,ALL_SCALAR,headroom,quality_level,0.10350092147837825,0.1980607189496122,10,0.010308109948118104,4800
BPIC14,duration,ALL_SCALAR,headroom,rung,0.300752021004165,0.4808368374013017,4,0.010308109948118104,4800
BPIC14,duration,ALL_SCALAR,headroom,metric,0.24427549791915634,0.3601516726610018,5,0.010308109948118104,4800
BPIC14,handover,ALL_SCALAR,headroom,learner,0.318581228510477,0.5810831437371227,4,0.05712884566255063,4800
BPIC14,handover,ALL_SCALAR,headroom,split,0.006998572749310038,0.029322456266119068,6,0.05712884566255063,4800
BPIC14,handover,ALL_SCALAR,headroom,quality_level,0.06493442028464882,0.14337319428581086,10,0.05712884566255063,4800
BPIC14,handover,ALL_SCALAR,headroom,rung,0.154401287770312,0.30025098619873725,4,0.05712884566255063,4800
BPIC14,handover,ALL_SCALAR,headroom,metric,0.13939651076894116,0.3205370209619932,5,0.05712884566255063,4800
BPIC15_1,duration,ALL_SCALAR,headroom,learner,0.025138837222834772,0.3795665277132426,2,0.019983281562895625,1080
BPIC15_1,duration,ALL_SCALAR,headroom,split,0.14071781957913274,0.6965529448281824,6,0.019983281562895625,1080
BPIC15_1,duration,ALL_SCALAR,headroom,quality_level,0.005316952755673467,0.306718085463461,6,0.019983281562895625,1080
BPIC15_1,duration,ALL_SCALAR,headroom,rung,0.033809333981308386,0.3922259971688733,3,0.019983281562895625,1080
BPIC15_1,duration,ALL_SCALAR,headroom,metric,0.1011295150546941,0.41998907143665465,5,0.019983281562895625,1080
BPIC15_1,handover,ALL_SCALAR,headroom,learner,0.003029410905187655,0.417474685790877,2,0.12633867390227418,1080
BPIC15_1,handover,ALL_SCALAR,headroom,split,0.060369810054013345,0.7406067378287318,6,0.12633867390227418,1080
BPIC15_1,handover,ALL_SCALAR,headroom,quality_level,0.027439258899489356,0.21581438379791362,6,0.12633867390227418,1080
BPIC15_1,handover,ALL_SCALAR,headroom,rung,0.004299837441325933,0.6692991176699442,3,0.12633867390227418,1080
BPIC15_1,handover,ALL_SCALAR,headroom,metric,0.036162454038813636,0.5693085653869744,5,0.12633867390227418,1080
BPIC15_3,duration,ALL_SCALAR,headroom,learner,0.025704097911875414,0.374791592480491,2,0.03333110527653097,1080
BPIC15_3,duration,ALL_SCALAR,headroom,split,0.18416552089861532,0.6672720596518291,6,0.03333110527653097,1080
BPIC15_3,duration,ALL_SCALAR,headroom,quality_level,0.0677092951146137,0.29783012444984247,6,0.03333110527653097,1080
BPIC15_3,duration,ALL_SCALAR,headroom,rung,0.0018308102187162484,0.3791579490949468,3,0.03333110527653097,1080
BPIC15_3,duration,ALL_SCALAR,headroom,metric,0.0797891983785162,0.2791404697190506,5,0.03333110527653097,1080
BPIC15_3,handover,ALL_SCALAR,headroom,learner,0.005087341781154577,0.4239625833319217,2,0.13239915640960112,1080
BPIC15_3,handover,ALL_SCALAR,headroom,split,0.12469467442983469,0.6967873432092202,6,0.13239915640960112,1080
BPIC15_3,handover,ALL_SCALAR,headroom,quality_level,0.0012200532284322876,0.27046782128145996,6,0.13239915640960112,1080
BPIC15_3,handover,ALL_SCALAR,headroom,rung,0.018919543575710875,0.5525371574051079,3,0.13239915640960112,1080
BPIC15_3,handover,ALL_SCALAR,headroom,metric,0.06442930004496093,0.4978347577671298,5,0.13239915640960112,1080
BPIC15_4,duration,ALL_SCALAR,headroom,learner,0.028765220842839705,0.4438060457229547,2,0.020857168906675834,1080
BPIC15_4,duration,ALL_SCALAR,headroom,split,0.15602937753910565,0.8364066774965744,6,0.020857168906675834,1080
BPIC15_4,duration,ALL_SCALAR,headroom,quality_level,0.006723238233714221,0.30642689928229594,6,0.020857168906675834,1080
BPIC15_4,duration,ALL_SCALAR,headroom,rung,0.011575912876501015,0.34337161191727417,3,0.020857168906675834,1080
BPIC15_4,duration,ALL_SCALAR,headroom,metric,0.021385391002847615,0.37166552927640584,5,0.020857168906675834,1080
BPIC15_4,handover,ALL_SCALAR,headroom,learner,0.06438134518383444,0.5244584781833137,2,0.034716901435086954,1080
BPIC15_4,handover,ALL_SCALAR,headroom,split,0.016844495415575006,0.6927403800573357,6,0.034716901435086954,1080
BPIC15_4,handover,ALL_SCALAR,headroom,quality_level,0.038336436716096656,0.4070502766820099,6,0.034716901435086954,1080
BPIC15_4,handover,ALL_SCALAR,headroom,rung,0.00036481872778863035,0.5192848023014367,3,0.034716901435086954,1080
BPIC15_4,handover,ALL_SCALAR,headroom,metric,0.023878842282743267,0.49279357938904433,5,0.034716901435086954,1080
BPIC15_5,duration,ALL_SCALAR,headroom,learner,0.09770260686118243,0.41684325767910446,2,0.02043893939912235,1080
BPIC15_5,duration,ALL_SCALAR,headroom,split,0.04301881471814196,0.6345517713561496,6,0.02043893939912235,1080
BPIC15_5,duration,ALL_SCALAR,headroom,quality_level,0.0201311116838199,0.3396538459118268,6,0.02043893939912235,1080
BPIC15_5,duration,ALL_SCALAR,headroom,rung,0.04297765835898158,0.4765714556722186,3,0.02043893939912235,1080
BPIC15_5,duration,ALL_SCALAR,headroom,metric,0.09077380500558122,0.4097599559080499,5,0.02043893939912235,1080
BPIC17,duration,ALL_SCALAR,headroom,learner,0.005016527430724212,0.13003433354715233,2,0.00035941471127462385,1080
BPIC17,duration,ALL_SCALAR,headroom,split,0.08683020293613566,0.3029860780363999,6,0.00035941471127462385,1080
BPIC17,duration,ALL_SCALAR,headroom,quality_level,0.04583812167383677,0.2218060357496251,6,0.00035941471127462385,1080
BPIC17,duration,ALL_SCALAR,headroom,rung,0.06237540120160626,0.32489872254482044,3,0.00035941471127462385,1080
BPIC17,duration,ALL_SCALAR,headroom,metric,0.34058240768217957,0.6722598398973744,5,0.00035941471127462385,1080
BPIC19,duration,ALL_SCALAR,headroom,learner,0.0001158322338870852,0.008161025097038643,2,0.08238376510552899,1080
BPIC19,duration,ALL_SCALAR,headroom,split,0.5067867834686843,0.7579292528225074,6,0.08238376510552899,1080
BPIC19,duration,ALL_SCALAR,headroom,quality_level,0.012948526774854663,0.09948734864494535,6,0.08238376510552899,1080
BPIC19,duration,ALL_SCALAR,headroom,rung,0.004490999329582563,0.15131772433606872,3,0.08238376510552899,1080
BPIC19,duration,ALL_SCALAR,headroom,metric,0.1879752024831908,0.3278522286988865,5,0.08238376510552899,1080
Helpdesk,duration,ALL_SCALAR,headroom,learner,0.13788083903241405,0.39214678365751177,2,0.00406275890801229,1080
Helpdesk,duration,ALL_SCALAR,headroom,split,0.15086614359462214,0.4754881346560873,6,0.00406275890801229,1080
Helpdesk,duration,ALL_SCALAR,headroom,quality_level,0.06510941747018097,0.20256561313110866,6,0.00406275890801229,1080
Helpdesk,duration,ALL_SCALAR,headroom,rung,0.0002671311202026862,0.14082481089518062,3,0.00406275890801229,1080
Helpdesk,duration,ALL_SCALAR,headroom,metric,0.21739001665033944,0.423011272096145,5,0.00406275890801229,1080
RoadFines,duration,ALL_SCALAR,headroom,learner,0.001291652489939539,0.020013870420948376,2,0.000945956432530084,1080
RoadFines,duration,ALL_SCALAR,headroom,split,0.029332838861572612,0.30542126874122977,6,0.000945956432530084,1080
RoadFines,duration,ALL_SCALAR,headroom,quality_level,0.08399044345270927,0.24631569425578836,6,0.000945956432530084,1080
RoadFines,duration,ALL_SCALAR,headroom,rung,0.04617225340794813,0.19045873368931132,3,0.000945956432530084,1080
RoadFines,duration,ALL_SCALAR,headroom,metric,0.47549644504173455,0.713776316709995,5,0.000945956432530084,1080
Sepsis,duration,ALL_SCALAR,headroom,learner,0.07487541019503403,0.34734474031944385,2,0.022888529763758002,1080
Sepsis,duration,ALL_SCALAR,headroom,split,0.06131153004903984,0.4769904659853701,6,0.022888529763758002,1080
Sepsis,duration,ALL_SCALAR,headroom,quality_level,0.07514054000538994,0.26759059847759403,6,0.022888529763758002,1080
Sepsis,duration,ALL_SCALAR,headroom,rung,0.005845152240285123,0.21396271304799186,3,0.022888529763758002,1080
Sepsis,duration,ALL_SCALAR,headroom,metric,0.28504891561615237,0.45171543853092555,5,0.022888529763758002,1080
UCI498,duration,ALL_SCALAR,headroom,learner,0.019936045860968664,0.11160067734946022,2,0.001468835785035508,1080
UCI498,duration,ALL_SCALAR,headroom,split,0.1159750756109932,0.263870182016016,6,0.001468835785035508,1080
UCI498,duration,ALL_SCALAR,headroom,quality_level,0.007940989826840982,0.13940881501738422,6,0.001468835785035508,1080
UCI498,duration,ALL_SCALAR,headroom,rung,0.16259758737511384,0.6203175931689547,3,0.001468835785035508,1080
UCI498,duration,ALL_SCALAR,headroom,metric,0.16070688536601535,0.5463761843611363,5,0.001468835785035508,1080
UCI498,handover,ALL_SCALAR,headroom,learner,0.039970241754478275,0.20703775062830787,2,0.0012179659585757972,1080
UCI498,handover,ALL_SCALAR,headroom,split,0.05705253501207864,0.30341459920662395,6,0.0012179659585757972,1080
UCI498,handover,ALL_SCALAR,headroom,quality_level,0.02515841636951415,0.14652779284356676,6,0.0012179659585757972,1080
UCI498,handover,ALL_SCALAR,headroom,rung,0.3079637416225677,0.6888584874427945,3,0.0012179659585757972,1080
UCI498,handover,ALL_SCALAR,headroom,metric,0.07867486637807782,0.36159667166442555,5,0.0012179659585757972,1080
BPIC13_closed,handover,NET_BENEFIT,raw,learner,0.03588853092772499,0.43377364879423497,2,0.002977858921357154,6696
BPIC13_closed,handover,NET_BENEFIT,raw,split,0.05296910423949554,0.45088738036284914,6,0.002977858921357154,6696
BPIC13_closed,handover,NET_BENEFIT,raw,quality_level,0.008098433855176656,0.27617651460664105,6,0.002977858921357154,6696
BPIC13_closed,handover,NET_BENEFIT,raw,rung,0.0408658663500731,0.46574737849640435,3,0.002977858921357154,6696
BPIC13_closed,handover,NET_BENEFIT,raw,threshold,0.14406634936946353,0.7067659846955962,31,0.002977858921357154,6696
BPIC13_incidents,duration,NET_BENEFIT,raw,learner,0.003585420546959333,0.10844830709017739,2,0.011272853814780383,6696
BPIC13_incidents,duration,NET_BENEFIT,raw,split,0.004886213149082174,0.6608775753529121,6,0.011272853814780383,6696
BPIC13_incidents,duration,NET_BENEFIT,raw,quality_level,7.191648570576868e-05,0.12691850260111426,6,0.011272853814780383,6696
BPIC13_incidents,duration,NET_BENEFIT,raw,rung,0.004757776343608189,0.5443393314745999,3,0.011272853814780383,6696
BPIC13_incidents,duration,NET_BENEFIT,raw,threshold,0.13746894754606534,0.9563033007024548,31,0.011272853814780383,6696
BPIC13_incidents,handover,NET_BENEFIT,raw,learner,0.00040458166900727253,0.12763287784976818,2,0.004142902745883847,6696
BPIC13_incidents,handover,NET_BENEFIT,raw,split,0.016770805510883596,0.4189066665560428,6,0.004142902745883847,6696
BPIC13_incidents,handover,NET_BENEFIT,raw,quality_level,0.04871124308814445,0.1789657199958864,6,0.004142902745883847,6696
BPIC13_incidents,handover,NET_BENEFIT,raw,rung,0.055922602088684735,0.49227300152791686,3,0.004142902745883847,6696
BPIC13_incidents,handover,NET_BENEFIT,raw,threshold,0.24619844692276738,0.831598332040557,31,0.004142902745883847,6696
BPIC14,duration,NET_BENEFIT,raw,learner,0.07760867951160652,0.3872493834761548,4,0.0008461229950506423,29760
BPIC14,duration,NET_BENEFIT,raw,split,0.005176335498849911,0.17687571908424538,6,0.0008461229950506423,29760
BPIC14,duration,NET_BENEFIT,raw,quality_level,0.04600449698851576,0.19906091084371225,10,0.0008461229950506423,29760
BPIC14,duration,NET_BENEFIT,raw,rung,0.11575228843441013,0.3957336687929426,4,0.0008461229950506423,29760
BPIC14,duration,NET_BENEFIT,raw,threshold,0.24385905739832547,0.6789423042073494,31,0.0008461229950506423,29760
BPIC14,handover,NET_BENEFIT,raw,learner,0.044929929739685015,0.3058291605713773,4,0.00024274729084357703,29760
BPIC14,handover,NET_BENEFIT,raw,split,0.020510083748372807,0.28565889163751956,6,0.00024274729084357703,29760
BPIC14,handover,NET_BENEFIT,raw,quality_level,0.03071518224369887,0.1889579186574002,10,0.00024274729084357703,29760
BPIC14,handover,NET_BENEFIT,raw,rung,0.04490419424682458,0.36404176794106113,4,0.00024274729084357703,29760
BPIC14,handover,NET_BENEFIT,raw,threshold,0.24633758009217704,0.8001287123299096,31,0.00024274729084357703,29760
BPIC15_1,duration,NET_BENEFIT,raw,learner,0.0007339800780997631,0.4464683477974869,2,0.0037613041664067235,6696
BPIC15_1,duration,NET_BENEFIT,raw,split,0.060732317852714116,0.8587703320752763,6,0.0037613041664067235,6696
BPIC15_1,duration,NET_BENEFIT,raw,quality_level,0.00603305271678626,0.21127213216291485,6,0.0037613041664067235,6696
BPIC15_1,duration,NET_BENEFIT,raw,rung,0.012513119180980484,0.5588390635664917,3,0.0037613041664067235,6696
BPIC15_1,duration,NET_BENEFIT,raw,threshold,0.00499354099289138,0.7592072134174174,31,0.0037613041664067235,6696
BPIC15_1,handover,NET_BENEFIT,raw,learner,0.0002569678572786937,0.2874523516739421,2,0.000901072508155542,6696
BPIC15_1,handover,NET_BENEFIT,raw,split,0.018897110935512808,0.584969487963447,6,0.000901072508155542,6696
BPIC15_1,handover,NET_BENEFIT,raw,quality_level,0.03756419492488609,0.36789840457366507,6,0.000901072508155542,6696
BPIC15_1,handover,NET_BENEFIT,raw,rung,0.0294005451064205,0.5261418461349467,3,0.000901072508155542,6696
BPIC15_1,handover,NET_BENEFIT,raw,threshold,0.10665716689217879,0.7641387109024821,31,0.000901072508155542,6696
BPIC15_3,duration,NET_BENEFIT,raw,learner,0.0004381851393788721,0.34983904302236235,2,0.01046125226082072,6696
BPIC15_3,duration,NET_BENEFIT,raw,split,0.09128201306195098,0.7971122749727328,6,0.01046125226082072,6696
BPIC15_3,duration,NET_BENEFIT,raw,quality_level,0.023126908806955632,0.1969104197796261,6,0.01046125226082072,6696
BPIC15_3,duration,NET_BENEFIT,raw,rung,0.011757177097228594,0.4803124239950629,3,0.01046125226082072,6696
BPIC15_3,duration,NET_BENEFIT,raw,threshold,0.02180579808276356,0.6889280133121135,31,0.01046125226082072,6696
BPIC15_3,handover,NET_BENEFIT,raw,learner,5.137388709796777e-05,0.2884956020558145,2,0.003476431061684679,6696
BPIC15_3,handover,NET_BENEFIT,raw,split,0.06285688224601238,0.8054962767505456,6,0.003476431061684679,6696
BPIC15_3,handover,NET_BENEFIT,raw,quality_level,0.0011441095969998297,0.13599492773405542,6,0.003476431061684679,6696
BPIC15_3,handover,NET_BENEFIT,raw,rung,0.00042646946350589226,0.5771735400506132,3,0.003476431061684679,6696
BPIC15_3,handover,NET_BENEFIT,raw,threshold,0.03398930433072833,0.8204443342365466,31,0.003476431061684679,6696
BPIC15_4,duration,NET_BENEFIT,raw,learner,0.02182901162106365,0.5609915684649751,2,0.003065383106867967,6696
BPIC15_4,duration,NET_BENEFIT,raw,split,0.022427261189607195,0.796120839234549,6,0.003065383106867967,6696
BPIC15_4,duration,NET_BENEFIT,raw,quality_level,0.0037909819212496995,0.37048383857680434,6,0.003065383106867967,6696
BPIC15_4,duration,NET_BENEFIT,raw,rung,0.004349295162573719,0.3862038397313722,3,0.003065383106867967,6696
BPIC15_4,duration,NET_BENEFIT,raw,threshold,0.022385923962425315,0.7285989819243472,31,0.003065383106867967,6696
BPIC15_4,handover,NET_BENEFIT,raw,learner,0.003192664682599631,0.471761046986537,2,0.0005845651615112147,6696
BPIC15_4,handover,NET_BENEFIT,raw,split,0.007974593968993143,0.8141793002846728,6,0.0005845651615112147,6696
BPIC15_4,handover,NET_BENEFIT,raw,quality_level,0.016426201038750622,0.4735579927524527,6,0.0005845651615112147,6696
BPIC15_4,handover,NET_BENEFIT,raw,rung,0.0025566305907769623,0.5276759620868589,3,0.0005845651615112147,6696
BPIC15_4,handover,NET_BENEFIT,raw,threshold,0.011723522063522791,0.8344446131350799,31,0.0005845651615112147,6696
BPIC15_5,duration,NET_BENEFIT,raw,learner,0.009930011783407031,0.3479596009972755,2,0.008758903320077222,6696
BPIC15_5,duration,NET_BENEFIT,raw,split,0.013309751407997271,0.6752294842762828,6,0.008758903320077222,6696
BPIC15_5,duration,NET_BENEFIT,raw,quality_level,0.00550746948988103,0.1997483029832401,6,0.008758903320077222,6696
BPIC15_5,duration,NET_BENEFIT,raw,rung,0.013781841179655939,0.5462253046013921,3,0.008758903320077222,6696
BPIC15_5,duration,NET_BENEFIT,raw,threshold,0.09422055140986406,0.842914491270591,31,0.008758903320077222,6696
BPIC17,duration,NET_BENEFIT,raw,learner,3.712371213163045e-05,0.3428380333026687,2,5.8441729535819374e-05,6696
BPIC17,duration,NET_BENEFIT,raw,split,0.014952847118054339,0.7967800574366556,6,5.8441729535819374e-05,6696
BPIC17,duration,NET_BENEFIT,raw,quality_level,0.002465682023069639,0.24034424667784982,6,5.8441729535819374e-05,6696
BPIC17,duration,NET_BENEFIT,raw,rung,0.0005043840638929786,0.59353445635425,3,5.8441729535819374e-05,6696
BPIC17,duration,NET_BENEFIT,raw,threshold,0.03616377236791134,0.9520866546318031,31,5.8441729535819374e-05,6696
BPIC19,duration,NET_BENEFIT,raw,learner,0.000118289020242523,0.011160551790417306,2,0.027878851877029688,6696
BPIC19,duration,NET_BENEFIT,raw,split,0.12461000738522983,0.7085089579661648,6,0.027878851877029688,6696
BPIC19,duration,NET_BENEFIT,raw,quality_level,0.0001606736788249984,0.07267161890447615,6,0.027878851877029688,6696
BPIC19,duration,NET_BENEFIT,raw,rung,0.002779569397351995,0.40982102745907967,3,0.027878851877029688,6696
BPIC19,duration,NET_BENEFIT,raw,threshold,0.14609820961757788,0.7959425829185771,31,0.027878851877029688,6696
Helpdesk,duration,NET_BENEFIT,raw,learner,0.04636234594391059,0.44079340272771994,2,0.000489406961614145,6696
Helpdesk,duration,NET_BENEFIT,raw,split,0.03793448029424286,0.6566301013160764,6,0.000489406961614145,6696
Helpdesk,duration,NET_BENEFIT,raw,quality_level,0.05022716763403344,0.30909580746779597,6,0.000489406961614145,6696
Helpdesk,duration,NET_BENEFIT,raw,rung,0.0056327674181162945,0.3695117892828569,3,0.000489406961614145,6696
Helpdesk,duration,NET_BENEFIT,raw,threshold,0.08618289448298971,0.7625233973899623,31,0.000489406961614145,6696
RoadFines,duration,NET_BENEFIT,raw,learner,0.0002049514456577178,0.09955336867882636,2,0.0005305797789486179,6696
RoadFines,duration,NET_BENEFIT,raw,split,0.016604824689889514,0.8047453099391334,6,0.0005305797789486179,6696
RoadFines,duration,NET_BENEFIT,raw,quality_level,0.00791055199061886,0.17201545578081678,6,0.0005305797789486179,6696
RoadFines,duration,NET_BENEFIT,raw,rung,0.0006609369253040846,0.33339446396481576,3,0.0005305797789486179,6696
RoadFines,duration,NET_BENEFIT,raw,threshold,0.08258762634281408,0.9601578891655635,31,0.0005305797789486179,6696
Sepsis,duration,NET_BENEFIT,raw,learner,0.000485648440838803,0.29590228245076144,2,0.004845635484799108,6696
Sepsis,duration,NET_BENEFIT,raw,split,0.02525504349312038,0.508138906697157,6,0.004845635484799108,6696
Sepsis,duration,NET_BENEFIT,raw,quality_level,0.02066127484050028,0.162824104017377,6,0.004845635484799108,6696
Sepsis,duration,NET_BENEFIT,raw,rung,0.002521331208221024,0.3307216232199903,3,0.004845635484799108,6696
Sepsis,duration,NET_BENEFIT,raw,threshold,0.3534887617745034,0.8476792269269904,31,0.004845635484799108,6696
UCI498,duration,NET_BENEFIT,raw,learner,0.0028235091550397854,0.0821512004446977,2,0.001215436118221786,6696
UCI498,duration,NET_BENEFIT,raw,split,0.009774901498462593,0.7362726394035355,6,0.001215436118221786,6696
UCI498,duration,NET_BENEFIT,raw,quality_level,0.0010749438483301887,0.13310821499823866,6,0.001215436118221786,6696
UCI498,duration,NET_BENEFIT,raw,rung,0.00638755828818583,0.6627872651246809,3,0.001215436118221786,6696
UCI498,duration,NET_BENEFIT,raw,threshold,0.06920534592716851,0.9685744912071979,31,0.001215436118221786,6696
UCI498,handover,NET_BENEFIT,raw,learner,0.015657855129246653,0.24879079461969134,2,0.0001110728086275682,6696
UCI498,handover,NET_BENEFIT,raw,split,0.01575683333287458,0.629112270768066,6,0.0001110728086275682,6696
UCI498,handover,NET_BENEFIT,raw,quality_level,0.009234026326297006,0.16128597408253298,6,0.0001110728086275682,6696
UCI498,handover,NET_BENEFIT,raw,rung,0.036802110594231933,0.6552976502659424,3,0.0001110728086275682,6696
UCI498,handover,NET_BENEFIT,raw,threshold,0.06230951940064162,0.8668761605110613,31,0.0001110728086275682,6696
BPIC13_incidents,BOTH,ALL_SCALAR,headroom+target,learner,0.019403374768974448,0.39743870278769966,2,0.10110120808181633,2160
BPIC13_incidents,BOTH,ALL_SCALAR,headroom+target,split,0.1083108448176562,0.7535194465315667,6,0.10110120808181633,2160
BPIC13_incidents,BOTH,ALL_SCALAR,headroom+target,quality_level,0.019990920999030434,0.35127860153753865,6,0.10110120808181633,2160
BPIC13_incidents,BOTH,ALL_SCALAR,headroom+target,rung,0.0008107829824055023,0.35451728578008757,3,0.10110120808181633,2160
BPIC13_incidents,BOTH,ALL_SCALAR,headroom+target,metric,0.05366369901380081,0.6379760585902226,5,0.10110120808181633,2160
BPIC13_incidents,BOTH,ALL_SCALAR,headroom+target,target,0.024219330346013077,0.17404791759844085,2,0.10110120808181633,2160
BPIC14,BOTH,ALL_SCALAR,headroom+target,learner,0.19315444210895907,0.49571022053499236,4,0.03573005170487051,9600
BPIC14,BOTH,ALL_SCALAR,headroom+target,split,0.005232540029643974,0.028796834166612273,6,0.03573005170487051,9600
BPIC14,BOTH,ALL_SCALAR,headroom+target,quality_level,0.060736592051886466,0.14319006365224596,10,0.03573005170487051,9600
BPIC14,BOTH,ALL_SCALAR,headroom+target,rung,0.15651040478728923,0.30939657490896444,4,0.03573005170487051,9600
BPIC14,BOTH,ALL_SCALAR,headroom+target,metric,0.13355711436289916,0.30820544595598043,5,0.03573005170487051,9600
BPIC14,BOTH,ALL_SCALAR,headroom+target,target,0.056299216025537856,0.24947688549014646,2,0.03573005170487051,9600
BPIC15_1,BOTH,ALL_SCALAR,headroom+target,learner,0.005912503040271278,0.4048574249522443,2,0.07450546694660277,2160
BPIC15_1,BOTH,ALL_SCALAR,headroom+target,split,0.020386570336908244,0.7213342266371628,6,0.07450546694660277,2160
BPIC15_1,BOTH,ALL_SCALAR,headroom+target,quality_level,0.01150965657408256,0.22411064777466083,6,0.07450546694660277,2160
BPIC15_1,BOTH,ALL_SCALAR,headroom+target,rung,0.007703733172841221,0.62006406573034,3,0.07450546694660277,2160
BPIC15_1,BOTH,ALL_SCALAR,headroom+target,metric,0.042207217673610034,0.5390104401172167,5,0.07450546694660277,2160
BPIC15_1,BOTH,ALL_SCALAR,headroom+target,target,0.018045510874812452,0.43782376751917707,2,0.07450546694660277,2160
BPIC15_3,BOTH,ALL_SCALAR,headroom+target,learner,0.009073502789890334,0.4083572084615861,2,0.0840250949244148,2160
BPIC15_3,BOTH,ALL_SCALAR,headroom+target,split,0.10155643489658471,0.6813141467386934,6,0.0840250949244148,2160
BPIC15_3,BOTH,ALL_SCALAR,headroom+target,quality_level,0.003869358626397521,0.27216106478255586,6,0.0840250949244148,2160
BPIC15_3,BOTH,ALL_SCALAR,headroom+target,rung,0.005704949292889902,0.5105213336580472,3,0.0840250949244148,2160
BPIC15_3,BOTH,ALL_SCALAR,headroom+target,metric,0.058094675800939494,0.4475862979420251,5,0.0840250949244148,2160
BPIC15_3,BOTH,ALL_SCALAR,headroom+target,target,0.013804971983574565,0.3266985327923173,2,0.0840250949244148,2160
BPIC15_4,BOTH,ALL_SCALAR,headroom+target,learner,0.04510221386962259,0.4809427510699825,2,0.02855237020438742,2160
BPIC15_4,BOTH,ALL_SCALAR,headroom+target,split,0.049456342321519055,0.7266450130889063,6,0.02855237020438742,2160
BPIC15_4,BOTH,ALL_SCALAR,headroom+target,quality_level,0.014819086431521885,0.3593873605530029,6,0.02855237020438742,2160
BPIC15_4,BOTH,ALL_SCALAR,headroom+target,rung,0.0021740418593861784,0.4411143247554806,3,0.02855237020438742,2160
BPIC15_4,BOTH,ALL_SCALAR,headroom+target,metric,0.01645337107035075,0.4353431373024883,5,0.02855237020438742,2160
BPIC15_4,BOTH,ALL_SCALAR,headroom+target,target,0.02680460599339049,0.5241671352464319,2,0.02855237020438742,2160
UCI498,BOTH,ALL_SCALAR,headroom+target,learner,0.028529937990814803,0.15469248565769733,2,0.0013448875656804343,2160
UCI498,BOTH,ALL_SCALAR,headroom+target,split,0.06384883574272335,0.2814847272137876,6,0.0013448875656804343,2160
UCI498,BOTH,ALL_SCALAR,headroom+target,quality_level,0.012362207731038454,0.14247827465106555,6,0.0013448875656804343,2160
UCI498,BOTH,ALL_SCALAR,headroom+target,rung,0.21263974698335347,0.6506680973102468,3,0.0013448875656804343,2160
UCI498,BOTH,ALL_SCALAR,headroom+target,metric,0.11619824568177287,0.46210157645167715,5,0.0013448875656804343,2160
UCI498,BOTH,ALL_SCALAR,headroom+target,target,0.0011054410143421102,0.15409253920521704,2,0.0013448875656804343,2160
