oa_id,doi,title,year,frame,venue,stratum,N_h,n_h,weight,cited
W2795105179,10.1016/j.is.2019.03.004,GreyCat: Efficient what-if analytics for data in motion at scale,2019,A,Information Systems,v1:Information Systems,82,82,1.0,
W2796583606,10.1016/j.dss.2021.113544,Model identification for ARMA time series through convolutional neural networks,2021,A,Decision Support Systems,v1:Decision Support Systems,101,101,1.0,
W2800976233,10.1145/3331449,Survey and Cross-benchmark Comparison of Remaining Time Prediction Methods in Business Process Monitoring,2019,B,ACM Transactions on Intelligent Systems and Technology,v1:ACM Transactions on Intelligent Systems and Technology,1,1,1.0,
W2806583692,10.1016/j.is.2019.01.006,Predictive performance modeling for distributed batch processing using black box monitoring and machine learning,2019,A,Information Systems,v1:Information Systems,82,82,1.0,
W2807851731,10.1016/j.is.2019.03.005,Binary classification in unstructured space with hypergraph case-based reasoning,2019,A,Information Systems,v1:Information Systems,82,82,1.0,
W2810738116,10.1007/s10664-019-09728-3,Whom are you going to call? determinants of @-mentions in Github discussions,2019,A,Empirical Software Engineering,v1:Empirical Software Engineering,188,188,1.0,
W2901934595,10.1145/3375398,Robust Drift Characterization from Event Streams of Business Processes,2020,B,ACM Transactions on Knowledge Discovery from Data,v1:ACM Transactions on Knowledge Discovery from Data,1,1,1.0,
W2902316941,10.1007/s10664-020-09808-9,Better software analytics via “DUO”: Data mining algorithms using/used-by optimizers,2020,A,Empirical Software Engineering,v1:Empirical Software Engineering,188,188,1.0,
W2903606913,10.1016/j.is.2019.03.011,Beyond roll-up’s and drill-down’s: An intentional analytics model to reinvent OLAP,2019,A,Information Systems,v1:Information Systems,82,82,1.0,
W2907904533,10.1007/s10664-018-9676-8,Associating working memory capacity and code change ordering with code review performance,2019,A,Empirical Software Engineering,v1:Empirical Software Engineering,188,188,1.0,
W2911862380,10.1016/j.is.2019.02.003,Boosting decision stumps for dynamic feature selection on data streams,2019,A,Information Systems,v1:Information Systems,82,82,1.0,
W2912484829,10.1016/j.is.2019.02.005,Using Hidden Markov Models for the accurate linguistic analysis of process model activity labels,2019,A,Information Systems,v1:Information Systems,82,82,1.0,
W2914211867,10.1016/j.is.2018.12.006,TAPON-MT: A versatile framework for semantic labelling,2019,A,Information Systems,v1:Information Systems,82,82,1.0,
W2921946069,10.1016/j.dss.2019.02.009,Advanced turbidity prediction for operational water supply planning,2019,A,Decision Support Systems,v1:Decision Support Systems,101,101,1.0,
W2931993367,10.1016/j.is.2020.101586,Processing tweets for cybersecurity threat awareness,2020,A,Information Systems,v1:Information Systems,82,82,1.0,
W2934734939,10.1016/j.dss.2019.03.006,Twitter user geolocation using web country noun searches,2019,A,Decision Support Systems,v1:Decision Support Systems,101,101,1.0,
W2941068928,10.1007/s10664-019-09694-w,Classifying code comments in Java software systems,2019,A,Empirical Software Engineering,v1:Empirical Software Engineering,188,188,1.0,
W2941394980,10.1007/s10664-019-09706-9,Towards understanding and detecting fake reviews in app stores,2019,A,Empirical Software Engineering,v1:Empirical Software Engineering,188,188,1.0,
W2941755106,,Predictive and prescriptive monitoring of business process outcomes,2019,B,DSpace repository (University of Tartu),v1:DSpace repository (University of Tartu),1,1,1.0,
W2944885770,10.1007/s10664-019-09714-9,Effects of measurements on correlations of software code metrics,2019,A,Empirical Software Engineering,v1:Empirical Software Engineering,188,188,1.0,
W2945788444,10.1007/s10115-021-01633-w,"Fire now, fire later: alarm-based systems for prescriptive process monitoring",2021,B,Knowledge and Information Systems,v1:Knowledge and Information Systems,6,6,1.0,
W2946009226,10.1007/s10664-019-09739-0,Improving change prediction models with code smell-related information,2019,A,Empirical Software Engineering,v1:Empirical Software Engineering,188,188,1.0,
W2946929989,10.1007/s10664-020-09853-4,Automating system test case classification and prioritization for use case-driven testing in product lines,2020,A,Empirical Software Engineering,v1:Empirical Software Engineering,188,188,1.0,
W2947765183,10.1007/978-3-030-21290-2_34,Proactive Process Adaptation Using Deep Learning Ensembles,2019,B,Lecture notes in computer science,v1:Lecture notes in computer science,12,12,1.0,
W2948645509,10.1016/j.dss.2019.05.008,Agent-level determinants of price expectation formation in online double-sided auctions,2019,A,Decision Support Systems,v1:Decision Support Systems,101,101,1.0,
W2951484092,10.1016/j.dss.2019.113075,Using social network and semantic analysis to analyze online travel forums and forecast tourism demand,2019,A,Decision Support Systems,v1:Decision Support Systems,101,101,1.0,
W2953798551,10.1007/s10664-019-09726-5,Empirical comparison of text-based mobile apps similarity measurement techniques,2019,A,Empirical Software Engineering,v1:Empirical Software Engineering,188,188,1.0,
W2954440353,10.1016/j.is.2019.101483,Two-stage optimization for machine learning workflow,2019,A,Information Systems,v1:Information Systems,82,82,1.0,
W2955950342,10.1007/s10664-019-09716-7,Mining non-functional requirements from App store reviews,2019,A,Empirical Software Engineering,v1:Empirical Software Engineering,188,188,1.0,
W2956440216,10.1016/j.is.2019.101479,Detecting coherent explorations in SQL workloads,2019,A,Information Systems,v1:Information Systems,82,82,1.0,
W2956885731,10.1016/j.dss.2019.113097,Deep learning for decision making and the optimization of socially responsible investments and portfolio,2019,A,Decision Support Systems,v1:Decision Support Systems,101,101,1.0,
W2957490530,10.1016/j.is.2019.07.002,Understanding and improving ontology reasoning efficiency through learning and ranking,2019,A,Information Systems,v1:Information Systems,82,82,1.0,
W2960048287,10.1016/j.dss.2019.113100,Forecasting remaining useful life: Interpretable deep learning approach via variational Bayesian inferences,2019,A,Decision Support Systems,v1:Decision Support Systems,101,101,1.0,
W2961549118,10.48550/arxiv.1905.10173,What if Process Predictions are not followed by Good Recommendations? (Technical Report),2019,B,arXiv (Cornell University),v1:arXiv (Cornell University),15,15,1.0,
W2969930394,10.1007/978-3-030-26643-1_5,Predicting Critical Behaviors in Business Process Executions: When Evidence Counts,2019,B,Lecture notes in business information processing,v1:Lecture notes in business information processing,33,33,1.0,
W2970198659,10.1007/s10664-019-09758-x,What kind of questions do developers ask on Stack Overflow? A comparison of automated approaches to classify posts into question categories,2019,A,Empirical Software Engineering,v1:Empirical Software Engineering,188,188,1.0,
W2970732649,10.1016/j.im.2019.103198,"IT centrality, IT management model, and contribution of the IT function to organizational performance: A study in Canadian hospitals",2019,A,Information & Management,v1:Information & Management,20,20,1.0,
W2979389171,10.1016/j.is.2019.101444,Speed prediction in large and dynamic traffic sensor networks,2019,A,Information Systems,v1:Information Systems,82,82,1.0,
W2980838074,10.1016/j.dss.2019.113132,Veracity assessment of online data,2019,A,Decision Support Systems,v1:Decision Support Systems,101,101,1.0,
W2982284349,10.1016/j.is.2019.101458,BINet: Multi-perspective business process anomaly classification,2019,A,Information Systems,v1:Information Systems,82,82,1.0,
W2986478207,10.1007/s10664-019-09769-8,Recognizing lines of code violating company-specific coding guidelines using machine learning,2019,A,Empirical Software Engineering,v1:Empirical Software Engineering,188,188,1.0,
W2986485804,10.1016/j.im.2019.103220,Robot acceptance model for care (RAM-care): A principled approach to the intention to use care robots,2019,A,Information & Management,v1:Information & Management,20,20,1.0,
W2989213133,10.1016/j.knosys.2020.106557,Business process variant analysis: Survey and classification,2020,B,Knowledge-Based Systems,v1:Knowledge-Based Systems,2,2,1.0,
W2995454814,10.1007/s10664-019-09778-7,Selecting fault revealing mutants,2019,A,Empirical Software Engineering,v1:Empirical Software Engineering,188,188,1.0,
W2995630456,10.1016/j.dss.2019.113232,Leveraging fine-grained transaction data for customer life event predictions,2019,A,Decision Support Systems,v1:Decision Support Systems,101,101,1.0,
W2996338620,,Interpreting Predictive Process Monitoring Benchmarks.,2019,B,arXiv (Cornell University),v1:arXiv (Cornell University),15,15,1.0,
W2998979401,10.1016/j.is.2020.101494,Improving malicious URLs detection via feature engineering: Linear and nonlinear space transformation methods,2020,A,Information Systems,v1:Information Systems,82,82,1.0,
W3001004827,10.1016/j.is.2020.101505,On the declarative paradigm in hybrid business process representations: A conceptual framework and a systematic literature study,2020,A,Information Systems,v1:Information Systems,82,82,1.0,
W3004233219,10.1007/s10664-020-09933-5,An automated framework for the extraction of semantic legal metadata from legal texts,2021,A,Empirical Software Engineering,v1:Empirical Software Engineering,188,188,1.0,
W3004570974,10.1007/s10664-019-09781-y,How bugs are born: a model to identify how bugs are introduced in software components,2020,A,Empirical Software Engineering,v1:Empirical Software Engineering,188,188,1.0,
W3004721071,10.1016/j.dss.2020.113260,A new emergency decision support system: the automatic interpretation and contextualisation of events to model a crisis situation in real-time,2020,A,Decision Support Systems,v1:Decision Support Systems,101,101,1.0,
W3007484883,10.1007/s10664-019-09791-w,Deriving a usage-independent software quality metric,2020,A,Empirical Software Engineering,v1:Empirical Software Engineering,188,188,1.0,
W3010543401,10.1016/j.dss.2020.113271,Longitudinal healthcare analytics for disease management: Empirical demonstration for low back pain,2020,A,Decision Support Systems,v1:Decision Support Systems,101,101,1.0,
W3012780693,10.1007/s12599-020-00646-z,Seven Paradoxes of Business Process Management in a Hyper-Connected World,2020,B,Business & Information Systems Engineering,v1:Business & Information Systems Engineering,7,7,1.0,
W3013291592,10.1007/978-3-030-58666-9_14,Predictive Business Process Monitoring via Generative Adversarial Nets: The Case of Next Event Prediction,2020,B,Lecture notes in computer science,v1:Lecture notes in computer science,12,12,1.0,
W3014109009,10.1016/j.dss.2020.113290,Employees recruitment: A prescriptive analytics approach via machine learning and mathematical programming,2020,A,Decision Support Systems,v1:Decision Support Systems,101,101,1.0,
W3015702715,10.1016/j.is.2020.101524,"Winter is here! A decade of cache-based side-channel attacks, detection & mitigation for RSA",2020,A,Information Systems,v1:Information Systems,82,82,1.0,
W3015851278,10.1007/s12599-020-00645-0,Machine Learning in Business Process Monitoring: A Comparison of Deep Learning and Classical Approaches Used for Outcome Prediction,2020,B,Business & Information Systems Engineering,v1:Business & Information Systems Engineering,7,7,1.0,
W3016381677,10.1007/s10664-020-09818-7,How software engineering research aligns with design science: a review,2020,A,Empirical Software Engineering,v1:Empirical Software Engineering,188,188,1.0,
W3016717485,10.1007/s10664-020-09814-x,Using machine learning to assist with the selection of security controls during security assessment,2020,A,Empirical Software Engineering,v1:Empirical Software Engineering,188,188,1.0,
W3022806883,10.48550/arxiv.2005.01194,An empirical comparison of deep-neural-network architectures for next activity prediction using context-enriched process event logs,2020,B,arXiv (Cornell University),v1:arXiv (Cornell University),15,15,1.0,
W3024356476,10.1007/s10664-020-09878-9,On the time-based conclusion stability of cross-project defect prediction models,2020,A,Empirical Software Engineering,v1:Empirical Software Engineering,188,188,1.0,
W3025560490,10.1016/j.is.2020.101557,DMAKit: A user-friendly web platform for bringing state-of-the-art data analysis techniques to non-specific users,2020,A,Information Systems,v1:Information Systems,82,82,1.0,
W3025918553,10.1016/j.dss.2020.113320,Uplift Modeling for preventing student dropout in higher education,2020,A,Decision Support Systems,v1:Decision Support Systems,101,101,1.0,
W3028200206,10.1007/s10664-020-09837-4,Do code review measures explain the incidence of post-release defects?,2020,A,Empirical Software Engineering,v1:Empirical Software Engineering,188,188,1.0,
W3029464237,10.1016/j.dss.2020.113325,Predicting student dropout in subscription-based online learning environments: The beneficial impact of the logit leaf model,2020,A,Decision Support Systems,v1:Decision Support Systems,101,101,1.0,
W3034076354,10.1007/978-3-030-65310-1_31,Exploring Interpretability for Predictive Process Analytics,2020,B,Lecture notes in computer science,v1:Lecture notes in computer science,12,12,1.0,
W3042043441,10.1186/s12911-020-1111-6,Using predictive process monitoring to assist thrombolytic therapy decision-making for ischemic stroke patients,2020,B,BMC Medical Informatics and Decision Making,v1:BMC Medical Informatics and Decision Making,2,2,1.0,
W3042580419,10.1016/j.is.2020.101635,Cause vs. effect in context-sensitive prediction of business process instances,2020,A,Information Systems,v1:Information Systems,82,82,1.0,
W3043662032,10.1007/s10664-020-09834-7,Standing on shoulders or feet? An extended study on the usage of the MSR data papers,2020,A,Empirical Software Engineering,v1:Empirical Software Engineering,188,188,1.0,
W3043882153,10.1007/s10664-021-09945-9,Predictors of well-being and productivity among software professionals during the COVID-19 pandemic – a longitudinal study,2021,A,Empirical Software Engineering,v1:Empirical Software Engineering,188,188,1.0,
W3044618224,10.1016/j.is.2020.101604,Fragments of bag relational algebra: Expressiveness and certain answers,2020,A,Information Systems,v1:Information Systems,82,82,1.0,
W3045116697,10.1016/j.dss.2020.113366,Three-stage reject inference learning framework for credit scoring using unsupervised transfer learning and three-way decision theory,2020,A,Decision Support Systems,v1:Decision Support Systems,101,101,1.0,
W3046226113,10.11606/d.100.2020.tde-02122019-150538,Tratamento do impacto de casos >i /i< em predição de tempo de resolução usando mineração de processos com múltiplos atributos,2020,B,,v1:nan,16,16,1.0,
W3046672418,10.1007/s10664-020-09868-x,On the need of preserving order of data when validating within-project defect classifiers,2020,A,Empirical Software Engineering,v1:Empirical Software Engineering,188,188,1.0,
W3047535465,10.1007/s10664-020-09854-3,Wait for it: identifying “On-Hold” self-admitted technical debt,2020,A,Empirical Software Engineering,v1:Empirical Software Engineering,188,188,1.0,
W3048310814,10.1016/j.dss.2021.113511,A technique for determining relevance scores of process activities using graph-based neural networks,2021,A,Decision Support Systems,v1:Decision Support Systems,101,101,1.0,
W3049497371,10.1007/s10664-020-09886-9,How does code readability change during software evolution?,2020,A,Empirical Software Engineering,v1:Empirical Software Engineering,188,188,1.0,
W3051849431,10.1007/s10664-020-09856-1,Data-driven software design with Constraint Oriented Multi-variate Bandit Optimization (COMBO),2020,A,Empirical Software Engineering,v1:Empirical Software Engineering,188,188,1.0,
W3079499560,10.1007/s10664-020-09861-4,On the assessment of software defect prediction models via ROC curves,2020,A,Empirical Software Engineering,v1:Empirical Software Engineering,188,188,1.0,
W3080268723,10.48550/arxiv.2008.10748,"An empirical investigation of different classifiers, encoding and ensemble schemes for next event prediction using business process event logs",2020,B,arXiv (Cornell University),v1:arXiv (Cornell University),15,15,1.0,
W3080457607,10.1007/s10664-021-10068-4,Revisiting process versus product metrics: a large scale analysis,2022,A,Empirical Software Engineering,v1:Empirical Software Engineering,188,188,1.0,
W3081858831,10.1016/j.dss.2020.113398,Improving healthcare access management by predicting patient no-show behaviour,2020,A,Decision Support Systems,v1:Decision Support Systems,101,101,1.0,
W3083147251,10.1007/978-3-030-58638-6_9,Explainability in Predictive Process Monitoring: When Understanding Helps Improving,2020,B,Lecture notes in business information processing,v1:Lecture notes in business information processing,33,33,1.0,
W3084167926,10.3390/data5030082,Extraction of Missing Tendency Using Decision Tree Learning in Business Process Event Log,2020,B,Data,v1:Data,1,1,1.0,
W3084301791,10.1007/s10664-020-09864-1,Automated demarcation of requirements in textual specifications: a machine learning-based approach,2020,A,Empirical Software Engineering,v1:Empirical Software Engineering,188,188,1.0,
W3084420001,10.1016/j.dss.2020.113401,Forecasting demand profiles of new products,2020,A,Decision Support Systems,v1:Decision Support Systems,101,101,1.0,
W3086800606,10.1007/s10664-020-09885-w,On the feasibility of automated prediction of bug and non-bug issues,2020,A,Empirical Software Engineering,v1:Empirical Software Engineering,188,188,1.0,
W3087610690,10.1016/j.dss.2020.113404,Optimizing microtask assignment on crowdsourcing platforms using Markov chain Monte Carlo,2020,A,Decision Support Systems,v1:Decision Support Systems,101,101,1.0,
W3087720408,10.1007/s10664-020-09881-0,Testing machine learning based systems: a systematic mapping,2020,A,Empirical Software Engineering,v1:Empirical Software Engineering,188,188,1.0,
W3089306244,10.1109/tsc.2021.3139807,Deep Learning for Predictive Business Process Monitoring: Review and Benchmark,2021,B,IEEE Transactions on Services Computing,v1:IEEE Transactions on Services Computing,5,5,1.0,
W3092305337,10.1109/access.2020.3029323,ORANGE: Outcome-Oriented Predictive Process Monitoring Based on Image Encoding and CNNs,2020,B,IEEE Access,v1:IEEE Access,10,10,1.0,
W3094428095,10.1109/access.2020.3030809,Prediction of Incompliance With Business Goals With Business-Related Data and Context Data,2020,B,IEEE Access,v1:IEEE Access,10,10,1.0,
W3094439486,10.1007/s10664-021-09976-2,Topic recommendation for software repositories using multi-label classification algorithms,2021,A,Empirical Software Engineering,v1:Empirical Software Engineering,188,188,1.0,
W3096397854,10.1016/j.dss.2020.113433,Automated mortgage origination delay detection from textual conversations,2020,A,Decision Support Systems,v1:Decision Support Systems,101,101,1.0,
W3096808766,10.1016/j.dss.2020.113429,Bankruptcy prediction for SMEs using transactional data and two-stage multiobjective feature selection,2020,A,Decision Support Systems,v1:Decision Support Systems,101,101,1.0,
W3097004242,10.48550/arxiv.2011.02819,Predictive Process Model Monitoring using Recurrent Neural Networks,2020,B,arXiv (Cornell University),v1:arXiv (Cornell University),15,15,1.0,
W3097594944,10.1016/j.dss.2020.113446,Predicting donation behavior: Acquisition modeling in the nonprofit sector using Facebook data,2020,A,Decision Support Systems,v1:Decision Support Systems,101,101,1.0,
W3099273321,10.1016/j.is.2021.101876,The GDPR enforcement fines at glance,2021,A,Information Systems,v1:Information Systems,82,82,1.0,
W3109365691,10.1016/j.dss.2020.113452,A multivariate approach for multi-step demand forecasting in assembly industries: Empirical evidence from an automotive supply chain,2020,A,Decision Support Systems,v1:Decision Support Systems,101,101,1.0,
W3110739847,10.48550/arxiv.2012.04218,Evaluating Explainable Methods for Predictive Process Analytics: A Functionally-Grounded Approach,2020,B,arXiv (Cornell University),v1:arXiv (Cornell University),15,15,1.0,
W3111638657,10.1016/j.dss.2020.113470,Applying data driven decision making to rank vocational and educational training programs with TOPSIS,2020,A,Decision Support Systems,v1:Decision Support Systems,101,101,1.0,
W3111802031,10.1007/978-3-030-86797-3_47,A Framework of Business Process Monitoring and Prediction Techniques,2021,B,Lecture notes in information systems and organisation,v1:Lecture notes in information systems and organisation,1,1,1.0,
W3118316820,10.1016/j.dss.2021.113492,Data engineering for fraud detection,2021,A,Decision Support Systems,v1:Decision Support Systems,101,101,1.0,
W3118496513,10.1016/j.dss.2021.113494,Process data properties matter: Introducing gated convolutional neural networks (GCNN) and key-value-predict attention networks (KVP) for next event prediction with deep learning,2021,A,Decision Support Systems,v1:Decision Support Systems,101,101,1.0,
W3119686444,10.1007/s10664-021-10024-2,A pragmatic approach for hyper-parameter tuning in search-based test case generation,2021,A,Empirical Software Engineering,v1:Empirical Software Engineering,188,188,1.0,
W3120665120,10.1016/j.dss.2020.113490,A strategic decision-making architecture toward hybrid teams for dynamic competitive problems,2021,A,Decision Support Systems,v1:Decision Support Systems,101,101,1.0,
W3120925457,10.1007/s10664-020-09915-7,Empirical assessment of generating adversarial configurations for software product lines,2021,A,Empirical Software Engineering,v1:Empirical Software Engineering,188,188,1.0,
W3121736031,10.1007/978-3-030-66498-5_24,Process Outcome Prediction: CNN vs. LSTM (with Attention),2020,B,Lecture notes in business information processing,v1:Lecture notes in business information processing,33,33,1.0,
W3122183613,10.1007/s10462-021-09960-8,A systematic literature review on state-of-the-art deep learning methods for process prediction,2021,B,Artificial Intelligence Review,v1:Artificial Intelligence Review,2,2,1.0,
W3123086775,10.1007/s10664-021-09982-4,Can Offline Testing of Deep Neural Networks Replace Their Online Testing?,2021,A,Empirical Software Engineering,v1:Empirical Software Engineering,188,188,1.0,
W3125685732,10.22456/2175-2745.106828,Business Process Models in the Context of Predictive Process Monitoring,2021,B,Revista de Informática Teórica e Aplicada,v1:Revista de Informática Teórica e Aplicada,1,1,1.0,
W3128951365,10.1016/j.dss.2021.113514,Making green power purchase agreements more predictable and reliable for companies,2021,A,Decision Support Systems,v1:Decision Support Systems,101,101,1.0,
W3129148558,10.1007/s10664-020-09898-5,Automatically recommending components for issue reports using deep learning,2021,A,Empirical Software Engineering,v1:Empirical Software Engineering,188,188,1.0,
W3129927920,10.1007/s10664-020-09891-y,The Relation of Test-Related Factors to Software Quality: A Case Study on Apache Systems,2021,A,Empirical Software Engineering,v1:Empirical Software Engineering,188,188,1.0,
W3130571284,10.1016/j.dss.2021.113523,Spline-rule ensemble classifiers with structured sparsity regularization for interpretable customer churn modeling,2021,A,Decision Support Systems,v1:Decision Support Systems,101,101,1.0,
W3131470102,10.1016/j.im.2021.103445,Calling out fake online reviews through robust epistemic belief,2021,A,Information & Management,v1:Information & Management,20,20,1.0,
W3133466007,10.1016/j.dss.2021.113517,Box office sales and social media: A cross-platform comparison of predictive ability and mechanisms,2021,A,Decision Support Systems,v1:Decision Support Systems,101,101,1.0,
W3135058693,10.1016/j.dss.2021.113539,Predicting employee absenteeism for cost effective interventions,2021,A,Decision Support Systems,v1:Decision Support Systems,101,101,1.0,
W3135733620,10.1016/j.dss.2021.113541,A competing risks model based on latent Dirichlet Allocation for predicting churn reasons,2021,A,Decision Support Systems,v1:Decision Support Systems,101,101,1.0,
W3140537353,10.48550/arxiv.2104.00721,ProcessTransformer: Predictive Business Process Monitoring with Transformer Network,2021,B,arXiv (Cornell University),v1:arXiv (Cornell University),15,15,1.0,
W3140856385,10.1007/978-3-030-85347-1_13,Evaluating Predictive Business Process Monitoring Approaches on Small Event Logs,2021,B,Communications in computer and information science,v1:Communications in computer and information science,1,1,1.0,
W3142154623,10.1007/s10664-021-09968-2,Embedding API dependency graph for neural code generation,2021,A,Empirical Software Engineering,v1:Empirical Software Engineering,188,188,1.0,
W3143362692,10.1016/j.is.2021.101766,"Scalable generalized median graph estimation and its manifold use in bioinformatics, clustering, classification, and indexing",2021,A,Information Systems,v1:Information Systems,82,82,1.0,
W3144055537,10.48550/arxiv.2103.16654,A Systematic Literature Review on Process-Aware Recommender Systems,2021,B,arXiv (Cornell University),v1:arXiv (Cornell University),15,15,1.0,
W3147362533,10.1007/s10664-021-09944-w,Revisiting the VCCFinder approach for the identification of vulnerability-contributing commits,2021,A,Empirical Software Engineering,v1:Empirical Software Engineering,188,188,1.0,
W3149713727,10.1016/j.dss.2021.113556,Simpler is better: Lifting interpretability-performance trade-off via automated feature engineering,2021,A,Decision Support Systems,v1:Decision Support Systems,101,101,1.0,
W3149836688,10.1007/s10664-023-10299-7,Does the first response matter for future contributions? A study of first contributions,2023,A,Empirical Software Engineering,v1:Empirical Software Engineering,188,188,1.0,
W3150137677,10.1007/s10664-022-10224-4,Exploring the relationship between performance metrics and cost saving potential of defect prediction models,2022,A,Empirical Software Engineering,v1:Empirical Software Engineering,188,188,1.0,
W3153009645,10.1016/j.dss.2021.113635,Visual analytics of set data for knowledge discovery and member selection support,2021,A,Decision Support Systems,v1:Decision Support Systems,101,101,1.0,
W3155271895,10.1016/j.is.2021.101787,Reuse-centric k -means configuration,2021,A,Information Systems,v1:Information Systems,82,82,1.0,
W3155749121,10.1016/j.dss.2021.113577,Do President Trump's tweets affect financial markets?,2021,A,Decision Support Systems,v1:Decision Support Systems,101,101,1.0,
W3157341372,10.1007/s10664-021-09977-1,Individual differences limit predicting well-being and productivity using software repositories: a longitudinal industrial study,2021,A,Empirical Software Engineering,v1:Empirical Software Engineering,188,188,1.0,
W3157562347,10.1007/s10664-020-09926-4,The nature of build changes,2021,A,Empirical Software Engineering,v1:Empirical Software Engineering,188,188,1.0,
W3158436487,10.1007/978-3-030-89022-3_5,Process Model Forecasting Using Time Series Analysis of Event Sequence Data,2021,B,Lecture notes in computer science,v1:Lecture notes in computer science,12,12,1.0,
W3158906501,10.1016/j.dss.2021.113584,A prescriptive analytics framework for efficient E-commerce order delivery,2021,A,Decision Support Systems,v1:Decision Support Systems,101,101,1.0,
W3159006294,10.21203/rs.3.rs-260970/v1,Predicting Outcomes of Business Process Executions Based on LSTM Neural Networks and Attention Mechanism,2021,B,Research Square,v1:Research Square,2,2,1.0,
W3159353569,10.1016/j.dss.2021.113579,Session stitching using sequence fingerprinting for web page visits,2021,A,Decision Support Systems,v1:Decision Support Systems,101,101,1.0,
W3161656032,10.1109/icpm53251.2021.9576853,Prescriptive Process Monitoring for Cost-Aware Cycle Time Reduction,2021,B,,v1:nan,16,16,1.0,
W3164396702,10.1016/j.is.2021.101807,The role of local dimensionality measures in benchmarking nearest neighbor search,2021,A,Information Systems,v1:Information Systems,82,82,1.0,
W3165327389,10.1007/s10664-021-09955-7,Lessons Learnt on Reproducibility in Machine Learning Based Android Malware Detection,2021,A,Empirical Software Engineering,v1:Empirical Software Engineering,188,188,1.0,
W3166557239,10.1109/access.2021.3087172,Detecting Crowdsourcing Impasses,2021,B,IEEE Access,v1:IEEE Access,10,10,1.0,
W3167406762,10.1007/s10664-021-09978-0,Exposed! A case study on the vulnerability-proneness of Google Play Apps,2021,A,Empirical Software Engineering,v1:Empirical Software Engineering,188,188,1.0,
W3169486253,10.1007/978-3-030-79108-7_4,Sensor Data Stream Selection and Aggregation for the Ex Post Discovery of Impact Factors on Process Outcomes,2021,B,Lecture notes in business information processing,v1:Lecture notes in business information processing,33,33,1.0,
W3171707163,10.1007/s10664-021-09972-6,Reliability of self-rated experience and confidence as predictors for students’ performance in software engineering,2021,A,Empirical Software Engineering,v1:Empirical Software Engineering,188,188,1.0,
W3171984595,10.1145/3468877,Privacy and Confidentiality in Process Mining: Threats and Research Challenges,2021,B,ACM Transactions on Management Information Systems,v1:ACM Transactions on Management Information Systems,1,1,1.0,
W3176226112,10.1007/s10664-021-09984-2,Weighted software metrics aggregation and its application to defect prediction,2021,A,Empirical Software Engineering,v1:Empirical Software Engineering,188,188,1.0,
W3176556934,10.1016/j.im.2021.103501,Impact of enjoyment on the usage continuance intention of video-on-demand services,2021,A,Information & Management,v1:Information & Management,20,20,1.0,
W3179705199,10.13140/rg.2.2.16036.19848,Creating Unbiased Public Benchmark Datasets with Data Leakage Prevention for Predictive Process Monitoring,2021,B,arXiv (Cornell University),v1:arXiv (Cornell University),15,15,1.0,
W3181722895,10.1109/access.2021.3096513,A Machine Learning Based Approach for Recommending Unfamiliar Process Activities,2021,B,IEEE Access,v1:IEEE Access,10,10,1.0,
W3183583632,,Interpreting Process Predictions using a Milestone-Aware Counterfactual Approach,2021,B,arXiv (Cornell University),v1:arXiv (Cornell University),15,15,1.0,
W3184174269,10.48550/arxiv.2107.09767,Explainable AI Enabled Inspection of Business Process Prediction Models,2021,B,arXiv (Cornell University),v1:arXiv (Cornell University),15,15,1.0,
W3185574546,10.1002/qre.2957,Predictive monitoring using machine learning algorithms and a real‐life example on schizophrenia,2021,B,Quality and Reliability Engineering International,v1:Quality and Reliability Engineering International,1,1,1.0,
W3186154954,10.1016/j.dss.2021.113651,A text-mining based cyber-risk assessment and mitigation framework for critical analysis of online hacker forums,2021,A,Decision Support Systems,v1:Decision Support Systems,101,101,1.0,
W3186922658,10.1007/s10664-021-09967-3,Finding the sweet spot for organizational control and team autonomy in large-scale agile software development,2021,A,Empirical Software Engineering,v1:Empirical Software Engineering,188,188,1.0,
W3190848024,10.1016/j.is.2021.101866,Caught in a networked collusion? Homogeneity in conspiracy-related discussion networks on YouTube,2021,A,Information Systems,v1:Information Systems,82,82,1.0,
W3193772290,10.1007/s10696-021-09430-x,AI for in-line vehicle sequence controlling: development and evaluation of an adaptive machine learning artifact to predict sequence deviations in a mixed-model production line,2021,B,Flexible Services and Manufacturing Journal,v1:Flexible Services and Manufacturing Journal,1,1,1.0,
W3195687240,10.48550/arxiv.2105.01092,Process Model Forecasting Using Time Series Analysis of Event Sequence\n Data,2021,B,arXiv (Cornell University),v1:arXiv (Cornell University),15,15,1.0,
W3195843447,10.1016/j.dss.2021.113653,AI-based industrial full-service offerings: A model for payment structure selection considering predictive power,2021,A,Decision Support Systems,v1:Decision Support Systems,101,101,1.0,
W3195958055,10.1007/s10664-021-09996-y,Predicting unstable software benchmarks using static source code features,2021,A,Empirical Software Engineering,v1:Empirical Software Engineering,188,188,1.0,
W3196523473,10.3390/info12090362,Dynamic Adaptation Method of Business Process Based on Hierarchical Feature Model,2021,B,Information,v1:Information,2,2,1.0,
W3196981326,10.1007/s12599-021-00720-0,Opportunities and Challenges for Process Mining in Organizations: Results of a Delphi Study,2021,B,Business & Information Systems Engineering,v1:Business & Information Systems Engineering,7,7,1.0,
W3197963420,10.1016/j.knosys.2022.108773,Building interpretable models for business process prediction using shared and specialised attention mechanisms,2022,B,Knowledge-Based Systems,v1:Knowledge-Based Systems,2,2,1.0,
W3198188779,10.1007/978-3-030-98581-3_14,Prescriptive Process Monitoring Under Resource Constraints: A Causal Inference Approach,2022,B,Lecture notes in business information processing,v1:Lecture notes in business information processing,33,33,1.0,
W3198564768,10.1007/s10115-022-01666-9,How do I update my model? On the resilience of Predictive Process Monitoring models to change,2022,B,Knowledge and Information Systems,v1:Knowledge and Information Systems,6,6,1.0,
W3200219929,10.1016/j.im.2021.103533,Absorbed in technology but digitally overloaded: Interplay effects on gig workers’ burnout and creativity,2021,A,Information & Management,v1:Information & Management,20,20,1.0,
W3202138005,10.1109/icpm53251.2021.9576880,Towards Evidence-Based Analysis of Palliative Treatments for Stomach and Esophageal Cancer Patients: a Process Mining Approach,2021,B,,v1:nan,16,16,1.0,
W3202693769,10.1109/access.2021.3115759,Stability Metrics for Enhancing the Evaluation of Outcome-Based Business Process Predictive Monitoring,2021,B,IEEE Access,v1:IEEE Access,10,10,1.0,
W3203269068,10.1109/tkde.2022.3232207,Process Discovery on Deviant Traces and Other Stranger Things,2022,B,IEEE Transactions on Knowledge and Data Engineering,v1:IEEE Transactions on Knowledge and Data Engineering,1,1,1.0,
W3203500186,10.1016/j.dss.2021.113669,Encoding resource experience for predictive process monitoring,2021,A,Decision Support Systems,v1:Decision Support Systems,101,101,1.0,
W3204704933,,Design and Evaluation of Explainable Methods for Predictive Process Analytics.,2021,B,QUT ePrints (Queensland University of Technology),v1:QUT ePrints (Queensland University of Technology),1,1,1.0,
W3204750696,10.1007/s10664-023-10407-7,Which design decisions in AI-enabled mobile applications contribute to greener AI?,2023,A,Empirical Software Engineering,v1:Empirical Software Engineering,188,188,1.0,
W3204851646,10.1016/j.is.2021.101892,Fast and accurate quantitative business process analysis using feature complete queueing models,2021,A,Information Systems,v1:Information Systems,82,82,1.0,
W3210011952,10.1007/s10664-021-10035-z,Reviewing rounds prediction for code patches,2021,A,Empirical Software Engineering,v1:Empirical Software Engineering,188,188,1.0,
W3213259750,10.1007/s10664-021-10092-4,Problems with SZZ and features: An empirical study of the state of practice of defect prediction data collection,2022,A,Empirical Software Engineering,v1:Empirical Software Engineering,188,188,1.0,
W3213266171,10.1007/s10664-023-10286-y,Machine learning-based test selection for simulation-based testing of self-driving cars software,2023,A,Empirical Software Engineering,v1:Empirical Software Engineering,188,188,1.0,
W3216137074,10.1007/s10664-021-10063-9,Enjoy your observability: an industrial survey of microservice tracing and analysis,2021,A,Empirical Software Engineering,v1:Empirical Software Engineering,188,188,1.0,
W3217325574,10.48550/arxiv.2111.12454,Exploring Business Process Deviance with Sequential and Declarative Patterns,2021,B,arXiv (Cornell University),v1:arXiv (Cornell University),15,15,1.0,
W4200001897,10.1016/j.is.2021.101955,Establishing trajectories of moving objects without identities: The intricacies of cell tracking and a solution,2021,A,Information Systems,v1:Information Systems,82,82,1.0,
W4200151996,10.1016/j.is.2021.101957,Data pre-processing pipeline generation for AutoETL,2021,A,Information Systems,v1:Information Systems,82,82,1.0,
W4200448782,10.1007/s10664-021-10076-4,Using code reviews to automatically configure static analysis tools,2021,A,Empirical Software Engineering,v1:Empirical Software Engineering,188,188,1.0,
W4200629917,10.1007/s10664-021-10106-1,From anecdote to evidence: the relationship between personality and need for cognition of developers,2022,A,Empirical Software Engineering,v1:Empirical Software Engineering,188,188,1.0,
W4205602341,10.1016/j.dss.2022.113730,An explanatory machine learning framework for studying pandemics: The case of COVID-19 emergency department readmissions,2022,A,Decision Support Systems,v1:Decision Support Systems,101,101,1.0,
W4205621479,10.1007/s10664-021-10073-7,Smoke testing for machine learning: simple tests to discover severe bugs,2022,A,Empirical Software Engineering,v1:Empirical Software Engineering,188,188,1.0,
W4206142733,10.1007/s10664-021-10095-1,A comparative study and analysis of developer communications on Slack and Gitter,2022,A,Empirical Software Engineering,v1:Empirical Software Engineering,188,188,1.0,
W4206162339,10.1007/s10664-021-10088-0,Modeling Performance of Microservices Systems with Growth Theory,2022,A,Empirical Software Engineering,v1:Empirical Software Engineering,188,188,1.0,
W4206264714,10.1016/j.dss.2021.113718,A deep recurrent neural network approach to learn sequence similarities for user-identification,2022,A,Decision Support Systems,v1:Decision Support Systems,101,101,1.0,
W4206583545,10.1016/j.dss.2021.113728,Fraudulent review detection model focusing on emotional expressions and explicit aspects: investigating the potential of feature engineering,2022,A,Decision Support Systems,v1:Decision Support Systems,101,101,1.0,
W4207018882,10.1007/s10664-021-10102-5,Uniform and scalable sampling of highly configurable systems,2022,A,Empirical Software Engineering,v1:Empirical Software Engineering,188,188,1.0,
W4210761353,10.1016/j.dss.2022.113747,Improving decision making in the management of hospital readmissions using modern survival analysis techniques,2022,A,Decision Support Systems,v1:Decision Support Systems,101,101,1.0,
W4210977175,10.1016/j.dss.2022.113752,Impact of information timeliness and richness on public engagement on social media during COVID-19 pandemic: An empirical investigation based on NLP and machine learning,2022,A,Decision Support Systems,v1:Decision Support Systems,101,101,1.0,
W4213172184,10.1007/978-3-030-95947-0_28,Counterfactual Explanations for Predictive Business Process Monitoring,2022,B,Lecture notes in business information processing,v1:Lecture notes in business information processing,33,33,1.0,
W4214741785,10.1007/s10664-021-10070-w,TraceSim: An Alignment Method for Computing Stack Trace Similarity,2022,A,Empirical Software Engineering,v1:Empirical Software Engineering,188,188,1.0,
W4220684740,10.1007/s12599-022-00749-9,Semi-Supervised Discovery of DNN-Based Outcome Predictors from Scarcely-Labeled Process Logs,2022,B,Business & Information Systems Engineering,v1:Business & Information Systems Engineering,7,7,1.0,
W4220826582,10.1007/s10664-022-10116-7,Search-based fairness testing for regression-based machine learning systems,2022,A,Empirical Software Engineering,v1:Empirical Software Engineering,188,188,1.0,
W4221005884,10.1007/s10664-021-10110-5,Crowdsmelling: A preliminary study on using collective knowledge in code smells detection,2022,A,Empirical Software Engineering,v1:Empirical Software Engineering,188,188,1.0,
W4221035697,10.1016/j.dss.2022.113768,Growing pains and blessings: Manifestations and implications of equity crowdfunding industry maturation,2022,A,Decision Support Systems,v1:Decision Support Systems,101,101,1.0,
W4221051771,10.1007/s10664-022-10126-5,On the adequacy of static analysis warnings with respect to code smell prediction,2022,A,Empirical Software Engineering,v1:Empirical Software Engineering,188,188,1.0,
W4221145890,10.1007/s10664-022-10166-x,Development effort estimation in free/open source software from activity in version control systems,2022,A,Empirical Software Engineering,v1:Empirical Software Engineering,188,188,1.0,
W4221164236,10.1007/978-3-031-05760-1_15,The Analysis of Online Event Streams: Predicting the Next Activity for Anomaly Detection,2022,B,Lecture notes in business information processing,v1:Lecture notes in business information processing,33,33,1.0,
W4223983178,10.1007/s10664-021-10075-5,What happens in my code reviews? An investigation on automatically classifying review changes,2022,A,Empirical Software Engineering,v1:Empirical Software Engineering,188,188,1.0,
W4224992801,10.1016/j.dss.2022.113799,A critical assessment of consumer reviews: A hybrid NLP-based methodology,2022,A,Decision Support Systems,v1:Decision Support Systems,101,101,1.0,
W4225709018,10.1007/978-3-030-98581-3_12,Event Log Sampling for Predictive Monitoring,2022,B,Lecture notes in business information processing,v1:Lecture notes in business information processing,33,33,1.0,
W4225832919,10.1007/978-3-030-94343-1_2,Creating Unbiased Public Benchmark Datasets with Data Leakage Prevention for Predictive Process Monitoring,2022,B,Lecture notes in business information processing,v1:Lecture notes in business information processing,33,33,1.0,
W4225985120,10.1007/978-3-030-98581-3_23,Patient Discharge Classification Based on the Hospital Treatment Process,2022,B,Lecture notes in business information processing,v1:Lecture notes in business information processing,33,33,1.0,
W4226047899,10.1007/978-3-030-98581-3_15,Quantifying Explainability in Outcome-Oriented Predictive Process Monitoring,2022,B,Lecture notes in business information processing,v1:Lecture notes in business information processing,33,33,1.0,
W4226064336,10.1007/978-3-030-98581-3_18,Continuous Performance Evaluation for Business Process Outcome Monitoring,2022,B,Lecture notes in business information processing,v1:Lecture notes in business information processing,33,33,1.0,
W4226066227,10.1007/978-3-030-98581-3_13,Active Anomaly Detection for Key Item Selection in Process Auditing,2022,B,Lecture notes in business information processing,v1:Lecture notes in business information processing,33,33,1.0,
W4226203778,10.1007/s10664-022-10128-3,Identifying self-admitted technical debt in issue tracking systems using machine learning,2022,A,Empirical Software Engineering,v1:Empirical Software Engineering,188,188,1.0,
W4226305259,10.1007/978-3-030-98581-3_16,Online Prediction of Aggregated Retailer Consumer Behaviour,2022,B,Lecture notes in business information processing,v1:Lecture notes in business information processing,33,33,1.0,
W4226370069,10.2139/ssrn.4080238,Three Lines 4.0 - Predictive Process Monitoring for Internal Audit,2022,B,SSRN Electronic Journal,v1:SSRN Electronic Journal,8,8,1.0,
W4226400456,10.2139/ssrn.4069688,Leveraging an Advanced Heterogeneous Ensemble Learning for Outcome-Based Predictive Monitoring Using Business Process Event Logs,2022,B,SSRN Electronic Journal,v1:SSRN Electronic Journal,8,8,1.0,
W4229035469,10.1016/j.dss.2022.113798,Data misrepresentation detection for insurance underwriting fraud prevention,2022,A,Decision Support Systems,v1:Decision Support Systems,101,101,1.0,
W4229333924,10.3390/electronics11091509,Business Process Outcome Prediction Based on Deep Latent Factor Model,2022,B,Electronics,v1:Electronics,4,4,1.0,
W4254004495,10.18178/wcse.2019.03.028,Attention Based LSTM with Multi Tasks Learning for Predictive Process Monitoring,2019,B,Proceedings of 2019 the 9th International Workshop on Computer Science and Engineering,v1:Proceedings of 2019 the 9th International Workshop on Computer Science and Engineering,1,1,1.0,
W4281264152,10.3390/a15050173,Integrating Process Mining with Discrete-Event Simulation for Dynamic Productivity Estimation in Heavy Civil Construction Operations,2022,B,Algorithms,v1:Algorithms,3,3,1.0,
W4281569614,10.1016/j.dss.2022.113814,Financial distress prediction using integrated Z-score and multilayer perceptron neural networks,2022,A,Decision Support Systems,v1:Decision Support Systems,101,101,1.0,
W4281700903,10.1007/s10664-022-10130-9,Quality gatekeepers: investigating the effects of code review bots on pull request activities,2022,A,Empirical Software Engineering,v1:Empirical Software Engineering,188,188,1.0,
W4281783878,10.1007/s10664-022-10137-2,How do Android developers improve non-functional properties of software?,2022,A,Empirical Software Engineering,v1:Empirical Software Engineering,188,188,1.0,
W4281897214,10.3390/a15060187,Exploring the Suitability of Rule-Based Classification to Provide Interpretability in Outcome-Based Process Predictive Monitoring,2022,B,Algorithms,v1:Algorithms,3,3,1.0,
W4281934010,10.3390/a15060199,XAI in the Context of Predictive Process Monitoring: An Empirical Analysis Framework,2022,B,Algorithms,v1:Algorithms,3,3,1.0,
W4284710815,10.3390/electronics11142128,RETRACTED: Convolutional Neural Networks in Process Mining and Data Analytics for Prediction Accuracy,2022,B,Electronics,v1:Electronics,4,4,1.0,
W4284881265,10.1016/j.im.2022.103682,Identification of Travel Styles by Learning from Consumer-generated Images in Online Travel Communities,2022,A,Information & Management,v1:Information & Management,20,20,1.0,
W4285280214,10.1007/978-3-031-08848-3_10,Predictive Process Monitoring,2022,B,Lecture notes in business information processing,v1:Lecture notes in business information processing,33,33,1.0,
W4285297897,10.1007/978-3-031-05760-1_16,Process Mining: A Guide for Practitioners,2022,B,Lecture notes in business information processing,v1:Lecture notes in business information processing,33,33,1.0,
W4286217255,10.1007/s10723-022-09613-2,Conformance-oriented Predictive Process Monitoring in BPaaS Based on Combination of Neural Networks,2022,B,Journal of Grid Computing,v1:Journal of Grid Computing,1,1,1.0,
W4286716257,10.1007/s10664-022-10120-x,An empirical study of issue-link algorithms: which issue-link algorithms should we use?,2022,A,Empirical Software Engineering,v1:Empirical Software Engineering,188,188,1.0,
W4289977462,10.1007/s10664-021-10107-0,Styler: learning formatting conventions to repair Checkstyle violations,2022,A,Empirical Software Engineering,v1:Empirical Software Engineering,188,188,1.0,
W4289978713,10.1007/s10664-022-10186-7,On effort-aware metrics for defect prediction,2022,A,Empirical Software Engineering,v1:Empirical Software Engineering,188,188,1.0,
W4291744154,10.3390/electronics11162548,Leveraging a Heterogeneous Ensemble Learning for Outcome-Based Predictive Monitoring Using Business Process Event Logs,2022,B,Electronics,v1:Electronics,4,4,1.0,
W4292291625,10.3390/app12168192,Explainability of Predictive Process Monitoring Results: Can You See My Data Issues?,2022,B,Applied Sciences,v1:Applied Sciences,2,2,1.0,
W4293100964,10.1007/s10994-022-06152-5,A comparison of proximity-based methods for detecting temporal anomalies in business processes,2022,B,Machine Learning,v1:Machine Learning,2,2,1.0,
W4294192778,10.1016/j.dss.2022.113866,CATCHM: A novel network-based credit card fraud detection method using node representation learning,2022,A,Decision Support Systems,v1:Decision Support Systems,101,101,1.0,
W4294816518,10.1007/978-3-031-16171-1_13,When to Intervene? Prescriptive Process Monitoring Under Uncertainty and Resource Constraints,2022,B,Lecture notes in business information processing,v1:Lecture notes in business information processing,33,33,1.0,
W4296311716,10.1016/j.is.2022.102123,A meta-learning configuration framework for graph-based similarity search indexes,2022,A,Information Systems,v1:Information Systems,82,82,1.0,
W4296483261,10.1007/s10664-022-10197-4,Learning from what we know: How to perform vulnerability prediction using noisy historical data,2022,A,Empirical Software Engineering,v1:Empirical Software Engineering,188,188,1.0,
W4297254899,10.1007/s10664-022-10215-5,FindICI: Using machine learning to detect linguistic inconsistencies between code and natural language descriptions in infrastructure-as-code,2022,A,Empirical Software Engineering,v1:Empirical Software Engineering,188,188,1.0,
W4297421532,10.1007/s10664-022-10192-9,Story points changes in agile iterative development,2022,A,Empirical Software Engineering,v1:Empirical Software Engineering,188,188,1.0,
W4297535508,10.1016/j.dss.2022.113879,The role of web browsing in credit risk prediction,2022,A,Decision Support Systems,v1:Decision Support Systems,101,101,1.0,
W4298156377,10.1007/s10664-022-10227-1,Static test flakiness prediction: How Far Can We Go?,2022,A,Empirical Software Engineering,v1:Empirical Software Engineering,188,188,1.0,
W4298156561,10.1007/s10664-022-10164-z,"A machine and deep learning analysis among SonarQube rules, product, and process metrics for fault prediction",2022,A,Empirical Software Engineering,v1:Empirical Software Engineering,188,188,1.0,
W4298325204,10.48550/arxiv.2109.03501,How do I update my model? On the resilience of Predictive Process Monitoring models to change,2021,B,arXiv (Cornell University),v1:arXiv (Cornell University),15,15,1.0,
W4298630190,10.1007/s10664-022-10199-2,Comparing ϕ and the F-measure as performance metrics for software-related classifications,2022,A,Empirical Software Engineering,v1:Empirical Software Engineering,188,188,1.0,
W4307055605,10.1016/j.dss.2022.113891,Removing order effects from human-classified datasets: A machine learning method to improve decision making systems,2022,A,Decision Support Systems,v1:Decision Support Systems,101,101,1.0,
W4308072150,10.1016/j.dss.2022.113892,When machines trade on corporate disclosures: Using text analytics for investment strategies,2022,A,Decision Support Systems,v1:Decision Support Systems,101,101,1.0,
W4308115903,10.1007/s10115-022-01777-3,Partial-order-based process mining: a survey and outlook,2022,B,Knowledge and Information Systems,v1:Knowledge and Information Systems,6,6,1.0,
W4308518385,10.1007/s10664-022-10243-1,Evaluating classifiers in SE research: the ECSER pipeline and two replication studies,2022,A,Empirical Software Engineering,v1:Empirical Software Engineering,188,188,1.0,
W4309389067,10.1007/s10664-022-10229-z,Workflow analysis of data science code in public GitHub repositories,2022,A,Empirical Software Engineering,v1:Empirical Software Engineering,188,188,1.0,
W4309475896,10.1016/j.dss.2022.113898,Knowledge contributions in design science research: Paths of knowledge types,2022,A,Decision Support Systems,v1:Decision Support Systems,101,101,1.0,
W4309632567,10.1016/j.dss.2022.113899,Improving triaging from primary care into secondary care using heterogeneous data-driven hybrid machine learning,2022,A,Decision Support Systems,v1:Decision Support Systems,101,101,1.0,
W4309896433,10.1007/s10664-022-10242-2,Automatic prediction of rejected edits in Stack Overflow,2022,A,Empirical Software Engineering,v1:Empirical Software Engineering,188,188,1.0,
W4311485938,10.1109/icpm57379.2022.9980737,Encoding High-Level Control-Flow Construct Information for Process Outcome Prediction,2022,B,,v1:nan,16,16,1.0,
W4311731479,10.1109/icpm57379.2022.9980785,Towards next-location prediction for process executions,2022,B,,v1:nan,16,16,1.0,
W4311734044,10.1109/icpm57379.2022.9980753,Assessing the Robustness in Predictive Process Monitoring through Adversarial Attacks,2022,B,,v1:nan,16,16,1.0,
W4312205020,10.1007/s10664-022-10249-9,Assessing the opportunity of combining state-of-the-art Android malware detectors,2022,A,Empirical Software Engineering,v1:Empirical Software Engineering,188,188,1.0,
W4312208416,10.1016/j.is.2022.102162,A quantitative approach for the comparison of additive local explanation methods,2022,A,Information Systems,v1:Information Systems,82,82,1.0,
W4312452087,10.1109/tcss.2022.3220262,Improving Predictive Process Monitoring Through Reachability Graph-Based Masking of Neural Networks,2022,B,IEEE Transactions on Computational Social Systems,v1:IEEE Transactions on Computational Social Systems,1,1,1.0,
W4313426527,10.1007/s10844-022-00770-0,Model-based decision support for knowledge-intensive processes,2022,B,Journal of Intelligent Information Systems,v1:Journal of Intelligent Information Systems,6,6,1.0,
W4313573029,10.1016/j.compind.2022.103837,The biggest business process management problems to solve before we die,2023,B,Computers in Industry,v1:Computers in Industry,1,1,1.0,
W4313594424,10.1016/j.dss.2022.113916,TEA-IS: A hybrid DEA-TOPSIS approach for assessing performance and synergy in Chinese health care,2023,A,Decision Support Systems,v1:Decision Support Systems,101,101,1.0,
W4317505921,10.1007/s10664-022-10250-2,Mastering uncertainty in performance estimations of configurable software systems,2023,A,Empirical Software Engineering,v1:Empirical Software Engineering,188,188,1.0,
W4317838279,10.1007/s10664-022-10273-9,Differential testing for machine learning: an analysis for classification algorithms beyond deep learning,2023,A,Empirical Software Engineering,v1:Empirical Software Engineering,188,188,1.0,
W4318035544,10.1016/j.datak.2023.102145,Process model forecasting and change exploration using time series analysis of event sequence data,2023,B,Data & Knowledge Engineering,v1:Data & Knowledge Engineering,2,2,1.0,
W4318618333,10.1007/s10664-022-10261-z,Enhancing the defectiveness prediction of methods and classes via JIT,2023,A,Empirical Software Engineering,v1:Empirical Software Engineering,188,188,1.0,
W4318822511,10.1016/j.im.2023.103759,Will they take this offer? A machine learning price elasticity model for predicting upselling acceptance of premium airline seating,2023,A,Information & Management,v1:Information & Management,20,20,1.0,
W4319028553,10.1007/978-3-662-65004-2_15,"Process Mining—Discovery, Conformance, and Enhancement of Manufacturing Processes",2023,B,Digital Transformation,v1:Digital Transformation,1,1,1.0,
W4319072749,10.1016/j.is.2023.102184,An approach for analyzing business process execution complexity based on textual data and event log,2023,A,Information Systems,v1:Information Systems,82,82,1.0,
W4319079817,10.1007/s10664-022-10283-7,What makes Ethereum blockchain transactions be processed fast or slow? An empirical study,2023,A,Empirical Software Engineering,v1:Empirical Software Engineering,188,188,1.0,
W4319443780,10.1016/j.im.2023.103761,Actively open-minded thinking is key to combating fake news: A multimethod study,2023,A,Information & Management,v1:Information & Management,20,20,1.0,
W4319877701,10.1007/978-3-031-25383-6_22,Text-Aware Predictive Process Monitoring with Contextualized Word Embeddings,2023,B,Lecture notes in business information processing,v1:Lecture notes in business information processing,33,33,1.0,
W4320883647,10.1016/j.dss.2023.113940,A decision support framework to incorporate textual data for early student dropout prediction in higher education,2023,A,Decision Support Systems,v1:Decision Support Systems,101,101,1.0,
W4321021984,10.1109/tsc.2023.3245726,A Direct Data Aware LSTM Neural Network Architecture for Complete Remaining Trace and Runtime Prediction,2023,B,IEEE Transactions on Services Computing,v1:IEEE Transactions on Services Computing,5,5,1.0,
W4321461628,10.2298/csis220110005t,Matching business process behavior with encoding techniques via meta-learning: An anomaly detection study,2023,B,Computer Science and Information Systems,v1:Computer Science and Information Systems,1,1,1.0,
W4322741162,10.3390/fintech2010009,Using Process Mining to Reduce Fraud in Digital Onboarding,2023,B,FinTech,v1:FinTech,1,1,1.0,
W4323306227,10.1007/s10844-022-00775-9,Performance-preserving event log sampling for predictive monitoring,2023,B,Journal of Intelligent Information Systems,v1:Journal of Intelligent Information Systems,6,6,1.0,
W4323566020,10.3390/electronics12061273,Predictive Business Process Monitoring Approach Based on Hierarchical Transformer,2023,B,Electronics,v1:Electronics,4,4,1.0,
W4323661611,10.1007/s10664-023-10293-z,Satisfaction and performance of software developers during enforced work from home in the COVID-19 pandemic,2023,A,Empirical Software Engineering,v1:Empirical Software Engineering,188,188,1.0,
W4324142999,10.3390/fi15030109,DataStream XES Extension: Embedding IoT Sensor Data into Extensible Event Stream Logs,2023,B,Future Internet,v1:Future Internet,1,1,1.0,
W4360969720,10.1007/978-3-031-27815-0_6,Building User Journey Games from Multi-party Event Logs,2023,B,Lecture notes in business information processing,v1:Lecture notes in business information processing,33,33,1.0,
W4360971500,10.1007/978-3-031-27815-0_18,Genetic Algorithms for AutoML in Process Predictive Monitoring,2023,B,Lecture notes in business information processing,v1:Lecture notes in business information processing,33,33,1.0,
W4360971517,10.1007/978-3-031-27815-0_14,On the Potential of Textual Data for Explainable Predictive Process Monitoring,2023,B,Lecture notes in business information processing,v1:Lecture notes in business information processing,33,33,1.0,
W4360972068,10.1007/978-3-031-27815-0_19,Outcome-Oriented Predictive Process Monitoring on Positive and Unlabelled Event Logs,2023,B,Lecture notes in business information processing,v1:Lecture notes in business information processing,33,33,1.0,
W4360981376,10.1007/s10664-022-10275-7,JEMMA: An extensible Java dataset for ML4Code applications,2023,A,Empirical Software Engineering,v1:Empirical Software Engineering,188,188,1.0,
W4362606928,10.1007/s10664-023-10291-1,Bugs in machine learning-based systems: a faultload benchmark,2023,A,Empirical Software Engineering,v1:Empirical Software Engineering,188,188,1.0,
W4365385593,10.52591/lxai202207175,Interpretable Process Mining Opportunities and Challenges,2022,B,,v1:nan,16,16,1.0,
W4366279046,10.1007/s10664-023-10305-y,Integrating human values in software development using a human values dashboard,2023,A,Empirical Software Engineering,v1:Empirical Software Engineering,188,188,1.0,
W4366824464,10.1016/j.dss.2023.113983,Improved healthcare disaster decision-making utilizing information extraction from complementary social media data during the COVID-19 pandemic,2023,A,Decision Support Systems,v1:Decision Support Systems,101,101,1.0,
W4367316222,10.1007/s10664-023-10307-w,Empirically evaluating flaky test detection techniques combining test case rerunning and machine learning models,2023,A,Empirical Software Engineering,v1:Empirical Software Engineering,188,188,1.0,
W4367603665,10.1007/s10844-023-00777-1,Multi-perspective enriched instance graphs for next activity prediction through graph neural network,2023,B,Journal of Intelligent Information Systems,v1:Journal of Intelligent Information Systems,6,6,1.0,
W4367693670,10.1007/s10664-023-10306-x,Model vs system level testing of autonomous driving systems: a replication and extension study,2023,A,Empirical Software Engineering,v1:Empirical Software Engineering,188,188,1.0,
W4375946435,10.1016/j.dss.2023.113997,Trust and deception with high stakes: Evidence from the friend or foe dataset,2023,A,Decision Support Systems,v1:Decision Support Systems,101,101,1.0,
W4376125404,10.1145/3589883.3589897,Remaining cycle time prediction with Graph Neural Networks for Predictive Process Monitoring,2023,B,,v1:nan,16,16,1.0,
W4377023738,10.1016/j.is.2023.102228,Conformance checking of process event streams with constraints on data retention,2023,A,Information Systems,v1:Information Systems,82,82,1.0,
W4377030752,10.1016/j.is.2023.102227,Natural language querying of process execution data,2023,A,Information Systems,v1:Information Systems,82,82,1.0,
W4378083145,10.1007/s10664-022-10284-6,Completing Function Documentation Comments Using Structural Information,2023,A,Empirical Software Engineering,v1:Empirical Software Engineering,188,188,1.0,
W4378221148,10.1016/j.engappai.2023.106461,DARWIN: An online deep learning approach to handle concept drifts in predictive process monitoring,2023,B,Engineering Applications of Artificial Intelligence,v1:Engineering Applications of Artificial Intelligence,8,8,1.0,
W4379380076,10.1016/j.dss.2023.114015,Co-evolution of neural architectures and features for stock market forecasting: A multi-objective decision perspective,2023,A,Decision Support Systems,v1:Decision Support Systems,101,101,1.0,
W4379793019,10.1007/978-3-031-34560-9_22,Learning When to Treat Business Processes: Prescriptive Process Monitoring with Causal Inference and Reinforcement Learning,2023,B,Lecture notes in computer science,v1:Lecture notes in computer science,12,12,1.0,
W4380154100,10.1016/j.dss.2023.114024,Interpretable cost-sensitive regression through one-step boosting,2023,A,Decision Support Systems,v1:Decision Support Systems,101,101,1.0,
W4380624617,10.21203/rs.3.rs-3047994/v1,Research for Remaining time Prediction Log Reduction Method,2023,B,Research Square,v1:Research Square,2,2,1.0,
W4380686481,10.3390/math11122691,Object-Centric Process Mining: Unraveling the Fabric of Real Processes,2023,B,Mathematics,v1:Mathematics,1,1,1.0,
W4380989173,10.1016/j.dss.2023.114039,All eyes on me: Predicting consumer intentions on social commerce platforms using eye-tracking data and ensemble learning,2023,A,Decision Support Systems,v1:Decision Support Systems,101,101,1.0,
W4381551798,10.48550/arxiv.2306.10341,Tailoring Machine Learning for Process Mining,2023,B,arXiv (Cornell University),v1:arXiv (Cornell University),15,15,1.0,
W4381986048,10.1007/s10664-023-10326-7,Software testing in the machine learning era,2023,A,Empirical Software Engineering,v1:Empirical Software Engineering,188,188,1.0,
W4383215296,10.1016/j.is.2023.102253,A statistical method for predicting quantitative variables in association rule mining,2023,A,Information Systems,v1:Information Systems,82,82,1.0,
W4383652593,10.1016/j.engappai.2023.106678,Generating multi-level explanations for process outcome predictions,2023,B,Engineering Applications of Artificial Intelligence,v1:Engineering Applications of Artificial Intelligence,8,8,1.0,
W4383893667,10.1016/j.is.2023.102254,Automatically reconciling the trade-off between prediction accuracy and earliness in prescriptive business process monitoring,2023,A,Information Systems,v1:Information Systems,82,82,1.0,
W4383989008,10.23919/cje.2021.00.170,Explainable Business Process Remaining Time Prediction Using Reachability Graph,2023,B,Chinese Journal of Electronics,v1:Chinese Journal of Electronics,1,1,1.0,
W4384008764,10.1016/j.artint.2023.103973,Fast and accurate data-driven goal recognition using process mining techniques,2023,B,Artificial Intelligence,v1:Artificial Intelligence,1,1,1.0,
W4385212557,10.1109/access.2023.3298305,MTLFormer: Multi-Task Learning Guided Transformer Network for Business Process Prediction,2023,B,IEEE Access,v1:IEEE Access,10,10,1.0,
W4385322803,10.1016/j.dss.2023.114051,Measuring service quality based on customer emotion: An explainable AI approach,2023,A,Decision Support Systems,v1:Decision Support Systems,101,101,1.0,
W4385555616,10.3390/s23156931,Modelling and Predictive Monitoring of Business Processes under Uncertainty with Reinforcement Learning,2023,B,Sensors,v1:Sensors,1,1,1.0,
W4385651867,10.1016/j.dss.2023.114062,Cognitive process-driven model design: A deep learning recommendation model with textual review and context,2023,A,Decision Support Systems,v1:Decision Support Systems,101,101,1.0,
W4386008164,10.1016/j.engappai.2023.106899,Outcome-Oriented Prescriptive Process Monitoring based on Temporal Logic Patterns,2023,B,Engineering Applications of Artificial Intelligence,v1:Engineering Applications of Artificial Intelligence,8,8,1.0,
W4386114095,10.1007/s10664-023-10377-w,The software heritage license dataset (2022 edition),2023,A,Empirical Software Engineering,v1:Empirical Software Engineering,188,188,1.0,
W4386142872,10.1016/j.dss.2023.114065,Which product description phrases affect sales forecasting? An explainable AI framework by integrating WaveNet neural network models with multiple regression,2023,A,Decision Support Systems,v1:Decision Support Systems,101,101,1.0,
W4386194126,10.1007/s10664-023-10316-9,Do attention and memory explain the performance of software developers?,2023,A,Empirical Software Engineering,v1:Empirical Software Engineering,188,188,1.0,
W4386227221,10.1016/j.dss.2023.114074,Impact of the COVID-19 pandemic on the stock market and investor online word of mouth,2023,A,Decision Support Systems,v1:Decision Support Systems,101,101,1.0,
W4386315295,10.1007/978-3-031-41620-0_18,Interactive Multi-interest Process Pattern Discovery,2023,B,Lecture notes in computer science,v1:Lecture notes in computer science,12,12,1.0,
W4386315419,10.1007/978-3-031-41620-0_9,DyLoPro: Profiling the Dynamics of Event Logs,2023,B,Lecture notes in computer science,v1:Lecture notes in computer science,12,12,1.0,
W4386321305,10.1007/978-3-031-41623-1_8,Predicting Unseen Process Behavior Based on Context Information from Compliance Constraints,2023,B,Lecture notes in business information processing,v1:Lecture notes in business information processing,33,33,1.0,
W4386715814,10.1007/s10664-023-10335-6,An investigation of online and offline learning models for online Just-in-Time Software Defect Prediction,2023,A,Empirical Software Engineering,v1:Empirical Software Engineering,188,188,1.0,
W4386764751,10.1016/j.ejor.2023.09.010,Explainability in process outcome prediction: Guidelines to obtain interpretable and faithful models,2023,B,European Journal of Operational Research,v1:European Journal of Operational Research,1,1,1.0,
W4386833453,10.1007/s10664-023-10341-8,On the validity of retrospective predictive performance evaluation procedures in just-in-time software defect prediction,2023,A,Empirical Software Engineering,v1:Empirical Software Engineering,188,188,1.0,
W4386874052,10.1016/j.engappai.2023.107028,Trace encoding in process mining: A survey and benchmarking,2023,B,Engineering Applications of Artificial Intelligence,v1:Engineering Applications of Artificial Intelligence,8,8,1.0,
W4387004102,10.1007/s10664-023-10375-y,"Experimental comparison of features, analyses, and classifiers for Android malware detection",2023,A,Empirical Software Engineering,v1:Empirical Software Engineering,188,188,1.0,
W4387101695,10.1007/s10664-023-10361-4,"Automated detection, categorisation and developers’ experience with the violations of honesty in mobile apps",2023,A,Empirical Software Engineering,v1:Empirical Software Engineering,188,188,1.0,
W4387121962,10.1155/2023/8867057,Decision-Making Based on Predictive Process Monitoring of Patient Treatment Processes: A Case Study of Emergency Patients,2023,B,Advances in Operations Research,v1:Advances in Operations Research,1,1,1.0,
W4387341418,10.1016/j.dss.2023.114102,A hybrid framework using explainable AI (XAI) in cyber-risk management for defence and recovery against phishing attacks,2023,A,Decision Support Systems,v1:Decision Support Systems,101,101,1.0,
W4387453363,10.1016/j.is.2023.102289,"Discovery, simulation, and optimization of business processes with differentiated resources",2023,A,Information Systems,v1:Information Systems,82,82,1.0,
W4387470007,10.1109/icpm60904.2023.10271960,Measuring the Stability of Process Outcome Predictions in Online Settings,2023,B,,v1:nan,16,16,1.0,
W4387492937,10.1016/j.is.2023.102293,A taxonomy and ontology for digital platforms,2023,A,Information Systems,v1:Information Systems,82,82,1.0,
W4387583615,10.1109/etfa54631.2023.10275361,Predictive Process Monitoring for Prediction of Remaining Cycle Time in Automated Manufacturing: A Case Study,2023,B,,v1:nan,16,16,1.0,
W4387652178,10.1016/j.dss.2023.114106,Locally interpretable tree boosting: An application to house price prediction,2023,A,Decision Support Systems,v1:Decision Support Systems,101,101,1.0,
W4387709463,10.1016/j.is.2023.102307,GSM: A generalized approach to Supervised Meta-blocking for scalable entity resolution,2023,A,Information Systems,v1:Information Systems,82,82,1.0,
W4387917776,10.1007/978-3-031-44505-7_31,Discovering Explicit Scale-Up Criteria in Crisis Response with Decision Mining,2023,B,Lecture notes in computer science,v1:Lecture notes in computer science,12,12,1.0,
W4388209009,10.1016/j.is.2023.102314,Reproducible experiments for generating pre-processing pipelines for AutoETL,2023,A,Information Systems,v1:Information Systems,82,82,1.0,
W4388294588,10.1007/s10664-023-10393-w,Generating and detecting true ambiguity: a forgotten danger in DNN supervision testing,2023,A,Empirical Software Engineering,v1:Empirical Software Engineering,188,188,1.0,
W4388341803,10.1007/s10270-023-01132-2,From process mining to augmented process execution,2023,B,Software & Systems Modeling,v1:Software & Systems Modeling,2,2,1.0,
W4388441002,10.1016/j.jlamp.2023.100928,Business processes resource management using rewriting logic and deep-learning-based predictive monitoring,2023,B,Journal of Logical and Algebraic Methods in Programming,v1:Journal of Logical and Algebraic Methods in Programming,1,1,1.0,
W4388572082,10.1016/j.dss.2023.114121,An explanation framework and method for AI-based text emotion analysis and visualisation,2023,A,Decision Support Systems,v1:Decision Support Systems,101,101,1.0,
W4388706046,10.1007/s10664-023-10396-7,An empirical study on software understandability and its dependence on code characteristics,2023,A,Empirical Software Engineering,v1:Empirical Software Engineering,188,188,1.0,
W4388971801,10.1007/s10664-023-10402-y,Fairness-aware machine learning engineering: how far are we?,2023,A,Empirical Software Engineering,v1:Empirical Software Engineering,188,188,1.0,
W4389153203,10.1007/s10664-023-10423-7,Multi-granular software annotation using file-level weak labelling,2023,A,Empirical Software Engineering,v1:Empirical Software Engineering,188,188,1.0,
W4389337815,10.1007/s10664-023-10374-z,Assessing the utility of text-to-SQL approaches for satisfying software developer information needs,2023,A,Empirical Software Engineering,v1:Empirical Software Engineering,188,188,1.0,
W4389454570,10.1016/j.is.2023.102330,Validation set sampling strategies for predictive process monitoring,2023,A,Information Systems,v1:Information Systems,82,82,1.0,
W4389625424,10.1007/s10664-023-10408-6,On the adoption and effects of source code reuse on defect proneness and maintenance effort,2023,A,Empirical Software Engineering,v1:Empirical Software Engineering,188,188,1.0,
W4389685461,10.1007/s10664-023-10409-5,Detection and evaluation of bias-inducing features in machine learning,2023,A,Empirical Software Engineering,v1:Empirical Software Engineering,188,188,1.0,
W4389794218,10.1007/s10664-023-10395-8,Predicting merge conflicts considering social and technical assets,2023,A,Empirical Software Engineering,v1:Empirical Software Engineering,188,188,1.0,
W4389905850,10.1016/j.im.2023.103907,Biometric m-payment systems: A multi-analytical approach to determining use intention,2023,A,Information & Management,v1:Information & Management,20,20,1.0,
W4389989770,10.1016/j.is.2023.102339,Foundations and practice of binary process discovery,2023,A,Information Systems,v1:Information Systems,82,82,1.0,
W4390063440,10.1016/j.is.2023.102340,A screenshot-based task mining framework for disclosing the drivers behind variable human actions,2023,A,Information Systems,v1:Information Systems,82,82,1.0,
W4390102651,10.1016/j.is.2023.102341,HubHSP graph: Capturing local geometrical and statistical data properties via spanning graphs,2023,A,Information Systems,v1:Information Systems,82,82,1.0,
W4390141881,10.1016/j.is.2023.102342,Is text preprocessing still worth the time? A comparative survey on the influence of popular preprocessing methods on Transformers and traditional classifiers,2023,A,Information Systems,v1:Information Systems,82,82,1.0,
W4390192114,10.21817/indjcse/2023/v14i6/231406036,BUSINESS PROCESS OUTCOME PREDICTION USING ATTENTION BASED LSTM,2023,B,Indian Journal of Computer Science and Engineering,v1:Indian Journal of Computer Science and Engineering,1,1,1.0,
W4390431291,10.1016/j.dss.2023.114151,A new perspective on classification: Optimally allocating limited resources to uncertain tasks,2023,A,Decision Support Systems,v1:Decision Support Systems,101,101,1.0,
W4390548239,10.1145/3632410.3632435,Towards Business Process Observability,2024,B,,v1:nan,16,16,1.0,
W4390570643,10.1007/s10664-023-10419-3,Search-based Automatic Repair for Fairness and Accuracy in Decision-making Software,2024,A,Empirical Software Engineering,v1:Empirical Software Engineering,188,188,1.0,
W4390704240,10.1007/978-3-031-50974-2_3,An Experiment on Transfer Learning for Suffix Prediction on Event Logs,2024,B,Lecture notes in business information processing,v1:Lecture notes in business information processing,33,33,1.0,
W4390872958,10.1109/tsc.2024.3353817,Explainable and Effective Process Remaining Time Prediction Using Feature-Informed Cascade Prediction Model,2024,B,IEEE Transactions on Services Computing,v1:IEEE Transactions on Services Computing,5,5,1.0,
W4390911025,10.1007/s10115-023-02042-x,A systematic literature review on the application of process mining to Industry 4.0,2024,B,Knowledge and Information Systems,v1:Knowledge and Information Systems,6,6,1.0,
W4391092733,10.1109/tai.2024.3357041,Why Should I Trust Your Explanation? An Evaluation Approach for XAI Methods Applied to Predictive Process Monitoring Results,2024,B,IEEE Transactions on Artificial Intelligence,v1:IEEE Transactions on Artificial Intelligence,1,1,1.0,
W4391143283,10.1007/s10844-024-00841-4,Data- & compute-efficient deviance mining via active learning and fast ensembles,2024,B,Journal of Intelligent Information Systems,v1:Journal of Intelligent Information Systems,6,6,1.0,
W4391467349,10.1109/access.2024.3361650,Tuning Machine Learning to Address Process Mining Requirements,2024,B,IEEE Access,v1:IEEE Access,10,10,1.0,
W4391808283,10.1007/s10796-024-10474-1,Speeding up Explorative BPM with Lightweight IT: the Case of Machine Learning,2024,B,Information Systems Frontiers,v1:Information Systems Frontiers,1,1,1.0,
W4391934098,10.1016/j.dss.2024.114196,Outlier detection using flexible categorization and interrogative agendas,2024,A,Decision Support Systems,v1:Decision Support Systems,101,101,1.0,
W4392021591,10.1007/s10664-023-10405-9,Analyzing source code vulnerabilities in the D2A dataset with ML ensembles and C-BERT,2024,A,Empirical Software Engineering,v1:Empirical Software Engineering,188,188,1.0,
W4392224127,10.1007/s10664-024-10474-4,An empirical study of challenges in machine learning asset management,2024,A,Empirical Software Engineering,v1:Empirical Software Engineering,188,188,1.0,
W4392471232,10.1007/s10664-023-10436-2,Machine learning-based test smell detection,2024,A,Empirical Software Engineering,v1:Empirical Software Engineering,188,188,1.0,
W4392671470,10.1016/j.engappai.2024.108189,Adaptive goal recognition using process mining techniques,2024,B,Engineering Applications of Artificial Intelligence,v1:Engineering Applications of Artificial Intelligence,8,8,1.0,
W4392828285,10.1007/s10664-024-10473-5,VaryMinions: leveraging RNNs to identify variants in variability-intensive systems’ logs,2024,A,Empirical Software Engineering,v1:Empirical Software Engineering,188,188,1.0,
W4392881469,10.1016/j.is.2024.102378,"An inter-modal attention-based deep learning framework using unified modality for multimodal fake news, hate speech and offensive language detection",2024,A,Information Systems,v1:Information Systems,82,82,1.0,
W4392926865,10.54337/aau679682469,Process Innovation with Analytics in Manufacturing: Exploration through Demonstrator Development,2024,B,,v1:nan,16,16,1.0,
W4393238355,10.1016/j.dajour.2024.100452,A hybrid machine learning with process analytics for predicting customer experience in online insurance services industry,2024,B,Decision Analytics Journal,v1:Decision Analytics Journal,1,1,1.0,
W4393283822,10.1007/s10664-025-10714-1,On the impact of black-box deployment strategies for edge AI on latency and model performance,2026,A,Empirical Software Engineering,v1:Empirical Software Engineering,188,188,1.0,
W4393346601,10.1016/j.dss.2024.114216,Real-time decision support for human–machine interaction in digital railway control rooms,2024,A,Decision Support Systems,v1:Decision Support Systems,101,101,1.0,
W4393353640,10.1016/j.dss.2024.114215,Prioritising national healthcare service issues from free text feedback – A computational text analysis & predictive modelling approach,2024,A,Decision Support Systems,v1:Decision Support Systems,101,101,1.0,
W4393870618,10.1007/s10479-024-05943-4,Quantifying and explaining machine learning uncertainty in predictive process monitoring: an operations research perspective,2024,B,Annals of Operations Research,v1:Annals of Operations Research,1,1,1.0,
W4394773220,10.1007/978-3-031-56107-8_15,Uncovering the Hidden Significance of Activities Location in Predictive Process Monitoring,2024,B,Lecture notes in business information processing,v1:Lecture notes in business information processing,33,33,1.0,
W4394834496,10.1016/j.softx.2024.101734,VERONA: A python library for benchmarking deep learning in business process monitoring,2024,B,SoftwareX,v1:SoftwareX,1,1,1.0,
W4394934815,10.1016/j.dss.2024.114228,Enhancing healthcare decision support through explainable AI models for risk prediction,2024,A,Decision Support Systems,v1:Decision Support Systems,101,101,1.0,
W4395672944,10.1016/j.dss.2024.114229,Explainable Learning Analytics: Assessing the stability of student success prediction models by means of explainable AI,2024,A,Decision Support Systems,v1:Decision Support Systems,101,101,1.0,
W4395690061,10.1016/j.dss.2024.114231,The information content of financial statement fraud risk: An ensemble learning approach,2024,A,Decision Support Systems,v1:Decision Support Systems,101,101,1.0,
W4395697722,10.1016/j.dss.2024.114234,Explaining the model and feature dependencies by decomposition of the Shapley value,2024,A,Decision Support Systems,v1:Decision Support Systems,101,101,1.0,
W4396581619,10.1007/s10664-024-10467-3,Comparative analysis of real issues in open-source machine learning projects,2024,A,Empirical Software Engineering,v1:Empirical Software Engineering,188,188,1.0,
W4396668324,10.1016/j.is.2024.102401,BF-BigGraph: An efficient subgraph isomorphism approach using machine learning for big graph databases,2024,A,Information Systems,v1:Information Systems,82,82,1.0,
W4396672924,10.1016/j.im.2024.103972,The power of prediction with Google searches and social media posts: Retail investor interest and IPO pricing,2024,A,Information & Management,v1:Information & Management,20,20,1.0,
W4396680821,10.1109/access.2024.3397185,Comparative Analysis of Classification-Based and Regression-Based Predictive Process Monitoring Models for Accurate and Time-Efficient Remaining Time Prediction,2024,B,IEEE Access,v1:IEEE Access,10,10,1.0,
W4396746070,10.1007/s10664-024-10455-7,Just-in-Time crash prediction for mobile apps,2024,A,Empirical Software Engineering,v1:Empirical Software Engineering,188,188,1.0,
W4396925395,10.1007/s12599-024-00868-5,Data-Driven Identification and Analysis of Waiting Times in Business Processes,2024,B,Business & Information Systems Engineering,v1:Business & Information Systems Engineering,7,7,1.0,
W4397009493,10.1007/s10664-024-10458-4,Two is better than one: digital siblings to improve autonomous driving testing,2024,A,Empirical Software Engineering,v1:Empirical Software Engineering,188,188,1.0,
W4398165585,10.1016/j.is.2024.102409,HUM-CARD: A human crowded annotated real dataset,2024,A,Information Systems,v1:Information Systems,82,82,1.0,
W4398167886,10.1007/s10729-024-09673-8,A machine learning framework for interpretable predictions in patient pathways: The case of predicting ICU admission for patients with symptoms of sepsis,2024,B,Health Care Management Science,v1:Health Care Management Science,1,1,1.0,
W4398181551,10.1016/j.dss.2024.114250,The power of choice: Examining how selection mechanisms shape decision-making in online community engagement,2024,A,Decision Support Systems,v1:Decision Support Systems,101,101,1.0,
W4398220997,10.1016/j.eswa.2024.124181,Machine learning in business process management: A systematic literature review,2024,B,Expert Systems with Applications,v1:Expert Systems with Applications,2,2,1.0,
W4399138282,10.1007/s10664-024-10444-w,Machine learning experiment management tools: a mixed-methods empirical study,2024,A,Empirical Software Engineering,v1:Empirical Software Engineering,188,188,1.0,
W4399273119,10.1007/978-3-031-61057-8_25,Making Sense of Temporal Event Data:A Framework for Comparing Techniques for the Discovery of Discriminative Temporal Patterns,2024,B,Lecture notes in computer science,v1:Lecture notes in computer science,12,12,1.0,
W4399290453,10.1007/s10664-024-10468-2,Transformers and meta-tokenization in sentiment analysis for software engineering,2024,A,Empirical Software Engineering,v1:Empirical Software Engineering,188,188,1.0,
W4399475860,10.1016/j.dss.2024.114264,Decomposing the hazard function into interpretable readmission risk components,2024,A,Decision Support Systems,v1:Decision Support Systems,101,101,1.0,
W4399560843,10.1016/j.dss.2024.114269,Selecting textual analysis tools to classify sustainability information in corporate reporting,2024,A,Decision Support Systems,v1:Decision Support Systems,101,101,1.0,
W4399647035,10.1007/s10664-024-10469-1,Studying the explanations for the automated prediction of bug and non-bug issues using LIME and SHAP,2024,A,Empirical Software Engineering,v1:Empirical Software Engineering,188,188,1.0,
W4399687308,10.1007/s10664-024-10491-3,A Multi-solution Study on GDPR AI-enabled Completeness Checking of DPAs,2024,A,Empirical Software Engineering,v1:Empirical Software Engineering,188,188,1.0,
W4399774734,10.1007/978-3-031-63215-0_15,Enhancing Predictive Process Monitoring with Conformal Prediction,2024,B,IFIP advances in information and communication technology,v1:IFIP advances in information and communication technology,1,1,1.0,
W4399777225,10.1007/s10664-024-10446-8,OpenSCV: an open hierarchical taxonomy for smart contract vulnerabilities,2024,A,Empirical Software Engineering,v1:Empirical Software Engineering,188,188,1.0,
W4399871949,10.1007/s10664-024-10501-4,Systematic Evaluation of Deep Learning Models for Log-based Failure Prediction,2024,A,Empirical Software Engineering,v1:Empirical Software Engineering,188,188,1.0,
W4400112276,10.1016/j.dss.2024.114276,Explainable AI for enhanced decision-making,2024,A,Decision Support Systems,v1:Decision Support Systems,101,101,1.0,
W4400843015,10.1016/j.is.2024.102432,LS-ICE: A Load State Intercase Encoding framework for improved predictive monitoring of business processes,2024,A,Information Systems,v1:Information Systems,82,82,1.0,
W4400888954,10.1007/s10664-024-10515-y,Towards Exploring the Limitations of Test Selection Techniques on Graph Neural Networks: An Empirical Study,2024,A,Empirical Software Engineering,v1:Empirical Software Engineering,188,188,1.0,
W4400890564,10.1007/s10664-024-10520-1,Prioritizing test cases for deep learning-based video classifiers,2024,A,Empirical Software Engineering,v1:Empirical Software Engineering,188,188,1.0,
W4401141387,10.1007/s10664-024-10507-y,Adopting automated bug assignment in practice — a longitudinal case study at Ericsson,2024,A,Empirical Software Engineering,v1:Empirical Software Engineering,188,188,1.0,
W4401179469,10.1007/s10664-024-10502-3,Industrial adoption of machine learning techniques for early identification of invalid bug reports,2024,A,Empirical Software Engineering,v1:Empirical Software Engineering,188,188,1.0,
W4401520495,10.1007/s10664-024-10525-w,Static analysis driven enhancements for comprehension in machine learning notebooks,2024,A,Empirical Software Engineering,v1:Empirical Software Engineering,188,188,1.0,
W4401634465,10.3390/pr12081730,Capability Indices for Digitized Industries: A Review and Outlook of Machine Learning Applications for Predictive Process Control,2024,B,Processes,v1:Processes,1,1,1.0,
W4401646536,10.3390/info15080490,Optimized Early Prediction of Business Processes with Hyperdimensional Computing,2024,B,Information,v1:Information,2,2,1.0,
W4401667316,10.1007/s10664-024-10533-w,Impact of log parsing on deep learning-based anomaly detection,2024,A,Empirical Software Engineering,v1:Empirical Software Engineering,188,188,1.0,
W4401669391,10.1007/s10664-024-10463-7,The best ends by the best means: ethical concerns in app reviews,2024,A,Empirical Software Engineering,v1:Empirical Software Engineering,188,188,1.0,
W4401816671,10.1016/j.dss.2024.114304,HEX: Human-in-the-loop explainability via deep reinforcement learning,2024,A,Decision Support Systems,v1:Decision Support Systems,101,101,1.0,
W4401833013,10.1016/j.dss.2024.114305,Reliability estimation for individual predictions in machine learning systems: A model reliability-based approach,2024,A,Decision Support Systems,v1:Decision Support Systems,101,101,1.0,
W4402100982,10.1007/978-3-031-70396-6_3,Conformance Checking of Fuzzy Logs Against Declarative Temporal Specifications,2024,B,Lecture notes in computer science,v1:Lecture notes in computer science,12,12,1.0,
W4402101027,10.1007/978-3-031-70396-6_21,Uncovering Patterns for Local Explanations in Outcome-Based Predictive Process Monitoring,2024,B,Lecture notes in computer science,v1:Lecture notes in computer science,12,12,1.0,
W4402253655,10.1016/j.dss.2024.114324,Modeling the co-diffusion of competing memes in online social networks,2024,A,Decision Support Systems,v1:Decision Support Systems,101,101,1.0,
W4402592511,10.1109/tsc.2024.3463487,PROPHET: Explainable Predictive Process Monitoring With Heterogeneous Graph Neural Networks,2024,B,IEEE Transactions on Services Computing,v1:IEEE Transactions on Services Computing,5,5,1.0,
W4402593721,10.1109/sse62657.2024.00030,Transformer Models with Explainability for IT Telemetry and Business Events,2024,B,,v1:nan,16,16,1.0,
W4402735319,10.1016/j.is.2024.102461,Proactive conformance checking: An approach for predicting deviations in business processes,2024,A,Information Systems,v1:Information Systems,82,82,1.0,
W4402764024,10.1007/s10664-024-10508-x,Forecasting software indicators: an industry-academia collaboration,2024,A,Empirical Software Engineering,v1:Empirical Software Engineering,188,188,1.0,
W4402781835,10.1007/s10844-024-00890-9,Nirdizati: an advanced predictive process monitoring toolkit,2024,B,Journal of Intelligent Information Systems,v1:Journal of Intelligent Information Systems,6,6,1.0,
W4402928874,10.1007/s44311-024-00002-4,"Predictive process monitoring: concepts, challenges, and future research directions",2024,B,Process Science,v1:Process Science,6,6,1.0,
W4402955848,10.1016/j.is.2024.102465,Using AI explainable models and handwriting/drawing tasks for psychological well-being,2024,A,Information Systems,v1:Information Systems,82,82,1.0,
W4403147914,10.1016/j.is.2024.102474,Modeling higher-order social influence using multi-head graph attention autoencoder,2024,A,Information Systems,v1:Information Systems,82,82,1.0,
W4403255280,10.1007/s10664-024-10441-z,Evaluating few-shot and contrastive learning methods for code clone detection,2024,A,Empirical Software Engineering,v1:Empirical Software Engineering,188,188,1.0,
W4403271309,10.1016/j.is.2024.102472,Runtime integration of machine learning and simulation for business processes: Time and decision mining predictions,2024,A,Information Systems,v1:Information Systems,82,82,1.0,
W4403466466,10.1016/j.is.2024.102484,Emerging industry classification based on BERT model,2024,A,Information Systems,v1:Information Systems,82,82,1.0,
W4403513204,10.3390/jtaer19040138,Cart-State-Aware Discovery of E-Commerce Visitor Journeys with Process Mining,2024,B,Journal of theoretical and applied electronic commerce research,v1:Journal of theoretical and applied electronic commerce research,1,1,1.0,
W4403666828,10.1007/s44257-025-00031-8,Predictive process monitoring for collaborative business processes: concepts and application,2025,B,Discover Analytics,v1:Discover Analytics,1,1,1.0,
W4403727817,10.1016/j.sca.2024.100087,Evaluating early predictive performance of machine learning approaches for engineering change schedule – A case study using predictive process monitoring techniques,2024,B,Supply Chain Analytics,v1:Supply Chain Analytics,1,1,1.0,
W4403886945,10.1007/s10664-024-10580-3,Approaching code search for python as a translation retrieval problem with dual encoders,2024,A,Empirical Software Engineering,v1:Empirical Software Engineering,188,188,1.0,
W4403946933,10.1007/s10664-024-10554-5,The effect of data complexity on classifier performance,2024,A,Empirical Software Engineering,v1:Empirical Software Engineering,188,188,1.0,
W4403989740,10.1007/s10664-024-10565-2,How do ML practitioners perceive explainability? an interview study of practices and challenges,2024,A,Empirical Software Engineering,v1:Empirical Software Engineering,188,188,1.0,
W4404022055,10.1007/s10664-026-10899-z,"An empirical study on logging evolution on stack overflow: trends, topics, and challenges",2026,A,Empirical Software Engineering,v1:Empirical Software Engineering,188,188,1.0,
W4404342032,10.1016/j.im.2024.104065,Empowering crisis information extraction through actionability event schemata and domain-adaptive pre-training,2024,A,Information & Management,v1:Information & Management,20,20,1.0,
W4404406203,10.1007/s10664-024-10564-3,Can search-based testing with pareto optimization effectively cover failure-revealing test inputs?,2024,A,Empirical Software Engineering,v1:Empirical Software Engineering,188,188,1.0,
W4404436795,10.1016/j.im.2024.104055,Sentiment-devoid lexicons: A novel method for domain-specific textual analysis in business and governance documents,2024,A,Information & Management,v1:Information & Management,20,20,1.0,
W4404646207,10.1016/j.datak.2024.102379,White box specification of intervention policies for prescriptive process monitoring,2024,B,Data & Knowledge Engineering,v1:Data & Knowledge Engineering,2,2,1.0,
W4404674436,10.1007/s10115-024-02280-7,Partially ordered stochastic conformance checking,2024,B,Knowledge and Information Systems,v1:Knowledge and Information Systems,6,6,1.0,
W4404791108,10.1080/00207543.2024.2432465,Predicting schedule adherence of engineering changes – a case study on effectivity date adherence prediction using machine learning,2024,B,International Journal of Production Research,v1:International Journal of Production Research,1,1,1.0,
W4404905359,10.1016/j.is.2024.102496,VOOL: A modular insight-based framework for vocalizing OLAP sessions,2024,A,Information Systems,v1:Information Systems,82,82,1.0,
W4405040559,10.1016/j.im.2024.104089,E-mail overload: Exploring employees’ experiences using e-mail during worktime and leisure time and consequences for their subjective well-being,2024,A,Information & Management,v1:Information & Management,20,20,1.0,
W4405214961,10.1177/00368504241292196,Multi-task learning with multi-gate mixture of transformer-based experts for predictive process monitoring in manufacturing,2024,B,Science Progress,v1:Science Progress,1,1,1.0,
W4405395379,10.1016/j.is.2024.102507,Bayesian label distribution propagation: A semi-supervised probabilistic k nearest neighbor classifier,2024,A,Information Systems,v1:Information Systems,82,82,1.0,
W4405400256,10.1007/s10664-024-10572-3,Collaboration failure analysis in cyber-physical system-of-systems using context fuzzy clustering,2024,A,Empirical Software Engineering,v1:Empirical Software Engineering,188,188,1.0,
W4405423279,10.1016/j.engappai.2024.109772,Developing guidelines for functionally-grounded evaluation of explainable artificial intelligence using tabular data,2024,B,Engineering Applications of Artificial Intelligence,v1:Engineering Applications of Artificial Intelligence,8,8,1.0,
W4405436972,10.1016/j.is.2024.102510,"Approximate conformance checking: Fast computation of multi-perspective, probabilistic alignments",2024,A,Information Systems,v1:Information Systems,82,82,1.0,
W4405469720,10.1007/s10664-026-10892-6,Rethinking software misconfigurations in the real world: an empirical study and literature analysis,2026,A,Empirical Software Engineering,v1:Empirical Software Engineering,188,188,1.0,
W4405570938,10.1007/s10664-024-10583-0,Measuring model alignment for code clone detection using causal interpretation,2024,A,Empirical Software Engineering,v1:Empirical Software Engineering,188,188,1.0,
W4405668734,10.1016/j.is.2024.102495,Capturing end-to-end provenance for machine learning pipelines,2024,A,Information Systems,v1:Information Systems,82,82,1.0,
W4405702048,10.1007/s10664-024-10584-z,An empirical study of business process models and model clones on GitHub,2024,A,Empirical Software Engineering,v1:Empirical Software Engineering,188,188,1.0,
W4405740809,10.1016/j.dss.2024.114378,Can causal machine learning reveal individual bid responses of bank customers? — A study on mortgage loan applications in Belgium,2024,A,Decision Support Systems,v1:Decision Support Systems,101,101,1.0,
W4406320387,10.1016/j.is.2025.102523,On the use of trajectory data for tackling data scarcity,2025,A,Information Systems,v1:Information Systems,82,82,1.0,
W4406550498,10.1007/s10664-024-10608-8,On the suitability of hugging face hub for empirical studies,2025,A,Empirical Software Engineering,v1:Empirical Software Engineering,188,188,1.0,
W4406622180,10.1007/s10664-024-10606-w,"Come for syntax, stay for speed, write secure code: an empirical study of security weaknesses in Julia programs",2025,A,Empirical Software Engineering,v1:Empirical Software Engineering,188,188,1.0,
W4406923810,10.1016/j.dss.2025.114406,Multimodal review helpfulness prediction with a multi-level cognitive reasoning mechanism: A theory-driven graph learning model,2025,A,Decision Support Systems,v1:Decision Support Systems,101,101,1.0,
W4407009461,10.1016/j.dss.2025.114402,Tell me a story! Narrative-driven XAI with Large Language Models,2025,A,Decision Support Systems,v1:Decision Support Systems,101,101,1.0,
W4407058968,10.1007/s12599-024-00911-5,Business Process Deviance Mining with Sequential and Declarative Patterns,2025,B,Business & Information Systems Engineering,v1:Business & Information Systems Engineering,7,7,1.0,
W4407176632,10.1186/s12911-025-02898-9,Healthcare trajectories of aging individuals during their last year of life: application of process mining methods to administrative health databases,2025,B,BMC Medical Informatics and Decision Making,v1:BMC Medical Informatics and Decision Making,2,2,1.0,
W4407264242,10.1016/j.is.2025.102528,Advancing EHR analysis: Predictive medication modeling using LLMs,2025,A,Information Systems,v1:Information Systems,82,82,1.0,
W4407310058,10.1007/s10664-026-10827-1,Classifier or prompt: A case study on legal requirements traceability,2026,A,Empirical Software Engineering,v1:Empirical Software Engineering,188,188,1.0,
W4407538128,10.1007/s13218-024-00878-1,Interpretability in Predictive Process Monitoring Using Process Models: An Expert Evaluation of the VisInter4PPM Framework,2025,B,K&uuml;nstliche Intell.,v1:K&uuml;nstliche Intell.,2,2,1.0,
W4407706105,10.1007/s10664-025-10625-1,Design pattern recognition: a study of large language models,2025,A,Empirical Software Engineering,v1:Empirical Software Engineering,188,188,1.0,
W4407706634,10.1007/s10664-025-10624-2,Boosting source code learning with text-oriented data augmentation: an empirical study,2025,A,Empirical Software Engineering,v1:Empirical Software Engineering,188,188,1.0,
W4407809720,10.1007/s10664-025-10617-1,Hold on! is my feedback useful? evaluating the usefulness of code review comments,2025,A,Empirical Software Engineering,v1:Empirical Software Engineering,188,188,1.0,
W4408444355,10.1016/j.is.2025.102549,The effects of data quality on machine learning performance on tabular data,2025,A,Information Systems,v1:Information Systems,82,82,1.0,
W4408464377,10.1007/s13218-025-00887-8,Predictive Process Monitoring for Airport Operational Support,2025,B,K&uuml;nstliche Intell.,v1:K&uuml;nstliche Intell.,2,2,1.0,
W4408469030,10.1016/j.engappai.2025.110363,Integrating permutation feature importance with conformal prediction for robust Explainable Artificial Intelligence in predictive process monitoring,2025,B,Engineering Applications of Artificial Intelligence,v1:Engineering Applications of Artificial Intelligence,8,8,1.0,
W4408827188,10.1016/j.dss.2025.114438,Predicting stock price movement using social network analytics: Posts are sometimes less useful,2025,A,Decision Support Systems,v1:Decision Support Systems,101,101,1.0,
W4408963678,10.1007/s10994-025-06756-7,Temporal ensemble of multiple patterns’ instances for continuous prediction of events,2025,B,Machine Learning,v1:Machine Learning,2,2,1.0,
W4408985541,10.1007/978-3-031-82225-4_21,Multivariate Approaches for Process Model Forecasting,2025,B,Lecture notes in business information processing,v1:Lecture notes in business information processing,33,33,1.0,
W4408985702,10.1007/978-3-031-82225-4_22,Enhancing Predictive Process Monitoring Using Semantic Information,2025,B,Lecture notes in business information processing,v1:Lecture notes in business information processing,33,33,1.0,
W4408985718,10.1007/978-3-031-82225-4_15,On the Impact of Low-Quality Activity Labels in Predictive Process Monitoring,2025,B,Lecture notes in business information processing,v1:Lecture notes in business information processing,33,33,1.0,
W4408985732,10.1007/978-3-031-82225-4_19,CaLenDiR: Mitigating Case-Length Distortion in Deep-Learning-Based Predictive Process Monitoring,2025,B,Lecture notes in business information processing,v1:Lecture notes in business information processing,33,33,1.0,
W4408985736,10.1007/978-3-031-82225-4_31,Predicting Unplanned Hospital Readmissions Using Outcome-Oriented Predictive Process Mining,2025,B,Lecture notes in business information processing,v1:Lecture notes in business information processing,33,33,1.0,
W4408993009,10.1016/j.dss.2025.114439,Dynamic model selection in enterprise forecasting systems using sequence modeling,2025,A,Decision Support Systems,v1:Decision Support Systems,101,101,1.0,
W4409158483,10.1145/3690624.3709193,Path Complex Neural Networks for Sequential Process Activities Classification,2025,B,,v1:nan,16,16,1.0,
W4409569134,10.2139/ssrn.5222009,Dynamic Cloud Manufacturing Service Composition Based on Runtime Qos Prediction: A Predictive Process Monitoring-Based,2025,B,SSRN Electronic Journal,v1:SSRN Electronic Journal,8,8,1.0,
W4409649497,10.1007/s10664-025-10660-y,Leveraging encoder-only large language models for mobile app review feature extraction,2025,A,Empirical Software Engineering,v1:Empirical Software Engineering,188,188,1.0,
W4409839403,10.1016/j.dss.2025.114457,Using large multimodal models to predict outfit compatibility,2025,A,Decision Support Systems,v1:Decision Support Systems,101,101,1.0,
W4409883235,10.1109/tsc.2025.3562338,Business Process Remaining Time Prediction Based on Incremental Event Logs,2025,B,IEEE Transactions on Services Computing,v1:IEEE Transactions on Services Computing,5,5,1.0,
W4410008690,10.1007/s44311-025-00011-x,Approaches for IoT-enhanced predictive process monitoring,2025,B,Process Science,v1:Process Science,6,6,1.0,
W4410172493,10.1007/s10664-025-10659-5,A comparative study on reward models for user interface adaptation with reinforcement learning,2025,A,Empirical Software Engineering,v1:Empirical Software Engineering,188,188,1.0,
W4410282446,10.1016/j.is.2025.102565,"Finding HSP neighbors via an exact, hierarchical approach",2025,A,Information Systems,v1:Information Systems,82,82,1.0,
W4410392247,10.1007/978-3-031-92474-3_24,Investigating Tailored Retraining for Online Process Predictions Using Log Features,2025,B,Lecture notes in business information processing,v1:Lecture notes in business information processing,33,33,1.0,
W4410427754,10.1109/aixdke63520.2024.00025,Impact of Inter-Case Features on Structure-Aware Next Activity Prediction,2024,B,,v1:nan,16,16,1.0,
W4410495528,10.1016/j.dss.2025.114475,More than meets the eye: Feature concerns and suggestions in mobile XR app reviews,2025,A,Decision Support Systems,v1:Decision Support Systems,101,101,1.0,
W4410508545,10.1016/j.eswa.2025.128224,Leveraging a large language model (LLM) to predict hospital admissions of emergency department patients,2025,B,Expert Systems with Applications,v1:Expert Systems with Applications,2,2,1.0,
W4410540577,10.1007/s44311-025-00017-5,Generating multiperspective process traces using conditional variational autoencoders,2025,B,Process Science,v1:Process Science,6,6,1.0,
W4410718929,10.1007/s10115-025-02461-y,A comparative analysis of predictive process monitoring: object-centric versus classical event logs,2025,B,Knowledge and Information Systems,v1:Knowledge and Information Systems,6,6,1.0,
W4410749190,10.1007/s10664-025-10674-6,Enhancing line-level defect prediction using bilinear attention fusion and ranking optimization,2025,A,Empirical Software Engineering,v1:Empirical Software Engineering,188,188,1.0,
W4411096365,10.1145/3743672,A Survey on Event Prediction Methods from a Systems Perspective: Bringing Together Disparate Research Areas,2025,B,ACM Computing Surveys,v1:ACM Computing Surveys,1,1,1.0,
W4411294574,10.1007/978-3-031-95397-2_10,Predicting Unseen Process Behavior Based on Log Injection,2025,B,Lecture notes in business information processing,v1:Lecture notes in business information processing,33,33,1.0,
W4411310249,10.1007/s10844-025-00955-3,Handling concept drifts with traditional process discovery algorithms,2025,B,Journal of Intelligent Information Systems,v1:Journal of Intelligent Information Systems,6,6,1.0,
W4411310256,10.1007/978-3-031-94571-7_3,The Role of Explanation Styles and Perceived Accuracy on Decision Making in Predictive Process Monitoring,2025,B,Lecture notes in computer science,v1:Lecture notes in computer science,12,12,1.0,
W4411329674,10.1016/j.dss.2025.114493,Handling imperfection: A taxonomy for machine learning on data with data quality defects,2025,A,Decision Support Systems,v1:Decision Support Systems,101,101,1.0,
W4411371986,10.1016/j.is.2025.102576,Data-driven prescriptive analytics applications: A comprehensive survey,2025,A,Information Systems,v1:Information Systems,82,82,1.0,
W4411440374,10.1007/s10664-025-10661-x,Supporting multi-dimensional unit test classification,2025,A,Empirical Software Engineering,v1:Empirical Software Engineering,188,188,1.0,
W4411460585,10.1007/s44311-025-00020-w,LTL-based conformance checking of fuzzy event logs,2025,B,Process Science,v1:Process Science,6,6,1.0,
W4411538180,10.1007/s10664-025-10669-3,A comprehensive study of machine learning techniques for log-based anomaly detection,2025,A,Empirical Software Engineering,v1:Empirical Software Engineering,188,188,1.0,
W4411980586,10.1186/s13677-025-00763-8,Comparative evaluation of encoding techniques for workflow process remaining time prediction for cloud applications,2025,B,Journal of Cloud Computing Advances Systems and Applications,v1:Journal of Cloud Computing Advances Systems and Applications,1,1,1.0,
W4412039798,10.1007/s10664-025-10622-4,AI support for data scientists: An empirical study on workflow and alternative code recommendations,2025,A,Empirical Software Engineering,v1:Empirical Software Engineering,188,188,1.0,
W4412422910,10.1016/j.dss.2025.114508,Stock habitats and information flow: How do different co-attention behaviors in online communities shape market reactions?,2025,A,Decision Support Systems,v1:Decision Support Systems,101,101,1.0,
W4412431056,10.1016/j.engappai.2025.111387,Outcome-oriented local explanation using context-aware process patterns,2025,B,Engineering Applications of Artificial Intelligence,v1:Engineering Applications of Artificial Intelligence,8,8,1.0,
W4412452014,10.1016/j.im.2025.104212,Employee Participation in Digital Transformation: From Digitalization Sentiment to Transformation Predisposition,2025,A,Information & Management,v1:Information & Management,20,20,1.0,
W4412452054,10.1016/j.im.2025.104211,Trolling in social media: A deindividuation and contagion perspective,2025,A,Information & Management,v1:Information & Management,20,20,1.0,
W4412473112,10.3390/app15147925,Uncertainty-Aware Predictive Process Monitoring in Healthcare: Explainable Insights into Probability Calibration for Conformal Prediction,2025,B,Applied Sciences,v1:Applied Sciences,2,2,1.0,
W4412541976,10.1007/s10664-025-10690-6,Shaky structures: The wobbly world of causal graphs in software analytics,2025,A,Empirical Software Engineering,v1:Empirical Software Engineering,188,188,1.0,
W4412573266,10.1007/s10664-025-10677-3,Accessibility rank: a machine learning approach for prioritizing accessibility user feedback,2025,A,Empirical Software Engineering,v1:Empirical Software Engineering,188,188,1.0,
W4412573775,10.1007/s10664-025-10696-0,"Detection, classification and prevalence of self-admitted aging debt",2025,A,Empirical Software Engineering,v1:Empirical Software Engineering,188,188,1.0,
W4413219439,10.1007/s10664-025-10693-3,Adversarial attack classification and robustness testing for large language models for code,2025,A,Empirical Software Engineering,v1:Empirical Software Engineering,188,188,1.0,
W4413704800,10.1007/978-3-032-02929-4_18,Predicting Newcomer Capabilities and Performance in Process Execution,2025,B,Lecture notes in business information processing,v1:Lecture notes in business information processing,33,33,1.0,
W4413850094,10.1016/j.is.2026.102747,DFIMformer: Dynamic frequency-enhanced iTransformer for multiscale time series forecasting,2026,A,Information Systems,v1:Information Systems,82,82,1.0,
W4413850114,10.1016/j.is.2026.102762,Neuro-Symbolic Predictive Process Monitoring,2026,A,Information Systems,v1:Information Systems,82,82,1.0,
W4413850152,10.2139/ssrn.5421036,Flexible Event Log Generation Using Answer Set Programming,2025,B,SSRN Electronic Journal,v1:SSRN Electronic Journal,8,8,1.0,
W4413884248,10.1016/j.im.2025.104243,Topic diversity and review usefulness: A text-based analysis,2025,A,Information & Management,v1:Information & Management,20,20,1.0,
W4413964031,10.1007/s10664-025-10683-5,Measuring SES-related traits relating to technology usage: Two validated surveys,2025,A,Empirical Software Engineering,v1:Empirical Software Engineering,188,188,1.0,
W4414048930,10.1016/j.dss.2025.114528,Modeling hybrid firm relationships with graph neural networks for stock investment decisions,2025,A,Decision Support Systems,v1:Decision Support Systems,101,101,1.0,
W4414057033,10.1016/j.dss.2025.114527,Social capital matters: Towards comprehensive user preference for product recommendation with deep learning,2025,A,Decision Support Systems,v1:Decision Support Systems,101,101,1.0,
W4414220440,10.1016/j.dss.2026.114755,"Understanding individual online social exclusion: Conceptualization, scale development, and validation",2026,A,Decision Support Systems,v1:Decision Support Systems,101,101,1.0,
W4414243449,10.1016/j.dss.2025.114540,Emotion aware session based news recommender systems,2025,A,Decision Support Systems,v1:Decision Support Systems,101,101,1.0,
W4414285310,10.1016/j.is.2025.102628,Predicting multidimensional cubes through intentional analytics,2025,A,Information Systems,v1:Information Systems,82,82,1.0,
W4414493140,10.1007/s10664-025-10697-z,When uncertainty leads to unsafety: Empirical insights into the role of uncertainty in unmanned aerial vehicle safety,2025,A,Empirical Software Engineering,v1:Empirical Software Engineering,188,188,1.0,
W4414677647,10.1016/j.is.2025.102632,BBQ-Tree: A unified classifier and regressor combining Boolean and quantum logic decisions,2025,A,Information Systems,v1:Information Systems,82,82,1.0,
W4414756247,10.1007/s10664-026-10894-4,Software dependencies 2.0: An empirical study of reuse and integration of pre-trained models in open-source projects,2026,A,Empirical Software Engineering,v1:Empirical Software Engineering,188,188,1.0,
W4414915885,10.1007/s10664-025-10706-1,Ecosystem-wide influences on pull request decisions: insights from NPM,2025,A,Empirical Software Engineering,v1:Empirical Software Engineering,188,188,1.0,
W4414971334,10.1007/s10270-025-01321-1,Enhancing explainability in process variant analysis: a framework for detecting and interpreting control-flow changes,2025,B,Software & Systems Modeling,v1:Software & Systems Modeling,2,2,1.0,
W4415152031,10.1007/s10462-025-11399-0,Interpretable and explainable machine learning methods for predictive process monitoring: a systematic literature review,2025,B,Artificial Intelligence Review,v1:Artificial Intelligence Review,2,2,1.0,
W4415313186,10.1016/j.dss.2025.114557,All risks ain't the same – A risk facets perspective on AI-based decision support systems,2025,A,Decision Support Systems,v1:Decision Support Systems,101,101,1.0,
W4415369485,10.1007/s10664-025-10710-5,Exploring the black box: analysing explainable AI challenges and best practices through stack exchange discussions,2025,A,Empirical Software Engineering,v1:Empirical Software Engineering,188,188,1.0,
W4415647391,10.1007/s10664-025-10749-4,A zero-shot framework for cross-project vulnerability detection in source code,2025,A,Empirical Software Engineering,v1:Empirical Software Engineering,188,188,1.0,
W4415776450,10.1007/s10664-025-10736-9,Improving the Multi-Class Classification of Non-Functional Requirements in Spanish: A Study of Dataset Balancing and Performance,2025,A,Empirical Software Engineering,v1:Empirical Software Engineering,188,188,1.0,
W4415819590,10.1016/j.is.2025.102642,Enhancing next activity prediction in process mining with Retrieval-Augmented Generation,2025,A,Information Systems,v1:Information Systems,82,82,1.0,
W4415830362,10.1007/s10664-025-10742-x,"The whos, whats, and whys of issues related to personal data and data protection in open-source projects on GitHub",2025,A,Empirical Software Engineering,v1:Empirical Software Engineering,188,188,1.0,
W4415830470,10.1007/s10664-025-10733-y,Tools and benchmarks evolve: what is their impact on parameter tuning in SBSE experiments?,2025,A,Empirical Software Engineering,v1:Empirical Software Engineering,188,188,1.0,
W4415879521,10.1016/j.is.2025.102644,Nine years later: Reflecting on our article,2025,A,Information Systems,v1:Information Systems,82,82,1.0,
W4415974876,10.1016/j.procs.2025.09.470,Enhancing ESG Reporting Through Process Mining: A Taxonomy of ESG Events,2025,B,Procedia Computer Science,v1:Procedia Computer Science,1,1,1.0,
W4416185423,10.2139/ssrn.5745626,A Calibration-Driven Ensemble Framework for Business Process Automation Exception Prediction and Recovery Recommendation,2025,B,SSRN Electronic Journal,v1:SSRN Electronic Journal,8,8,1.0,
W4416189323,10.1007/s10664-025-10774-3,An exploratory eye tracking study on how developers classify and debug Python code in different paradigms,2026,A,Empirical Software Engineering,v1:Empirical Software Engineering,188,188,1.0,
W4416582848,10.1109/access.2025.3636194,Continual Learning Approach With Adaptive Memory Mechanism for Predictive Process Monitoring in Dynamic Business Environments,2025,B,IEEE Access,v1:IEEE Access,10,10,1.0,
W4416845019,10.1016/j.cie.2025.111701,Dynamic cloud manufacturing service composition based on runtime QoS prediction: A predictive process monitoring-based method,2025,B,Computers & Industrial Engineering,v1:Computers & Industrial Engineering,1,1,1.0,
W4417026118,10.1007/s10664-025-10764-5,Empirical evaluation of taxonomic trace links: a case study,2025,A,Empirical Software Engineering,v1:Empirical Software Engineering,188,188,1.0,
W4417253649,10.32628/cseit2064143,AI-Augmented Data Governance Framework with Proactive Quality Monitoring and Automated Investigative Intelligence,2020,B,International Journal of Scientific Research in Computer Science Engineering and Information Technology,v1:International Journal of Scientific Research in Computer Science Engineering and Information Technology,1,1,1.0,
W4417322414,10.1007/s10664-025-10771-6,Anticipating bugs: Ticket-level bug prediction and temporal proximity effects,2025,A,Empirical Software Engineering,v1:Empirical Software Engineering,188,188,1.0,
W4417358735,10.1007/s10664-025-10775-2,Development and evolution of Xtext-based DSLs on GitHub: an empirical investigation,2025,A,Empirical Software Engineering,v1:Empirical Software Engineering,188,188,1.0,
W4417461554,10.1007/s12599-025-00969-9,From Source to Target: Leveraging Transfer Learning for Predictive Process Monitoring in Organizations,2025,B,Business & Information Systems Engineering,v1:Business & Information Systems Engineering,7,7,1.0,
W4417517238,10.1007/s10664-026-10869-5,PatchTrack: A comprehensive analysis of ChatGPT’s influence on pull request outcomes,2026,A,Empirical Software Engineering,v1:Empirical Software Engineering,188,188,1.0,
W4417525336,10.1016/j.is.2025.102665,From precision to perception: Human-in-the-loop evaluation of keyword extraction for internet-scale contextual advertising,2025,A,Information Systems,v1:Information Systems,82,82,1.0,
W7108657731,10.18154/rwth-2025-10250,"Nine years later: Reflecting on our article: A general process mining framework for correlating, predicting, and clustering dynamic behavior based on event logs",2026,A,Information Systems,v1:Information Systems,82,82,1.0,
W7115906732,10.1007/s44311-025-00026-4,Decision boundaries in user journey event logs,2025,B,Process Science,v1:Process Science,6,6,1.0,
W7117754902,10.2139/ssrn.5995597,A Calibration-Driven Ensemble Framework for Business Process Automation Exception Prediction and Recovery Recommendation,2025,B,SSRN Electronic Journal,v1:SSRN Electronic Journal,8,8,1.0,
W7117963492,10.1016/j.is.2025.102668,A Bayesian framework for robust local intrinsic dimensionality estimation,2026,A,Information Systems,v1:Information Systems,82,82,1.0,
W7118072760,10.1007/s10664-025-10747-6,Func: reducing the impact of Android framework evolution on malware detection,2026,A,Empirical Software Engineering,v1:Empirical Software Engineering,188,188,1.0,
W7118796102,10.1007/s10664-025-10739-6,Interruptibility of software developers and its prediction using psycho-physiological sensors: a replication,2026,A,Empirical Software Engineering,v1:Empirical Software Engineering,188,188,1.0,
W7122568718,10.1016/j.is.2026.102687,Example-driven semantic-similarity-aware query intent discovery: Empowering users to cross the SQL barrier through query by example,2026,A,Information Systems,v1:Information Systems,82,82,1.0,
W7125956370,10.1109/access.2026.3658877,An In-Context Foundation Model for Predictive Process Monitoring on Event Logs,2026,B,IEEE Access,v1:IEEE Access,10,10,1.0,
W7128027633,10.1007/s10845-026-02792-9,A process mining and machine learning based approach for remaining time prediction of production orders,2026,B,Journal of Intelligent Manufacturing,v1:Journal of Intelligent Manufacturing,1,1,1.0,
W7128295225,10.1007/s10664-026-10807-5,Automated detection of algorithm debt in deep learning frameworks: an empirical study,2026,A,Empirical Software Engineering,v1:Empirical Software Engineering,188,188,1.0,
W7128539897,10.1007/s10664-025-10795-y,SecMLOps: A comprehensive framework for integrating security throughout the machine learning operations lifecycle,2026,A,Empirical Software Engineering,v1:Empirical Software Engineering,188,188,1.0,
W7128926175,10.1016/j.is.2026.102698,Multimodal predictive process monitoring and its application to explainable clinical pathways,2026,A,Information Systems,v1:Information Systems,82,82,1.0,
W7130574456,10.1016/j.is.2026.102703,Event abstraction for social process mining in Enterprise Collaboration Systems: A supervised machine learning approach for converting low-level event logs into high-level event logs,2026,A,Information Systems,v1:Information Systems,82,82,1.0,
W7130640968,10.1007/s10664-025-10797-w,An audit of machine learning experiments on software defect prediction,2026,A,Empirical Software Engineering,v1:Empirical Software Engineering,188,188,1.0,
W7130841206,10.1016/j.dss.2026.114630,Towards better recommendations: Integrating counterfactual learning and trust regions in digital platforms,2026,A,Decision Support Systems,v1:Decision Support Systems,101,101,1.0,
W7133363254,10.37394/23207.2025.22.218,Enhancing Remaining Time Prediction in Business Process Monitoring via Cross-Entropy Supervised Entity Embeddings and Transformer Model,2025,B,WSEAS TRANSACTIONS ON BUSINESS AND ECONOMICS,v1:WSEAS TRANSACTIONS ON BUSINESS AND ECONOMICS,1,1,1.0,
W7134131084,10.1016/j.is.2026.102712,Enhancing urban data exploration: Layer Toggling and Visibility-Preserving Lenses for multi-attribute spatial analysis,2026,A,Information Systems,v1:Information Systems,82,82,1.0,
W7134975744,10.1016/j.is.2026.102714,Flexible event log generation using answer set programming,2026,B,Information Systems,v1:Information Systems,82,82,1.0,
W7135236593,10.1007/s10664-025-10721-2,The Effect of Comments on Program Comprehension: An Eye-tracking Study,2026,A,Empirical Software Engineering,v1:Empirical Software Engineering,188,188,1.0,
W7136387678,10.1016/j.is.2026.102717,Improving next process activity prediction with scarce event log data using data augmentation with large language models,2026,A,Information Systems,v1:Information Systems,82,82,1.0,
W7138315353,10.1016/j.is.2026.102718,Formal semantics for knowledge representation and automated reasoning in BPMN process models,2026,A,Information Systems,v1:Information Systems,82,82,1.0,
W7138798797,10.1016/j.im.2026.104346,"People analytics, trust erosion and intention to leave: the role of information asymmetry",2026,A,Information & Management,v1:Information & Management,20,20,1.0,
W7138953611,10.1016/j.im.2026.104347,AI-powered personalization in online fashion stores: Exploring the impact on shoppers’ perceived risk and intention to buy and recommend,2026,A,Information & Management,v1:Information & Management,20,20,1.0,
W7142197858,10.1016/j.is.2026.102726,The use of differential privacy for privacy-preserving record linkage: Protecting the bits but not the people,2026,A,Information Systems,v1:Information Systems,82,82,1.0,
W7150998871,10.1016/j.is.2026.102722,CIC-YNU-IoTMal: A comprehensive multilayer dataset for static and dynamic analysis of IoT malware behavior,2026,A,Information Systems,v1:Information Systems,82,82,1.0,
W7154486995,10.1007/s10664-026-10862-y,Automated machine learning for test case prioritisation,2026,A,Empirical Software Engineering,v1:Empirical Software Engineering,188,188,1.0,
W7155009923,10.1016/j.is.2026.102740,A framework for steady-state detection in process mining,2026,A,Information Systems,v1:Information Systems,82,82,1.0,
W7160493975,10.1007/s10664-026-10860-0,Is common sense all you need? Using expert defined rules to identify vulnerability patches instead of machine learning,2026,A,Empirical Software Engineering,v1:Empirical Software Engineering,188,188,1.0,
W7160644008,10.1016/j.im.2026.104371,Social media engagement and resource gain spirals: a mixed-methods study of digital empowerment among marginalized caregivers,2026,A,Information & Management,v1:Information & Management,20,20,1.0,
W7160657446,10.1007/s10664-026-10876-6,Key AI features to support scrum software engineering: practitioners’ perspective,2026,A,Empirical Software Engineering,v1:Empirical Software Engineering,188,188,1.0,
W7160708779,10.1007/s10664-026-10868-6,Leveraging large language models for sentiment analysis in GitHub pull request discussions,2026,A,Empirical Software Engineering,v1:Empirical Software Engineering,188,188,1.0,
W7161625273,10.1007/s44311-026-00048-6,DA-CIL: Drift-Adaptive Class Incremental Learning for dynamic processes,2026,B,Process Science,v1:Process Science,6,6,1.0,
W7162026676,10.1016/j.is.2026.102751,FEDAMON: A fully automated framework for communication-efficient continuous distributed monitoring with error guarantees,2026,A,Information Systems,v1:Information Systems,82,82,1.0,
W7162036180,10.1007/s10664-026-10874-8,Is this build failure related to my patch? An empirical study of unrelated build failures in continuous integration,2026,A,Empirical Software Engineering,v1:Empirical Software Engineering,188,188,1.0,
W7163582865,10.2139/ssrn.6876300,Model-Aware Counterfactual Explanations for Transformer-Based Sequence Prediction via Attention-Guided Semantic Search,2026,B,SSRN Electronic Journal,v1:SSRN Electronic Journal,8,8,1.0,
W7164818226,10.1016/j.dss.2026.114713,Analyzing voluntary employee turnover: A data-driven explanatory modeling approach,2026,A,Decision Support Systems,v1:Decision Support Systems,101,101,1.0,
W7165808152,10.2139/ssrn.6990079,Graph Grounded Cross Attention Transformer Neural Network for Structurally Constrained Full Event Sequence Generation in Predictive Process Monitoring,2026,B,SSRN Electronic Journal,v1:SSRN Electronic Journal,8,8,1.0,
W7166356102,10.1016/j.im.2026.104390,Smart services in B2B contexts: A taxonomy and archetypes,2026,A,Information & Management,v1:Information & Management,20,20,1.0,
W7166690752,10.1016/j.dss.2026.114721,Unveiling the hidden layer: Ambivalent cognitive effects of XAI in augmented decision-making under uncertainty,2026,A,Decision Support Systems,v1:Decision Support Systems,101,101,1.0,
W7167350909,10.1145/3796130.3796152,Predicting Benefits from Event Logs using Generative AI,2026,B,,v1:nan,16,16,1.0,
W7167577814,10.1007/s10664-026-10902-7,From values to adoption: on the role of individual cultural values on fairness toolkit adoption in software development,2026,A,Empirical Software Engineering,v1:Empirical Software Engineering,188,188,1.0,
W7167600363,10.1007/s10664-026-10916-1,Reducing labeling effort in architecture technical debt detection through active learning and explainable AI,2026,A,Empirical Software Engineering,v1:Empirical Software Engineering,188,188,1.0,
W7167734464,10.1007/s10664-026-10919-y,Evaluating foundation model integration strategies for detecting PII in java software engineering pipelines,2026,A,Empirical Software Engineering,v1:Empirical Software Engineering,188,188,1.0,
W7169551408,10.1007/s10664-026-10873-9,A methodology to perform cross-ecosystems case-control security studies,2026,A,Empirical Software Engineering,v1:Empirical Software Engineering,188,188,1.0,
W7169754586,10.1007/s10664-026-10930-3,Identifying Quality Indicators in Student Self-Reflections in Software Engineering,2026,A,Empirical Software Engineering,v1:Empirical Software Engineering,188,188,1.0,
W7171769820,10.1016/j.is.2026.102788,CICERONE: A natural language-based global approach for object-centric Predictive Process Monitoring,2026,A,Information Systems,v1:Information Systems,82,82,1.0,
W7202386882,10.1007/s10664-026-10929-w,Learning to detect hardcoded secrets,2026,A,Empirical Software Engineering,v1:Empirical Software Engineering,188,188,1.0,
