oa_id,doi,title,year,frame,venue,stratum,N_h,n_h,weight,cited,n_chars,n_sents,n_pages,status,status_registered,screen_quote,screen_page,B_stated,B_stated_quote,B_stated_page,B_justified,B_justified_quote,B_justified_page,M_justified,M_justified_quote,M_justified_page,Theta_stated,Theta_stated_quote,Theta_stated_page,Range_reported,Range_reported_quote,Range_reported_page,B_stated_B,B_justified_B,M_justified_B,Theta_stated_B,Range_reported_B,applic_register,applic_evidence
W2795105179,10.1016/j.is.2019.03.004,GreyCat: Efficient what-if analytics for data in motion at scale,2019,A,Information Systems,v1:Information Systems,82,82,1.0,,86307.0,729.0,17.0,NO_METRIC,NO_METRIC,,0.0,,,,,,,,,,,,,,,,,,,,,,
W2796583606,10.1016/j.dss.2021.113544,Model identification for ARMA time series through convolutional neural networks,2021,A,Decision Support Systems,v1:Decision Support Systems,101,101,1.0,,46367.0,373.0,17.0,NO_ABLATION,NO_ABLATION,,0.0,,,,,,,,,,,,,,,,,,,,,,
W2800976233,10.1145/3331449,Survey and Cross-benchmark Comparison of Remaining Time Prediction Methods in Business Process Monitoring,2019,B,ACM Transactions on Intelligent Systems and Technology,v1:ACM Transactions on Intelligent Systems and Technology,1,1,1.0,,103454.0,868.0,28.0,NO_ABLATION,NO_ABLATION,,0.0,,,,,,,,,,,,,,,,,,,,,,
W2806583692,10.1016/j.is.2019.01.006,Predictive performance modeling for distributed batch processing using black box monitoring and machine learning,2019,A,Information Systems,v1:Information Systems,82,82,1.0,,112800.0,857.0,19.0,NO_METRIC,NO_METRIC,,0.0,,,,,,,,,,,,,,,,,,,,,,
W2807851731,10.1016/j.is.2019.03.005,Binary classification in unstructured space with hypergraph case-based reasoning,2019,A,Information Systems,v1:Information Systems,82,82,1.0,,122329.0,1319.0,69.0,INCLUDED,INCLUDED,"To conclude, we used a Wilcoxon signed-rank test at 5% and 1% on the test MCC obtained with and without the optimization process.",44.0,no,,0.0,no,,0.0,no,,0.0,unclear,"In this experiment, we show how η can be used to control the accuracy by specifying a threshold on the risk associated to a prediction.",46.0,no,,0.0,unclear,no,no,unclear,no,no,
W2810738116,10.1007/s10664-019-09728-3,Whom are you going to call? determinants of @-mentions in Github discussions,2019,A,Empirical Software Engineering,v1:Empirical Software Engineering,188,188,1.0,,73787.0,696.0,12.0,NO_METRIC,NO_METRIC,,0.0,,,,,,,,,,,,,,,,,,,,,,
W2901934595,10.1145/3375398,Robust Drift Characterization from Event Streams of Business Processes,2020,B,ACM Transactions on Knowledge Discovery from Data,v1:ACM Transactions on Knowledge Discovery from Data,1,1,1.0,,182128.0,1565.0,55.0,NO_ABLATION,INCLUDED,,0.0,,,,,,,,,,,,,,,,,,,,,,
W2902316941,10.1007/s10664-020-09808-9,Better software analytics via “DUO”: Data mining algorithms using/used-by optimizers,2020,A,Empirical Software Engineering,v1:Empirical Software Engineering,188,188,1.0,,118770.0,1184.0,35.0,NO_METRIC,NO_METRIC,,0.0,,,,,,,,,,,,,,,,,,,,,,
W2903606913,10.1016/j.is.2019.03.011,Beyond roll-up’s and drill-down’s: An intentional analytics model to reinvent OLAP,2019,A,Information Systems,v1:Information Systems,82,82,1.0,,186667.0,1528.0,74.0,NO_METRIC,NO_METRIC,,0.0,,,,,,,,,,,,,,,,,,,,,,
W2907904533,10.1007/s10664-018-9676-8,Associating working memory capacity and code change ordering with code review performance,2019,A,Empirical Software Engineering,v1:Empirical Software Engineering,188,188,1.0,,,,,NO_FULLTEXT,,,,,,,,,,,,,,,,,,,,,,,,,
W2911862380,10.1016/j.is.2019.02.003,Boosting decision stumps for dynamic feature selection on data streams,2019,A,Information Systems,v1:Information Systems,82,82,1.0,,97184.0,672.0,47.0,INCLUDED,INCLUDED,"Evaluation of the classiﬁers with and without the proposed method has been conducted regarding accuracy, processing time, and memory consumption.",21.0,unclear,"It is also important to highlight that after the classiﬁcation of the instance in a unit ui, the selected feature used in its decision stump dsi is removed from ⃗x (line 20) so that the candidate decision stump dscandidate is enforced to select a feature that has not been selected already by the dec",12.0,yes,"In practice, if a feature that is statistically relevant is removed from a feature set, it will reduce overall prediction power since (i) it is strongly correlated with the class; or (ii) it belongs to a subset of features that is strongly correlated with the class [10].",4.0,no,,0.0,unclear,", Hoeﬀding Trees [18], and receive as input three parameters: a selection threshold θ, a grace period gp and a purity metric Ω(·) that we wish to maximize, e.",9.0,no,,0.0,unclear,yes,no,unclear,no,no,
W2912484829,10.1016/j.is.2019.02.005,Using Hidden Markov Models for the accurate linguistic analysis of process model activity labels,2019,A,Information Systems,v1:Information Systems,82,82,1.0,,64166.0,574.0,11.0,NO_ABLATION,INCLUDED,,0.0,,,,,,,,,,,,,,,,,,,,,,
W2914211867,10.1016/j.is.2018.12.006,TAPON-MT: A versatile framework for semantic labelling,2019,A,Information Systems,v1:Information Systems,82,82,1.0,,,,,NO_FULLTEXT,,,,,,,,,,,,,,,,,,,,,,,,,
W2921946069,10.1016/j.dss.2019.02.009,Advanced turbidity prediction for operational water supply planning,2019,A,Decision Support Systems,v1:Decision Support Systems,101,101,1.0,,64770.0,462.0,30.0,NO_ABLATION,NO_ABLATION,,0.0,,,,,,,,,,,,,,,,,,,,,,
W2931993367,10.1016/j.is.2020.101586,Processing tweets for cybersecurity threat awareness,2020,A,Information Systems,v1:Information Systems,82,82,1.0,,83173.0,681.0,16.0,NO_METRIC,NO_METRIC,,0.0,,,,,,,,,,,,,,,,,,,,,,
W2934734939,10.1016/j.dss.2019.03.006,Twitter user geolocation using web country noun searches,2019,A,Decision Support Systems,v1:Decision Support Systems,101,101,1.0,,,,,NO_FULLTEXT,,,,,,,,,,,,,,,,,,,,,,,,,
W2941068928,10.1007/s10664-019-09694-w,Classifying code comments in Java software systems,2019,A,Empirical Software Engineering,v1:Empirical Software Engineering,188,188,1.0,,98870.0,760.0,39.0,NO_ABLATION,NO_ABLATION,,0.0,,,,,,,,,,,,,,,,,,,,,,
W2941394980,10.1007/s10664-019-09706-9,Towards understanding and detecting fake reviews in app stores,2019,A,Empirical Software Engineering,v1:Empirical Software Engineering,188,188,1.0,,121752.0,1280.0,40.0,NO_ABLATION,NO_ABLATION,,0.0,,,,,,,,,,,,,,,,,,,,,,
W2941755106,,Predictive and prescriptive monitoring of business process outcomes,2019,B,DSpace repository (University of Tartu),v1:DSpace repository (University of Tartu),1,1,1.0,,,,,NO_FULLTEXT,,,,,,,,,,,,,,,,,,,,,,,,,
W2944885770,10.1007/s10664-019-09714-9,Effects of measurements on correlations of software code metrics,2019,A,Empirical Software Engineering,v1:Empirical Software Engineering,188,188,1.0,,116212.0,966.0,55.0,NO_METRIC,NO_METRIC,,0.0,,,,,,,,,,,,,,,,,,,,,,
W2945788444,10.1007/s10115-021-01633-w,"Fire now, fire later: alarm-based systems for prescriptive process monitoring",2021,B,Knowledge and Information Systems,v1:Knowledge and Information Systems,6,6,1.0,,81699.0,693.0,29.0,NO_METRIC,NO_METRIC,,0.0,,,,,,,,,,,,,,,,,,,,,,
W2946009226,10.1007/s10664-019-09739-0,Improving change prediction models with code smell-related information,2019,A,Empirical Software Engineering,v1:Empirical Software Engineering,188,188,1.0,,,,,NO_FULLTEXT,,,,,,,,,,,,,,,,,,,,,,,,,
W2946929989,10.1007/s10664-020-09853-4,Automating system test case classification and prioritization for use case-driven testing in product lines,2020,A,Empirical Software Engineering,v1:Empirical Software Engineering,188,188,1.0,,173591.0,1597.0,58.0,NO_ABLATION,INCLUDED,,0.0,,,,,,,,,,,,,,,,,,,,,,
W2947765183,10.1007/978-3-030-21290-2_34,Proactive Process Adaptation Using Deep Learning Ensembles,2019,B,Lecture notes in computer science,v1:Lecture notes in computer science,12,12,1.0,,45289.0,463.0,16.0,NO_ABLATION,NO_ABLATION,,0.0,,,,,,,,,,,,,,,,,,,,,,
W2948645509,10.1016/j.dss.2019.05.008,Agent-level determinants of price expectation formation in online double-sided auctions,2019,A,Decision Support Systems,v1:Decision Support Systems,101,101,1.0,,90101.0,820.0,36.0,NO_METRIC,NO_METRIC,,0.0,,,,,,,,,,,,,,,,,,,,,,
W2951484092,10.1016/j.dss.2019.113075,Using social network and semantic analysis to analyze online travel forums and forecast tourism demand,2019,A,Decision Support Systems,v1:Decision Support Systems,101,101,1.0,,77900.0,636.0,35.0,NO_METRIC,NO_METRIC,,0.0,,,,,,,,,,,,,,,,,,,,,,
W2953798551,10.1007/s10664-019-09726-5,Empirical comparison of text-based mobile apps similarity measurement techniques,2019,A,Empirical Software Engineering,v1:Empirical Software Engineering,188,188,1.0,,88509.0,689.0,26.0,NO_METRIC,NO_METRIC,,0.0,,,,,,,,,,,,,,,,,,,,,,
W2954440353,10.1016/j.is.2019.101483,Two-stage optimization for machine learning workflow,2019,A,Information Systems,v1:Information Systems,82,82,1.0,,53576.0,500.0,30.0,NO_ABLATION,INCLUDED,,0.0,,,,,,,,,,,,,,,,,,,,,,
W2955950342,10.1007/s10664-019-09716-7,Mining non-functional requirements from App store reviews,2019,A,Empirical Software Engineering,v1:Empirical Software Engineering,188,188,1.0,,,,,NO_FULLTEXT,,,,,,,,,,,,,,,,,,,,,,,,,
W2956440216,10.1016/j.is.2019.101479,Detecting coherent explorations in SQL workloads,2019,A,Information Systems,v1:Information Systems,82,82,1.0,,81058.0,702.0,34.0,INCLUDED,INCLUDED,"To select the most correlated features, we ordered the features by the absolute value of the correlation coeﬃcient, we train the classiﬁer iteratively adding the features while F-measure and accuracy scores increase, and stop when the scores no more improve.",28.0,unclear,Section 4 details the features considered and how they are extracted.,3.0,no,,0.0,yes,"However, such baseline would have 0 as F-measure, since recall will be 0.",25.0,unclear,", common fragments) as absolute values (normalized with a given threshold).",19.0,no,,0.0,unclear,no,no,unclear,no,yes,SkyServer is an Internet portal to the Sloan Digital Sky Survey Catalog Archive Server; its Web and SQL logs are public [21].
W2956885731,10.1016/j.dss.2019.113097,Deep learning for decision making and the optimization of socially responsible investments and portfolio,2019,A,Decision Support Systems,v1:Decision Support Systems,101,101,1.0,,,,,NO_FULLTEXT,,,,,,,,,,,,,,,,,,,,,,,,,
W2957490530,10.1016/j.is.2019.07.002,Understanding and improving ontology reasoning efficiency through learning and ranking,2019,A,Information Systems,v1:Information Systems,82,82,1.0,,110250.0,1000.0,17.0,INCLUDED,INCLUDED,"Table 10 Summary of mean reasoning performance (in seconds) comparison between AutoFolio and R2O2*(all) (R2O2*(all), both with and without ELK).",13.0,no,,0.0,no,,0.0,no,,0.0,no,,0.0,no,,0.0,unclear,no,unclear,no,no,yes,"cy through learning and ranking Yong-Bin Kang a, Shonali Krishnaswamy a, Wudhichart Sawangphol b, Lianli Gao c, Yuan-Fang Li d,∗ a Department of Computer Science and Software Engineering, Swinburne University of Technology, Australia b Faculty of Information and Communication Technology, Mahidol University, Thailand c School of Computer Science and Engineering, The University of Electronic Science"
W2960048287,10.1016/j.dss.2019.113100,Forecasting remaining useful life: Interpretable deep learning approach via variational Bayesian inferences,2019,A,Decision Support Systems,v1:Decision Support Systems,101,101,1.0,,77135.0,583.0,33.0,NO_METRIC,NO_METRIC,,0.0,,,,,,,,,,,,,,,,,,,,,,
W2961549118,10.48550/arxiv.1905.10173,What if Process Predictions are not followed by Good Recommendations? (Technical Report),2019,B,arXiv (Cornell University),v1:arXiv (Cornell University),15,15,1.0,,44375.0,433.0,15.0,NO_ABLATION,NO_ABLATION,,0.0,,,,,,,,,,,,,,,,,,,,,,
W2969930394,10.1007/978-3-030-26643-1_5,Predicting Critical Behaviors in Business Process Executions: When Evidence Counts,2019,B,Lecture notes in business information processing,v1:Lecture notes in business information processing,33,33,1.0,,51693.0,458.0,19.0,NO_ABLATION,NO_ABLATION,,0.0,,,,,,,,,,,,,,,,,,,,,,
W2970198659,10.1007/s10664-019-09758-x,What kind of questions do developers ask on Stack Overflow? A comparison of automated approaches to classify posts into question categories,2019,A,Empirical Software Engineering,v1:Empirical Software Engineering,188,188,1.0,,115230.0,954.0,44.0,NO_ABLATION,INCLUDED,,0.0,,,,,,,,,,,,,,,,,,,,,,
W2970732649,10.1016/j.im.2019.103198,"IT centrality, IT management model, and contribution of the IT function to organizational performance: A study in Canadian hospitals",2019,A,Information & Management,v1:Information & Management,20,20,1.0,,,,,NO_FULLTEXT,,,,,,,,,,,,,,,,,,,,,,,,,
W2979389171,10.1016/j.is.2019.101444,Speed prediction in large and dynamic traffic sensor networks,2019,A,Information Systems,v1:Information Systems,82,82,1.0,,,,,NO_FULLTEXT,,,,,,,,,,,,,,,,,,,,,,,,,
W2980838074,10.1016/j.dss.2019.113132,Veracity assessment of online data,2019,A,Decision Support Systems,v1:Decision Support Systems,101,101,1.0,,,,,NO_FULLTEXT,,,,,,,,,,,,,,,,,,,,,,,,,
W2982284349,10.1016/j.is.2019.101458,BINet: Multi-perspective business process anomaly classification,2019,A,Information Systems,v1:Information Systems,82,82,1.0,,63936.0,605.0,25.0,NO_METRIC,NO_METRIC,,0.0,,,,,,,,,,,,,,,,,,,,,,
W2986478207,10.1007/s10664-019-09769-8,Recognizing lines of code violating company-specific coding guidelines using machine learning,2019,A,Empirical Software Engineering,v1:Empirical Software Engineering,188,188,1.0,,118754.0,942.0,46.0,NO_ABLATION,INCLUDED,,0.0,,,,,,,,,,,,,,,,,,,,,,
W2986485804,10.1016/j.im.2019.103220,Robot acceptance model for care (RAM-care): A principled approach to the intention to use care robots,2019,A,Information & Management,v1:Information & Management,20,20,1.0,,,,,NO_FULLTEXT,,,,,,,,,,,,,,,,,,,,,,,,,
W2989213133,10.1016/j.knosys.2020.106557,Business process variant analysis: Survey and classification,2020,B,Knowledge-Based Systems,v1:Knowledge-Based Systems,2,2,1.0,,106438.0,974.0,29.0,NO_METRIC,NO_METRIC,,0.0,,,,,,,,,,,,,,,,,,,,,,
W2995454814,10.1007/s10664-019-09778-7,Selecting fault revealing mutants,2019,A,Empirical Software Engineering,v1:Empirical Software Engineering,188,188,1.0,,148647.0,1255.0,54.0,NO_ABLATION,INCLUDED,,0.0,,,,,,,,,,,,,,,,,,,,,,
W2995630456,10.1016/j.dss.2019.113232,Leveraging fine-grained transaction data for customer life event predictions,2019,A,Decision Support Systems,v1:Decision Support Systems,101,101,1.0,,,,,NO_FULLTEXT,,,,,,,,,,,,,,,,,,,,,,,,,
W2996338620,,Interpreting Predictive Process Monitoring Benchmarks.,2019,B,arXiv (Cornell University),v1:arXiv (Cornell University),15,15,1.0,,38855.0,273.0,15.0,NO_METRIC,NO_METRIC,,0.0,,,,,,,,,,,,,,,,,,,,,,
W2998979401,10.1016/j.is.2020.101494,Improving malicious URLs detection via feature engineering: Linear and nonlinear space transformation methods,2020,A,Information Systems,v1:Information Systems,82,82,1.0,,,,,NO_FULLTEXT,,,,,,,,,,,,,,,,,,,,,,,,,
W3001004827,10.1016/j.is.2020.101505,On the declarative paradigm in hybrid business process representations: A conceptual framework and a systematic literature study,2020,A,Information Systems,v1:Information Systems,82,82,1.0,,,,,NO_FULLTEXT,,,,,,,,,,,,,,,,,,,,,,,,,
W3004233219,10.1007/s10664-020-09933-5,An automated framework for the extraction of semantic legal metadata from legal texts,2021,A,Empirical Software Engineering,v1:Empirical Software Engineering,188,188,1.0,,121936.0,1070.0,38.0,NO_ABLATION,NO_ABLATION,,0.0,,,,,,,,,,,,,,,,,,,,,,
W3004570974,10.1007/s10664-019-09781-y,How bugs are born: a model to identify how bugs are introduced in software components,2020,A,Empirical Software Engineering,v1:Empirical Software Engineering,188,188,1.0,,150588.0,1249.0,47.0,NO_ABLATION,INCLUDED,,0.0,,,,,,,,,,,,,,,,,,,,,,
W3004721071,10.1016/j.dss.2020.113260,A new emergency decision support system: the automatic interpretation and contextualisation of events to model a crisis situation in real-time,2020,A,Decision Support Systems,v1:Decision Support Systems,101,101,1.0,,,,,NO_FULLTEXT,,,,,,,,,,,,,,,,,,,,,,,,,
W3007484883,10.1007/s10664-019-09791-w,Deriving a usage-independent software quality metric,2020,A,Empirical Software Engineering,v1:Empirical Software Engineering,188,188,1.0,,124324.0,980.0,41.0,NO_ABLATION,INCLUDED,,0.0,,,,,,,,,,,,,,,,,,,,,,
W3010543401,10.1016/j.dss.2020.113271,Longitudinal healthcare analytics for disease management: Empirical demonstration for low back pain,2020,A,Decision Support Systems,v1:Decision Support Systems,101,101,1.0,,,,,NO_FULLTEXT,,,,,,,,,,,,,,,,,,,,,,,,,
W3012780693,10.1007/s12599-020-00646-z,Seven Paradoxes of Business Process Management in a Hyper-Connected World,2020,B,Business & Information Systems Engineering,v1:Business & Information Systems Engineering,7,7,1.0,,65818.0,446.0,12.0,NO_METRIC,NO_METRIC,,0.0,,,,,,,,,,,,,,,,,,,,,,
W3013291592,10.1007/978-3-030-58666-9_14,Predictive Business Process Monitoring via Generative Adversarial Nets: The Case of Next Event Prediction,2020,B,Lecture notes in computer science,v1:Lecture notes in computer science,12,12,1.0,,49847.0,481.0,16.0,NO_ABLATION,INCLUDED,,0.0,,,,,,,,,,,,,,,,,,,,,,
W3014109009,10.1016/j.dss.2020.113290,Employees recruitment: A prescriptive analytics approach via machine learning and mathematical programming,2020,A,Decision Support Systems,v1:Decision Support Systems,101,101,1.0,,,,,NO_FULLTEXT,,,,,,,,,,,,,,,,,,,,,,,,,
W3015702715,10.1016/j.is.2020.101524,"Winter is here! A decade of cache-based side-channel attacks, detection & mitigation for RSA",2020,A,Information Systems,v1:Information Systems,82,82,1.0,,,,,NO_FULLTEXT,,,,,,,,,,,,,,,,,,,,,,,,,
W3015851278,10.1007/s12599-020-00645-0,Machine Learning in Business Process Monitoring: A Comparison of Deep Learning and Classical Approaches Used for Outcome Prediction,2020,B,Business & Information Systems Engineering,v1:Business & Information Systems Engineering,7,7,1.0,,74586.0,641.0,16.0,NO_ABLATION,INCLUDED,,0.0,,,,,,,,,,,,,,,,,,,,,,
W3016381677,10.1007/s10664-020-09818-7,How software engineering research aligns with design science: a review,2020,A,Empirical Software Engineering,v1:Empirical Software Engineering,188,188,1.0,,92730.0,693.0,31.0,NO_METRIC,NO_METRIC,,0.0,,,,,,,,,,,,,,,,,,,,,,
W3016717485,10.1007/s10664-020-09814-x,Using machine learning to assist with the selection of security controls during security assessment,2020,A,Empirical Software Engineering,v1:Empirical Software Engineering,188,188,1.0,,93944.0,788.0,31.0,NO_ABLATION,NO_ABLATION,,0.0,,,,,,,,,,,,,,,,,,,,,,
W3022806883,10.48550/arxiv.2005.01194,An empirical comparison of deep-neural-network architectures for next activity prediction using context-enriched process event logs,2020,B,arXiv (Cornell University),v1:arXiv (Cornell University),15,15,1.0,,70164.0,609.0,34.0,NO_METRIC,NO_METRIC,,0.0,,,,,,,,,,,,,,,,,,,,,,
W3024356476,10.1007/s10664-020-09878-9,On the time-based conclusion stability of cross-project defect prediction models,2020,A,Empirical Software Engineering,v1:Empirical Software Engineering,188,188,1.0,,108119.0,752.0,39.0,NO_ABLATION,INCLUDED,,0.0,,,,,,,,,,,,,,,,,,,,,,
W3025560490,10.1016/j.is.2020.101557,DMAKit: A user-friendly web platform for bringing state-of-the-art data analysis techniques to non-specific users,2020,A,Information Systems,v1:Information Systems,82,82,1.0,,,,,NO_FULLTEXT,,,,,,,,,,,,,,,,,,,,,,,,,
W3025918553,10.1016/j.dss.2020.113320,Uplift Modeling for preventing student dropout in higher education,2020,A,Decision Support Systems,v1:Decision Support Systems,101,101,1.0,,65741.0,572.0,24.0,NO_METRIC,NO_METRIC,,0.0,,,,,,,,,,,,,,,,,,,,,,
W3028200206,10.1007/s10664-020-09837-4,Do code review measures explain the incidence of post-release defects?,2020,A,Empirical Software Engineering,v1:Empirical Software Engineering,188,188,1.0,,90287.0,873.0,34.0,NO_METRIC,NO_METRIC,,0.0,,,,,,,,,,,,,,,,,,,,,,
W3029464237,10.1016/j.dss.2020.113325,Predicting student dropout in subscription-based online learning environments: The beneficial impact of the logit leaf model,2020,A,Decision Support Systems,v1:Decision Support Systems,101,101,1.0,,,,,NO_FULLTEXT,,,,,,,,,,,,,,,,,,,,,,,,,
W3034076354,10.1007/978-3-030-65310-1_31,Exploring Interpretability for Predictive Process Analytics,2020,B,Lecture notes in computer science,v1:Lecture notes in computer science,12,12,1.0,,38855.0,273.0,15.0,NO_METRIC,NO_METRIC,,0.0,,,,,,,,,,,,,,,,,,,,,,
W3042043441,10.1186/s12911-020-1111-6,Using predictive process monitoring to assist thrombolytic therapy decision-making for ischemic stroke patients,2020,B,BMC Medical Informatics and Decision Making,v1:BMC Medical Informatics and Decision Making,2,2,1.0,,45231.0,378.0,10.0,NO_METRIC,NO_METRIC,,0.0,,,,,,,,,,,,,,,,,,,,,,
W3042580419,10.1016/j.is.2020.101635,Cause vs. effect in context-sensitive prediction of business process instances,2020,A,Information Systems,v1:Information Systems,82,82,1.0,,71370.0,608.0,28.0,NO_METRIC,NO_METRIC,,0.0,,,,,,,,,,,,,,,,,,,,,,
W3043662032,10.1007/s10664-020-09834-7,Standing on shoulders or feet? An extended study on the usage of the MSR data papers,2020,A,Empirical Software Engineering,v1:Empirical Software Engineering,188,188,1.0,,126113.0,1115.0,35.0,NO_METRIC,NO_METRIC,,0.0,,,,,,,,,,,,,,,,,,,,,,
W3043882153,10.1007/s10664-021-09945-9,Predictors of well-being and productivity among software professionals during the COVID-19 pandemic – a longitudinal study,2021,A,Empirical Software Engineering,v1:Empirical Software Engineering,188,188,1.0,,173310.0,1576.0,63.0,NO_ABLATION,INCLUDED,,0.0,,,,,,,,,,,,,,,,,,,,,,
W3044618224,10.1016/j.is.2020.101604,Fragments of bag relational algebra: Expressiveness and certain answers,2020,A,Information Systems,v1:Information Systems,82,82,1.0,,83839.0,805.0,14.0,NO_METRIC,NO_METRIC,,0.0,,,,,,,,,,,,,,,,,,,,,,
W3045116697,10.1016/j.dss.2020.113366,Three-stage reject inference learning framework for credit scoring using unsupervised transfer learning and three-way decision theory,2020,A,Decision Support Systems,v1:Decision Support Systems,101,101,1.0,,,,,NO_FULLTEXT,,,,,,,,,,,,,,,,,,,,,,,,,
W3046226113,10.11606/d.100.2020.tde-02122019-150538,Tratamento do impacto de casos >i /i< em predição de tempo de resolução usando mineração de processos com múltiplos atributos,2020,B,,v1:nan,16,16,1.0,,186104.0,1262.0,103.0,NO_METRIC,NO_METRIC,,0.0,,,,,,,,,,,,,,,,,,,,,,
W3046672418,10.1007/s10664-020-09868-x,On the need of preserving order of data when validating within-project defect classifiers,2020,A,Empirical Software Engineering,v1:Empirical Software Engineering,188,188,1.0,,81982.0,724.0,26.0,NO_ABLATION,INCLUDED,,0.0,,,,,,,,,,,,,,,,,,,,,,
W3047535465,10.1007/s10664-020-09854-3,Wait for it: identifying “On-Hold” self-admitted technical debt,2020,A,Empirical Software Engineering,v1:Empirical Software Engineering,188,188,1.0,,81913.0,668.0,29.0,INCLUDED,INCLUDED,"To measure the effect of rebalancing on our classification, we compare the performance of N-gram TF-IDF with and without Stratified ShuffleSplit.",19.0,unclear,Table 9 shows the top features from N-gram TF-IDF ranked by how frequently our classifier uses them to distinguish on-hold comments from other self-admitted technical debt comments.,19.0,no,,0.0,no,,0.0,unclear,The receiver operating characteristic curve is created by plotting the true positive rate (TPR) against the false positive rate (FPR) at various threshold settings.,18.0,no,,0.0,unclear,no,no,unclear,no,yes,1 Columba 0 – EMF 1 // Note: Registry based authority is being removed .
W3048310814,10.1016/j.dss.2021.113511,A technique for determining relevance scores of process activities using graph-based neural networks,2021,A,Decision Support Systems,v1:Decision Support Systems,101,101,1.0,,62681.0,560.0,26.0,NO_METRIC,NO_METRIC,,0.0,,,,,,,,,,,,,,,,,,,,,,
W3049497371,10.1007/s10664-020-09886-9,How does code readability change during software evolution?,2020,A,Empirical Software Engineering,v1:Empirical Software Engineering,188,188,1.0,,,,,NO_FULLTEXT,,,,,,,,,,,,,,,,,,,,,,,,,
W3051849431,10.1007/s10664-020-09856-1,Data-driven software design with Constraint Oriented Multi-variate Bandit Optimization (COMBO),2020,A,Empirical Software Engineering,v1:Empirical Software Engineering,188,188,1.0,,111491.0,994.0,32.0,NO_METRIC,NO_METRIC,,0.0,,,,,,,,,,,,,,,,,,,,,,
W3079499560,10.1007/s10664-020-09861-4,On the assessment of software defect prediction models via ROC curves,2020,A,Empirical Software Engineering,v1:Empirical Software Engineering,188,188,1.0,,129461.0,1081.0,43.0,INCLUDED,INCLUDED,"ROC curves (with and without AUC) have also been used in Empirical Software Engineering studies to find optimal thresholds t for fn(z,t) to build a defect prediction model.",30.0,no,,0.0,no,,0.0,yes,"AUC provides a spurious assessment of the performance of the defect proneness models, because it is based even on parts of the ROC space that are not of interest for the software manager.",26.0,yes,", suppose that a false negative is 9 times as expensive as a false positive.",17.0,unclear,"Appendix C details how these borders behave for each metric when k, c, and p change.",15.0,no,no,no,yes,no,no,
W3080268723,10.48550/arxiv.2008.10748,"An empirical investigation of different classifiers, encoding and ensemble schemes for next event prediction using business process event logs",2020,B,arXiv (Cornell University),v1:arXiv (Cornell University),15,15,1.0,,103087.0,807.0,34.0,NO_ABLATION,INCLUDED,,0.0,,,,,,,,,,,,,,,,,,,,,,
W3080457607,10.1007/s10664-021-10068-4,Revisiting process versus product metrics: a large scale analysis,2022,A,Empirical Software Engineering,v1:Empirical Software Engineering,188,188,1.0,,113166.0,1076.0,43.0,NO_ABLATION,NO_ABLATION,,0.0,,,,,,,,,,,,,,,,,,,,,,
W3081858831,10.1016/j.dss.2020.113398,Improving healthcare access management by predicting patient no-show behaviour,2020,A,Decision Support Systems,v1:Decision Support Systems,101,101,1.0,,77200.0,635.0,26.0,NO_ABLATION,NO_ABLATION,,0.0,,,,,,,,,,,,,,,,,,,,,,
W3083147251,10.1007/978-3-030-58638-6_9,Explainability in Predictive Process Monitoring: When Understanding Helps Improving,2020,B,Lecture notes in business information processing,v1:Lecture notes in business information processing,33,33,1.0,,,,,NO_FULLTEXT,,,,,,,,,,,,,,,,,,,,,,,,,
W3084167926,10.3390/data5030082,Extraction of Missing Tendency Using Decision Tree Learning in Business Process Event Log,2020,B,Data,v1:Data,1,1,1.0,,,,,NO_FULLTEXT,,,,,,,,,,,,,,,,,,,,,,,,,
W3084301791,10.1007/s10664-020-09864-1,Automated demarcation of requirements in textual specifications: a machine learning-based approach,2020,A,Empirical Software Engineering,v1:Empirical Software Engineering,188,188,1.0,,130637.0,1078.0,44.0,NO_ABLATION,INCLUDED,,0.0,,,,,,,,,,,,,,,,,,,,,,
W3084420001,10.1016/j.dss.2020.113401,Forecasting demand profiles of new products,2020,A,Decision Support Systems,v1:Decision Support Systems,101,101,1.0,,,,,NO_FULLTEXT,,,,,,,,,,,,,,,,,,,,,,,,,
W3086800606,10.1007/s10664-020-09885-w,On the feasibility of automated prediction of bug and non-bug issues,2020,A,Empirical Software Engineering,v1:Empirical Software Engineering,188,188,1.0,,104396.0,889.0,37.0,INCLUDED,INCLUDED,In terms of recall and precision the differences between training with and without validation are similar.,27.0,no,,0.0,no,,0.0,yes,"Moreover, we observe that all other approaches are all equal to or worse than trivially predicting everything as bug in the mean F1 score, because of a low recall.",23.0,unclear,"For this scenario, we decide on a fixed cutoff date for the training data.",19.0,unclear,"This way, we get a single model for each baseline, as well as for our approach, that we determined works best on the CV data.",17.0,no,no,no,no,no,no,
W3087610690,10.1016/j.dss.2020.113404,Optimizing microtask assignment on crowdsourcing platforms using Markov chain Monte Carlo,2020,A,Decision Support Systems,v1:Decision Support Systems,101,101,1.0,,,,,NO_FULLTEXT,,,,,,,,,,,,,,,,,,,,,,,,,
W3087720408,10.1007/s10664-020-09881-0,Testing machine learning based systems: a systematic mapping,2020,A,Empirical Software Engineering,v1:Empirical Software Engineering,188,188,1.0,,194820.0,2045.0,62.0,NO_METRIC,NO_METRIC,,0.0,,,,,,,,,,,,,,,,,,,,,,
W3089306244,10.1109/tsc.2021.3139807,Deep Learning for Predictive Business Process Monitoring: Review and Benchmark,2021,B,IEEE Transactions on Services Computing,v1:IEEE Transactions on Services Computing,5,5,1.0,,96425.0,747.0,18.0,NO_METRIC,NO_METRIC,,0.0,,,,,,,,,,,,,,,,,,,,,,
W3092305337,10.1109/access.2020.3029323,ORANGE: Outcome-Oriented Predictive Process Monitoring Based on Image Encoding and CNNs,2020,B,IEEE Access,v1:IEEE Access,10,10,1.0,,73087.0,594.0,14.0,NO_METRIC,NO_METRIC,,0.0,,,,,,,,,,,,,,,,,,,,,,
W3094428095,10.1109/access.2020.3030809,Prediction of Incompliance With Business Goals With Business-Related Data and Context Data,2020,B,IEEE Access,v1:IEEE Access,10,10,1.0,,56082.0,544.0,13.0,NO_METRIC,NO_METRIC,,0.0,,,,,,,,,,,,,,,,,,,,,,
W3094439486,10.1007/s10664-021-09976-2,Topic recommendation for software repositories using multi-label classification algorithms,2021,A,Empirical Software Engineering,v1:Empirical Software Engineering,188,188,1.0,,88350.0,762.0,42.0,INCLUDED,INCLUDED,"Finally, using the data ablation study, we address our last research question.",27.0,no,,0.0,no,,0.0,yes,This also can be the reason for the low Precision score of the ML-based models because the ground truth is lacking some useful and correct topics.,30.0,no,,0.0,unclear,The interesting insight here is that both our proposed models (LR and DistilBERT-based classiﬁer) start from the same score for each metric and are almost always overlapping for all number of topics.,34.0,no,no,unclear,yes,unclear,yes,"2 Maliheh Izadi, Abbas Heydarnoori, Georgios Gousios use our models to develop an online tool named Repository Catalogue, that automatically predicts topics for GitHub repositories and is publicly available1 Keywords Topic Tag Recommendation · Multi-label Classiﬁcation · Recommender Systems · Mining Software Repositories · GitHub 1 Introduction Open-source software (OSS) communities provide a wide"
W3096397854,10.1016/j.dss.2020.113433,Automated mortgage origination delay detection from textual conversations,2020,A,Decision Support Systems,v1:Decision Support Systems,101,101,1.0,,,,,NO_FULLTEXT,,,,,,,,,,,,,,,,,,,,,,,,,
W3096808766,10.1016/j.dss.2020.113429,Bankruptcy prediction for SMEs using transactional data and two-stage multiobjective feature selection,2020,A,Decision Support Systems,v1:Decision Support Systems,101,101,1.0,,,,,NO_FULLTEXT,,,,,,,,,,,,,,,,,,,,,,,,,
W3097004242,10.48550/arxiv.2011.02819,Predictive Process Model Monitoring using Recurrent Neural Networks,2020,B,arXiv (Cornell University),v1:arXiv (Cornell University),15,15,1.0,,91689.0,745.0,44.0,NO_ABLATION,NO_ABLATION,,0.0,,,,,,,,,,,,,,,,,,,,,,
W3097594944,10.1016/j.dss.2020.113446,Predicting donation behavior: Acquisition modeling in the nonprofit sector using Facebook data,2020,A,Decision Support Systems,v1:Decision Support Systems,101,101,1.0,,88090.0,804.0,39.0,INCLUDED,INCLUDED,"Similarly, including features related to Facebook pages leads to an increase in AUC of 0.",26.0,unclear,Table 7 shows that the most important variable is strongly related to categories describing aspects of nightlife (e.,28.0,no,,0.0,no,,0.0,unclear,"The advantage of the AUC, in comparison with other performance measures, is that it does not depend on a specific threshold [13].",20.0,no,,0.0,unclear,no,no,unclear,no,no,
W3099273321,10.1016/j.is.2021.101876,The GDPR enforcement fines at glance,2021,A,Information Systems,v1:Information Systems,82,82,1.0,,68339.0,666.0,13.0,NO_METRIC,NO_METRIC,,0.0,,,,,,,,,,,,,,,,,,,,,,
W3109365691,10.1016/j.dss.2020.113452,A multivariate approach for multi-step demand forecasting in assembly industries: Empirical evidence from an automotive supply chain,2020,A,Decision Support Systems,v1:Decision Support Systems,101,101,1.0,,,,,NO_FULLTEXT,,,,,,,,,,,,,,,,,,,,,,,,,
W3110739847,10.48550/arxiv.2012.04218,Evaluating Explainable Methods for Predictive Process Analytics: A Functionally-Grounded Approach,2020,B,arXiv (Cornell University),v1:arXiv (Cornell University),15,15,1.0,,38739.0,279.0,15.0,INCLUDED,INCLUDED,"In particular, methods of testing ﬁdelity often apply ablation, in which the most inﬂuential features are removed from the input [2], or perturbing the data to eﬀect a semantically meaningless transformation to determine the limits of interpreter in withstanding meaningless change [5].",4.0,unclear,"When computing stability by subset, the features selected in each explanation are ranked based on the importance value attached to that feature, and the ten most inﬂuential features are chosen as the subset to be measured using Equation 1 (where k = 10 and k = 10).",7.0,no,,0.0,no,,0.0,no,,0.0,no,,0.0,yes,no,unclear,no,no,no,
W3111638657,10.1016/j.dss.2020.113470,Applying data driven decision making to rank vocational and educational training programs with TOPSIS,2020,A,Decision Support Systems,v1:Decision Support Systems,101,101,1.0,,51456.0,428.0,18.0,NO_METRIC,NO_METRIC,,0.0,,,,,,,,,,,,,,,,,,,,,,
W3111802031,10.1007/978-3-030-86797-3_47,A Framework of Business Process Monitoring and Prediction Techniques,2021,B,Lecture notes in information systems and organisation,v1:Lecture notes in information systems and organisation,1,1,1.0,,,,,NO_FULLTEXT,,,,,,,,,,,,,,,,,,,,,,,,,
W3118316820,10.1016/j.dss.2021.113492,Data engineering for fraud detection,2021,A,Decision Support Systems,v1:Decision Support Systems,101,101,1.0,,74525.0,614.0,62.0,INCLUDED,INCLUDED,Adding such features based on customer spending history may bring signiﬁcant increase in model performance.,34.0,unclear,p Authentication method Payment channel xfreq i xfreq2 i 1 1 01/07/2019 16:51 pin code web 0 0 2 1 01/07/2019 19:04 pin code web 1 1 3 1 01/07/2019 19:36 ﬁngerprint app 2 0 4 1 01/07/2019 23:31 pin code web 3 2 5 1 02/07/2019 17:48 ﬁngerprint app 3 1 6 1 02/07/2019 22:12 ﬁngerprint app 2 1 7 1 02/07,25.0,no,,0.0,no,,0.0,yes,HowActual legitimate Actual fraudulent (negative) yi = 0 (positive) yi = 1 Predicted as legitimate True negative False negative (negative) ˆyi = 0 [Ci(0|0) = 0] [Ci(0|1) = Ai] Predicted as fraudulent False positive True positive (positive) ˆyi = 1 [Ci(1|0) = cf] [Ci(1|1) = cf] Table 4: Cost matrix w,49.0,no,,0.0,unclear,no,no,yes,no,no,
W3118496513,10.1016/j.dss.2021.113494,Process data properties matter: Introducing gated convolutional neural networks (GCNN) and key-value-predict attention networks (KVP) for next event prediction with deep learning,2021,A,Decision Support Systems,v1:Decision Support Systems,101,101,1.0,,,,,NO_FULLTEXT,,,,,,,,,,,,,,,,,,,,,,,,,
W3119686444,10.1007/s10664-021-10024-2,A pragmatic approach for hyper-parameter tuning in search-based test case generation,2021,A,Empirical Software Engineering,v1:Empirical Software Engineering,188,188,1.0,,102687.0,942.0,41.0,NO_ABLATION,INCLUDED,,0.0,,,,,,,,,,,,,,,,,,,,,,
W3120665120,10.1016/j.dss.2020.113490,A strategic decision-making architecture toward hybrid teams for dynamic competitive problems,2021,A,Decision Support Systems,v1:Decision Support Systems,101,101,1.0,,,,,NO_FULLTEXT,,,,,,,,,,,,,,,,,,,,,,,,,
W3120925457,10.1007/s10664-020-09915-7,Empirical assessment of generating adversarial configurations for software product lines,2021,A,Empirical Software Engineering,v1:Empirical Software Engineering,188,188,1.0,,153689.0,1409.0,58.0,NO_ABLATION,INCLUDED,,0.0,,,,,,,,,,,,,,,,,,,,,,
W3121736031,10.1007/978-3-030-66498-5_24,Process Outcome Prediction: CNN vs. LSTM (with Attention),2020,B,Lecture notes in business information processing,v1:Lecture notes in business information processing,33,33,1.0,,30044.0,307.0,12.0,NO_METRIC,NO_METRIC,,0.0,,,,,,,,,,,,,,,,,,,,,,
W3122183613,10.1007/s10462-021-09960-8,A systematic literature review on state-of-the-art deep learning methods for process prediction,2021,B,Artificial Intelligence Review,v1:Artificial Intelligence Review,2,2,1.0,,90532.0,837.0,27.0,NO_ABLATION,INCLUDED,,0.0,,,,,,,,,,,,,,,,,,,,,,
W3123086775,10.1007/s10664-021-09982-4,Can Offline Testing of Deep Neural Networks Replace Their Online Testing?,2021,A,Empirical Software Engineering,v1:Empirical Software Engineering,188,188,1.0,,94597.0,765.0,30.0,NO_ABLATION,NO_ABLATION,,0.0,,,,,,,,,,,,,,,,,,,,,,
W3125685732,10.22456/2175-2745.106828,Business Process Models in the Context of Predictive Process Monitoring,2021,B,Revista de Informática Teórica e Aplicada,v1:Revista de Informática Teórica e Aplicada,1,1,1.0,,42677.0,463.0,8.0,NO_METRIC,NO_METRIC,,0.0,,,,,,,,,,,,,,,,,,,,,,
W3128951365,10.1016/j.dss.2021.113514,Making green power purchase agreements more predictable and reliable for companies,2021,A,Decision Support Systems,v1:Decision Support Systems,101,101,1.0,,89433.0,721.0,17.0,NO_METRIC,NO_METRIC,,0.0,,,,,,,,,,,,,,,,,,,,,,
W3129148558,10.1007/s10664-020-09898-5,Automatically recommending components for issue reports using deep learning,2021,A,Empirical Software Engineering,v1:Empirical Software Engineering,188,188,1.0,,,,,NO_FULLTEXT,,,,,,,,,,,,,,,,,,,,,,,,,
W3129927920,10.1007/s10664-020-09891-y,The Relation of Test-Related Factors to Software Quality: A Case Study on Apache Systems,2021,A,Empirical Software Engineering,v1:Empirical Software Engineering,188,188,1.0,,136229.0,1130.0,42.0,NO_ABLATION,NO_ABLATION,,0.0,,,,,,,,,,,,,,,,,,,,,,
W3130571284,10.1016/j.dss.2021.113523,Spline-rule ensemble classifiers with structured sparsity regularization for interpretable customer churn modeling,2021,A,Decision Support Systems,v1:Decision Support Systems,101,101,1.0,,,,,NO_FULLTEXT,,,,,,,,,,,,,,,,,,,,,,,,,
W3131470102,10.1016/j.im.2021.103445,Calling out fake online reviews through robust epistemic belief,2021,A,Information & Management,v1:Information & Management,20,20,1.0,,78168.0,783.0,45.0,NO_ABLATION,NO_ABLATION,,0.0,,,,,,,,,,,,,,,,,,,,,,
W3133466007,10.1016/j.dss.2021.113517,Box office sales and social media: A cross-platform comparison of predictive ability and mechanisms,2021,A,Decision Support Systems,v1:Decision Support Systems,101,101,1.0,,100596.0,917.0,35.0,INCLUDED,INCLUDED,"When comparing both platforms with and without UGC, Facebook models have signiﬁcantly better performance than Twitter models across all performance measures.",29.0,unclear,"release date UGC Val 58-59 Avg(SentReactions) Average sentiment of replies, retweets before the release date UGC Val 60-61 Avg(SentReactions1week) Average sentiment of replies, retweets 1week before the release date until the release date UGC Val 61-62 Avg(DailyReactions) Average number of daily rep",17.0,no,,0.0,no,,0.0,no,,0.0,no,,0.0,unclear,no,no,no,unclear,no,
W3135058693,10.1016/j.dss.2021.113539,Predicting employee absenteeism for cost effective interventions,2021,A,Decision Support Systems,v1:Decision Support Systems,101,101,1.0,,,,,NO_FULLTEXT,,,,,,,,,,,,,,,,,,,,,,,,,
W3135733620,10.1016/j.dss.2021.113541,A competing risks model based on latent Dirichlet Allocation for predicting churn reasons,2021,A,Decision Support Systems,v1:Decision Support Systems,101,101,1.0,,104888.0,790.0,16.0,NO_METRIC,NO_METRIC,,0.0,,,,,,,,,,,,,,,,,,,,,,
W3140537353,10.48550/arxiv.2104.00721,ProcessTransformer: Predictive Business Process Monitoring with Transformer Network,2021,B,arXiv (Cornell University),v1:arXiv (Cornell University),15,15,1.0,,45289.0,424.0,16.0,NO_ABLATION,INCLUDED,,0.0,,,,,,,,,,,,,,,,,,,,,,
W3140856385,10.1007/978-3-030-85347-1_13,Evaluating Predictive Business Process Monitoring Approaches on Small Event Logs,2021,B,Communications in computer and information science,v1:Communications in computer and information science,1,1,1.0,,,,,NO_FULLTEXT,,,,,,,,,,,,,,,,,,,,,,,,,
W3142154623,10.1007/s10664-021-09968-2,Embedding API dependency graph for neural code generation,2021,A,Empirical Software Engineering,v1:Empirical Software Engineering,188,188,1.0,,147983.0,1347.0,57.0,INCLUDED,INCLUDED,Extensive ablation tests show that the proposed ADG embedding is eﬀective and outperforms the baselines.,2.0,no,,0.0,no,,0.0,no,,0.0,no,,0.0,no,,0.0,no,no,no,no,no,yes,"1 Encoder The tokens w1, w2, · · · , wt in a textual program description sentence will be embedded into the vectors x1, x2, · · · , xt through a lookup table LUT ∈RV ×d, where V is the vocabulary size."
W3143362692,10.1016/j.is.2021.101766,"Scalable generalized median graph estimation and its manifold use in bioinformatics, clustering, classification, and indexing",2021,A,Information Systems,v1:Information Systems,82,82,1.0,,153485.0,1345.0,25.0,NO_METRIC,NO_METRIC,,0.0,,,,,,,,,,,,,,,,,,,,,,
W3144055537,10.48550/arxiv.2103.16654,A Systematic Literature Review on Process-Aware Recommender Systems,2021,B,arXiv (Cornell University),v1:arXiv (Cornell University),15,15,1.0,,99779.0,818.0,38.0,NO_METRIC,NO_METRIC,,0.0,,,,,,,,,,,,,,,,,,,,,,
W3147362533,10.1007/s10664-021-09944-w,Revisiting the VCCFinder approach for the identification of vulnerability-contributing commits,2021,A,Empirical Software Engineering,v1:Empirical Software Engineering,188,188,1.0,,80335.0,635.0,30.0,NO_ABLATION,INCLUDED,,0.0,,,,,,,,,,,,,,,,,,,,,,
W3149713727,10.1016/j.dss.2021.113556,Simpler is better: Lifting interpretability-performance trade-off via automated feature engineering,2021,A,Decision Support Systems,v1:Decision Support Systems,101,101,1.0,,,,,NO_FULLTEXT,,,,,,,,,,,,,,,,,,,,,,,,,
W3149836688,10.1007/s10664-023-10299-7,Does the first response matter for future contributions? A study of first contributions,2023,A,Empirical Software Engineering,v1:Empirical Software Engineering,188,188,1.0,,62410.0,565.0,25.0,NO_METRIC,NO_METRIC,,0.0,,,,,,,,,,,,,,,,,,,,,,
W3150137677,10.1007/s10664-022-10224-4,Exploring the relationship between performance metrics and cost saving potential of defect prediction models,2022,A,Empirical Software Engineering,v1:Empirical Software Engineering,188,188,1.0,,111504.0,922.0,38.0,NO_ABLATION,INCLUDED,,0.0,,,,,,,,,,,,,,,,,,,,,,
W3153009645,10.1016/j.dss.2021.113635,Visual analytics of set data for knowledge discovery and member selection support,2021,A,Decision Support Systems,v1:Decision Support Systems,101,101,1.0,,57094.0,471.0,27.0,NO_ABLATION,NO_ABLATION,,0.0,,,,,,,,,,,,,,,,,,,,,,
W3155271895,10.1016/j.is.2021.101787,Reuse-centric k -means configuration,2021,A,Information Systems,v1:Information Systems,82,82,1.0,,,,,NO_FULLTEXT,,,,,,,,,,,,,,,,,,,,,,,,,
W3155749121,10.1016/j.dss.2021.113577,Do President Trump's tweets affect financial markets?,2021,A,Decision Support Systems,v1:Decision Support Systems,101,101,1.0,,,,,NO_FULLTEXT,,,,,,,,,,,,,,,,,,,,,,,,,
W3157341372,10.1007/s10664-021-09977-1,Individual differences limit predicting well-being and productivity using software repositories: a longitudinal industrial study,2021,A,Empirical Software Engineering,v1:Empirical Software Engineering,188,188,1.0,,100335.0,826.0,30.0,NO_METRIC,NO_METRIC,,0.0,,,,,,,,,,,,,,,,,,,,,,
W3157562347,10.1007/s10664-020-09926-4,The nature of build changes,2021,A,Empirical Software Engineering,v1:Empirical Software Engineering,188,188,1.0,,164956.0,1573.0,53.0,NO_ABLATION,INCLUDED,,0.0,,,,,,,,,,,,,,,,,,,,,,
W3158436487,10.1007/978-3-030-89022-3_5,Process Model Forecasting Using Time Series Analysis of Event Sequence Data,2021,B,Lecture notes in computer science,v1:Lecture notes in computer science,12,12,1.0,,41707.0,354.0,14.0,NO_METRIC,NO_METRIC,,0.0,,,,,,,,,,,,,,,,,,,,,,
W3158906501,10.1016/j.dss.2021.113584,A prescriptive analytics framework for efficient E-commerce order delivery,2021,A,Decision Support Systems,v1:Decision Support Systems,101,101,1.0,,83075.0,746.0,13.0,NO_ABLATION,INCLUDED,,0.0,,,,,,,,,,,,,,,,,,,,,,
W3159006294,10.21203/rs.3.rs-260970/v1,Predicting Outcomes of Business Process Executions Based on LSTM Neural Networks and Attention Mechanism,2021,B,Research Square,v1:Research Square,2,2,1.0,,110406.0,878.0,33.0,NO_METRIC,NO_METRIC,,0.0,,,,,,,,,,,,,,,,,,,,,,
W3159353569,10.1016/j.dss.2021.113579,Session stitching using sequence fingerprinting for web page visits,2021,A,Decision Support Systems,v1:Decision Support Systems,101,101,1.0,,,,,NO_FULLTEXT,,,,,,,,,,,,,,,,,,,,,,,,,
W3161656032,10.1109/icpm53251.2021.9576853,Prescriptive Process Monitoring for Cost-Aware Cycle Time Reduction,2021,B,,v1:nan,16,16,1.0,,45040.0,395.0,8.0,NO_METRIC,NO_METRIC,,0.0,,,,,,,,,,,,,,,,,,,,,,
W3164396702,10.1016/j.is.2021.101807,The role of local dimensionality measures in benchmarking nearest neighbor search,2021,A,Information Systems,v1:Information Systems,82,82,1.0,,,,,NO_FULLTEXT,,,,,,,,,,,,,,,,,,,,,,,,,
W3165327389,10.1007/s10664-021-09955-7,Lessons Learnt on Reproducibility in Machine Learning Based Android Malware Detection,2021,A,Empirical Software Engineering,v1:Empirical Software Engineering,188,188,1.0,,154426.0,1160.0,53.0,INCLUDED,INCLUDED,"From the two Tables, we can notice that the Precision of original paper for all the experiments (with and without PCA) is higher in 23 out Table 7 Performance of MaMaDroid, as reported by original authors: (Onwuzurike et al.",16.0,unclear,"), and analysis failures in Soot (as summarised in Table 5) during the process of extracting the features, the 9https://play.",13.0,no,,0.0,no,,0.0,yes,"For example, while many evaluation scenarios consider an app to be malicious as long as it is flagged by any antivirus, some researchers define a threshold of n (with n > 1) antivirus agreements for considering a sample as malware.",4.0,no,,0.0,unclear,no,no,unclear,no,no,
W3166557239,10.1109/access.2021.3087172,Detecting Crowdsourcing Impasses,2021,B,IEEE Access,v1:IEEE Access,10,10,1.0,,56823.0,500.0,12.0,NO_ABLATION,NO_ABLATION,,0.0,,,,,,,,,,,,,,,,,,,,,,
W3167406762,10.1007/s10664-021-09978-0,Exposed! A case study on the vulnerability-proneness of Google Play Apps,2021,A,Empirical Software Engineering,v1:Empirical Software Engineering,188,188,1.0,,,,,NO_FULLTEXT,,,,,,,,,,,,,,,,,,,,,,,,,
W3169486253,10.1007/978-3-030-79108-7_4,Sensor Data Stream Selection and Aggregation for the Ex Post Discovery of Impact Factors on Process Outcomes,2021,B,Lecture notes in business information processing,v1:Lecture notes in business information processing,33,33,1.0,,22579.0,225.0,9.0,NO_METRIC,NO_METRIC,,0.0,,,,,,,,,,,,,,,,,,,,,,
W3171707163,10.1007/s10664-021-09972-6,Reliability of self-rated experience and confidence as predictors for students’ performance in software engineering,2021,A,Empirical Software Engineering,v1:Empirical Software Engineering,188,188,1.0,,123830.0,1096.0,41.0,NO_METRIC,NO_METRIC,,0.0,,,,,,,,,,,,,,,,,,,,,,
W3171984595,10.1145/3468877,Privacy and Confidentiality in Process Mining: Threats and Research Challenges,2021,B,ACM Transactions on Management Information Systems,v1:ACM Transactions on Management Information Systems,1,1,1.0,,61689.0,612.0,17.0,NO_METRIC,NO_METRIC,,0.0,,,,,,,,,,,,,,,,,,,,,,
W3176226112,10.1007/s10664-021-09984-2,Weighted software metrics aggregation and its application to defect prediction,2021,A,Empirical Software Engineering,v1:Empirical Software Engineering,188,188,1.0,,105460.0,944.0,34.0,NO_METRIC,NO_METRIC,,0.0,,,,,,,,,,,,,,,,,,,,,,
W3176556934,10.1016/j.im.2021.103501,Impact of enjoyment on the usage continuance intention of video-on-demand services,2021,A,Information & Management,v1:Information & Management,20,20,1.0,,78996.0,722.0,29.0,NO_METRIC,NO_METRIC,,0.0,,,,,,,,,,,,,,,,,,,,,,
W3179705199,10.13140/rg.2.2.16036.19848,Creating Unbiased Public Benchmark Datasets with Data Leakage Prevention for Predictive Process Monitoring,2021,B,arXiv (Cornell University),v1:arXiv (Cornell University),15,15,1.0,,27825.0,269.0,12.0,NO_METRIC,NO_METRIC,,0.0,,,,,,,,,,,,,,,,,,,,,,
W3181722895,10.1109/access.2021.3096513,A Machine Learning Based Approach for Recommending Unfamiliar Process Activities,2021,B,IEEE Access,v1:IEEE Access,10,10,1.0,,52035.0,388.0,11.0,NO_ABLATION,NO_ABLATION,,0.0,,,,,,,,,,,,,,,,,,,,,,
W3183583632,,Interpreting Process Predictions using a Milestone-Aware Counterfactual Approach,2021,B,arXiv (Cornell University),v1:arXiv (Cornell University),15,15,1.0,,,,,NO_FULLTEXT,,,,,,,,,,,,,,,,,,,,,,,,,
W3184174269,10.48550/arxiv.2107.09767,Explainable AI Enabled Inspection of Business Process Prediction Models,2021,B,arXiv (Cornell University),v1:arXiv (Cornell University),15,15,1.0,,38429.0,272.0,17.0,NO_METRIC,NO_METRIC,,0.0,,,,,,,,,,,,,,,,,,,,,,
W3185574546,10.1002/qre.2957,Predictive monitoring using machine learning algorithms and a real‐life example on schizophrenia,2021,B,Quality and Reliability Engineering International,v1:Quality and Reliability Engineering International,1,1,1.0,,,,,NO_FULLTEXT,,,,,,,,,,,,,,,,,,,,,,,,,
W3186154954,10.1016/j.dss.2021.113651,A text-mining based cyber-risk assessment and mitigation framework for critical analysis of online hacker forums,2021,A,Decision Support Systems,v1:Decision Support Systems,101,101,1.0,,82297.0,615.0,34.0,NO_ABLATION,NO_ABLATION,,0.0,,,,,,,,,,,,,,,,,,,,,,
W3186922658,10.1007/s10664-021-09967-3,Finding the sweet spot for organizational control and team autonomy in large-scale agile software development,2021,A,Empirical Software Engineering,v1:Empirical Software Engineering,188,188,1.0,,128165.0,852.0,41.0,NO_METRIC,NO_METRIC,,0.0,,,,,,,,,,,,,,,,,,,,,,
W3190848024,10.1016/j.is.2021.101866,Caught in a networked collusion? Homogeneity in conspiracy-related discussion networks on YouTube,2021,A,Information Systems,v1:Information Systems,82,82,1.0,,,,,NO_FULLTEXT,,,,,,,,,,,,,,,,,,,,,,,,,
W3193772290,10.1007/s10696-021-09430-x,AI for in-line vehicle sequence controlling: development and evaluation of an adaptive machine learning artifact to predict sequence deviations in a mixed-model production line,2021,B,Flexible Services and Manufacturing Journal,v1:Flexible Services and Manufacturing Journal,1,1,1.0,,118532.0,1017.0,39.0,INCLUDED,INCLUDED,"delayed Sampling No sampling Data quality 1,6% incomplete instances that were removed from the dataset Data preprocessing methods See Table 7 Feature engineering and vectorizing See Table 7 Performance estimation Parameter optimization Yes Search space See Table 12 Search algorithm Grid search Data ",32.0,unclear,"delayed Sampling No sampling Data quality 1,6% incomplete instances that were removed from the dataset Data preprocessing methods See Table 7 Feature engineering and vectorizing See Table 7 Performance estimation Parameter optimization Yes Search space See Table 12 Search algorithm Grid search Data ",32.0,no,,0.0,no,,0.0,yes,The AS/AR has a total capacity of 653 slots for models of the considered MMAL.,19.0,no,,0.0,unclear,no,no,unclear,no,no,
W3195687240,10.48550/arxiv.2105.01092,Process Model Forecasting Using Time Series Analysis of Event Sequence\n Data,2021,B,arXiv (Cornell University),v1:arXiv (Cornell University),15,15,1.0,,41707.0,354.0,14.0,NO_METRIC,NO_METRIC,,0.0,,,,,,,,,,,,,,,,,,,,,,
W3195843447,10.1016/j.dss.2021.113653,AI-based industrial full-service offerings: A model for payment structure selection considering predictive power,2021,A,Decision Support Systems,v1:Decision Support Systems,101,101,1.0,,,,,NO_FULLTEXT,,,,,,,,,,,,,,,,,,,,,,,,,
W3195958055,10.1007/s10664-021-09996-y,Predicting unstable software benchmarks using static source code features,2021,A,Empirical Software Engineering,v1:Empirical Software Engineering,188,188,1.0,,165031.0,1531.0,53.0,INCLUDED,INCLUDED,3 How does the prediction performance change when removing co-linear and multico-linear features and applying class-rebalancing?,3.0,unclear,Empir Software Eng (2021) 26: 11 Table 1 Source code features of our approach.,8.0,no,,0.0,no,,0.0,yes,"3 Binarization Threshold Binary classification requires transforming the benchmark variabilities of the 4,461 benchmarks, as computed by the variability measure, into two classes, i.",17.0,no,,0.0,unclear,no,no,unclear,unclear,no,
W3196523473,10.3390/info12090362,Dynamic Adaptation Method of Business Process Based on Hierarchical Feature Model,2021,B,Information,v1:Information,2,2,1.0,,,,,NO_FULLTEXT,,,,,,,,,,,,,,,,,,,,,,,,,
W3196981326,10.1007/s12599-021-00720-0,Opportunities and Challenges for Process Mining in Organizations: Results of a Delphi Study,2021,B,Business & Information Systems Engineering,v1:Business & Information Systems Engineering,7,7,1.0,,80744.0,609.0,17.0,NO_METRIC,NO_METRIC,,0.0,,,,,,,,,,,,,,,,,,,,,,
W3197963420,10.1016/j.knosys.2022.108773,Building interpretable models for business process prediction using shared and specialised attention mechanisms,2022,B,Knowledge-Based Systems,v1:Knowledge-Based Systems,2,2,1.0,,76647.0,589.0,40.0,NO_METRIC,NO_METRIC,,0.0,,,,,,,,,,,,,,,,,,,,,,
W3198188779,10.1007/978-3-030-98581-3_14,Prescriptive Process Monitoring Under Resource Constraints: A Causal Inference Approach,2022,B,Lecture notes in business information processing,v1:Lecture notes in business information processing,33,33,1.0,,36391.0,367.0,14.0,NO_METRIC,NO_METRIC,,0.0,,,,,,,,,,,,,,,,,,,,,,
W3198564768,10.1007/s10115-022-01666-9,How do I update my model? On the resilience of Predictive Process Monitoring models to change,2022,B,Knowledge and Information Systems,v1:Knowledge and Information Systems,6,6,1.0,,92382.0,709.0,39.0,INCLUDED,INCLUDED,"The evaluation focuses on the performance of the new learned predictive models, in terms of accuracy and time, against the original one, and uses a number of real and synthetic datasets with and without explicit Concept Drift.",1.0,no,,0.0,no,,0.0,no,,0.0,unclear,The ROC curve is a graphical plot that illustrates the diagnostic ability of a binary classifier system as its discrimination threshold is varied.,13.0,no,,0.0,no,no,yes,unclear,no,no,
W3200219929,10.1016/j.im.2021.103533,Absorbed in technology but digitally overloaded: Interplay effects on gig workers’ burnout and creativity,2021,A,Information & Management,v1:Information & Management,20,20,1.0,,,,,NO_FULLTEXT,,,,,,,,,,,,,,,,,,,,,,,,,
W3202138005,10.1109/icpm53251.2021.9576880,Towards Evidence-Based Analysis of Palliative Treatments for Stomach and Esophageal Cancer Patients: a Process Mining Approach,2021,B,,v1:nan,16,16,1.0,,48156.0,432.0,9.0,NO_METRIC,NO_METRIC,,0.0,,,,,,,,,,,,,,,,,,,,,,
W3202693769,10.1109/access.2021.3115759,Stability Metrics for Enhancing the Evaluation of Outcome-Based Business Process Predictive Monitoring,2021,B,IEEE Access,v1:IEEE Access,10,10,1.0,,,,,NO_FULLTEXT,,,,,,,,,,,,,,,,,,,,,,,,,
W3203269068,10.1109/tkde.2022.3232207,Process Discovery on Deviant Traces and Other Stranger Things,2022,B,IEEE Transactions on Knowledge and Data Engineering,v1:IEEE Transactions on Knowledge and Data Engineering,1,1,1.0,,82153.0,810.0,27.0,NO_ABLATION,INCLUDED,,0.0,,,,,,,,,,,,,,,,,,,,,,
W3203500186,10.1016/j.dss.2021.113669,Encoding resource experience for predictive process monitoring,2021,A,Decision Support Systems,v1:Decision Support Systems,101,101,1.0,,,,,NO_FULLTEXT,,,,,,,,,,,,,,,,,,,,,,,,,
W3204704933,,Design and Evaluation of Explainable Methods for Predictive Process Analytics.,2021,B,QUT ePrints (Queensland University of Technology),v1:QUT ePrints (Queensland University of Technology),1,1,1.0,,31282.0,213.0,11.0,NO_METRIC,NO_METRIC,,0.0,,,,,,,,,,,,,,,,,,,,,,
W3204750696,10.1007/s10664-023-10407-7,Which design decisions in AI-enabled mobile applications contribute to greener AI?,2023,A,Empirical Software Engineering,v1:Empirical Software Engineering,188,188,1.0,,98218.0,735.0,40.0,NO_METRIC,NO_METRIC,,0.0,,,,,,,,,,,,,,,,,,,,,,
W3204851646,10.1016/j.is.2021.101892,Fast and accurate quantitative business process analysis using feature complete queueing models,2021,A,Information Systems,v1:Information Systems,82,82,1.0,,87261.0,733.0,18.0,NO_ABLATION,NO_ABLATION,,0.0,,,,,,,,,,,,,,,,,,,,,,
W3210011952,10.1007/s10664-021-10035-z,Reviewing rounds prediction for code patches,2021,A,Empirical Software Engineering,v1:Empirical Software Engineering,188,188,1.0,,95247.0,801.0,40.0,NO_METRIC,NO_METRIC,,0.0,,,,,,,,,,,,,,,,,,,,,,
W3213259750,10.1007/s10664-021-10092-4,Problems with SZZ and features: An empirical study of the state of practice of defect prediction data collection,2022,A,Empirical Software Engineering,v1:Empirical Software Engineering,188,188,1.0,,170528.0,1583.0,49.0,NO_ABLATION,INCLUDED,,0.0,,,,,,,,,,,,,,,,,,,,,,
W3213266171,10.1007/s10664-023-10286-y,Machine learning-based test selection for simulation-based testing of self-driving cars software,2023,A,Empirical Software Engineering,v1:Empirical Software Engineering,188,188,1.0,,148987.0,1234.0,55.0,NO_ABLATION,INCLUDED,,0.0,,,,,,,,,,,,,,,,,,,,,,
W3216137074,10.1007/s10664-021-10063-9,Enjoy your observability: an industrial survey of microservice tracing and analysis,2021,A,Empirical Software Engineering,v1:Empirical Software Engineering,188,188,1.0,,,,,NO_FULLTEXT,,,,,,,,,,,,,,,,,,,,,,,,,
W3217325574,10.48550/arxiv.2111.12454,Exploring Business Process Deviance with Sequential and Declarative Patterns,2021,B,arXiv (Cornell University),v1:arXiv (Cornell University),15,15,1.0,,65387.0,456.0,33.0,NO_METRIC,NO_METRIC,,0.0,,,,,,,,,,,,,,,,,,,,,,
W4200001897,10.1016/j.is.2021.101955,Establishing trajectories of moving objects without identities: The intricacies of cell tracking and a solution,2021,A,Information Systems,v1:Information Systems,82,82,1.0,,,,,NO_FULLTEXT,,,,,,,,,,,,,,,,,,,,,,,,,
W4200151996,10.1016/j.is.2021.101957,Data pre-processing pipeline generation for AutoETL,2021,A,Information Systems,v1:Information Systems,82,82,1.0,,99045.0,770.0,28.0,INCLUDED,INCLUDED,"383 Next, only N appears as ﬁrst for RF and second best for KNN and NB, which means that 384 for many datasets, considering diﬀerent algorithms, it results better to apply only Normalization 385 without combining it with Feature Engineering.",13.0,no,,0.0,no,,0.0,no,,0.0,yes,"We provide an ini37 tial budget of 50 iterations for optimizing the hyper-parameters of the algorithms, and after the 50th 38 iteration, we ﬁx the algorithm conﬁguration to the best one achieved so far and start optimizing the pre39 processing pipeline2.",2.0,no,,0.0,unclear,no,no,unclear,no,yes,"Firstly, a catalog proposes a collection of prototypes (with an 760 ML algorithm as last step) based on the task and the dataset itself. || 765 However, AutoBazaar strictly depends on the catalog."
W4200448782,10.1007/s10664-021-10076-4,Using code reviews to automatically configure static analysis tools,2021,A,Empirical Software Engineering,v1:Empirical Software Engineering,188,188,1.0,,,,,NO_FULLTEXT,,,,,,,,,,,,,,,,,,,,,,,,,
W4200629917,10.1007/s10664-021-10106-1,From anecdote to evidence: the relationship between personality and need for cognition of developers,2022,A,Empirical Software Engineering,v1:Empirical Software Engineering,188,188,1.0,,,,,NO_FULLTEXT,,,,,,,,,,,,,,,,,,,,,,,,,
W4205602341,10.1016/j.dss.2022.113730,An explanatory machine learning framework for studying pandemics: The case of COVID-19 emergency department readmissions,2022,A,Decision Support Systems,v1:Decision Support Systems,101,101,1.0,,76627.0,612.0,13.0,NO_ABLATION,INCLUDED,,0.0,,,,,,,,,,,,,,,,,,,,,,
W4205621479,10.1007/s10664-021-10073-7,Smoke testing for machine learning: simple tests to discover severe bugs,2022,A,Empirical Software Engineering,v1:Empirical Software Engineering,188,188,1.0,,86672.0,776.0,30.0,NO_ABLATION,NO_ABLATION,,0.0,,,,,,,,,,,,,,,,,,,,,,
W4206142733,10.1007/s10664-021-10095-1,A comparative study and analysis of developer communications on Slack and Gitter,2022,A,Empirical Software Engineering,v1:Empirical Software Engineering,188,188,1.0,,,,,NO_FULLTEXT,,,,,,,,,,,,,,,,,,,,,,,,,
W4206162339,10.1007/s10664-021-10088-0,Modeling Performance of Microservices Systems with Growth Theory,2022,A,Empirical Software Engineering,v1:Empirical Software Engineering,188,188,1.0,,119601.0,908.0,44.0,NO_ABLATION,NO_ABLATION,,0.0,,,,,,,,,,,,,,,,,,,,,,
W4206264714,10.1016/j.dss.2021.113718,A deep recurrent neural network approach to learn sequence similarities for user-identification,2022,A,Decision Support Systems,v1:Decision Support Systems,101,101,1.0,,,,,NO_FULLTEXT,,,,,,,,,,,,,,,,,,,,,,,,,
W4206583545,10.1016/j.dss.2021.113728,Fraudulent review detection model focusing on emotional expressions and explicit aspects: investigating the potential of feature engineering,2022,A,Decision Support Systems,v1:Decision Support Systems,101,101,1.0,,85173.0,565.0,38.0,INCLUDED,INCLUDED,"algorithm Review Gap Review Count Irrelevant characters removing Rating Entropy Rating Deviation Time of Review Text data Pre-processing on Yelp Data set Rules-based classification models (based on list of features) to identify the opinion spammers, who contribute the most fake reviews in entire dat",9.0,unclear,"643 To further validate our next hypothesis (H2), Table 8 results show the performance of top five ML models developed using all features (review- and reviewer-centric) and reviewcentric features, and Table 10 shows the t-test results comparing the accuracy of the top five ML classifiers when combin",27.0,no,,0.0,no,,0.0,unclear,We then take the average performance of the particular ML model on each partition and use it to measure the average F-1 score and AUC with the best threshold or hyper parameter for all runs.,24.0,no,,0.0,unclear,no,no,unclear,no,no,
W4207018882,10.1007/s10664-021-10102-5,Uniform and scalable sampling of highly configurable systems,2022,A,Empirical Software Engineering,v1:Empirical Software Engineering,188,188,1.0,,100321.0,846.0,34.0,NO_METRIC,NO_METRIC,,0.0,,,,,,,,,,,,,,,,,,,,,,
W4210761353,10.1016/j.dss.2022.113747,Improving decision making in the management of hospital readmissions using modern survival analysis techniques,2022,A,Decision Support Systems,v1:Decision Support Systems,101,101,1.0,,69613.0,450.0,35.0,NO_METRIC,NO_METRIC,,0.0,,,,,,,,,,,,,,,,,,,,,,
W4210977175,10.1016/j.dss.2022.113752,Impact of information timeliness and richness on public engagement on social media during COVID-19 pandemic: An empirical investigation based on NLP and machine learning,2022,A,Decision Support Systems,v1:Decision Support Systems,101,101,1.0,,,,,NO_FULLTEXT,,,,,,,,,,,,,,,,,,,,,,,,,
W4213172184,10.1007/978-3-030-95947-0_28,Counterfactual Explanations for Predictive Business Process Monitoring,2022,B,Lecture notes in business information processing,v1:Lecture notes in business information processing,33,33,1.0,,40132.0,383.0,14.0,NO_ABLATION,NO_ABLATION,,0.0,,,,,,,,,,,,,,,,,,,,,,
W4214741785,10.1007/s10664-021-10070-w,TraceSim: An Alignment Method for Computing Stack Trace Similarity,2022,A,Empirical Software Engineering,v1:Empirical Software Engineering,188,188,1.0,,114494.0,1071.0,48.0,NO_METRIC,NO_METRIC,,0.0,,,,,,,,,,,,,,,,,,,,,,
W4220684740,10.1007/s12599-022-00749-9,Semi-Supervised Discovery of DNN-Based Outcome Predictors from Scarcely-Labeled Process Logs,2022,B,Business & Information Systems Engineering,v1:Business & Information Systems Engineering,7,7,1.0,,101578.0,742.0,21.0,NO_ABLATION,INCLUDED,,0.0,,,,,,,,,,,,,,,,,,,,,,
W4220826582,10.1007/s10664-022-10116-7,Search-based fairness testing for regression-based machine learning systems,2022,A,Empirical Software Engineering,v1:Empirical Software Engineering,188,188,1.0,,114040.0,862.0,36.0,NO_METRIC,NO_METRIC,,0.0,,,,,,,,,,,,,,,,,,,,,,
W4221005884,10.1007/s10664-021-10110-5,Crowdsmelling: A preliminary study on using collective knowledge in code smells detection,2022,A,Empirical Software Engineering,v1:Empirical Software Engineering,188,188,1.0,,74092.0,660.0,25.0,NO_ABLATION,NO_ABLATION,,0.0,,,,,,,,,,,,,,,,,,,,,,
W4221035697,10.1016/j.dss.2022.113768,Growing pains and blessings: Manifestations and implications of equity crowdfunding industry maturation,2022,A,Decision Support Systems,v1:Decision Support Systems,101,101,1.0,,,,,NO_FULLTEXT,,,,,,,,,,,,,,,,,,,,,,,,,
W4221051771,10.1007/s10664-022-10126-5,On the adequacy of static analysis warnings with respect to code smell prediction,2022,A,Empirical Software Engineering,v1:Empirical Software Engineering,188,188,1.0,,124077.0,1020.0,44.0,INCLUDED,INCLUDED,"In particular, we exploited the output of the Gain Information algorithm—used in the context of RQ2—to discard irrelevant features that could bias the interpretation of the models (Tantithamthavorn and Hassan 2018): we did that by excluding the features not providing any information gain.",14.0,yes,"Hence, we decided to devise a baseline machine learning technique that uses code metrics as predictors.",16.0,no,,0.0,no,,0.0,yes,"As such, our choice made the findings more reliable—we did not include in our ground-truth false positives and negatives—at the cost of having less systems analyzed: we are aware of this possible limitation and we plan indeed to conduct larger-scale analyses as part of our future research agenda.",37.0,no,,0.0,no,no,no,unclear,no,no,
W4221145890,10.1007/s10664-022-10166-x,Development effort estimation in free/open source software from activity in version control systems,2022,A,Empirical Software Engineering,v1:Empirical Software Engineering,188,188,1.0,,98868.0,730.0,37.0,NO_METRIC,NO_METRIC,,0.0,,,,,,,,,,,,,,,,,,,,,,
W4221164236,10.1007/978-3-031-05760-1_15,The Analysis of Online Event Streams: Predicting the Next Activity for Anomaly Detection,2022,B,Lecture notes in business information processing,v1:Lecture notes in business information processing,33,33,1.0,,41262.0,404.0,16.0,NO_METRIC,NO_METRIC,,0.0,,,,,,,,,,,,,,,,,,,,,,
W4223983178,10.1007/s10664-021-10075-5,What happens in my code reviews? An investigation on automatically classifying review changes,2022,A,Empirical Software Engineering,v1:Empirical Software Engineering,188,188,1.0,,114908.0,958.0,43.0,INCLUDED,INCLUDED,"To mitigate this bias, we applied the following techniques: (1) We performed features selection, evaluating the contribution of each feature both in terms of gain ratio and Pearson’s correlation with the class to be predicted; (2) We oversampled the minority class using SMOTE, applying it only on th",36.0,yes,This leads us to exclude the following features from our model: method word (corr.,20.0,no,,0.0,no,,0.0,yes,"(Elkan 2001): we assigned different cost weights to false positive and negatives of functional instances, thus testing the model with different cost matrix configurations.",23.0,no,,0.0,unclear,no,no,yes,no,no,
W4224992801,10.1016/j.dss.2022.113799,A critical assessment of consumer reviews: A hybrid NLP-based methodology,2022,A,Decision Support Systems,v1:Decision Support Systems,101,101,1.0,,78640.0,642.0,35.0,NO_METRIC,NO_METRIC,,0.0,,,,,,,,,,,,,,,,,,,,,,
W4225709018,10.1007/978-3-030-98581-3_12,Event Log Sampling for Predictive Monitoring,2022,B,Lecture notes in business information processing,v1:Lecture notes in business information processing,33,33,1.0,,39454.0,407.0,13.0,NO_ABLATION,NO_ABLATION,,0.0,,,,,,,,,,,,,,,,,,,,,,
W4225832919,10.1007/978-3-030-94343-1_2,Creating Unbiased Public Benchmark Datasets with Data Leakage Prevention for Predictive Process Monitoring,2022,B,Lecture notes in business information processing,v1:Lecture notes in business information processing,33,33,1.0,,28123.0,268.0,12.0,NO_METRIC,NO_METRIC,,0.0,,,,,,,,,,,,,,,,,,,,,,
W4225985120,10.1007/978-3-030-98581-3_23,Patient Discharge Classification Based on the Hospital Treatment Process,2022,B,Lecture notes in business information processing,v1:Lecture notes in business information processing,33,33,1.0,,32929.0,282.0,13.0,NO_ABLATION,NO_ABLATION,,0.0,,,,,,,,,,,,,,,,,,,,,,
W4226047899,10.1007/978-3-030-98581-3_15,Quantifying Explainability in Outcome-Oriented Predictive Process Monitoring,2022,B,Lecture notes in business information processing,v1:Lecture notes in business information processing,33,33,1.0,,35113.0,281.0,13.0,NO_METRIC,NO_METRIC,,0.0,,,,,,,,,,,,,,,,,,,,,,
W4226064336,10.1007/978-3-030-98581-3_18,Continuous Performance Evaluation for Business Process Outcome Monitoring,2022,B,Lecture notes in business information processing,v1:Lecture notes in business information processing,33,33,1.0,,30640.0,256.0,13.0,NO_METRIC,NO_METRIC,,0.0,,,,,,,,,,,,,,,,,,,,,,
W4226066227,10.1007/978-3-030-98581-3_13,Active Anomaly Detection for Key Item Selection in Process Auditing,2022,B,Lecture notes in business information processing,v1:Lecture notes in business information processing,33,33,1.0,,33820.0,318.0,13.0,NO_METRIC,NO_METRIC,,0.0,,,,,,,,,,,,,,,,,,,,,,
W4226203778,10.1007/s10664-022-10128-3,Identifying self-admitted technical debt in issue tracking systems using machine learning,2022,A,Empirical Software Engineering,v1:Empirical Software Engineering,188,188,1.0,,106360.0,861.0,37.0,NO_ABLATION,NO_ABLATION,,0.0,,,,,,,,,,,,,,,,,,,,,,
W4226305259,10.1007/978-3-030-98581-3_16,Online Prediction of Aggregated Retailer Consumer Behaviour,2022,B,Lecture notes in business information processing,v1:Lecture notes in business information processing,33,33,1.0,,33457.0,371.0,13.0,NO_METRIC,NO_METRIC,,0.0,,,,,,,,,,,,,,,,,,,,,,
W4226370069,10.2139/ssrn.4080238,Three Lines 4.0 - Predictive Process Monitoring for Internal Audit,2022,B,SSRN Electronic Journal,v1:SSRN Electronic Journal,8,8,1.0,,,,,NO_FULLTEXT,,,,,,,,,,,,,,,,,,,,,,,,,
W4226400456,10.2139/ssrn.4069688,Leveraging an Advanced Heterogeneous Ensemble Learning for Outcome-Based Predictive Monitoring Using Business Process Event Logs,2022,B,SSRN Electronic Journal,v1:SSRN Electronic Journal,8,8,1.0,,,,,NO_FULLTEXT,,,,,,,,,,,,,,,,,,,,,,,,,
W4229035469,10.1016/j.dss.2022.113798,Data misrepresentation detection for insurance underwriting fraud prevention,2022,A,Decision Support Systems,v1:Decision Support Systems,101,101,1.0,,62671.0,439.0,31.0,NO_METRIC,NO_METRIC,,0.0,,,,,,,,,,,,,,,,,,,,,,
W4229333924,10.3390/electronics11091509,Business Process Outcome Prediction Based on Deep Latent Factor Model,2022,B,Electronics,v1:Electronics,4,4,1.0,,,,,NO_FULLTEXT,,,,,,,,,,,,,,,,,,,,,,,,,
W4254004495,10.18178/wcse.2019.03.028,Attention Based LSTM with Multi Tasks Learning for Predictive Process Monitoring,2019,B,Proceedings of 2019 the 9th International Workshop on Computer Science and Engineering,v1:Proceedings of 2019 the 9th International Workshop on Computer Science and Engineering,1,1,1.0,,19572.0,138.0,6.0,NO_METRIC,NO_METRIC,,0.0,,,,,,,,,,,,,,,,,,,,,,
W4281264152,10.3390/a15050173,Integrating Process Mining with Discrete-Event Simulation for Dynamic Productivity Estimation in Heavy Civil Construction Operations,2022,B,Algorithms,v1:Algorithms,3,3,1.0,,,,,NO_FULLTEXT,,,,,,,,,,,,,,,,,,,,,,,,,
W4281569614,10.1016/j.dss.2022.113814,Financial distress prediction using integrated Z-score and multilayer perceptron neural networks,2022,A,Decision Support Systems,v1:Decision Support Systems,101,101,1.0,,,,,NO_FULLTEXT,,,,,,,,,,,,,,,,,,,,,,,,,
W4281700903,10.1007/s10664-022-10130-9,Quality gatekeepers: investigating the effects of code review bots on pull request activities,2022,A,Empirical Software Engineering,v1:Empirical Software Engineering,188,188,1.0,,105555.0,848.0,36.0,NO_METRIC,NO_METRIC,,0.0,,,,,,,,,,,,,,,,,,,,,,
W4281783878,10.1007/s10664-022-10137-2,How do Android developers improve non-functional properties of software?,2022,A,Empirical Software Engineering,v1:Empirical Software Engineering,188,188,1.0,,112356.0,1047.0,42.0,NO_ABLATION,NO_ABLATION,,0.0,,,,,,,,,,,,,,,,,,,,,,
W4281897214,10.3390/a15060187,Exploring the Suitability of Rule-Based Classification to Provide Interpretability in Outcome-Based Process Predictive Monitoring,2022,B,Algorithms,v1:Algorithms,3,3,1.0,,,,,NO_FULLTEXT,,,,,,,,,,,,,,,,,,,,,,,,,
W4281934010,10.3390/a15060199,XAI in the Context of Predictive Process Monitoring: An Empirical Analysis Framework,2022,B,Algorithms,v1:Algorithms,3,3,1.0,,,,,NO_FULLTEXT,,,,,,,,,,,,,,,,,,,,,,,,,
W4284710815,10.3390/electronics11142128,RETRACTED: Convolutional Neural Networks in Process Mining and Data Analytics for Prediction Accuracy,2022,B,Electronics,v1:Electronics,4,4,1.0,,,,,NO_FULLTEXT,,,,,,,,,,,,,,,,,,,,,,,,,
W4284881265,10.1016/j.im.2022.103682,Identification of Travel Styles by Learning from Consumer-generated Images in Online Travel Communities,2022,A,Information & Management,v1:Information & Management,20,20,1.0,,,,,NO_FULLTEXT,,,,,,,,,,,,,,,,,,,,,,,,,
W4285280214,10.1007/978-3-031-08848-3_10,Predictive Process Monitoring,2022,B,Lecture notes in business information processing,v1:Lecture notes in business information processing,33,33,1.0,,68576.0,668.0,27.0,NO_METRIC,NO_METRIC,,0.0,,,,,,,,,,,,,,,,,,,,,,
W4285297897,10.1007/978-3-031-05760-1_16,Process Mining: A Guide for Practitioners,2022,B,Lecture notes in business information processing,v1:Lecture notes in business information processing,33,33,1.0,,52928.0,543.0,18.0,NO_METRIC,NO_METRIC,,0.0,,,,,,,,,,,,,,,,,,,,,,
W4286217255,10.1007/s10723-022-09613-2,Conformance-oriented Predictive Process Monitoring in BPaaS Based on Combination of Neural Networks,2022,B,Journal of Grid Computing,v1:Journal of Grid Computing,1,1,1.0,,106342.0,779.0,27.0,NO_METRIC,NO_METRIC,,0.0,,,,,,,,,,,,,,,,,,,,,,
W4286716257,10.1007/s10664-022-10120-x,An empirical study of issue-link algorithms: which issue-link algorithms should we use?,2022,A,Empirical Software Engineering,v1:Empirical Software Engineering,188,188,1.0,,146943.0,1535.0,50.0,NO_ABLATION,INCLUDED,,0.0,,,,,,,,,,,,,,,,,,,,,,
W4289977462,10.1007/s10664-021-10107-0,Styler: learning formatting conventions to repair Checkstyle violations,2022,A,Empirical Software Engineering,v1:Empirical Software Engineering,188,188,1.0,,102247.0,858.0,36.0,NO_METRIC,NO_METRIC,,0.0,,,,,,,,,,,,,,,,,,,,,,
W4289978713,10.1007/s10664-022-10186-7,On effort-aware metrics for defect prediction,2022,A,Empirical Software Engineering,v1:Empirical Software Engineering,188,188,1.0,,114582.0,1194.0,38.0,NO_METRIC,NO_METRIC,,0.0,,,,,,,,,,,,,,,,,,,,,,
W4291744154,10.3390/electronics11162548,Leveraging a Heterogeneous Ensemble Learning for Outcome-Based Predictive Monitoring Using Business Process Event Logs,2022,B,Electronics,v1:Electronics,4,4,1.0,,,,,NO_FULLTEXT,,,,,,,,,,,,,,,,,,,,,,,,,
W4292291625,10.3390/app12168192,Explainability of Predictive Process Monitoring Results: Can You See My Data Issues?,2022,B,Applied Sciences,v1:Applied Sciences,2,2,1.0,,,,,NO_FULLTEXT,,,,,,,,,,,,,,,,,,,,,,,,,
W4293100964,10.1007/s10994-022-06152-5,A comparison of proximity-based methods for detecting temporal anomalies in business processes,2022,B,Machine Learning,v1:Machine Learning,2,2,1.0,,69090.0,600.0,28.0,NO_ABLATION,NO_ABLATION,,0.0,,,,,,,,,,,,,,,,,,,,,,
W4294192778,10.1016/j.dss.2022.113866,CATCHM: A novel network-based credit card fraud detection method using node representation learning,2022,A,Decision Support Systems,v1:Decision Support Systems,101,101,1.0,,68215.0,559.0,35.0,INCLUDED,INCLUDED,All techniques outperformed the baseline both with and without RFM features.,26.0,no,,0.0,no,,0.0,no,,0.0,yes,"A threshold-dependent metric suitable for fraud detection is the F1 score, which is the harmonic mean of precision and recall (see Equation 3).",20.0,no,,0.0,unclear,no,unclear,yes,no,no,
W4294816518,10.1007/978-3-031-16171-1_13,When to Intervene? Prescriptive Process Monitoring Under Uncertainty and Resource Constraints,2022,B,Lecture notes in business information processing,v1:Lecture notes in business information processing,33,33,1.0,,46370.0,452.0,17.0,NO_METRIC,NO_METRIC,,0.0,,,,,,,,,,,,,,,,,,,,,,
W4296311716,10.1016/j.is.2022.102123,A meta-learning configuration framework for graph-based similarity search indexes,2022,A,Information Systems,v1:Information Systems,82,82,1.0,,121482.0,1026.0,28.0,INCLUDED,INCLUDED,"Either for only adding meta-features or for only adding meta-instances from new datasets, the improvement in the R2 score is evident.",20.0,unclear,Table 1 Summary of the attributes composing the meta-dataset built in this work.,9.0,no,,0.0,yes,"For recall, the meta-models using Pearson and RF achieved almost the same performance because most of the selected meta-features were the same while the results were wretched using PCA.",20.0,unclear,"The Range query is defined as Rq(δ, sq, ξ) = {si ∈S|δ(sq, si) ≤ξ}, where S ⊆S is a dataset in complex data domain S, sq ∈S is a reference (or query) element, δ is a distance function defined in S, and ξ ∈R+ is a distance threshold.",3.0,no,,0.0,no,no,no,unclear,no,yes,The core contribution is based on the premise that it is possible to learn the relation between dataset characteristics and indexing method parameters and search performance achieved by nearest neighbor algorithms using a knowledge base of similarity retrieval experimental results.
W4296483261,10.1007/s10664-022-10197-4,Learning from what we know: How to perform vulnerability prediction using noisy historical data,2022,A,Empirical Software Engineering,v1:Empirical Software Engineering,188,188,1.0,,86697.0,743.0,30.0,NO_ABLATION,NO_ABLATION,,0.0,,,,,,,,,,,,,,,,,,,,,,
W4297254899,10.1007/s10664-022-10215-5,FindICI: Using machine learning to detect linguistic inconsistencies between code and natural language descriptions in infrastructure-as-code,2022,A,Empirical Software Engineering,v1:Empirical Software Engineering,188,188,1.0,,77739.0,604.0,30.0,NO_METRIC,NO_METRIC,,0.0,,,,,,,,,,,,,,,,,,,,,,
W4297421532,10.1007/s10664-022-10192-9,Story points changes in agile iterative development,2022,A,Empirical Software Engineering,v1:Empirical Software Engineering,188,188,1.0,,155563.0,1283.0,55.0,NO_METRIC,NO_METRIC,,0.0,,,,,,,,,,,,,,,,,,,,,,
W4297535508,10.1016/j.dss.2022.113879,The role of web browsing in credit risk prediction,2022,A,Decision Support Systems,v1:Decision Support Systems,101,101,1.0,,,,,NO_FULLTEXT,,,,,,,,,,,,,,,,,,,,,,,,,
W4298156377,10.1007/s10664-022-10227-1,Static test flakiness prediction: How Far Can We Go?,2022,A,Empirical Software Engineering,v1:Empirical Software Engineering,188,188,1.0,,141085.0,1133.0,44.0,NO_ABLATION,INCLUDED,,0.0,,,,,,,,,,,,,,,,,,,,,,
W4298156561,10.1007/s10664-022-10164-z,"A machine and deep learning analysis among SonarQube rules, product, and process metrics for fault prediction",2022,A,Empirical Software Engineering,v1:Empirical Software Engineering,188,188,1.0,,134148.0,1049.0,57.0,NO_ABLATION,INCLUDED,,0.0,,,,,,,,,,,,,,,,,,,,,,
W4298325204,10.48550/arxiv.2109.03501,How do I update my model? On the resilience of Predictive Process Monitoring models to change,2021,B,arXiv (Cornell University),v1:arXiv (Cornell University),15,15,1.0,,,,,NO_FULLTEXT,,,,,,,,,,,,,,,,,,,,,,,,,
W4298630190,10.1007/s10664-022-10199-2,Comparing ϕ and the F-measure as performance metrics for software-related classifications,2022,A,Empirical Software Engineering,v1:Empirical Software Engineering,188,188,1.0,,93855.0,765.0,39.0,NO_ABLATION,NO_ABLATION,,0.0,,,,,,,,,,,,,,,,,,,,,,
W4307055605,10.1016/j.dss.2022.113891,Removing order effects from human-classified datasets: A machine learning method to improve decision making systems,2022,A,Decision Support Systems,v1:Decision Support Systems,101,101,1.0,,,,,NO_FULLTEXT,,,,,,,,,,,,,,,,,,,,,,,,,
W4308072150,10.1016/j.dss.2022.113892,When machines trade on corporate disclosures: Using text analytics for investment strategies,2022,A,Decision Support Systems,v1:Decision Support Systems,101,101,1.0,,,,,NO_FULLTEXT,,,,,,,,,,,,,,,,,,,,,,,,,
W4308115903,10.1007/s10115-022-01777-3,Partial-order-based process mining: a survey and outlook,2022,B,Knowledge and Information Systems,v1:Knowledge and Information Systems,6,6,1.0,,90437.0,886.0,29.0,NO_METRIC,NO_METRIC,,0.0,,,,,,,,,,,,,,,,,,,,,,
W4308518385,10.1007/s10664-022-10243-1,Evaluating classifiers in SE research: the ECSER pipeline and two replication studies,2022,A,Empirical Software Engineering,v1:Empirical Software Engineering,188,188,1.0,,120287.0,961.0,40.0,NO_ABLATION,INCLUDED,,0.0,,,,,,,,,,,,,,,,,,,,,,
W4309389067,10.1007/s10664-022-10229-z,Workflow analysis of data science code in public GitHub repositories,2022,A,Empirical Software Engineering,v1:Empirical Software Engineering,188,188,1.0,,126502.0,1111.0,47.0,INCLUDED,INCLUDED,"html 13For feature ablation study, we utilise the validation set as training samples as well.",22.0,unclear,71 2501 Results: Table 11 shows the performance over different sizes of feature vector.,29.0,no,,0.0,yes,"Since we use a total of ten classification labels in multi-label classification, we expected the subset accuracy to be less as it is a harsh metric.",26.0,unclear,"Using a trial, we set the threshold for document frequency at a maximum of 0.",22.0,no,,0.0,yes,no,no,unclear,unclear,no,
W4309475896,10.1016/j.dss.2022.113898,Knowledge contributions in design science research: Paths of knowledge types,2022,A,Decision Support Systems,v1:Decision Support Systems,101,101,1.0,,148924.0,992.0,62.0,NO_METRIC,NO_METRIC,,0.0,,,,,,,,,,,,,,,,,,,,,,
W4309632567,10.1016/j.dss.2022.113899,Improving triaging from primary care into secondary care using heterogeneous data-driven hybrid machine learning,2022,A,Decision Support Systems,v1:Decision Support Systems,101,101,1.0,,78751.0,589.0,15.0,NO_METRIC,NO_METRIC,,0.0,,,,,,,,,,,,,,,,,,,,,,
W4309896433,10.1007/s10664-022-10242-2,Automatic prediction of rejected edits in Stack Overflow,2022,A,Empirical Software Engineering,v1:Empirical Software Engineering,188,188,1.0,,,,,NO_FULLTEXT,,,,,,,,,,,,,,,,,,,,,,,,,
W4311485938,10.1109/icpm57379.2022.9980737,Encoding High-Level Control-Flow Construct Information for Process Outcome Prediction,2022,B,,v1:nan,16,16,1.0,,48179.0,433.0,9.0,NO_METRIC,NO_METRIC,,0.0,,,,,,,,,,,,,,,,,,,,,,
W4311731479,10.1109/icpm57379.2022.9980785,Towards next-location prediction for process executions,2022,B,,v1:nan,16,16,1.0,,,,,NO_FULLTEXT,,,,,,,,,,,,,,,,,,,,,,,,,
W4311734044,10.1109/icpm57379.2022.9980753,Assessing the Robustness in Predictive Process Monitoring through Adversarial Attacks,2022,B,,v1:nan,16,16,1.0,,,,,NO_FULLTEXT,,,,,,,,,,,,,,,,,,,,,,,,,
W4312205020,10.1007/s10664-022-10249-9,Assessing the opportunity of combining state-of-the-art Android malware detectors,2022,A,Empirical Software Engineering,v1:Empirical Software Engineering,188,188,1.0,,105872.0,743.0,42.0,NO_METRIC,NO_METRIC,,0.0,,,,,,,,,,,,,,,,,,,,,,
W4312208416,10.1016/j.is.2022.102162,A quantitative approach for the comparison of additive local explanation methods,2022,A,Information Systems,v1:Information Systems,82,82,1.0,,79358.0,601.0,48.0,NO_METRIC,NO_METRIC,,0.0,,,,,,,,,,,,,,,,,,,,,,
W4312452087,10.1109/tcss.2022.3220262,Improving Predictive Process Monitoring Through Reachability Graph-Based Masking of Neural Networks,2022,B,IEEE Transactions on Computational Social Systems,v1:IEEE Transactions on Computational Social Systems,1,1,1.0,,,,,NO_FULLTEXT,,,,,,,,,,,,,,,,,,,,,,,,,
W4313426527,10.1007/s10844-022-00770-0,Model-based decision support for knowledge-intensive processes,2022,B,Journal of Intelligent Information Systems,v1:Journal of Intelligent Information Systems,6,6,1.0,,63437.0,704.0,23.0,NO_METRIC,NO_METRIC,,0.0,,,,,,,,,,,,,,,,,,,,,,
W4313573029,10.1016/j.compind.2022.103837,The biggest business process management problems to solve before we die,2023,B,Computers in Industry,v1:Computers in Industry,1,1,1.0,,67614.0,546.0,14.0,NO_METRIC,NO_METRIC,,0.0,,,,,,,,,,,,,,,,,,,,,,
W4313594424,10.1016/j.dss.2022.113916,TEA-IS: A hybrid DEA-TOPSIS approach for assessing performance and synergy in Chinese health care,2023,A,Decision Support Systems,v1:Decision Support Systems,101,101,1.0,,,,,NO_FULLTEXT,,,,,,,,,,,,,,,,,,,,,,,,,
W4317505921,10.1007/s10664-022-10250-2,Mastering uncertainty in performance estimations of configurable software systems,2023,A,Empirical Software Engineering,v1:Empirical Software Engineering,188,188,1.0,,117389.0,908.0,49.0,NO_METRIC,NO_METRIC,,0.0,,,,,,,,,,,,,,,,,,,,,,
W4317838279,10.1007/s10664-022-10273-9,Differential testing for machine learning: an analysis for classification algorithms beyond deep learning,2023,A,Empirical Software Engineering,v1:Empirical Software Engineering,188,188,1.0,,91516.0,745.0,38.0,NO_METRIC,NO_METRIC,,0.0,,,,,,,,,,,,,,,,,,,,,,
W4318035544,10.1016/j.datak.2023.102145,Process model forecasting and change exploration using time series analysis of event sequence data,2023,B,Data & Knowledge Engineering,v1:Data & Knowledge Engineering,2,2,1.0,,76967.0,545.0,17.0,NO_METRIC,NO_METRIC,,0.0,,,,,,,,,,,,,,,,,,,,,,
W4318618333,10.1007/s10664-022-10261-z,Enhancing the defectiveness prediction of methods and classes via JIT,2023,A,Empirical Software Engineering,v1:Empirical Software Engineering,188,188,1.0,,100923.0,956.0,43.0,NO_ABLATION,INCLUDED,,0.0,,,,,,,,,,,,,,,,,,,,,,
W4318822511,10.1016/j.im.2023.103759,Will they take this offer? A machine learning price elasticity model for predicting upselling acceptance of premium airline seating,2023,A,Information & Management,v1:Information & Management,20,20,1.0,,96992.0,890.0,13.0,INCLUDED,INCLUDED,"However, in our initial trials, naïvely including such attributes sparsified the segmentation and reduced the accuracy.",7.0,unclear,"As discussed below in Table 2 (Results of feature embedding analysis), our embedding algorithm out­ performs other approaches.",5.0,no,,0.0,no,,0.0,unclear,Typical approaches apply a regression model and a carefully chosen threshold to determine whether to buy based on estimated price increases.,2.0,no,,0.0,unclear,no,no,yes,no,no,
W4319028553,10.1007/978-3-662-65004-2_15,"Process Mining—Discovery, Conformance, and Enhancement of Manufacturing Processes",2023,B,Digital Transformation,v1:Digital Transformation,1,1,1.0,,,,,NO_FULLTEXT,,,,,,,,,,,,,,,,,,,,,,,,,
W4319072749,10.1016/j.is.2023.102184,An approach for analyzing business process execution complexity based on textual data and event log,2023,A,Information Systems,v1:Information Systems,82,82,1.0,,,,,NO_FULLTEXT,,,,,,,,,,,,,,,,,,,,,,,,,
W4319079817,10.1007/s10664-022-10283-7,What makes Ethereum blockchain transactions be processed fast or slow? An empirical study,2023,A,Empirical Software Engineering,v1:Empirical Software Engineering,188,188,1.0,,,,,NO_FULLTEXT,,,,,,,,,,,,,,,,,,,,,,,,,
W4319443780,10.1016/j.im.2023.103761,Actively open-minded thinking is key to combating fake news: A multimethod study,2023,A,Information & Management,v1:Information & Management,20,20,1.0,,,,,NO_FULLTEXT,,,,,,,,,,,,,,,,,,,,,,,,,
W4319877701,10.1007/978-3-031-25383-6_22,Text-Aware Predictive Process Monitoring with Contextualized Word Embeddings,2023,B,Lecture notes in business information processing,v1:Lecture notes in business information processing,33,33,1.0,,36637.0,350.0,13.0,NO_METRIC,NO_METRIC,,0.0,,,,,,,,,,,,,,,,,,,,,,
W4320883647,10.1016/j.dss.2023.113940,A decision support framework to incorporate textual data for early student dropout prediction in higher education,2023,A,Decision Support Systems,v1:Decision Support Systems,101,101,1.0,,73828.0,566.0,42.0,INCLUDED,INCLUDED,"When we compare the predictive performance of these two models for each particular group of students, with and without textual feedback, the results in Table 5 further indicate that the models trained with the full structured data, Mod_FD_S_testT (AUC = 0.",26.0,unclear,Table 2 presents an overview of all variables in the data set.,23.0,no,,0.0,unclear,"The AUC is a common evaluation metric for binary classification and is popular in student dropout prediction literature [2,8,69].",24.0,no,,0.0,no,,0.0,unclear,no,unclear,unclear,unclear,no,
W4321021984,10.1109/tsc.2023.3245726,A Direct Data Aware LSTM Neural Network Architecture for Complete Remaining Trace and Runtime Prediction,2023,B,IEEE Transactions on Services Computing,v1:IEEE Transactions on Services Computing,5,5,1.0,,79461.0,604.0,13.0,NO_METRIC,NO_METRIC,,0.0,,,,,,,,,,,,,,,,,,,,,,
W4321461628,10.2298/csis220110005t,Matching business process behavior with encoding techniques via meta-learning: An anomaly detection study,2023,B,Computer Science and Information Systems,v1:Computer Science and Information Systems,1,1,1.0,,,,,NO_FULLTEXT,,,,,,,,,,,,,,,,,,,,,,,,,
W4322741162,10.3390/fintech2010009,Using Process Mining to Reduce Fraud in Digital Onboarding,2023,B,FinTech,v1:FinTech,1,1,1.0,,62596.0,490.0,18.0,NO_ABLATION,INCLUDED,,0.0,,,,,,,,,,,,,,,,,,,,,,
W4323306227,10.1007/s10844-022-00775-9,Performance-preserving event log sampling for predictive monitoring,2023,B,Journal of Intelligent Information Systems,v1:Journal of Intelligent Information Systems,6,6,1.0,,66806.0,597.0,30.0,NO_METRIC,NO_METRIC,,0.0,,,,,,,,,,,,,,,,,,,,,,
W4323566020,10.3390/electronics12061273,Predictive Business Process Monitoring Approach Based on Hierarchical Transformer,2023,B,Electronics,v1:Electronics,4,4,1.0,,,,,NO_FULLTEXT,,,,,,,,,,,,,,,,,,,,,,,,,
W4323661611,10.1007/s10664-023-10293-z,Satisfaction and performance of software developers during enforced work from home in the COVID-19 pandemic,2023,A,Empirical Software Engineering,v1:Empirical Software Engineering,188,188,1.0,,148493.0,1307.0,48.0,NO_METRIC,NO_METRIC,,0.0,,,,,,,,,,,,,,,,,,,,,,
W4324142999,10.3390/fi15030109,DataStream XES Extension: Embedding IoT Sensor Data into Extensible Event Stream Logs,2023,B,Future Internet,v1:Future Internet,1,1,1.0,,71140.0,640.0,21.0,NO_METRIC,NO_METRIC,,0.0,,,,,,,,,,,,,,,,,,,,,,
W4360969720,10.1007/978-3-031-27815-0_6,Building User Journey Games from Multi-party Event Logs,2023,B,Lecture notes in business information processing,v1:Lecture notes in business information processing,33,33,1.0,,36167.0,341.0,13.0,NO_METRIC,NO_METRIC,,0.0,,,,,,,,,,,,,,,,,,,,,,
W4360971500,10.1007/978-3-031-27815-0_18,Genetic Algorithms for AutoML in Process Predictive Monitoring,2023,B,Lecture notes in business information processing,v1:Lecture notes in business information processing,33,33,1.0,,33094.0,278.0,13.0,NO_METRIC,NO_METRIC,,0.0,,,,,,,,,,,,,,,,,,,,,,
W4360971517,10.1007/978-3-031-27815-0_14,On the Potential of Textual Data for Explainable Predictive Process Monitoring,2023,B,Lecture notes in business information processing,v1:Lecture notes in business information processing,33,33,1.0,,34147.0,304.0,13.0,NO_METRIC,NO_METRIC,,0.0,,,,,,,,,,,,,,,,,,,,,,
W4360972068,10.1007/978-3-031-27815-0_19,Outcome-Oriented Predictive Process Monitoring on Positive and Unlabelled Event Logs,2023,B,Lecture notes in business information processing,v1:Lecture notes in business information processing,33,33,1.0,,37977.0,379.0,14.0,NO_ABLATION,NO_ABLATION,,0.0,,,,,,,,,,,,,,,,,,,,,,
W4360981376,10.1007/s10664-022-10275-7,JEMMA: An extensible Java dataset for ML4Code applications,2023,A,Empirical Software Engineering,v1:Empirical Software Engineering,188,188,1.0,,132863.0,997.0,45.0,NO_METRIC,NO_METRIC,,0.0,,,,,,,,,,,,,,,,,,,,,,
W4362606928,10.1007/s10664-023-10291-1,Bugs in machine learning-based systems: a faultload benchmark,2023,A,Empirical Software Engineering,v1:Empirical Software Engineering,188,188,1.0,,103102.0,1005.0,36.0,NO_ABLATION,INCLUDED,,0.0,,,,,,,,,,,,,,,,,,,,,,
W4365385593,10.52591/lxai202207175,Interpretable Process Mining Opportunities and Challenges,2022,B,,v1:nan,16,16,1.0,,,,,NO_FULLTEXT,,,,,,,,,,,,,,,,,,,,,,,,,
W4366279046,10.1007/s10664-023-10305-y,Integrating human values in software development using a human values dashboard,2023,A,Empirical Software Engineering,v1:Empirical Software Engineering,188,188,1.0,,121370.0,1127.0,40.0,NO_ABLATION,NO_ABLATION,,0.0,,,,,,,,,,,,,,,,,,,,,,
W4366824464,10.1016/j.dss.2023.113983,Improved healthcare disaster decision-making utilizing information extraction from complementary social media data during the COVID-19 pandemic,2023,A,Decision Support Systems,v1:Decision Support Systems,101,101,1.0,,,,,NO_FULLTEXT,,,,,,,,,,,,,,,,,,,,,,,,,
W4367316222,10.1007/s10664-023-10307-w,Empirically evaluating flaky test detection techniques combining test case rerunning and machine learning models,2023,A,Empirical Software Engineering,v1:Empirical Software Engineering,188,188,1.0,,141806.0,1296.0,57.0,INCLUDED,INCLUDED,This is to observe the effect of dropping the less impactful features on the performance of the model.,25.0,unclear,Table 1 offers a description of all 18 features.,8.0,no,,0.0,yes,"We selected MCC as the overall performance metric, as opposed to F1 score, because it only produces a high value if the model performs well in terms of all four confusion matrix categories, whereas F1 score ignores true-negatives (Chicco and Jurman 2020).",13.0,unclear,CANNIER assigns a positive predicted label to a test case if this probability is above an upper threshold and a negative predicted label if it is below a lower threshold.,7.0,no,,0.0,unclear,no,no,unclear,no,no,
W4367603665,10.1007/s10844-023-00777-1,Multi-perspective enriched instance graphs for next activity prediction through graph neural network,2023,B,Journal of Intelligent Information Systems,v1:Journal of Intelligent Information Systems,6,6,1.0,,68607.0,573.0,22.0,NO_ABLATION,NO_ABLATION,,0.0,,,,,,,,,,,,,,,,,,,,,,
W4367693670,10.1007/s10664-023-10306-x,Model vs system level testing of autonomous driving systems: a replication and extension study,2023,A,Empirical Software Engineering,v1:Empirical Software Engineering,188,188,1.0,,81041.0,676.0,26.0,NO_METRIC,NO_METRIC,,0.0,,,,,,,,,,,,,,,,,,,,,,
W4375946435,10.1016/j.dss.2023.113997,Trust and deception with high stakes: Evidence from the friend or foe dataset,2023,A,Decision Support Systems,v1:Decision Support Systems,101,101,1.0,,,,,NO_FULLTEXT,,,,,,,,,,,,,,,,,,,,,,,,,
W4376125404,10.1145/3589883.3589897,Remaining cycle time prediction with Graph Neural Networks for Predictive Process Monitoring,2023,B,,v1:nan,16,16,1.0,,41254.0,450.0,8.0,NO_ABLATION,NO_ABLATION,,0.0,,,,,,,,,,,,,,,,,,,,,,
W4377023738,10.1016/j.is.2023.102228,Conformance checking of process event streams with constraints on data retention,2023,A,Information Systems,v1:Information Systems,82,82,1.0,,,,,NO_FULLTEXT,,,,,,,,,,,,,,,,,,,,,,,,,
W4377030752,10.1016/j.is.2023.102227,Natural language querying of process execution data,2023,A,Information Systems,v1:Information Systems,82,82,1.0,,97152.0,861.0,50.0,NO_METRIC,NO_METRIC,,0.0,,,,,,,,,,,,,,,,,,,,,,
W4378083145,10.1007/s10664-022-10284-6,Completing Function Documentation Comments Using Structural Information,2023,A,Empirical Software Engineering,v1:Empirical Software Engineering,188,188,1.0,,132293.0,991.0,48.0,NO_ABLATION,INCLUDED,,0.0,,,,,,,,,,,,,,,,,,,,,,
W4378221148,10.1016/j.engappai.2023.106461,DARWIN: An online deep learning approach to handle concept drifts in predictive process monitoring,2023,B,Engineering Applications of Artificial Intelligence,v1:Engineering Applications of Artificial Intelligence,8,8,1.0,,,,,NO_FULLTEXT,,,,,,,,,,,,,,,,,,,,,,,,,
W4379380076,10.1016/j.dss.2023.114015,Co-evolution of neural architectures and features for stock market forecasting: A multi-objective decision perspective,2023,A,Decision Support Systems,v1:Decision Support Systems,101,101,1.0,,86705.0,559.0,58.0,NO_ABLATION,INCLUDED,,0.0,,,,,,,,,,,,,,,,,,,,,,
W4379793019,10.1007/978-3-031-34560-9_22,Learning When to Treat Business Processes: Prescriptive Process Monitoring with Causal Inference and Reinforcement Learning,2023,B,Lecture notes in computer science,v1:Lecture notes in computer science,12,12,1.0,,46548.0,450.0,17.0,NO_METRIC,NO_METRIC,,0.0,,,,,,,,,,,,,,,,,,,,,,
W4380154100,10.1016/j.dss.2023.114024,Interpretable cost-sensitive regression through one-step boosting,2023,A,Decision Support Systems,v1:Decision Support Systems,101,101,1.0,,,,,NO_FULLTEXT,,,,,,,,,,,,,,,,,,,,,,,,,
W4380624617,10.21203/rs.3.rs-3047994/v1,Research for Remaining time Prediction Log Reduction Method,2023,B,Research Square,v1:Research Square,2,2,1.0,,48774.0,441.0,23.0,NO_ABLATION,INCLUDED,,0.0,,,,,,,,,,,,,,,,,,,,,,
W4380686481,10.3390/math11122691,Object-Centric Process Mining: Unraveling the Fabric of Real Processes,2023,B,Mathematics,v1:Mathematics,1,1,1.0,,,,,NO_FULLTEXT,,,,,,,,,,,,,,,,,,,,,,,,,
W4380989173,10.1016/j.dss.2023.114039,All eyes on me: Predicting consumer intentions on social commerce platforms using eye-tracking data and ensemble learning,2023,A,Decision Support Systems,v1:Decision Support Systems,101,101,1.0,,86604.0,617.0,12.0,NO_ABLATION,NO_ABLATION,,0.0,,,,,,,,,,,,,,,,,,,,,,
W4381551798,10.48550/arxiv.2306.10341,Tailoring Machine Learning for Process Mining,2023,B,arXiv (Cornell University),v1:arXiv (Cornell University),15,15,1.0,,70030.0,681.0,16.0,NO_METRIC,NO_METRIC,,0.0,,,,,,,,,,,,,,,,,,,,,,
W4381986048,10.1007/s10664-023-10326-7,Software testing in the machine learning era,2023,A,Empirical Software Engineering,v1:Empirical Software Engineering,188,188,1.0,,10301.0,66.0,4.0,NO_METRIC,NO_METRIC,,0.0,,,,,,,,,,,,,,,,,,,,,,
W4383215296,10.1016/j.is.2023.102253,A statistical method for predicting quantitative variables in association rule mining,2023,A,Information Systems,v1:Information Systems,82,82,1.0,,,,,NO_FULLTEXT,,,,,,,,,,,,,,,,,,,,,,,,,
W4383652593,10.1016/j.engappai.2023.106678,Generating multi-level explanations for process outcome predictions,2023,B,Engineering Applications of Artificial Intelligence,v1:Engineering Applications of Artificial Intelligence,8,8,1.0,,,,,NO_FULLTEXT,,,,,,,,,,,,,,,,,,,,,,,,,
W4383893667,10.1016/j.is.2023.102254,Automatically reconciling the trade-off between prediction accuracy and earliness in prescriptive business process monitoring,2023,A,Information Systems,v1:Information Systems,82,82,1.0,,139267.0,1143.0,54.0,NO_ABLATION,NO_ABLATION,,0.0,,,,,,,,,,,,,,,,,,,,,,
W4383989008,10.23919/cje.2021.00.170,Explainable Business Process Remaining Time Prediction Using Reachability Graph,2023,B,Chinese Journal of Electronics,v1:Chinese Journal of Electronics,1,1,1.0,,65478.0,490.0,15.0,NO_METRIC,NO_METRIC,,0.0,,,,,,,,,,,,,,,,,,,,,,
W4384008764,10.1016/j.artint.2023.103973,Fast and accurate data-driven goal recognition using process mining techniques,2023,B,Artificial Intelligence,v1:Artificial Intelligence,1,1,1.0,,,,,NO_FULLTEXT,,,,,,,,,,,,,,,,,,,,,,,,,
W4385212557,10.1109/access.2023.3298305,MTLFormer: Multi-Task Learning Guided Transformer Network for Business Process Prediction,2023,B,IEEE Access,v1:IEEE Access,10,10,1.0,,72321.0,566.0,21.0,INCLUDED,INCLUDED,"Moreover, we conduct the ablation experiments with multi-task learning and the Transformer network as the baseline.",9.0,no,,0.0,no,,0.0,no,,0.0,unclear,", the difference between each model parameter W does not exceed a certain threshold.",6.0,no,,0.0,unclear,no,yes,unclear,no,no,
W4385322803,10.1016/j.dss.2023.114051,Measuring service quality based on customer emotion: An explainable AI approach,2023,A,Decision Support Systems,v1:Decision Support Systems,101,101,1.0,,,,,NO_FULLTEXT,,,,,,,,,,,,,,,,,,,,,,,,,
W4385555616,10.3390/s23156931,Modelling and Predictive Monitoring of Business Processes under Uncertainty with Reinforcement Learning,2023,B,Sensors,v1:Sensors,1,1,1.0,,,,,NO_FULLTEXT,,,,,,,,,,,,,,,,,,,,,,,,,
W4385651867,10.1016/j.dss.2023.114062,Cognitive process-driven model design: A deep learning recommendation model with textual review and context,2023,A,Decision Support Systems,v1:Decision Support Systems,101,101,1.0,,,,,NO_FULLTEXT,,,,,,,,,,,,,,,,,,,,,,,,,
W4386008164,10.1016/j.engappai.2023.106899,Outcome-Oriented Prescriptive Process Monitoring based on Temporal Logic Patterns,2023,B,Engineering Applications of Artificial Intelligence,v1:Engineering Applications of Artificial Intelligence,8,8,1.0,,,,,NO_FULLTEXT,,,,,,,,,,,,,,,,,,,,,,,,,
W4386114095,10.1007/s10664-023-10377-w,The software heritage license dataset (2022 edition),2023,A,Empirical Software Engineering,v1:Empirical Software Engineering,188,188,1.0,,129546.0,1181.0,49.0,NO_METRIC,NO_METRIC,,0.0,,,,,,,,,,,,,,,,,,,,,,
W4386142872,10.1016/j.dss.2023.114065,Which product description phrases affect sales forecasting? An explainable AI framework by integrating WaveNet neural network models with multiple regression,2023,A,Decision Support Systems,v1:Decision Support Systems,101,101,1.0,,,,,NO_FULLTEXT,,,,,,,,,,,,,,,,,,,,,,,,,
W4386194126,10.1007/s10664-023-10316-9,Do attention and memory explain the performance of software developers?,2023,A,Empirical Software Engineering,v1:Empirical Software Engineering,188,188,1.0,,103580.0,957.0,34.0,NO_METRIC,NO_METRIC,,0.0,,,,,,,,,,,,,,,,,,,,,,
W4386227221,10.1016/j.dss.2023.114074,Impact of the COVID-19 pandemic on the stock market and investor online word of mouth,2023,A,Decision Support Systems,v1:Decision Support Systems,101,101,1.0,,,,,NO_FULLTEXT,,,,,,,,,,,,,,,,,,,,,,,,,
W4386315295,10.1007/978-3-031-41620-0_18,Interactive Multi-interest Process Pattern Discovery,2023,B,Lecture notes in computer science,v1:Lecture notes in computer science,12,12,1.0,,1348571.0,12543.0,513.0,INCLUDED,INCLUDED,Adding pairwise interplay terms between all variables in models did not improve R-squared.,456.0,unclear,"As illustrated in Table 1, the Categorical Event Feature log concept can be represented by means of four diﬀerent representation types.",187.0,no,,0.0,no,,0.0,unclear,"Alternatively, for a generic application of the framework, we implement IDENc by introducing an overlapping threshold t ∈R, where 0 ≤t < 1.",80.0,no,,0.0,unclear,unclear,unclear,unclear,no,yes,"A test case and it’s alignment, with the activity abbreviations: Reject application, Ansøger informeret, Fill out application, Approved - to board, Lawyer Review, Register Decision, Change phase to Abort, Anonymiser data. || [1] tackles this challenge by establishing a knowledge base that captures rules about the semantics of appropriate process executions, extracted from a linguistic resource (Ve"
W4386315419,10.1007/978-3-031-41620-0_9,DyLoPro: Profiling the Dynamics of Event Logs,2023,B,Lecture notes in computer science,v1:Lecture notes in computer science,12,12,1.0,,46506.0,390.0,16.0,NO_METRIC,NO_METRIC,,0.0,,,,,,,,,,,,,,,,,,,,,,
W4386321305,10.1007/978-3-031-41623-1_8,Predicting Unseen Process Behavior Based on Context Information from Compliance Constraints,2023,B,Lecture notes in business information processing,v1:Lecture notes in business information processing,33,33,1.0,,52579.0,497.0,19.0,NO_METRIC,NO_METRIC,,0.0,,,,,,,,,,,,,,,,,,,,,,
W4386715814,10.1007/s10664-023-10335-6,An investigation of online and offline learning models for online Just-in-Time Software Defect Prediction,2023,A,Empirical Software Engineering,v1:Empirical Software Engineering,188,188,1.0,,107714.0,866.0,35.0,NO_ABLATION,INCLUDED,,0.0,,,,,,,,,,,,,,,,,,,,,,
W4386764751,10.1016/j.ejor.2023.09.010,Explainability in process outcome prediction: Guidelines to obtain interpretable and faithful models,2023,B,European Journal of Operational Research,v1:European Journal of Operational Research,1,1,1.0,,86522.0,654.0,13.0,NO_METRIC,NO_METRIC,,0.0,,,,,,,,,,,,,,,,,,,,,,
W4386833453,10.1007/s10664-023-10341-8,On the validity of retrospective predictive performance evaluation procedures in just-in-time software defect prediction,2023,A,Empirical Software Engineering,v1:Empirical Software Engineering,188,188,1.0,,103838.0,749.0,33.0,NO_METRIC,NO_METRIC,,0.0,,,,,,,,,,,,,,,,,,,,,,
W4386874052,10.1016/j.engappai.2023.107028,Trace encoding in process mining: A survey and benchmarking,2023,B,Engineering Applications of Artificial Intelligence,v1:Engineering Applications of Artificial Intelligence,8,8,1.0,,114745.0,1078.0,23.0,NO_METRIC,NO_METRIC,,0.0,,,,,,,,,,,,,,,,,,,,,,
W4387004102,10.1007/s10664-023-10375-y,"Experimental comparison of features, analyses, and classifiers for Android malware detection",2023,A,Empirical Software Engineering,v1:Empirical Software Engineering,188,188,1.0,,,,,NO_FULLTEXT,,,,,,,,,,,,,,,,,,,,,,,,,
W4387101695,10.1007/s10664-023-10361-4,"Automated detection, categorisation and developers’ experience with the violations of honesty in mobile apps",2023,A,Empirical Software Engineering,v1:Empirical Software Engineering,188,188,1.0,,159749.0,1237.0,52.0,NO_ABLATION,INCLUDED,,0.0,,,,,,,,,,,,,,,,,,,,,,
W4387121962,10.1155/2023/8867057,Decision-Making Based on Predictive Process Monitoring of Patient Treatment Processes: A Case Study of Emergency Patients,2023,B,Advances in Operations Research,v1:Advances in Operations Research,1,1,1.0,,,,,NO_FULLTEXT,,,,,,,,,,,,,,,,,,,,,,,,,
W4387341418,10.1016/j.dss.2023.114102,A hybrid framework using explainable AI (XAI) in cyber-risk management for defence and recovery against phishing attacks,2023,A,Decision Support Systems,v1:Decision Support Systems,101,101,1.0,,,,,NO_FULLTEXT,,,,,,,,,,,,,,,,,,,,,,,,,
W4387453363,10.1016/j.is.2023.102289,"Discovery, simulation, and optimization of business processes with differentiated resources",2023,A,Information Systems,v1:Information Systems,82,82,1.0,,,,,NO_FULLTEXT,,,,,,,,,,,,,,,,,,,,,,,,,
W4387470007,10.1109/icpm60904.2023.10271960,Measuring the Stability of Process Outcome Predictions in Online Settings,2023,B,,v1:nan,16,16,1.0,,,,,NO_FULLTEXT,,,,,,,,,,,,,,,,,,,,,,,,,
W4387492937,10.1016/j.is.2023.102293,A taxonomy and ontology for digital platforms,2023,A,Information Systems,v1:Information Systems,82,82,1.0,,87542.0,701.0,56.0,NO_METRIC,NO_METRIC,,0.0,,,,,,,,,,,,,,,,,,,,,,
W4387583615,10.1109/etfa54631.2023.10275361,Predictive Process Monitoring for Prediction of Remaining Cycle Time in Automated Manufacturing: A Case Study,2023,B,,v1:nan,16,16,1.0,,41051.0,386.0,9.0,NO_METRIC,NO_METRIC,,0.0,,,,,,,,,,,,,,,,,,,,,,
W4387652178,10.1016/j.dss.2023.114106,Locally interpretable tree boosting: An application to house price prediction,2023,A,Decision Support Systems,v1:Decision Support Systems,101,101,1.0,,,,,NO_FULLTEXT,,,,,,,,,,,,,,,,,,,,,,,,,
W4387709463,10.1016/j.is.2023.102307,GSM: A generalized approach to Supervised Meta-blocking for scalable entity resolution,2023,A,Information Systems,v1:Information Systems,82,82,1.0,,,,,NO_FULLTEXT,,,,,,,,,,,,,,,,,,,,,,,,,
W4387917776,10.1007/978-3-031-44505-7_31,Discovering Explicit Scale-Up Criteria in Crisis Response with Decision Mining,2023,B,Lecture notes in computer science,v1:Lecture notes in computer science,12,12,1.0,,44935.0,406.0,17.0,NO_METRIC,NO_METRIC,,0.0,,,,,,,,,,,,,,,,,,,,,,
W4388209009,10.1016/j.is.2023.102314,Reproducible experiments for generating pre-processing pipelines for AutoETL,2023,A,Information Systems,v1:Information Systems,82,82,1.0,,64591.0,514.0,20.0,NO_ABLATION,NO_ABLATION,,0.0,,,,,,,,,,,,,,,,,,,,,,
W4388294588,10.1007/s10664-023-10393-w,Generating and detecting true ambiguity: a forgotten danger in DNN supervision testing,2023,A,Empirical Software Engineering,v1:Empirical Software Engineering,188,188,1.0,,99950.0,737.0,36.0,NO_ABLATION,INCLUDED,,0.0,,,,,,,,,,,,,,,,,,,,,,
W4388341803,10.1007/s10270-023-01132-2,From process mining to augmented process execution,2023,B,Software & Systems Modeling,v1:Software & Systems Modeling,2,2,1.0,,50981.0,434.0,10.0,NO_METRIC,NO_METRIC,,0.0,,,,,,,,,,,,,,,,,,,,,,
W4388441002,10.1016/j.jlamp.2023.100928,Business processes resource management using rewriting logic and deep-learning-based predictive monitoring,2023,B,Journal of Logical and Algebraic Methods in Programming,v1:Journal of Logical and Algebraic Methods in Programming,1,1,1.0,,,,,NO_FULLTEXT,,,,,,,,,,,,,,,,,,,,,,,,,
W4388572082,10.1016/j.dss.2023.114121,An explanation framework and method for AI-based text emotion analysis and visualisation,2023,A,Decision Support Systems,v1:Decision Support Systems,101,101,1.0,,,,,NO_FULLTEXT,,,,,,,,,,,,,,,,,,,,,,,,,
W4388706046,10.1007/s10664-023-10396-7,An empirical study on software understandability and its dependence on code characteristics,2023,A,Empirical Software Engineering,v1:Empirical Software Engineering,188,188,1.0,,72181.0,620.0,24.0,NO_METRIC,NO_METRIC,,0.0,,,,,,,,,,,,,,,,,,,,,,
W4388971801,10.1007/s10664-023-10402-y,Fairness-aware machine learning engineering: how far are we?,2023,A,Empirical Software Engineering,v1:Empirical Software Engineering,188,188,1.0,,141588.0,871.0,46.0,NO_METRIC,NO_METRIC,,0.0,,,,,,,,,,,,,,,,,,,,,,
W4389153203,10.1007/s10664-023-10423-7,Multi-granular software annotation using file-level weak labelling,2023,A,Empirical Software Engineering,v1:Empirical Software Engineering,188,188,1.0,,,,,NO_FULLTEXT,,,,,,,,,,,,,,,,,,,,,,,,,
W4389337815,10.1007/s10664-023-10374-z,Assessing the utility of text-to-SQL approaches for satisfying software developer information needs,2023,A,Empirical Software Engineering,v1:Empirical Software Engineering,188,188,1.0,,118221.0,915.0,48.0,INCLUDED,INCLUDED,Empirical Software Engineering (2024) 29:15 Answer to RQ2 RQ2 aimed at evaluating performance differences when training our models with and without SE-speciﬁc data.,24.0,no,,0.0,no,,0.0,no,,0.0,no,,0.0,no,,0.0,no,no,unclear,no,no,yes,"In fact, the idea of retrieving data from a knowledge base by simply asking a question is not new and has been a research focus for many years. || We aimed to understand, to what extent participants can assess imperfectly generated SQL queries in terms of three potential problems: syntactically incorrect queries, incomplete queries in terms of SQL concepts, and incomplete queries in terms of datab"
W4389454570,10.1016/j.is.2023.102330,Validation set sampling strategies for predictive process monitoring,2023,A,Information Systems,v1:Information Systems,82,82,1.0,,117323.0,946.0,54.0,NO_METRIC,NO_METRIC,,0.0,,,,,,,,,,,,,,,,,,,,,,
W4389625424,10.1007/s10664-023-10408-6,On the adoption and effects of source code reuse on defect proneness and maintenance effort,2023,A,Empirical Software Engineering,v1:Empirical Software Engineering,188,188,1.0,,142912.0,1044.0,42.0,INCLUDED,INCLUDED,"When considering the binary defect prediction scenario, the performance achieved was close to 94% in terms of F-Measure both when considering the models with and without inheritance and delegation metrics.",29.0,unclear,"With respect to the control variables considered in the study, it is important to discuss the role of NOC and DIT.",12.0,yes,"The independent variables and control variables are reported on the rows, while the various considered systems are reported on the columns—empty cells indicate that a certain variable was removed from the analysis of a speciﬁc system as a consequence of the multicollinearity analysis, while the numb",18.0,no,,0.0,no,,0.0,unclear,"Since the metrics were computed on the ﬁles modiﬁed within the considered commits, we aggregated them to have a unique commit-level value for each metric.",28.0,unclear,no,no,no,no,no,
W4389685461,10.1007/s10664-023-10409-5,Detection and evaluation of bias-inducing features in machine learning,2023,A,Empirical Software Engineering,v1:Empirical Software Engineering,188,188,1.0,,178866.0,1283.0,66.0,NO_METRIC,NO_METRIC,,0.0,,,,,,,,,,,,,,,,,,,,,,
W4389794218,10.1007/s10664-023-10395-8,Predicting merge conflicts considering social and technical assets,2023,A,Empirical Software Engineering,v1:Empirical Software Engineering,188,188,1.0,,108595.0,1002.0,33.0,NO_ABLATION,NO_ABLATION,,0.0,,,,,,,,,,,,,,,,,,,,,,
W4389905850,10.1016/j.im.2023.103907,Biometric m-payment systems: A multi-analytical approach to determining use intention,2023,A,Information & Management,v1:Information & Management,20,20,1.0,,,,,NO_FULLTEXT,,,,,,,,,,,,,,,,,,,,,,,,,
W4389989770,10.1016/j.is.2023.102339,Foundations and practice of binary process discovery,2023,A,Information Systems,v1:Information Systems,82,82,1.0,,106816.0,883.0,21.0,NO_METRIC,NO_METRIC,,0.0,,,,,,,,,,,,,,,,,,,,,,
W4390063440,10.1016/j.is.2023.102340,A screenshot-based task mining framework for disclosing the drivers behind variable human actions,2023,A,Information Systems,v1:Information Systems,82,82,1.0,,,,,NO_FULLTEXT,,,,,,,,,,,,,,,,,,,,,,,,,
W4390102651,10.1016/j.is.2023.102341,HubHSP graph: Capturing local geometrical and statistical data properties via spanning graphs,2023,A,Information Systems,v1:Information Systems,82,82,1.0,,,,,NO_FULLTEXT,,,,,,,,,,,,,,,,,,,,,,,,,
W4390141881,10.1016/j.is.2023.102342,Is text preprocessing still worth the time? A comparative survey on the influence of popular preprocessing methods on Transformers and traditional classifiers,2023,A,Information Systems,v1:Information Systems,82,82,1.0,,132944.0,1171.0,19.0,INCLUDED,INCLUDED,"Since there were substantial changes in performance outcomes between the model with and without text preprocessing, the authors suggest that future studies should examine the impact of each text preprocessing step.",3.0,no,,0.0,no,,0.0,no,,0.0,no,,0.0,no,,0.0,no,no,no,no,no,yes,"To summarize, the works described above or referenced in the following sections are characterized by at least one or more of the following aspects: • Do not contain a detailed catalog of all the most common preprocessing techniques."
W4390192114,10.21817/indjcse/2023/v14i6/231406036,BUSINESS PROCESS OUTCOME PREDICTION USING ATTENTION BASED LSTM,2023,B,Indian Journal of Computer Science and Engineering,v1:Indian Journal of Computer Science and Engineering,1,1,1.0,,,,,NO_FULLTEXT,,,,,,,,,,,,,,,,,,,,,,,,,
W4390431291,10.1016/j.dss.2023.114151,A new perspective on classification: Optimally allocating limited resources to uncertain tasks,2023,A,Decision Support Systems,v1:Decision Support Systems,101,101,1.0,,54347.0,434.0,37.0,NO_METRIC,NO_METRIC,,0.0,,,,,,,,,,,,,,,,,,,,,,
W4390548239,10.1145/3632410.3632435,Towards Business Process Observability,2024,B,,v1:nan,16,16,1.0,,,,,NO_FULLTEXT,,,,,,,,,,,,,,,,,,,,,,,,,
W4390570643,10.1007/s10664-023-10419-3,Search-based Automatic Repair for Fairness and Accuracy in Decision-making Software,2024,A,Empirical Software Engineering,v1:Empirical Software Engineering,188,188,1.0,,99382.0,820.0,33.0,NO_ABLATION,INCLUDED,,0.0,,,,,,,,,,,,,,,,,,,,,,
W4390704240,10.1007/978-3-031-50974-2_3,An Experiment on Transfer Learning for Suffix Prediction on Event Logs,2024,B,Lecture notes in business information processing,v1:Lecture notes in business information processing,33,33,1.0,,,,,NO_FULLTEXT,,,,,,,,,,,,,,,,,,,,,,,,,
W4390872958,10.1109/tsc.2024.3353817,Explainable and Effective Process Remaining Time Prediction Using Feature-Informed Cascade Prediction Model,2024,B,IEEE Transactions on Services Computing,v1:IEEE Transactions on Services Computing,5,5,1.0,,81765.0,790.0,15.0,NO_METRIC,NO_METRIC,,0.0,,,,,,,,,,,,,,,,,,,,,,
W4390911025,10.1007/s10115-023-02042-x,A systematic literature review on the application of process mining to Industry 4.0,2024,B,Knowledge and Information Systems,v1:Knowledge and Information Systems,6,6,1.0,,128221.0,1094.0,56.0,NO_ABLATION,INCLUDED,,0.0,,,,,,,,,,,,,,,,,,,,,,
W4391092733,10.1109/tai.2024.3357041,Why Should I Trust Your Explanation? An Evaluation Approach for XAI Methods Applied to Predictive Process Monitoring Results,2024,B,IEEE Transactions on Artificial Intelligence,v1:IEEE Transactions on Artificial Intelligence,1,1,1.0,,101982.0,892.0,15.0,INCLUDED,INCLUDED,"Features in the core have more predictive power compared to the remaining features, while excluded features are assumed to have less potential to improve the accuracy of a predictive model.",6.0,no,,0.0,no,,0.0,no,,0.0,yes,"6 Event log (1) Apply different feature selection (FS) methods (2) Compute scores statistics FS2 FSn FS1 FS methods (3) Compute threshold (**) simple thresholding adjustable thresholding (4) Compute reducts (Min, max of mean scores) (5) Compute core & a representative reduct Reduct (FS1) Reduct (FSn",6.0,no,,0.0,no,no,no,unclear,no,yes,"For example, the process of order placement defines a set of all allowed activities, including user logging (A1), catalog browsing (A2), products’ choosing (A3), cart modification (A4), cart approval (A5), and payment (A6)."
W4391143283,10.1007/s10844-024-00841-4,Data- & compute-efficient deviance mining via active learning and fast ensembles,2024,B,Journal of Intelligent Information Systems,v1:Journal of Intelligent Information Systems,6,6,1.0,,77369.0,599.0,25.0,NO_ABLATION,INCLUDED,,0.0,,,,,,,,,,,,,,,,,,,,,,
W4391467349,10.1109/access.2024.3361650,Tuning Machine Learning to Address Process Mining Requirements,2024,B,IEEE Access,v1:IEEE Access,10,10,1.0,,78733.0,713.0,15.0,NO_METRIC,NO_METRIC,,0.0,,,,,,,,,,,,,,,,,,,,,,
W4391808283,10.1007/s10796-024-10474-1,Speeding up Explorative BPM with Lightweight IT: the Case of Machine Learning,2024,B,Information Systems Frontiers,v1:Information Systems Frontiers,1,1,1.0,,90270.0,694.0,18.0,NO_METRIC,NO_METRIC,,0.0,,,,,,,,,,,,,,,,,,,,,,
W4391934098,10.1016/j.dss.2024.114196,Outlier detection using flexible categorization and interrogative agendas,2024,A,Decision Support Systems,v1:Decision Support Systems,101,101,1.0,,103514.0,930.0,15.0,NO_METRIC,NO_METRIC,,0.0,,,,,,,,,,,,,,,,,,,,,,
W4392021591,10.1007/s10664-023-10405-9,Analyzing source code vulnerabilities in the D2A dataset with ML ensembles and C-BERT,2024,A,Empirical Software Engineering,v1:Empirical Software Engineering,188,188,1.0,,108581.0,945.0,38.0,INCLUDED,INCLUDED,"On this biased sample set, the accuracy with and without the auto-labeler is 53% and 35% respectively.",14.0,unclear,Table 5 lists the features we extract from bug reports.,16.0,no,,0.0,yes,Once this threshold-point is chosen we also present F1-score as the average of each class F1-score since our goal is to reduce the number of false positives while preserving the real ones.,18.0,yes,"distribution of the vulnerable mentions, CMA identiﬁes the category of the vulnerability and ranks commits based on conﬁdence scores, with a threshold set to 0.",10.0,no,,0.0,unclear,yes,no,unclear,no,no,
W4392224127,10.1007/s10664-024-10474-4,An empirical study of challenges in machine learning asset management,2024,A,Empirical Software Engineering,v1:Empirical Software Engineering,188,188,1.0,,180765.0,1674.0,63.0,NO_METRIC,NO_METRIC,,0.0,,,,,,,,,,,,,,,,,,,,,,
W4392471232,10.1007/s10664-023-10436-2,Machine learning-based test smell detection,2024,A,Empirical Software Engineering,v1:Empirical Software Engineering,188,188,1.0,,143082.0,1151.0,44.0,INCLUDED,INCLUDED,We performed an ablation study to analyze the contribution of each conﬁguration and training step to the overall models’ performance.,15.0,unclear,Table 4 lists and describes each considered test smell and the independent variables taken into account for each smell under investigation.,14.0,no,,0.0,no,,0.0,unclear,A test is marked as smelly if the value overcomes a threshold.,2.0,no,,0.0,no,no,no,unclear,unclear,yes,"We further elaborate and discuss the reasons behind this negative result through a qualitative investigation into the current issues and challenges that prevent the appropriate detection of test smells, which allowed us to catalog the next steps that the research community may pursue to improve test smell detection techniques. || Such a qualitative investigation allows us to elicit and catalog the"
W4392671470,10.1016/j.engappai.2024.108189,Adaptive goal recognition using process mining techniques,2024,B,Engineering Applications of Artificial Intelligence,v1:Engineering Applications of Artificial Intelligence,8,8,1.0,,,,,NO_FULLTEXT,,,,,,,,,,,,,,,,,,,,,,,,,
W4392828285,10.1007/s10664-024-10473-5,VaryMinions: leveraging RNNs to identify variants in variability-intensive systems’ logs,2024,A,Empirical Software Engineering,v1:Empirical Software Engineering,188,188,1.0,,128663.0,1374.0,49.0,NO_ABLATION,NO_ABLATION,,0.0,,,,,,,,,,,,,,,,,,,,,,
W4392881469,10.1016/j.is.2024.102378,"An inter-modal attention-based deep learning framework using unified modality for multimodal fake news, hate speech and offensive language detection",2024,A,Information Systems,v1:Information Systems,82,82,1.0,,,,,NO_FULLTEXT,,,,,,,,,,,,,,,,,,,,,,,,,
W4392926865,10.54337/aau679682469,Process Innovation with Analytics in Manufacturing: Exploration through Demonstrator Development,2024,B,,v1:nan,16,16,1.0,,,,,NO_FULLTEXT,,,,,,,,,,,,,,,,,,,,,,,,,
W4393238355,10.1016/j.dajour.2024.100452,A hybrid machine learning with process analytics for predicting customer experience in online insurance services industry,2024,B,Decision Analytics Journal,v1:Decision Analytics Journal,1,1,1.0,,,,,NO_FULLTEXT,,,,,,,,,,,,,,,,,,,,,,,,,
W4393283822,10.1007/s10664-025-10714-1,On the impact of black-box deployment strategies for edge AI on latency and model performance,2026,A,Empirical Software Engineering,v1:Empirical Software Engineering,188,188,1.0,,508158.0,4864.0,143.0,NO_ABLATION,INCLUDED,,0.0,,,,,,,,,,,,,,,,,,,,,,
W4393346601,10.1016/j.dss.2024.114216,Real-time decision support for human–machine interaction in digital railway control rooms,2024,A,Decision Support Systems,v1:Decision Support Systems,101,101,1.0,,,,,NO_FULLTEXT,,,,,,,,,,,,,,,,,,,,,,,,,
W4393353640,10.1016/j.dss.2024.114215,Prioritising national healthcare service issues from free text feedback – A computational text analysis & predictive modelling approach,2024,A,Decision Support Systems,v1:Decision Support Systems,101,101,1.0,,,,,NO_FULLTEXT,,,,,,,,,,,,,,,,,,,,,,,,,
W4393870618,10.1007/s10479-024-05943-4,Quantifying and explaining machine learning uncertainty in predictive process monitoring: an operations research perspective,2024,B,Annals of Operations Research,v1:Annals of Operations Research,1,1,1.0,,122557.0,993.0,41.0,NO_METRIC,NO_METRIC,,0.0,,,,,,,,,,,,,,,,,,,,,,
W4394773220,10.1007/978-3-031-56107-8_15,Uncovering the Hidden Significance of Activities Location in Predictive Process Monitoring,2024,B,Lecture notes in business information processing,v1:Lecture notes in business information processing,33,33,1.0,,35097.0,313.0,14.0,NO_METRIC,NO_METRIC,,0.0,,,,,,,,,,,,,,,,,,,,,,
W4394834496,10.1016/j.softx.2024.101734,VERONA: A python library for benchmarking deep learning in business process monitoring,2024,B,SoftwareX,v1:SoftwareX,1,1,1.0,,,,,NO_FULLTEXT,,,,,,,,,,,,,,,,,,,,,,,,,
W4394934815,10.1016/j.dss.2024.114228,Enhancing healthcare decision support through explainable AI models for risk prediction,2024,A,Decision Support Systems,v1:Decision Support Systems,101,101,1.0,,,,,NO_FULLTEXT,,,,,,,,,,,,,,,,,,,,,,,,,
W4395672944,10.1016/j.dss.2024.114229,Explainable Learning Analytics: Assessing the stability of student success prediction models by means of explainable AI,2024,A,Decision Support Systems,v1:Decision Support Systems,101,101,1.0,,81016.0,551.0,35.0,NO_METRIC,NO_METRIC,,0.0,,,,,,,,,,,,,,,,,,,,,,
W4395690061,10.1016/j.dss.2024.114231,The information content of financial statement fraud risk: An ensemble learning approach,2024,A,Decision Support Systems,v1:Decision Support Systems,101,101,1.0,,,,,NO_FULLTEXT,,,,,,,,,,,,,,,,,,,,,,,,,
W4395697722,10.1016/j.dss.2024.114234,Explaining the model and feature dependencies by decomposition of the Shapley value,2024,A,Decision Support Systems,v1:Decision Support Systems,101,101,1.0,,59439.0,512.0,14.0,NO_METRIC,NO_METRIC,,0.0,,,,,,,,,,,,,,,,,,,,,,
W4396581619,10.1007/s10664-024-10467-3,Comparative analysis of real issues in open-source machine learning projects,2024,A,Empirical Software Engineering,v1:Empirical Software Engineering,188,188,1.0,,79755.0,599.0,28.0,NO_METRIC,NO_METRIC,,0.0,,,,,,,,,,,,,,,,,,,,,,
W4396668324,10.1016/j.is.2024.102401,BF-BigGraph: An efficient subgraph isomorphism approach using machine learning for big graph databases,2024,A,Information Systems,v1:Information Systems,82,82,1.0,,,,,NO_FULLTEXT,,,,,,,,,,,,,,,,,,,,,,,,,
W4396672924,10.1016/j.im.2024.103972,The power of prediction with Google searches and social media posts: Retail investor interest and IPO pricing,2024,A,Information & Management,v1:Information & Management,20,20,1.0,,,,,NO_FULLTEXT,,,,,,,,,,,,,,,,,,,,,,,,,
W4396680821,10.1109/access.2024.3397185,Comparative Analysis of Classification-Based and Regression-Based Predictive Process Monitoring Models for Accurate and Time-Efficient Remaining Time Prediction,2024,B,IEEE Access,v1:IEEE Access,10,10,1.0,,,,,NO_FULLTEXT,,,,,,,,,,,,,,,,,,,,,,,,,
W4396746070,10.1007/s10664-024-10455-7,Just-in-Time crash prediction for mobile apps,2024,A,Empirical Software Engineering,v1:Empirical Software Engineering,188,188,1.0,,200025.0,1786.0,62.0,INCLUDED,INCLUDED,"Finally, an ablation analysis was conducted to understand the contribution of each metric type to the performance outcomes.",38.0,unclear,"Thus, the dependent variable used in our models is whether a commit is crash-inducing (Y = 1) or whether a commit is non-crash-inducing (Y = 0).",11.0,yes,"As such, we exclude other types of issues such as non-crash defects, enhancements, and feature additions.",11.0,yes,"AUC: Beyond the above measures, we use AUC (Area Under the Receiver Operating Characteristic Curve) since this measure is not impacted by highly imbalanced datasets (Trautsch et al.",24.0,yes,"AUC score is used to get an overall idea of the performance of the model across thresholds since precision, and recall depend on the 22 https://​scikit-​learn.",24.0,no,,0.0,unclear,no,no,unclear,no,yes,The first author manually checked the linked data starting with checking all crash issues.
W4396925395,10.1007/s12599-024-00868-5,Data-Driven Identification and Analysis of Waiting Times in Business Processes,2024,B,Business & Information Systems Engineering,v1:Business & Information Systems Engineering,7,7,1.0,,83205.0,746.0,18.0,NO_METRIC,NO_METRIC,,0.0,,,,,,,,,,,,,,,,,,,,,,
W4397009493,10.1007/s10664-024-10458-4,Two is better than one: digital siblings to improve autonomous driving testing,2024,A,Empirical Software Engineering,v1:Empirical Software Engineering,188,188,1.0,,105368.0,916.0,33.0,NO_ABLATION,NO_ABLATION,,0.0,,,,,,,,,,,,,,,,,,,,,,
W4398165585,10.1016/j.is.2024.102409,HUM-CARD: A human crowded annotated real dataset,2024,A,Information Systems,v1:Information Systems,82,82,1.0,,,,,NO_FULLTEXT,,,,,,,,,,,,,,,,,,,,,,,,,
W4398167886,10.1007/s10729-024-09673-8,A machine learning framework for interpretable predictions in patient pathways: The case of predicting ICU admission for patients with symptoms of sepsis,2024,B,Health Care Management Science,v1:Health Care Management Science,1,1,1.0,,134519.0,1092.0,33.0,NO_METRIC,NO_METRIC,,0.0,,,,,,,,,,,,,,,,,,,,,,
W4398181551,10.1016/j.dss.2024.114250,The power of choice: Examining how selection mechanisms shape decision-making in online community engagement,2024,A,Decision Support Systems,v1:Decision Support Systems,101,101,1.0,,,,,NO_FULLTEXT,,,,,,,,,,,,,,,,,,,,,,,,,
W4398220997,10.1016/j.eswa.2024.124181,Machine learning in business process management: A systematic literature review,2024,B,Expert Systems with Applications,v1:Expert Systems with Applications,2,2,1.0,,,,,NO_FULLTEXT,,,,,,,,,,,,,,,,,,,,,,,,,
W4399138282,10.1007/s10664-024-10444-w,Machine learning experiment management tools: a mixed-methods empirical study,2024,A,Empirical Software Engineering,v1:Empirical Software Engineering,188,188,1.0,,112666.0,873.0,35.0,NO_METRIC,NO_METRIC,,0.0,,,,,,,,,,,,,,,,,,,,,,
W4399273119,10.1007/978-3-031-61057-8_25,Making Sense of Temporal Event Data:A Framework for Comparing Techniques for the Discovery of Discriminative Temporal Patterns,2024,B,Lecture notes in computer science,v1:Lecture notes in computer science,12,12,1.0,,,,,NO_FULLTEXT,,,,,,,,,,,,,,,,,,,,,,,,,
W4399290453,10.1007/s10664-024-10468-2,Transformers and meta-tokenization in sentiment analysis for software engineering,2024,A,Empirical Software Engineering,v1:Empirical Software Engineering,188,188,1.0,,75929.0,611.0,23.0,NO_ABLATION,NO_ABLATION,,0.0,,,,,,,,,,,,,,,,,,,,,,
W4399475860,10.1016/j.dss.2024.114264,Decomposing the hazard function into interpretable readmission risk components,2024,A,Decision Support Systems,v1:Decision Support Systems,101,101,1.0,,,,,NO_FULLTEXT,,,,,,,,,,,,,,,,,,,,,,,,,
W4399560843,10.1016/j.dss.2024.114269,Selecting textual analysis tools to classify sustainability information in corporate reporting,2024,A,Decision Support Systems,v1:Decision Support Systems,101,101,1.0,,77112.0,632.0,11.0,NO_ABLATION,NO_ABLATION,,0.0,,,,,,,,,,,,,,,,,,,,,,
W4399647035,10.1007/s10664-024-10469-1,Studying the explanations for the automated prediction of bug and non-bug issues using LIME and SHAP,2024,A,Empirical Software Engineering,v1:Empirical Software Engineering,188,188,1.0,,85116.0,716.0,29.0,NO_ABLATION,NO_ABLATION,,0.0,,,,,,,,,,,,,,,,,,,,,,
W4399687308,10.1007/s10664-024-10491-3,A Multi-solution Study on GDPR AI-enabled Completeness Checking of DPAs,2024,A,Empirical Software Engineering,v1:Empirical Software Engineering,188,188,1.0,,111256.0,1008.0,36.0,NO_ABLATION,NO_ABLATION,,0.0,,,,,,,,,,,,,,,,,,,,,,
W4399774734,10.1007/978-3-031-63215-0_15,Enhancing Predictive Process Monitoring with Conformal Prediction,2024,B,IFIP advances in information and communication technology,v1:IFIP advances in information and communication technology,1,1,1.0,,,,,NO_FULLTEXT,,,,,,,,,,,,,,,,,,,,,,,,,
W4399777225,10.1007/s10664-024-10446-8,OpenSCV: an open hierarchical taxonomy for smart contract vulnerabilities,2024,A,Empirical Software Engineering,v1:Empirical Software Engineering,188,188,1.0,,209534.0,2047.0,67.0,NO_METRIC,NO_METRIC,,0.0,,,,,,,,,,,,,,,,,,,,,,
W4399871949,10.1007/s10664-024-10501-4,Systematic Evaluation of Deep Learning Models for Log-based Failure Prediction,2024,A,Empirical Software Engineering,v1:Empirical Software Engineering,188,188,1.0,,168051.0,1388.0,54.0,NO_ABLATION,INCLUDED,,0.0,,,,,,,,,,,,,,,,,,,,,,
W4400112276,10.1016/j.dss.2024.114276,Explainable AI for enhanced decision-making,2024,A,Decision Support Systems,v1:Decision Support Systems,101,101,1.0,,,,,NO_FULLTEXT,,,,,,,,,,,,,,,,,,,,,,,,,
W4400843015,10.1016/j.is.2024.102432,LS-ICE: A Load State Intercase Encoding framework for improved predictive monitoring of business processes,2024,A,Information Systems,v1:Information Systems,82,82,1.0,,72885.0,585.0,31.0,INCLUDED,INCLUDED,"To assess the benefits of the intercase features generated using the LS-ICE framework, we compare the performance of predictive process monitoring models constructed using the encoded features against baseline models without these features.",2.0,yes,"Different feature vectors will be considered when constructing these LSTMs, including feature vectors that contain intercase features encoded using the proposed framework and three baseline feature vectors that do not include these features.",16.0,no,,0.0,no,,0.0,no,,0.0,no,,0.0,unclear,no,no,no,no,no,
W4400888954,10.1007/s10664-024-10515-y,Towards Exploring the Limitations of Test Selection Techniques on Graph Neural Networks: An Empirical Study,2024,A,Empirical Software Engineering,v1:Empirical Software Engineering,188,188,1.0,,122516.0,937.0,41.0,INCLUDED,INCLUDED,_####_ Page 22 of 41 Empirical Software Engineering (2024) 29 _#####################_ Table 4 Effectiveness of accuracy estimation approaches with respect to random selection (baseline) in terms of RMSE Approach Data Model GMM Hierarchical K-Means K-Means Plus MiniBatch K-Means GCN 0.,22.0,no,,0.0,no,,0.0,no,,0.0,no,,0.0,no,,0.0,no,no,no,no,no,no,
W4400890564,10.1007/s10664-024-10520-1,Prioritizing test cases for deep learning-based video classifiers,2024,A,Empirical Software Engineering,v1:Empirical Software Engineering,188,188,1.0,,126865.0,975.0,39.0,NO_METRIC,NO_METRIC,,0.0,,,,,,,,,,,,,,,,,,,,,,
W4401141387,10.1007/s10664-024-10507-y,Adopting automated bug assignment in practice — a longitudinal case study at Ericsson,2024,A,Empirical Software Engineering,v1:Empirical Software Engineering,188,188,1.0,,188835.0,1740.0,65.0,NO_ABLATION,NO_ABLATION,,0.0,,,,,,,,,,,,,,,,,,,,,,
W4401179469,10.1007/s10664-024-10502-3,Industrial adoption of machine learning techniques for early identification of invalid bug reports,2024,A,Empirical Software Engineering,v1:Empirical Software Engineering,188,188,1.0,,130749.0,1025.0,48.0,NO_ABLATION,INCLUDED,,0.0,,,,,,,,,,,,,,,,,,,,,,
W4401520495,10.1007/s10664-024-10525-w,Static analysis driven enhancements for comprehension in machine learning notebooks,2024,A,Empirical Software Engineering,v1:Empirical Software Engineering,188,188,1.0,,103075.0,867.0,36.0,NO_ABLATION,NO_ABLATION,,0.0,,,,,,,,,,,,,,,,,,,,,,
W4401634465,10.3390/pr12081730,Capability Indices for Digitized Industries: A Review and Outlook of Machine Learning Applications for Predictive Process Control,2024,B,Processes,v1:Processes,1,1,1.0,,,,,NO_FULLTEXT,,,,,,,,,,,,,,,,,,,,,,,,,
W4401646536,10.3390/info15080490,Optimized Early Prediction of Business Processes with Hyperdimensional Computing,2024,B,Information,v1:Information,2,2,1.0,,,,,NO_FULLTEXT,,,,,,,,,,,,,,,,,,,,,,,,,
W4401667316,10.1007/s10664-024-10533-w,Impact of log parsing on deep learning-based anomaly detection,2024,A,Empirical Software Engineering,v1:Empirical Software Engineering,188,188,1.0,,100646.0,738.0,34.0,NO_ABLATION,NO_ABLATION,,0.0,,,,,,,,,,,,,,,,,,,,,,
W4401669391,10.1007/s10664-024-10463-7,The best ends by the best means: ethical concerns in app reviews,2024,A,Empirical Software Engineering,v1:Empirical Software Engineering,188,188,1.0,,87826.0,780.0,30.0,INCLUDED,INCLUDED,The performance scores of the ﬁve evaluated classiﬁers with and without SMOTE (see Section 2.,19.0,no,,0.0,no,,0.0,no,,0.0,no,,0.0,no,,0.0,no,no,no,no,no,no,
W4401816671,10.1016/j.dss.2024.114304,HEX: Human-in-the-loop explainability via deep reinforcement learning,2024,A,Decision Support Systems,v1:Decision Support Systems,101,101,1.0,,,,,NO_FULLTEXT,,,,,,,,,,,,,,,,,,,,,,,,,
W4401833013,10.1016/j.dss.2024.114305,Reliability estimation for individual predictions in machine learning systems: A model reliability-based approach,2024,A,Decision Support Systems,v1:Decision Support Systems,101,101,1.0,,,,,NO_FULLTEXT,,,,,,,,,,,,,,,,,,,,,,,,,
W4402100982,10.1007/978-3-031-70396-6_3,Conformance Checking of Fuzzy Logs Against Declarative Temporal Specifications,2024,B,Lecture notes in computer science,v1:Lecture notes in computer science,12,12,1.0,,,,,NO_FULLTEXT,,,,,,,,,,,,,,,,,,,,,,,,,
W4402101027,10.1007/978-3-031-70396-6_21,Uncovering Patterns for Local Explanations in Outcome-Based Predictive Process Monitoring,2024,B,Lecture notes in computer science,v1:Lecture notes in computer science,12,12,1.0,,56118.0,404.0,18.0,NO_METRIC,NO_METRIC,,0.0,,,,,,,,,,,,,,,,,,,,,,
W4402253655,10.1016/j.dss.2024.114324,Modeling the co-diffusion of competing memes in online social networks,2024,A,Decision Support Systems,v1:Decision Support Systems,101,101,1.0,,,,,NO_FULLTEXT,,,,,,,,,,,,,,,,,,,,,,,,,
W4402592511,10.1109/tsc.2024.3463487,PROPHET: Explainable Predictive Process Monitoring With Heterogeneous Graph Neural Networks,2024,B,IEEE Transactions on Services Computing,v1:IEEE Transactions on Services Computing,5,5,1.0,,,,,NO_FULLTEXT,,,,,,,,,,,,,,,,,,,,,,,,,
W4402593721,10.1109/sse62657.2024.00030,Transformer Models with Explainability for IT Telemetry and Business Events,2024,B,,v1:nan,16,16,1.0,,,,,NO_FULLTEXT,,,,,,,,,,,,,,,,,,,,,,,,,
W4402735319,10.1016/j.is.2024.102461,Proactive conformance checking: An approach for predicting deviations in business processes,2024,A,Information Systems,v1:Information Systems,82,82,1.0,,98754.0,835.0,18.0,NO_METRIC,NO_METRIC,,0.0,,,,,,,,,,,,,,,,,,,,,,
W4402764024,10.1007/s10664-024-10508-x,Forecasting software indicators: an industry-academia collaboration,2024,A,Empirical Software Engineering,v1:Empirical Software Engineering,188,188,1.0,,147256.0,1108.0,49.0,NO_ABLATION,INCLUDED,,0.0,,,,,,,,,,,,,,,,,,,,,,
W4402781835,10.1007/s10844-024-00890-9,Nirdizati: an advanced predictive process monitoring toolkit,2024,B,Journal of Intelligent Information Systems,v1:Journal of Intelligent Information Systems,6,6,1.0,,97702.0,771.0,33.0,NO_METRIC,NO_METRIC,,0.0,,,,,,,,,,,,,,,,,,,,,,
W4402928874,10.1007/s44311-024-00002-4,"Predictive process monitoring: concepts, challenges, and future research directions",2024,B,Process Science,v1:Process Science,6,6,1.0,,80050.0,676.0,22.0,NO_METRIC,NO_METRIC,,0.0,,,,,,,,,,,,,,,,,,,,,,
W4402955848,10.1016/j.is.2024.102465,Using AI explainable models and handwriting/drawing tasks for psychological well-being,2024,A,Information Systems,v1:Information Systems,82,82,1.0,,,,,NO_FULLTEXT,,,,,,,,,,,,,,,,,,,,,,,,,
W4403147914,10.1016/j.is.2024.102474,Modeling higher-order social influence using multi-head graph attention autoencoder,2024,A,Information Systems,v1:Information Systems,82,82,1.0,,,,,NO_FULLTEXT,,,,,,,,,,,,,,,,,,,,,,,,,
W4403255280,10.1007/s10664-024-10441-z,Evaluating few-shot and contrastive learning methods for code clone detection,2024,A,Empirical Software Engineering,v1:Empirical Software Engineering,188,188,1.0,,,,,NO_FULLTEXT,,,,,,,,,,,,,,,,,,,,,,,,,
W4403271309,10.1016/j.is.2024.102472,Runtime integration of machine learning and simulation for business processes: Time and decision mining predictions,2024,A,Information Systems,v1:Information Systems,82,82,1.0,,103078.0,789.0,20.0,NO_METRIC,NO_METRIC,,0.0,,,,,,,,,,,,,,,,,,,,,,
W4403466466,10.1016/j.is.2024.102484,Emerging industry classification based on BERT model,2024,A,Information Systems,v1:Information Systems,82,82,1.0,,,,,NO_FULLTEXT,,,,,,,,,,,,,,,,,,,,,,,,,
W4403513204,10.3390/jtaer19040138,Cart-State-Aware Discovery of E-Commerce Visitor Journeys with Process Mining,2024,B,Journal of theoretical and applied electronic commerce research,v1:Journal of theoretical and applied electronic commerce research,1,1,1.0,,,,,NO_FULLTEXT,,,,,,,,,,,,,,,,,,,,,,,,,
W4403666828,10.1007/s44257-025-00031-8,Predictive process monitoring for collaborative business processes: concepts and application,2025,B,Discover Analytics,v1:Discover Analytics,1,1,1.0,,108792.0,892.0,30.0,NO_METRIC,NO_METRIC,,0.0,,,,,,,,,,,,,,,,,,,,,,
W4403727817,10.1016/j.sca.2024.100087,Evaluating early predictive performance of machine learning approaches for engineering change schedule – A case study using predictive process monitoring techniques,2024,B,Supply Chain Analytics,v1:Supply Chain Analytics,1,1,1.0,,,,,NO_FULLTEXT,,,,,,,,,,,,,,,,,,,,,,,,,
W4403886945,10.1007/s10664-024-10580-3,Approaching code search for python as a translation retrieval problem with dual encoders,2024,A,Empirical Software Engineering,v1:Empirical Software Engineering,188,188,1.0,,83085.0,702.0,29.0,NO_METRIC,NO_METRIC,,0.0,,,,,,,,,,,,,,,,,,,,,,
W4403946933,10.1007/s10664-024-10554-5,The effect of data complexity on classifier performance,2024,A,Empirical Software Engineering,v1:Empirical Software Engineering,188,188,1.0,,70842.0,681.0,23.0,NO_ABLATION,NO_ABLATION,,0.0,,,,,,,,,,,,,,,,,,,,,,
W4403989740,10.1007/s10664-024-10565-2,How do ML practitioners perceive explainability? an interview study of practices and challenges,2024,A,Empirical Software Engineering,v1:Empirical Software Engineering,188,188,1.0,,77126.0,519.0,25.0,NO_METRIC,NO_METRIC,,0.0,,,,,,,,,,,,,,,,,,,,,,
W4404022055,10.1007/s10664-026-10899-z,"An empirical study on logging evolution on stack overflow: trends, topics, and challenges",2026,A,Empirical Software Engineering,v1:Empirical Software Engineering,188,188,1.0,,147324.0,1355.0,47.0,NO_METRIC,NO_METRIC,,0.0,,,,,,,,,,,,,,,,,,,,,,
W4404342032,10.1016/j.im.2024.104065,Empowering crisis information extraction through actionability event schemata and domain-adaptive pre-training,2024,A,Information & Management,v1:Information & Management,20,20,1.0,,,,,NO_FULLTEXT,,,,,,,,,,,,,,,,,,,,,,,,,
W4404406203,10.1007/s10664-024-10564-3,Can search-based testing with pareto optimization effectively cover failure-revealing test inputs?,2024,A,Empirical Software Engineering,v1:Empirical Software Engineering,188,188,1.0,,125063.0,982.0,39.0,NO_METRIC,NO_METRIC,,0.0,,,,,,,,,,,,,,,,,,,,,,
W4404436795,10.1016/j.im.2024.104055,Sentiment-devoid lexicons: A novel method for domain-specific textual analysis in business and governance documents,2024,A,Information & Management,v1:Information & Management,20,20,1.0,,,,,NO_FULLTEXT,,,,,,,,,,,,,,,,,,,,,,,,,
W4404646207,10.1016/j.datak.2024.102379,White box specification of intervention policies for prescriptive process monitoring,2024,B,Data & Knowledge Engineering,v1:Data & Knowledge Engineering,2,2,1.0,,,,,NO_FULLTEXT,,,,,,,,,,,,,,,,,,,,,,,,,
W4404674436,10.1007/s10115-024-02280-7,Partially ordered stochastic conformance checking,2024,B,Knowledge and Information Systems,v1:Knowledge and Information Systems,6,6,1.0,,79892.0,711.0,30.0,NO_METRIC,NO_METRIC,,0.0,,,,,,,,,,,,,,,,,,,,,,
W4404791108,10.1080/00207543.2024.2432465,Predicting schedule adherence of engineering changes – a case study on effectivity date adherence prediction using machine learning,2024,B,International Journal of Production Research,v1:International Journal of Production Research,1,1,1.0,,,,,NO_FULLTEXT,,,,,,,,,,,,,,,,,,,,,,,,,
W4404905359,10.1016/j.is.2024.102496,VOOL: A modular insight-based framework for vocalizing OLAP sessions,2024,A,Information Systems,v1:Information Systems,82,82,1.0,,,,,NO_FULLTEXT,,,,,,,,,,,,,,,,,,,,,,,,,
W4405040559,10.1016/j.im.2024.104089,E-mail overload: Exploring employees’ experiences using e-mail during worktime and leisure time and consequences for their subjective well-being,2024,A,Information & Management,v1:Information & Management,20,20,1.0,,145526.0,1209.0,73.0,NO_METRIC,NO_METRIC,,0.0,,,,,,,,,,,,,,,,,,,,,,
W4405214961,10.1177/00368504241292196,Multi-task learning with multi-gate mixture of transformer-based experts for predictive process monitoring in manufacturing,2024,B,Science Progress,v1:Science Progress,1,1,1.0,,,,,NO_FULLTEXT,,,,,,,,,,,,,,,,,,,,,,,,,
W4405395379,10.1016/j.is.2024.102507,Bayesian label distribution propagation: A semi-supervised probabilistic k nearest neighbor classifier,2024,A,Information Systems,v1:Information Systems,82,82,1.0,,61757.0,472.0,13.0,NO_ABLATION,INCLUDED,,0.0,,,,,,,,,,,,,,,,,,,,,,
W4405400256,10.1007/s10664-024-10572-3,Collaboration failure analysis in cyber-physical system-of-systems using context fuzzy clustering,2024,A,Empirical Software Engineering,v1:Empirical Software Engineering,188,188,1.0,,80209.0,617.0,29.0,NO_ABLATION,NO_ABLATION,,0.0,,,,,,,,,,,,,,,,,,,,,,
W4405423279,10.1016/j.engappai.2024.109772,Developing guidelines for functionally-grounded evaluation of explainable artificial intelligence using tabular data,2024,B,Engineering Applications of Artificial Intelligence,v1:Engineering Applications of Artificial Intelligence,8,8,1.0,,,,,NO_FULLTEXT,,,,,,,,,,,,,,,,,,,,,,,,,
W4405436972,10.1016/j.is.2024.102510,"Approximate conformance checking: Fast computation of multi-perspective, probabilistic alignments",2024,A,Information Systems,v1:Information Systems,82,82,1.0,,,,,NO_FULLTEXT,,,,,,,,,,,,,,,,,,,,,,,,,
W4405469720,10.1007/s10664-026-10892-6,Rethinking software misconfigurations in the real world: an empirical study and literature analysis,2026,A,Empirical Software Engineering,v1:Empirical Software Engineering,188,188,1.0,,133717.0,1234.0,48.0,NO_METRIC,NO_METRIC,,0.0,,,,,,,,,,,,,,,,,,,,,,
W4405570938,10.1007/s10664-024-10583-0,Measuring model alignment for code clone detection using causal interpretation,2024,A,Empirical Software Engineering,v1:Empirical Software Engineering,188,188,1.0,,,,,NO_FULLTEXT,,,,,,,,,,,,,,,,,,,,,,,,,
W4405668734,10.1016/j.is.2024.102495,Capturing end-to-end provenance for machine learning pipelines,2024,A,Information Systems,v1:Information Systems,82,82,1.0,,68729.0,570.0,16.0,NO_METRIC,NO_METRIC,,0.0,,,,,,,,,,,,,,,,,,,,,,
W4405702048,10.1007/s10664-024-10584-z,An empirical study of business process models and model clones on GitHub,2024,A,Empirical Software Engineering,v1:Empirical Software Engineering,188,188,1.0,,144898.0,1251.0,46.0,NO_ABLATION,NO_ABLATION,,0.0,,,,,,,,,,,,,,,,,,,,,,
W4405740809,10.1016/j.dss.2024.114378,Can causal machine learning reveal individual bid responses of bank customers? — A study on mortgage loan applications in Belgium,2024,A,Decision Support Systems,v1:Decision Support Systems,101,101,1.0,,,,,NO_FULLTEXT,,,,,,,,,,,,,,,,,,,,,,,,,
W4406320387,10.1016/j.is.2025.102523,On the use of trajectory data for tackling data scarcity,2025,A,Information Systems,v1:Information Systems,82,82,1.0,,,,,NO_FULLTEXT,,,,,,,,,,,,,,,,,,,,,,,,,
W4406550498,10.1007/s10664-024-10608-8,On the suitability of hugging face hub for empirical studies,2025,A,Empirical Software Engineering,v1:Empirical Software Engineering,188,188,1.0,,142147.0,1212.0,51.0,NO_METRIC,NO_METRIC,,0.0,,,,,,,,,,,,,,,,,,,,,,
W4406622180,10.1007/s10664-024-10606-w,"Come for syntax, stay for speed, write secure code: an empirical study of security weaknesses in Julia programs",2025,A,Empirical Software Engineering,v1:Empirical Software Engineering,188,188,1.0,,112422.0,1024.0,39.0,NO_METRIC,NO_METRIC,,0.0,,,,,,,,,,,,,,,,,,,,,,
W4406923810,10.1016/j.dss.2025.114406,Multimodal review helpfulness prediction with a multi-level cognitive reasoning mechanism: A theory-driven graph learning model,2025,A,Decision Support Systems,v1:Decision Support Systems,101,101,1.0,,,,,NO_FULLTEXT,,,,,,,,,,,,,,,,,,,,,,,,,
W4407009461,10.1016/j.dss.2025.114402,Tell me a story! Narrative-driven XAI with Large Language Models,2025,A,Decision Support Systems,v1:Decision Support Systems,101,101,1.0,,,,,NO_FULLTEXT,,,,,,,,,,,,,,,,,,,,,,,,,
W4407058968,10.1007/s12599-024-00911-5,Business Process Deviance Mining with Sequential and Declarative Patterns,2025,B,Business & Information Systems Engineering,v1:Business & Information Systems Engineering,7,7,1.0,,83271.0,663.0,18.0,NO_METRIC,NO_METRIC,,0.0,,,,,,,,,,,,,,,,,,,,,,
W4407176632,10.1186/s12911-025-02898-9,Healthcare trajectories of aging individuals during their last year of life: application of process mining methods to administrative health databases,2025,B,BMC Medical Informatics and Decision Making,v1:BMC Medical Informatics and Decision Making,2,2,1.0,,79089.0,650.0,16.0,NO_METRIC,NO_METRIC,,0.0,,,,,,,,,,,,,,,,,,,,,,
W4407264242,10.1016/j.is.2025.102528,Advancing EHR analysis: Predictive medication modeling using LLMs,2025,A,Information Systems,v1:Information Systems,82,82,1.0,,,,,NO_FULLTEXT,,,,,,,,,,,,,,,,,,,,,,,,,
W4407310058,10.1007/s10664-026-10827-1,Classifier or prompt: A case study on legal requirements traceability,2026,A,Empirical Software Engineering,v1:Empirical Software Engineering,188,188,1.0,,141478.0,1275.0,32.0,NO_ABLATION,NO_ABLATION,,0.0,,,,,,,,,,,,,,,,,,,,,,
W4407538128,10.1007/s13218-024-00878-1,Interpretability in Predictive Process Monitoring Using Process Models: An Expert Evaluation of the VisInter4PPM Framework,2025,B,K&uuml;nstliche Intell.,v1:K&uuml;nstliche Intell.,2,2,1.0,,,,,NO_FULLTEXT,,,,,,,,,,,,,,,,,,,,,,,,,
W4407706105,10.1007/s10664-025-10625-1,Design pattern recognition: a study of large language models,2025,A,Empirical Software Engineering,v1:Empirical Software Engineering,188,188,1.0,,130716.0,1041.0,45.0,NO_ABLATION,INCLUDED,,0.0,,,,,,,,,,,,,,,,,,,,,,
W4407706634,10.1007/s10664-025-10624-2,Boosting source code learning with text-oriented data augmentation: an empirical study,2025,A,Empirical Software Engineering,v1:Empirical Software Engineering,188,188,1.0,,,,,NO_FULLTEXT,,,,,,,,,,,,,,,,,,,,,,,,,
W4407809720,10.1007/s10664-025-10617-1,Hold on! is my feedback useful? evaluating the usefulness of code review comments,2025,A,Empirical Software Engineering,v1:Empirical Software Engineering,188,188,1.0,,118229.0,803.0,43.0,INCLUDED,INCLUDED,"Regarding usefulness prediction models, only recent commercial GPT-4o and then tailored preprocessing-based Bag-of-Word with TF-IDF model outperforms all previous and existing models with the largest margins without code changes or other aspects of features.",35.0,yes,"For setting baseline scores, we use the classifiers as they are in their respective artifacts/papers, and we utilize the available input features.",18.0,no,,0.0,no,,0.0,unclear,"Unlike p-values, effect size, and correlation measures, the importance scores lack interpretable threshold values.",12.0,no,,0.0,unclear,unclear,no,unclear,no,no,
W4408444355,10.1016/j.is.2025.102549,The effects of data quality on machine learning performance on tabular data,2025,A,Information Systems,v1:Information Systems,82,82,1.0,,113067.0,960.0,19.0,NO_ABLATION,INCLUDED,,0.0,,,,,,,,,,,,,,,,,,,,,,
W4408464377,10.1007/s13218-025-00887-8,Predictive Process Monitoring for Airport Operational Support,2025,B,K&uuml;nstliche Intell.,v1:K&uuml;nstliche Intell.,2,2,1.0,,93616.0,824.0,19.0,INCLUDED,INCLUDED,"As can be seen, including intercase features resulted in a minimal but general performance increase for both prediction tasks.",8.0,no,,0.0,no,,0.0,no,,0.0,no,,0.0,no,,0.0,unclear,no,no,unclear,unclear,no,
W4408469030,10.1016/j.engappai.2025.110363,Integrating permutation feature importance with conformal prediction for robust Explainable Artificial Intelligence in predictive process monitoring,2025,B,Engineering Applications of Artificial Intelligence,v1:Engineering Applications of Artificial Intelligence,8,8,1.0,,,,,NO_FULLTEXT,,,,,,,,,,,,,,,,,,,,,,,,,
W4408827188,10.1016/j.dss.2025.114438,Predicting stock price movement using social network analytics: Posts are sometimes less useful,2025,A,Decision Support Systems,v1:Decision Support Systems,101,101,1.0,,,,,NO_FULLTEXT,,,,,,,,,,,,,,,,,,,,,,,,,
W4408963678,10.1007/s10994-025-06756-7,Temporal ensemble of multiple patterns’ instances for continuous prediction of events,2025,B,Machine Learning,v1:Machine Learning,2,2,1.0,,111832.0,946.0,42.0,NO_METRIC,NO_METRIC,,0.0,,,,,,,,,,,,,,,,,,,,,,
W4408985541,10.1007/978-3-031-82225-4_21,Multivariate Approaches for Process Model Forecasting,2025,B,Lecture notes in business information processing,v1:Lecture notes in business information processing,33,33,1.0,,37216.0,313.0,14.0,NO_METRIC,NO_METRIC,,0.0,,,,,,,,,,,,,,,,,,,,,,
W4408985702,10.1007/978-3-031-82225-4_22,Enhancing Predictive Process Monitoring Using Semantic Information,2025,B,Lecture notes in business information processing,v1:Lecture notes in business information processing,33,33,1.0,,31740.0,308.0,13.0,NO_METRIC,NO_METRIC,,0.0,,,,,,,,,,,,,,,,,,,,,,
W4408985718,10.1007/978-3-031-82225-4_15,On the Impact of Low-Quality Activity Labels in Predictive Process Monitoring,2025,B,Lecture notes in business information processing,v1:Lecture notes in business information processing,33,33,1.0,,34078.0,283.0,13.0,NO_ABLATION,NO_ABLATION,,0.0,,,,,,,,,,,,,,,,,,,,,,
W4408985732,10.1007/978-3-031-82225-4_19,CaLenDiR: Mitigating Case-Length Distortion in Deep-Learning-Based Predictive Process Monitoring,2025,B,Lecture notes in business information processing,v1:Lecture notes in business information processing,33,33,1.0,,41869.0,349.0,14.0,NO_METRIC,NO_METRIC,,0.0,,,,,,,,,,,,,,,,,,,,,,
W4408985736,10.1007/978-3-031-82225-4_31,Predicting Unplanned Hospital Readmissions Using Outcome-Oriented Predictive Process Mining,2025,B,Lecture notes in business information processing,v1:Lecture notes in business information processing,33,33,1.0,,37499.0,332.0,13.0,NO_ABLATION,INCLUDED,,0.0,,,,,,,,,,,,,,,,,,,,,,
W4408993009,10.1016/j.dss.2025.114439,Dynamic model selection in enterprise forecasting systems using sequence modeling,2025,A,Decision Support Systems,v1:Decision Support Systems,101,101,1.0,,,,,NO_FULLTEXT,,,,,,,,,,,,,,,,,,,,,,,,,
W4409158483,10.1145/3690624.3709193,Path Complex Neural Networks for Sequential Process Activities Classification,2025,B,,v1:nan,16,16,1.0,,,,,NO_FULLTEXT,,,,,,,,,,,,,,,,,,,,,,,,,
W4409569134,10.2139/ssrn.5222009,Dynamic Cloud Manufacturing Service Composition Based on Runtime Qos Prediction: A Predictive Process Monitoring-Based,2025,B,SSRN Electronic Journal,v1:SSRN Electronic Journal,8,8,1.0,,,,,NO_FULLTEXT,,,,,,,,,,,,,,,,,,,,,,,,,
W4409649497,10.1007/s10664-025-10660-y,Leveraging encoder-only large language models for mobile app review feature extraction,2025,A,Empirical Software Engineering,v1:Empirical Software Engineering,188,188,1.0,,,,,NO_FULLTEXT,,,,,,,,,,,,,,,,,,,,,,,,,
W4409839403,10.1016/j.dss.2025.114457,Using large multimodal models to predict outfit compatibility,2025,A,Decision Support Systems,v1:Decision Support Systems,101,101,1.0,,,,,NO_FULLTEXT,,,,,,,,,,,,,,,,,,,,,,,,,
W4409883235,10.1109/tsc.2025.3562338,Business Process Remaining Time Prediction Based on Incremental Event Logs,2025,B,IEEE Transactions on Services Computing,v1:IEEE Transactions on Services Computing,5,5,1.0,,,,,NO_FULLTEXT,,,,,,,,,,,,,,,,,,,,,,,,,
W4410008690,10.1007/s44311-025-00011-x,Approaches for IoT-enhanced predictive process monitoring,2025,B,Process Science,v1:Process Science,6,6,1.0,,67829.0,494.0,24.0,NO_METRIC,NO_METRIC,,0.0,,,,,,,,,,,,,,,,,,,,,,
W4410172493,10.1007/s10664-025-10659-5,A comparative study on reward models for user interface adaptation with reinforcement learning,2025,A,Empirical Software Engineering,v1:Empirical Software Engineering,188,188,1.0,,153443.0,1195.0,48.0,INCLUDED,INCLUDED,"However, we introduced a third system without any adaptive features (nonadaptive, NA) to serve as a baseline for assessing the improvement in UX compared to the adaptive UIs.",16.0,no,,0.0,no,,0.0,no,,0.0,unclear,The questionnaires were considered to be reliable if the overall coefﬁcient exceeded the acceptable minimum threshold (α ≥0.,23.0,no,,0.0,unclear,no,no,unclear,no,yes,"To build this model, we conducted an experiment with 25 Master’s degree students who interacted with various UI conﬁgurations while completing tasks in an e-commerce catalog."
W4410282446,10.1016/j.is.2025.102565,"Finding HSP neighbors via an exact, hierarchical approach",2025,A,Information Systems,v1:Information Systems,82,82,1.0,,,,,NO_FULLTEXT,,,,,,,,,,,,,,,,,,,,,,,,,
W4410392247,10.1007/978-3-031-92474-3_24,Investigating Tailored Retraining for Online Process Predictions Using Log Features,2025,B,Lecture notes in business information processing,v1:Lecture notes in business information processing,33,33,1.0,,,,,NO_FULLTEXT,,,,,,,,,,,,,,,,,,,,,,,,,
W4410427754,10.1109/aixdke63520.2024.00025,Impact of Inter-Case Features on Structure-Aware Next Activity Prediction,2024,B,,v1:nan,16,16,1.0,,37791.0,310.0,7.0,NO_METRIC,NO_METRIC,,0.0,,,,,,,,,,,,,,,,,,,,,,
W4410495528,10.1016/j.dss.2025.114475,More than meets the eye: Feature concerns and suggestions in mobile XR app reviews,2025,A,Decision Support Systems,v1:Decision Support Systems,101,101,1.0,,,,,NO_FULLTEXT,,,,,,,,,,,,,,,,,,,,,,,,,
W4410508545,10.1016/j.eswa.2025.128224,Leveraging a large language model (LLM) to predict hospital admissions of emergency department patients,2025,B,Expert Systems with Applications,v1:Expert Systems with Applications,2,2,1.0,,,,,NO_FULLTEXT,,,,,,,,,,,,,,,,,,,,,,,,,
W4410540577,10.1007/s44311-025-00017-5,Generating multiperspective process traces using conditional variational autoencoders,2025,B,Process Science,v1:Process Science,6,6,1.0,,125087.0,947.0,39.0,NO_METRIC,NO_METRIC,,0.0,,,,,,,,,,,,,,,,,,,,,,
W4410718929,10.1007/s10115-025-02461-y,A comparative analysis of predictive process monitoring: object-centric versus classical event logs,2025,B,Knowledge and Information Systems,v1:Knowledge and Information Systems,6,6,1.0,,145688.0,1068.0,44.0,NO_ABLATION,INCLUDED,,0.0,,,,,,,,,,,,,,,,,,,,,,
W4410749190,10.1007/s10664-025-10674-6,Enhancing line-level defect prediction using bilinear attention fusion and ranking optimization,2025,A,Empirical Software Engineering,v1:Empirical Software Engineering,188,188,1.0,,,,,NO_FULLTEXT,,,,,,,,,,,,,,,,,,,,,,,,,
W4411096365,10.1145/3743672,A Survey on Event Prediction Methods from a Systems Perspective: Bringing Together Disparate Research Areas,2025,B,ACM Computing Surveys,v1:ACM Computing Surveys,1,1,1.0,,,,,NO_FULLTEXT,,,,,,,,,,,,,,,,,,,,,,,,,
W4411294574,10.1007/978-3-031-95397-2_10,Predicting Unseen Process Behavior Based on Log Injection,2025,B,Lecture notes in business information processing,v1:Lecture notes in business information processing,33,33,1.0,,,,,NO_FULLTEXT,,,,,,,,,,,,,,,,,,,,,,,,,
W4411310249,10.1007/s10844-025-00955-3,Handling concept drifts with traditional process discovery algorithms,2025,B,Journal of Intelligent Information Systems,v1:Journal of Intelligent Information Systems,6,6,1.0,,99031.0,903.0,35.0,NO_METRIC,NO_METRIC,,0.0,,,,,,,,,,,,,,,,,,,,,,
W4411310256,10.1007/978-3-031-94571-7_3,The Role of Explanation Styles and Perceived Accuracy on Decision Making in Predictive Process Monitoring,2025,B,Lecture notes in computer science,v1:Lecture notes in computer science,12,12,1.0,,,,,NO_FULLTEXT,,,,,,,,,,,,,,,,,,,,,,,,,
W4411329674,10.1016/j.dss.2025.114493,Handling imperfection: A taxonomy for machine learning on data with data quality defects,2025,A,Decision Support Systems,v1:Decision Support Systems,101,101,1.0,,,,,NO_FULLTEXT,,,,,,,,,,,,,,,,,,,,,,,,,
W4411371986,10.1016/j.is.2025.102576,Data-driven prescriptive analytics applications: A comprehensive survey,2025,A,Information Systems,v1:Information Systems,82,82,1.0,,,,,NO_FULLTEXT,,,,,,,,,,,,,,,,,,,,,,,,,
W4411440374,10.1007/s10664-025-10661-x,Supporting multi-dimensional unit test classification,2025,A,Empirical Software Engineering,v1:Empirical Software Engineering,188,188,1.0,,,,,NO_FULLTEXT,,,,,,,,,,,,,,,,,,,,,,,,,
W4411460585,10.1007/s44311-025-00020-w,LTL-based conformance checking of fuzzy event logs,2025,B,Process Science,v1:Process Science,6,6,1.0,,94304.0,706.0,30.0,NO_METRIC,NO_METRIC,,0.0,,,,,,,,,,,,,,,,,,,,,,
W4411538180,10.1007/s10664-025-10669-3,A comprehensive study of machine learning techniques for log-based anomaly detection,2025,A,Empirical Software Engineering,v1:Empirical Software Engineering,188,188,1.0,,173013.0,1780.0,59.0,NO_METRIC,NO_METRIC,,0.0,,,,,,,,,,,,,,,,,,,,,,
W4411980586,10.1186/s13677-025-00763-8,Comparative evaluation of encoding techniques for workflow process remaining time prediction for cloud applications,2025,B,Journal of Cloud Computing Advances Systems and Applications,v1:Journal of Cloud Computing Advances Systems and Applications,1,1,1.0,,47915.0,378.0,12.0,NO_METRIC,NO_METRIC,,0.0,,,,,,,,,,,,,,,,,,,,,,
W4412039798,10.1007/s10664-025-10622-4,AI support for data scientists: An empirical study on workflow and alternative code recommendations,2025,A,Empirical Software Engineering,v1:Empirical Software Engineering,188,188,1.0,,93368.0,738.0,36.0,NO_METRIC,NO_METRIC,,0.0,,,,,,,,,,,,,,,,,,,,,,
W4412422910,10.1016/j.dss.2025.114508,Stock habitats and information flow: How do different co-attention behaviors in online communities shape market reactions?,2025,A,Decision Support Systems,v1:Decision Support Systems,101,101,1.0,,,,,NO_FULLTEXT,,,,,,,,,,,,,,,,,,,,,,,,,
W4412431056,10.1016/j.engappai.2025.111387,Outcome-oriented local explanation using context-aware process patterns,2025,B,Engineering Applications of Artificial Intelligence,v1:Engineering Applications of Artificial Intelligence,8,8,1.0,,144014.0,1136.0,27.0,INCLUDED,INCLUDED,"Inspired by ablation studies, the aim of this analysis is to determine how the inclusion of the different types of process context, either within the context-aware patterns (FCP, DCP) or the feature vector (CALL), impacts the fidelity of the surrogate model.",9.0,unclear,"From the features selected by RFECV, discriminative rules are generated using the refined DT model and are encapsulated in .",7.0,no,,0.0,no,,0.0,unclear,", ≤, ≥, =, ≠) • 𝜔𝑖 is the value or threshold that feature 𝑖 is compared against • 𝑐𝑗∈ is the associated outcome for rule  Definition 6 (Process Pattern).",5.0,no,,0.0,unclear,no,no,unclear,yes,no,
W4412452014,10.1016/j.im.2025.104212,Employee Participation in Digital Transformation: From Digitalization Sentiment to Transformation Predisposition,2025,A,Information & Management,v1:Information & Management,20,20,1.0,,,,,NO_FULLTEXT,,,,,,,,,,,,,,,,,,,,,,,,,
W4412452054,10.1016/j.im.2025.104211,Trolling in social media: A deindividuation and contagion perspective,2025,A,Information & Management,v1:Information & Management,20,20,1.0,,,,,NO_FULLTEXT,,,,,,,,,,,,,,,,,,,,,,,,,
W4412473112,10.3390/app15147925,Uncertainty-Aware Predictive Process Monitoring in Healthcare: Explainable Insights into Probability Calibration for Conformal Prediction,2025,B,Applied Sciences,v1:Applied Sciences,2,2,1.0,,,,,NO_FULLTEXT,,,,,,,,,,,,,,,,,,,,,,,,,
W4412541976,10.1007/s10664-025-10690-6,Shaky structures: The wobbly world of causal graphs in software analytics,2025,A,Empirical Software Engineering,v1:Empirical Software Engineering,188,188,1.0,,77178.0,678.0,29.0,NO_ABLATION,INCLUDED,,0.0,,,,,,,,,,,,,,,,,,,,,,
W4412573266,10.1007/s10664-025-10677-3,Accessibility rank: a machine learning approach for prioritizing accessibility user feedback,2025,A,Empirical Software Engineering,v1:Empirical Software Engineering,188,188,1.0,,83300.0,700.0,25.0,NO_ABLATION,NO_ABLATION,,0.0,,,,,,,,,,,,,,,,,,,,,,
W4412573775,10.1007/s10664-025-10696-0,"Detection, classification and prevalence of self-admitted aging debt",2025,A,Empirical Software Engineering,v1:Empirical Software Engineering,188,188,1.0,,143034.0,1166.0,50.0,NO_ABLATION,INCLUDED,,0.0,,,,,,,,,,,,,,,,,,,,,,
W4413219439,10.1007/s10664-025-10693-3,Adversarial attack classification and robustness testing for large language models for code,2025,A,Empirical Software Engineering,v1:Empirical Software Engineering,188,188,1.0,,152235.0,1038.0,35.0,NO_METRIC,NO_METRIC,,0.0,,,,,,,,,,,,,,,,,,,,,,
W4413704800,10.1007/978-3-032-02929-4_18,Predicting Newcomer Capabilities and Performance in Process Execution,2025,B,Lecture notes in business information processing,v1:Lecture notes in business information processing,33,33,1.0,,,,,NO_FULLTEXT,,,,,,,,,,,,,,,,,,,,,,,,,
W4413850094,10.1016/j.is.2026.102747,DFIMformer: Dynamic frequency-enhanced iTransformer for multiscale time series forecasting,2026,A,Information Systems,v1:Information Systems,82,82,1.0,,,,,NO_FULLTEXT,,,,,,,,,,,,,,,,,,,,,,,,,
W4413850114,10.1016/j.is.2026.102762,Neuro-Symbolic Predictive Process Monitoring,2026,A,Information Systems,v1:Information Systems,82,82,1.0,,,,,NO_FULLTEXT,,,,,,,,,,,,,,,,,,,,,,,,,
W4413850152,10.2139/ssrn.5421036,Flexible Event Log Generation Using Answer Set Programming,2025,B,SSRN Electronic Journal,v1:SSRN Electronic Journal,8,8,1.0,,,,,NO_FULLTEXT,,,,,,,,,,,,,,,,,,,,,,,,,
W4413884248,10.1016/j.im.2025.104243,Topic diversity and review usefulness: A text-based analysis,2025,A,Information & Management,v1:Information & Management,20,20,1.0,,,,,NO_FULLTEXT,,,,,,,,,,,,,,,,,,,,,,,,,
W4413964031,10.1007/s10664-025-10683-5,Measuring SES-related traits relating to technology usage: Two validated surveys,2025,A,Empirical Software Engineering,v1:Empirical Software Engineering,188,188,1.0,,130201.0,1045.0,38.0,NO_METRIC,NO_METRIC,,0.0,,,,,,,,,,,,,,,,,,,,,,
W4414048930,10.1016/j.dss.2025.114528,Modeling hybrid firm relationships with graph neural networks for stock investment decisions,2025,A,Decision Support Systems,v1:Decision Support Systems,101,101,1.0,,,,,NO_FULLTEXT,,,,,,,,,,,,,,,,,,,,,,,,,
W4414057033,10.1016/j.dss.2025.114527,Social capital matters: Towards comprehensive user preference for product recommendation with deep learning,2025,A,Decision Support Systems,v1:Decision Support Systems,101,101,1.0,,,,,NO_FULLTEXT,,,,,,,,,,,,,,,,,,,,,,,,,
W4414220440,10.1016/j.dss.2026.114755,"Understanding individual online social exclusion: Conceptualization, scale development, and validation",2026,A,Decision Support Systems,v1:Decision Support Systems,101,101,1.0,,,,,NO_FULLTEXT,,,,,,,,,,,,,,,,,,,,,,,,,
W4414243449,10.1016/j.dss.2025.114540,Emotion aware session based news recommender systems,2025,A,Decision Support Systems,v1:Decision Support Systems,101,101,1.0,,,,,NO_FULLTEXT,,,,,,,,,,,,,,,,,,,,,,,,,
W4414285310,10.1016/j.is.2025.102628,Predicting multidimensional cubes through intentional analytics,2025,A,Information Systems,v1:Information Systems,82,82,1.0,,,,,NO_FULLTEXT,,,,,,,,,,,,,,,,,,,,,,,,,
W4414493140,10.1007/s10664-025-10697-z,When uncertainty leads to unsafety: Empirical insights into the role of uncertainty in unmanned aerial vehicle safety,2025,A,Empirical Software Engineering,v1:Empirical Software Engineering,188,188,1.0,,107672.0,877.0,37.0,NO_ABLATION,NO_ABLATION,,0.0,,,,,,,,,,,,,,,,,,,,,,
W4414677647,10.1016/j.is.2025.102632,BBQ-Tree: A unified classifier and regressor combining Boolean and quantum logic decisions,2025,A,Information Systems,v1:Information Systems,82,82,1.0,,,,,NO_FULLTEXT,,,,,,,,,,,,,,,,,,,,,,,,,
W4414756247,10.1007/s10664-026-10894-4,Software dependencies 2.0: An empirical study of reuse and integration of pre-trained models in open-source projects,2026,A,Empirical Software Engineering,v1:Empirical Software Engineering,188,188,1.0,,166598.0,1586.0,61.0,NO_METRIC,NO_METRIC,,0.0,,,,,,,,,,,,,,,,,,,,,,
W4414915885,10.1007/s10664-025-10706-1,Ecosystem-wide influences on pull request decisions: insights from NPM,2025,A,Empirical Software Engineering,v1:Empirical Software Engineering,188,188,1.0,,158334.0,1474.0,43.0,INCLUDED,INCLUDED,"To evaluate the predictive strength of groups of variables, an inverse ablation study was performed (i.",15.0,unclear,"Table 1 overviews the variables included in this study, which are the principal factors reported by Zhang et al.",6.0,yes,We omitted one recommended variable regarding continuous integration because it is difficult to collect this data.,33.0,no,,0.0,unclear,"Outliers were removed using Cook’s distance (Cook 2000), filtering data points that affect regression coefficients disproportionally, using a cut-off threshold of 4/(n −k −1), where Table 3 Overview of the contribution and collaboration variables used to answer RQ1-4 Name Description Contribution va",14.0,no,,0.0,unclear,no,no,unclear,unclear,no,
W4414971334,10.1007/s10270-025-01321-1,Enhancing explainability in process variant analysis: a framework for detecting and interpreting control-flow changes,2025,B,Software & Systems Modeling,v1:Software & Systems Modeling,2,2,1.0,,136462.0,1171.0,42.0,NO_METRIC,NO_METRIC,,0.0,,,,,,,,,,,,,,,,,,,,,,
W4415152031,10.1007/s10462-025-11399-0,Interpretable and explainable machine learning methods for predictive process monitoring: a systematic literature review,2025,B,Artificial Intelligence Review,v1:Artificial Intelligence Review,2,2,1.0,,226714.0,1764.0,92.0,NO_METRIC,NO_METRIC,,0.0,,,,,,,,,,,,,,,,,,,,,,
W4415313186,10.1016/j.dss.2025.114557,All risks ain't the same – A risk facets perspective on AI-based decision support systems,2025,A,Decision Support Systems,v1:Decision Support Systems,101,101,1.0,,,,,NO_FULLTEXT,,,,,,,,,,,,,,,,,,,,,,,,,
W4415369485,10.1007/s10664-025-10710-5,Exploring the black box: analysing explainable AI challenges and best practices through stack exchange discussions,2025,A,Empirical Software Engineering,v1:Empirical Software Engineering,188,188,1.0,,173343.0,1433.0,57.0,NO_METRIC,NO_METRIC,,0.0,,,,,,,,,,,,,,,,,,,,,,
W4415647391,10.1007/s10664-025-10749-4,A zero-shot framework for cross-project vulnerability detection in source code,2025,A,Empirical Software Engineering,v1:Empirical Software Engineering,188,188,1.0,,82307.0,668.0,27.0,NO_METRIC,NO_METRIC,,0.0,,,,,,,,,,,,,,,,,,,,,,
W4415776450,10.1007/s10664-025-10736-9,Improving the Multi-Class Classification of Non-Functional Requirements in Spanish: A Study of Dataset Balancing and Performance,2025,A,Empirical Software Engineering,v1:Empirical Software Engineering,188,188,1.0,,152617.0,1185.0,55.0,NO_ABLATION,INCLUDED,,0.0,,,,,,,,,,,,,,,,,,,,,,
W4415819590,10.1016/j.is.2025.102642,Enhancing next activity prediction in process mining with Retrieval-Augmented Generation,2025,A,Information Systems,v1:Information Systems,82,82,1.0,,,,,NO_FULLTEXT,,,,,,,,,,,,,,,,,,,,,,,,,
W4415830362,10.1007/s10664-025-10742-x,"The whos, whats, and whys of issues related to personal data and data protection in open-source projects on GitHub",2025,A,Empirical Software Engineering,v1:Empirical Software Engineering,188,188,1.0,,148817.0,1176.0,51.0,NO_ABLATION,INCLUDED,,0.0,,,,,,,,,,,,,,,,,,,,,,
W4415830470,10.1007/s10664-025-10733-y,Tools and benchmarks evolve: what is their impact on parameter tuning in SBSE experiments?,2025,A,Empirical Software Engineering,v1:Empirical Software Engineering,188,188,1.0,,187804.0,1337.0,73.0,NO_METRIC,NO_METRIC,,0.0,,,,,,,,,,,,,,,,,,,,,,
W4415879521,10.1016/j.is.2025.102644,Nine years later: Reflecting on our article,2025,A,Information Systems,v1:Information Systems,82,82,1.0,,,,,NO_FULLTEXT,,,,,,,,,,,,,,,,,,,,,,,,,
W4415974876,10.1016/j.procs.2025.09.470,Enhancing ESG Reporting Through Process Mining: A Taxonomy of ESG Events,2025,B,Procedia Computer Science,v1:Procedia Computer Science,1,1,1.0,,,,,NO_FULLTEXT,,,,,,,,,,,,,,,,,,,,,,,,,
W4416185423,10.2139/ssrn.5745626,A Calibration-Driven Ensemble Framework for Business Process Automation Exception Prediction and Recovery Recommendation,2025,B,SSRN Electronic Journal,v1:SSRN Electronic Journal,8,8,1.0,,,,,NO_FULLTEXT,,,,,,,,,,,,,,,,,,,,,,,,,
W4416189323,10.1007/s10664-025-10774-3,An exploratory eye tracking study on how developers classify and debug Python code in different paradigms,2026,A,Empirical Software Engineering,v1:Empirical Software Engineering,188,188,1.0,,112568.0,929.0,48.0,NO_METRIC,NO_METRIC,,0.0,,,,,,,,,,,,,,,,,,,,,,
W4416582848,10.1109/access.2025.3636194,Continual Learning Approach With Adaptive Memory Mechanism for Predictive Process Monitoring in Dynamic Business Environments,2025,B,IEEE Access,v1:IEEE Access,10,10,1.0,,,,,NO_FULLTEXT,,,,,,,,,,,,,,,,,,,,,,,,,
W4416845019,10.1016/j.cie.2025.111701,Dynamic cloud manufacturing service composition based on runtime QoS prediction: A predictive process monitoring-based method,2025,B,Computers & Industrial Engineering,v1:Computers & Industrial Engineering,1,1,1.0,,,,,NO_FULLTEXT,,,,,,,,,,,,,,,,,,,,,,,,,
W4417026118,10.1007/s10664-025-10764-5,Empirical evaluation of taxonomic trace links: a case study,2025,A,Empirical Software Engineering,v1:Empirical Software Engineering,188,188,1.0,,90579.0,693.0,31.0,NO_ABLATION,INCLUDED,,0.0,,,,,,,,,,,,,,,,,,,,,,
W4417253649,10.32628/cseit2064143,AI-Augmented Data Governance Framework with Proactive Quality Monitoring and Automated Investigative Intelligence,2020,B,International Journal of Scientific Research in Computer Science Engineering and Information Technology,v1:International Journal of Scientific Research in Computer Science Engineering and Information Technology,1,1,1.0,,,,,NO_FULLTEXT,,,,,,,,,,,,,,,,,,,,,,,,,
W4417322414,10.1007/s10664-025-10771-6,Anticipating bugs: Ticket-level bug prediction and temporal proximity effects,2025,A,Empirical Software Engineering,v1:Empirical Software Engineering,188,188,1.0,,119988.0,943.0,43.0,INCLUDED,INCLUDED,"Finally, it is important to note that IGR evaluates a feature’s predictive power inde­ pendently, without considering interactions with other features.",14.0,unclear,"As an example of feature from this family, we assess the internal quality of the code by counting the number of rule violations detected by PMD Table 2 TLP features for code (C) family Name CodeName Reference Availability Number of smells code_quality-smells_count Cairo et al.",6.0,yes,"Regarding Table 15, we note that the analysis has excluded many features since they are not measurable in a specific proximity point.",19.0,no,,0.0,no,,0.0,no,,0.0,unclear,no,no,unclear,no,no,
W4417358735,10.1007/s10664-025-10775-2,Development and evolution of Xtext-based DSLs on GitHub: an empirical investigation,2025,A,Empirical Software Engineering,v1:Empirical Software Engineering,188,188,1.0,,131207.0,990.0,43.0,NO_METRIC,NO_METRIC,,0.0,,,,,,,,,,,,,,,,,,,,,,
W4417461554,10.1007/s12599-025-00969-9,From Source to Target: Leveraging Transfer Learning for Predictive Process Monitoring in Organizations,2025,B,Business & Information Systems Engineering,v1:Business & Information Systems Engineering,7,7,1.0,,136645.0,1010.0,33.0,INCLUDED,INCLUDED,"For the fourth evaluation, in which we assessed the effect of the proposed relative cross-domain approach for timestamp encoding on the prediction performance, we employed two different baseline approaches.",20.0,no,,0.0,no,,0.0,no,,0.0,unclear,"Among these ML metrics, we choose the AUCROC as the primary metric because it is independent of the threshold, which, therefore, allows for a more holistic evaluation of the models’ prediction performance.",19.0,no,,0.0,no,no,no,unclear,no,no,
W4417517238,10.1007/s10664-026-10869-5,PatchTrack: A comprehensive analysis of ChatGPT’s influence on pull request outcomes,2026,A,Empirical Software Engineering,v1:Empirical Software Engineering,188,188,1.0,,170309.0,1356.0,51.0,INCLUDED,INCLUDED,"Consider a scenario in which a developer, intend­ ing to fix a bug, add a feature, or improve an existing one, initiates a change to a file named Foo.",4.0,no,,0.0,no,,0.0,no,,0.0,no,,0.0,no,,0.0,no,no,unclear,no,unclear,yes,"0 Hassan AE, Lin D, Rajbahadur GK, Gallaba K, Cogo FR, Chen B, Zhang H, Thangarajah K, Oliva GA, Lin J, Abdullah WM, Jiang ZM (2024) Rethinking software engineering in the foundation model era: A curated catalogue of challenges in the development of trustworthy fmware. || ​3​5​6​9​8​3​0​ White J, Fu Q, Hays S, Sandborn M, Olea C, Gilbert H, Elnashar A, Spencer-Smith J, Schmidt DC (2023) A prompt p"
W4417525336,10.1016/j.is.2025.102665,From precision to perception: Human-in-the-loop evaluation of keyword extraction for internet-scale contextual advertising,2025,A,Information Systems,v1:Information Systems,82,82,1.0,,122990.0,878.0,20.0,NO_METRIC,NO_METRIC,,0.0,,,,,,,,,,,,,,,,,,,,,,
W7108657731,10.18154/rwth-2025-10250,"Nine years later: Reflecting on our article: A general process mining framework for correlating, predicting, and clustering dynamic behavior based on event logs",2026,A,Information Systems,v1:Information Systems,82,82,1.0,,,,,NO_FULLTEXT,,,,,,,,,,,,,,,,,,,,,,,,,
W7115906732,10.1007/s44311-025-00026-4,Decision boundaries in user journey event logs,2025,B,Process Science,v1:Process Science,6,6,1.0,,126142.0,1045.0,39.0,NO_METRIC,NO_METRIC,,0.0,,,,,,,,,,,,,,,,,,,,,,
W7117754902,10.2139/ssrn.5995597,A Calibration-Driven Ensemble Framework for Business Process Automation Exception Prediction and Recovery Recommendation,2025,B,SSRN Electronic Journal,v1:SSRN Electronic Journal,8,8,1.0,,,,,NO_FULLTEXT,,,,,,,,,,,,,,,,,,,,,,,,,
W7117963492,10.1016/j.is.2025.102668,A Bayesian framework for robust local intrinsic dimensionality estimation,2026,A,Information Systems,v1:Information Systems,82,82,1.0,,98618.0,750.0,20.0,NO_METRIC,NO_METRIC,,0.0,,,,,,,,,,,,,,,,,,,,,,
W7118072760,10.1007/s10664-025-10747-6,Func: reducing the impact of Android framework evolution on malware detection,2026,A,Empirical Software Engineering,v1:Empirical Software Engineering,188,188,1.0,,,,,NO_FULLTEXT,,,,,,,,,,,,,,,,,,,,,,,,,
W7118796102,10.1007/s10664-025-10739-6,Interruptibility of software developers and its prediction using psycho-physiological sensors: a replication,2026,A,Empirical Software Engineering,v1:Empirical Software Engineering,188,188,1.0,,114017.0,1102.0,33.0,INCLUDED,INCLUDED,"Nevertheless, dropping EDA features might have possibly influenced the model’s performance and the comparability of the results (see Sec­ tion 7.",13.0,no,,0.0,yes,"Furthermore, given how prone EDA is to movement noise (Morgan 2017b), models should be robust enough to drop this feature set since it will be one of the first to be dropped in future field studies.",13.0,no,,0.0,unclear,(2016) identified moments of interruptibility using an algorithm that checks whether the relative pupil dilation change would surpass the live average times an adapting threshold value.,24.0,no,,0.0,unclear,no,no,unclear,no,no,
W7122568718,10.1016/j.is.2026.102687,Example-driven semantic-similarity-aware query intent discovery: Empowering users to cross the SQL barrier through query by example,2026,A,Information Systems,v1:Information Systems,82,82,1.0,,176435.0,1423.0,32.0,NO_ABLATION,INCLUDED,,0.0,,,,,,,,,,,,,,,,,,,,,,
W7125956370,10.1109/access.2026.3658877,An In-Context Foundation Model for Predictive Process Monitoring on Event Logs,2026,B,IEEE Access,v1:IEEE Access,10,10,1.0,,,,,NO_FULLTEXT,,,,,,,,,,,,,,,,,,,,,,,,,
W7128027633,10.1007/s10845-026-02792-9,A process mining and machine learning based approach for remaining time prediction of production orders,2026,B,Journal of Intelligent Manufacturing,v1:Journal of Intelligent Manufacturing,1,1,1.0,,149054.0,986.0,46.0,INCLUDED,INCLUDED,"ed transition-system model (TSM) with four ML regressors, with weights learned via a linear programming objective (MAE-minimization); • We propose and compare two event-log encodings (binary vs repetition-frequency) and analyze their effect across synthetic and real logs; • We provide an extensive e",6.0,no,,0.0,no,,0.0,no,,0.0,no,,0.0,no,,0.0,no,no,no,no,no,no,
W7128295225,10.1007/s10664-026-10807-5,Automated detection of algorithm debt in deep learning frameworks: an empirical study,2026,A,Empirical Software Engineering,v1:Empirical Software Engineering,188,188,1.0,,152767.0,1088.0,52.0,NO_ABLATION,INCLUDED,,0.0,,,,,,,,,,,,,,,,,,,,,,
W7128539897,10.1007/s10664-025-10795-y,SecMLOps: A comprehensive framework for integrating security throughout the machine learning operations lifecycle,2026,A,Empirical Software Engineering,v1:Empirical Software Engineering,188,188,1.0,,155706.0,1068.0,48.0,NO_METRIC,NO_METRIC,,0.0,,,,,,,,,,,,,,,,,,,,,,
W7128926175,10.1016/j.is.2026.102698,Multimodal predictive process monitoring and its application to explainable clinical pathways,2026,A,Information Systems,v1:Information Systems,82,82,1.0,,,,,NO_FULLTEXT,,,,,,,,,,,,,,,,,,,,,,,,,
W7130574456,10.1016/j.is.2026.102703,Event abstraction for social process mining in Enterprise Collaboration Systems: A supervised machine learning approach for converting low-level event logs into high-level event logs,2026,A,Information Systems,v1:Information Systems,82,82,1.0,,,,,NO_FULLTEXT,,,,,,,,,,,,,,,,,,,,,,,,,
W7130640968,10.1007/s10664-025-10797-w,An audit of machine learning experiments on software defect prediction,2026,A,Empirical Software Engineering,v1:Empirical Software Engineering,188,188,1.0,,95936.0,837.0,36.0,NO_ABLATION,NO_ABLATION,,0.0,,,,,,,,,,,,,,,,,,,,,,
W7130841206,10.1016/j.dss.2026.114630,Towards better recommendations: Integrating counterfactual learning and trust regions in digital platforms,2026,A,Decision Support Systems,v1:Decision Support Systems,101,101,1.0,,,,,NO_FULLTEXT,,,,,,,,,,,,,,,,,,,,,,,,,
W7133363254,10.37394/23207.2025.22.218,Enhancing Remaining Time Prediction in Business Process Monitoring via Cross-Entropy Supervised Entity Embeddings and Transformer Model,2025,B,WSEAS TRANSACTIONS ON BUSINESS AND ECONOMICS,v1:WSEAS TRANSACTIONS ON BUSINESS AND ECONOMICS,1,1,1.0,,46149.0,312.0,10.0,NO_ABLATION,INCLUDED,,0.0,,,,,,,,,,,,,,,,,,,,,,
W7134131084,10.1016/j.is.2026.102712,Enhancing urban data exploration: Layer Toggling and Visibility-Preserving Lenses for multi-attribute spatial analysis,2026,A,Information Systems,v1:Information Systems,82,82,1.0,,,,,NO_FULLTEXT,,,,,,,,,,,,,,,,,,,,,,,,,
W7134975744,10.1016/j.is.2026.102714,Flexible event log generation using answer set programming,2026,B,Information Systems,v1:Information Systems,82,82,1.0,,,,,NO_FULLTEXT,,,,,,,,,,,,,,,,,,,,,,,,,
W7135236593,10.1007/s10664-025-10721-2,The Effect of Comments on Program Comprehension: An Eye-tracking Study,2026,A,Empirical Software Engineering,v1:Empirical Software Engineering,188,188,1.0,,192169.0,1441.0,65.0,INCLUDED,INCLUDED,"By examining participants’ reading patterns and comparing the linearity of reading order for snippets with and without comments, this research aims to gain insights into the effects of comments on the structured and sequential understanding of code.",19.0,no,,0.0,no,,0.0,no,,0.0,yes,"Finally, we classified gaze events (fixations and saccades) using a velocity-based algorithm with a velocity threshold of 150 pixels per 100 milliseconds (cf.",26.0,no,,0.0,unclear,no,no,unclear,no,yes,"Letovsky (1987) 1987 Comprehension involves a knowledge base, a mental model, and an assimilation process (either top-down or bottom-up) based on the programmer’s current knowledge source."
W7136387678,10.1016/j.is.2026.102717,Improving next process activity prediction with scarce event log data using data augmentation with large language models,2026,A,Information Systems,v1:Information Systems,82,82,1.0,,,,,NO_FULLTEXT,,,,,,,,,,,,,,,,,,,,,,,,,
W7138315353,10.1016/j.is.2026.102718,Formal semantics for knowledge representation and automated reasoning in BPMN process models,2026,A,Information Systems,v1:Information Systems,82,82,1.0,,,,,NO_FULLTEXT,,,,,,,,,,,,,,,,,,,,,,,,,
W7138798797,10.1016/j.im.2026.104346,"People analytics, trust erosion and intention to leave: the role of information asymmetry",2026,A,Information & Management,v1:Information & Management,20,20,1.0,,,,,NO_FULLTEXT,,,,,,,,,,,,,,,,,,,,,,,,,
W7138953611,10.1016/j.im.2026.104347,AI-powered personalization in online fashion stores: Exploring the impact on shoppers’ perceived risk and intention to buy and recommend,2026,A,Information & Management,v1:Information & Management,20,20,1.0,,,,,NO_FULLTEXT,,,,,,,,,,,,,,,,,,,,,,,,,
W7142197858,10.1016/j.is.2026.102726,The use of differential privacy for privacy-preserving record linkage: Protecting the bits but not the people,2026,A,Information Systems,v1:Information Systems,82,82,1.0,,,,,NO_FULLTEXT,,,,,,,,,,,,,,,,,,,,,,,,,
W7150998871,10.1016/j.is.2026.102722,CIC-YNU-IoTMal: A comprehensive multilayer dataset for static and dynamic analysis of IoT malware behavior,2026,A,Information Systems,v1:Information Systems,82,82,1.0,,,,,NO_FULLTEXT,,,,,,,,,,,,,,,,,,,,,,,,,
W7154486995,10.1007/s10664-026-10862-y,Automated machine learning for test case prioritisation,2026,A,Empirical Software Engineering,v1:Empirical Software Engineering,188,188,1.0,,122956.0,919.0,41.0,INCLUDED,INCLUDED,"Previous TCP research has evaluated the performance of specific algorithms, both with and without data preprocessing, a portion of which are included in our grammar-defined search space.",15.0,no,,0.0,no,,0.0,no,,0.0,yes,"For a 24-hour time budget, the results showed an average improvement of 15% in terms of classification performance (precision, recall, F1-score, and AUC), which also positively impacted the APFD score.",8.0,no,,0.0,unclear,no,unclear,unclear,no,yes,"Our results indicate the robustness of AutoTCP in terms of the influence of parameters guiding the evolutionary search, even with a broad catalogue of ML algorithms. || AutoTCP automatically selects the most suitable classi­ fier from a comprehensive catalogue of algorithms, whereas prior TCP studies rely on manual comparisons to choose the classifier (Bertolino et al."
W7155009923,10.1016/j.is.2026.102740,A framework for steady-state detection in process mining,2026,A,Information Systems,v1:Information Systems,82,82,1.0,,120114.0,1037.0,20.0,NO_METRIC,NO_METRIC,,0.0,,,,,,,,,,,,,,,,,,,,,,
W7160493975,10.1007/s10664-026-10860-0,Is common sense all you need? Using expert defined rules to identify vulnerability patches instead of machine learning,2026,A,Empirical Software Engineering,v1:Empirical Software Engineering,188,188,1.0,,104102.0,740.0,34.0,NO_ABLATION,NO_ABLATION,,0.0,,,,,,,,,,,,,,,,,,,,,,
W7160644008,10.1016/j.im.2026.104371,Social media engagement and resource gain spirals: a mixed-methods study of digital empowerment among marginalized caregivers,2026,A,Information & Management,v1:Information & Management,20,20,1.0,,,,,NO_FULLTEXT,,,,,,,,,,,,,,,,,,,,,,,,,
W7160657446,10.1007/s10664-026-10876-6,Key AI features to support scrum software engineering: practitioners’ perspective,2026,A,Empirical Software Engineering,v1:Empirical Software Engineering,188,188,1.0,,122681.0,951.0,36.0,NO_METRIC,NO_METRIC,,0.0,,,,,,,,,,,,,,,,,,,,,,
W7160708779,10.1007/s10664-026-10868-6,Leveraging large language models for sentiment analysis in GitHub pull request discussions,2026,A,Empirical Software Engineering,v1:Empirical Software Engineering,188,188,1.0,,142188.0,1065.0,47.0,INCLUDED,INCLUDED,"Ablation experiments comparing message-only versus context-aware con­ figurations would help clarify how much contextual information contributes to performance gains, particularly for ambiguous or mixed-sentiment messages.",43.0,no,,0.0,no,,0.0,yes,"It is important to note that while we report Macro and Micro F1-scores to allow for high-level comparisons, our discussion primarily focuses on granular Precision and Recall metrics.",18.0,no,,0.0,no,,0.0,unclear,no,no,no,yes,no,
W7161625273,10.1007/s44311-026-00048-6,DA-CIL: Drift-Adaptive Class Incremental Learning for dynamic processes,2026,B,Process Science,v1:Process Science,6,6,1.0,,61208.0,464.0,20.0,INCLUDED,INCLUDED,"Moreover, we conduct an ablation study by comparing DA-CIL with a pure class incremental learning (CIL) baseline to gain deeper insights into the contributions of DA-CIL’s concept drift detection and data augmentation components.",12.0,no,,0.0,no,,0.0,no,,0.0,unclear,"Based on these metrics, the drift threshold for class inline-eq-IEq35 is defined as: di s pla y - e q-Equ4 (4) where i n line-eq-IEq36 is a sensitivity parameter controlling the strictness of drift detection.",6.0,no,,0.0,no,no,no,unclear,unclear,no,
W7162026676,10.1016/j.is.2026.102751,FEDAMON: A fully automated framework for communication-efficient continuous distributed monitoring with error guarantees,2026,A,Information Systems,v1:Information Systems,82,82,1.0,,,,,NO_FULLTEXT,,,,,,,,,,,,,,,,,,,,,,,,,
W7162036180,10.1007/s10664-026-10874-8,Is this build failure related to my patch? An empirical study of unrelated build failures in continuous integration,2026,A,Empirical Software Engineering,v1:Empirical Software Engineering,188,188,1.0,,152002.0,1147.0,50.0,NO_ABLATION,NO_ABLATION,,0.0,,,,,,,,,,,,,,,,,,,,,,
W7163582865,10.2139/ssrn.6876300,Model-Aware Counterfactual Explanations for Transformer-Based Sequence Prediction via Attention-Guided Semantic Search,2026,B,SSRN Electronic Journal,v1:SSRN Electronic Journal,8,8,1.0,,,,,NO_FULLTEXT,,,,,,,,,,,,,,,,,,,,,,,,,
W7164818226,10.1016/j.dss.2026.114713,Analyzing voluntary employee turnover: A data-driven explanatory modeling approach,2026,A,Decision Support Systems,v1:Decision Support Systems,101,101,1.0,,,,,NO_FULLTEXT,,,,,,,,,,,,,,,,,,,,,,,,,
W7165808152,10.2139/ssrn.6990079,Graph Grounded Cross Attention Transformer Neural Network for Structurally Constrained Full Event Sequence Generation in Predictive Process Monitoring,2026,B,SSRN Electronic Journal,v1:SSRN Electronic Journal,8,8,1.0,,,,,NO_FULLTEXT,,,,,,,,,,,,,,,,,,,,,,,,,
W7166356102,10.1016/j.im.2026.104390,Smart services in B2B contexts: A taxonomy and archetypes,2026,A,Information & Management,v1:Information & Management,20,20,1.0,,,,,NO_FULLTEXT,,,,,,,,,,,,,,,,,,,,,,,,,
W7166690752,10.1016/j.dss.2026.114721,Unveiling the hidden layer: Ambivalent cognitive effects of XAI in augmented decision-making under uncertainty,2026,A,Decision Support Systems,v1:Decision Support Systems,101,101,1.0,,,,,NO_FULLTEXT,,,,,,,,,,,,,,,,,,,,,,,,,
W7167350909,10.1145/3796130.3796152,Predicting Benefits from Event Logs using Generative AI,2026,B,,v1:nan,16,16,1.0,,,,,NO_FULLTEXT,,,,,,,,,,,,,,,,,,,,,,,,,
W7167577814,10.1007/s10664-026-10902-7,From values to adoption: on the role of individual cultural values on fairness toolkit adoption in software development,2026,A,Empirical Software Engineering,v1:Empirical Software Engineering,188,188,1.0,,158819.0,1110.0,48.0,NO_METRIC,NO_METRIC,,0.0,,,,,,,,,,,,,,,,,,,,,,
W7167600363,10.1007/s10664-026-10916-1,Reducing labeling effort in architecture technical debt detection through active learning and explainable AI,2026,A,Empirical Software Engineering,v1:Empirical Software Engineering,188,188,1.0,,112779.0,765.0,35.0,INCLUDED,INCLUDED,"Future work should investigate warm-start training, other transformer architectures, and ablation studies on seed selection and project composition.",31.0,no,,0.0,no,,0.0,no,,0.0,unclear,2 Manual Validation Results Table 6 summarizes the number of issues labeled as ATD candidates by each keyword extraction method under the semantic similarity threshold of 0.,16.0,no,,0.0,no,no,no,unclear,no,yes,"Human Behav Emerging Technol 2024(1):4628855 Alves NS, Ribeiro LF, Caires V, Mendes TS, Spínola RO (2014) Towards an ontology of terms on technical debt. || Inf Softw Technol 67:237–253 Meisenbacher S, Schopf T, Yan W, Holl P, Matthes F (2024) An improved method for class-specific keyword extraction: a case study in the German business registry."
W7167734464,10.1007/s10664-026-10919-y,Evaluating foundation model integration strategies for detecting PII in java software engineering pipelines,2026,A,Empirical Software Engineering,v1:Empirical Software Engineering,188,188,1.0,,140253.0,908.0,40.0,NO_ABLATION,NO_ABLATION,,0.0,,,,,,,,,,,,,,,,,,,,,,
W7169551408,10.1007/s10664-026-10873-9,A methodology to perform cross-ecosystems case-control security studies,2026,A,Empirical Software Engineering,v1:Empirical Software Engineering,188,188,1.0,,138936.0,1136.0,50.0,NO_METRIC,NO_METRIC,,0.0,,,,,,,,,,,,,,,,,,,,,,
W7169754586,10.1007/s10664-026-10930-3,Identifying Quality Indicators in Student Self-Reflections in Software Engineering,2026,A,Empirical Software Engineering,v1:Empirical Software Engineering,188,188,1.0,,158881.0,1267.0,53.0,NO_METRIC,NO_METRIC,,0.0,,,,,,,,,,,,,,,,,,,,,,
W7171769820,10.1016/j.is.2026.102788,CICERONE: A natural language-based global approach for object-centric Predictive Process Monitoring,2026,A,Information Systems,v1:Information Systems,82,82,1.0,,,,,NO_FULLTEXT,,,,,,,,,,,,,,,,,,,,,,,,,
W7202386882,10.1007/s10664-026-10929-w,Learning to detect hardcoded secrets,2026,A,Empirical Software Engineering,v1:Empirical Software Engineering,188,188,1.0,,82390.0,732.0,29.0,NO_ABLATION,INCLUDED,,0.0,,,,,,,,,,,,,,,,,,,,,,
