world,rep,V_hat,V_oracle,auc_full,auc_base,naive_lo,naive_hi,naive_width,nested_lo,nested_hi,nested_width,V_limit
linear,8,0.1941412971614468,0.1919673433573298,0.7592463717580317,0.5672790284007019,0.1622944298192469,0.2229962285323617,0.06070179871311479,0.169657230438449,0.2324836761961867,0.06282644575773771,0.19181526714026131
linear,9,0.18282366492305002,0.1919673433573298,0.7592463717580317,0.5672790284007019,0.15460572982870827,0.21725383893019243,0.06264810910148416,0.1484917505180019,0.21239783720795222,0.06390608668995032,0.19181526714026131
linear,10,0.17919248440228652,0.1919673433573298,0.7592463717580317,0.5672790284007019,0.1475382763382746,0.2048525572866394,0.0573142809483648,0.14241978473407516,0.20970377171862065,0.06728398698454549,0.19181526714026131
linear,11,0.21298799180797057,0.1919673433573298,0.7592463717580317,0.5672790284007019,0.1862402336795523,0.24616665968882245,0.059926426009270145,0.1802081689250697,0.25107403471566964,0.07086586579059995,0.19181526714026131
linear,4,0.20192528993345016,0.1919673433573298,0.7592463717580317,0.5672790284007019,0.17319159959154215,0.2333008184492052,0.060109218857663044,0.17165043272156555,0.22571609448363117,0.05406566176206562,0.19181526714026131
linear,5,0.17937952786091116,0.1919673433573298,0.7592463717580317,0.5672790284007019,0.15120433764102142,0.2036353943842451,0.05243105674322368,0.14817488676665225,0.21396308812545042,0.06578820135879818,0.19181526714026131
linear,6,0.15698918634680392,0.1919673433573298,0.7592463717580317,0.5672790284007019,0.12375117269629021,0.18324319380597298,0.05949202110968277,0.12509661873405067,0.1843327115481089,0.05923609281405823,0.19181526714026131
linear,7,0.18665436220868636,0.1919673433573298,0.7592463717580317,0.5672790284007019,0.15628346455959735,0.21789148976044626,0.061608025200848904,0.15694153858843105,0.21312202304534544,0.0561804844569144,0.19181526714026131
linear,0,0.1823986957859639,0.1919673433573298,0.7592463717580317,0.5672790284007019,0.15293552928196694,0.2096557186086837,0.05672018932671677,0.15934271924999646,0.21362529126205387,0.05428257201205741,0.19181526714026131
linear,1,0.1778969132213576,0.1919673433573298,0.7592463717580317,0.5672790284007019,0.15497307016775266,0.20804845829379529,0.05307538812604262,0.1469665445711792,0.2058276705532425,0.058861125982063306,0.19181526714026131
linear,2,0.20431195041524186,0.1919673433573298,0.7592463717580317,0.5672790284007019,0.1777737107142047,0.23233128929197377,0.05455757857776908,0.17054719006736044,0.23452845322910154,0.0639812631617411,0.19181526714026131
linear,3,0.17968746613259112,0.1919673433573298,0.7592463717580317,0.5672790284007019,0.15474292785912674,0.20475228483437163,0.05000935697524489,0.14369874853133316,0.21408929100455232,0.07039054247321916,0.19181526714026131
linear,16,0.18248883659990922,0.1919673433573298,0.7592463717580317,0.5672790284007019,0.15501051552680475,0.21222259315315314,0.05721207762634839,0.14797538800136065,0.21467626582625404,0.0667008778248934,0.19181526714026131
linear,17,0.1879385090028991,0.1919673433573298,0.7592463717580317,0.5672790284007019,0.15725644683356282,0.21706563840130685,0.05980919156774403,0.15839287844565422,0.21489568420630212,0.056502805760647895,0.19181526714026131
linear,18,0.1814535562094155,0.1919673433573298,0.7592463717580317,0.5672790284007019,0.1454560998183317,0.2077161763957165,0.062260076577384776,0.15692791731914765,0.2107141628010318,0.053786245481884154,0.19181526714026131
linear,19,0.19999760993225235,0.1919673433573298,0.7592463717580317,0.5672790284007019,0.17625313143650367,0.2249446501947249,0.048691518758221225,0.17347595677631233,0.22692002401541778,0.05344406723910544,0.19181526714026131
linear,12,0.19518085738190305,0.1919673433573298,0.7592463717580317,0.5672790284007019,0.16880124668871632,0.21855329343993327,0.049752046751216944,0.1690469484493379,0.2182365483735477,0.04918959992420979,0.19181526714026131
linear,13,0.18677430822108998,0.1919673433573298,0.7592463717580317,0.5672790284007019,0.15050183534117853,0.21428208924496953,0.063780253903791,0.15214808693972734,0.21401264862964423,0.061864561689916886,0.19181526714026131
linear,14,0.20231553819444448,0.1919673433573298,0.7592463717580317,0.5672790284007019,0.17308490707264235,0.23306870734725385,0.059983800274611504,0.16419545844650862,0.22307685890196458,0.05888140045545595,0.19181526714026131
linear,15,0.19826368089176083,0.1919673433573298,0.7592463717580317,0.5672790284007019,0.17129211041045295,0.2291510733339144,0.05785896292346146,0.16899341885302652,0.233363751909593,0.06437033305656648,0.19181526714026131
linear,20,0.21984085270879816,0.1919673433573298,0.7592463717580317,0.5672790284007019,0.1870622571629245,0.24212282587008163,0.05506056870715714,0.19393441084355847,0.2485998937165509,0.054665482872992416,0.19181526714026131
linear,21,0.18778490693945304,0.1919673433573298,0.7592463717580317,0.5672790284007019,0.15997415630324818,0.21793565386913513,0.05796149756588695,0.15229706709866714,0.22972691868069745,0.0774298515820303,0.19181526714026131
linear,22,0.1882304858702376,0.1919673433573298,0.7592463717580317,0.5672790284007019,0.15868811247360579,0.21793291918381427,0.059244806710208486,0.1600020414533021,0.22013164828454718,0.060129606831245075,0.19181526714026131
linear,23,0.17829510612987765,0.1919673433573298,0.7592463717580317,0.5672790284007019,0.15200546916464525,0.19952110766180886,0.047515638497163615,0.14713971528776523,0.20454036438593423,0.057400649098169,0.19181526714026131
linear,28,0.19240179752207098,0.1919673433573298,0.7592463717580317,0.5672790284007019,0.16508668784468275,0.224123769490404,0.059037081645721246,0.16324932178423499,0.23114459775644414,0.06789527597220915,0.19181526714026131
linear,29,0.19530595732430744,0.1919673433573298,0.7592463717580317,0.5672790284007019,0.16986726705035315,0.2253952181972564,0.05552795114690323,0.15974890736016353,0.2245449858638139,0.06479607850365038,0.19181526714026131
linear,30,0.21677951100785486,0.1919673433573298,0.7592463717580317,0.5672790284007019,0.18926264961199432,0.2510430998231221,0.061780450211127796,0.18641773370862252,0.24519077569998227,0.05877304199135974,0.19181526714026131
linear,31,0.19199508615097516,0.1919673433573298,0.7592463717580317,0.5672790284007019,0.1698690992993881,0.21792049448654782,0.04805139518715973,0.15432358549704267,0.2148732033892199,0.06054961789217722,0.19181526714026131
linear,24,0.18851182372239572,0.1919673433573298,0.7592463717580317,0.5672790284007019,0.156511836097098,0.21306908113070464,0.056557245033606623,0.1479755977176575,0.21795026818088722,0.06997467046322972,0.19181526714026131
linear,25,0.20903420137462703,0.1919673433573298,0.7592463717580317,0.5672790284007019,0.17801715854700356,0.23703238718208794,0.05901522863508438,0.18300779789627394,0.24042647216511936,0.05741867426884542,0.19181526714026131
linear,26,0.1699325590313323,0.1919673433573298,0.7592463717580317,0.5672790284007019,0.14214892817482727,0.19931780319680178,0.05716887502197451,0.1412912972845175,0.21400205414072057,0.07271075685620307,0.19181526714026131
linear,27,0.18749804837026784,0.1919673433573298,0.7592463717580317,0.5672790284007019,0.15678849460243216,0.21726884094450385,0.060480346342071695,0.15450364305592387,0.22148322185650943,0.06697957880058555,0.19181526714026131
linear,32,0.18032926407617222,0.1919673433573298,0.7592463717580317,0.5672790284007019,0.15736810999103412,0.21298175707282255,0.055613647081788425,0.15070436857204203,0.20847700384948933,0.057772635277447304,0.19181526714026131
linear,33,0.1796690269232546,0.1919673433573298,0.7592463717580317,0.5672790284007019,0.1474461804044599,0.2150776025189747,0.06763142211451481,0.1472224606582093,0.20675908893557426,0.05953662827736497,0.19181526714026131
linear,34,0.17834743923611107,0.1919673433573298,0.7592463717580317,0.5672790284007019,0.15536212479851258,0.20657151221819336,0.051209387419680785,0.1444001848551011,0.20639512775969324,0.06199494290459215,0.19181526714026131
linear,35,0.2022272847892128,0.1919673433573298,0.7592463717580317,0.5672790284007019,0.1745559518497651,0.2278497325489283,0.053293780699163185,0.16925360830052366,0.2296378020227013,0.060384193722177626,0.19181526714026131
linear,36,0.21502264206171895,0.1919673433573298,0.7592463717580317,0.5672790284007019,0.18943193178469367,0.23769810616093323,0.04826617437623956,0.1721034350484084,0.24511011580154865,0.07300668075314026,0.19181526714026131
linear,37,0.20680075425622202,0.1919673433573298,0.7592463717580317,0.5672790284007019,0.1769096362061005,0.23283010315973332,0.055920466953632814,0.17988717860652975,0.2390839141982118,0.05919673559168204,0.19181526714026131
linear,38,0.15437233488325752,0.1919673433573298,0.7592463717580317,0.5672790284007019,0.1305479088242438,0.18386731012252022,0.05331940129827642,0.12429404692460358,0.19420506193444687,0.06991101500984329,0.19181526714026131
linear,39,0.16962864565953695,0.1919673433573298,0.7592463717580317,0.5672790284007019,0.13838739242898224,0.19522111703121292,0.056833724602230684,0.1400105959016039,0.20258930524391813,0.06257870934231424,0.19181526714026131
linear,40,0.15863258893502397,0.1919673433573298,0.7592463717580317,0.5672790284007019,0.13547631760992904,0.18888202784437655,0.05340571023444751,0.12772288939127324,0.18218444199567532,0.05446155260440208,0.19181526714026131
linear,41,0.21309017937604835,0.1919673433573298,0.7592463717580317,0.5672790284007019,0.18505600942488717,0.24301706668975132,0.05796105726486414,0.17646331164904283,0.24856473934995535,0.07210142770091252,0.19181526714026131
linear,42,0.18664529773458516,0.1919673433573298,0.7592463717580317,0.5672790284007019,0.15810081523335073,0.208826444779368,0.050725629546017253,0.15414517476424894,0.21277505457192802,0.058629879807679086,0.19181526714026131
linear,43,0.18075639050215309,0.1919673433573298,0.7592463717580317,0.5672790284007019,0.1540049049589913,0.208403975250488,0.05439907029149671,0.15139132455178822,0.21063332724201336,0.05924200269022514,0.19181526714026131
linear,48,0.20234200392773904,0.1919673433573298,0.7592463717580317,0.5672790284007019,0.17535954749375524,0.23453753011743605,0.05917798262368082,0.17633144186508087,0.23185631340612373,0.05552487154104285,0.19181526714026131
linear,49,0.18231678363413806,0.1919673433573298,0.7592463717580317,0.5672790284007019,0.15036849391623322,0.21269314079977455,0.062324646883541335,0.14618477195874366,0.20905871074444365,0.0628739387857,0.19181526714026131
linear,50,0.18331898494128085,0.1919673433573298,0.7592463717580317,0.5672790284007019,0.15101751826892132,0.21231935039014233,0.061301832121221006,0.15461052270566777,0.21382678468349628,0.059216261977828505,0.19181526714026131
linear,51,0.159131199772799,0.1919673433573298,0.7592463717580317,0.5672790284007019,0.1304843144185194,0.19124005235619834,0.06075573793767894,0.13507290054984006,0.20425226400676288,0.06917936345692283,0.19181526714026131
linear,44,0.16738108078955893,0.1919673433573298,0.7592463717580317,0.5672790284007019,0.14169198432782912,0.19488513432000545,0.053193149992176336,0.147061856906694,0.20500159273680565,0.057939735830111666,0.19181526714026131
linear,45,0.1993177762265943,0.1919673433573298,0.7592463717580317,0.5672790284007019,0.1774434165788094,0.2253530443924114,0.047909627813602,0.16629107924918968,0.2213764364041329,0.055085357154943226,0.19181526714026131
linear,46,0.1614499034093877,0.1919673433573298,0.7592463717580317,0.5672790284007019,0.12950346460717438,0.18790163260648948,0.058398167999315104,0.13913871977275905,0.18784518975718192,0.04870646998442288,0.19181526714026131
linear,47,0.1924536984391324,0.1919673433573298,0.7592463717580317,0.5672790284007019,0.1624603090493106,0.2235113205650597,0.0610510115157491,0.17087885368072003,0.23161379088211165,0.060734937201391614,0.19181526714026131
linear,52,0.18818503596722624,0.1919673433573298,0.7592463717580317,0.5672790284007019,0.15895617450808766,0.2137374790812545,0.05478130457316685,0.1565158404606932,0.21967674384622624,0.06316090338553304,0.19181526714026131
linear,53,0.19011312431205274,0.1919673433573298,0.7592463717580317,0.5672790284007019,0.16134049194518,0.21690066939917116,0.055560177453991166,0.16352486329998597,0.21614688526627143,0.05262202196628546,0.19181526714026131
linear,54,0.16890663091704716,0.1919673433573298,0.7592463717580317,0.5672790284007019,0.13530125694185607,0.2046815752079841,0.06938031826612803,0.13658441638098776,0.19353938964998582,0.056954973268998066,0.19181526714026131
linear,55,0.2010949627667954,0.1919673433573298,0.7592463717580317,0.5672790284007019,0.17663055850215661,0.23318828564468413,0.05655772714252752,0.16660213992445372,0.224474459020377,0.057872319095923275,0.19181526714026131
linear,56,0.16896717109071369,0.1919673433573298,0.7592463717580317,0.5672790284007019,0.137797441983352,0.1961195676552444,0.058322125671892405,0.13990827076458018,0.19927457782781913,0.05936630706323895,0.19181526714026131
linear,57,0.19580812562179029,0.1919673433573298,0.7592463717580317,0.5672790284007019,0.1708700405902452,0.22276298016563648,0.05189293957539129,0.1644959013540453,0.21424585407234026,0.049749952718294965,0.19181526714026131
linear,58,0.19124395762457613,0.1919673433573298,0.7592463717580317,0.5672790284007019,0.16602596828451324,0.2235334820821202,0.05750751379760696,0.16468135758417768,0.2340856429434904,0.06940428535931273,0.19181526714026131
linear,59,0.1873965208698718,0.1919673433573298,0.7592463717580317,0.5672790284007019,0.1558922165762722,0.2190018445900783,0.0631096280138061,0.15710922647251863,0.21680721130204095,0.05969798482952232,0.19181526714026131
linear,64,0.2028208673165982,0.1919673433573298,0.7592463717580317,0.5672790284007019,0.17726663335790224,0.22938257407228663,0.052115940714384384,0.17181242098523544,0.2244858030553886,0.05267338207015315,0.19181526714026131
linear,65,0.20494753482280914,0.1919673433573298,0.7592463717580317,0.5672790284007019,0.17393225479719127,0.23759766952872072,0.06366541473152945,0.17457778325030815,0.23449062234947401,0.059912839099165865,0.19181526714026131
linear,66,0.18314627686091922,0.1919673433573298,0.7592463717580317,0.5672790284007019,0.15550371846403424,0.2105958783796504,0.05509215991561617,0.1542677269089258,0.21107746527118904,0.056809738362263246,0.19181526714026131
linear,67,0.21176070919801748,0.1919673433573298,0.7592463717580317,0.5672790284007019,0.18979448156075415,0.23552344963327732,0.04572896807252316,0.1688290346396742,0.23584645487616032,0.06701742023648613,0.19181526714026131
linear,60,0.16561891279240148,0.1919673433573298,0.7592463717580317,0.5672790284007019,0.13764455693986083,0.18818897798437503,0.050544421044514204,0.1405234929733558,0.1986031285645149,0.058079635591159084,0.19181526714026131
linear,61,0.19085940612064634,0.1919673433573298,0.7592463717580317,0.5672790284007019,0.16607195003105163,0.22111527118664853,0.0550433211555969,0.16275363904470674,0.2335300158600948,0.07077637681538806,0.19181526714026131
linear,62,0.151228714788037,0.1919673433573298,0.7592463717580317,0.5672790284007019,0.12671500522756593,0.17479526608389637,0.04808026085633044,0.12398241366630848,0.18252123390697989,0.058538820240671405,0.19181526714026131
linear,63,0.18313060922817015,0.1919673433573298,0.7592463717580317,0.5672790284007019,0.15720778866407473,0.21045909181853764,0.053251303154462915,0.14784747199504722,0.20494818265231318,0.05710071065726596,0.19181526714026131
linear,68,0.21275645761739537,0.1919673433573298,0.7592463717580317,0.5672790284007019,0.18336196753119693,0.24033127665408502,0.056969309122888084,0.17824204155574605,0.2407062224465327,0.06246418089078665,0.19181526714026131
linear,69,0.18537247070753182,0.1919673433573298,0.7592463717580317,0.5672790284007019,0.15958338244049836,0.20682336809663784,0.04723998565613949,0.1657967760725521,0.21095348816003845,0.04515671208748634,0.19181526714026131
linear,70,0.19899839170448974,0.1919673433573298,0.7592463717580317,0.5672790284007019,0.17398499080585597,0.2294452518324651,0.05546026102660914,0.17038896336956708,0.22769997077093002,0.05731100740136294,0.19181526714026131
linear,71,0.17786902241115732,0.1919673433573298,0.7592463717580317,0.5672790284007019,0.14591529395318856,0.20706732457377597,0.06115203062058741,0.14638948975595167,0.2096101496113361,0.06322065985538441,0.19181526714026131
linear,72,0.19294682342789338,0.1919673433573298,0.7592463717580317,0.5672790284007019,0.16608819063660346,0.2252911803992126,0.059202989762609126,0.1597203456153896,0.22046381554979363,0.06074346993440405,0.19181526714026131
linear,73,0.19523902821316608,0.1919673433573298,0.7592463717580317,0.5672790284007019,0.1681059922360596,0.223421784423489,0.05531579218742941,0.1692206359514739,0.23193683940572846,0.06271620345425455,0.19181526714026131
linear,74,0.211029945376088,0.1919673433573298,0.7592463717580317,0.5672790284007019,0.18147151363527908,0.23743852916417843,0.05596701552889935,0.1831386330899023,0.2374434551381509,0.0543048220482486,0.19181526714026131
linear,75,0.22694325052815623,0.1919673433573298,0.7592463717580317,0.5672790284007019,0.2018242836423263,0.2570652728030951,0.055240989160768805,0.20148592467871662,0.2536876601665866,0.052201735487869994,0.19181526714026131
linear,76,0.17472656671340725,0.1919673433573298,0.7592463717580317,0.5672790284007019,0.14422394486409595,0.20168461747343883,0.05746067260934287,0.15483417987468898,0.21416534416782976,0.05933116429314078,0.19181526714026131
linear,77,0.19687187085636948,0.1919673433573298,0.7592463717580317,0.5672790284007019,0.16123995389767548,0.23042136460755647,0.06918141070988099,0.15862350210357598,0.233406980694267,0.07478347859069101,0.19181526714026131
linear,78,0.18333066666666664,0.1919673433573298,0.7592463717580317,0.5672790284007019,0.1543495848695124,0.2147545099386118,0.06040492506909942,0.1501648136358336,0.22450059166076036,0.07433577802492677,0.19181526714026131
linear,79,0.17674273424238152,0.1919673433573298,0.7592463717580317,0.5672790284007019,0.13685519189934678,0.21202874207390485,0.07517355017455807,0.1470040132799391,0.20680246097090105,0.05979844769096196,0.19181526714026131
linear,80,0.17171659117353943,0.1919673433573298,0.7592463717580317,0.5672790284007019,0.14126880347850443,0.19966907768708597,0.05840027420858154,0.15000942481578103,0.20188188826577574,0.051872463449994716,0.19181526714026131
linear,81,0.21196850664088374,0.1919673433573298,0.7592463717580317,0.5672790284007019,0.18573308819870224,0.24152297823972563,0.05578989004102339,0.17921561184042192,0.24529069132518683,0.0660750794847649,0.19181526714026131
linear,82,0.16101639533936984,0.1919673433573298,0.7592463717580317,0.5672790284007019,0.13348700843851152,0.1877631482250147,0.05427613978650317,0.1264983213855003,0.18420948748816723,0.05771116610266694,0.19181526714026131
linear,83,0.20390318627450976,0.1919673433573298,0.7592463717580317,0.5672790284007019,0.17732615161646326,0.23398148748991168,0.056655335873448426,0.1789627318132342,0.2367573972744505,0.05779466546121631,0.19181526714026131
linear,84,0.17108545419222343,0.1919673433573298,0.7592463717580317,0.5672790284007019,0.14634134612407818,0.2026192332515737,0.05627788712749551,0.13600808652080443,0.1941550122379696,0.05814692571716518,0.19181526714026131
linear,85,0.19500058982880064,0.1919673433573298,0.7592463717580317,0.5672790284007019,0.161920088767455,0.22423846759475982,0.062318378827304816,0.16146336803820263,0.2250708302653525,0.06360746222714986,0.19181526714026131
linear,86,0.19915613741972538,0.1919673433573298,0.7592463717580317,0.5672790284007019,0.16690750908136545,0.2370028201464617,0.07009531106509626,0.1714035492614139,0.23132954135955125,0.05992599209813734,0.19181526714026131
linear,87,0.17687137764958782,0.1919673433573298,0.7592463717580317,0.5672790284007019,0.14057486511950157,0.20654052022348907,0.0659656551039875,0.14680533381840985,0.2012720842153187,0.05446675039690885,0.19181526714026131
linear,92,0.17719118495895714,0.1919673433573298,0.7592463717580317,0.5672790284007019,0.14984584534072648,0.21197252103696582,0.062126675696239336,0.14438315389181966,0.21530625267594153,0.07092309878412187,0.19181526714026131
linear,93,0.18722554314130413,0.1919673433573298,0.7592463717580317,0.5672790284007019,0.16676494016142096,0.22250280330076944,0.055737863139348476,0.154452271604585,0.20897110584761558,0.054518834243030584,0.19181526714026131
linear,94,0.20258432286734185,0.1919673433573298,0.7592463717580317,0.5672790284007019,0.17618100928718358,0.22977150094674773,0.05359049165956414,0.16900051413460837,0.23147776831556388,0.06247725418095551,0.19181526714026131
linear,95,0.188643962606862,0.1919673433573298,0.7592463717580317,0.5672790284007019,0.16405493905994167,0.21442277337963847,0.0503678343196968,0.1555886419135984,0.21635187917757778,0.06076323726397939,0.19181526714026131
linear,96,0.1714525405698929,0.1919673433573298,0.7592463717580317,0.5672790284007019,0.1445435624736603,0.20412226404903502,0.05957870157537473,0.13012658809100558,0.19965149926217798,0.0695249111711724,0.19181526714026131
linear,97,0.21294912459318827,0.1919673433573298,0.7592463717580317,0.5672790284007019,0.18942863181811226,0.23801205382453522,0.04858342200642296,0.18641210598896008,0.2372137751633488,0.05080166917438872,0.19181526714026131
linear,98,0.17972179335815697,0.1919673433573298,0.7592463717580317,0.5672790284007019,0.1533032902752402,0.21032052207197216,0.05701723179673196,0.1470802805058934,0.21315806300691809,0.0660777825010247,0.19181526714026131
linear,99,0.18578399828399816,0.1919673433573298,0.7592463717580317,0.5672790284007019,0.1540590391931059,0.21420916360403935,0.06015012441093345,0.1557653525668788,0.21390174380731358,0.05813639124043479,0.19181526714026131
linear,88,0.177736765399103,0.1919673433573298,0.7592463717580317,0.5672790284007019,0.1485809100490704,0.20513011800650924,0.05654920795743884,0.1477161566195845,0.20718011970747655,0.059463963087892036,0.19181526714026131
linear,89,0.21719003813635396,0.1919673433573298,0.7592463717580317,0.5672790284007019,0.1934594544182014,0.24598406250850932,0.05252460809030793,0.1834603328030172,0.2437065434964293,0.0602462106934121,0.19181526714026131
linear,90,0.1846340056786132,0.1919673433573298,0.7592463717580317,0.5672790284007019,0.16150165937616087,0.2143159347070445,0.05281427533088362,0.1569307215391396,0.21292231157069552,0.05599159003155593,0.19181526714026131
linear,91,0.19049016698354515,0.1919673433573298,0.7592463717580317,0.5672790284007019,0.1621439708237579,0.22167580405537698,0.05953183323161909,0.16150275668042013,0.21563540173248338,0.05413264505206325,0.19181526714026131
linear,100,0.20223977995901188,0.1919673433573298,0.7592463717580317,0.5672790284007019,0.1664944071869641,0.2322112929973531,0.06571688581038901,0.17714451556099944,0.23683454758458497,0.059690032023585526,0.19181526714026131
linear,101,0.19742276153047877,0.1919673433573298,0.7592463717580317,0.5672790284007019,0.17016748792668138,0.22723890696950427,0.057071419042822896,0.17337504135411586,0.22474512848440473,0.05137008713028887,0.19181526714026131
linear,102,0.19123689903638952,0.1919673433573298,0.7592463717580317,0.5672790284007019,0.16181173714439256,0.216517113284559,0.054705376140166434,0.1592019334867213,0.223646074822996,0.06444414133627471,0.19181526714026131
linear,103,0.1981043836805556,0.1919673433573298,0.7592463717580317,0.5672790284007019,0.17247820429325117,0.2229983660720913,0.05052016177884014,0.1671710891749052,0.2299953073809508,0.06282421820604561,0.19181526714026131
linear,104,0.19715113813839535,0.1919673433573298,0.7592463717580317,0.5672790284007019,0.1747384002952214,0.22244636622390893,0.047707965928687535,0.1618517158087042,0.21980654994532678,0.057954834136622585,0.19181526714026131
linear,105,0.20052206878685364,0.1919673433573298,0.7592463717580317,0.5672790284007019,0.16889783457461824,0.22876424426497668,0.059866409690358446,0.1680626034519027,0.23502501910872975,0.06696241565682706,0.19181526714026131
linear,106,0.20302726950722239,0.1919673433573298,0.7592463717580317,0.5672790284007019,0.1777186999600663,0.23023577009220858,0.05251707013214227,0.16629547921969684,0.22851571434559598,0.06222023512589914,0.19181526714026131
linear,107,0.16473933300309274,0.1919673433573298,0.7592463717580317,0.5672790284007019,0.13272154637202016,0.18747796726371735,0.05475642089169719,0.14223809183252045,0.20570838981891443,0.06347029798639398,0.19181526714026131
linear,108,0.18609317755095833,0.1919673433573298,0.7592463717580317,0.5672790284007019,0.16141982220778556,0.21594481536986324,0.05452499316207768,0.1585951274120665,0.21644479197502034,0.057849664562953845,0.19181526714026131
linear,109,0.17240392783418934,0.1919673433573298,0.7592463717580317,0.5672790284007019,0.13707333004404743,0.20162135412205218,0.06454802407800475,0.14039733274697017,0.2020009871185472,0.06160365437157703,0.19181526714026131
linear,110,0.17369985395158705,0.1919673433573298,0.7592463717580317,0.5672790284007019,0.14877051749640602,0.2097827867738876,0.06101226927748157,0.14348231249802187,0.20478803846287766,0.061305725964855784,0.19181526714026131
linear,111,0.17233866987065016,0.1919673433573298,0.7592463717580317,0.5672790284007019,0.1442317018749798,0.20181120895655644,0.057579507081576636,0.1469310853751726,0.22022655925570922,0.07329547388053662,0.19181526714026131
linear,112,0.18829404723232113,0.1919673433573298,0.7592463717580317,0.5672790284007019,0.1658789825227207,0.21848584887866357,0.05260686635594286,0.15255818979951766,0.21625185886472792,0.06369366906521026,0.19181526714026131
linear,113,0.21876880967276147,0.1919673433573298,0.7592463717580317,0.5672790284007019,0.19505379932331565,0.24656987233930652,0.05151607301599087,0.18711636040333865,0.24493861074337683,0.057822250340038184,0.19181526714026131
linear,114,0.21019748619067102,0.1919673433573298,0.7592463717580317,0.5672790284007019,0.1849477359523534,0.235612548230111,0.0506648122777576,0.17818934213466153,0.23493211334196562,0.05674277120730409,0.19181526714026131
linear,115,0.19585042201537506,0.1919673433573298,0.7592463717580317,0.5672790284007019,0.17511558916871758,0.2162384647241933,0.041122875555475724,0.170461487541715,0.22808658588954753,0.057625098347832526,0.19181526714026131
linear,116,0.1778409287854803,0.1919673433573298,0.7592463717580317,0.5672790284007019,0.15539239849966358,0.2098349494308048,0.054442550931141226,0.14518807823702923,0.20997362363198058,0.06478554539495135,0.19181526714026131
linear,117,0.1973478956116409,0.1919673433573298,0.7592463717580317,0.5672790284007019,0.16605899945830177,0.22540558980824282,0.05934659034994105,0.16846628017949455,0.23043245320948724,0.06196617302999269,0.19181526714026131
linear,118,0.19074378375828982,0.1919673433573298,0.7592463717580317,0.5672790284007019,0.1651955056231061,0.21352501820963504,0.048329512586528955,0.17050484050550083,0.22015992452998936,0.04965508402448854,0.19181526714026131
linear,119,0.20014520734897945,0.1919673433573298,0.7592463717580317,0.5672790284007019,0.1763033467217109,0.2267696164894593,0.0504662697677484,0.16901746449017152,0.22321450680954377,0.05419704231937225,0.19181526714026131
linear,124,0.19651777311228558,0.1919673433573298,0.7592463717580317,0.5672790284007019,0.16729073624563978,0.22711886148201055,0.059828125236370766,0.16602109007986054,0.22198155168704015,0.0559604616071796,0.19181526714026131
linear,125,0.1813303726879384,0.1919673433573298,0.7592463717580317,0.5672790284007019,0.15448089670148937,0.20566618158151928,0.05118528488002991,0.15122059582986555,0.21124335397367924,0.06002275814381369,0.19181526714026131
linear,126,0.1785411780209598,0.1919673433573298,0.7592463717580317,0.5672790284007019,0.15202068953304715,0.20838480067606005,0.0563641111430129,0.14771047929369346,0.20091810814905106,0.0532076288553576,0.19181526714026131
linear,127,0.19944384256600345,0.1919673433573298,0.7592463717580317,0.5672790284007019,0.17879778925338707,0.23109637277855355,0.052298583525166475,0.16635004480636092,0.22877829931383004,0.06242825450746911,0.19181526714026131
linear,120,0.17401899405772492,0.1919673433573298,0.7592463717580317,0.5672790284007019,0.14505196335573203,0.19829777779431723,0.0532458144385852,0.1429428164100316,0.20232443751258383,0.05938162110255224,0.19181526714026131
linear,121,0.17300957536461214,0.1919673433573298,0.7592463717580317,0.5672790284007019,0.15088188608643163,0.19952686332330336,0.04864497723687172,0.1396217603508107,0.2025576311450117,0.06293587079420102,0.19181526714026131
linear,122,0.19017878315236803,0.1919673433573298,0.7592463717580317,0.5672790284007019,0.1629194383527425,0.22667115738301385,0.06375171903027135,0.1529546250415859,0.21744787625021064,0.06449325120862473,0.19181526714026131
linear,123,0.18713374088374102,0.1919673433573298,0.7592463717580317,0.5672790284007019,0.15445974630051676,0.208194387435641,0.053734641135124245,0.16199513579117317,0.2127954038057579,0.05080026801458473,0.19181526714026131
linear,128,0.20023023866017753,0.1919673433573298,0.7592463717580317,0.5672790284007019,0.17270612562937457,0.22648745405380785,0.05378132842443328,0.1707201982171584,0.22504345681069907,0.054323258593540674,0.19181526714026131
linear,129,0.19196472872397796,0.1919673433573298,0.7592463717580317,0.5672790284007019,0.16858898457569446,0.21885520413055778,0.05026621955486332,0.16563611169632325,0.22558353194239483,0.05994742024607158,0.19181526714026131
linear,130,0.17318399824559716,0.1919673433573298,0.7592463717580317,0.5672790284007019,0.1485041667716348,0.197958696980087,0.049454530208452196,0.14653970565040209,0.20228300690174902,0.05574330125134694,0.19181526714026131
linear,131,0.18649412277254784,0.1919673433573298,0.7592463717580317,0.5672790284007019,0.15423534582924484,0.2169977698962012,0.06276242406695637,0.1544557158232364,0.2143770439100723,0.05992132808683592,0.19181526714026131
linear,132,0.18881385059507216,0.1919673433573298,0.7592463717580317,0.5672790284007019,0.16499297565397034,0.22480749019565885,0.05981451454168851,0.16049195327441976,0.21194647070076067,0.05145451742634091,0.19181526714026131
linear,133,0.2129347914586538,0.1919673433573298,0.7592463717580317,0.5672790284007019,0.18596577311827467,0.2415933827658464,0.05562760964757174,0.18137799172692315,0.24174096975315784,0.06036297802623469,0.19181526714026131
linear,134,0.19635552051248362,0.1919673433573298,0.7592463717580317,0.5672790284007019,0.17183677892531699,0.22475039907593053,0.052913620150613544,0.17766297159581151,0.2288774930490214,0.0512145214532099,0.19181526714026131
linear,135,0.17816263736263727,0.1919673433573298,0.7592463717580317,0.5672790284007019,0.14987869150054184,0.20684794299368914,0.0569692514931473,0.15212589209996827,0.21246101834699385,0.06033512624702558,0.19181526714026131
linear,140,0.17988571428571432,0.1919673433573298,0.7592463717580317,0.5672790284007019,0.15032377897775448,0.20869178362403115,0.05836800464627667,0.14578137250278095,0.2095971272219962,0.06381575471921525,0.19181526714026131
linear,141,0.22780550497785912,0.1919673433573298,0.7592463717580317,0.5672790284007019,0.1991577352729719,0.2458790307985204,0.04672129552554849,0.1942736936456797,0.25430567526730796,0.06003198162162826,0.19181526714026131
linear,142,0.20601117460563856,0.1919673433573298,0.7592463717580317,0.5672790284007019,0.17306397966130949,0.23682287041238329,0.0637588907510738,0.17345469246871895,0.2306626769203169,0.05720798445159794,0.19181526714026131
linear,143,0.17409862092341066,0.1919673433573298,0.7592463717580317,0.5672790284007019,0.14558437788687162,0.19957499129849107,0.053990613411619454,0.13847318505908682,0.20447398610133763,0.06600080104225081,0.19181526714026131
linear,136,0.18220831685067318,0.1919673433573298,0.7592463717580317,0.5672790284007019,0.1558903923746663,0.2043482648822363,0.04845787250757003,0.15307390949539781,0.21083143924479447,0.05775752974939666,0.19181526714026131
linear,137,0.16690553223348226,0.1919673433573298,0.7592463717580317,0.5672790284007019,0.13597503246063922,0.19137856057939825,0.05540352811875904,0.13943691797635496,0.19345275925844044,0.054015841282085475,0.19181526714026131
linear,138,0.19675250587703808,0.1919673433573298,0.7592463717580317,0.5672790284007019,0.16963765204692277,0.21919714139163196,0.04955948934470919,0.1715312039034804,0.23100236652500777,0.05947116262152738,0.19181526714026131
linear,139,0.18704954229072046,0.1919673433573298,0.7592463717580317,0.5672790284007019,0.16047670626729502,0.21743310520777523,0.05695639894048021,0.1419582837576723,0.2097354863120945,0.06777720255442218,0.19181526714026131
linear,144,0.203018873154449,0.1919673433573298,0.7592463717580317,0.5672790284007019,0.18055420665745928,0.23269385187697247,0.0521396452195132,0.17140065871376206,0.22791488109038774,0.05651422237662568,0.19181526714026131
linear,145,0.21390777552400275,0.1919673433573298,0.7592463717580317,0.5672790284007019,0.18515461041999387,0.24006537267763575,0.05491076225764188,0.1842049425621698,0.24889494997844433,0.06469000741627454,0.19181526714026131
linear,146,0.20064644154149913,0.1919673433573298,0.7592463717580317,0.5672790284007019,0.17200410192476231,0.22598978308322104,0.053985681158458726,0.17109779939288658,0.23179920677077,0.06070140737788343,0.19181526714026131
linear,147,0.1627867194641679,0.1919673433573298,0.7592463717580317,0.5672790284007019,0.13463927299838108,0.18818039990914798,0.0535411269107669,0.13244933690488758,0.1962089531847901,0.06375961627990251,0.19181526714026131
linear,148,0.20127910640308933,0.1919673433573298,0.7592463717580317,0.5672790284007019,0.17444013123793403,0.23259262871572192,0.05815249747778789,0.16970257369943528,0.23204495187802351,0.06234237817858823,0.19181526714026131
linear,149,0.15546605052535067,0.1919673433573298,0.7592463717580317,0.5672790284007019,0.12785470571410046,0.18758410834816047,0.059729402634060014,0.12126718473239011,0.18803072401599197,0.06676353928360186,0.19181526714026131
linear,150,0.1867112235663334,0.1919673433573298,0.7592463717580317,0.5672790284007019,0.161749934803119,0.21142486108718975,0.04967492628407075,0.15898834331641673,0.22237988683299043,0.0633915435165737,0.19181526714026131
linear,151,0.2035723254645907,0.1919673433573298,0.7592463717580317,0.5672790284007019,0.17403301840359447,0.2335802585011215,0.059547240097527016,0.17088137097843978,0.23032654167894567,0.059445170700505895,0.19181526714026131
linear,156,0.18389007197435392,0.1919673433573298,0.7592463717580317,0.5672790284007019,0.15740757593999166,0.2128128223490547,0.055405246409063025,0.15895880707202878,0.21115284339428306,0.05219403632225428,0.19181526714026131
linear,157,0.1983630843454578,0.1919673433573298,0.7592463717580317,0.5672790284007019,0.1660080605178226,0.22762098108983225,0.06161292057200965,0.16736522526337308,0.23043041858200133,0.06306519331862825,0.19181526714026131
linear,158,0.18444675134342947,0.1919673433573298,0.7592463717580317,0.5672790284007019,0.15877660548749362,0.22110923093219756,0.06233262544470394,0.15601775448967892,0.21136090796651213,0.05534315347683322,0.19181526714026131
linear,159,0.17668853333333334,0.1919673433573298,0.7592463717580317,0.5672790284007019,0.15155823806786203,0.2091798820643676,0.05762164399650557,0.14447085596415488,0.2020507279756911,0.05757987201153622,0.19181526714026131
linear,160,0.18177219285945423,0.1919673433573298,0.7592463717580317,0.5672790284007019,0.1529310076800536,0.2101361810711045,0.057205173391050884,0.15035518139225673,0.2062293326936843,0.05587415130142756,0.19181526714026131
linear,161,0.20060089859147168,0.1919673433573298,0.7592463717580317,0.5672790284007019,0.17278182000453365,0.2241821055685959,0.05140028556406226,0.1722652951532504,0.2300372050214966,0.05777190986824621,0.19181526714026131
linear,162,0.1799632688775854,0.1919673433573298,0.7592463717580317,0.5672790284007019,0.1489766672058651,0.2057668992777573,0.05679023207189218,0.15589375234938962,0.20871600163304108,0.05282224928365145,0.19181526714026131
linear,163,0.19238045140295612,0.1919673433573298,0.7592463717580317,0.5672790284007019,0.16434234517908045,0.21930789319209207,0.05496554801301162,0.16489560034372502,0.2176696511853043,0.05277405084157927,0.19181526714026131
linear,152,0.18197546208613924,0.1919673433573298,0.7592463717580317,0.5672790284007019,0.15361467823572011,0.2135476530237359,0.05993297478801579,0.1582180000596159,0.22068836199071432,0.06247036193109842,0.19181526714026131
linear,153,0.2062653465261679,0.1919673433573298,0.7592463717580317,0.5672790284007019,0.17011626003427494,0.23436459405264765,0.06424833401837271,0.17914694375505533,0.23743467931254636,0.05828773555749103,0.19181526714026131
linear,154,0.1853492647058823,0.1919673433573298,0.7592463717580317,0.5672790284007019,0.15386222604237826,0.21555004466215982,0.061687818619781565,0.1488931848339899,0.21864112748235717,0.06974794264836728,0.19181526714026131
linear,155,0.17061525709243563,0.1919673433573298,0.7592463717580317,0.5672790284007019,0.13609749785713762,0.19890013169878773,0.06280263384165011,0.140520849895047,0.20484375374285585,0.06432290384780884,0.19181526714026131
linear,164,0.18677767677331203,0.1919673433573298,0.7592463717580317,0.5672790284007019,0.16007812789371145,0.2286055592723549,0.06852743137864345,0.148913665552351,0.22127196854011785,0.07235830298776685,0.19181526714026131
linear,165,0.20296465528249918,0.1919673433573298,0.7592463717580317,0.5672790284007019,0.17873030573024606,0.23002074455168894,0.05129043882144288,0.1764501944540591,0.23837525658065417,0.06192506212659507,0.19181526714026131
linear,166,0.16776238087262008,0.1919673433573298,0.7592463717580317,0.5672790284007019,0.13778661036199094,0.19194511825643853,0.054158507894447594,0.1323901522180138,0.19820535734155356,0.06581520512353975,0.19181526714026131
linear,167,0.17014614344000845,0.1919673433573298,0.7592463717580317,0.5672790284007019,0.14149429839814343,0.20102172152305384,0.05952742312491041,0.14051795468774392,0.19446338753325576,0.05394543284551184,0.19181526714026131
linear,168,0.18812730862136595,0.1919673433573298,0.7592463717580317,0.5672790284007019,0.1621600970554922,0.2188299750702749,0.05666987801478271,0.1675614583820977,0.22967320222275714,0.06211174384065943,0.19181526714026131
linear,169,0.18288759375373742,0.1919673433573298,0.7592463717580317,0.5672790284007019,0.1498499991225052,0.20893209630363097,0.05908209718112575,0.1467357519603114,0.2125728014324124,0.06583704947210098,0.19181526714026131
linear,170,0.20797217438718807,0.1919673433573298,0.7592463717580317,0.5672790284007019,0.17914826507638731,0.23385261707782026,0.05470435200143295,0.17313066374321442,0.23255237111408159,0.05942170737086716,0.19181526714026131
linear,171,0.1708556594920232,0.1919673433573298,0.7592463717580317,0.5672790284007019,0.14212494034698658,0.19816736909455307,0.056042428747566486,0.14091846793445456,0.19878185279387375,0.05786338485941919,0.19181526714026131
linear,176,0.17046932742054688,0.1919673433573298,0.7592463717580317,0.5672790284007019,0.13993042372604814,0.20169276796607888,0.06176234424003074,0.13750789558189788,0.20936908342185062,0.07186118783995274,0.19181526714026131
linear,177,0.20720125271238476,0.1919673433573298,0.7592463717580317,0.5672790284007019,0.18020783554922515,0.23352525329975696,0.05331741775053181,0.17621758065939902,0.24206603033988017,0.06584844968048115,0.19181526714026131
linear,178,0.21828346091896278,0.1919673433573298,0.7592463717580317,0.5672790284007019,0.19188282751012428,0.24468260581725468,0.052799778307130396,0.180768608680723,0.23436529515492832,0.05359668647420532,0.19181526714026131
linear,179,0.22877409549870975,0.1919673433573298,0.7592463717580317,0.5672790284007019,0.20483367203851263,0.25273347881795677,0.04789980677944414,0.18390515151172201,0.2543886551063767,0.07048350359465469,0.19181526714026131
linear,180,0.2106216294527984,0.1919673433573298,0.7592463717580317,0.5672790284007019,0.18449315072027384,0.23757469684967375,0.053081546129399915,0.1869542575047898,0.2432973184222046,0.05634306091741478,0.19181526714026131
linear,181,0.18720788841661473,0.1919673433573298,0.7592463717580317,0.5672790284007019,0.1582991538008473,0.2134502391263442,0.055151085325496896,0.15839387723348922,0.21932129474532677,0.060927417511837556,0.19181526714026131
linear,182,0.19951847827596625,0.1919673433573298,0.7592463717580317,0.5672790284007019,0.17172504903393992,0.22176001163054537,0.05003496259660545,0.16864763717609452,0.2267869603995195,0.058139323223424993,0.19181526714026131
linear,183,0.20774917767568257,0.1919673433573298,0.7592463717580317,0.5672790284007019,0.18104870194272274,0.24328958611141627,0.06224088416869353,0.16798982511768173,0.2319979971919469,0.06400817207426515,0.19181526714026131
linear,172,0.1847434065934067,0.1919673433573298,0.7592463717580317,0.5672790284007019,0.15880632865291155,0.2140873851013663,0.05528105644845474,0.1597490360522103,0.21434121523452718,0.054592179182316874,0.19181526714026131
linear,173,0.2032592636433782,0.1919673433573298,0.7592463717580317,0.5672790284007019,0.17794851076147883,0.2391987313876357,0.06125022062615687,0.17032335340937546,0.23026849740846816,0.059945143999092704,0.19181526714026131
linear,174,0.24173496493125823,0.1919673433573298,0.7592463717580317,0.5672790284007019,0.21510657418048026,0.2696780575075175,0.054571483327037235,0.21173449264566632,0.26453876040407337,0.05280426775840705,0.19181526714026131
linear,175,0.1864612228086603,0.1919673433573298,0.7592463717580317,0.5672790284007019,0.15779989055099541,0.21005028749404994,0.05225039694305453,0.15319954699020413,0.2134182518454543,0.06021870485525016,0.19181526714026131
linear,184,0.1983305993732002,0.1919673433573298,0.7592463717580317,0.5672790284007019,0.1727402717083865,0.2236727474463837,0.050932475737997224,0.16471238731407195,0.22666057945573267,0.061948192141660724,0.19181526714026131
linear,185,0.19309194920279915,0.1919673433573298,0.7592463717580317,0.5672790284007019,0.16279084363171953,0.22644149354544568,0.06365064991372615,0.16210119402400167,0.22269340492875475,0.060592210904753085,0.19181526714026131
linear,186,0.20509440390128508,0.1919673433573298,0.7592463717580317,0.5672790284007019,0.1724386962387885,0.23637026393849983,0.06393156769971134,0.1664336045059162,0.2238850979701027,0.05745149346418649,0.19181526714026131
linear,187,0.18645263639052456,0.1919673433573298,0.7592463717580317,0.5672790284007019,0.16142038217708843,0.2183356235086924,0.05691524133160397,0.15970583005372804,0.2179977159348205,0.058291885881092464,0.19181526714026131
linear,188,0.21021559666008138,0.1919673433573298,0.7592463717580317,0.5672790284007019,0.1824773795369379,0.2367329951627555,0.0542556156258176,0.17975399252343013,0.2309430206701512,0.05118902814672108,0.19181526714026131
linear,189,0.20369456293475008,0.1919673433573298,0.7592463717580317,0.5672790284007019,0.1728126814732592,0.23781512440993477,0.06500244293667556,0.1777694504224862,0.23241842303782728,0.054648972615341074,0.19181526714026131
linear,190,0.16603869813316685,0.1919673433573298,0.7592463717580317,0.5672790284007019,0.1340487492536588,0.19411653442274784,0.06006778516908903,0.13632541111390695,0.19612783870571238,0.05980242759180543,0.19181526714026131
linear,191,0.23005872732679145,0.1919673433573298,0.7592463717580317,0.5672790284007019,0.20726819063094837,0.2599613018902351,0.05269311125928672,0.1943962307267581,0.24731361515469713,0.05291738442793903,0.19181526714026131
linear,192,0.20141594396444806,0.1919673433573298,0.7592463717580317,0.5672790284007019,0.17030474690952638,0.2209865150660582,0.05068176815653183,0.17373460385320696,0.23317059597425677,0.0594359921210498,0.19181526714026131
linear,193,0.17058394137111588,0.1919673433573298,0.7592463717580317,0.5672790284007019,0.13998984454928842,0.19376969227279003,0.05377984772350161,0.13644238112692864,0.2017410626641359,0.06529868153720728,0.19181526714026131
linear,194,0.1915846524879199,0.1919673433573298,0.7592463717580317,0.5672790284007019,0.16327773282257643,0.2126850895690307,0.04940735674645427,0.16802258431827935,0.22046956431754025,0.0524469799992609,0.19181526714026131
linear,195,0.20041008035490349,0.1919673433573298,0.7592463717580317,0.5672790284007019,0.17326194328676023,0.22508832211337446,0.05182637882661423,0.1626881793111609,0.24094436869091918,0.07825618937975828,0.19181526714026131
linear,196,0.21060267653311948,0.1919673433573298,0.7592463717580317,0.5672790284007019,0.1807320862722018,0.23776957531457302,0.057037489042371214,0.18509337111389104,0.2412829564899693,0.056189585376078266,0.19181526714026131
linear,197,0.17612224475997296,0.1919673433573298,0.7592463717580317,0.5672790284007019,0.1454408756071518,0.2084767186679205,0.0630358430607687,0.15198697732162023,0.20561206855760863,0.05362509123598841,0.19181526714026131
linear,198,0.1891168560723271,0.1919673433573298,0.7592463717580317,0.5672790284007019,0.16212443108357175,0.21621016244609825,0.05408573136252651,0.16428845784511806,0.22178990352676883,0.057501445681650776,0.19181526714026131
linear,199,0.21002194777538263,0.1919673433573298,0.7592463717580317,0.5672790284007019,0.18034731519372746,0.23643525274194024,0.056087937548212785,0.18507514126616348,0.24103475790579523,0.055959616639631754,0.19181526714026131
nonlinear,0,0.17293823190932156,0.16944775747012641,0.833752101328283,0.6643043438581566,0.14674052924944958,0.19515164780411015,0.04841111855466057,0.15127070044787067,0.19191511862610047,0.04064441817822981,0.1693985865326183
nonlinear,1,0.17639191598969672,0.16944775747012641,0.833752101328283,0.6643043438581566,0.15838793714101163,0.1990769940273378,0.04068905688632618,0.15785138224475817,0.19996797263737515,0.042116590392616976,0.1693985865326183
nonlinear,2,0.19147640601685045,0.16944775747012641,0.833752101328283,0.6643043438581566,0.166321950697747,0.21412819110950856,0.04780624041176157,0.16495122552873562,0.2144064604546131,0.04945523492587747,0.1693985865326183
nonlinear,3,0.16686568676407787,0.16944775747012641,0.833752101328283,0.6643043438581566,0.147097887706764,0.1870585275328501,0.03996063982608611,0.13754858478808457,0.19150081019193693,0.05395222540385236,0.1693985865326183
nonlinear,8,0.15866925252125963,0.16944775747012641,0.833752101328283,0.6643043438581566,0.14163883100236746,0.174356485660127,0.032717654657759526,0.13463215173127235,0.1723353278569378,0.037703176125665455,0.1693985865326183
nonlinear,9,0.17054022147704484,0.16944775747012641,0.833752101328283,0.6643043438581566,0.149298001875996,0.19068466861767758,0.041386666741681566,0.14598933319424443,0.19630117430477437,0.05031184111052994,0.1693985865326183
nonlinear,10,0.16886588185402818,0.16944775747012641,0.833752101328283,0.6643043438581566,0.14487191126262683,0.18675812121815566,0.04188620995552883,0.14791830429910852,0.19012932317683107,0.04221101887772255,0.1693985865326183
nonlinear,11,0.16675294117647044,0.16944775747012641,0.833752101328283,0.6643043438581566,0.14668653976235146,0.1882478066237985,0.04156126686144704,0.1450263907339227,0.1857991143370292,0.04077272360310649,0.1693985865326183
nonlinear,12,0.17659207973777513,0.16944775747012641,0.833752101328283,0.6643043438581566,0.15484757071096186,0.19927761204007352,0.04443004132911166,0.14633954240165797,0.19785144186413287,0.05151189946247489,0.1693985865326183
nonlinear,13,0.16950173385549594,0.16944775747012641,0.833752101328283,0.6643043438581566,0.15012442982586627,0.18679618292216596,0.03667175309629969,0.14932687898426325,0.18880006311595895,0.039473184131695704,0.1693985865326183
nonlinear,14,0.1638256170549538,0.16944775747012641,0.833752101328283,0.6643043438581566,0.14098666793010342,0.18941009487134441,0.04842342694124099,0.14519352921921866,0.1891861663365236,0.043992637117304945,0.1693985865326183
nonlinear,15,0.17860583144031983,0.16944775747012641,0.833752101328283,0.6643043438581566,0.1540653962772118,0.20279494045435034,0.04872954417713854,0.15832627751651962,0.19925627783082744,0.040930000314307824,0.1693985865326183
nonlinear,4,0.181331333006708,0.16944775747012641,0.833752101328283,0.6643043438581566,0.15599634647526303,0.20262008097049738,0.046623734495234354,0.16227628182477205,0.19683485086762126,0.03455856904284921,0.1693985865326183
nonlinear,5,0.16699966215338236,0.16944775747012641,0.833752101328283,0.6643043438581566,0.1476783463426273,0.1901770882123691,0.042498741869741785,0.1408536942413401,0.19327844441042777,0.05242475016908768,0.1693985865326183
nonlinear,6,0.16607203481054578,0.16944775747012641,0.833752101328283,0.6643043438581566,0.14539230882078635,0.18943391320802067,0.04404160438723431,0.1416485621426935,0.18209212734923796,0.04044356520654446,0.1693985865326183
nonlinear,7,0.16320058634696022,0.16944775747012641,0.833752101328283,0.6643043438581566,0.13365176077982768,0.18452863567951316,0.05087687489968548,0.13721940403830393,0.18747656905733964,0.05025716501903571,0.1693985865326183
nonlinear,16,0.1672722565852126,0.16944775747012641,0.833752101328283,0.6643043438581566,0.14361688096991218,0.18826425773694916,0.04464737676703698,0.14520868677581564,0.18241275836448637,0.03720407158867073,0.1693985865326183
nonlinear,17,0.17236164696377643,0.16944775747012641,0.833752101328283,0.6643043438581566,0.1515887491482852,0.1941628253038385,0.04257407615555328,0.148579218387129,0.19446120990914031,0.045881991522011306,0.1693985865326183
nonlinear,18,0.16553556367435396,0.16944775747012641,0.833752101328283,0.6643043438581566,0.14539093010445864,0.1919110812407611,0.04652015113630245,0.13707711975824774,0.18684784262491624,0.049770722866668504,0.1693985865326183
nonlinear,19,0.1534275581786647,0.16944775747012641,0.833752101328283,0.6643043438581566,0.12313334500636205,0.17254391292648974,0.049410567920127685,0.13040372120023316,0.17368317019379118,0.04327944899355801,0.1693985865326183
nonlinear,20,0.15850019159036433,0.16944775747012641,0.833752101328283,0.6643043438581566,0.13982972951950579,0.1835239758766436,0.04369424635713781,0.13062877284097152,0.17966838456489992,0.0490396117239284,0.1693985865326183
nonlinear,21,0.18219112837937235,0.16944775747012641,0.833752101328283,0.6643043438581566,0.15751629482583998,0.20726981300417682,0.04975351817833684,0.1636364045504677,0.19788581185538195,0.03424940730491424,0.1693985865326183
nonlinear,22,0.13298951789829017,0.16944775747012641,0.833752101328283,0.6643043438581566,0.10573774897141681,0.1546111105650461,0.048873361593629275,0.10963147668304517,0.15710015634685148,0.047468679663806315,0.1693985865326183
nonlinear,23,0.17760654726417602,0.16944775747012641,0.833752101328283,0.6643043438581566,0.15120301664260707,0.19686062206202626,0.045657605419419184,0.15808706091647504,0.1989921534542083,0.04090509253773325,0.1693985865326183
nonlinear,28,0.17616217796462919,0.16944775747012641,0.833752101328283,0.6643043438581566,0.15341430992272684,0.19690229830622813,0.04348798838350129,0.15425823666205044,0.19313592639262545,0.03887768973057501,0.1693985865326183
nonlinear,29,0.17083368655930686,0.16944775747012641,0.833752101328283,0.6643043438581566,0.14682217120143704,0.19120024631469826,0.04437807511326122,0.14153940188423614,0.19389905959895948,0.05235965771472334,0.1693985865326183
nonlinear,30,0.17141337109167964,0.16944775747012641,0.833752101328283,0.6643043438581566,0.1511182910504347,0.1934939322730594,0.04237564122262469,0.14646602553674898,0.1867813082088122,0.04031528267206322,0.1693985865326183
nonlinear,31,0.1970691244239633,0.16944775747012641,0.833752101328283,0.6643043438581566,0.1717193746730506,0.21789409742600316,0.04617472275295256,0.16676277653176796,0.21027685267476845,0.043514076143000485,0.1693985865326183
nonlinear,24,0.15831646885084516,0.16944775747012641,0.833752101328283,0.6643043438581566,0.13548560380822136,0.1827444776704022,0.047258873862180834,0.1266972136025314,0.17915851973005315,0.052461306127521756,0.1693985865326183
nonlinear,25,0.15600165289937518,0.16944775747012641,0.833752101328283,0.6643043438581566,0.1377064653139028,0.17774675695761877,0.040040291643715975,0.13299009704229414,0.17392009500133684,0.0409299979590427,0.1693985865326183
nonlinear,26,0.1831508359341666,0.16944775747012641,0.833752101328283,0.6643043438581566,0.16151473889165924,0.20495479294200267,0.04344005405034343,0.15511476030682705,0.1987781193127685,0.043663359005941454,0.1693985865326183
nonlinear,27,0.17393606446090115,0.16944775747012641,0.833752101328283,0.6643043438581566,0.15367224680874522,0.19484076463652503,0.041168517827779805,0.1561029115621974,0.19203019503239635,0.03592728347019894,0.1693985865326183
nonlinear,32,0.1652237350039102,0.16944775747012641,0.833752101328283,0.6643043438581566,0.14137079063417227,0.19126420298370092,0.049893412349528654,0.14211458747692082,0.18690496264441475,0.04479037516749393,0.1693985865326183
nonlinear,33,0.17466854219948857,0.16944775747012641,0.833752101328283,0.6643043438581566,0.15722210909776319,0.19932845211639497,0.04210634301863178,0.14903908329306587,0.18893328536394224,0.03989420207087638,0.1693985865326183
nonlinear,34,0.18314315196079956,0.16944775747012641,0.833752101328283,0.6643043438581566,0.16196693928955536,0.20469958984799405,0.042732650558438695,0.1539981358217036,0.20677645316770904,0.05277831734600544,0.1693985865326183
nonlinear,35,0.19293986307450217,0.16944775747012641,0.833752101328283,0.6643043438581566,0.17417777310911722,0.217878075509286,0.04370030240016878,0.17306979820727136,0.20963563159714832,0.036565833389876956,0.1693985865326183
nonlinear,36,0.1848438318531871,0.16944775747012641,0.833752101328283,0.6643043438581566,0.16549021480257547,0.2066444490437631,0.04115423424118764,0.16003453654345492,0.20323385535911362,0.043199318815658694,0.1693985865326183
nonlinear,37,0.16855916015667594,0.16944775747012641,0.833752101328283,0.6643043438581566,0.1506973127762021,0.1889549833743062,0.03825767059810409,0.14087285200864139,0.19039697505889436,0.04952412305025297,0.1693985865326183
nonlinear,38,0.15307017363692754,0.16944775747012641,0.833752101328283,0.6643043438581566,0.13150328396253796,0.17437458410275491,0.04287130014021695,0.1323174719798148,0.17460744992068386,0.042289977940869056,0.1693985865326183
nonlinear,39,0.1596347748609357,0.16944775747012641,0.833752101328283,0.6643043438581566,0.1369221708705891,0.17730830108641804,0.04038613021582893,0.14092275442013785,0.18289663349424862,0.041973879074110765,0.1693985865326183
nonlinear,44,0.1647312057640724,0.16944775747012641,0.833752101328283,0.6643043438581566,0.14517133873847887,0.18905910949545945,0.04388777075698058,0.14463528898728617,0.1893518294343488,0.044716540447062636,0.1693985865326183
nonlinear,45,0.14469712720354466,0.16944775747012641,0.833752101328283,0.6643043438581566,0.12306195281606751,0.1679072249681122,0.04484527215204469,0.12191458423636019,0.17123785045392204,0.04932326621756185,0.1693985865326183
nonlinear,46,0.16723450305572118,0.16944775747012641,0.833752101328283,0.6643043438581566,0.14705520482922646,0.1889633476974178,0.041908142868191334,0.14771969958184278,0.19373307430931394,0.04601337472747116,0.1693985865326183
nonlinear,47,0.15946818654646322,0.16944775747012641,0.833752101328283,0.6643043438581566,0.14087167034172815,0.18113896050915487,0.04026729016742672,0.13594486773118594,0.17957681435735154,0.043631946626165596,0.1693985865326183
nonlinear,40,0.17656477709326968,0.16944775747012641,0.833752101328283,0.6643043438581566,0.15244605076866596,0.19595682562908598,0.043510774860420015,0.15311451950242,0.19491535924787357,0.041800839745453566,0.1693985865326183
nonlinear,41,0.1570748880432813,0.16944775747012641,0.833752101328283,0.6643043438581566,0.13356681396332415,0.17731530405869064,0.04374849009536649,0.13281527496306428,0.1791667077881558,0.04635143282509152,0.1693985865326183
nonlinear,42,0.16435228884590591,0.16944775747012641,0.833752101328283,0.6643043438581566,0.14371354101133066,0.18847094103671624,0.044757400025385585,0.1394154539159358,0.18359334118425275,0.04417788726831695,0.1693985865326183
nonlinear,43,0.1658703842546263,0.16944775747012641,0.833752101328283,0.6643043438581566,0.14306495793926285,0.1826106453177451,0.03954568737848224,0.14714097309050755,0.18998185316122862,0.042840880070721066,0.1693985865326183
nonlinear,48,0.16151331750044695,0.16944775747012641,0.833752101328283,0.6643043438581566,0.14062711179967166,0.18579508499034658,0.04516797319067492,0.13960574572068207,0.18145157010372626,0.04184582438304418,0.1693985865326183
nonlinear,49,0.1509340591364592,0.16944775747012641,0.833752101328283,0.6643043438581566,0.13260643961853497,0.16974263213554674,0.03713619251701178,0.12934887442106333,0.17348255246832459,0.04413367804726126,0.1693985865326183
nonlinear,50,0.18025730630840509,0.16944775747012641,0.833752101328283,0.6643043438581566,0.1542944737786718,0.2075133500096915,0.0532188762310197,0.1598343814551276,0.20102963143637978,0.04119524998125218,0.1693985865326183
nonlinear,51,0.1771812294933307,0.16944775747012641,0.833752101328283,0.6643043438581566,0.15808973385460467,0.19835031913142018,0.0402605852768155,0.1510585657590941,0.20570709813443327,0.054648532375339176,0.1693985865326183
nonlinear,52,0.16030621478642548,0.16944775747012641,0.833752101328283,0.6643043438581566,0.13571720381759259,0.1800176569821293,0.04430045316453671,0.1351731596760759,0.1774379505968002,0.0422647909207243,0.1693985865326183
nonlinear,53,0.1906652071007131,0.16944775747012641,0.833752101328283,0.6643043438581566,0.16641190833082517,0.21342237211971063,0.04701046378888546,0.1684074984842652,0.22106338474147935,0.05265588625721415,0.1693985865326183
nonlinear,54,0.169959724597478,0.16944775747012641,0.833752101328283,0.6643043438581566,0.14572061264964759,0.1914327803570981,0.04571216770745051,0.1477336506388507,0.1899523409679946,0.04221869032914391,0.1693985865326183
nonlinear,55,0.1620427229089212,0.16944775747012641,0.833752101328283,0.6643043438581566,0.14209003066806097,0.18339961806870875,0.041309587400647774,0.13389548817528396,0.18539147514261622,0.05149598696733226,0.1693985865326183
nonlinear,60,0.14910512225520256,0.16944775747012641,0.833752101328283,0.6643043438581566,0.12097331104878739,0.16665470666826476,0.04568139561947737,0.12959429723720084,0.17613700098670387,0.046542703749503034,0.1693985865326183
nonlinear,61,0.16657793006865518,0.16944775747012641,0.833752101328283,0.6643043438581566,0.14166140126534948,0.18677858180132773,0.04511718053597824,0.13671603516644748,0.18580853038937797,0.04909249522293049,0.1693985865326183
nonlinear,62,0.17346110426929395,0.16944775747012641,0.833752101328283,0.6643043438581566,0.14984168745667847,0.19485712599105945,0.045015438534380975,0.14549798909876085,0.1948278954583009,0.04932990635954004,0.1693985865326183
nonlinear,63,0.1654732512853765,0.16944775747012641,0.833752101328283,0.6643043438581566,0.14314939184220468,0.188445184946858,0.045295793104653315,0.13917493277175835,0.18751715569336336,0.048342222921605005,0.1693985865326183
nonlinear,64,0.16150661832287572,0.16944775747012641,0.833752101328283,0.6643043438581566,0.14470468959503308,0.1811886082776736,0.03648391868264053,0.13214615355543557,0.1927615682890001,0.06061541473356452,0.1693985865326183
nonlinear,65,0.19288866233431934,0.16944775747012641,0.833752101328283,0.6643043438581566,0.17144873373008407,0.21593473970980398,0.04448600597971991,0.16729056393547842,0.21641697757401565,0.04912641363853723,0.1693985865326183
nonlinear,66,0.18615049388987792,0.16944775747012641,0.833752101328283,0.6643043438581566,0.16943017376172945,0.21084990894996894,0.04141973518823949,0.16638648474535508,0.2083522381192998,0.0419657533739447,0.1693985865326183
nonlinear,67,0.15831354800415498,0.16944775747012641,0.833752101328283,0.6643043438581566,0.1403752018470783,0.18129548583273142,0.040920283985653116,0.1391233641109638,0.17674639103633955,0.03762302692537575,0.1693985865326183
nonlinear,56,0.15585577488302693,0.16944775747012641,0.833752101328283,0.6643043438581566,0.13697380447639995,0.17399337861801298,0.037019574141613026,0.13363000683435244,0.17680469632733214,0.0431746894929797,0.1693985865326183
nonlinear,57,0.19018311207978333,0.16944775747012641,0.833752101328283,0.6643043438581566,0.1706521550137882,0.21264671340134322,0.04199455838755503,0.16924455962491558,0.20474378009030608,0.0354992204653905,0.1693985865326183
nonlinear,58,0.1584472904996539,0.16944775747012641,0.833752101328283,0.6643043438581566,0.13505702869835248,0.18322651111349883,0.04816948241514635,0.13425518783391296,0.17994757225035074,0.045692384416437776,0.1693985865326183
nonlinear,59,0.16358844710028353,0.16944775747012641,0.833752101328283,0.6643043438581566,0.1386774026210581,0.18479047215629893,0.04611306953524083,0.1432794317270452,0.18417344380633804,0.04089401207929286,0.1693985865326183
nonlinear,68,0.15189909048828387,0.16944775747012641,0.833752101328283,0.6643043438581566,0.13126752347088963,0.1712818173067368,0.040014293835847176,0.1307073287948974,0.17616283808684136,0.045455509291943946,0.1693985865326183
nonlinear,69,0.16381046717673564,0.16944775747012641,0.833752101328283,0.6643043438581566,0.1410313619446077,0.19177324817011884,0.05074188622551115,0.14125774914364023,0.18476362560214357,0.043505876458503345,0.1693985865326183
nonlinear,70,0.15644303994091213,0.16944775747012641,0.833752101328283,0.6643043438581566,0.13559583456318644,0.17676073554924454,0.0411649009860581,0.13878895607225133,0.17760435106852338,0.03881539499627204,0.1693985865326183
nonlinear,71,0.1774671389557141,0.16944775747012641,0.833752101328283,0.6643043438581566,0.155386006078049,0.19566903427273233,0.040283028194683324,0.15135647405333147,0.19546431168433018,0.04410783763099871,0.1693985865326183
nonlinear,72,0.16076229828180422,0.16944775747012641,0.833752101328283,0.6643043438581566,0.13814855535943865,0.18490266778303122,0.046754112423592564,0.13610073097123435,0.1808844427377807,0.04478371176654636,0.1693985865326183
nonlinear,73,0.1736349239996512,0.16944775747012641,0.833752101328283,0.6643043438581566,0.14824260320169907,0.19213315756329793,0.04389055436159886,0.1572397502010264,0.19267551958530194,0.035435769384275534,0.1693985865326183
nonlinear,74,0.16837524834334938,0.16944775747012641,0.833752101328283,0.6643043438581566,0.14796927613156052,0.19094245324665185,0.04297317711509133,0.14868600563633566,0.19102180463271373,0.04233579899637807,0.1693985865326183
nonlinear,75,0.15859022816484947,0.16944775747012641,0.833752101328283,0.6643043438581566,0.13674186330153443,0.18103161038225896,0.04428974708072453,0.1348296368922199,0.1868374967043525,0.0520078598121326,0.1693985865326183
nonlinear,80,0.17790775272724257,0.16944775747012641,0.833752101328283,0.6643043438581566,0.15720459037693052,0.1980303234548986,0.04082573307796808,0.15500744458477209,0.19772286514312112,0.04271542055834904,0.1693985865326183
nonlinear,81,0.1337166158633093,0.16944775747012641,0.833752101328283,0.6643043438581566,0.11767368838824388,0.15851511000042331,0.040841421612179435,0.11130800324503805,0.15209086874337885,0.0407828654983408,0.1693985865326183
nonlinear,82,0.16450791318074676,0.16944775747012641,0.833752101328283,0.6643043438581566,0.14670992481658376,0.18283094887538096,0.03612102405879719,0.14685634502386832,0.1825111287794335,0.03565478375556519,0.1693985865326183
nonlinear,83,0.1778831415562191,0.16944775747012641,0.833752101328283,0.6643043438581566,0.1568960304457201,0.20267196745166968,0.04577593700594959,0.16346643970712058,0.202990829231587,0.039524389524466436,0.1693985865326183
nonlinear,84,0.15469433127980925,0.16944775747012641,0.833752101328283,0.6643043438581566,0.13680337606499385,0.17855456536758632,0.04175118930259247,0.1309320541278998,0.1758596754681443,0.0449276213402445,0.1693985865326183
nonlinear,85,0.15056462182930297,0.16944775747012641,0.833752101328283,0.6643043438581566,0.12822858878629273,0.17258775065510423,0.0443591618688115,0.12798171108377093,0.1727239921521709,0.044742281068399975,0.1693985865326183
nonlinear,86,0.16357899096580464,0.16944775747012641,0.833752101328283,0.6643043438581566,0.13978153065222154,0.1861547897057869,0.04637325905356535,0.13725392275664758,0.17920840491315496,0.04195448215650738,0.1693985865326183
nonlinear,87,0.16572905548874195,0.16944775747012641,0.833752101328283,0.6643043438581566,0.1466684104087073,0.19159226298328313,0.044923852574575845,0.14184772433195472,0.1837662804138924,0.041918556081937675,0.1693985865326183
nonlinear,76,0.15556342364532016,0.16944775747012641,0.833752101328283,0.6643043438581566,0.13417763513803854,0.17570167286171914,0.0415240377236806,0.1360261442047649,0.1796993074194055,0.043673163214640626,0.1693985865326183
nonlinear,77,0.15789081307758013,0.16944775747012641,0.833752101328283,0.6643043438581566,0.14143611517981475,0.17790692574928027,0.03647081056946552,0.14141686763506198,0.1820082594853794,0.04059139185031743,0.1693985865326183
nonlinear,78,0.168322849524993,0.16944775747012641,0.833752101328283,0.6643043438581566,0.1445380255058277,0.19040199917137537,0.045863973665547675,0.14418417339992454,0.1873757629716814,0.043191589571756867,0.1693985865326183
nonlinear,79,0.15286070889519177,0.16944775747012641,0.833752101328283,0.6643043438581566,0.13251654707207272,0.18086091282554673,0.048344365753474006,0.12767335957172,0.1731811175257756,0.04550775795405562,0.1693985865326183
nonlinear,88,0.15444133208839073,0.16944775747012641,0.833752101328283,0.6643043438581566,0.1314971446362572,0.17826921330447446,0.04677206866821726,0.13078133606214296,0.174053439501041,0.043272103438898035,0.1693985865326183
nonlinear,89,0.1647970372462516,0.16944775747012641,0.833752101328283,0.6643043438581566,0.14129903560357923,0.18700886481285667,0.045709829209277436,0.14343587139188854,0.1887298231817786,0.04529395178989007,0.1693985865326183
nonlinear,90,0.17340584279108873,0.16944775747012641,0.833752101328283,0.6643043438581566,0.15192317328346455,0.19445145406864428,0.04252828078517973,0.153014128887409,0.19438224802081638,0.04136811913340738,0.1693985865326183
nonlinear,91,0.15679716029520674,0.16944775747012641,0.833752101328283,0.6643043438581566,0.13886998040366663,0.17591432848458477,0.03704434808091814,0.13431799325606192,0.17788382570578348,0.043565832449721564,0.1693985865326183
nonlinear,92,0.16469925589086398,0.16944775747012641,0.833752101328283,0.6643043438581566,0.1466190309224079,0.1818690466349086,0.03525001571250069,0.14109258304995737,0.18173923651509988,0.04064665346514251,0.1693985865326183
nonlinear,93,0.17720309572200743,0.16944775747012641,0.833752101328283,0.6643043438581566,0.15184086565173358,0.19629985874704048,0.0444589930953069,0.15592827507911472,0.2024380088556331,0.046509733776518375,0.1693985865326183
nonlinear,94,0.16671943666315436,0.16944775747012641,0.833752101328283,0.6643043438581566,0.15245361659342588,0.18995695717339667,0.03750334057997079,0.14725732127779326,0.18457682132542713,0.037319500047633875,0.1693985865326183
nonlinear,95,0.17706660454039502,0.16944775747012641,0.833752101328283,0.6643043438581566,0.15653195693704589,0.19776098169016254,0.041229024753116655,0.14981150751803915,0.20103103581109183,0.05121952829305268,0.1693985865326183
nonlinear,100,0.15988240126245712,0.16944775747012641,0.833752101328283,0.6643043438581566,0.13927967297180704,0.1781651457277491,0.03888547275594206,0.13688661161175175,0.18563094482065826,0.048744333208906504,0.1693985865326183
nonlinear,101,0.17845284908740178,0.16944775747012641,0.833752101328283,0.6643043438581566,0.15593983326083163,0.20382308185601444,0.04788324859518281,0.1558696527713696,0.19451370511752222,0.03864405234615262,0.1693985865326183
nonlinear,102,0.1539463541666667,0.16944775747012641,0.833752101328283,0.6643043438581566,0.13732458018775917,0.17032791627681104,0.03300333608905187,0.13140507099334522,0.1707782377491412,0.03937316675579597,0.1693985865326183
nonlinear,103,0.1678061916409569,0.16944775747012641,0.833752101328283,0.6643043438581566,0.1436236892172861,0.18951509511845135,0.04589140590116525,0.1433620540638217,0.1853926142887449,0.042030560224923214,0.1693985865326183
nonlinear,96,0.17368297624176232,0.16944775747012641,0.833752101328283,0.6643043438581566,0.15326420541912367,0.19282201062079346,0.03955780520166979,0.15182518575759552,0.2046289803894307,0.05280379463183518,0.1693985865326183
nonlinear,97,0.1659599803266807,0.16944775747012641,0.833752101328283,0.6643043438581566,0.13520151261587485,0.18945888462308866,0.05425737200721381,0.14379352976511647,0.1883166125375973,0.04452308277248082,0.1693985865326183
nonlinear,98,0.17440046530896436,0.16944775747012641,0.833752101328283,0.6643043438581566,0.15401990996527118,0.19478372508544356,0.04076381512017238,0.15105241319518461,0.19664294726555692,0.04559053407037231,0.1693985865326183
nonlinear,99,0.18170987855894205,0.16944775747012641,0.833752101328283,0.6643043438581566,0.16126006369429627,0.20751996053087177,0.0462598968365755,0.1613325246422074,0.19678439007347304,0.03545186543126563,0.1693985865326183
nonlinear,104,0.17843760926815821,0.16944775747012641,0.833752101328283,0.6643043438581566,0.15930953649841634,0.19754116889981096,0.03823163240139463,0.1559488572495927,0.1984096061791991,0.042460748929606384,0.1693985865326183
nonlinear,105,0.16676643668831148,0.16944775747012641,0.833752101328283,0.6643043438581566,0.14443305656335084,0.18686406562419783,0.042431009060846986,0.1443633586914931,0.18719363017803026,0.04283027148653715,0.1693985865326183
nonlinear,106,0.17473579780957604,0.16944775747012641,0.833752101328283,0.6643043438581566,0.15457215018410278,0.19958310739781107,0.04501095721370829,0.15264499896881695,0.19192601405162263,0.03928101508280568,0.1693985865326183
nonlinear,107,0.15840374106767552,0.16944775747012641,0.833752101328283,0.6643043438581566,0.1368102165673217,0.1836477811367127,0.046837564569391005,0.13178096777870035,0.18315399645376443,0.051373028675064075,0.1693985865326183
nonlinear,108,0.1582041040059442,0.16944775747012641,0.833752101328283,0.6643043438581566,0.14269448802280263,0.17813088304638255,0.035436395023579925,0.13326858883619463,0.18428206168661632,0.05101347285042168,0.1693985865326183
nonlinear,109,0.15851834827242772,0.16944775747012641,0.833752101328283,0.6643043438581566,0.13467493606138112,0.17595161482603042,0.0412766787646493,0.1372710426994719,0.18176611178483942,0.04449506908536752,0.1693985865326183
nonlinear,110,0.17618449562760163,0.16944775747012641,0.833752101328283,0.6643043438581566,0.15766845173448252,0.19379957406096854,0.03613112232648602,0.15668130401311287,0.19712302945128815,0.040441725438175286,0.1693985865326183
nonlinear,111,0.18826022036865397,0.16944775747012641,0.833752101328283,0.6643043438581566,0.16698639500382545,0.21060258327549428,0.043616188271668827,0.16418712618535053,0.2089055009385114,0.04471837475316087,0.1693985865326183
nonlinear,116,0.172179790953785,0.16944775747012641,0.833752101328283,0.6643043438581566,0.1456221529081893,0.19072966820594006,0.045107515297750755,0.14963716094819762,0.18678236008017965,0.037145199131982026,0.1693985865326183
nonlinear,117,0.1789983541708774,0.16944775747012641,0.833752101328283,0.6643043438581566,0.15912414813274953,0.19973681939200383,0.0406126712592543,0.1485751055562605,0.19664160413600007,0.048066498579739575,0.1693985865326183
nonlinear,118,0.15491533028187554,0.16944775747012641,0.833752101328283,0.6643043438581566,0.1334851609595495,0.170712542431512,0.0372273814719625,0.13751342960908508,0.17482290954284474,0.03730947993375966,0.1693985865326183
nonlinear,119,0.1666983171672316,0.16944775747012641,0.833752101328283,0.6643043438581566,0.14812614515297412,0.19587147492194987,0.04774532976897575,0.1424192463522309,0.18379421834044077,0.04137497198820986,0.1693985865326183
nonlinear,120,0.15966987195435478,0.16944775747012641,0.833752101328283,0.6643043438581566,0.13951754274465347,0.178111234279584,0.03859369153493053,0.12929759855159595,0.1804650901769127,0.05116749162531675,0.1693985865326183
nonlinear,121,0.16293479422548873,0.16944775747012641,0.833752101328283,0.6643043438581566,0.14175714785227872,0.18492203583414754,0.04316488798186882,0.13053532902381895,0.18861553266724262,0.05808020364342367,0.1693985865326183
nonlinear,122,0.16405087004562324,0.16944775747012641,0.833752101328283,0.6643043438581566,0.14176841972032825,0.1823610627841471,0.04059264306381885,0.14168796293230185,0.18000838730833585,0.038320424376034,0.1693985865326183
nonlinear,123,0.15682467478434525,0.16944775747012641,0.833752101328283,0.6643043438581566,0.13583953474011243,0.17474031023615016,0.03890077549603774,0.1342654681399184,0.17508745390383482,0.04082198576391641,0.1693985865326183
nonlinear,112,0.16988585391737743,0.16944775747012641,0.833752101328283,0.6643043438581566,0.14885746695304689,0.18655840771416274,0.03770094076111585,0.14092599219134316,0.19432856837787965,0.05340257618653649,0.1693985865326183
nonlinear,113,0.17242974626087026,0.16944775747012641,0.833752101328283,0.6643043438581566,0.14951858646538344,0.19498036414311679,0.04546177767773335,0.15070028690722398,0.1941440396531685,0.04344375274594453,0.1693985865326183
nonlinear,114,0.1787145593402305,0.16944775747012641,0.833752101328283,0.6643043438581566,0.15621819681338456,0.19477671883146513,0.03855852201808058,0.1584405687519461,0.19657060130649526,0.038130032554549165,0.1693985865326183
nonlinear,115,0.1624521167690376,0.16944775747012641,0.833752101328283,0.6643043438581566,0.13865494585349245,0.18780594081173613,0.04915099495824368,0.13749219127846815,0.1861679007830916,0.04867570950462344,0.1693985865326183
nonlinear,124,0.16297538598135453,0.16944775747012641,0.833752101328283,0.6643043438581566,0.1440566553518691,0.18429821572443864,0.04024156037256954,0.13880697195082312,0.18712158938122855,0.04831461743040544,0.1693985865326183
nonlinear,125,0.16388262062378856,0.16944775747012641,0.833752101328283,0.6643043438581566,0.14605327309542143,0.18450029685149355,0.03844702375607212,0.13511714071120798,0.18412138054712224,0.04900423983591426,0.1693985865326183
nonlinear,126,0.17101572323103198,0.16944775747012641,0.833752101328283,0.6643043438581566,0.1489838596373939,0.187767083133619,0.038783223496225094,0.14756340171719404,0.18996725782115975,0.042403856103965715,0.1693985865326183
nonlinear,127,0.16312540188949898,0.16944775747012641,0.833752101328283,0.6643043438581566,0.14456030004707374,0.18643977381239416,0.04187947376532042,0.14697635315034333,0.1832473877362565,0.03627103458591319,0.1693985865326183
nonlinear,128,0.17929478417990852,0.16944775747012641,0.833752101328283,0.6643043438581566,0.15401577667035737,0.2035974898027737,0.04958171313241633,0.15784935911872328,0.20387963683123297,0.0460302777125097,0.1693985865326183
nonlinear,129,0.17865083260804104,0.16944775747012641,0.833752101328283,0.6643043438581566,0.15775460475633513,0.20501039825351547,0.04725579349718034,0.15551124128825433,0.19670643726599865,0.04119519597774432,0.1693985865326183
nonlinear,130,0.1731205800574913,0.16944775747012641,0.833752101328283,0.6643043438581566,0.15297787567598775,0.1892482495625046,0.036270373886516855,0.1552461280378754,0.19511838431629583,0.03987225627842042,0.1693985865326183
nonlinear,131,0.1668354130041042,0.16944775747012641,0.833752101328283,0.6643043438581566,0.14686516919960121,0.18483981941775635,0.03797465021815513,0.14164131214618222,0.18241083898796331,0.04076952684178109,0.1693985865326183
nonlinear,136,0.1747151674814169,0.16944775747012641,0.833752101328283,0.6643043438581566,0.151344055738908,0.19822032783756927,0.04687627209866127,0.15269918202805452,0.1971825420133745,0.04448335998531999,0.1693985865326183
nonlinear,137,0.1767509405274751,0.16944775747012641,0.833752101328283,0.6643043438581566,0.15864132736381462,0.2036487166801269,0.04500738931631229,0.1526628583198645,0.20239367366740987,0.049730815347545365,0.1693985865326183
nonlinear,138,0.16236307694838992,0.16944775747012641,0.833752101328283,0.6643043438581566,0.1404775288266282,0.18177707933884887,0.04129955051222067,0.14012688933866546,0.1822334769562443,0.04210658761757885,0.1693985865326183
nonlinear,139,0.16699046828306519,0.16944775747012641,0.833752101328283,0.6643043438581566,0.1459309323743585,0.18766132766715846,0.041730395292799954,0.13965337740155845,0.18800014860175315,0.048346771200194705,0.1693985865326183
nonlinear,132,0.1741148901720071,0.16944775747012641,0.833752101328283,0.6643043438581566,0.15243851143596346,0.19405165599443172,0.04161314455846826,0.1542792853321146,0.20283356685265744,0.048554281520542836,0.1693985865326183
nonlinear,133,0.16557321433231553,0.16944775747012641,0.833752101328283,0.6643043438581566,0.15079487218107654,0.18876575685299832,0.03797088467192178,0.13879081931646858,0.1844042403602987,0.04561342104383012,0.1693985865326183
nonlinear,134,0.20072371024385416,0.16944775747012641,0.833752101328283,0.6643043438581566,0.18036128534650267,0.22012654399043197,0.0397652586439293,0.17444414733175354,0.22596799812791307,0.05152385079615954,0.1693985865326183
nonlinear,135,0.1666391347219629,0.16944775747012641,0.833752101328283,0.6643043438581566,0.14694975807137658,0.18875833882050946,0.04180858074913288,0.14251692364470891,0.18659382369238003,0.04407690004767112,0.1693985865326183
nonlinear,140,0.167046000829697,0.16944775747012641,0.833752101328283,0.6643043438581566,0.13874743309796006,0.18749737277163409,0.048749939673674025,0.14452727779074426,0.18202786854394562,0.03750059075320136,0.1693985865326183
nonlinear,141,0.16434791128311266,0.16944775747012641,0.833752101328283,0.6643043438581566,0.1408680853367593,0.18347287530389514,0.04260478996713585,0.14411986098457963,0.187523779245156,0.04340391826057638,0.1693985865326183
nonlinear,142,0.16206529810181358,0.16944775747012641,0.833752101328283,0.6643043438581566,0.14602422005229226,0.18268331150186465,0.036659091449572384,0.1431559344055625,0.1822055022063288,0.039049567800766294,0.1693985865326183
nonlinear,143,0.15600276160620996,0.16944775747012641,0.833752101328283,0.6643043438581566,0.14017358076390646,0.18822612231219826,0.048052541548291805,0.13854782360925852,0.1781334677338306,0.03958564412457208,0.1693985865326183
nonlinear,144,0.16756804372498169,0.16944775747012641,0.833752101328283,0.6643043438581566,0.14714568972248104,0.18775576433981686,0.04061007461733582,0.14118045702485263,0.18217444390810889,0.040993986883256256,0.1693985865326183
nonlinear,145,0.17644046199671415,0.16944775747012641,0.833752101328283,0.6643043438581566,0.15328086472256092,0.2004999111430231,0.04721904642046218,0.16105517391417845,0.19868552750941507,0.037630353595236615,0.1693985865326183
nonlinear,146,0.16244283073973176,0.16944775747012641,0.833752101328283,0.6643043438581566,0.14357950520776203,0.18495027884619705,0.04137077363843503,0.14050608026517458,0.18418356661001337,0.043677486344838784,0.1693985865326183
nonlinear,147,0.18006393097533724,0.16944775747012641,0.833752101328283,0.6643043438581566,0.15521446201618613,0.1968238818606299,0.041609419844443774,0.16100574291854491,0.20048441928294777,0.03947867636440286,0.1693985865326183
nonlinear,152,0.16639852003753708,0.16944775747012641,0.833752101328283,0.6643043438581566,0.14283304565324284,0.18551904986376805,0.04268600421052521,0.14758855313742553,0.18780929425679857,0.040220741119373044,0.1693985865326183
nonlinear,153,0.16108010899294756,0.16944775747012641,0.833752101328283,0.6643043438581566,0.14132095461494085,0.1796432832143862,0.03832232859944534,0.14108948166933988,0.18400736749963487,0.04291788583029499,0.1693985865326183
nonlinear,154,0.16672658775520244,0.16944775747012641,0.833752101328283,0.6643043438581566,0.14617397876118143,0.18809076561572635,0.04191678685454492,0.14546015646425975,0.19368366098848153,0.04822350452422178,0.1693985865326183
nonlinear,155,0.132725012078178,0.16944775747012641,0.833752101328283,0.6643043438581566,0.10887474492911624,0.14982430172394925,0.04094955679483302,0.11097574026097022,0.1503426145895694,0.039366874328599186,0.1693985865326183
nonlinear,156,0.18250709229869944,0.16944775747012641,0.833752101328283,0.6643043438581566,0.162590630528958,0.20442607828850934,0.041835447759551336,0.15552538800076113,0.20527461398206479,0.04974922598130366,0.1693985865326183
nonlinear,157,0.1457214814539115,0.16944775747012641,0.833752101328283,0.6643043438581566,0.1274673684919436,0.1698739174333944,0.042406548941450795,0.12358219236650005,0.16054334415510998,0.03696115178860994,0.1693985865326183
nonlinear,158,0.17657202400782956,0.16944775747012641,0.833752101328283,0.6643043438581566,0.15474660567605403,0.19688193420773764,0.042135328531683613,0.15400051480429391,0.20039351742813516,0.046393002623841245,0.1693985865326183
nonlinear,159,0.1884413157600342,0.16944775747012641,0.833752101328283,0.6643043438581566,0.16279421841828293,0.2087210726035597,0.04592685418527678,0.16619725879107977,0.20896074197749534,0.04276348318641557,0.1693985865326183
nonlinear,148,0.15441758465932276,0.16944775747012641,0.833752101328283,0.6643043438581566,0.13392540519196255,0.1723655289315315,0.038440123739568954,0.13518600814101867,0.1758082718539589,0.040622263712940226,0.1693985865326183
nonlinear,149,0.1579774870790105,0.16944775747012641,0.833752101328283,0.6643043438581566,0.13962971580634737,0.18134838794878752,0.041718672142440155,0.13142429858756308,0.1795712592556102,0.048146960668047134,0.1693985865326183
nonlinear,150,0.17126387772839835,0.16944775747012641,0.833752101328283,0.6643043438581566,0.15498788044248216,0.1872050200112543,0.032217139568772146,0.15079757503413802,0.18981121922236843,0.03901364418823042,0.1693985865326183
nonlinear,151,0.169981345575536,0.16944775747012641,0.833752101328283,0.6643043438581566,0.15072537356557375,0.1897201665764966,0.038994793010922846,0.1505085676047445,0.1867362248232107,0.036227657218466214,0.1693985865326183
nonlinear,160,0.15730417381360784,0.16944775747012641,0.833752101328283,0.6643043438581566,0.1317160445994539,0.17775108409862506,0.04603503949917115,0.13621540073290714,0.17446753492934994,0.0382521341964428,0.1693985865326183
nonlinear,161,0.17620674685257542,0.16944775747012641,0.833752101328283,0.6643043438581566,0.1539092936442694,0.1974703541987393,0.0435610605544699,0.15230379418098292,0.20687739054365195,0.054573596362669036,0.1693985865326183
nonlinear,162,0.17208742474375882,0.16944775747012641,0.833752101328283,0.6643043438581566,0.15030501861487755,0.19114620776269403,0.04084118914781648,0.14691179093524306,0.1914114434257226,0.044499652490479547,0.1693985865326183
nonlinear,163,0.1643542552661308,0.16944775747012641,0.833752101328283,0.6643043438581566,0.14367443922237555,0.18490538086078823,0.04123094163841268,0.14086538281846459,0.18485977662869033,0.04399439381022574,0.1693985865326183
nonlinear,164,0.155692311205072,0.16944775747012641,0.833752101328283,0.6643043438581566,0.1337337194555063,0.1772243024111609,0.04349058295565461,0.13346173871607023,0.17877029473228603,0.045308556016215806,0.1693985865326183
nonlinear,165,0.1804760676081909,0.16944775747012641,0.833752101328283,0.6643043438581566,0.15985573470633987,0.19555196364828575,0.03569622894194588,0.15606691471414658,0.19891865881945514,0.042851744105308565,0.1693985865326183
nonlinear,166,0.16440806910009675,0.16944775747012641,0.833752101328283,0.6643043438581566,0.13539468510489097,0.18332288784191594,0.04792820273702497,0.14115715297969206,0.18366336065394936,0.04250620767425731,0.1693985865326183
nonlinear,167,0.17647595583538633,0.16944775747012641,0.833752101328283,0.6643043438581566,0.15304506227072975,0.2004897631049894,0.04744470083425964,0.160967872192296,0.1978720858692441,0.0369042136769481,0.1693985865326183
nonlinear,172,0.16767135798107158,0.16944775747012641,0.833752101328283,0.6643043438581566,0.14676235660342216,0.1948897814000523,0.04812742479663015,0.14542139969936801,0.18905366786717,0.043632268167801996,0.1693985865326183
nonlinear,173,0.16618192284831923,0.16944775747012641,0.833752101328283,0.6643043438581566,0.1494273794691728,0.18895438721268945,0.03952700774351664,0.13310167672198978,0.18666890502714764,0.053567228305157866,0.1693985865326183
nonlinear,174,0.15883143014518475,0.16944775747012641,0.833752101328283,0.6643043438581566,0.13613065678919564,0.18827822269226532,0.05214756590306968,0.13766870043526422,0.17415090026849755,0.036482199833233336,0.1693985865326183
nonlinear,175,0.16739043773135542,0.16944775747012641,0.833752101328283,0.6643043438581566,0.14277941478638062,0.18947263704982956,0.046693222263448936,0.14518476904014832,0.18819053931154,0.043005770271391686,0.1693985865326183
nonlinear,168,0.14237705743218343,0.16944775747012641,0.833752101328283,0.6643043438581566,0.12421096945204245,0.16065978143053383,0.03644881197849138,0.12018266817545115,0.1656878480820331,0.045505179906581955,0.1693985865326183
nonlinear,169,0.15846828582153272,0.16944775747012641,0.833752101328283,0.6643043438581566,0.1426316772355825,0.18033311918840522,0.03770144195282271,0.13854826705156278,0.18244709109935453,0.043898824047791746,0.1693985865326183
nonlinear,170,0.15745192676013176,0.16944775747012641,0.833752101328283,0.6643043438581566,0.1393235941695243,0.18029025985368288,0.040966665684158576,0.13491472783470443,0.17865037483952384,0.04373564700481941,0.1693985865326183
nonlinear,171,0.17526409165107748,0.16944775747012641,0.833752101328283,0.6643043438581566,0.15019112547764238,0.19198449934331965,0.041793373865677275,0.15272814707029858,0.19529361287014438,0.0425654657998458,0.1693985865326183
nonlinear,176,0.16531424447171938,0.16944775747012641,0.833752101328283,0.6643043438581566,0.14463123627549715,0.185478062974643,0.040846826699145855,0.13834333367452728,0.19128976865265712,0.05294643497812984,0.1693985865326183
nonlinear,177,0.1668429006890546,0.16944775747012641,0.833752101328283,0.6643043438581566,0.14724204051917503,0.18755548311348896,0.040313442594313936,0.1440165704839437,0.18482262125716883,0.04080605077322513,0.1693985865326183
nonlinear,178,0.19354991353868012,0.16944775747012641,0.833752101328283,0.6643043438581566,0.17265396613057069,0.21695463535269147,0.04430066922212078,0.1750510358866492,0.218189321093039,0.04313828520638982,0.1693985865326183
nonlinear,179,0.16705482714923114,0.16944775747012641,0.833752101328283,0.6643043438581566,0.14770217590650825,0.18741077673201637,0.03970860082550812,0.1443332837579986,0.18536356806901358,0.04103028431101499,0.1693985865326183
nonlinear,180,0.17279915845648608,0.16944775747012641,0.833752101328283,0.6643043438581566,0.15154424279732304,0.19656254291991837,0.045018300122595334,0.1514022393348473,0.19228448934669287,0.04088225001184556,0.1693985865326183
nonlinear,181,0.15181710934726067,0.16944775747012641,0.833752101328283,0.6643043438581566,0.13199818477331385,0.1718330370070104,0.03983485223369654,0.1332485777019929,0.18181238683681966,0.048563809134826774,0.1693985865326183
nonlinear,182,0.1602204832518126,0.16944775747012641,0.833752101328283,0.6643043438581566,0.1457501422073309,0.178522470157953,0.0327723279506221,0.1366586890338169,0.17784333603431018,0.04118464700049329,0.1693985865326183
nonlinear,183,0.16034882020660002,0.16944775747012641,0.833752101328283,0.6643043438581566,0.13486650142500062,0.1840256697715667,0.049159168346566084,0.14119125588777315,0.18216837971150698,0.040977123823733835,0.1693985865326183
nonlinear,188,0.15381078196464648,0.16944775747012641,0.833752101328283,0.6643043438581566,0.1318162332658452,0.17380207806280348,0.04198584479695827,0.13086851699252933,0.18125713081836511,0.05038861382583579,0.1693985865326183
nonlinear,189,0.17551622571310443,0.16944775747012641,0.833752101328283,0.6643043438581566,0.1579911697253877,0.1967466215270813,0.0387554518016936,0.15593731848583722,0.19364989834141808,0.03771257985558085,0.1693985865326183
nonlinear,190,0.14220216759876114,0.16944775747012641,0.833752101328283,0.6643043438581566,0.12263379840639901,0.16104765035466703,0.03841385194826802,0.11607916219530894,0.1573448699300383,0.04126570773472936,0.1693985865326183
nonlinear,191,0.15908475888742246,0.16944775747012641,0.833752101328283,0.6643043438581566,0.1394307465484454,0.18047393369732528,0.04104318714887989,0.13710649765388178,0.18281154457676338,0.045705046922881604,0.1693985865326183
nonlinear,192,0.1833807429596962,0.16944775747012641,0.833752101328283,0.6643043438581566,0.15874489615289764,0.20656574541572556,0.047820849262827925,0.15757479626495915,0.20348168535280348,0.04590688908784432,0.1693985865326183
nonlinear,193,0.17835494596500434,0.16944775747012641,0.833752101328283,0.6643043438581566,0.15349663590411525,0.19483370854850768,0.04133707264439243,0.1570576283426085,0.2054125557993943,0.048354927456785796,0.1693985865326183
nonlinear,194,0.166999950317965,0.16944775747012641,0.833752101328283,0.6643043438581566,0.14549001206154263,0.19051789898814256,0.045027886926599925,0.14202892486190308,0.18955134095459486,0.04752241609269178,0.1693985865326183
nonlinear,195,0.17434113985682576,0.16944775747012641,0.833752101328283,0.6643043438581566,0.1534634162826421,0.20204029145988953,0.04857687517724743,0.14340682734814394,0.1975410788699773,0.05413425152183335,0.1693985865326183
nonlinear,184,0.14407225741038088,0.16944775747012641,0.833752101328283,0.6643043438581566,0.12281360754109383,0.16428890950779926,0.04147530196670543,0.12413974002998902,0.16189234618304083,0.0377526061530518,0.1693985865326183
nonlinear,185,0.16513103008293673,0.16944775747012641,0.833752101328283,0.6643043438581566,0.14497467263111424,0.18431782493360735,0.039343152302493106,0.1410777651163776,0.1856727440677066,0.044594978951328995,0.1693985865326183
nonlinear,186,0.17659761954997322,0.16944775747012641,0.833752101328283,0.6643043438581566,0.1560893509074581,0.19670284150783707,0.04061349060037897,0.15135854037654292,0.19380352640821946,0.04244498603167654,0.1693985865326183
nonlinear,187,0.15069402454023062,0.16944775747012641,0.833752101328283,0.6643043438581566,0.12532432581844202,0.17139935293237565,0.04607502711393363,0.1277411466683512,0.16989836095657704,0.04215721428822583,0.1693985865326183
nonlinear,196,0.1670891658834972,0.16944775747012641,0.833752101328283,0.6643043438581566,0.14112651211489335,0.18666381856404768,0.045537306449154324,0.140849759429722,0.1846308876005662,0.0437811281708442,0.1693985865326183
nonlinear,197,0.17582779709698082,0.16944775747012641,0.833752101328283,0.6643043438581566,0.157983972681628,0.1966618017065224,0.03867782902489439,0.15007381345658993,0.19571844195464205,0.04564462849805212,0.1693985865326183
nonlinear,198,0.17583922333918234,0.16944775747012641,0.833752101328283,0.6643043438581566,0.15715798680756743,0.2009450068248043,0.04378702001723686,0.15617049423727483,0.1953337399129003,0.03916324567562546,0.1693985865326183
nonlinear,199,0.1617617975201261,0.16944775747012641,0.833752101328283,0.6643043438581566,0.13953266336932893,0.18118620524999543,0.0416535418806665,0.14160447157248868,0.18547616507372744,0.04387169350123876,0.1693985865326183
drift,0,-0.017263999999999946,0.015583285731330943,0.802666945548418,0.7870836598170871,-0.033116316394107205,0.001815956454782538,0.034932272848889744,-0.033001476942676404,0.0007751384437066258,0.03377661538638303,-0.00021524393434046996
drift,1,0.019243683565680958,0.015583285731330943,0.802666945548418,0.7870836598170871,0.005342109967686634,0.03323721172556407,0.027895101757877436,0.001940140042257993,0.03145979709300876,0.029519657050750766,-0.00021524393434046996
drift,2,-0.003422351661573675,0.015583285731330943,0.802666945548418,0.7870836598170871,-0.016934697925076146,0.012683257186836383,0.02961795511191253,-0.02307016793168094,0.01775029863004341,0.04082046656172435,-0.00021524393434046996
drift,3,-0.0010589275740083837,0.015583285731330943,0.802666945548418,0.7870836598170871,-0.02077778174383158,0.014128119536576045,0.034905901280407624,-0.01611670724019716,0.01950480826449503,0.03562151550469219,-0.00021524393434046996
drift,8,-0.0013038265292406592,0.015583285731330943,0.802666945548418,0.7870836598170871,-0.01669624895028231,0.013662219898889133,0.030358468849171445,-0.023700975606178926,0.013643502252412247,0.03734447785859117,-0.00021524393434046996
drift,9,0.0047597210905799825,0.015583285731330943,0.802666945548418,0.7870836598170871,-0.014194726154482296,0.018953029383836306,0.0331477555383186,-0.02735346709004436,0.0218079355870424,0.04916140267708676,-0.00021524393434046996
drift,10,-0.011752506946255958,0.015583285731330943,0.802666945548418,0.7870836598170871,-0.023681926935275134,-0.0006624953846961478,0.023019431550578985,-0.027052488581979367,0.0038212521384129216,0.030873740720392288,-0.00021524393434046996
drift,11,-0.012968141043035564,0.015583285731330943,0.802666945548418,0.7870836598170871,-0.02907171075456637,0.0028895244086596015,0.03196123516322597,-0.039566831220787836,0.00112400857098154,0.04069083979176938,-0.00021524393434046996
drift,4,-0.0028927754121246263,0.015583285731330943,0.802666945548418,0.7870836598170871,-0.015295370727958457,0.013282336220115133,0.02857770694807359,-0.02100589660289305,0.011465227052998883,0.032471123655891936,-0.00021524393434046996
drift,5,-0.006711346247936678,0.015583285731330943,0.802666945548418,0.7870836598170871,-0.020522619903040887,0.010000268669772947,0.030522888572813836,-0.02626245281783713,0.01237820091647044,0.03864065373430757,-0.00021524393434046996
drift,6,0.015854508116456167,0.015583285731330943,0.802666945548418,0.7870836598170871,-0.001141058844701348,0.02861387621564832,0.029754935060349666,-0.013339289534751587,0.02376133812560178,0.037100627660353366,-0.00021524393434046996
drift,7,-0.0012633045920457109,0.015583285731330943,0.802666945548418,0.7870836598170871,-0.01722614902908319,0.010521559053012258,0.027747708082095448,-0.01851493756698568,0.020537662479388215,0.0390526000463739,-0.00021524393434046996
drift,12,-0.006344733931823998,0.015583285731330943,0.802666945548418,0.7870836598170871,-0.02271075189117352,0.013433321892084337,0.03614407378325786,-0.03176552814958054,0.011880985477738666,0.0436465136273192,-0.00021524393434046996
drift,13,-0.005527001096491291,0.015583285731330943,0.802666945548418,0.7870836598170871,-0.022358198049868334,0.010820752324120112,0.03317895037398845,-0.028482494580490444,0.0033541488604000506,0.031836643440890496,-0.00021524393434046996
drift,14,0.012622297378910408,0.015583285731330943,0.802666945548418,0.7870836598170871,0.0009294819250288078,0.028207564055693156,0.02727808213066435,-0.003520405314100225,0.02704243478880744,0.030562840102907666,-0.00021524393434046996
drift,15,0.0228982656357537,0.015583285731330943,0.802666945548418,0.7870836598170871,0.007358444398013866,0.03836869817491438,0.031010253776900514,-0.0074302817320295285,0.03756383444981649,0.04499411618184602,-0.00021524393434046996
drift,16,0.009115236997500609,0.015583285731330943,0.802666945548418,0.7870836598170871,-0.006905296393756533,0.021816872682058744,0.028722169075815276,-0.014090991825727997,0.01967454580586974,0.03376553763159774,-0.00021524393434046996
drift,17,-0.006082896862811826,0.015583285731330943,0.802666945548418,0.7870836598170871,-0.023165855861365877,0.014473244892049156,0.037639100753415033,-0.03457654165833678,0.012935960766154244,0.047512502424491024,-0.00021524393434046996
drift,18,0.008467898336225632,0.015583285731330943,0.802666945548418,0.7870836598170871,-0.008635589142854363,0.02435887325208474,0.032994462394939104,-0.010691241225116974,0.02458051666534916,0.03527175789046613,-0.00021524393434046996
drift,19,-0.023614431093214372,0.015583285731330943,0.802666945548418,0.7870836598170871,-0.04022050594483833,-0.003362365464088158,0.03685814048075017,-0.041084611337117646,-0.0015084378889124541,0.039576173448205194,-0.00021524393434046996
drift,24,0.016227092320966308,0.015583285731330943,0.802666945548418,0.7870836598170871,0.0010950202001979773,0.03174881613576675,0.030653795935568773,-0.005168827542121129,0.027880286419117276,0.033049113961238406,-0.00021524393434046996
drift,25,0.010791343623255734,0.015583285731330943,0.802666945548418,0.7870836598170871,-0.004644840469179229,0.02897621099102259,0.03362105146020182,-0.005834947357272022,0.024514673342937686,0.030349620700209707,-0.00021524393434046996
drift,26,0.0002549702688813271,0.015583285731330943,0.802666945548418,0.7870836598170871,-0.020970622225177003,0.017641028533650703,0.038611650758827706,-0.02091504710865865,0.013662277999324231,0.03457732510798288,-0.00021524393434046996
drift,27,0.0021004101016699472,0.015583285731330943,0.802666945548418,0.7870836598170871,-0.016877134877525103,0.01827024578853609,0.0351473806660612,-0.02123209631633085,0.014293771719106204,0.03552586803543705,-0.00021524393434046996
drift,20,-0.008831061259706674,0.015583285731330943,0.802666945548418,0.7870836598170871,-0.023999791674005105,0.004602432725019053,0.028602224399024156,-0.030132607162724586,0.01006913025572029,0.04020173741844488,-0.00021524393434046996
drift,21,-0.005292607109068759,0.015583285731330943,0.802666945548418,0.7870836598170871,-0.019740772263183017,0.011879187497371862,0.03161995976055488,-0.02253204061653384,0.011199919525664733,0.03373196014219858,-0.00021524393434046996
drift,22,0.009661765637204223,0.015583285731330943,0.802666945548418,0.7870836598170871,-0.006987073773590721,0.028457815107555743,0.03544488888114646,-0.022305583400740753,0.021723483627133486,0.044029067027874236,-0.00021524393434046996
drift,23,0.008368209488519796,0.015583285731330943,0.802666945548418,0.7870836598170871,-0.009715699091497951,0.02480127244852195,0.034516971540019904,-0.016921149503055045,0.018370734925530475,0.035291884428585524,-0.00021524393434046996
drift,28,-0.0007329105003524017,0.015583285731330943,0.802666945548418,0.7870836598170871,-0.01724128411934284,0.014075349355078138,0.03131663347442098,-0.01553264382289799,0.014788523909574304,0.030321167732472294,-0.00021524393434046996
drift,29,0.0027099913449155633,0.015583285731330943,0.802666945548418,0.7870836598170871,-0.01498454996532477,0.019583563423802526,0.0345681133891273,-0.021375915238162693,0.022433012177927505,0.0438089274160902,-0.00021524393434046996
drift,30,0.0054926764314249255,0.015583285731330943,0.802666945548418,0.7870836598170871,-0.009785792849014952,0.021882464944445484,0.031668257793460435,-0.017862563692061427,0.018778560058834087,0.03664112375089551,-0.00021524393434046996
drift,31,0.0014446666666666497,0.015583285731330943,0.802666945548418,0.7870836598170871,-0.017573622052075945,0.014895851100844303,0.032469473152920245,-0.020007402084451734,0.020344182677508312,0.040351584761960047,-0.00021524393434046996
drift,32,-0.0015628493152206602,0.015583285731330943,0.802666945548418,0.7870836598170871,-0.014328513256801942,0.01165888371599414,0.025987396972796083,-0.02527460069997685,0.01376529767125256,0.03903989837122941,-0.00021524393434046996
drift,33,-0.0011977603910791057,0.015583285731330943,0.802666945548418,0.7870836598170871,-0.018237744801403492,0.013486388456327337,0.03172413325773083,-0.021006543107626882,0.011196660849229089,0.03220320395685597,-0.00021524393434046996
drift,34,0.002313746128614347,0.015583285731330943,0.802666945548418,0.7870836598170871,-0.012747664891817714,0.018290634018459172,0.031038298910276887,-0.01789359717106794,0.014470720974042535,0.032364318145110475,-0.00021524393434046996
drift,35,-0.0040141890620792875,0.015583285731330943,0.802666945548418,0.7870836598170871,-0.019323582625210747,0.013049951678366499,0.03237353430357724,-0.022312650099580743,0.007217595919927717,0.02953024601950846,-0.00021524393434046996
drift,40,0.012055915191038213,0.015583285731330943,0.802666945548418,0.7870836598170871,-0.0027976039612020135,0.02746926136687238,0.030266865328074394,-0.010196545425803259,0.02752414202882647,0.037720687454629725,-0.00021524393434046996
drift,41,-0.000774553411883816,0.015583285731330943,0.802666945548418,0.7870836598170871,-0.016142763709580565,0.01667612676320935,0.032818890472789915,-0.025392912451914974,0.010998585307591324,0.0363914977595063,-0.00021524393434046996
drift,42,0.005654673012386646,0.015583285731330943,0.802666945548418,0.7870836598170871,-0.010584385881570457,0.02162432540466927,0.03220871128623973,-0.010573184443459172,0.024495781414187165,0.035068965857646336,-0.00021524393434046996
drift,43,0.002017712745475464,0.015583285731330943,0.802666945548418,0.7870836598170871,-0.015178501407946576,0.016072775861903858,0.031251277269850435,-0.018222828678319442,0.015841927645459282,0.03406475632377873,-0.00021524393434046996
drift,44,-0.02288946585485907,0.015583285731330943,0.802666945548418,0.7870836598170871,-0.037784484963410865,-0.003336729164694641,0.03444775579871622,-0.04021059171200023,-0.007077381417255504,0.03313321029474473,-0.00021524393434046996
drift,45,-0.011844666944792026,0.015583285731330943,0.802666945548418,0.7870836598170871,-0.028479903794723444,0.004696113912715184,0.03317601770743863,-0.03512579510145209,0.005394277407871873,0.04052007250932396,-0.00021524393434046996
drift,46,-0.0026058437006684088,0.015583285731330943,0.802666945548418,0.7870836598170871,-0.0193254699617964,0.008927839506746721,0.02825330946854312,-0.028150018422633698,0.008935169505801442,0.03708518792843514,-0.00021524393434046996
drift,47,0.005748782815717113,0.015583285731330943,0.802666945548418,0.7870836598170871,-0.012057455357195278,0.022879776272652502,0.034937231629847784,-0.013572698572717656,0.020719633530584435,0.03429233210330209,-0.00021524393434046996
drift,36,0.019424202170381655,0.015583285731330943,0.802666945548418,0.7870836598170871,0.003363729082770506,0.037215764131350505,0.03385203504858,-0.001163290403130515,0.03810549244918496,0.03926878285231547,-0.00021524393434046996
drift,37,-0.015007863460767101,0.015583285731330943,0.802666945548418,0.7870836598170871,-0.031788516849304754,0.003112236106965124,0.034900752956269876,-0.03213508671584758,0.004115239160886217,0.0362503258767338,-0.00021524393434046996
drift,38,-0.008111080378087165,0.015583285731330943,0.802666945548418,0.7870836598170871,-0.027849232328101776,0.009661848503020433,0.03751108083112221,-0.029799668797685884,0.004187966860317901,0.033987635658003786,-0.00021524393434046996
drift,39,-0.005812157972106657,0.015583285731330943,0.802666945548418,0.7870836598170871,-0.02095559821592108,0.013869310071293047,0.03482490828721413,-0.027086843330642707,0.013810754077371697,0.04089759740801441,-0.00021524393434046996
drift,48,0.009703741283277445,0.015583285731330943,0.802666945548418,0.7870836598170871,-0.004259227401314078,0.026678152431904908,0.030937379833218988,-0.008790146004832633,0.028382814868152223,0.037172960872984856,-0.00021524393434046996
drift,49,-0.006293418029463482,0.015583285731330943,0.802666945548418,0.7870836598170871,-0.023418105310799128,0.013730278330769242,0.03714838364156837,-0.022660651998954097,0.020324553800709654,0.04298520579966375,-0.00021524393434046996
drift,50,0.0031573866099224857,0.015583285731330943,0.802666945548418,0.7870836598170871,-0.013242248128952075,0.01811024297073948,0.03135249109969156,-0.02234081445777362,0.016381466990413537,0.03872228144818716,-0.00021524393434046996
drift,51,-0.004546840073155978,0.015583285731330943,0.802666945548418,0.7870836598170871,-0.019818838825052382,0.013408412274859807,0.03322725109991219,-0.029271282260823643,0.010618585519929983,0.039889867780753624,-0.00021524393434046996
drift,52,0.009087816592939557,0.015583285731330943,0.802666945548418,0.7870836598170871,-0.003599093521626795,0.029055057759339937,0.03265415128096673,-0.012345365666394428,0.020411307894065676,0.0327566735604601,-0.00021524393434046996
drift,53,-0.011392328601630863,0.015583285731330943,0.802666945548418,0.7870836598170871,-0.026253330171481865,0.004404627896920475,0.03065795806840234,-0.03017057764685437,0.004678756275862616,0.03484933392271698,-0.00021524393434046996
drift,54,-0.0010344130597621515,0.015583285731330943,0.802666945548418,0.7870836598170871,-0.014356396403062521,0.017208600326235474,0.031564996729297995,-0.020890409357695903,0.019487208409700182,0.04037761776739608,-0.00021524393434046996
drift,55,-0.00011200141253553397,0.015583285731330943,0.802666945548418,0.7870836598170871,-0.01521434056290345,0.01900363559053609,0.034217976153439536,-0.01742401143451148,0.021984089893532722,0.039408101328044204,-0.00021524393434046996
drift,60,0.004241377831159854,0.015583285731330943,0.802666945548418,0.7870836598170871,-0.007931602318243695,0.017591833535608562,0.025523435853852257,-0.012538539785601857,0.016653832697537008,0.029192372483138863,-0.00021524393434046996
drift,61,-0.015415552304257063,0.015583285731330943,0.802666945548418,0.7870836598170871,-0.035288461443133606,0.002048695308410536,0.03733715675154414,-0.02842692293826881,0.014510486182156857,0.042937409120425665,-0.00021524393434046996
drift,62,-0.017558764642539915,0.015583285731330943,0.802666945548418,0.7870836598170871,-0.02999745039317155,0.0013713750107630339,0.03136882540393458,-0.032451898689587165,0.00022072077212655425,0.032672619461713716,-0.00021524393434046996
drift,63,0.01242353101289484,0.015583285731330943,0.802666945548418,0.7870836598170871,-0.0013278534090956251,0.02971201114893725,0.031039864558032877,-0.005034215070840365,0.02868498358433019,0.033719198655170556,-0.00021524393434046996
drift,56,0.0144650917290009,0.015583285731330943,0.802666945548418,0.7870836598170871,-0.003304942422632459,0.030853436227916472,0.03415837865054893,-0.010754917260503441,0.03006256249195563,0.04081747975245907,-0.00021524393434046996
drift,57,-0.011880273912698303,0.015583285731330943,0.802666945548418,0.7870836598170871,-0.026758832574931547,0.0075178363875819275,0.034276668962513475,-0.02943427866338126,0.008904047824127542,0.0383383264875088,-0.00021524393434046996
drift,58,0.005191658004157995,0.015583285731330943,0.802666945548418,0.7870836598170871,-0.011079799797111578,0.018970325650263513,0.030050125447375092,-0.02204268598503225,0.021502469092105576,0.043545155077137826,-0.00021524393434046996
drift,59,0.0008259192346149469,0.015583285731330943,0.802666945548418,0.7870836598170871,-0.01909966756563944,0.01564950746454608,0.034749175030185514,-0.021791974337841333,0.018415998896163528,0.040207973234004865,-0.00021524393434046996
drift,64,-0.007226342267325769,0.015583285731330943,0.802666945548418,0.7870836598170871,-0.021480101229138637,0.014886368683060572,0.03636646991219921,-0.021313120724094185,0.010497082917530678,0.03181020364162486,-0.00021524393434046996
drift,65,-0.0025790655363295834,0.015583285731330943,0.802666945548418,0.7870836598170871,-0.020547720692154423,0.013230434369311142,0.033778155061465566,-0.022928513452324245,0.015785150394377306,0.03871366384670155,-0.00021524393434046996
drift,66,0.0021988199828093524,0.015583285731330943,0.802666945548418,0.7870836598170871,-0.014164280396160928,0.018152842452018182,0.032317122848179114,-0.025546377940520285,0.016060089493108432,0.04160646743362872,-0.00021524393434046996
drift,67,-0.0006129767305107503,0.015583285731330943,0.802666945548418,0.7870836598170871,-0.02051927495023774,0.01764699614485868,0.03816627109509642,-0.022987951142593978,0.014861885646896219,0.03784983678949019,-0.00021524393434046996
drift,68,0.003932986004699268,0.015583285731330943,0.802666945548418,0.7870836598170871,-0.011511695343348574,0.01807155951569487,0.029583254859043444,-0.012853898494661295,0.01512208628697372,0.027975984781635016,-0.00021524393434046996
drift,69,-0.009034474411587556,0.015583285731330943,0.802666945548418,0.7870836598170871,-0.028730725411225767,0.005312444062593561,0.03404316947381933,-0.026474580655150445,0.012554625092421183,0.03902920574757163,-0.00021524393434046996
drift,70,0.005387194247777893,0.015583285731330943,0.802666945548418,0.7870836598170871,-0.007722437131019541,0.01988045945590748,0.027602896586927023,-0.013611361174225334,0.020637867159664872,0.03424922833389021,-0.00021524393434046996
drift,71,-0.01453365617433422,0.015583285731330943,0.802666945548418,0.7870836598170871,-0.03340749606476692,0.002389103896344305,0.03579659996111123,-0.036311632341443675,0.0005880182261582867,0.036899650567601965,-0.00021524393434046996
drift,76,0.003651199185980114,0.015583285731330943,0.802666945548418,0.7870836598170871,-0.009610758489553528,0.016288396538002813,0.02589915502755634,-0.011676918715297224,0.01680341661657727,0.028480335331874496,-0.00021524393434046996
drift,77,0.0041577839189366195,0.015583285731330943,0.802666945548418,0.7870836598170871,-0.0074478166248406865,0.019594298216842693,0.02704211484168338,-0.016969196528654546,0.01692960159327774,0.033898798121932285,-0.00021524393434046996
drift,78,-0.013976659801902547,0.015583285731330943,0.802666945548418,0.7870836598170871,-0.028183954084496046,0.0005975103728050588,0.028781464457301106,-0.04002009178114723,0.00023917244266014103,0.04025926422380737,-0.00021524393434046996
drift,79,0.0003497606262532482,0.015583285731330943,0.802666945548418,0.7870836598170871,-0.014156351651511728,0.014191916250586332,0.02834826790209806,-0.024234894223634135,0.014684875899151155,0.03891977012278529,-0.00021524393434046996
drift,72,-0.0013968097120270473,0.015583285731330943,0.802666945548418,0.7870836598170871,-0.016708771935917452,0.013256275345289453,0.029965047281206907,-0.022487245206049777,0.011418681052118372,0.03390592625816815,-0.00021524393434046996
drift,73,0.002103046530935515,0.015583285731330943,0.802666945548418,0.7870836598170871,-0.015877041222900776,0.019019083031579155,0.03489612425447993,-0.022229043676457755,0.016851222169248548,0.0390802658457063,-0.00021524393434046996
drift,74,-0.003666811674392423,0.015583285731330943,0.802666945548418,0.7870836598170871,-0.016725853051576065,0.012853187094182667,0.029579040145758732,-0.03133738180835243,0.014304677364345004,0.04564205917269744,-0.00021524393434046996
drift,75,-0.002480630783209814,0.015583285731330943,0.802666945548418,0.7870836598170871,-0.023379631605086194,0.02113519754286993,0.044514829147956125,-0.03303934757625794,0.018720780714192108,0.05176012829045005,-0.00021524393434046996
drift,80,-0.0134547449463982,0.015583285731330943,0.802666945548418,0.7870836598170871,-0.029665450361885958,0.0009614598372092653,0.030626910199095223,-0.0380194064655934,0.003598692682838425,0.04161809914843183,-0.00021524393434046996
drift,81,0.014690245409170077,0.015583285731330943,0.802666945548418,0.7870836598170871,0.0018129114435509908,0.03115024296619269,0.0293373315226417,-0.0022160422840309334,0.035511740448266146,0.03772778273229708,-0.00021524393434046996
drift,82,-0.012851428294917366,0.015583285731330943,0.802666945548418,0.7870836598170871,-0.02854698292657299,0.0019867940693161328,0.030533776995889123,-0.03545670581178037,0.006109984188453164,0.04156669000023353,-0.00021524393434046996
drift,83,0.005436820397450304,0.015583285731330943,0.802666945548418,0.7870836598170871,-0.012734352550222322,0.02175342016859778,0.0344877727188201,-0.008725515223835644,0.022697343129028335,0.03142285835286398,-0.00021524393434046996
drift,84,0.0032513952550716763,0.015583285731330943,0.802666945548418,0.7870836598170871,-0.01820118186789176,0.023242798836774787,0.041443980704666546,-0.02036603737960384,0.016078378991416897,0.036444416371020735,-0.00021524393434046996
drift,85,0.008943278373044872,0.015583285731330943,0.802666945548418,0.7870836598170871,-0.004882787457642601,0.028259932928627333,0.03314272038626993,-0.014503640156406174,0.022149364462164468,0.03665300461857064,-0.00021524393434046996
drift,86,0.006371760234364698,0.015583285731330943,0.802666945548418,0.7870836598170871,-0.004957395205477272,0.02262062667006133,0.0275780218755386,-0.012044724422361644,0.01682158543348848,0.028866309855850127,-0.00021524393434046996
drift,87,-0.004397333333333253,0.015583285731330943,0.802666945548418,0.7870836598170871,-0.022330492199940776,0.011102267158516138,0.033432759358456916,-0.020631268156954256,0.02515943134486337,0.045790699501817626,-0.00021524393434046996
drift,92,-0.015863091913194904,0.015583285731330943,0.802666945548418,0.7870836598170871,-0.034664858901754234,-0.0007032626694353295,0.033961596232318904,-0.036916282653458046,0.002363695119515032,0.039279977772973075,-0.00021524393434046996
drift,93,-0.004189264358225531,0.015583285731330943,0.802666945548418,0.7870836598170871,-0.02082990330501894,0.01258815704568192,0.03341806035070086,-0.027566509431948685,0.01049551895584659,0.03806202838779527,-0.00021524393434046996
drift,94,0.01624835718822526,0.015583285731330943,0.802666945548418,0.7870836598170871,0.003813974230951486,0.03236811156051528,0.028554137329563793,-0.0013172672837599819,0.028990035596703736,0.030307302880463717,-0.00021524393434046996
drift,95,-0.0016203543635870954,0.015583285731330943,0.802666945548418,0.7870836598170871,-0.01832441790575941,0.0153378031384567,0.03366222104421611,-0.027267486919248112,0.010874536946131096,0.03814202386537921,-0.00021524393434046996
drift,96,-0.017097343988668356,0.015583285731330943,0.802666945548418,0.7870836598170871,-0.03811474950793495,-0.0017975593502642475,0.0363171901576707,-0.04195142665154867,-0.0005606575265849709,0.0413907691249637,-0.00021524393434046996
drift,97,0.00568346874326453,0.015583285731330943,0.802666945548418,0.7870836598170871,-0.012380389266250794,0.022603370194916008,0.0349837594611668,-0.015258968099121265,0.01522561313649625,0.030484581235617515,-0.00021524393434046996
drift,98,0.00018704322076645852,0.015583285731330943,0.802666945548418,0.7870836598170871,-0.013984920869202949,0.013632666510027097,0.027617587379230046,-0.01768828350691156,0.01378336531466711,0.03147164882157867,-0.00021524393434046996
drift,99,0.0020749777183601825,0.015583285731330943,0.802666945548418,0.7870836598170871,-0.01480882538030345,0.019882239523144035,0.034691064903447484,-0.023129960871912058,0.017194474168453162,0.04032443504036522,-0.00021524393434046996
drift,88,-0.005267290848686157,0.015583285731330943,0.802666945548418,0.7870836598170871,-0.021821159794146283,0.00962659977708908,0.03144775957123536,-0.029527029462506984,0.0163088433290401,0.045835872791547085,-0.00021524393434046996
drift,89,0.01051576675907262,0.015583285731330943,0.802666945548418,0.7870836598170871,-0.0047795206076621435,0.025549631246580974,0.03032915185424312,-0.006382303712826129,0.02687049809265333,0.03325280180547946,-0.00021524393434046996
drift,90,-0.0027235513805307088,0.015583285731330943,0.802666945548418,0.7870836598170871,-0.01856730362935745,0.01543922987531118,0.03400653350466863,-0.022186515907410227,0.012180960894069288,0.034367476801479516,-0.00021524393434046996
drift,91,0.002436140018921229,0.015583285731330943,0.802666945548418,0.7870836598170871,-0.012545395682553858,0.02374134814043881,0.03628674382299267,-0.022355367346616636,0.01806173029182802,0.04041709763844466,-0.00021524393434046996
drift,100,0.006741156313337049,0.015583285731330943,0.802666945548418,0.7870836598170871,-0.008320220041570842,0.027401496481578455,0.035721716523149295,-0.011954206781432709,0.02310924224792063,0.035063449029353336,-0.00021524393434046996
drift,101,0.002438237689906475,0.015583285731330943,0.802666945548418,0.7870836598170871,-0.014082349606756268,0.017991896197895492,0.03207424580465176,-0.0188780992758475,0.023638114532577297,0.042516213808424796,-0.00021524393434046996
drift,102,-0.005383866856850328,0.015583285731330943,0.802666945548418,0.7870836598170871,-0.02381423172521278,0.01186426566379868,0.03567849738901146,-0.022318406741549654,0.01307010702798863,0.035388513769538284,-0.00021524393434046996
drift,103,-0.005040419052122713,0.015583285731330943,0.802666945548418,0.7870836598170871,-0.020911033909417696,0.010766853550571047,0.03167788745998874,-0.02286650206902077,0.01442228118630872,0.037288783255329486,-0.00021524393434046996
drift,104,-0.004208216698728506,0.015583285731330943,0.802666945548418,0.7870836598170871,-0.02066075527467377,0.01106544807224783,0.0317262033469216,-0.025351678608434593,0.015154112932461605,0.0405057915408962,-0.00021524393434046996
drift,105,-0.014547036794928636,0.015583285731330943,0.802666945548418,0.7870836598170871,-0.031509660972515174,-0.0037497926790091263,0.02775986829350605,-0.0363994334121992,0.003451934054623923,0.03985136746682312,-0.00021524393434046996
drift,106,0.004768005687123322,0.015583285731330943,0.802666945548418,0.7870836598170871,-0.009751624392782817,0.019484353018254467,0.029235977411037284,-0.012226886508588827,0.016945899793031582,0.02917278630162041,-0.00021524393434046996
drift,107,0.0022346742691531363,0.015583285731330943,0.802666945548418,0.7870836598170871,-0.01097146104949637,0.015986846768987872,0.026958307818484243,-0.019686728597753222,0.020351222507369583,0.0400379511051228,-0.00021524393434046996
drift,112,-0.002324189629109741,0.015583285731330943,0.802666945548418,0.7870836598170871,-0.01629965984010633,0.015567169499873497,0.03186682933997983,-0.021824293383213032,0.013911700012605013,0.035735993395818046,-0.00021524393434046996
drift,113,0.015033333333333232,0.015583285731330943,0.802666945548418,0.7870836598170871,0.0019709816387231158,0.03201338740215111,0.030042405763427992,-0.012032549317707789,0.026324521670659826,0.03835707098836762,-0.00021524393434046996
drift,114,0.008002791164220646,0.015583285731330943,0.802666945548418,0.7870836598170871,-0.005964589119019403,0.026540522638315724,0.03250511175733513,-0.012162015386976638,0.024583681194186333,0.03674569658116297,-0.00021524393434046996
drift,115,-0.002138579982891353,0.015583285731330943,0.802666945548418,0.7870836598170871,-0.014078569578742692,0.01190546244846987,0.025984032027212563,-0.019341663647723474,0.014113870753605177,0.03345553440132865,-0.00021524393434046996
drift,108,0.010571943792317295,0.015583285731330943,0.802666945548418,0.7870836598170871,-0.002205700828753093,0.027725880996709213,0.029931581825462305,-0.007040161231899727,0.021703521536619735,0.028743682768519463,-0.00021524393434046996
drift,109,-0.0004342922596904941,0.015583285731330943,0.802666945548418,0.7870836598170871,-0.016414914718112898,0.015150203403253248,0.03156511812136614,-0.022209792033467464,0.014988476299434846,0.03719826833290231,-0.00021524393434046996
drift,110,-0.010919204561257279,0.015583285731330943,0.802666945548418,0.7870836598170871,-0.02884393721525199,0.004028108928701924,0.03287204614395391,-0.03157998019084422,0.006893893048128363,0.038473873238972583,-0.00021524393434046996
drift,111,0.005400332801867802,0.015583285731330943,0.802666945548418,0.7870836598170871,-0.012905368240766981,0.020012328074071925,0.03291769631483891,-0.015457186006508366,0.0212022362801962,0.03665942228670457,-0.00021524393434046996
drift,116,-0.007698882553396236,0.015583285731330943,0.802666945548418,0.7870836598170871,-0.02534376058929898,0.008507247172966245,0.033851007762265226,-0.021102777323837935,0.007639954605220429,0.028742731929058365,-0.00021524393434046996
drift,117,-0.007884782700959159,0.015583285731330943,0.802666945548418,0.7870836598170871,-0.024127593644532853,0.008431903375016201,0.03255949701954906,-0.026511206567645988,0.01243699478845245,0.03894820135609844,-0.00021524393434046996
drift,118,0.005561373825036853,0.015583285731330943,0.802666945548418,0.7870836598170871,-0.01143445211351309,0.023444367627929258,0.03487881974144235,-0.010264487011560307,0.022890972223406643,0.03315545923496695,-0.00021524393434046996
drift,119,0.0011713546160484478,0.015583285731330943,0.802666945548418,0.7870836598170871,-0.02013761552033305,0.01640083830931107,0.036538453829644116,-0.02109052825120646,0.017007300634682497,0.03809782888588896,-0.00021524393434046996
drift,120,0.0005145275558848805,0.015583285731330943,0.802666945548418,0.7870836598170871,-0.012867438256000601,0.016751511213892744,0.029618949469893345,-0.01259060563712284,0.0103549975693706,0.022945603206493442,-0.00021524393434046996
drift,121,0.0007791940789473317,0.015583285731330943,0.802666945548418,0.7870836598170871,-0.014358516167222427,0.01707190954253564,0.03143042570975807,-0.020065844128420766,0.013456442587253193,0.03352228671567396,-0.00021524393434046996
drift,122,0.015126519221338008,0.015583285731330943,0.802666945548418,0.7870836598170871,-0.0034902548712960803,0.03252553157401425,0.03601578644531033,-0.01031268241034565,0.032581936230641866,0.042894618640987515,-0.00021524393434046996
drift,123,0.010186224394810539,0.015583285731330943,0.802666945548418,0.7870836598170871,-0.007706308248164589,0.024678746791106432,0.03238505503927102,-0.014590546437022085,0.028343361711101047,0.04293390814812313,-0.00021524393434046996
drift,128,0.010569852941176294,0.015583285731330943,0.802666945548418,0.7870836598170871,-0.006893065593367769,0.024477858396486477,0.03137092398985425,-0.010769988000674446,0.026734384949902518,0.037504372950576965,-0.00021524393434046996
drift,129,0.001164010007351668,0.015583285731330943,0.802666945548418,0.7870836598170871,-0.013551160311220584,0.019928027347907742,0.03347918765912833,-0.01917568008586934,0.014759187679781427,0.033934867765650766,-0.00021524393434046996
drift,130,0.004640213815789496,0.015583285731330943,0.802666945548418,0.7870836598170871,-0.014086513991774033,0.021058449409905776,0.03514496340167981,-0.01685784641795261,0.02112363988756753,0.03798148630552014,-0.00021524393434046996
drift,131,-0.001639333333333326,0.015583285731330943,0.802666945548418,0.7870836598170871,-0.016701096260384334,0.016503924805338827,0.033205021065723164,-0.01860750532628536,0.011669186521863883,0.030276691848149243,-0.00021524393434046996
drift,124,-0.0045008757030756685,0.015583285731330943,0.802666945548418,0.7870836598170871,-0.02203528228705587,0.012422874655598872,0.03445815694265474,-0.017007459765630607,0.01858176890259614,0.035589228668226745,-0.00021524393434046996
drift,125,-0.0023985431071495977,0.015583285731330943,0.802666945548418,0.7870836598170871,-0.018155849101636617,0.015348792141102838,0.033504641242739455,-0.024491247198853882,0.015257087179562838,0.03974833437841672,-0.00021524393434046996
drift,126,0.01163167338884552,0.015583285731330943,0.802666945548418,0.7870836598170871,-0.00277893637527534,0.02614898551533945,0.028927921890614793,-0.005612985773605491,0.027701319375822344,0.033314305149427834,-0.00021524393434046996
drift,127,-0.017690253671561962,0.015583285731330943,0.802666945548418,0.7870836598170871,-0.031019933948733754,0.0016112997321281672,0.03263123368086192,-0.03211023929093561,0.003971723089101014,0.03608196238003662,-0.00021524393434046996
drift,132,0.0019243040065203276,0.015583285731330943,0.802666945548418,0.7870836598170871,-0.013174664362155702,0.016006329868393617,0.029180994230549318,-0.013381785520380862,0.02199659294533523,0.03537837846571609,-0.00021524393434046996
drift,133,-0.004877645502645356,0.015583285731330943,0.802666945548418,0.7870836598170871,-0.02131768939133949,0.01137664807926178,0.03269433747060127,-0.024342436679234546,0.015006225950584463,0.03934866262981901,-0.00021524393434046996
drift,134,0.010300489018531422,0.015583285731330943,0.802666945548418,0.7870836598170871,-0.0026040829418869037,0.02513635260637637,0.027740435548263272,-0.012312759095162704,0.023763820447127222,0.036076579542289926,-0.00021524393434046996
drift,135,-0.0045925493908779425,0.015583285731330943,0.802666945548418,0.7870836598170871,-0.02192673109484774,0.012535488868405765,0.03446221996325351,-0.019505126810916994,0.010980792531335245,0.03048591934225224,-0.00021524393434046996
drift,136,-0.001629336624450417,0.015583285731330943,0.802666945548418,0.7870836598170871,-0.01768003068726009,0.016517717935008846,0.03419774862226893,-0.019692186489415734,0.01640363473218194,0.03609582122159767,-0.00021524393434046996
drift,137,0.0003732043205727509,0.015583285731330943,0.802666945548418,0.7870836598170871,-0.01803986279783349,0.019783339707475728,0.03782320250530922,-0.01900469093810844,0.01747555035088332,0.03648024128899176,-0.00021524393434046996
drift,138,0.012636148208424403,0.015583285731330943,0.802666945548418,0.7870836598170871,-0.0017217812705681036,0.03018591924893183,0.03190770051949993,-0.009003272721249771,0.02384302388972609,0.032846296610975864,-0.00021524393434046996
drift,139,-0.010314231955316777,0.015583285731330943,0.802666945548418,0.7870836598170871,-0.02751135763093501,0.006381697880713826,0.03389305551164883,-0.02564197620343497,0.010327117296773573,0.03596909350020854,-0.00021524393434046996
drift,144,-0.005907027318761471,0.015583285731330943,0.802666945548418,0.7870836598170871,-0.022016651667060724,0.006340448218221049,0.028357099885281775,-0.0298952654757313,0.007961096646104742,0.03785636212183604,-0.00021524393434046996
drift,145,-0.003254985022066781,0.015583285731330943,0.802666945548418,0.7870836598170871,-0.016976276643958847,0.015742598657596845,0.03271887530155569,-0.019322498167259033,0.017236188351294417,0.03655868651855345,-0.00021524393434046996
drift,146,-0.008864552913363855,0.015583285731330943,0.802666945548418,0.7870836598170871,-0.02549619187150314,0.005124951373811556,0.030621143245314696,-0.029452803785879868,0.01054408916529357,0.03999689295117344,-0.00021524393434046996
drift,147,-0.003727353852370774,0.015583285731330943,0.802666945548418,0.7870836598170871,-0.020743007923967903,0.012147813820376633,0.03289082174434454,-0.012707497283304784,0.01835782378569937,0.031065321069004153,-0.00021524393434046996
drift,140,-0.017154442808307246,0.015583285731330943,0.802666945548418,0.7870836598170871,-0.031248543300434237,-0.002895532981524869,0.02835301031890937,-0.03253252034276636,0.00013264507349144863,0.03266516541625781,-0.00021524393434046996
drift,141,0.00852198803018478,0.015583285731330943,0.802666945548418,0.7870836598170871,-0.005540287159933629,0.02367141774515474,0.02921170490508837,-0.0079358355767778,0.027792076500993315,0.035727912077771116,-0.00021524393434046996
drift,142,-0.0030887890937005835,0.015583285731330943,0.802666945548418,0.7870836598170871,-0.02310135148000002,0.01367769386126444,0.03677904534126446,-0.025915868384442504,0.007466321444370816,0.033382189828813316,-0.00021524393434046996
drift,143,0.013186065064221819,0.015583285731330943,0.802666945548418,0.7870836598170871,-0.00013885714858246896,0.02629836134424919,0.02643721849283166,-0.00887838930199708,0.029105612171053227,0.03798400147305031,-0.00021524393434046996
drift,148,-0.0004994726276753569,0.015583285731330943,0.802666945548418,0.7870836598170871,-0.017934563963761897,0.014609129473955382,0.03254369343771728,-0.02724643992105901,0.01250070021745273,0.039747140138511744,-0.00021524393434046996
drift,149,0.004422347021141415,0.015583285731330943,0.802666945548418,0.7870836598170871,-0.013958374776077346,0.02139488393467109,0.03535325871074844,-0.020525927681770004,0.016031536993889248,0.03655746467565925,-0.00021524393434046996
drift,150,0.0043073861241840206,0.015583285731330943,0.802666945548418,0.7870836598170871,-0.011024303570007912,0.019715901183814045,0.030740204753821956,-0.009337387893726179,0.022624334964711328,0.03196172285843751,-0.00021524393434046996
drift,151,-0.00011396034725830173,0.015583285731330943,0.802666945548418,0.7870836598170871,-0.017736484011470464,0.02151537285298861,0.039251856864459075,-0.018497938790273307,0.020317426904875764,0.03881536569514907,-0.00021524393434046996
drift,152,-0.014510364833562162,0.015583285731330943,0.802666945548418,0.7870836598170871,-0.03214543190167834,-0.00013866336734568395,0.03200676853433265,-0.03359111974391478,0.003613552067080687,0.03720467181099547,-0.00021524393434046996
drift,153,-0.0077537353957986,0.015583285731330943,0.802666945548418,0.7870836598170871,-0.02244338364270977,0.008972647360410674,0.031416031003120445,-0.030422167523584308,0.010496278637481874,0.040918446161066185,-0.00021524393434046996
drift,154,0.008996058489672887,0.015583285731330943,0.802666945548418,0.7870836598170871,-0.007812205644668957,0.02702983147742989,0.03484203712209885,-0.012625202821285333,0.023083915056901355,0.03570911787818669,-0.00021524393434046996
drift,155,0.011828007995583367,0.015583285731330943,0.802666945548418,0.7870836598170871,-0.0016408352750625409,0.027355538285979253,0.028996373561041795,-0.0040566553916314835,0.022984775789994777,0.02704143118162626,-0.00021524393434046996
drift,160,0.005605811403508687,0.015583285731330943,0.802666945548418,0.7870836598170871,-0.01232680881246721,0.021088860324948652,0.033415669137415865,-0.011575362649070628,0.024887661395772507,0.03646302404484313,-0.00021524393434046996
drift,161,2.964743272992898e-05,0.015583285731330943,0.802666945548418,0.7870836598170871,-0.01975674534151175,0.01756999922835216,0.03732674456986391,-0.01484211098704174,0.024348391315243516,0.039190502302285254,-0.00021524393434046996
drift,162,-0.009419278328865688,0.015583285731330943,0.802666945548418,0.7870836598170871,-0.024866444971026073,0.007677870592203084,0.032544315563229155,-0.04475772350727841,-5.395732554124588e-05,0.044703766181737166,-0.00021524393434046996
drift,163,-0.011093744825987684,0.015583285731330943,0.802666945548418,0.7870836598170871,-0.023762605358246768,0.0011047907682419414,0.02486739612648871,-0.032316830121211886,0.0001753598274684014,0.032492189948680285,-0.00021524393434046996
drift,156,0.01252376773438657,0.015583285731330943,0.802666945548418,0.7870836598170871,-0.0008123783058502918,0.028252366128571363,0.029064744434421655,-0.01213346792156333,0.02786518640108459,0.03999865432264792,-0.00021524393434046996
drift,157,-0.0005356811111996151,0.015583285731330943,0.802666945548418,0.7870836598170871,-0.013403667507816474,0.015678374861659728,0.029082042369476202,-0.018026491913474565,0.022256873035981003,0.04028336494945557,-0.00021524393434046996
drift,158,-0.014167602327243012,0.015583285731330943,0.802666945548418,0.7870836598170871,-0.032132859123353674,0.0030057007554362804,0.03513855987878996,-0.03327760403068945,-0.00023564006159742655,0.03304196396909203,-0.00021524393434046996
drift,159,0.009092793468210014,0.015583285731330943,0.802666945548418,0.7870836598170871,-0.008000811926906728,0.02784882272642433,0.03584963465333106,-0.018453380921095813,0.023325172588462586,0.0417785535095584,-0.00021524393434046996
drift,164,-0.003971419277950861,0.015583285731330943,0.802666945548418,0.7870836598170871,-0.02565871862215746,0.014568545294453738,0.0402272639166112,-0.02883941305505526,0.013351260266843816,0.042190673321899075,-0.00021524393434046996
drift,165,-0.015819782622239487,0.015583285731330943,0.802666945548418,0.7870836598170871,-0.03349715009723414,0.0028960174923845154,0.03639316758961866,-0.03302006861688655,0.004466995675437883,0.03748706429232443,-0.00021524393434046996
drift,166,0.0036496397265853853,0.015583285731330943,0.802666945548418,0.7870836598170871,-0.01170717675881008,0.01805122189951509,0.02975839865832517,-0.015294589899171183,0.019169352753178097,0.03446394265234928,-0.00021524393434046996
drift,167,-0.0036906519358064216,0.015583285731330943,0.802666945548418,0.7870836598170871,-0.018507060101739935,0.016858057743823176,0.03536511784556311,-0.023914023205833683,0.014600047963531823,0.038514071169365505,-0.00021524393434046996
drift,168,0.004499005130898515,0.015583285731330943,0.802666945548418,0.7870836598170871,-0.00836792378062634,0.017011360652978685,0.025379284433605025,-0.015138567066791273,0.016955126525794596,0.03209369359258587,-0.00021524393434046996
drift,169,-0.004008710149365546,0.015583285731330943,0.802666945548418,0.7870836598170871,-0.01783371521541393,0.00922835814291418,0.02706207335832811,-0.028309956591415667,0.01311340723002364,0.04142336382143931,-0.00021524393434046996
drift,170,0.002598134309925837,0.015583285731330943,0.802666945548418,0.7870836598170871,-0.011870320429517666,0.01922935583629422,0.031099676265811886,-0.016243726741666065,0.022474687261674377,0.038718414003340446,-0.00021524393434046996
drift,171,0.0015075424295356576,0.015583285731330943,0.802666945548418,0.7870836598170871,-0.013102996924756593,0.016205823149828456,0.02930882007458505,-0.019103921585578554,0.01747850308446685,0.0365824246700454,-0.00021524393434046996
drift,176,0.0028742230167452254,0.015583285731330943,0.802666945548418,0.7870836598170871,-0.016387419790954597,0.018409484686332665,0.03479690447728726,-0.026490151023606752,0.010010751994976854,0.03650090301858361,-0.00021524393434046996
drift,177,-0.009230301969272547,0.015583285731330943,0.802666945548418,0.7870836598170871,-0.02585390998669979,0.007957007254274472,0.033810917240974264,-0.0358863468046113,0.008848321654428407,0.04473466845903971,-0.00021524393434046996
drift,178,-0.008829005466986617,0.015583285731330943,0.802666945548418,0.7870836598170871,-0.02706471644822266,0.008658228457042267,0.035722944905264925,-0.03507540613538473,0.009263063288974863,0.044338469424359594,-0.00021524393434046996
drift,179,-0.0024035368050789874,0.015583285731330943,0.802666945548418,0.7870836598170871,-0.01748367710241713,0.010996204927506914,0.028479882029924044,-0.022741848577523257,0.01581546726802426,0.038557315845547516,-0.00021524393434046996
drift,180,-0.0008499231800201956,0.015583285731330943,0.802666945548418,0.7870836598170871,-0.014291298118551038,0.013780491688016209,0.028071789806567247,-0.017804349364987863,0.019618392845449674,0.03742274221043754,-0.00021524393434046996
drift,181,-0.0066971945778998565,0.015583285731330943,0.802666945548418,0.7870836598170871,-0.02172845263573051,0.008477696719772939,0.030206149355503448,-0.022610203073753644,0.008531639051466164,0.03114184212521981,-0.00021524393434046996
drift,182,0.008006901294198565,0.015583285731330943,0.802666945548418,0.7870836598170871,-0.00731415698124491,0.0236383543085775,0.03095251128982241,-0.022464150284238073,0.018508183799165738,0.04097233408340381,-0.00021524393434046996
drift,183,-0.00885748055011415,0.015583285731330943,0.802666945548418,0.7870836598170871,-0.02353725117265389,0.0068367915937290035,0.03037404276638289,-0.026141094160783022,0.009652186805796988,0.03579328096658001,-0.00021524393434046996
drift,172,-0.007931821214318902,0.015583285731330943,0.802666945548418,0.7870836598170871,-0.025144231454914557,0.011776050562389633,0.03692028201730419,-0.031224578400021,0.00581752435231889,0.03704210275233989,-0.00021524393434046996
drift,173,-0.004548331121771887,0.015583285731330943,0.802666945548418,0.7870836598170871,-0.02142457734342826,0.012881633848008105,0.03430621119143637,-0.024610327093822375,0.01694423089530108,0.041554557989123456,-0.00021524393434046996
drift,174,-0.003570696672642759,0.015583285731330943,0.802666945548418,0.7870836598170871,-0.024051633628475948,0.010894999321838081,0.03494663295031403,-0.025156073352811767,0.011326130641455089,0.036482203994266854,-0.00021524393434046996
drift,175,0.002081706999739752,0.015583285731330943,0.802666945548418,0.7870836598170871,-0.014674251636987896,0.01930861542176478,0.033982867058752676,-0.020148621756177394,0.02071660674119338,0.04086522849737077,-0.00021524393434046996
drift,184,0.0138815445168885,0.015583285731330943,0.802666945548418,0.7870836598170871,-0.0018413688973331038,0.02993183114566304,0.03177320004299614,-0.0027224781111396643,0.02782383647449683,0.030546314585636492,-0.00021524393434046996
drift,185,-0.000255042115507198,0.015583285731330943,0.802666945548418,0.7870836598170871,-0.019948805830886606,0.01899084242025465,0.038939648251141254,-0.021977464819090034,0.02051971932407585,0.04249718414316589,-0.00021524393434046996
drift,186,-0.002347092432223863,0.015583285731330943,0.802666945548418,0.7870836598170871,-0.018496614464961127,0.01385010663205888,0.032346721097020005,-0.02414039379481798,0.01315968132910845,0.03730007512392643,-0.00021524393434046996
drift,187,5.41956580788483e-05,0.015583285731330943,0.802666945548418,0.7870836598170871,-0.014979106051264837,0.017652200540379654,0.03263130659164449,-0.023089180486782778,0.017894147226551624,0.040983327713334405,-0.00021524393434046996
drift,188,-0.0034149117814457064,0.015583285731330943,0.802666945548418,0.7870836598170871,-0.023875609817868293,0.009832822771086784,0.033708432588955076,-0.028711413074248356,0.012487567566038306,0.04119898064028666,-0.00021524393434046996
drift,189,-0.0028878793508182454,0.015583285731330943,0.802666945548418,0.7870836598170871,-0.016790146334093,0.013848867775822222,0.030639014109915222,-0.01917338811052286,0.01081826119748802,0.029991649308010883,-0.00021524393434046996
drift,190,-0.00503317364818745,0.015583285731330943,0.802666945548418,0.7870836598170871,-0.01664764298990181,0.009613295107789096,0.02626093809769091,-0.02210006668643874,0.0075588383619450104,0.02965890504838375,-0.00021524393434046996
drift,191,0.0032896163516143995,0.015583285731330943,0.802666945548418,0.7870836598170871,-0.014036407251782105,0.016980997843730583,0.031017405095512686,-0.019152478387020853,0.021275773240283624,0.04042825162730448,-0.00021524393434046996
drift,196,0.005536595394736721,0.015583285731330943,0.802666945548418,0.7870836598170871,-0.008999140724882324,0.018594153897956867,0.02759329462283919,-0.008180580739095316,0.020072060821978068,0.028252641561073384,-0.00021524393434046996
drift,197,0.01745466729247025,0.015583285731330943,0.802666945548418,0.7870836598170871,0.0035127531962044324,0.037012514280376066,0.03349976108417163,-0.0026396854766818413,0.029147293291286052,0.03178697876796789,-0.00021524393434046996
drift,198,0.011342511829739,0.015583285731330943,0.802666945548418,0.7870836598170871,-0.006044694113257798,0.025885246786164304,0.0319299408994221,-0.0020806456126724908,0.028977466625490035,0.031058112238162527,-0.00021524393434046996
drift,199,-0.0059010279911498875,0.015583285731330943,0.802666945548418,0.7870836598170871,-0.019623690470293213,0.01073006566425134,0.03035375613454455,-0.028550426345431815,0.00733641246846482,0.035886838813896635,-0.00021524393434046996
drift,192,0.010768568495645447,0.015583285731330943,0.802666945548418,0.7870836598170871,-0.0029766609543422835,0.027335467632398337,0.030312128586740622,-0.01252145244599418,0.028464768542496105,0.040986220988490286,-0.00021524393434046996
drift,193,0.0005235745614035059,0.015583285731330943,0.802666945548418,0.7870836598170871,-0.01578325377864425,0.02312364761431675,0.038906901392961005,-0.017135944405910843,0.016894442200343602,0.034030386606254445,-0.00021524393434046996
drift,194,0.006475518258304946,0.015583285731330943,0.802666945548418,0.7870836598170871,-0.009717941180435674,0.02408510706408063,0.033803048244516305,-0.022152937425613355,0.015362823707919292,0.037515761133532645,-0.00021524393434046996
drift,195,0.004023190659135256,0.015583285731330943,0.802666945548418,0.7870836598170871,-0.010807151740365506,0.022112182804239836,0.03291933454460534,-0.01743224114578308,0.018384592363196228,0.03581683350897931,-0.00021524393434046996
sparse,0,0.0805640907234072,0.09148891802160597,0.8421037531483349,0.7506148351267289,0.06531776399778748,0.09040235541472731,0.025084591416939833,0.05924795531992123,0.0888186633994514,0.02957070807953016,0.09083493576936108
sparse,1,0.07616156569155053,0.09148891802160597,0.8421037531483349,0.7506148351267289,0.06547520333459003,0.08847124976606278,0.022996046431472753,0.05548985348903117,0.08290119214438921,0.02741133865535804,0.09083493576936108
sparse,2,0.09203177630275405,0.09148891802160597,0.8421037531483349,0.7506148351267289,0.07810333412079867,0.10783262856772118,0.029729294446922502,0.0604868653906829,0.10216860014257345,0.04168173475189055,0.09083493576936108
sparse,3,0.06803512011531221,0.09148891802160597,0.8421037531483349,0.7506148351267289,0.05470287854444811,0.079351676341118,0.024648797796669897,0.045802829601438104,0.07613460126859171,0.03033177166715361,0.09083493576936108
sparse,4,0.07885950277147014,0.09148891802160597,0.8421037531483349,0.7506148351267289,0.06288464910159645,0.09063393823942806,0.027749289137831604,0.05589365755972497,0.08601898559269402,0.030125328032969058,0.09083493576936108
sparse,5,0.08349295172870108,0.09148891802160597,0.8421037531483349,0.7506148351267289,0.06782283378323205,0.09949665218134159,0.03167381839810954,0.060235536110350735,0.09645827672056051,0.036222740610209775,0.09083493576936108
sparse,6,0.07828053695541393,0.09148891802160597,0.8421037531483349,0.7506148351267289,0.06443243337653955,0.09600044040884813,0.03156800703230858,0.05526596643320839,0.08996998190269427,0.03470401546948588,0.09083493576936108
sparse,7,0.07987319670402837,0.09148891802160597,0.8421037531483349,0.7506148351267289,0.06428917017096059,0.09434738239260072,0.030058212221640138,0.0602379775447964,0.09560327007707872,0.03536529253228232,0.09083493576936108
sparse,12,0.08020720791252378,0.09148891802160597,0.8421037531483349,0.7506148351267289,0.06716938476735594,0.09623962151006477,0.029070236742708824,0.05837653954433704,0.09311817019004527,0.03474163064570823,0.09083493576936108
sparse,13,0.08568275621282595,0.09148891802160597,0.8421037531483349,0.7506148351267289,0.0717662049420251,0.09902345391073145,0.02725724896870635,0.05886573869468912,0.09452964294850746,0.035663904253818345,0.09083493576936108
sparse,14,0.08526711475760607,0.09148891802160597,0.8421037531483349,0.7506148351267289,0.0718411519425056,0.09822873253586788,0.026387580593362284,0.06285977375792703,0.0932958881656819,0.030436114407754872,0.09083493576936108
sparse,15,0.08088997528652697,0.09148891802160597,0.8421037531483349,0.7506148351267289,0.06530409867425853,0.09527991465903816,0.029975815984779636,0.05783572737801161,0.0935824631326902,0.035746735754678585,0.09083493576936108
sparse,8,0.0890463027671008,0.09148891802160597,0.8421037531483349,0.7506148351267289,0.07447000637038215,0.10572461158520968,0.031254605214827536,0.06468939238588042,0.10036002081175509,0.035670628425874665,0.09083493576936108
sparse,9,0.06079571150455665,0.09148891802160597,0.8421037531483349,0.7506148351267289,0.04866570867014595,0.0755170306661806,0.026851321996034648,0.04043098325045581,0.07178998923883448,0.031359005988378666,0.09083493576936108
sparse,10,0.06505138554906686,0.09148891802160597,0.8421037531483349,0.7506148351267289,0.048293663628436095,0.08125853344401451,0.03296486981557842,0.04267620183518365,0.07844424630780661,0.03576804447262296,0.09083493576936108
sparse,11,0.07364482455692423,0.09148891802160597,0.8421037531483349,0.7506148351267289,0.05707539403746893,0.08969204124283174,0.03261664720536281,0.04780580138199368,0.08175347982899527,0.033947678447001584,0.09083493576936108
sparse,16,0.07172126902312392,0.09148891802160597,0.8421037531483349,0.7506148351267289,0.05700384053866296,0.08469171086194045,0.02768787032327749,0.049784222557883326,0.07726565362643958,0.02748143106855626,0.09083493576936108
sparse,17,0.07439144929721397,0.09148891802160597,0.8421037531483349,0.7506148351267289,0.058766503440203864,0.09055044947609653,0.031783946035892664,0.04807138337334725,0.08569529465506204,0.037623911281714786,0.09083493576936108
sparse,18,0.07876998432153437,0.09148891802160597,0.8421037531483349,0.7506148351267289,0.06377284965824288,0.09466935853800032,0.030896508879757437,0.05471782532364049,0.08499960914192939,0.0302817838182889,0.09083493576936108
sparse,19,0.08227259625665961,0.09148891802160597,0.8421037531483349,0.7506148351267289,0.06325742971538845,0.10173587271920366,0.03847844300381521,0.060513645470936496,0.09785454868300936,0.03734090321207286,0.09083493576936108
sparse,20,0.07527561531807825,0.09148891802160597,0.8421037531483349,0.7506148351267289,0.0619221909444462,0.08889826846228634,0.02697607751784014,0.05204379519654389,0.08500975430559446,0.03296595910905057,0.09083493576936108
sparse,21,0.08754111568875,0.09148891802160597,0.8421037531483349,0.7506148351267289,0.07181197793683901,0.10628179335107844,0.034469815414239435,0.05911319946044257,0.0993968273831333,0.040283627922690725,0.09083493576936108
sparse,22,0.0852503894379325,0.09148891802160597,0.8421037531483349,0.7506148351267289,0.07101694395425127,0.09942445428782858,0.0284075103335773,0.05756146618148651,0.09579627158766939,0.038234805406182876,0.09083493576936108
sparse,23,0.08400458685579126,0.09148891802160597,0.8421037531483349,0.7506148351267289,0.06939685380393339,0.09938560090972426,0.029988747105790872,0.06369472818425184,0.09465657678520276,0.030961848600950914,0.09083493576936108
sparse,28,0.07668359309122175,0.09148891802160597,0.8421037531483349,0.7506148351267289,0.06284278400756584,0.08739974516051457,0.02455696115294874,0.05249371963024924,0.08438282158740697,0.031889101957157724,0.09083493576936108
sparse,29,0.0867768002099083,0.09148891802160597,0.8421037531483349,0.7506148351267289,0.07115421253804317,0.10509055107599878,0.03393633853795561,0.06268712221367292,0.09832679470572284,0.03563967249204991,0.09083493576936108
sparse,30,0.08206917681239767,0.09148891802160597,0.8421037531483349,0.7506148351267289,0.06568527772425492,0.09680445379657816,0.031119176072323243,0.06275738277686138,0.09452910064106756,0.031771717864206184,0.09083493576936108
sparse,31,0.07650392884086699,0.09148891802160597,0.8421037531483349,0.7506148351267289,0.058952594985477544,0.09036633472319067,0.03141373973771312,0.051059887818578814,0.08556729744102738,0.03450740962244857,0.09083493576936108
sparse,24,0.08351497465762625,0.09148891802160597,0.8421037531483349,0.7506148351267289,0.06733027475280703,0.10241826620690195,0.03508799145409491,0.05710680516336382,0.09559829814791558,0.03849149298455176,0.09083493576936108
sparse,25,0.07639964854030334,0.09148891802160597,0.8421037531483349,0.7506148351267289,0.06245703412146026,0.08950871241958507,0.027051678298124805,0.0564559702845777,0.08664709746794096,0.030191127183363253,0.09083493576936108
sparse,26,0.07458138811079995,0.09148891802160597,0.8421037531483349,0.7506148351267289,0.06061969833667573,0.08769628218418501,0.027076583847509286,0.051170651192222395,0.08193864292380368,0.030767991731581283,0.09083493576936108
sparse,27,0.08336849232745003,0.09148891802160597,0.8421037531483349,0.7506148351267289,0.07160336522492382,0.10218562556931313,0.03058226034438931,0.055813519328694404,0.09119677363326555,0.03538325430457114,0.09083493576936108
sparse,32,0.08305241216252912,0.09148891802160597,0.8421037531483349,0.7506148351267289,0.06922198921565537,0.09794214828690227,0.028720159071246906,0.05912190417713835,0.08848546410200961,0.02936355992487126,0.09083493576936108
sparse,33,0.0924885757312518,0.09148891802160597,0.8421037531483349,0.7506148351267289,0.0769951066179384,0.10932443577774278,0.03232932915980438,0.07163339232086818,0.10329619751033045,0.03166280518946227,0.09083493576936108
sparse,34,0.08636544165054794,0.09148891802160597,0.8421037531483349,0.7506148351267289,0.07059782077394762,0.10303655514096753,0.03243873436701991,0.06466856765358753,0.09447360062179515,0.02980503296820762,0.09083493576936108
sparse,35,0.08509230351567809,0.09148891802160597,0.8421037531483349,0.7506148351267289,0.07182435185891319,0.10066137681588035,0.02883702495696716,0.06222908336536143,0.09564256376381947,0.03341348039845803,0.09083493576936108
sparse,36,0.08637690193522796,0.09148891802160597,0.8421037531483349,0.7506148351267289,0.07016993936439307,0.1008129738900745,0.03064303452568143,0.06131512927612674,0.09719756695166709,0.03588243767554035,0.09083493576936108
sparse,37,0.07950496820771569,0.09148891802160597,0.8421037531483349,0.7506148351267289,0.0633552135244924,0.09502987430045047,0.03167466077595807,0.06240854209750013,0.08932119214842353,0.0269126500509234,0.09083493576936108
sparse,38,0.08873957367933283,0.09148891802160597,0.8421037531483349,0.7506148351267289,0.07530404269272427,0.10309968633640183,0.027795643643677564,0.06291011492363914,0.09917275521377159,0.036262640290132445,0.09083493576936108
sparse,39,0.0994050367835827,0.09148891802160597,0.8421037531483349,0.7506148351267289,0.0823448815474442,0.11700202659828936,0.03465714505084516,0.07086394653264226,0.10866996546547711,0.03780601893283485,0.09083493576936108
sparse,44,0.07877947181243417,0.09148891802160597,0.8421037531483349,0.7506148351267289,0.0661366262945726,0.09505227975165491,0.028915653457082302,0.056391926503190005,0.087995001231202,0.031603074728012,0.09083493576936108
sparse,45,0.07235294546037163,0.09148891802160597,0.8421037531483349,0.7506148351267289,0.05552306231204518,0.08606031103613333,0.030537248724088153,0.047093881948372114,0.08520492328389669,0.03811104133552457,0.09083493576936108
sparse,46,0.08181926889887436,0.09148891802160597,0.8421037531483349,0.7506148351267289,0.06967494835261596,0.09846721730546652,0.028792268952850558,0.05765683331393798,0.09438519435950661,0.03672836104556863,0.09083493576936108
sparse,47,0.08172619047619034,0.09148891802160597,0.8421037531483349,0.7506148351267289,0.0663247022081401,0.09473710466419519,0.028412402456055086,0.05994794968546561,0.0950549415861873,0.03510699190072169,0.09083493576936108
sparse,40,0.08967264027900879,0.09148891802160597,0.8421037531483349,0.7506148351267289,0.07319427382657251,0.10274245537200885,0.02954818154543634,0.06319198268984048,0.104251773839144,0.04105979114930351,0.09083493576936108
sparse,41,0.07661411913192429,0.09148891802160597,0.8421037531483349,0.7506148351267289,0.06534071411492745,0.08928178593049033,0.023941071815562875,0.05360463947939777,0.08481083261493597,0.0312061931355382,0.09083493576936108
sparse,42,0.0856051579626047,0.09148891802160597,0.8421037531483349,0.7506148351267289,0.07169735591129166,0.09706371786910747,0.025366361957815817,0.06405151672204014,0.09546714744082671,0.03141563071878657,0.09083493576936108
sparse,43,0.085478577586523,0.09148891802160597,0.8421037531483349,0.7506148351267289,0.06975886344852175,0.10147072273905125,0.0317118592905295,0.05931282179842408,0.10008120167431167,0.04076837987588759,0.09083493576936108
sparse,48,0.07960729697072089,0.09148891802160597,0.8421037531483349,0.7506148351267289,0.06625541085418056,0.09448839091471815,0.028232980060537594,0.05925680275375648,0.09285401350642504,0.03359721075266856,0.09083493576936108
sparse,49,0.0892525572546099,0.09148891802160597,0.8421037531483349,0.7506148351267289,0.07501134775845028,0.10317133837144167,0.02815999061299139,0.06523044582516413,0.10300862785359452,0.03777818202843039,0.09083493576936108
sparse,50,0.07161470019342364,0.09148891802160597,0.8421037531483349,0.7506148351267289,0.05650684242467459,0.08594996631886902,0.02944312389419443,0.04968886149854633,0.08078017411063376,0.031091312612087432,0.09083493576936108
sparse,51,0.0791533357782076,0.09148891802160597,0.8421037531483349,0.7506148351267289,0.06186755057590439,0.09869543807075562,0.03682788749485123,0.05265167146486163,0.08609837522915292,0.03344670376429129,0.09083493576936108
sparse,52,0.08274856106599382,0.09148891802160597,0.8421037531483349,0.7506148351267289,0.06688377589385944,0.09478791238596285,0.02790413649210341,0.05867469737716676,0.09286524754069926,0.0341905501635325,0.09083493576936108
sparse,53,0.07224173863125849,0.09148891802160597,0.8421037531483349,0.7506148351267289,0.0563643300318902,0.08887953402866543,0.032515203996775224,0.048775642106292164,0.08230853280212208,0.03353289069582992,0.09083493576936108
sparse,54,0.07110529168166335,0.09148891802160597,0.8421037531483349,0.7506148351267289,0.05413458202053394,0.08753894371623212,0.03340436169569818,0.04813521501459435,0.07981483727034798,0.03167962225575363,0.09083493576936108
sparse,55,0.06809715532811556,0.09148891802160597,0.8421037531483349,0.7506148351267289,0.052574656611823076,0.08370450050769301,0.031129843895869938,0.04443210746384905,0.07820206069360602,0.033769953229756976,0.09083493576936108
sparse,60,0.08103430718522309,0.09148891802160597,0.8421037531483349,0.7506148351267289,0.06705891082984307,0.0973843264890763,0.030325415659233232,0.05971720873746171,0.0895621089171412,0.029844900179679487,0.09083493576936108
sparse,61,0.05473638142312853,0.09148891802160597,0.8421037531483349,0.7506148351267289,0.039399993058942435,0.06707762694688037,0.02767763388793793,0.035325028250064894,0.06946833366101539,0.034143305410950495,0.09083493576936108
sparse,62,0.07358987799292638,0.09148891802160597,0.8421037531483349,0.7506148351267289,0.059478797535813845,0.08882114285543306,0.02934234531961922,0.04751923852668396,0.08559176826404843,0.038072529737364476,0.09083493576936108
sparse,63,0.07665267274347976,0.09148891802160597,0.8421037531483349,0.7506148351267289,0.06373173892260832,0.09051807972977449,0.026786340807166173,0.05451498143182611,0.08592421058343022,0.031409229151604115,0.09083493576936108
sparse,64,0.09221624821190744,0.09148891802160597,0.8421037531483349,0.7506148351267289,0.07389320564209996,0.10599554042498045,0.03210233478288049,0.06144430967138719,0.10671949688007107,0.04527518720868388,0.09083493576936108
sparse,65,0.07815327841160113,0.09148891802160597,0.8421037531483349,0.7506148351267289,0.061131537454071745,0.09460577866956793,0.033474241215496185,0.055790687573526225,0.08828948506746462,0.03249879749393839,0.09083493576936108
sparse,66,0.08031488422177335,0.09148891802160597,0.8421037531483349,0.7506148351267289,0.06642195850807113,0.09531563831127857,0.028893679803207437,0.05668439487143382,0.08919816272348102,0.0325137678520472,0.09083493576936108
sparse,67,0.07029460786147446,0.09148891802160597,0.8421037531483349,0.7506148351267289,0.05383126590576141,0.08808292891701744,0.034251663011256026,0.049256179899693116,0.08316765925127645,0.03391147935158333,0.09083493576936108
sparse,56,0.07477225621486094,0.09148891802160597,0.8421037531483349,0.7506148351267289,0.060281733898420425,0.09577735048976052,0.035495616591340096,0.05005110111162123,0.08504955966710719,0.03499845855548596,0.09083493576936108
sparse,57,0.08532621729307166,0.09148891802160597,0.8421037531483349,0.7506148351267289,0.06996876095600174,0.10343484923557775,0.033466088279576006,0.06355039728442886,0.09873669402395421,0.03518629673952535,0.09083493576936108
sparse,58,0.09010211412151048,0.09148891802160597,0.8421037531483349,0.7506148351267289,0.0741442426651898,0.1059172592945239,0.0317730166293341,0.06215613979407134,0.1026488293776394,0.04049268958356806,0.09083493576936108
sparse,59,0.0729942279054312,0.09148891802160597,0.8421037531483349,0.7506148351267289,0.053833521766185034,0.09097146441867172,0.03713794265248669,0.04735380033122567,0.08589239851302456,0.03853859818179889,0.09083493576936108
sparse,68,0.07992692620772157,0.09148891802160597,0.8421037531483349,0.7506148351267289,0.06184687592788074,0.09683779347892063,0.03499091755103989,0.05966907910006807,0.0910972652973559,0.03142818619728783,0.09083493576936108
sparse,69,0.0870904665238732,0.09148891802160597,0.8421037531483349,0.7506148351267289,0.07341790193106018,0.09968395093321619,0.02626604900215601,0.0650090817335044,0.09604844646381211,0.031039364730307703,0.09083493576936108
sparse,70,0.09531242878629065,0.09148891802160597,0.8421037531483349,0.7506148351267289,0.0780640481290139,0.10959737531786494,0.031533327188851046,0.07079428223136439,0.10486777566214651,0.03407349343078213,0.09083493576936108
sparse,71,0.09310089326992943,0.09148891802160597,0.8421037531483349,0.7506148351267289,0.07438456847318944,0.1071806755527861,0.032796107079596654,0.07279115414123413,0.09765531497050943,0.024864160829275297,0.09083493576936108
sparse,72,0.08032543280356053,0.09148891802160597,0.8421037531483349,0.7506148351267289,0.0646124043154051,0.09579144803711145,0.03117904372170635,0.058143547431468205,0.08814754920831426,0.030004001776846055,0.09083493576936108
sparse,73,0.07557400221017185,0.09148891802160597,0.8421037531483349,0.7506148351267289,0.05841600650145505,0.09162701038150785,0.0332110038800528,0.045589408385419326,0.08243980628708016,0.03685039790166083,0.09083493576936108
sparse,74,0.0898011780514748,0.09148891802160597,0.8421037531483349,0.7506148351267289,0.07382785136083006,0.1021877568409439,0.028359905480113842,0.06882362087448825,0.09921109804548392,0.030387477170995672,0.09083493576936108
sparse,75,0.08516249708699186,0.09148891802160597,0.8421037531483349,0.7506148351267289,0.06711127740049264,0.09849079367084827,0.03137951627035564,0.06241988223476186,0.0986469969663096,0.036227114731547744,0.09083493576936108
sparse,76,0.07338491367447297,0.09148891802160597,0.8421037531483349,0.7506148351267289,0.059684651544175994,0.0879178563208064,0.028233204776630404,0.04481847115510569,0.08078762433196668,0.03596915317686099,0.09083493576936108
sparse,77,0.07065998590777423,0.09148891802160597,0.8421037531483349,0.7506148351267289,0.05423641317644434,0.08737388215283655,0.033137468976392206,0.0485813221128572,0.08000832161976958,0.03142699950691238,0.09083493576936108
sparse,78,0.09048469462747621,0.09148891802160597,0.8421037531483349,0.7506148351267289,0.0768704679490621,0.10338847707252667,0.026518009123464567,0.06498124112215906,0.10297435166475939,0.037993110542600336,0.09083493576936108
sparse,79,0.07288497312939235,0.09148891802160597,0.8421037531483349,0.7506148351267289,0.05943089346883334,0.08878008399279526,0.02934919052396192,0.04946196948594526,0.08412716049244204,0.03466519100649678,0.09083493576936108
sparse,80,0.07455783711546837,0.09148891802160597,0.8421037531483349,0.7506148351267289,0.05828183487072563,0.08743983329997818,0.029157998429252548,0.04839222028877546,0.08056448408703164,0.032172263798256176,0.09083493576936108
sparse,81,0.08064412514186603,0.09148891802160597,0.8421037531483349,0.7506148351267289,0.06799962690864007,0.09712825327232902,0.029128626363688945,0.05505412687379075,0.0907792417034083,0.03572511482961755,0.09083493576936108
sparse,82,0.08923412770602157,0.09148891802160597,0.8421037531483349,0.7506148351267289,0.07730853187856024,0.10086752360891624,0.023558991730356,0.0654189137361244,0.09598669830953317,0.030567784573408766,0.09083493576936108
sparse,83,0.07636389166762325,0.09148891802160597,0.8421037531483349,0.7506148351267289,0.06053379061691788,0.09031845215540915,0.02978466153849127,0.05404430383549564,0.08703714920387004,0.0329928453683744,0.09083493576936108
sparse,84,0.07344755770439404,0.09148891802160597,0.8421037531483349,0.7506148351267289,0.05973530101620678,0.0865863230891724,0.026851022072965622,0.050052571839102486,0.08467367358331829,0.0346211017442158,0.09083493576936108
sparse,85,0.08011605415860734,0.09148891802160597,0.8421037531483349,0.7506148351267289,0.06323289051019054,0.09310531813685853,0.02987242762666799,0.057328900049074975,0.0911223095817468,0.03379340953267183,0.09083493576936108
sparse,86,0.08652458412670971,0.09148891802160597,0.8421037531483349,0.7506148351267289,0.0704119391075911,0.09723006041928316,0.02681812131169206,0.060476821480659734,0.09376625480396855,0.03328943332330882,0.09083493576936108
sparse,87,0.08480329533542974,0.09148891802160597,0.8421037531483349,0.7506148351267289,0.0712424942035135,0.09830538343868675,0.02706288923517325,0.06502108092862002,0.09156391403040469,0.026542833101784666,0.09083493576936108
sparse,92,0.07999897388215982,0.09148891802160597,0.8421037531483349,0.7506148351267289,0.0656860405763885,0.0957784774883476,0.030092436911959106,0.057200094672262516,0.09157312229437488,0.03437302762211236,0.09083493576936108
sparse,93,0.07781287538372561,0.09148891802160597,0.8421037531483349,0.7506148351267289,0.06380318755370029,0.0945562337367036,0.030753046183003313,0.055377572605556424,0.0888919560067795,0.03351438340122308,0.09083493576936108
sparse,94,0.07964611499220986,0.09148891802160597,0.8421037531483349,0.7506148351267289,0.06320296181223882,0.09514284341848135,0.03193988160624253,0.05608725956209971,0.08843535227980079,0.03234809271770108,0.09083493576936108
sparse,95,0.09258970618186046,0.09148891802160597,0.8421037531483349,0.7506148351267289,0.07875098042112894,0.10516877856240318,0.02641779814127425,0.06732529203439816,0.10215327179593607,0.03482797976153791,0.09083493576936108
sparse,88,0.08460784313725489,0.09148891802160597,0.8421037531483349,0.7506148351267289,0.07014245439356008,0.0978078297528485,0.027665375359288424,0.05621453375421149,0.09402796892251475,0.03781343516830326,0.09083493576936108
sparse,89,0.0633274417889802,0.09148891802160597,0.8421037531483349,0.7506148351267289,0.04864920567712919,0.07588266258792127,0.027233456910792084,0.029676260007667564,0.0730966665138014,0.04342040650613383,0.09083493576936108
sparse,90,0.08318304150738498,0.09148891802160597,0.8421037531483349,0.7506148351267289,0.06746124794349742,0.09715797244398565,0.029696724500488228,0.06167899972917187,0.09172779847739616,0.030048798748224297,0.09083493576936108
sparse,91,0.07306808176623014,0.09148891802160597,0.8421037531483349,0.7506148351267289,0.058243573168715264,0.08679054391994402,0.028546970751228758,0.04667697433947838,0.07995704150394399,0.03328006716446561,0.09083493576936108
sparse,96,0.07632828919714174,0.09148891802160597,0.8421037531483349,0.7506148351267289,0.060527246495305,0.08861266580732181,0.028085419312016816,0.05659175798002161,0.08824967463301867,0.031657916652997053,0.09083493576936108
sparse,97,0.07900160199286266,0.09148891802160597,0.8421037531483349,0.7506148351267289,0.059647552160546395,0.09080965290585716,0.031162100745310763,0.05629841055515873,0.08872948524496588,0.032431074689807146,0.09083493576936108
sparse,98,0.08069274458540698,0.09148891802160597,0.8421037531483349,0.7506148351267289,0.06487280246293445,0.09527154321383001,0.03039874075089556,0.05541306420946218,0.09051513290824098,0.0351020686987788,0.09083493576936108
sparse,99,0.06905492077624453,0.09148891802160597,0.8421037531483349,0.7506148351267289,0.05625553323258622,0.08467875567022422,0.028423222437638,0.03904179778658253,0.07931652530554502,0.04027472751896249,0.09083493576936108
sparse,100,0.07164938778092245,0.09148891802160597,0.8421037531483349,0.7506148351267289,0.055396463089253126,0.08665048763651326,0.03125402454726013,0.046962837171296526,0.08134268840521822,0.03437985123392169,0.09083493576936108
sparse,101,0.09385726399183969,0.09148891802160597,0.8421037531483349,0.7506148351267289,0.07971003062888328,0.11110668964459954,0.031396659015716255,0.07105118578018396,0.10279374606441241,0.03174256028422845,0.09083493576936108
sparse,102,0.0696604239383819,0.09148891802160597,0.8421037531483349,0.7506148351267289,0.05961639159358199,0.08283263994388818,0.02321624835030619,0.04691593944362514,0.08238295816787287,0.035467018724247734,0.09083493576936108
sparse,103,0.07805602786706878,0.09148891802160597,0.8421037531483349,0.7506148351267289,0.06120950484416894,0.09217781919626362,0.030968314352094684,0.057366643790337346,0.08905639748016025,0.03168975368982291,0.09083493576936108
sparse,108,0.0624585757516235,0.09148891802160597,0.8421037531483349,0.7506148351267289,0.047690415142397434,0.08086934561794618,0.03317893047554874,0.0409208862139787,0.07699595004387963,0.03607506382990093,0.09083493576936108
sparse,109,0.08124351702449939,0.09148891802160597,0.8421037531483349,0.7506148351267289,0.06707369880976188,0.09558259835799807,0.028508899548236183,0.0593464467610836,0.08976214089160878,0.030415694130525174,0.09083493576936108
sparse,110,0.07359203604684605,0.09148891802160597,0.8421037531483349,0.7506148351267289,0.05946309820626051,0.09023509882354216,0.030772000617281657,0.05013211209654092,0.09030821502991208,0.04017610293337116,0.09083493576936108
sparse,111,0.07091187270501842,0.09148891802160597,0.8421037531483349,0.7506148351267289,0.05317364953147327,0.0864978231999623,0.03332417366848903,0.043716178688268374,0.08256554985722515,0.03884937116895678,0.09083493576936108
sparse,104,0.09951664133351223,0.09148891802160597,0.8421037531483349,0.7506148351267289,0.08726870247893505,0.11388055583612301,0.026611853357187965,0.07468927139665013,0.11075203528482111,0.03606276388817098,0.09083493576936108
sparse,105,0.06978807986701907,0.09148891802160597,0.8421037531483349,0.7506148351267289,0.05656500320489717,0.08231935947251239,0.025754356267615214,0.0491769579123689,0.08045874156185616,0.031281783649487256,0.09083493576936108
sparse,106,0.07620033866587173,0.09148891802160597,0.8421037531483349,0.7506148351267289,0.06113378413359781,0.09129864686294446,0.030164862729346653,0.04772910475066708,0.08061961047878634,0.03289050572811926,0.09083493576936108
sparse,107,0.07596745277368155,0.09148891802160597,0.8421037531483349,0.7506148351267289,0.06126850329182109,0.08898560507141562,0.02771710177959453,0.049195600639192164,0.08390707870965984,0.03471147807046768,0.09083493576936108
sparse,112,0.06374983881366858,0.09148891802160597,0.8421037531483349,0.7506148351267289,0.04831064037545108,0.07924380300944675,0.03093316263399567,0.04516264804562645,0.07120105806645641,0.02603841002082996,0.09083493576936108
sparse,113,0.07290391431868493,0.09148891802160597,0.8421037531483349,0.7506148351267289,0.05735291897317591,0.08695570690665778,0.029602787933481874,0.05098266458906529,0.08716814271613302,0.03618547812706773,0.09083493576936108
sparse,114,0.06802312849538439,0.09148891802160597,0.8421037531483349,0.7506148351267289,0.05387131962639777,0.0838178547702512,0.029946535143853426,0.044782029560090295,0.07622523579546078,0.03144320623537049,0.09083493576936108
sparse,115,0.07603806731344287,0.09148891802160597,0.8421037531483349,0.7506148351267289,0.06026080346565428,0.09106141912440563,0.03080061565875135,0.05271053692948101,0.08528233443227533,0.03257179750279432,0.09083493576936108
sparse,116,0.0783971421915044,0.09148891802160597,0.8421037531483349,0.7506148351267289,0.06228497284341536,0.09564010773743588,0.03335513489402052,0.051106711775088874,0.09324489564505357,0.0421381838699647,0.09083493576936108
sparse,117,0.07504474532559646,0.09148891802160597,0.8421037531483349,0.7506148351267289,0.058661806158882675,0.08924387538295016,0.030582069224067483,0.05191504787693286,0.08545786302926961,0.03354281515233675,0.09083493576936108
sparse,118,0.08693553069476057,0.09148891802160597,0.8421037531483349,0.7506148351267289,0.06948898614337508,0.1089693326100396,0.039480346466664526,0.06809331254199413,0.09627418714558227,0.028180874603588132,0.09083493576936108
sparse,119,0.08759913370483907,0.09148891802160597,0.8421037531483349,0.7506148351267289,0.07370839177078016,0.09983307815426935,0.026124686383489193,0.06023467399961524,0.09414770418608326,0.03391303018646802,0.09083493576936108
sparse,124,0.08332155913421435,0.09148891802160597,0.8421037531483349,0.7506148351267289,0.07067546918257776,0.09701955041680517,0.026344081234227407,0.06273187463124062,0.095339012052354,0.032607137421113375,0.09083493576936108
sparse,125,0.08103015140128922,0.09148891802160597,0.8421037531483349,0.7506148351267289,0.06648985424998337,0.09360139418110827,0.027111539931124903,0.05394547198852223,0.09380206415315513,0.0398565921646329,0.09083493576936108
sparse,126,0.07594877298597935,0.09148891802160597,0.8421037531483349,0.7506148351267289,0.060384821508092046,0.08908937852633297,0.028704557018240928,0.05057904702453278,0.08798488549558958,0.0374058384710568,0.09083493576936108
sparse,127,0.08500757654257285,0.09148891802160597,0.8421037531483349,0.7506148351267289,0.07232301633462757,0.09753829742853196,0.02521528109390439,0.06119847485599688,0.09690227915270323,0.03570380429670635,0.09083493576936108
sparse,120,0.08820443344432882,0.09148891802160597,0.8421037531483349,0.7506148351267289,0.07316854930530958,0.1042129305599855,0.031044381254675915,0.06376645080440328,0.09606226603152086,0.03229581522711758,0.09083493576936108
sparse,121,0.09014597900566035,0.09148891802160597,0.8421037531483349,0.7506148351267289,0.07537404726255605,0.1049889068744087,0.02961485961185266,0.0646408849257664,0.09892086516912287,0.03427998024335646,0.09083493576936108
sparse,122,0.09574721211508663,0.09148891802160597,0.8421037531483349,0.7506148351267289,0.07771290866801762,0.11049122317082898,0.03277831450281135,0.06799858757325496,0.10584206167892032,0.03784347410566537,0.09083493576936108
sparse,123,0.08054018400089058,0.09148891802160597,0.8421037531483349,0.7506148351267289,0.06824030433695515,0.09410277466139173,0.025862470324436587,0.05918093939769248,0.09272092319027632,0.03353998379258384,0.09083493576936108
sparse,128,0.07056557059961321,0.09148891802160597,0.8421037531483349,0.7506148351267289,0.05466995360770794,0.08629100608896269,0.03162105248125475,0.046837725576404636,0.08276683799415904,0.03592911241775441,0.09083493576936108
sparse,129,0.07570131295527216,0.09148891802160597,0.8421037531483349,0.7506148351267289,0.06238557581406604,0.09463954928298283,0.03225397346891679,0.04747641588504559,0.08762409277656137,0.04014767689151578,0.09083493576936108
sparse,130,0.08586570899086254,0.09148891802160597,0.8421037531483349,0.7506148351267289,0.0697052222581905,0.10473808353197872,0.03503286127378823,0.06197463016529421,0.09500099641368562,0.033026366248391406,0.09083493576936108
sparse,131,0.07950112690707334,0.09148891802160597,0.8421037531483349,0.7506148351267289,0.06259631451163562,0.09346821488847841,0.030871900376842787,0.05686209390246458,0.08722802369043962,0.030365929787975046,0.09083493576936108
sparse,132,0.08396148121373026,0.09148891802160597,0.8421037531483349,0.7506148351267289,0.07154593705785979,0.10211617914491318,0.03057024208705339,0.05814840767141011,0.09126359317594546,0.03311518550453535,0.09083493576936108
sparse,133,0.06536767827100454,0.09148891802160597,0.8421037531483349,0.7506148351267289,0.05039103079009277,0.07837799311366432,0.02798696232357155,0.04266656560919069,0.07449625570721925,0.031829690098028565,0.09083493576936108
sparse,134,0.08459170011998596,0.09148891802160597,0.8421037531483349,0.7506148351267289,0.06859986147114021,0.09826621241631787,0.029666350945177666,0.06130409193353796,0.09507026438921047,0.03376617245567251,0.09083493576936108
sparse,135,0.07665317605096489,0.09148891802160597,0.8421037531483349,0.7506148351267289,0.06260626517110142,0.09246721952930687,0.029860954358205447,0.05296256660110029,0.08381760187059467,0.03085503526949438,0.09083493576936108
sparse,140,0.09007138544439053,0.09148891802160597,0.8421037531483349,0.7506148351267289,0.07227453089056717,0.10519289556987213,0.032918364679304965,0.06813260095150811,0.10126661995266044,0.03313401900115233,0.09083493576936108
sparse,141,0.08034506769825911,0.09148891802160597,0.8421037531483349,0.7506148351267289,0.06338060157207069,0.0961100533306882,0.03272945175861751,0.05902123900593701,0.08753372465506662,0.02851248564912961,0.09083493576936108
sparse,142,0.08822344636927248,0.09148891802160597,0.8421037531483349,0.7506148351267289,0.07456059714181511,0.10266176638079255,0.028101169238977444,0.06755022060965032,0.09834134327028628,0.030791122660635953,0.09083493576936108
sparse,143,0.07153564006768054,0.09148891802160597,0.8421037531483349,0.7506148351267289,0.057727823501538225,0.08516004895265361,0.027432225451115386,0.052551256593139514,0.07975624256837094,0.027204985975231424,0.09083493576936108
sparse,136,0.07083500090958716,0.09148891802160597,0.8421037531483349,0.7506148351267289,0.060199317822754006,0.08594700849690314,0.02574769067414913,0.04745404534188696,0.07908501543676173,0.03163097009487477,0.09083493576936108
sparse,137,0.08768771483555071,0.09148891802160597,0.8421037531483349,0.7506148351267289,0.06925785791295754,0.10418530620607831,0.03492744829312078,0.06326823892238481,0.096940892428097,0.03367265350571219,0.09083493576936108
sparse,138,0.08154476605456984,0.09148891802160597,0.8421037531483349,0.7506148351267289,0.06890489314394294,0.09390496071311517,0.025000067569172238,0.056403657750772405,0.09247992926554652,0.03607627151477411,0.09083493576936108
sparse,139,0.08350658314312576,0.09148891802160597,0.8421037531483349,0.7506148351267289,0.06963583076308427,0.09824070024132223,0.028604869478237954,0.06051785544470791,0.09184035680783037,0.03132250136312246,0.09083493576936108
sparse,144,0.07494254763758368,0.09148891802160597,0.8421037531483349,0.7506148351267289,0.06085830440744607,0.08691360333774452,0.026055298930298447,0.05290887377537284,0.08511942287657924,0.0322105491012064,0.09083493576936108
sparse,145,0.07880980876473742,0.09148891802160597,0.8421037531483349,0.7506148351267289,0.06718638011298896,0.09506990679031335,0.027883526677324397,0.05964083166990739,0.09258453867752338,0.03294370700761599,0.09083493576936108
sparse,146,0.07547080528869654,0.09148891802160597,0.8421037531483349,0.7506148351267289,0.06333052133316107,0.0909324792235162,0.027601957890355133,0.056931669164037975,0.08453285635581545,0.027601187191777475,0.09083493576936108
sparse,147,0.08488337315899663,0.09148891802160597,0.8421037531483349,0.7506148351267289,0.07112823088186926,0.09762189404425113,0.026493663162381872,0.06090102529748352,0.09133114659398331,0.030430121296499787,0.09083493576936108
sparse,148,0.0849897807039588,0.09148891802160597,0.8421037531483349,0.7506148351267289,0.07185201375955581,0.10233687698491038,0.03048486322535457,0.061589858818391525,0.0950536705790669,0.03346381176067537,0.09083493576936108
sparse,149,0.058952608909788484,0.09148891802160597,0.8421037531483349,0.7506148351267289,0.04618669289687443,0.07577145036974206,0.02958475747286763,0.03759902794131012,0.07254640100205757,0.03494737306074745,0.09083493576936108
sparse,150,0.08343112230105088,0.09148891802160597,0.8421037531483349,0.7506148351267289,0.06810169642201616,0.09991606584529761,0.03181436942328145,0.05832558784764985,0.094982864157454,0.03665727630980414,0.09083493576936108
sparse,151,0.08374487676623255,0.09148891802160597,0.8421037531483349,0.7506148351267289,0.06860251247394221,0.09840164811584357,0.029799135641901356,0.05762550532240016,0.09204321515429706,0.034417709831896896,0.09083493576936108
sparse,152,0.07679517816477155,0.09148891802160597,0.8421037531483349,0.7506148351267289,0.06151493238929296,0.09666187558808398,0.03514694319879102,0.04907298749566577,0.08917568676446944,0.040102699268803665,0.09083493576936108
sparse,153,0.070391591909574,0.09148891802160597,0.8421037531483349,0.7506148351267289,0.05877104868880147,0.08507864457847623,0.026307595889674767,0.04877682459273541,0.08438784162648982,0.03561101703375441,0.09083493576936108
sparse,154,0.06325103791115261,0.09148891802160597,0.8421037531483349,0.7506148351267289,0.04958042613722688,0.08286497851461748,0.0332845523773906,0.041030518868875834,0.0767590142237765,0.03572849535490066,0.09083493576936108
sparse,155,0.0684121342711842,0.09148891802160597,0.8421037531483349,0.7506148351267289,0.052706287096791246,0.08424339962816406,0.03153711253137281,0.03896115683330181,0.0817146961279644,0.04275353929466259,0.09083493576936108
sparse,156,0.07611713158070776,0.09148891802160597,0.8421037531483349,0.7506148351267289,0.06306043797806049,0.09037430534202634,0.02731386736396585,0.05232263916237913,0.08146883658807941,0.02914619742570028,0.09083493576936108
sparse,157,0.07896056019652964,0.09148891802160597,0.8421037531483349,0.7506148351267289,0.06501026305513373,0.09592951837305846,0.030919255317924735,0.04933274853309876,0.08824360332605206,0.0389108547929533,0.09083493576936108
sparse,158,0.07496947609507087,0.09148891802160597,0.8421037531483349,0.7506148351267289,0.05320621444758958,0.09039260104063157,0.03718638659304199,0.05101694465449469,0.08196405302528662,0.030947108370791926,0.09083493576936108
sparse,159,0.07752312035323639,0.09148891802160597,0.8421037531483349,0.7506148351267289,0.06393058902854801,0.09620575547278962,0.03227516644424161,0.0554175608197009,0.08908736688626645,0.03366980606656555,0.09083493576936108
sparse,160,0.07364174647307165,0.09148891802160597,0.8421037531483349,0.7506148351267289,0.05664752176013278,0.08975193802050599,0.03310441626037321,0.04252360388028696,0.08194566080449495,0.039422056924207985,0.09083493576936108
sparse,161,0.0683884254968592,0.09148891802160597,0.8421037531483349,0.7506148351267289,0.05143552842570564,0.0862817691230181,0.034846240697312465,0.043994199348961385,0.07734519909997867,0.03335099975101728,0.09083493576936108
sparse,162,0.0837891536263794,0.09148891802160597,0.8421037531483349,0.7506148351267289,0.06974601488241708,0.09560785361681123,0.025861838734394155,0.059155563788188835,0.09465103309332312,0.03549546930513429,0.09083493576936108
sparse,163,0.09258509692076644,0.09148891802160597,0.8421037531483349,0.7506148351267289,0.07638053675926024,0.11182223820453611,0.03544170144527588,0.06651180282716918,0.10437606443846638,0.037864261611297204,0.09083493576936108
sparse,168,0.09099993702712272,0.09148891802160597,0.8421037531483349,0.7506148351267289,0.07703211132610417,0.10486954322477805,0.02783743189867388,0.06622360543553299,0.1056053847198248,0.039381779284291804,0.09083493576936108
sparse,169,0.07723018300202233,0.09148891802160597,0.8421037531483349,0.7506148351267289,0.06218396160200747,0.09119517520591021,0.02901121360390274,0.050854226413027906,0.08649640683374508,0.03564218042071718,0.09083493576936108
sparse,170,0.07859803697270706,0.09148891802160597,0.8421037531483349,0.7506148351267289,0.06533265779392079,0.0981040607671203,0.03277140297319951,0.05604871235258631,0.09015628810135924,0.034107575748772934,0.09083493576936108
sparse,171,0.07119814854807638,0.09148891802160597,0.8421037531483349,0.7506148351267289,0.055810684375518886,0.08424660591414297,0.028435921538624086,0.047790297451547836,0.08046904040796245,0.03267874295641461,0.09083493576936108
sparse,172,0.07410623508662728,0.09148891802160597,0.8421037531483349,0.7506148351267289,0.06082044813455406,0.08749179888150144,0.026671350746947375,0.051486455038558636,0.08161478885118537,0.03012833381262673,0.09083493576936108
sparse,173,0.07607231951149884,0.09148891802160597,0.8421037531483349,0.7506148351267289,0.06120203801745674,0.09166312250152375,0.030461084484067015,0.050510544190739096,0.08526083038126103,0.03475028619052194,0.09083493576936108
sparse,174,0.06331617203865325,0.09148891802160597,0.8421037531483349,0.7506148351267289,0.04601722518440925,0.08125973108521393,0.03524250590080469,0.03760683600330415,0.07438151882195461,0.036774682818650456,0.09083493576936108
sparse,175,0.07831363292836624,0.09148891802160597,0.8421037531483349,0.7506148351267289,0.0649113589199345,0.09091098313819702,0.025999624218262518,0.053676191354839024,0.08888410878397304,0.03520791742913402,0.09083493576936108
sparse,164,0.07648490291367604,0.09148891802160597,0.8421037531483349,0.7506148351267289,0.06322968106434805,0.0918964582302112,0.028666777165863147,0.05355929862456502,0.08076718871918738,0.027207890094622357,0.09083493576936108
sparse,165,0.08559877230513879,0.09148891802160597,0.8421037531483349,0.7506148351267289,0.07044726822281823,0.10269663365048438,0.032249365427666155,0.05738519477329587,0.09384642877626376,0.036461234002967885,0.09083493576936108
sparse,166,0.0998019656891882,0.09148891802160597,0.8421037531483349,0.7506148351267289,0.08496331608444746,0.11413623793577722,0.02917292185132976,0.07459727114400823,0.11437995910563252,0.03978268796162429,0.09083493576936108
sparse,167,0.08018568330075293,0.09148891802160597,0.8421037531483349,0.7506148351267289,0.0652261746074676,0.0960613126137709,0.030835138006303303,0.054369017343790335,0.08968880815837797,0.03531979081458764,0.09083493576936108
sparse,176,0.07793738883252066,0.09148891802160597,0.8421037531483349,0.7506148351267289,0.06610984931290068,0.0929609133491869,0.026851064036286218,0.05410243484866084,0.08526013622430771,0.03115770137564687,0.09083493576936108
sparse,177,0.07195779202947872,0.09148891802160597,0.8421037531483349,0.7506148351267289,0.05586108832324569,0.08612616767360809,0.0302650793503624,0.043887582923587055,0.08011866379458862,0.03623108087100157,0.09083493576936108
sparse,178,0.05835304492167248,0.09148891802160597,0.8421037531483349,0.7506148351267289,0.0431774437345246,0.07272264869280692,0.029545204958282327,0.03743204069890667,0.06802384280036887,0.0305918021014622,0.09083493576936108
sparse,179,0.07726171711781016,0.09148891802160597,0.8421037531483349,0.7506148351267289,0.05951361847291178,0.09292220219509836,0.03340858372218658,0.04973543004505169,0.08592619091582866,0.036190760870776974,0.09083493576936108
sparse,180,0.0751564440232666,0.09148891802160597,0.8421037531483349,0.7506148351267289,0.06120246395188121,0.08681945932878003,0.02561699537689882,0.051344751994970406,0.08013179695266037,0.028787044957689967,0.09083493576936108
sparse,181,0.0819075624337573,0.09148891802160597,0.8421037531483349,0.7506148351267289,0.06892645430620885,0.09538102362147935,0.0264545693152705,0.05762523344658194,0.08911658229338339,0.031491348846801444,0.09083493576936108
sparse,182,0.08180676727914427,0.09148891802160597,0.8421037531483349,0.7506148351267289,0.06866346396899181,0.09665115300266873,0.02798768903367692,0.06033882105579072,0.09030861971766563,0.029969798661874908,0.09083493576936108
sparse,183,0.07441674875618776,0.09148891802160597,0.8421037531483349,0.7506148351267289,0.05688284806913251,0.08882125461510479,0.03193840654597228,0.04938027115725903,0.08807156342395492,0.03869129226669589,0.09083493576936108
sparse,184,0.0847911848020998,0.09148891802160597,0.8421037531483349,0.7506148351267289,0.07054718488023744,0.09693015840592906,0.02638297352569162,0.06168317045499496,0.09313223959302934,0.03144906913803438,0.09083493576936108
sparse,185,0.07664956481148699,0.09148891802160597,0.8421037531483349,0.7506148351267289,0.05865546937753276,0.09062197951882377,0.03196651014129101,0.05318668976865239,0.08912179500734557,0.035935105238693185,0.09083493576936108
sparse,186,0.07824601342667747,0.09148891802160597,0.8421037531483349,0.7506148351267289,0.06564936878031441,0.09069629458716047,0.02504692580684606,0.05221186583296752,0.09155828940824313,0.03934642357527562,0.09083493576936108
sparse,187,0.088778744145256,0.09148891802160597,0.8421037531483349,0.7506148351267289,0.07071474671526039,0.10141309372938805,0.030698347014127658,0.06585582290287015,0.09689910246605572,0.031043279563185575,0.09083493576936108
sparse,188,0.08459819958508963,0.09148891802160597,0.8421037531483349,0.7506148351267289,0.07012698871723501,0.09640220914459872,0.026275220427363716,0.059285073423711004,0.09851117157508896,0.03922609815137795,0.09083493576936108
sparse,189,0.08119715051698007,0.09148891802160597,0.8421037531483349,0.7506148351267289,0.063038131053803,0.0985204913799729,0.0354823603261699,0.05753009097629614,0.09063202197173456,0.03310193099543842,0.09083493576936108
sparse,190,0.07625506549514827,0.09148891802160597,0.8421037531483349,0.7506148351267289,0.05921590346444113,0.09742515126298651,0.03820924779854538,0.05155115235643774,0.08743921816876149,0.03588806581232375,0.09083493576936108
sparse,191,0.07476637933266017,0.09148891802160597,0.8421037531483349,0.7506148351267289,0.059375021830472434,0.08957361112712195,0.030198589296649515,0.05126804512171735,0.08452695780400205,0.033258912682284696,0.09083493576936108
sparse,192,0.08509959539371315,0.09148891802160597,0.8421037531483349,0.7506148351267289,0.07351259703753908,0.09662371658118081,0.02311111954364173,0.06488881017047556,0.09013868382920981,0.025249873658734254,0.09083493576936108
sparse,193,0.08773967665533944,0.09148891802160597,0.8421037531483349,0.7506148351267289,0.07245694720650508,0.09992936143634916,0.027472414229844075,0.06147897631774491,0.09360389285994355,0.032124916542198644,0.09083493576936108
sparse,194,0.07427920581916081,0.09148891802160597,0.8421037531483349,0.7506148351267289,0.061093339036080094,0.09121808470956969,0.030124745673489592,0.04765679207670062,0.08534946888444157,0.03769267680774095,0.09083493576936108
sparse,195,0.06032385109371852,0.09148891802160597,0.8421037531483349,0.7506148351267289,0.04075729743740988,0.07564565030025389,0.03488835286284401,0.04013110216373468,0.07106299458081516,0.030931892417080484,0.09083493576936108
imbalanced,0,0.10070320262936638,0.11547982039012572,0.7638978723121596,0.6484180519220338,0.06058262905806844,0.15180016020386564,0.0912175311457972,0.02801025280009787,0.1535357683844114,0.12552551558431355,0.11529110551450084
imbalanced,1,0.09119158708172326,0.11547982039012572,0.7638978723121596,0.6484180519220338,0.04551918413184973,0.14332805874265936,0.09780887461080963,0.029439598580231457,0.13890862073346943,0.10946902215323798,0.11529110551450084
imbalanced,2,0.11009622792894758,0.11547982039012572,0.7638978723121596,0.6484180519220338,0.038333142735077104,0.15724373254714097,0.11891058981206387,0.04526492016970407,0.1583911822893566,0.11312626211965254,0.11529110551450084
imbalanced,3,0.08634358824815913,0.11547982039012572,0.7638978723121596,0.6484180519220338,0.02129835497060261,0.13125599304539656,0.10995763807479395,0.020616510485815132,0.13326880536948288,0.11265229488366775,0.11529110551450084
imbalanced,4,0.11752525252525259,0.11547982039012572,0.7638978723121596,0.6484180519220338,0.0629537139467771,0.16853112376537474,0.10557740981859765,0.057203953263945145,0.16207606269776983,0.10487210943382469,0.11529110551450084
imbalanced,5,0.13500279458579378,0.11547982039012572,0.7638978723121596,0.6484180519220338,0.07972762047285288,0.18740775046505104,0.10768012999219816,0.057604999522347614,0.1873129319598583,0.12970793243751066,0.11529110551450084
imbalanced,6,0.12406340895869694,0.11547982039012572,0.7638978723121596,0.6484180519220338,0.0775683903665448,0.18568337121482414,0.10811498084827935,0.061294855632059726,0.18550311236297973,0.12420825673092001,0.11529110551450084
imbalanced,7,0.08205754416660593,0.11547982039012572,0.7638978723121596,0.6484180519220338,0.03409123927783631,0.13444857434306082,0.10035733506522451,0.026016727462217115,0.1484000605093333,0.12238333304711618,0.11529110551450084
sparse,196,0.07548480989630701,0.09148891802160597,0.8421037531483349,0.7506148351267289,0.05953643409739315,0.08972039453389793,0.030183960436504786,0.053177673555972305,0.08608359874775447,0.03290592519178216,0.09083493576936108
sparse,197,0.0667929900856824,0.09148891802160597,0.8421037531483349,0.7506148351267289,0.053031974910166604,0.08377636397593863,0.030744389065772024,0.04327615761387853,0.07684924785566677,0.03357309024178824,0.09083493576936108
sparse,198,0.08758347153037904,0.09148891802160597,0.8421037531483349,0.7506148351267289,0.06903024979010247,0.10284665377795668,0.03381640398785421,0.06511534923570346,0.1004408519896065,0.035325502753903046,0.09083493576936108
sparse,199,0.07948959172535675,0.09148891802160597,0.8421037531483349,0.7506148351267289,0.06265974111612746,0.09326684832202843,0.03060710720590097,0.05363927624453557,0.08977288446017473,0.03613360821563916,0.09083493576936108
imbalanced,8,0.1421623336834733,0.11547982039012572,0.7638978723121596,0.6484180519220338,0.08707781163948179,0.18190475445648838,0.09482694281700658,0.0768053132100281,0.19005734361146037,0.11325203040143227,0.11529110551450084
imbalanced,9,0.11261218178630061,0.11547982039012572,0.7638978723121596,0.6484180519220338,0.07501770536087199,0.14983149978501897,0.07481379442414698,0.03498178553687034,0.12994534767133395,0.09496356213446361,0.11529110551450084
imbalanced,10,0.08404665004979306,0.11547982039012572,0.7638978723121596,0.6484180519220338,0.042768443906790125,0.14395169789854895,0.10118325399175881,0.025642499731830082,0.1330768761977079,0.1074343764658778,0.11529110551450084
imbalanced,11,0.08166842105263161,0.11547982039012572,0.7638978723121596,0.6484180519220338,0.03370947002712361,0.12233021717171802,0.08862074714459442,0.02403670839448513,0.13671188919527574,0.11267518080079061,0.11529110551450084
imbalanced,12,0.10939017335068912,0.11547982039012572,0.7638978723121596,0.6484180519220338,0.07482146471752786,0.15964739536976047,0.08482593065223261,0.036394669907173015,0.13827532487990754,0.10188065497273452,0.11529110551450084
imbalanced,13,0.03191168429586888,0.11547982039012572,0.7638978723121596,0.6484180519220338,-0.012928939406248605,0.07526230204515436,0.08819124145140296,-0.009992971085133074,0.0743712587327201,0.08436422981785317,0.11529110551450084
imbalanced,14,0.1329886072452071,0.11547982039012572,0.7638978723121596,0.6484180519220338,0.09081565301657527,0.1875250464719006,0.09670939345532534,0.06659927068487782,0.1968305019730837,0.13023123128820585,0.11529110551450084
imbalanced,15,0.1212688200280112,0.11547982039012572,0.7638978723121596,0.6484180519220338,0.06931942601978565,0.171774040398562,0.10245461437877636,0.06221266781857958,0.15503827939118203,0.09282561157260245,0.11529110551450084
imbalanced,16,0.09524841406135731,0.11547982039012572,0.7638978723121596,0.6484180519220338,0.04807181839557572,0.15596514357182012,0.10789332517624439,0.021951224020765457,0.14891537047521788,0.12696414645445242,0.11529110551450084
imbalanced,17,0.12220488819552766,0.11547982039012572,0.7638978723121596,0.6484180519220338,0.06984417511960474,0.16401204805450234,0.0941678729348976,0.04422491785602621,0.1722402318499369,0.1280153139939107,0.11529110551450084
imbalanced,18,0.08562935184611253,0.11547982039012572,0.7638978723121596,0.6484180519220338,0.03920572175899658,0.13906058207608715,0.09985486031709057,0.03831391410453561,0.13677281324775217,0.09845889914321657,0.11529110551450084
imbalanced,19,0.13243500525210083,0.11547982039012572,0.7638978723121596,0.6484180519220338,0.08026210942847568,0.17811682678000956,0.09785471735153388,0.06699158819569398,0.19052048355668402,0.12352889536099004,0.11529110551450084
imbalanced,20,0.07920676028666462,0.11547982039012572,0.7638978723121596,0.6484180519220338,0.029854686343155162,0.1467920853648253,0.11693739902167014,0.01810298844167388,0.11872097926780782,0.10061799082613394,0.11529110551450084
imbalanced,21,0.15650029141205668,0.11547982039012572,0.7638978723121596,0.6484180519220338,0.0986800650451868,0.20837835986654613,0.10969829482135933,0.09092644039282197,0.19150633102164982,0.10057989062882786,0.11529110551450084
imbalanced,22,0.13773528378685518,0.11547982039012572,0.7638978723121596,0.6484180519220338,0.07870175494263802,0.18598801776630494,0.10728626282366692,0.06931898259907678,0.18930949267782415,0.11999051007874738,0.11529110551450084
imbalanced,23,0.1187015815790039,0.11547982039012572,0.7638978723121596,0.6484180519220338,0.06579659677163106,0.19109758199586235,0.12530098522423128,0.04551450473799598,0.17856836552294406,0.13305386078494807,0.11529110551450084
imbalanced,24,0.10149035690831343,0.11547982039012572,0.7638978723121596,0.6484180519220338,0.05622989489754325,0.14461515740651482,0.08838526250897157,0.04145653191245616,0.12103880298830832,0.07958227107585217,0.11529110551450084
imbalanced,25,0.14431120412793574,0.11547982039012572,0.7638978723121596,0.6484180519220338,0.08930839589391332,0.21248637761479722,0.1231779817208839,0.07558569875262547,0.19041152109430892,0.11482582234168345,0.11529110551450084
imbalanced,26,0.11661196936951357,0.11547982039012572,0.7638978723121596,0.6484180519220338,0.05224473767716767,0.18149511031706264,0.12925037263989497,0.04683920049982225,0.1683938003520167,0.12155459985219445,0.11529110551450084
imbalanced,27,0.15659505208333313,0.11547982039012572,0.7638978723121596,0.6484180519220338,0.11195847381244133,0.21545840619377873,0.10349993238133741,0.05443513099701001,0.1761525134139345,0.12171738241692451,0.11529110551450084
imbalanced,32,0.11576697484839449,0.11547982039012572,0.7638978723121596,0.6484180519220338,0.05876722090740037,0.1805411000731992,0.12177387916579883,0.052973424932363844,0.14694686413887148,0.09397343920650764,0.11529110551450084
imbalanced,33,0.10671907395776337,0.11547982039012572,0.7638978723121596,0.6484180519220338,0.06529681714960472,0.16503894353693174,0.09974212638732702,0.03385322718237483,0.1425083368423978,0.10865510966002298,0.11529110551450084
imbalanced,34,0.08411303947166326,0.11547982039012572,0.7638978723121596,0.6484180519220338,0.019930824156182875,0.13642481263902959,0.11649398848284671,0.00944412889820388,0.11893201517128145,0.10948788627307757,0.11529110551450084
imbalanced,35,0.12815901100270322,0.11547982039012572,0.7638978723121596,0.6484180519220338,0.06334471623150034,0.17755802502747703,0.11421330879597669,0.08347074076094574,0.18519478308721454,0.1017240423262688,0.11529110551450084
imbalanced,28,0.11548916076890436,0.11547982039012572,0.7638978723121596,0.6484180519220338,0.051987905475107496,0.16140431350264245,0.10941640802753495,0.053471504898629965,0.1779713325358908,0.12449982763726085,0.11529110551450084
imbalanced,29,0.1315666093634884,0.11547982039012572,0.7638978723121596,0.6484180519220338,0.08342613375027105,0.17621694063961454,0.09279080688934349,0.06512760190037144,0.17825808557732237,0.11313048367695093,0.11529110551450084
imbalanced,30,0.11524473684210512,0.11547982039012572,0.7638978723121596,0.6484180519220338,0.0737019863150419,0.16168002516360008,0.08797803884855818,0.04818767502672405,0.16122638287842975,0.1130387078517057,0.11529110551450084
imbalanced,31,0.12017356640149579,0.11547982039012572,0.7638978723121596,0.6484180519220338,0.07461644618379622,0.19589520405268382,0.1212787578688876,0.0678919706952502,0.1808679567117909,0.1129759860165407,0.11529110551450084
imbalanced,36,0.1527648561327538,0.11547982039012572,0.7638978723121596,0.6484180519220338,0.0989996787399105,0.20791769842069588,0.10891801968078538,0.09558625416638031,0.2050886740691276,0.10950241990274728,0.11529110551450084
imbalanced,37,0.07130789473684218,0.11547982039012572,0.7638978723121596,0.6484180519220338,0.01816725098694346,0.11615775303593397,0.09799050204899051,0.01843727500391257,0.10863548711001636,0.09019821210610379,0.11529110551450084
imbalanced,38,0.06355486658134601,0.11547982039012572,0.7638978723121596,0.6484180519220338,0.01571946059537383,0.104040700409569,0.08832123981419518,0.003362737048812581,0.105583928864504,0.10222119181569142,0.11529110551450084
imbalanced,39,0.11654637797380374,0.11547982039012572,0.7638978723121596,0.6484180519220338,0.05569082953396726,0.16151811460584034,0.10582728507187308,0.04163299834312859,0.16841522358389788,0.1267822252407693,0.11529110551450084
imbalanced,40,0.06387290794979084,0.11547982039012572,0.7638978723121596,0.6484180519220338,0.006188027162239337,0.11764562310490527,0.11145759594266594,0.013254796556995883,0.12292448288082199,0.10966968632382611,0.11529110551450084
imbalanced,41,0.09266803486342778,0.11547982039012572,0.7638978723121596,0.6484180519220338,0.029155282846981222,0.15502904787591087,0.12587376502892966,0.03406497583336859,0.13344562290361323,0.09938064707024463,0.11529110551450084
imbalanced,42,0.09854751312369259,0.11547982039012572,0.7638978723121596,0.6484180519220338,0.04648598166850814,0.1534761559798086,0.10699017431130045,0.04697307613104099,0.1525882518000038,0.10561517566896281,0.11529110551450084
imbalanced,43,0.13717396591933384,0.11547982039012572,0.7638978723121596,0.6484180519220338,0.08851301306689636,0.17500815266216668,0.08649513959527032,0.09045168999747309,0.17638939428565628,0.08593770428818319,0.11529110551450084
imbalanced,48,0.09973195606694552,0.11547982039012572,0.7638978723121596,0.6484180519220338,0.04826173241237197,0.1549566066622548,0.10669487424988283,0.03028283272118131,0.14936565707990232,0.119082824358721,0.11529110551450084
imbalanced,49,0.06776173015041531,0.11547982039012572,0.7638978723121596,0.6484180519220338,0.01857300472490454,0.11838255396538595,0.09980954924048141,-0.004333867478572789,0.13037364624978745,0.13470751372836023,0.11529110551450084
imbalanced,50,0.09067274485426169,0.11547982039012572,0.7638978723121596,0.6484180519220338,0.03806496645227676,0.14144889128689883,0.10338392483462207,0.028356286622199377,0.14290461659087408,0.1145483299686747,0.11529110551450084
imbalanced,51,0.11279933469699788,0.11547982039012572,0.7638978723121596,0.6484180519220338,0.05378860148110361,0.17122136310045646,0.11743276161935286,0.043126250761635565,0.14897748122216128,0.10585123046052572,0.11529110551450084
imbalanced,44,0.07455449647741397,0.11547982039012572,0.7638978723121596,0.6484180519220338,0.022646720087910875,0.126718772203996,0.10407205211608511,0.0061640391986602485,0.11207340487814334,0.10590936567948309,0.11529110551450084
imbalanced,45,0.07989313902624573,0.11547982039012572,0.7638978723121596,0.6484180519220338,0.022623167160132882,0.14013042420922764,0.11750725704909476,0.006618938354244545,0.12766801115413065,0.12104907279988611,0.11529110551450084
imbalanced,46,0.06077145370021353,0.11547982039012572,0.7638978723121596,0.6484180519220338,0.01775594478841862,0.10055948353326599,0.08280353874484737,-0.01542768231161204,0.0994397097807632,0.11486739209237525,0.11529110551450084
imbalanced,47,0.05477806788511752,0.11547982039012572,0.7638978723121596,0.6484180519220338,-0.009204333482657798,0.11616585377736444,0.12537018726002225,-0.0064400748214638644,0.11668453017317851,0.12312460499464237,0.11529110551450084
imbalanced,52,0.13351741148453244,0.11547982039012572,0.7638978723121596,0.6484180519220338,0.08073468942072906,0.18021622069493892,0.09948153127420986,0.07493888820771129,0.17598077792604122,0.10104188971832993,0.11529110551450084
imbalanced,53,0.09240263157894735,0.11547982039012572,0.7638978723121596,0.6484180519220338,0.04308451921847431,0.13968368092649713,0.09659916170802282,0.031784363640573784,0.13506456072783288,0.10328019708725909,0.11529110551450084
imbalanced,54,0.08367114781504736,0.11547982039012572,0.7638978723121596,0.6484180519220338,0.011636077364666469,0.14784896266309794,0.13621288529843148,0.0023432340783753735,0.14135049629155594,0.13900726221318058,0.11529110551450084
imbalanced,55,0.09437874366456778,0.11547982039012572,0.7638978723121596,0.6484180519220338,0.05815995126954966,0.13896064415055984,0.08080069288101017,0.039532695101006966,0.15097924266486765,0.11144654756386069,0.11529110551450084
imbalanced,56,0.07513172283527192,0.11547982039012572,0.7638978723121596,0.6484180519220338,0.015680497686424794,0.11448320652834584,0.09880270884192105,0.02911002976993493,0.13952683398398943,0.1104168042140545,0.11529110551450084
imbalanced,57,0.0766178385416667,0.11547982039012572,0.7638978723121596,0.6484180519220338,0.02340501399111184,0.14305504800707333,0.1196500340159615,0.006377871269235541,0.1364598626390868,0.13008199136985127,0.11529110551450084
imbalanced,58,0.10654300589577792,0.11547982039012572,0.7638978723121596,0.6484180519220338,0.044402490889122764,0.1617392607263664,0.11733676983724364,0.032037127129541355,0.16656271396516945,0.1345255868356281,0.11529110551450084
imbalanced,59,0.10720049411249022,0.11547982039012572,0.7638978723121596,0.6484180519220338,0.06979921319895961,0.1539434461313244,0.0841442329323648,0.05052299512664944,0.156643464567686,0.10612046944103655,0.11529110551450084
imbalanced,60,0.0651485567883634,0.11547982039012572,0.7638978723121596,0.6484180519220338,0.033709464708913735,0.11788705350774066,0.08417758879882692,0.008281987034710002,0.11741671822466632,0.10913473118995631,0.11529110551450084
imbalanced,61,0.0857788427871149,0.11547982039012572,0.7638978723121596,0.6484180519220338,0.042580161532692104,0.13997490820289335,0.09739474667020125,0.03440453379648887,0.13135081767210177,0.09694628387561291,0.11529110551450084
imbalanced,62,0.12926478092877458,0.11547982039012572,0.7638978723121596,0.6484180519220338,0.06360718903042942,0.2032467299517391,0.13963954092130967,0.05305617233050743,0.18417317857357163,0.1311170062430642,0.11529110551450084
imbalanced,63,0.07752728277386378,0.11547982039012572,0.7638978723121596,0.6484180519220338,0.03746863730638161,0.1196086703582171,0.08214003305183548,0.02623007174178538,0.12786901734747078,0.1016389456056854,0.11529110551450084
imbalanced,64,0.10259884483977066,0.11547982039012572,0.7638978723121596,0.6484180519220338,0.05911291696030063,0.1546945282037535,0.09558161124345288,0.03693648797583509,0.16229520398684408,0.12535871601100898,0.11529110551450084
imbalanced,65,0.09233275159976717,0.11547982039012572,0.7638978723121596,0.6484180519220338,0.04407830208514386,0.13766047857645078,0.09358217649130693,0.028913661443593704,0.13390607195888105,0.10499241051528735,0.11529110551450084
imbalanced,66,0.06689778645833344,0.11547982039012572,0.7638978723121596,0.6484180519220338,0.013154658810702345,0.12159958999408715,0.1084449311833848,0.00179188097188098,0.14629948360008746,0.14450760262820647,0.11529110551450084
imbalanced,67,0.13575916230366492,0.11547982039012572,0.7638978723121596,0.6484180519220338,0.08337631643592365,0.19359251779215197,0.11021620135622832,0.07844356955380574,0.20936378743821812,0.13092021788441238,0.11529110551450084
imbalanced,68,0.14534716220109478,0.11547982039012572,0.7638978723121596,0.6484180519220338,0.10292112502745195,0.1947017338182639,0.09178060879081194,0.08768328070395702,0.17691588665054805,0.08923260594659103,0.11529110551450084
imbalanced,69,0.10926647326978856,0.11547982039012572,0.7638978723121596,0.6484180519220338,0.04776142795835391,0.1450919434894311,0.09733051553107719,0.05566976242807507,0.1721999873648781,0.11653022493680303,0.11529110551450084
imbalanced,70,0.09803219136326224,0.11547982039012572,0.7638978723121596,0.6484180519220338,0.022943571056344116,0.14779269110561294,0.12484912004926882,0.030207468784797506,0.15718706827754456,0.12697959949274706,0.11529110551450084
imbalanced,71,0.11772513900282566,0.11547982039012572,0.7638978723121596,0.6484180519220338,0.07798546255676958,0.1570625992410336,0.07907713668426403,0.05484877816948614,0.15306776728921967,0.09821898911973354,0.11529110551450084
imbalanced,76,0.12394592957454609,0.11547982039012572,0.7638978723121596,0.6484180519220338,0.08346905074661276,0.1622761659914146,0.07880711524480183,0.07407968518788777,0.16389239384489654,0.08981270865700877,0.11529110551450084
imbalanced,77,0.06659729448491158,0.11547982039012572,0.7638978723121596,0.6484180519220338,0.0055028365458454475,0.12971456440297083,0.12421172785712538,-0.0010034034895936071,0.13224127084032733,0.13324467432992093,0.11529110551450084
imbalanced,78,0.10008311688311677,0.11547982039012572,0.7638978723121596,0.6484180519220338,0.04440029112336817,0.14904887668753505,0.10464858556416688,0.0369568325085731,0.1541444807537378,0.1171876482451647,0.11529110551450084
imbalanced,79,0.10999731027475046,0.11547982039012572,0.7638978723121596,0.6484180519220338,0.058530324760642675,0.15938802374641214,0.10085769898576946,0.0334928443164597,0.1610136050704018,0.1275207607539421,0.11529110551450084
imbalanced,72,0.1607652017603669,0.11547982039012572,0.7638978723121596,0.6484180519220338,0.10918874967984844,0.22091117021703596,0.11172242053718752,0.10064152863814112,0.20580242531875906,0.10516089668061794,0.11529110551450084
imbalanced,73,0.15600632369722311,0.11547982039012572,0.7638978723121596,0.6484180519220338,0.1078202188245372,0.21226422903246794,0.10444401020793075,0.08938252827783587,0.2169702066630409,0.12758767838520502,0.11529110551450084
imbalanced,74,0.08519663274280687,0.11547982039012572,0.7638978723121596,0.6484180519220338,0.04465416658236625,0.13801447369210781,0.09336030710974157,0.0025060646172765716,0.13783370431096714,0.13532763969369058,0.11529110551450084
imbalanced,75,0.09850150997899154,0.11547982039012572,0.7638978723121596,0.6484180519220338,0.05742436828254929,0.15066221937595808,0.09323785109340879,0.033397795466677836,0.1501148052656581,0.11671700979898025,0.11529110551450084
imbalanced,80,0.12525259128946364,0.11547982039012572,0.7638978723121596,0.6484180519220338,0.06849573157363341,0.1647232166179794,0.09622748504434599,0.05574688918759261,0.16918438312462425,0.11343749393703165,0.11529110551450084
imbalanced,81,0.07615243281420336,0.11547982039012572,0.7638978723121596,0.6484180519220338,0.02113268481051516,0.1242911118129964,0.10315842700248123,0.027330307541527796,0.12858084799969705,0.10125054045816925,0.11529110551450084
imbalanced,82,0.06494791666666677,0.11547982039012572,0.7638978723121596,0.6484180519220338,0.009284994995096418,0.13728901514153458,0.12800402014643816,-0.004888309801551641,0.11714134378810945,0.12202965358966109,0.11529110551450084
imbalanced,83,0.07687609075043633,0.11547982039012572,0.7638978723121596,0.6484180519220338,0.03455647060419044,0.13177308461902668,0.09721661401483624,0.01833692910969338,0.12165348399408976,0.10331655488439638,0.11529110551450084
imbalanced,84,0.1362923055670674,0.11547982039012572,0.7638978723121596,0.6484180519220338,0.06829946968974422,0.19816306152697752,0.12986359183723328,0.05796269526704918,0.1870570150315501,0.12909431976450092,0.11529110551450084
imbalanced,85,0.12065095755232846,0.11547982039012572,0.7638978723121596,0.6484180519220338,0.06743419852203975,0.17478388821592153,0.10734968969388178,0.03666612774646498,0.16918858244687748,0.13252245470041252,0.11529110551450084
imbalanced,86,0.05453634893131998,0.11547982039012572,0.7638978723121596,0.6484180519220338,0.0043320603083765235,0.09493282791861851,0.090600767610242,-0.006188783528870687,0.11638575824656082,0.1225745417754315,0.11529110551450084
imbalanced,87,0.0779335171568627,0.11547982039012572,0.7638978723121596,0.6484180519220338,0.02444656879721379,0.13330533536555716,0.10885876656834337,0.02738608129912327,0.12231308677422281,0.09492700547509954,0.11529110551450084
imbalanced,92,0.17769859174186486,0.11547982039012572,0.7638978723121596,0.6484180519220338,0.1168708889542168,0.22591850547944103,0.10904761652522424,0.11953683223228612,0.22208985442519316,0.10255302219290705,0.11529110551450084
imbalanced,93,0.10014078222121658,0.11547982039012572,0.7638978723121596,0.6484180519220338,0.03377350434729416,0.16395369371754798,0.13018018937025383,0.04491961934654841,0.15856382436218436,0.11364420501563595,0.11529110551450084
imbalanced,94,0.07385586497428609,0.11547982039012572,0.7638978723121596,0.6484180519220338,0.029302628600235085,0.12469678013276302,0.09539415153252793,0.009426903967570741,0.14070615408960116,0.13127925012203043,0.11529110551450084
imbalanced,95,0.12074043376156918,0.11547982039012572,0.7638978723121596,0.6484180519220338,0.07747782842934113,0.17286651580231008,0.09538868737296895,0.05532670111784238,0.16613650523621978,0.1108098041183774,0.11529110551450084
imbalanced,88,0.08498782516592884,0.11547982039012572,0.7638978723121596,0.6484180519220338,0.031177107154458445,0.14838394900417645,0.11720684184971801,0.019010017330320213,0.12838180871993615,0.10937179138961595,0.11529110551450084
imbalanced,89,0.1094179081554294,0.11547982039012572,0.7638978723121596,0.6484180519220338,0.06508826898651422,0.15686755855869708,0.09177928957218286,0.053809997591558995,0.14768154591582575,0.09387154832426675,0.11529110551450084
imbalanced,90,0.14280386067470463,0.11547982039012572,0.7638978723121596,0.6484180519220338,0.08201733549696599,0.2086741456992619,0.1266568102022959,0.07251944884733412,0.1937382467466248,0.12121879789929067,0.11529110551450084
imbalanced,91,0.06603488743049846,0.11547982039012572,0.7638978723121596,0.6484180519220338,0.020559107432939032,0.11716052247861167,0.09660141504567263,0.0012178821348851955,0.12403004805605958,0.12281216592117439,0.11529110551450084
imbalanced,96,0.089220061182678,0.11547982039012572,0.7638978723121596,0.6484180519220338,0.04288907870798328,0.1393755194019776,0.09648644069399431,0.029136436688783407,0.14838430425922985,0.11924786757044645,0.11529110551450084
imbalanced,97,0.11599045210099346,0.11547982039012572,0.7638978723121596,0.6484180519220338,0.07672616485741159,0.1657218369933381,0.0889956721359265,0.04961759723669613,0.1808095227098826,0.13119192547318648,0.11529110551450084
imbalanced,98,0.09525573410003596,0.11547982039012572,0.7638978723121596,0.6484180519220338,0.03369040585189471,0.14222841301130285,0.10853800715940815,0.05433819988203113,0.16297455137662598,0.10863635149459484,0.11529110551450084
imbalanced,99,0.0841145969727124,0.11547982039012572,0.7638978723121596,0.6484180519220338,0.04650777642829989,0.1289009034946671,0.0823931270663672,0.013354012676504174,0.12335442292706637,0.1100004102505622,0.11529110551450084
imbalanced,100,0.09512272128267063,0.11547982039012572,0.7638978723121596,0.6484180519220338,0.054300488105004055,0.1317417472443831,0.07744125913937903,0.04415309460167017,0.13735735578279543,0.09320426118112526,0.11529110551450084
imbalanced,101,0.07365335975202447,0.11547982039012572,0.7638978723121596,0.6484180519220338,0.03392943742202748,0.11714696391589365,0.08321752649386616,0.007994633604737286,0.1093841642678628,0.1013895306631255,0.11529110551450084
imbalanced,102,0.09860198563998668,0.11547982039012572,0.7638978723121596,0.6484180519220338,0.051903851449946595,0.14244693371220163,0.09054308226225503,0.013460381699168784,0.134853193435829,0.12139281173666021,0.11529110551450084
imbalanced,103,0.11227326889977496,0.11547982039012572,0.7638978723121596,0.6484180519220338,0.06508276565665645,0.170713701033425,0.10563093537676856,0.05868747563999538,0.1529260140563482,0.09423853841635282,0.11529110551450084
imbalanced,104,0.06734920904274366,0.11547982039012572,0.7638978723121596,0.6484180519220338,0.0033555252329651435,0.11828405842052918,0.11492853318756403,-0.0035103350534790106,0.12971994313096671,0.13323027818444572,0.11529110551450084
imbalanced,105,0.13866734543809045,0.11547982039012572,0.7638978723121596,0.6484180519220338,0.08632212407494068,0.19037572481909884,0.10405360074415816,0.07280082657920904,0.18471289497604035,0.11191206839683131,0.11529110551450084
imbalanced,106,0.14438642297650128,0.11547982039012572,0.7638978723121596,0.6484180519220338,0.09944847571124205,0.19301903908562362,0.09357056337438158,0.07307438598466048,0.21563209742920525,0.14255771144454477,0.11529110551450084
imbalanced,107,0.0602500544636263,0.11547982039012572,0.7638978723121596,0.6484180519220338,0.005253526465738351,0.12642780190677957,0.12117427544104123,-0.0053431963814549645,0.11327075723345792,0.11861395361491288,0.11529110551450084
imbalanced,108,0.1504592373226894,0.11547982039012572,0.7638978723121596,0.6484180519220338,0.07810331365898839,0.211217364889218,0.13311405123022962,0.08552013445787093,0.1971999982376592,0.11167986377978828,0.11529110551450084
imbalanced,109,0.16334137313707764,0.11547982039012572,0.7638978723121596,0.6484180519220338,0.11760518510985082,0.20904084341298576,0.09143565830313494,0.08786061577817121,0.2173214434111416,0.1294608276329704,0.11529110551450084
imbalanced,110,0.10624180527872351,0.11547982039012572,0.7638978723121596,0.6484180519220338,0.05942163342253114,0.1476956306635707,0.08827399724103956,0.06044584769681006,0.16147393981319955,0.1010280921163895,0.11529110551450084
imbalanced,111,0.062046734081991906,0.11547982039012572,0.7638978723121596,0.6484180519220338,-0.0008174686795278992,0.10848772251308895,0.10930519119261685,-0.031277053235069574,0.13171860159519272,0.1629956548302623,0.11529110551450084
imbalanced,112,0.13940081442699237,0.11547982039012572,0.7638978723121596,0.6484180519220338,0.08574257159946898,0.1912265511439806,0.10548397954451162,0.0770779817857596,0.18759802355626795,0.11052004177050835,0.11529110551450084
imbalanced,113,0.10125209593934537,0.11547982039012572,0.7638978723121596,0.6484180519220338,0.05359342765312377,0.1508255991283356,0.09723217147521182,0.04857868574114152,0.15985978090063888,0.11128109515949736,0.11529110551450084
imbalanced,114,0.09954137311783384,0.11547982039012572,0.7638978723121596,0.6484180519220338,0.03921748545486859,0.1415054450278835,0.10228795957301492,0.021626251697316714,0.13334596640201993,0.11171971470470321,0.11529110551450084
imbalanced,115,0.05042028532517684,0.11547982039012572,0.7638978723121596,0.6484180519220338,-0.016459458559289607,0.09914371499008755,0.11560317354937716,-0.02238309640583606,0.10731948911865419,0.12970258552449024,0.11529110551450084
imbalanced,120,0.09937172774869107,0.11547982039012572,0.7638978723121596,0.6484180519220338,0.04374431183827034,0.14613301591678185,0.1023887040785115,0.04134624449350719,0.1484490590835348,0.10710281459002763,0.11529110551450084
imbalanced,121,0.15342721720900554,0.11547982039012572,0.7638978723121596,0.6484180519220338,0.10230137158591542,0.18454900042832217,0.08224762884240676,0.09675762105488768,0.19546905294740252,0.09871143189251484,0.11529110551450084
imbalanced,122,0.11377008843666792,0.11547982039012572,0.7638978723121596,0.6484180519220338,0.0762119326191993,0.1504590371813728,0.0742471045621735,0.05364274261307608,0.1543666726542259,0.10072393004114982,0.11529110551450084
imbalanced,123,0.10843659462845512,0.11547982039012572,0.7638978723121596,0.6484180519220338,0.05336171052631575,0.1570494227539346,0.10368771222761886,0.0416442119744131,0.16014087178027714,0.11849665980586405,0.11529110551450084
imbalanced,124,0.11586937231334904,0.11547982039012572,0.7638978723121596,0.6484180519220338,0.06748757144252295,0.17185183593749997,0.10436426449497703,0.06731581970616012,0.1862442967862765,0.11892847708011638,0.11529110551450084
imbalanced,125,0.10691138074028572,0.11547982039012572,0.7638978723121596,0.6484180519220338,0.05724749716336036,0.14503434852844835,0.08778685136508799,0.029662310291032484,0.15421893162791306,0.12455662133688057,0.11529110551450084
imbalanced,126,0.1563302348801825,0.11547982039012572,0.7638978723121596,0.6484180519220338,0.11258840460194011,0.208106793086012,0.09551838848407188,0.10350396366563762,0.23317347110693262,0.12966950744129502,0.11529110551450084
imbalanced,127,0.06606672643514844,0.11547982039012572,0.7638978723121596,0.6484180519220338,0.03327647548993591,0.09723659897807178,0.06396012348813587,0.002664506151558974,0.09343771265806157,0.0907732065065026,0.11529110551450084
imbalanced,116,0.1746978307852396,0.11547982039012572,0.7638978723121596,0.6484180519220338,0.13130912368837802,0.21402129298444095,0.08271216929606293,0.10343530541924265,0.2218028694983644,0.11836756407912175,0.11529110551450084
imbalanced,117,0.1007441489116695,0.11547982039012572,0.7638978723121596,0.6484180519220338,0.05533354608469864,0.15092114854326955,0.0955876024585709,0.03383844452073813,0.1399222431394195,0.10608379861868138,0.11529110551450084
imbalanced,118,0.10169722038540363,0.11547982039012572,0.7638978723121596,0.6484180519220338,0.062308253467017606,0.15008534169946414,0.08777708823244654,0.04627148153028917,0.15243449118580565,0.10616300965551648,0.11529110551450084
imbalanced,119,0.09397588189700223,0.11547982039012572,0.7638978723121596,0.6484180519220338,0.047988823819830884,0.1397651527677329,0.09177632894790203,0.017377175793316116,0.15898051436497085,0.14160333857165475,0.11529110551450084
imbalanced,128,0.11489110996407703,0.11547982039012572,0.7638978723121596,0.6484180519220338,0.0668119482387975,0.16181066292462856,0.09499871468583106,0.07176491616678113,0.19221343357677675,0.12044851740999563,0.11529110551450084
imbalanced,129,0.14771701345693145,0.11547982039012572,0.7638978723121596,0.6484180519220338,0.08051678572572375,0.22079023794919567,0.14027345222347193,0.09241994039883593,0.2284317153398987,0.13601177494106276,0.11529110551450084
imbalanced,130,0.11481675392670143,0.11547982039012572,0.7638978723121596,0.6484180519220338,0.05472117935236806,0.16716013447632022,0.11243895512395216,0.046997179841736014,0.15899679378136325,0.11199961393962723,0.11529110551450084
imbalanced,131,0.17393093797588177,0.11547982039012572,0.7638978723121596,0.6484180519220338,0.12074036392219374,0.23502721749116806,0.11428685356897432,0.11987041071796943,0.22639855827913472,0.10652814756116528,0.11529110551450084
imbalanced,132,0.0901950545231146,0.11547982039012572,0.7638978723121596,0.6484180519220338,0.03604277642767051,0.14614224072931914,0.11009946430164863,0.018606212774476535,0.1325671163607589,0.11396090358628237,0.11529110551450084
imbalanced,133,0.12846386366123197,0.11547982039012572,0.7638978723121596,0.6484180519220338,0.07579992871354556,0.1794457698092675,0.10364584109572193,0.06767985292301743,0.16250345197093063,0.09482359904791321,0.11529110551450084
imbalanced,134,0.11020760940504115,0.11547982039012572,0.7638978723121596,0.6484180519220338,0.07424220155394406,0.15556302779056608,0.08132082623662201,0.0492192638285017,0.16424679677788515,0.11502753294938345,0.11529110551450084
imbalanced,135,0.08838580863154655,0.11547982039012572,0.7638978723121596,0.6484180519220338,0.03137682629158662,0.13569350649350648,0.10431668020191986,0.017316803380152825,0.16545253162938764,0.14813572824923482,0.11529110551450084
imbalanced,136,0.11893411563378564,0.11547982039012572,0.7638978723121596,0.6484180519220338,0.04739114247037752,0.17270027645522962,0.1253091339848521,0.025104077906721124,0.18441535708347906,0.15931127917675794,0.11529110551450084
imbalanced,137,0.09694985495234143,0.11547982039012572,0.7638978723121596,0.6484180519220338,0.03443386208004486,0.15470881479631596,0.12027495271627109,0.05076445406436889,0.1584840260789631,0.1077195720145942,0.11529110551450084
imbalanced,138,0.055074172819250755,0.11547982039012572,0.7638978723121596,0.6484180519220338,-0.00824630512627223,0.10862967843012732,0.11687598355639954,-0.012998313343702116,0.12708065305969063,0.14007896640339274,0.11529110551450084
imbalanced,139,0.09039287038608268,0.11547982039012572,0.7638978723121596,0.6484180519220338,0.05245577197440916,0.12306483822223785,0.07060906624782869,0.046909463705835895,0.14309575774663424,0.09618629404079834,0.11529110551450084
imbalanced,140,0.08971354166666667,0.11547982039012572,0.7638978723121596,0.6484180519220338,0.029711854262434598,0.14243794061994688,0.11272608635751229,0.0270409873323346,0.15592487390640608,0.1288838865740715,0.11529110551450084
imbalanced,141,0.09404210526315804,0.11547982039012572,0.7638978723121596,0.6484180519220338,0.0428880696548098,0.1508418699915256,0.10795380033671581,0.027561141036778983,0.14776344995668,0.12020230891990102,0.11529110551450084
imbalanced,142,0.07039817176014129,0.11547982039012572,0.7638978723121596,0.6484180519220338,0.0038506991048148738,0.126137292376217,0.12228659327140211,0.011036488801587047,0.13468283692209912,0.12364634812051208,0.11529110551450084
imbalanced,143,0.10891131196233772,0.11547982039012572,0.7638978723121596,0.6484180519220338,0.057508549394912005,0.15550668094892725,0.09799813155401524,0.046785307815220716,0.14702104243242448,0.10023573461720375,0.11529110551450084
imbalanced,144,0.13498254799301923,0.11547982039012572,0.7638978723121596,0.6484180519220338,0.08788244169419064,0.17608668420569598,0.08820424251150534,0.08195277437211085,0.1893401358528461,0.10738736148073524,0.11529110551450084
imbalanced,145,0.10622839535138351,0.11547982039012572,0.7638978723121596,0.6484180519220338,0.05490408043039903,0.16451013165205572,0.10960605122165669,0.05138077836720353,0.14926827859934716,0.09788750023214363,0.11529110551450084
imbalanced,146,0.15212533282616947,0.11547982039012572,0.7638978723121596,0.6484180519220338,0.09627542629941398,0.21619650517394887,0.11992107887453489,0.09185742076233643,0.20272798118079075,0.11087056041845432,0.11529110551450084
imbalanced,147,0.13844180626593472,0.11547982039012572,0.7638978723121596,0.6484180519220338,0.09203739616422885,0.17711378787878782,0.08507639171455897,0.06295243712818535,0.17850286504665885,0.1155504279184735,0.11529110551450084
imbalanced,152,0.11145576975663107,0.11547982039012572,0.7638978723121596,0.6484180519220338,0.062486942582880484,0.16216740791952158,0.0996804653366411,0.053897193591601215,0.16215302333941234,0.10825582974781112,0.11529110551450084
imbalanced,153,0.08112043552681636,0.11547982039012572,0.7638978723121596,0.6484180519220338,0.030456848322744357,0.13329628261948653,0.10283943429674218,0.017983131344238436,0.128972493345184,0.11098936200094559,0.11529110551450084
imbalanced,154,0.14559361924686198,0.11547982039012572,0.7638978723121596,0.6484180519220338,0.10339371907444472,0.19884820261592326,0.09545448354147854,0.09299188905929678,0.19406171466719951,0.10106982560790273,0.11529110551450084
imbalanced,155,0.08030215240670402,0.11547982039012572,0.7638978723121596,0.6484180519220338,0.03283691759882647,0.1274754788660876,0.09463856126726113,0.026821746912885587,0.11931844031692146,0.09249669340403588,0.11529110551450084
imbalanced,148,0.12610883092810787,0.11547982039012572,0.7638978723121596,0.6484180519220338,0.06702608359884837,0.18490998585371318,0.11788390225486481,0.0340251924372928,0.2054341634114582,0.1714089709741654,0.11529110551450084
imbalanced,149,0.13959605528020702,0.11547982039012572,0.7638978723121596,0.6484180519220338,0.08359400459013612,0.20105761513207598,0.11746361054193986,0.07560850597236646,0.19106776718670265,0.1154592612143362,0.11529110551450084
imbalanced,150,0.18528773479009208,0.11547982039012572,0.7638978723121596,0.6484180519220338,0.13528028735424455,0.22946284043118476,0.0941825530769402,0.11401851934053399,0.24601477581236803,0.13199625647183405,0.11529110551450084
imbalanced,151,0.11419720767888308,0.11547982039012572,0.7638978723121596,0.6484180519220338,0.06963562777462674,0.14990747092199172,0.08027184314736498,0.05275015853140221,0.16568245586920521,0.112932297337803,0.11529110551450084
imbalanced,156,0.093022253326842,0.11547982039012572,0.7638978723121596,0.6484180519220338,0.04326999470200408,0.1381603799777882,0.09489038527578414,0.04913357709160526,0.134417830307521,0.08528425321591573,0.11529110551450084
imbalanced,157,0.16718792726278364,0.11547982039012572,0.7638978723121596,0.6484180519220338,0.11995101728739893,0.21075553658708135,0.09080451929968242,0.09400410153302356,0.2174416648735737,0.12343756334055013,0.11529110551450084
imbalanced,158,0.0865966548867555,0.11547982039012572,0.7638978723121596,0.6484180519220338,0.02525439447512871,0.1305485258636613,0.1052941313885326,0.025293639057507224,0.1366038190058093,0.11131017994830208,0.11529110551450084
imbalanced,159,0.15133904727994107,0.11547982039012572,0.7638978723121596,0.6484180519220338,0.10943781972568291,0.20354619068358004,0.09410837095789713,0.0688148347772906,0.2144659544378132,0.14565111966052258,0.11529110551450084
imbalanced,160,0.08754882812499998,0.11547982039012572,0.7638978723121596,0.6484180519220338,0.04857444100692784,0.14196535900363771,0.09339091799670987,0.0009998541434192657,0.1358244271489681,0.13482457300554884,0.11529110551450084
imbalanced,161,0.05640670642648482,0.11547982039012572,0.7638978723121596,0.6484180519220338,0.013336194134557841,0.11845111021190305,0.1051149160773452,0.0033556639512522,0.12371158277565608,0.12035591882440388,0.11529110551450084
imbalanced,162,0.16556504154131224,0.11547982039012572,0.7638978723121596,0.6484180519220338,0.11703606299889736,0.21554237248130037,0.098506309482403,0.09476803556533728,0.25422380286099816,0.15945576729566088,0.11529110551450084
imbalanced,163,0.10363410060056732,0.11547982039012572,0.7638978723121596,0.6484180519220338,0.044117666759643466,0.17373222813874403,0.12961456137910057,0.048578540642336646,0.16506046562005172,0.11648192497771508,0.11529110551450084
imbalanced,168,0.12802502050861364,0.11547982039012572,0.7638978723121596,0.6484180519220338,0.08210781003087149,0.17340888958731934,0.09130107955644785,0.05710204490777863,0.17708399212387185,0.11998194721609323,0.11529110551450084
imbalanced,169,0.11929843746203006,0.11547982039012572,0.7638978723121596,0.6484180519220338,0.06598266753195406,0.19029282594932295,0.1243101584173689,0.0430297279812633,0.1910031898298051,0.14797346184854182,0.11529110551450084
imbalanced,170,0.12215468348635516,0.11547982039012572,0.7638978723121596,0.6484180519220338,0.0727127806403742,0.16330086598284252,0.09058808534246832,0.05790303030303023,0.16526341248840204,0.1073603821853718,0.11529110551450084
imbalanced,171,0.08581219740590951,0.11547982039012572,0.7638978723121596,0.6484180519220338,0.02967265143984489,0.1419941825540426,0.1123215311141977,0.022430028365565513,0.13095792103026738,0.10852789266470186,0.11529110551450084
imbalanced,164,0.15433976360094992,0.11547982039012572,0.7638978723121596,0.6484180519220338,0.07813782135877304,0.22530702344439882,0.14716920208562578,0.08108325703098238,0.20939223028584864,0.12830897325486626,0.11529110551450084
imbalanced,165,0.1287575028553377,0.11547982039012572,0.7638978723121596,0.6484180519220338,0.08173193487532814,0.17688518774323975,0.09515325286791161,0.07136414738316908,0.18992393039693323,0.11855978301376414,0.11529110551450084
imbalanced,166,0.15252874943301575,0.11547982039012572,0.7638978723121596,0.6484180519220338,0.08905170786356488,0.21398189077994523,0.12493018291638035,0.09617794911407283,0.20734464877190084,0.11116669965782801,0.11529110551450084
imbalanced,167,0.12824158554907628,0.11547982039012572,0.7638978723121596,0.6484180519220338,0.08254654454391759,0.1913022670327722,0.10875572248885461,0.04643774157255285,0.1808955981076905,0.13445785653513764,0.11529110551450084
imbalanced,172,0.11385895766023302,0.11547982039012572,0.7638978723121596,0.6484180519220338,0.05786842595429944,0.16775467892794543,0.10988625297364599,0.055765763020212925,0.16551797087757822,0.1097522078573653,0.11529110551450084
imbalanced,173,0.10490692262943568,0.11547982039012572,0.7638978723121596,0.6484180519220338,0.05192421352328003,0.15999000293504648,0.10806578941176645,0.037973777205157155,0.15641050857806674,0.11843673137290958,0.11529110551450084
imbalanced,174,0.07596584057617672,0.11547982039012572,0.7638978723121596,0.6484180519220338,0.02580118351016005,0.1366716185025451,0.11087043499238505,0.005664215058981614,0.15434751455831347,0.14868329949933184,0.11529110551450084
imbalanced,175,0.10760755628475072,0.11547982039012572,0.7638978723121596,0.6484180519220338,0.05302647124016615,0.16224690991457483,0.10922043867440867,0.0453534153556515,0.1494879765624603,0.10413456120680879,0.11529110551450084
imbalanced,176,0.13290245895550112,0.11547982039012572,0.7638978723121596,0.6484180519220338,0.0785127549529711,0.18516720900589498,0.10665445405292388,0.042747465660610134,0.18584655223185717,0.14309908657124704,0.11529110551450084
imbalanced,177,0.08288958459443108,0.11547982039012572,0.7638978723121596,0.6484180519220338,0.03698340455432865,0.1292181029424093,0.09223469838808064,0.031782491045313076,0.1268600389725056,0.09507754792719253,0.11529110551450084
imbalanced,178,0.12492222410769838,0.11547982039012572,0.7638978723121596,0.6484180519220338,0.07380574745268334,0.17043636374238036,0.09663061628969702,0.06139256649778577,0.1737804871943153,0.11238792069652953,0.11529110551450084
imbalanced,179,0.08141349922523011,0.11547982039012572,0.7638978723121596,0.6484180519220338,0.033427794635360684,0.13548105923676523,0.10205326460140454,0.01807658158267071,0.12472458337318935,0.10664800179051864,0.11529110551450084
imbalanced,180,0.1432620106437269,0.11547982039012572,0.7638978723121596,0.6484180519220338,0.09350323945455354,0.20024292443231864,0.1067396849777651,0.06295111075554055,0.1804069542909198,0.11745584353537925,0.11529110551450084
imbalanced,181,0.11577532022208059,0.11547982039012572,0.7638978723121596,0.6484180519220338,0.045256299839036604,0.167994411452995,0.12273811161395841,0.05082796231352994,0.17569146740682315,0.1248635050932932,0.11529110551450084
imbalanced,182,0.10176010748086306,0.11547982039012572,0.7638978723121596,0.6484180519220338,0.04306011216693149,0.17279029072497884,0.12973017855804736,0.05412918759983748,0.14433538200670665,0.09020619440686917,0.11529110551450084
imbalanced,183,0.12168157894736831,0.11547982039012572,0.7638978723121596,0.6484180519220338,0.07335203377174124,0.17298313183505235,0.09963109806331111,0.08233603817576444,0.17757426994141498,0.09523823176565054,0.11529110551450084
imbalanced,184,0.09958770920929405,0.11547982039012572,0.7638978723121596,0.6484180519220338,0.0526162289806262,0.14674376109471768,0.09412753211409147,0.02743819117184813,0.15494519000726834,0.12750699883542022,0.11529110551450084
imbalanced,185,0.14453273583111448,0.11547982039012572,0.7638978723121596,0.6484180519220338,0.08799607418632756,0.20759353705559874,0.11959746286927118,0.08211182740148139,0.20646167754779704,0.12434985014631565,0.11529110551450084
imbalanced,186,0.12322066620562477,0.11547982039012572,0.7638978723121596,0.6484180519220338,0.06751137768278528,0.17385584951226998,0.1063444718294847,0.07207654324391934,0.1673520304522674,0.09527548720834807,0.11529110551450084
imbalanced,187,0.113705878413074,0.11547982039012572,0.7638978723121596,0.6484180519220338,0.053386172319128386,0.15940870850760772,0.10602253618847933,0.061589052579914025,0.16031354356954716,0.09872449098963314,0.11529110551450084
imbalanced,188,0.13864798189170635,0.11547982039012572,0.7638978723121596,0.6484180519220338,0.08839598240798899,0.1865615975177108,0.0981656151097218,0.0673758654322627,0.18640714437949069,0.11903127894722798,0.11529110551450084
imbalanced,189,0.11271842105263175,0.11547982039012572,0.7638978723121596,0.6484180519220338,0.07228258679592607,0.16411331778579083,0.09183073098986476,0.06022823384136537,0.1491452443294482,0.08891701048808283,0.11529110551450084
imbalanced,190,0.08418896846337498,0.11547982039012572,0.7638978723121596,0.6484180519220338,0.043421976266673074,0.14187307643205171,0.09845110016537864,0.026533774930579575,0.13658959423313222,0.11005581930255265,0.11529110551450084
imbalanced,191,0.10657441039840176,0.11547982039012572,0.7638978723121596,0.6484180519220338,0.05251378832537745,0.15707199194490645,0.104558203619529,0.05408024082350704,0.15978541355087333,0.10570517272736629,0.11529110551450084
imbalanced,196,0.09486607142857162,0.11547982039012572,0.7638978723121596,0.6484180519220338,0.051060297420380124,0.13466664920397872,0.0836063517835986,0.03577266898796386,0.146168039627851,0.11039537063988714,0.11529110551450084
imbalanced,197,0.14219542038105215,0.11547982039012572,0.7638978723121596,0.6484180519220338,0.08054862074112852,0.19450161756532489,0.11395299682419636,0.09197755817332068,0.19983700854778744,0.10785945037446676,0.11529110551450084
imbalanced,198,0.13543920884235017,0.11547982039012572,0.7638978723121596,0.6484180519220338,0.09370044262887417,0.17691739651073524,0.08321695388186107,0.08304365522330466,0.1813033462742221,0.09825969105091743,0.11529110551450084
imbalanced,199,0.07340256591042382,0.11547982039012572,0.7638978723121596,0.6484180519220338,0.015883835931614732,0.11271314153511848,0.09682930560350375,0.009881661822831924,0.1445109551243411,0.13462929330150916,0.11529110551450084
noisy,0,0.08935043211597427,0.11864771682575648,0.8259397977344171,0.7072920809086606,0.07115758815458142,0.10803569705870676,0.03687810890412534,0.0745326156148327,0.10569638326431834,0.03116376764948564,0.11345147094217889
noisy,1,0.07510475715921772,0.11864771682575648,0.8259397977344171,0.7072920809086606,0.05446188859562902,0.09179033217717256,0.03732844358154354,0.0527344830684606,0.08991229325689551,0.03717781018843491,0.11345147094217889
noisy,2,0.06826007228003161,0.11864771682575648,0.8259397977344171,0.7072920809086606,0.05115774363119216,0.08854933784366198,0.03739159421246982,0.04875230992575276,0.08572887357667058,0.036976563650917824,0.11345147094217889
noisy,3,0.06477148293242696,0.11864771682575648,0.8259397977344171,0.7072920809086606,0.04687913664023573,0.08346947705966623,0.0365903404194305,0.03850904085767371,0.08278006040005194,0.04427101954237823,0.11345147094217889
imbalanced,192,0.062495813891183416,0.11547982039012572,0.7638978723121596,0.6484180519220338,0.03162236445608402,0.09454673827410238,0.06292437381801837,0.012339939365170319,0.09735848975894175,0.08501855039377143,0.11529110551450084
imbalanced,193,0.10533238480789797,0.11547982039012572,0.7638978723121596,0.6484180519220338,0.05413834588649885,0.1625796288087098,0.10844128292221095,0.02149269823190305,0.13720038063125845,0.11570768239935539,0.11529110551450084
imbalanced,194,0.12969681409211675,0.11547982039012572,0.7638978723121596,0.6484180519220338,0.08494106685949293,0.18400903841667982,0.09906797155718688,0.058244019764881805,0.18395251398137724,0.12570849421649544,0.11529110551450084
imbalanced,195,0.09983590810854082,0.11547982039012572,0.7638978723121596,0.6484180519220338,0.047485012606876625,0.16241726105638088,0.11493224844950425,0.030390544922702947,0.15811972165191443,0.12772917672921147,0.11529110551450084
noisy,4,0.08372472869243675,0.11864771682575648,0.8259397977344171,0.7072920809086606,0.06926270471648728,0.10110133837290783,0.03183863365642055,0.06871982121774761,0.09844278460525051,0.029722963387502896,0.11345147094217889
noisy,5,0.07986415886185816,0.11864771682575648,0.8259397977344171,0.7072920809086606,0.0638570380652833,0.09790550394639085,0.03404846588110755,0.060846278950323976,0.09483228572596913,0.03398600677564516,0.11345147094217889
noisy,6,0.058128761904762016,0.11864771682575648,0.8259397977344171,0.7072920809086606,0.04166678866811746,0.07841887407821657,0.03675208541009911,0.038135637703445066,0.08026822114969166,0.042132583446246596,0.11345147094217889
noisy,7,0.0783252693056723,0.11864771682575648,0.8259397977344171,0.7072920809086606,0.058844032870433216,0.09997014507493482,0.0411261122045016,0.05657278863892786,0.09697876011930055,0.04040597148037269,0.11345147094217889
noisy,8,0.07509568877456829,0.11864771682575648,0.8259397977344171,0.7072920809086606,0.05701739908750523,0.09236628152711733,0.0353488824396121,0.05906805024604826,0.09586788777563443,0.03679983752958617,0.11345147094217889
noisy,9,0.07720243225374557,0.11864771682575648,0.8259397977344171,0.7072920809086606,0.05848998129488618,0.09376571488615805,0.03527573359127187,0.056532566162084234,0.10040910593532755,0.043876539773243316,0.11345147094217889
noisy,10,0.07649263234491521,0.11864771682575648,0.8259397977344171,0.7072920809086606,0.05713522155079612,0.09482831894715801,0.037693097396361896,0.0552216325331619,0.09047129017097266,0.03524965763781076,0.11345147094217889
noisy,11,0.06543140034129236,0.11864771682575648,0.8259397977344171,0.7072920809086606,0.04619545569315929,0.07759847633163253,0.031403020638473236,0.0456416954465904,0.08281686654457435,0.03717517109798395,0.11345147094217889
noisy,12,0.0679764093137255,0.11864771682575648,0.8259397977344171,0.7072920809086606,0.05333521672428824,0.08547813345255091,0.03214291672826267,0.047059923653053684,0.08179544935532636,0.034735525702272674,0.11345147094217889
noisy,13,0.08194516667899832,0.11864771682575648,0.8259397977344171,0.7072920809086606,0.0678958111247487,0.10012556427239702,0.032229753147648324,0.05962778786807103,0.09682878794867347,0.03720100008060244,0.11345147094217889
noisy,14,0.08480977165588899,0.11864771682575648,0.8259397977344171,0.7072920809086606,0.06724138299128207,0.10210602044799098,0.03486463745670891,0.06045372325789967,0.10323152182081068,0.04277779856291101,0.11345147094217889
noisy,15,0.0756813713926241,0.11864771682575648,0.8259397977344171,0.7072920809086606,0.056404954480323455,0.0925035238022877,0.036098569321964244,0.05907618386087664,0.09333713593782152,0.03426095207694488,0.11345147094217889
noisy,16,0.07584991920300987,0.11864771682575648,0.8259397977344171,0.7072920809086606,0.057890046151230355,0.09123614881874574,0.033346102667515386,0.05997635204473738,0.09613575720619719,0.03615940516145981,0.11345147094217889
noisy,17,0.07067049996121799,0.11864771682575648,0.8259397977344171,0.7072920809086606,0.05589410011209269,0.08899839083337588,0.03310429072128319,0.04970135221299182,0.08769157723043197,0.03799022501744015,0.11345147094217889
noisy,18,0.0830412079620172,0.11864771682575648,0.8259397977344171,0.7072920809086606,0.06675458810430912,0.10225350269207632,0.0354989145877672,0.061046053677166104,0.10039437350869813,0.03934831983153203,0.11345147094217889
noisy,19,0.06431716000935572,0.11864771682575648,0.8259397977344171,0.7072920809086606,0.05041056698307521,0.0823714933662018,0.03196092638312659,0.04773147870670487,0.07973026409199456,0.03199878538528969,0.11345147094217889
noisy,20,0.08656422149564624,0.11864771682575648,0.8259397977344171,0.7072920809086606,0.06922535354482526,0.1016580489081498,0.03243269536332455,0.06540583308326518,0.10654841664928065,0.04114258356601547,0.11345147094217889
noisy,21,0.08359576013620296,0.11864771682575648,0.8259397977344171,0.7072920809086606,0.06187750008408059,0.10576289642360254,0.043885396339521945,0.06713379398953097,0.10114772160353759,0.03401392761400662,0.11345147094217889
noisy,22,0.07994294672457658,0.11864771682575648,0.8259397977344171,0.7072920809086606,0.06995179230955689,0.09486302373686374,0.02491123142730685,0.061365220250136326,0.09396276727616422,0.03259754702602789,0.11345147094217889
noisy,23,0.07082444544154642,0.11864771682575648,0.8259397977344171,0.7072920809086606,0.055820818754770705,0.08763326490303008,0.03181244614825938,0.05142120534908972,0.0905430244570895,0.039121819107999785,0.11345147094217889
noisy,28,0.08759907769182662,0.11864771682575648,0.8259397977344171,0.7072920809086606,0.07001340336747704,0.10239923230654278,0.03238582893906575,0.06807110461395205,0.10725144707629367,0.039180342462341616,0.11345147094217889
noisy,29,0.07137987668558154,0.11864771682575648,0.8259397977344171,0.7072920809086606,0.0565517271907013,0.08849658290829708,0.03194485571759578,0.055551575117182006,0.09296342199324685,0.037411846876064844,0.11345147094217889
noisy,30,0.08468871267953737,0.11864771682575648,0.8259397977344171,0.7072920809086606,0.06558535442602301,0.10144281804250263,0.03585746361647962,0.06444952021141408,0.09965245278591167,0.035202932574497595,0.11345147094217889
noisy,31,0.07004421056770183,0.11864771682575648,0.8259397977344171,0.7072920809086606,0.05545238096791711,0.08484607069496242,0.029393689727045307,0.04944209754213847,0.08657418199151969,0.037132084449381215,0.11345147094217889
noisy,32,0.07405236521113889,0.11864771682575648,0.8259397977344171,0.7072920809086606,0.05635998664430068,0.09159542455067762,0.03523543790637694,0.05146724038665878,0.08738939228288069,0.03592215189622191,0.11345147094217889
noisy,33,0.08102726795798054,0.11864771682575648,0.8259397977344171,0.7072920809086606,0.0656958660666765,0.10100468867104488,0.03530882260436838,0.06542885764793334,0.10302848332864467,0.03759962568071133,0.11345147094217889
noisy,34,0.07749563175826424,0.11864771682575648,0.8259397977344171,0.7072920809086606,0.061466065518488475,0.09213340582403406,0.03066734030554559,0.05740943036279399,0.09461873486841496,0.037209304505620974,0.11345147094217889
noisy,35,0.07083375451620921,0.11864771682575648,0.8259397977344171,0.7072920809086606,0.05569645535369158,0.09101503769678623,0.03531858234309465,0.04867937837756768,0.08596167623657587,0.03728229785900819,0.11345147094217889
noisy,24,0.07890997442455239,0.11864771682575648,0.8259397977344171,0.7072920809086606,0.06319708283368866,0.0949471032741891,0.031750020440500445,0.05400084388661541,0.09283106641393768,0.03883022252732227,0.11345147094217889
noisy,25,0.08517549311775563,0.11864771682575648,0.8259397977344171,0.7072920809086606,0.06524261341807137,0.09999160242746938,0.034748989009398004,0.0651351170670375,0.10196112368066763,0.03682600661363013,0.11345147094217889
noisy,26,0.07773675231086552,0.11864771682575648,0.8259397977344171,0.7072920809086606,0.06169615657135981,0.09546684386122546,0.03377068728986565,0.05898584023103878,0.09716120648490699,0.038175366253868206,0.11345147094217889
noisy,27,0.08750914599056214,0.11864771682575648,0.8259397977344171,0.7072920809086606,0.06761159702380894,0.10546441422278792,0.03785281719897898,0.06664134791464846,0.10432880197938862,0.03768745406474017,0.11345147094217889
noisy,36,0.07441617505652443,0.11864771682575648,0.8259397977344171,0.7072920809086606,0.05802329992558229,0.09253091502546053,0.034507615099878236,0.04735637530785655,0.09444517778766881,0.04708880247981226,0.11345147094217889
noisy,37,0.08016252178469263,0.11864771682575648,0.8259397977344171,0.7072920809086606,0.06379730451389165,0.09415940048751002,0.030362095973618372,0.05805856005229859,0.09890883107918799,0.0408502710268894,0.11345147094217889
noisy,38,0.10124025041050899,0.11864771682575648,0.8259397977344171,0.7072920809086606,0.07969742807448624,0.11705640433238841,0.037358976257902174,0.08437365808023127,0.1218471223753149,0.037473464295083636,0.11345147094217889
noisy,39,0.08668755233447856,0.11864771682575648,0.8259397977344171,0.7072920809086606,0.07010895415252062,0.107649937066639,0.03754098291411838,0.06629143880290218,0.10376313313633548,0.037471694333433295,0.11345147094217889
noisy,40,0.07728384571280067,0.11864771682575648,0.8259397977344171,0.7072920809086606,0.06242286605463978,0.09863861886302104,0.03621575280838126,0.06122401560951783,0.09028879922778922,0.02906478361827139,0.11345147094217889
noisy,41,0.07875854018608153,0.11864771682575648,0.8259397977344171,0.7072920809086606,0.06074001697385447,0.09433846156599933,0.03359844459214486,0.052641011639094445,0.09688061889788299,0.044239607258788546,0.11345147094217889
noisy,42,0.06825319318444656,0.11864771682575648,0.8259397977344171,0.7072920809086606,0.05412994511879407,0.08351649566677329,0.029386550547979215,0.04893301491109793,0.08357173586530536,0.03463872095420743,0.11345147094217889
noisy,43,0.06853591231463552,0.11864771682575648,0.8259397977344171,0.7072920809086606,0.04925128968811529,0.08821952140376182,0.038968231715646534,0.05532738062821006,0.08948119994362802,0.03415381931541796,0.11345147094217889
noisy,44,0.07053772665878688,0.11864771682575648,0.8259397977344171,0.7072920809086606,0.05144310452621147,0.08842954444892447,0.036986439922713,0.05313895334084181,0.08518437237671005,0.03204541903586824,0.11345147094217889
noisy,45,0.0812612199102406,0.11864771682575648,0.8259397977344171,0.7072920809086606,0.06630880093947684,0.09786295768879494,0.031554156749318094,0.060773233807413125,0.09799319394202302,0.037219960134609896,0.11345147094217889
noisy,46,0.08219148549552979,0.11864771682575648,0.8259397977344171,0.7072920809086606,0.06272786331426443,0.10125906557543894,0.03853120226117451,0.06231652464801033,0.0986819434261679,0.03636541877815757,0.11345147094217889
noisy,47,0.08002652552518086,0.11864771682575648,0.8259397977344171,0.7072920809086606,0.06442762509744508,0.09983707511414586,0.035409450016700775,0.061712811356396946,0.09596972600735493,0.03425691465095798,0.11345147094217889
noisy,48,0.07700329695423702,0.11864771682575648,0.8259397977344171,0.7072920809086606,0.05891480350991583,0.09159437472118959,0.03267957121127376,0.060477183026218455,0.09457925177004517,0.034102068743826715,0.11345147094217889
noisy,49,0.10048595273585015,0.11864771682575648,0.8259397977344171,0.7072920809086606,0.08061790196428131,0.1183240023025425,0.03770610033826119,0.08080332209640474,0.11459459106190358,0.03379126896549883,0.11345147094217889
noisy,50,0.0831871708763865,0.11864771682575648,0.8259397977344171,0.7072920809086606,0.06615199744664192,0.09675009919012396,0.030598101743482042,0.06128615352287545,0.10015160653225058,0.038865453009375134,0.11345147094217889
noisy,51,0.0700175445031298,0.11864771682575648,0.8259397977344171,0.7072920809086606,0.05471708693310265,0.08715924574871278,0.032442158815610134,0.05163645992172833,0.08640175140163876,0.034765291479910435,0.11345147094217889
noisy,52,0.10029063351124501,0.11864771682575648,0.8259397977344171,0.7072920809086606,0.08407363212561884,0.11703705633742127,0.03296342421180243,0.08058258066005419,0.11292196176530943,0.032339381105255235,0.11345147094217889
noisy,53,0.07598613260669129,0.11864771682575648,0.8259397977344171,0.7072920809086606,0.0533547351948115,0.09540300876150917,0.04204827356669767,0.060690521683829525,0.10180970160551288,0.04111917992168335,0.11345147094217889
noisy,54,0.07583236621534517,0.11864771682575648,0.8259397977344171,0.7072920809086606,0.060076564499739256,0.09061985311754527,0.03054328861780601,0.057069609185627784,0.09468370938329011,0.03761410019766233,0.11345147094217889
noisy,55,0.08492411910751585,0.11864771682575648,0.8259397977344171,0.7072920809086606,0.06894068136230304,0.10481230009136432,0.03587161872906128,0.06645680920647266,0.10349350013807702,0.03703669093160436,0.11345147094217889
noisy,56,0.0651976453202372,0.11864771682575648,0.8259397977344171,0.7072920809086606,0.04914866731811325,0.08270864049536594,0.03355997317725269,0.04406867333077526,0.0804263089106249,0.03635763557984964,0.11345147094217889
noisy,57,0.07894328764084635,0.11864771682575648,0.8259397977344171,0.7072920809086606,0.055813504450501886,0.09479256306582126,0.038979058615319376,0.06028865861089373,0.09003180579786922,0.029743147186975488,0.11345147094217889
noisy,58,0.05804427257434641,0.11864771682575648,0.8259397977344171,0.7072920809086606,0.04155886560328376,0.07680203094333307,0.035243165340049315,0.041619307296024775,0.0787125476124303,0.03709324031640552,0.11345147094217889
noisy,59,0.09558407324196583,0.11864771682575648,0.8259397977344171,0.7072920809086606,0.07762676834712186,0.11334044452364692,0.03571367617652506,0.07880869812981901,0.10961304445108541,0.0308043463212664,0.11345147094217889
noisy,60,0.07559953417488574,0.11864771682575648,0.8259397977344171,0.7072920809086606,0.058588829163701735,0.09034820707039037,0.03175937790668864,0.05813880854947233,0.08899538691106645,0.030856578361594125,0.11345147094217889
noisy,61,0.07853548381813413,0.11864771682575648,0.8259397977344171,0.7072920809086606,0.06516205091880967,0.09122991879894424,0.02606786788013457,0.05932819404775817,0.09323698181418162,0.03390878776642345,0.11345147094217889
noisy,62,0.08561817589334686,0.11864771682575648,0.8259397977344171,0.7072920809086606,0.06373634235380546,0.10886152097381513,0.04512517862000967,0.06398406156174025,0.09736605581213471,0.03338199425039447,0.11345147094217889
noisy,63,0.09248103407537422,0.11864771682575648,0.8259397977344171,0.7072920809086606,0.07618255593132138,0.10691902637102374,0.03073647043970236,0.06745610251068332,0.11441989471353413,0.04696379220285081,0.11345147094217889
noisy,64,0.09784316754196287,0.11864771682575648,0.8259397977344171,0.7072920809086606,0.08012377478469095,0.11600106931176223,0.03587729452707128,0.07782534782507552,0.11071522877143819,0.032889880946362665,0.11345147094217889
noisy,65,0.08169244932549147,0.11864771682575648,0.8259397977344171,0.7072920809086606,0.06650053281385122,0.09974877189272312,0.033248239078871894,0.06069111644956118,0.09867398232441954,0.03798286587485836,0.11345147094217889
noisy,66,0.07418216055684268,0.11864771682575648,0.8259397977344171,0.7072920809086606,0.057605509780953475,0.09413032089106728,0.036524811110113804,0.05301141027490408,0.09229334810434502,0.039281937829440935,0.11345147094217889
noisy,67,0.07961566511383966,0.11864771682575648,0.8259397977344171,0.7072920809086606,0.06267507308661695,0.09538651131737437,0.03271143823075742,0.06060736308783536,0.095104829309319,0.03449746622148364,0.11345147094217889
noisy,68,0.09597786415226983,0.11864771682575648,0.8259397977344171,0.7072920809086606,0.08090767945490082,0.11324619578255261,0.03233851632765179,0.07706531772777266,0.1109288204681894,0.033863502740416745,0.11345147094217889
noisy,69,0.0879025857516531,0.11864771682575648,0.8259397977344171,0.7072920809086606,0.07033188547161176,0.10375083661448645,0.03341895114287469,0.07031700670294513,0.10602178939915315,0.03570478269620801,0.11345147094217889
noisy,70,0.08411884277450754,0.11864771682575648,0.8259397977344171,0.7072920809086606,0.06390489483621309,0.1022426388447825,0.038337744008569416,0.054945566958743156,0.09598020590813387,0.04103463894939072,0.11345147094217889
noisy,71,0.07825107632651895,0.11864771682575648,0.8259397977344171,0.7072920809086606,0.05997706021194944,0.09571193994263484,0.0357348797306854,0.057796480788592154,0.09521771496337662,0.03742123417478447,0.11345147094217889
noisy,72,0.07656407822520772,0.11864771682575648,0.8259397977344171,0.7072920809086606,0.05960707743620265,0.09354435288516154,0.03393727544895889,0.0572295121719742,0.09700296696972047,0.039773454797746265,0.11345147094217889
noisy,73,0.07482610848442373,0.11864771682575648,0.8259397977344171,0.7072920809086606,0.05851095637792483,0.092350810772975,0.03383985439505016,0.057134086332024075,0.08833994041678817,0.03120585408476409,0.11345147094217889
noisy,74,0.05962310061867415,0.11864771682575648,0.8259397977344171,0.7072920809086606,0.04050222329708726,0.07588672552239399,0.03538450222530673,0.037127977026951406,0.08005558510291039,0.04292760807595898,0.11345147094217889
noisy,75,0.074479971166718,0.11864771682575648,0.8259397977344171,0.7072920809086606,0.058881585677749475,0.09024709177583995,0.031365506098090475,0.053255746005556014,0.09024654924529926,0.03699080323974325,0.11345147094217889
noisy,80,0.07304495073891626,0.11864771682575648,0.8259397977344171,0.7072920809086606,0.057866679958562484,0.08814661670092373,0.03027993674236125,0.05433323657472708,0.09140619478747138,0.0370729582127443,0.11345147094217889
noisy,81,0.08624464280558175,0.11864771682575648,0.8259397977344171,0.7072920809086606,0.069517072946196,0.10373210858459163,0.03421503563839563,0.06710921957575526,0.09893396876225151,0.03182474918649625,0.11345147094217889
noisy,82,0.0843820631878931,0.11864771682575648,0.8259397977344171,0.7072920809086606,0.06518849615652093,0.10090638482891168,0.035717888672390743,0.06439066864422828,0.09648559106407303,0.032094922419844754,0.11345147094217889
noisy,83,0.08865547772899907,0.11864771682575648,0.8259397977344171,0.7072920809086606,0.07118195549939924,0.1074403630834113,0.03625840758401207,0.06911161765978031,0.1067083900911389,0.03759677243135859,0.11345147094217889
noisy,76,0.0850854700854703,0.11864771682575648,0.8259397977344171,0.7072920809086606,0.0703595217306177,0.10653845956156353,0.036178937830945834,0.07124583859953147,0.09945940035803479,0.028213561758503314,0.11345147094217889
noisy,77,0.07071503517446764,0.11864771682575648,0.8259397977344171,0.7072920809086606,0.054064310096989684,0.0877454740468266,0.03368116394983692,0.05449140012307793,0.09115943623511602,0.03666803611203809,0.11345147094217889
noisy,78,0.08705905457810126,0.11864771682575648,0.8259397977344171,0.7072920809086606,0.06421313504547278,0.10116927597185423,0.03695614092638144,0.06619455961843546,0.10150468272472647,0.035310123106291016,0.11345147094217889
noisy,79,0.08663405037405203,0.11864771682575648,0.8259397977344171,0.7072920809086606,0.06818027836247868,0.1045935233866222,0.03641324502414352,0.06862981311030605,0.10423833622639693,0.035608523116090876,0.11345147094217889
noisy,84,0.07634352030947777,0.11864771682575648,0.8259397977344171,0.7072920809086606,0.05880933810228384,0.09584448794285155,0.037035149840567716,0.05794538247014097,0.09264191794102025,0.03469653547087928,0.11345147094217889
noisy,85,0.09180951401917192,0.11864771682575648,0.8259397977344171,0.7072920809086606,0.07374230580597195,0.10818978388840043,0.034447478082428484,0.07294757528793724,0.10369414654910833,0.030746571261171085,0.11345147094217889
noisy,86,0.07001762990896421,0.11864771682575648,0.8259397977344171,0.7072920809086606,0.0525866763157068,0.08705471859874506,0.03446804228303826,0.04838977514454013,0.08493371436417387,0.03654393921963373,0.11345147094217889
noisy,87,0.08529502335655947,0.11864771682575648,0.8259397977344171,0.7072920809086606,0.06744072580558377,0.10540885423502695,0.03796812842944318,0.06292152238478184,0.10267968248288638,0.03975816009810454,0.11345147094217889
noisy,88,0.07413864765174982,0.11864771682575648,0.8259397977344171,0.7072920809086606,0.05490035245187482,0.08843158944950756,0.03353123699763274,0.05412538646412461,0.08626328320351019,0.03213789673938558,0.11345147094217889
noisy,89,0.09983676923380069,0.11864771682575648,0.8259397977344171,0.7072920809086606,0.0762933923381828,0.12242726435723048,0.04613387201904767,0.07771776946270084,0.11907488098606607,0.04135711152336523,0.11345147094217889
noisy,90,0.06629081792669167,0.11864771682575648,0.8259397977344171,0.7072920809086606,0.044780524961274215,0.08665274817428167,0.04187222321300746,0.04508473217373016,0.08531905777651465,0.04023432560278449,0.11345147094217889
noisy,91,0.07761745748233295,0.11864771682575648,0.8259397977344171,0.7072920809086606,0.06361905637939169,0.09338515726537201,0.02976610088598032,0.05778523938796582,0.09665390883373917,0.03886866944577335,0.11345147094217889
noisy,92,0.06778346977487171,0.11864771682575648,0.8259397977344171,0.7072920809086606,0.05117856501610374,0.08338735430706654,0.0322087892909628,0.048282821350763665,0.08192329268072111,0.03364047132995745,0.11345147094217889
noisy,93,0.07913170833769234,0.11864771682575648,0.8259397977344171,0.7072920809086606,0.0639642049375166,0.09825849604464791,0.03429429110713131,0.057793548198766614,0.09346753326179036,0.035673985063023744,0.11345147094217889
noisy,94,0.08379141689596425,0.11864771682575648,0.8259397977344171,0.7072920809086606,0.06720013557606513,0.10243566330365066,0.03523552772758552,0.0656192512195561,0.10312677221730228,0.03750752099774618,0.11345147094217889
noisy,95,0.07427210639827464,0.11864771682575648,0.8259397977344171,0.7072920809086606,0.05904967695432554,0.09134886906462568,0.03229919211030014,0.051512388733963785,0.08771089043791364,0.03619850170394985,0.11345147094217889
noisy,96,0.07766896373820753,0.11864771682575648,0.8259397977344171,0.7072920809086606,0.059793643253491055,0.09532684373360169,0.03553320048011063,0.05585303126281811,0.09137912774948409,0.03552609648666598,0.11345147094217889
noisy,97,0.07418591200720936,0.11864771682575648,0.8259397977344171,0.7072920809086606,0.05770890864982916,0.09341277387719302,0.03570386522736386,0.05048484042536573,0.09196456572934274,0.041479725303977005,0.11345147094217889
noisy,98,0.09069566982075783,0.11864771682575648,0.8259397977344171,0.7072920809086606,0.07471545244923129,0.10522404237376509,0.0305085899245338,0.07076760230034437,0.10845559249317203,0.03768799019282766,0.11345147094217889
noisy,99,0.07724312214505114,0.11864771682575648,0.8259397977344171,0.7072920809086606,0.05760777274633512,0.09484665441487553,0.037238881668540405,0.0589828445784924,0.10330779637296905,0.04432495179447665,0.11345147094217889
noisy,108,0.06657570226641352,0.11864771682575648,0.8259397977344171,0.7072920809086606,0.04830022669203975,0.08092508759595408,0.03262486090391434,0.04513024106971848,0.08350406274033291,0.03837382167061443,0.11345147094217889
noisy,109,0.08484269212992279,0.11864771682575648,0.8259397977344171,0.7072920809086606,0.06932324530017081,0.10081543800274635,0.03149219270257554,0.06525054138465587,0.09735952757353608,0.03210898618888021,0.11345147094217889
noisy,110,0.09043816892327528,0.11864771682575648,0.8259397977344171,0.7072920809086606,0.07511967237049906,0.11075565626139718,0.035635983890898115,0.07045842548872679,0.1080204429465185,0.03756201745779171,0.11345147094217889
noisy,111,0.07399758423068037,0.11864771682575648,0.8259397977344171,0.7072920809086606,0.056425227188235866,0.09000594832822512,0.03358072113998925,0.051130262980396336,0.09240063056633468,0.04127036758593835,0.11345147094217889
noisy,100,0.10226625966325986,0.11864771682575648,0.8259397977344171,0.7072920809086606,0.08259510105824353,0.1184167271897326,0.03582162613148908,0.07650657404209661,0.11744172150840203,0.040935147466305416,0.11345147094217889
noisy,101,0.07747075123152702,0.11864771682575648,0.8259397977344171,0.7072920809086606,0.05943928791170509,0.09273706935414897,0.03329778144244388,0.06039880141016489,0.09085256867838488,0.030453767268219994,0.11345147094217889
noisy,102,0.08246458248932298,0.11864771682575648,0.8259397977344171,0.7072920809086606,0.0645190232276849,0.09830627698782947,0.033787253760144575,0.06325250538677207,0.09921788147422865,0.03596537608745658,0.11345147094217889
noisy,103,0.08489668360917657,0.11864771682575648,0.8259397977344171,0.7072920809086606,0.0663639065079893,0.10112416407160896,0.034760257563619654,0.06752462902554884,0.1044255095279153,0.03690088050236645,0.11345147094217889
noisy,104,0.068273167023988,0.11864771682575648,0.8259397977344171,0.7072920809086606,0.048403811845821564,0.08572434083245097,0.0373205289866294,0.0484708759836134,0.08775844176929828,0.03928756578568488,0.11345147094217889
noisy,105,0.0777816041736269,0.11864771682575648,0.8259397977344171,0.7072920809086606,0.0620647188507494,0.09487626537924183,0.032811546528492434,0.060077782748778875,0.0933664728106464,0.03328869006186753,0.11345147094217889
noisy,106,0.07782185681012488,0.11864771682575648,0.8259397977344171,0.7072920809086606,0.05964207182797225,0.09550554038016051,0.03586346855218826,0.05842825668703874,0.09606861439154311,0.03764035770450437,0.11345147094217889
noisy,107,0.0756655963609606,0.11864771682575648,0.8259397977344171,0.7072920809086606,0.052594878130949665,0.09731497502715035,0.044720096896200684,0.05502085828791743,0.09345139446005868,0.03843053617214125,0.11345147094217889
noisy,112,0.07521722274869858,0.11864771682575648,0.8259397977344171,0.7072920809086606,0.055038342527571144,0.09208865222971702,0.03705030970214587,0.05519061489581901,0.09489557320066114,0.03970495830484213,0.11345147094217889
noisy,113,0.06839878738195115,0.11864771682575648,0.8259397977344171,0.7072920809086606,0.05122785882554315,0.086024278965601,0.03479642014005785,0.050028192349452535,0.08237194258867463,0.03234375023922209,0.11345147094217889
noisy,114,0.07075557439047053,0.11864771682575648,0.8259397977344171,0.7072920809086606,0.053474938294999566,0.08862471949412262,0.035149781199123056,0.05236307955358133,0.0837297570208736,0.03136667746729226,0.11345147094217889
noisy,115,0.06743099444473821,0.11864771682575648,0.8259397977344171,0.7072920809086606,0.05428563810976548,0.08323015376044168,0.028944515650676204,0.048443019232225916,0.08687896772911748,0.03843594849689156,0.11345147094217889
noisy,120,0.07768559378612949,0.11864771682575648,0.8259397977344171,0.7072920809086606,0.06154164931231653,0.09717114240678912,0.03562949309447259,0.05887334508340722,0.09799868408339163,0.03912533899998441,0.11345147094217889
noisy,121,0.07872152809282662,0.11864771682575648,0.8259397977344171,0.7072920809086606,0.06662782326869733,0.09517246444402261,0.028544641175325278,0.05907416445907469,0.09473414036134403,0.03565997590226934,0.11345147094217889
noisy,122,0.08094992319133143,0.11864771682575648,0.8259397977344171,0.7072920809086606,0.05704864506536429,0.09964129400047689,0.042592648935112595,0.05975723071561915,0.09727191498072403,0.03751468426510488,0.11345147094217889
noisy,123,0.06726372761410326,0.11864771682575648,0.8259397977344171,0.7072920809086606,0.05094224553216872,0.08441112407870449,0.03346887854653577,0.04672444502447834,0.07968868951305161,0.03296424448857327,0.11345147094217889
noisy,116,0.08458945271338258,0.11864771682575648,0.8259397977344171,0.7072920809086606,0.06497586226939983,0.1044260378402833,0.03945017557088347,0.06851311921621714,0.10093267967710541,0.03241956046088827,0.11345147094217889
noisy,117,0.07107522188272963,0.11864771682575648,0.8259397977344171,0.7072920809086606,0.054108078509836684,0.08862556926904717,0.03451749075921049,0.0543820644407261,0.08596750153408406,0.031585437093357954,0.11345147094217889
noisy,118,0.06413288166131004,0.11864771682575648,0.8259397977344171,0.7072920809086606,0.04828863323121689,0.08278829319835107,0.03449965996713418,0.04181436091041835,0.0809467807650647,0.039132419854646355,0.11345147094217889
noisy,119,0.09708994517392977,0.11864771682575648,0.8259397977344171,0.7072920809086606,0.08051890047377688,0.11466119247073324,0.034142291996956356,0.07096114976921235,0.11150890430625571,0.04054775453704336,0.11345147094217889
noisy,124,0.06904974827768928,0.11864771682575648,0.8259397977344171,0.7072920809086606,0.05111651799913218,0.09023188979347407,0.039115371794341894,0.048532910236276317,0.0884610561800113,0.03992814594373498,0.11345147094217889
noisy,125,0.07366974382904601,0.11864771682575648,0.8259397977344171,0.7072920809086606,0.05700584934241107,0.09351848986563702,0.03651264052322595,0.050575403814905696,0.09081501321913234,0.04023960940422664,0.11345147094217889
noisy,126,0.06708354043518083,0.11864771682575648,0.8259397977344171,0.7072920809086606,0.0526461487141109,0.08509935772736091,0.03245320901325001,0.048030371193255365,0.08220808224235675,0.03417771104910138,0.11345147094217889
noisy,127,0.07998123201788843,0.11864771682575648,0.8259397977344171,0.7072920809086606,0.0663011040406023,0.1005831144892949,0.0342820104486926,0.06422086808122746,0.09670130651731695,0.0324804384360895,0.11345147094217889
noisy,128,0.07133216400457798,0.11864771682575648,0.8259397977344171,0.7072920809086606,0.05523594197706036,0.0828751360027576,0.027639194025697242,0.05365934034733546,0.08975732840037692,0.036097988053041465,0.11345147094217889
noisy,129,0.07310789729320355,0.11864771682575648,0.8259397977344171,0.7072920809086606,0.06004969151534838,0.08938696913268356,0.029337277617335178,0.053044009512278695,0.0868421864486397,0.033798176936361,0.11345147094217889
noisy,130,0.08108345417127072,0.11864771682575648,0.8259397977344171,0.7072920809086606,0.06676301341171818,0.10189703064596652,0.03513401723424833,0.06426628756604162,0.09290222112224188,0.028635933556200255,0.11345147094217889
noisy,131,0.06622168768836945,0.11864771682575648,0.8259397977344171,0.7072920809086606,0.04873338129844561,0.08215755877176109,0.03342417747331548,0.04232101369389078,0.07949968829015966,0.037178674596268876,0.11345147094217889
noisy,132,0.09153150995856518,0.11864771682575648,0.8259397977344171,0.7072920809086606,0.0735443469486552,0.1091520324114476,0.03560768546279239,0.07197159569803568,0.11063917032314614,0.03866757462511046,0.11345147094217889
noisy,133,0.08684179977830986,0.11864771682575648,0.8259397977344171,0.7072920809086606,0.06873397135744483,0.10453853804544627,0.035804566688001443,0.07073047575363772,0.1063841458830951,0.035653670129457374,0.11345147094217889
noisy,134,0.08417401115042822,0.11864771682575648,0.8259397977344171,0.7072920809086606,0.06372623203580509,0.10325144216188305,0.03952521012607796,0.06317664777877244,0.1009005716956485,0.03772392391687607,0.11345147094217889
noisy,135,0.06863401909972622,0.11864771682575648,0.8259397977344171,0.7072920809086606,0.05278965130913738,0.08660471823926716,0.03381506693012978,0.048509420453502865,0.08390193775671266,0.035392517303209796,0.11345147094217889
noisy,136,0.07067317667476503,0.11864771682575648,0.8259397977344171,0.7072920809086606,0.05342621069349693,0.08530485073633705,0.03187864004284012,0.050339026913049964,0.08719993331847999,0.03686090640543002,0.11345147094217889
noisy,137,0.07363310491239095,0.11864771682575648,0.8259397977344171,0.7072920809086606,0.05656796029147714,0.09143024961714886,0.03486228932567172,0.05491595737971869,0.08808874482419606,0.03317278744447737,0.11345147094217889
noisy,138,0.08032843646436172,0.11864771682575648,0.8259397977344171,0.7072920809086606,0.06386924940841167,0.10164764336312758,0.03777839395471591,0.06288236909233806,0.09881481582848048,0.03593244673614242,0.11345147094217889
noisy,139,0.09713652805944772,0.11864771682575648,0.8259397977344171,0.7072920809086606,0.07460690836264822,0.11509084506812553,0.040483936705477314,0.07797280276071623,0.11716326866369763,0.03919046590298139,0.11345147094217889
noisy,140,0.06707888017621488,0.11864771682575648,0.8259397977344171,0.7072920809086606,0.04783169092820793,0.08619755451357673,0.0383658635853688,0.04616443094348417,0.07683609984647434,0.030671668902990168,0.11345147094217889
noisy,141,0.06453975679837587,0.11864771682575648,0.8259397977344171,0.7072920809086606,0.04872441807724747,0.08413808698688095,0.03541366890963348,0.04649907265976489,0.0842790569864599,0.037779984326695014,0.11345147094217889
noisy,142,0.07656317578004312,0.11864771682575648,0.8259397977344171,0.7072920809086606,0.057305277096752746,0.09754306430158724,0.040237787204834494,0.05615971625335913,0.09184469978259946,0.03568498352924033,0.11345147094217889
noisy,143,0.0671510673234812,0.11864771682575648,0.8259397977344171,0.7072920809086606,0.05188737160733506,0.0843265369310006,0.032439165323665545,0.04500997552489801,0.07828831662614309,0.033278341101245085,0.11345147094217889
noisy,144,0.08485373767588555,0.11864771682575648,0.8259397977344171,0.7072920809086606,0.06886361777642748,0.10517394092694775,0.03631032315052027,0.0656067346849679,0.11095868389960302,0.04535194921463512,0.11345147094217889
noisy,145,0.06495906928721562,0.11864771682575648,0.8259397977344171,0.7072920809086606,0.044857320561411576,0.08402871366212604,0.03917139310071446,0.04735478914789241,0.0861656755192127,0.03881088637132029,0.11345147094217889
noisy,146,0.06619236971813891,0.11864771682575648,0.8259397977344171,0.7072920809086606,0.05125837061121493,0.08427173663472082,0.03301336602350589,0.04795944304933474,0.08371553616204745,0.03575609311271271,0.11345147094217889
noisy,147,0.07289544757210298,0.11864771682575648,0.8259397977344171,0.7072920809086606,0.0595368261711664,0.08823511653632606,0.028698290365159654,0.05107232578826711,0.08667616267556881,0.0356038368873017,0.11345147094217889
noisy,148,0.06904290470401975,0.11864771682575648,0.8259397977344171,0.7072920809086606,0.05444522411504647,0.08372443433450291,0.02927921021945644,0.05164434844433814,0.08297705163907186,0.03133270319473372,0.11345147094217889
noisy,149,0.08946770833333328,0.11864771682575648,0.8259397977344171,0.7072920809086606,0.06766357613175264,0.11019735853331789,0.042533782401565245,0.07010566141387502,0.10609842917480787,0.03599276776093285,0.11345147094217889
noisy,150,0.09278287255356166,0.11864771682575648,0.8259397977344171,0.7072920809086606,0.07289393735653804,0.1119658715222116,0.03907193416567356,0.06720175237179675,0.11071303449350925,0.0435112821217125,0.11345147094217889
noisy,151,0.06706831179516526,0.11864771682575648,0.8259397977344171,0.7072920809086606,0.04622033281637932,0.08199230361718655,0.03577197080080723,0.051815938349175666,0.08680448790988562,0.03498854956070996,0.11345147094217889
noisy,152,0.058311519923140764,0.11864771682575648,0.8259397977344171,0.7072920809086606,0.04212768776054614,0.07555002984306403,0.03342234208251789,0.03767420788370644,0.07812027734016354,0.040446069456457096,0.11345147094217889
noisy,153,0.06375653428481498,0.11864771682575648,0.8259397977344171,0.7072920809086606,0.047187464812469423,0.07909002050214972,0.0319025556896803,0.04755494379844973,0.07911002242690349,0.031555078628453755,0.11345147094217889
noisy,154,0.09295416090705733,0.11864771682575648,0.8259397977344171,0.7072920809086606,0.07461362652625064,0.11385806358938427,0.03924443706313363,0.07491676206388431,0.10804612637683585,0.033129364312951534,0.11345147094217889
noisy,155,0.08406315339777137,0.11864771682575648,0.8259397977344171,0.7072920809086606,0.06371587578072996,0.10062899758833234,0.03691312180760238,0.06469518607156073,0.09925406888141029,0.03455888280984956,0.11345147094217889
noisy,156,0.08606201429135951,0.11864771682575648,0.8259397977344171,0.7072920809086606,0.07061436930477132,0.105557420984089,0.03494305167931769,0.0654428424080612,0.09699283473343008,0.031549992325368884,0.11345147094217889
noisy,157,0.07978685700373211,0.11864771682575648,0.8259397977344171,0.7072920809086606,0.061085617695079385,0.0942151885275153,0.033129570832435916,0.05565915689565173,0.0957204086886811,0.04006125179302938,0.11345147094217889
noisy,158,0.07729468599033806,0.11864771682575648,0.8259397977344171,0.7072920809086606,0.058191238305578305,0.09322675276692372,0.03503551446134541,0.06121672318984704,0.09119109249692851,0.029974369307081472,0.11345147094217889
noisy,159,0.09038258374164831,0.11864771682575648,0.8259397977344171,0.7072920809086606,0.07024564217372854,0.10776319839360002,0.037517556219871476,0.07247586462857228,0.10717711862475654,0.03470125399618426,0.11345147094217889
noisy,160,0.0756964955077628,0.11864771682575648,0.8259397977344171,0.7072920809086606,0.0583320262308277,0.09065345884092017,0.032321432610092474,0.05408555838010132,0.09053211465175955,0.03644655627165823,0.11345147094217889
noisy,161,0.07300761454299731,0.11864771682575648,0.8259397977344171,0.7072920809086606,0.05553293129680382,0.08859300040405796,0.03306006910725414,0.048285237902082355,0.09225884464236775,0.043973606740285394,0.11345147094217889
noisy,162,0.09174404760070298,0.11864771682575648,0.8259397977344171,0.7072920809086606,0.0738288605220032,0.11075473042921753,0.03692586990721433,0.07118871499607002,0.11147106764183609,0.04028235264576607,0.11345147094217889
noisy,163,0.07129540568508308,0.11864771682575648,0.8259397977344171,0.7072920809086606,0.05436579741502615,0.09247891844402416,0.038113121028998005,0.052345373778415506,0.08535966100193754,0.03301428722352203,0.11345147094217889
noisy,164,0.07573480777180641,0.11864771682575648,0.8259397977344171,0.7072920809086606,0.05903838030971625,0.09359200279987517,0.034553622490158926,0.054476536927966814,0.09419057165387647,0.039714034725909654,0.11345147094217889
noisy,165,0.0820659788297784,0.11864771682575648,0.8259397977344171,0.7072920809086606,0.06888129204095342,0.09883057868945562,0.029949286648502202,0.06229331920559873,0.10260237016764669,0.040309050962047954,0.11345147094217889
noisy,166,0.08438691089627193,0.11864771682575648,0.8259397977344171,0.7072920809086606,0.07159677737917192,0.10550644949189426,0.03390967211272235,0.06704125560429447,0.10044875278965534,0.033407497185360874,0.11345147094217889
noisy,167,0.07611318192325478,0.11864771682575648,0.8259397977344171,0.7072920809086606,0.06088186388433768,0.0913506685779938,0.03046880469365612,0.05450222046255982,0.09709274377070808,0.042590523308148255,0.11345147094217889
noisy,168,0.07557143224281049,0.11864771682575648,0.8259397977344171,0.7072920809086606,0.06181235239114785,0.0929589375896366,0.031146585198488744,0.061493524377997606,0.09158403502370664,0.030090510645709036,0.11345147094217889
noisy,169,0.07843240340140045,0.11864771682575648,0.8259397977344171,0.7072920809086606,0.05964838977217098,0.09539519760564022,0.03574680783346924,0.05513943889129292,0.09931781023529615,0.04417837134400323,0.11345147094217889
noisy,170,0.07513728887323945,0.11864771682575648,0.8259397977344171,0.7072920809086606,0.05316937790423101,0.09212006939445905,0.038950691490228034,0.05501423498907025,0.09453783961475158,0.03952360462568133,0.11345147094217889
noisy,171,0.07986138211215144,0.11864771682575648,0.8259397977344171,0.7072920809086606,0.06195376197037878,0.09790479308473583,0.03595103111435705,0.06576216324217624,0.09757554996020566,0.03181338671802943,0.11345147094217889
noisy,172,0.08627908924267957,0.11864771682575648,0.8259397977344171,0.7072920809086606,0.06592203039124123,0.1066654364044883,0.04074340601324708,0.06621271131096164,0.10372995529317708,0.03751724398221544,0.11345147094217889
noisy,173,0.07528317486564706,0.11864771682575648,0.8259397977344171,0.7072920809086606,0.05669293455935339,0.094574848442309,0.03788191388295561,0.05784970400944872,0.09572954767337653,0.03787984366392781,0.11345147094217889
noisy,174,0.054500418352049884,0.11864771682575648,0.8259397977344171,0.7072920809086606,0.038263026226693045,0.07308754200962421,0.034824515782931165,0.035663494823602135,0.06842403702826415,0.03276054220466201,0.11345147094217889
noisy,175,0.09849958592302277,0.11864771682575648,0.8259397977344171,0.7072920809086606,0.08269877183529536,0.11807996724273803,0.03538119540744267,0.08258189897288597,0.11308340404085301,0.030501505067967047,0.11345147094217889
noisy,176,0.07728488739223638,0.11864771682575648,0.8259397977344171,0.7072920809086606,0.058272084467791585,0.08970363413151455,0.03143154966372297,0.053793121166060026,0.09740869947379072,0.04361557830773069,0.11345147094217889
noisy,177,0.07059373708143857,0.11864771682575648,0.8259397977344171,0.7072920809086606,0.0470711400387638,0.08566201722951998,0.03859087719075618,0.050538542738513575,0.08618204357981339,0.035643500841299816,0.11345147094217889
noisy,178,0.1037601275488661,0.11864771682575648,0.8259397977344171,0.7072920809086606,0.08955342216962002,0.12238477820191297,0.03283135603229295,0.08459985011362275,0.12012323935049196,0.03552338923686921,0.11345147094217889
noisy,179,0.06721712124750612,0.11864771682575648,0.8259397977344171,0.7072920809086606,0.05131581699410725,0.08736088267011535,0.036045065676008105,0.04136167027364518,0.085427397798849,0.044065727525203824,0.11345147094217889
noisy,184,0.08562501097670461,0.11864771682575648,0.8259397977344171,0.7072920809086606,0.06442954805022973,0.10565580367704151,0.041226255626811786,0.06778577941432341,0.10225272981028695,0.034466950395963536,0.11345147094217889
noisy,185,0.0917003732386259,0.11864771682575648,0.8259397977344171,0.7072920809086606,0.07412107712002819,0.10700670229524478,0.03288562517521659,0.06773623127981537,0.10709094234806524,0.039354711068249865,0.11345147094217889
noisy,186,0.06660493827160485,0.11864771682575648,0.8259397977344171,0.7072920809086606,0.04650865244816828,0.08537321785909638,0.0388645654109281,0.04349288642926031,0.08336473759731397,0.03987185116805366,0.11345147094217889
noisy,187,0.08585672006717604,0.11864771682575648,0.8259397977344171,0.7072920809086606,0.0671883514651115,0.10322206166671859,0.03603371020160709,0.06807804518261966,0.09997923435174128,0.031901189169121616,0.11345147094217889
noisy,180,0.08942343405212916,0.11864771682575648,0.8259397977344171,0.7072920809086606,0.07233781310692837,0.1091602303362666,0.036822417229338225,0.07052616295662556,0.10899692948452488,0.038470766527899325,0.11345147094217889
noisy,181,0.06274178728136304,0.11864771682575648,0.8259397977344171,0.7072920809086606,0.043025230890512335,0.08164569072503562,0.03862045983452329,0.040167528464919514,0.08137638867152233,0.04120886020660282,0.11345147094217889
noisy,182,0.06738831804506062,0.11864771682575648,0.8259397977344171,0.7072920809086606,0.05193790283983228,0.08509457493032228,0.03315667209049,0.05159231268617097,0.08171646759220058,0.030124154906029613,0.11345147094217889
noisy,183,0.0835569821759441,0.11864771682575648,0.8259397977344171,0.7072920809086606,0.068761627815541,0.10375853972593871,0.03499691191039771,0.059377056621654704,0.09633736403066788,0.036960307409013175,0.11345147094217889
noisy,188,0.07418291835903479,0.11864771682575648,0.8259397977344171,0.7072920809086606,0.05985652207028771,0.08782351326049112,0.027966991190203412,0.05550938216424439,0.09605183359632091,0.04054245143207652,0.11345147094217889
noisy,189,0.08345937483415589,0.11864771682575648,0.8259397977344171,0.7072920809086606,0.06044165755192425,0.10020293443866858,0.03976127688674433,0.06324143817277106,0.10151964635814528,0.038278208185374224,0.11345147094217889
noisy,190,0.07098074339453664,0.11864771682575648,0.8259397977344171,0.7072920809086606,0.048835879326231214,0.09153699749598161,0.0427011181697504,0.05296682633839558,0.0925260376599594,0.03955921132156382,0.11345147094217889
noisy,191,0.06656111625991135,0.11864771682575648,0.8259397977344171,0.7072920809086606,0.05000347156709481,0.08493251490077797,0.03492904333368316,0.04926290983301514,0.08745969998741261,0.038196790154397475,0.11345147094217889
noisy,192,0.06550218340611347,0.11864771682575648,0.8259397977344171,0.7072920809086606,0.04843003177863345,0.08616590719253064,0.037735875413897196,0.04295137176103818,0.08451342345365502,0.04156205169261684,0.11345147094217889
noisy,193,0.0697381162177394,0.11864771682575648,0.8259397977344171,0.7072920809086606,0.04981877828075674,0.08763272601155205,0.03781394773079531,0.048902318049718146,0.0879199557635288,0.03901763771381066,0.11345147094217889
noisy,194,0.06880995723532146,0.11864771682575648,0.8259397977344171,0.7072920809086606,0.05226824224940368,0.0851703549763873,0.032902112726983616,0.048027753887664844,0.08623036674496005,0.03820261285729521,0.11345147094217889
noisy,195,0.07810559462271749,0.11864771682575648,0.8259397977344171,0.7072920809086606,0.05798789159702926,0.09667263784907115,0.03868474625204189,0.054666771748897336,0.0947191861531805,0.04005241440428317,0.11345147094217889
noisy,196,0.08703480094993099,0.11864771682575648,0.8259397977344171,0.7072920809086606,0.06990246220486687,0.10309929143489212,0.033196829230025246,0.06814567665332844,0.10523651211001082,0.03709083545668239,0.11345147094217889
noisy,197,0.08733236585433213,0.11864771682575648,0.8259397977344171,0.7072920809086606,0.06786744346015784,0.1076842914306105,0.03981684797045265,0.06815247427776001,0.10586075469229138,0.037708280414531364,0.11345147094217889
noisy,198,0.06882727582483317,0.11864771682575648,0.8259397977344171,0.7072920809086606,0.05153753222213629,0.08743901009525011,0.03590147787311382,0.04908768200409319,0.08461780853700507,0.035530126532911877,0.11345147094217889
noisy,199,0.07899622257424044,0.11864771682575648,0.8259397977344171,0.7072920809086606,0.06182750976581293,0.09645533228298164,0.03462782251716871,0.06120261097832301,0.09689029789831476,0.035687686919991746,0.11345147094217889
