log,target,metric,measure,sum_first_order,interaction_total,largest_involvement,largest_involvement_axis,largest_first_order,largest_first_order_axis,var,mean,n_cells,check_sum,rep
BPIC14,handover,ap,envelope,0.7042777566373607,0.2957222433626393,0.2742179877487843,rung,0.3920842520771169,rung,0.00022448328825864448,0.008853830418155451,960,1.0,0
BPIC14,handover,auc,envelope,0.4093308091741669,0.590669190825833,0.5791134337593163,learner,0.2726508244335142,learner,0.0024701009799904775,0.012650144152100565,960,1.0000000000000002,0
BPIC14,handover,brier_skill,envelope,0.8403160422086102,0.15968395779138977,0.1285980148922612,rung,0.4652671441442937,rung,0.011891793853988992,0.12905122427291957,960,0.9999999999999999,0
BPIC14,handover,logloss_skill,envelope,0.9094179900009339,0.09058200999906607,0.07742424161477379,learner,0.6505388019630901,learner,0.010735537503450797,0.1597046249282055,960,1.0,0
BPIC14,handover,nagelkerke,envelope,0.776190511387947,0.22380948861205296,0.19755631784103223,learner,0.3650762832462813,rung,0.019028656136023767,0.12316406594069652,960,1.0,0
BPIC14,handover,ap,envelope,0.8507621985889434,0.14923780141105658,0.1259984212682771,learner,0.6288229736115698,learner,0.00024818020958161104,0.01081473494752208,960,1.0,1
BPIC14,handover,auc,envelope,0.8522108094231104,0.14778919057688955,0.14296291762692037,rung,0.7699016848220758,rung,0.007455154534761899,0.055449546286771456,960,1.0,1
BPIC14,handover,brier_skill,envelope,0.862660491796438,0.137339508203562,0.1316154307250328,learner,0.7710429694810391,learner,0.012615115296546547,0.0876403107061766,960,1.0,1
BPIC14,handover,logloss_skill,envelope,0.8313768573959287,0.1686231426040713,0.14101967220251221,learner,0.4347448819492943,learner,0.011223274868903288,0.125161478129277,960,1.0,1
BPIC14,handover,nagelkerke,envelope,0.6634230080461434,0.3365769919538566,0.2921866987846021,learner,0.3075516436462165,learner,0.02064370008636772,0.09270370445370864,960,0.9999999999999998,1
BPIC14,handover,ap,envelope,0.9169865240185672,0.08301347598143283,0.06837523799096634,learner,0.6695947577076139,learner,0.00028442300683892153,0.024302400118581254,960,0.9999999999999999,2
BPIC14,handover,auc,envelope,0.8389899871240406,0.1610100128759594,0.1393185942447882,learner,0.49535841579374496,learner,0.011885977709537303,0.12638501899459684,960,0.9999999999999999,2
BPIC14,handover,brier_skill,envelope,0.7428424066366248,0.2571575933633752,0.23753690909134995,rung,0.4342328574528266,rung,0.010407132808275309,0.07776579132415258,960,1.0000000000000002,2
BPIC14,handover,logloss_skill,envelope,0.8949984890651276,0.10500151093487242,0.09245341820406927,rung,0.7963039443353401,rung,0.008241939991560077,0.08217042619179192,960,1.0,2
BPIC14,handover,nagelkerke,envelope,0.7219393733589878,0.27806062664101217,0.2734533083205103,learner,0.6653397826299801,learner,0.009950012901264849,0.03521017039392204,960,1.0,2
BPIC14,handover,ap,envelope,0.9140305866619415,0.08596941333805852,0.06867190764654196,rung,0.5697894100225889,rung,0.00012138235681299293,0.01961554390373579,960,1.0000000000000002,3
BPIC14,handover,auc,envelope,0.883361556937386,0.11663844306261395,0.10803302645978219,learner,0.8271000962635654,learner,0.012886339297105169,0.06951249046541394,960,0.9999999999999998,3
BPIC14,handover,brier_skill,envelope,0.5832384151701359,0.41676158482986414,0.3608206478858487,rung,0.36362306142276085,rung,0.006867295992920199,0.041207156239125645,960,1.0000000000000002,3
BPIC14,handover,logloss_skill,envelope,0.8464555174202939,0.1535444825797061,0.11502804337758737,rung,0.4316465314659856,rung,0.013448245332490777,0.143905036302289,960,0.9999999999999997,3
BPIC14,handover,nagelkerke,envelope,0.7990563181273227,0.2009436818726773,0.1565905284887943,rung,0.4228251164000125,rung,0.014158652973593616,0.12289274608196686,960,0.9999999999999997,3
BPIC14,handover,ap,envelope,0.8346773611738019,0.16532263882619813,0.1510114786674469,rung,0.5651412424392742,rung,0.00022585608706956995,0.014981682312391198,960,0.9999999999999998,4
BPIC14,handover,auc,envelope,0.8476325841880932,0.15236741581190683,0.14047481214533852,rung,0.6554177648293713,rung,0.004086545611417984,0.06389765742943015,960,1.0,4
BPIC14,handover,brier_skill,envelope,0.6538365990772279,0.3461634009227721,0.29916747112756026,rung,0.3803883920435389,rung,0.008398961957301285,0.05651629744774003,960,0.9999999999999999,4
BPIC14,handover,logloss_skill,envelope,0.6506824812744256,0.34931751872557437,0.3239262036647886,rung,0.4645883185765191,rung,0.007959115994448302,0.042374267455172206,960,1.0000000000000004,4
BPIC14,handover,nagelkerke,envelope,0.8866572748697528,0.11334272513024723,0.10197614516253373,learner,0.8099632826047028,learner,0.013227840244782716,0.08822413738503135,960,0.9999999999999999,4
BPIC14,handover,ap,envelope,0.790628582772401,0.209371417227599,0.1934250055618102,rung,0.6423718627551518,rung,7.043356479268253e-05,0.005957690638310115,960,0.9999999999999997,5
BPIC14,handover,auc,envelope,0.8522934934777597,0.14770650652224027,0.10063021682171785,rung,0.3188932782692458,rung,0.010105126216658713,0.13216230316644734,960,1.0,5
BPIC14,handover,brier_skill,envelope,0.8868435591473876,0.11315644085261245,0.10362041370368325,rung,0.8096230684293558,rung,0.006046021800313162,0.06269590424229927,960,0.9999999999999999,5
BPIC14,handover,logloss_skill,envelope,0.8210526962337482,0.1789473037662518,0.1698871561625631,rung,0.6865003059969308,rung,0.012404406314491799,0.07990491119434591,960,0.9999999999999999,5
BPIC14,handover,nagelkerke,envelope,0.8758554773734427,0.12414452262655729,0.10955150357041576,learner,0.6746794160891306,learner,0.01874498938713197,0.16354389805676628,960,0.9999999999999999,5
BPIC14,handover,ap,envelope,0.8936549264001503,0.10634507359984968,0.08932996028592743,learner,0.7083287504866435,learner,0.00023237235617105926,0.016479377391619417,960,1.0000000000000002,6
BPIC14,handover,auc,envelope,0.880195053063842,0.11980494693615795,0.10765915223483369,rung,0.630020801384953,rung,0.008954280715856125,0.1123516516252945,960,0.9999999999999999,6
BPIC14,handover,brier_skill,envelope,0.8652873513266088,0.13471264867339117,0.11707654223033548,learner,0.589209352190823,learner,0.01097568515122041,0.1288961863307246,960,0.9999999999999999,6
BPIC14,handover,logloss_skill,envelope,0.8646534407954972,0.13534655920450278,0.09794933939680073,rung,0.6037963158594233,rung,0.010036913828415418,0.15697547256663003,960,1.0000000000000002,6
BPIC14,handover,nagelkerke,envelope,0.8711632821903881,0.12883671780961192,0.08626576876843595,quality_level,0.31659935292225877,rung,0.01886530421932766,0.20277675621111851,960,1.0,6
BPIC14,handover,ap,envelope,0.8624403283790002,0.1375596716209998,0.11350174014257908,rung,0.5709769377964377,rung,0.00014851505954214603,0.01562817500176451,960,1.0000000000000002,7
BPIC14,handover,auc,envelope,0.5476295905251953,0.45237040947480467,0.4115683388581057,learner,0.31750913477896064,learner,0.006649917139603873,0.033371697309374844,960,1.0,7
BPIC14,handover,brier_skill,envelope,0.7905698726625263,0.20943012733747368,0.1669700156535831,rung,0.416798639242228,rung,0.012043428149857986,0.1112926302508603,960,1.0,7
BPIC14,handover,logloss_skill,envelope,0.8551817631353875,0.14481823686461248,0.12094591756834266,quality_level,0.3865234838628734,learner,0.010783471595638318,0.1342274211999192,960,0.9999999999999998,7
BPIC14,handover,nagelkerke,envelope,0.8241173929084185,0.17588260709158154,0.1569186677008334,learner,0.5508421817882794,learner,0.025772097071108193,0.1616363585741408,960,0.9999999999999998,7
BPIC14,handover,ap,envelope,0.7625229006557799,0.23747709934422012,0.18801147607472823,learner,0.5424274728705746,learner,0.0001416422639990562,0.00788434214311546,960,1.0000000000000002,8
BPIC14,handover,auc,envelope,0.8390993167666856,0.1609006832333144,0.12357188991515083,learner,0.39374584227210324,learner,0.010959687397621438,0.1190237287894797,960,1.0,8
BPIC14,handover,brier_skill,envelope,0.8749128290325694,0.1250871709674306,0.08443264749982615,learner,0.29614291504914886,learner,0.010927226787845943,0.15735057939520522,960,1.0,8
BPIC14,handover,logloss_skill,envelope,0.6870608948237642,0.3129391051762358,0.263167595341524,learner,0.3004844963540067,rung,0.011499043207425052,0.07491455403422191,960,1.0,8
BPIC14,handover,nagelkerke,envelope,0.6582331764850671,0.3417668235149329,0.32263707972250866,rung,0.5115994556253675,rung,0.012922068666794875,0.0524281898674058,960,0.9999999999999999,8
BPIC14,handover,ap,envelope,0.8577912728729353,0.14220872712706467,0.12925340998982426,rung,0.702998739923229,rung,0.00012185228934615915,0.011557917034441582,960,0.9999999999999997,9
BPIC14,handover,auc,envelope,0.891557909029491,0.10844209097050905,0.09541976701591903,learner,0.576701924110797,learner,0.008394918197066083,0.12455164941305023,960,1.0,9
BPIC14,handover,brier_skill,envelope,0.7552399150340259,0.24476008496597412,0.22695201229339934,rung,0.6312839559201346,rung,0.007122765517412235,0.04678023677532347,960,1.0000000000000004,9
BPIC14,handover,logloss_skill,envelope,0.6869623773850148,0.31303762261498524,0.28201559122531333,learner,0.43593350799736025,learner,0.010508443509562398,0.06595613910903174,960,1.0,9
BPIC14,handover,nagelkerke,envelope,0.7290062271186089,0.27099377288139115,0.24869500995588834,rung,0.5488962140650717,rung,0.015007877447291132,0.07678775019438636,960,1.0000000000000002,9
BPIC14,handover,ap,envelope,0.8348577918092647,0.16514220819073533,0.14251904195150739,rung,0.4677580482748665,rung,0.00018128964015531017,0.015089789349610071,960,1.0,10
BPIC14,handover,auc,envelope,0.8890223614388377,0.11097763856116227,0.09906181137009296,rung,0.6690898675911182,rung,0.008131966269164296,0.10912472455633024,960,1.0000000000000002,10
BPIC14,handover,brier_skill,envelope,0.7484359018182017,0.25156409818179826,0.2316690394787687,learner,0.5515293412389308,learner,0.011855570882427297,0.08086346837342245,960,1.0000000000000004,10
BPIC14,handover,logloss_skill,envelope,0.8276498027212792,0.1723501972787208,0.13525303495631308,learner,0.41103674468364965,learner,0.010527183956903084,0.11952841913528248,960,1.0,10
BPIC14,handover,nagelkerke,envelope,0.7267732467781853,0.27322675322181467,0.22682838765016033,rung,0.40469667204750204,rung,0.015910602152983375,0.096889616040148,960,1.0,10
BPIC14,handover,ap,envelope,0.7991360950212709,0.20086390497872908,0.1747619270680143,rung,0.5354852058434159,rung,0.00014312577136598692,0.010965083466728563,960,0.9999999999999999,11
BPIC14,handover,auc,envelope,0.8025515748738132,0.19744842512618677,0.1581697141977642,learner,0.40735926137226647,learner,0.009664557374722778,0.09929029432856543,960,1.0,11
BPIC14,handover,brier_skill,envelope,0.7599190751330435,0.24008092486695654,0.1888442988873062,learner,0.33266678757947815,learner,0.012261883870976065,0.10266948700173258,960,1.0000000000000002,11
BPIC14,handover,logloss_skill,envelope,0.6055446266054834,0.39445537339451664,0.35766447069003277,learner,0.3975185829493438,learner,0.010988579336490844,0.05467000407210073,960,1.0,11
BPIC14,handover,nagelkerke,envelope,0.8198324107388664,0.18016758926113363,0.13499447564263334,quality_level,0.36579475012706497,quality_level,0.012406147129649596,0.14455143817605257,960,1.0000000000000002,11
BPIC14,handover,ap,envelope,0.7507849380995462,0.24921506190045384,0.23186211104140686,rung,0.5710017477729497,rung,5.593444274766262e-05,0.005382005071630466,960,1.0,12
BPIC14,handover,auc,envelope,0.9294117325407634,0.07058826745923663,0.04866675765077344,learner,0.36613482696230903,quality_level,0.0037597589394888103,0.18199892130928094,960,1.0,12
BPIC14,handover,brier_skill,envelope,0.8430600159712971,0.1569399840287029,0.13170217809773127,learner,0.492171457669301,learner,0.01031393750772855,0.1228312924341772,960,0.9999999999999999,12
BPIC14,handover,logloss_skill,envelope,0.7966895755288644,0.20331042447113556,0.17137088515015247,quality_level,0.4702744231866816,quality_level,0.015091077728920214,0.12303759258903708,960,1.0,12
BPIC14,handover,nagelkerke,envelope,0.7543036740091159,0.2456963259908841,0.2241387568634139,learner,0.5443283095036087,learner,0.01886100794215105,0.10536099747358804,960,1.0000000000000002,12
BPIC14,handover,ap,envelope,0.8043340997734176,0.19566590022658237,0.1608366911739494,learner,0.5476469431119837,learner,0.00017396585293370385,0.010336588177271714,960,0.9999999999999999,13
BPIC14,handover,auc,envelope,0.8480657058718686,0.15193429412813142,0.13078858156348672,learner,0.42197942899746776,learner,0.007407323993475154,0.10282045251521751,960,1.0000000000000002,13
BPIC14,handover,brier_skill,envelope,0.6523363435535421,0.3476636564464579,0.2711243176839335,rung,0.29769999780376855,rung,0.007776374566922819,0.058260139425288404,960,1.0,13
BPIC14,handover,logloss_skill,envelope,0.6919937628955865,0.30800623710441355,0.28908256724993164,learner,0.4579808827780978,learner,0.012454937660829593,0.07140465664817348,960,0.9999999999999999,13
BPIC14,handover,nagelkerke,envelope,0.8424815136836549,0.15751848631634513,0.14036171398477748,rung,0.6856114569660473,rung,0.012730215316683691,0.09878945057643201,960,1.0,13
BPIC14,handover,ap,envelope,0.8998532062675241,0.10014679373247592,0.06486621959849626,quality_level,0.3485140619653282,rung,0.00011679609580157476,0.02219974955994348,960,1.0,14
BPIC14,handover,auc,envelope,0.8610024232190718,0.13899757678092817,0.12222627058849811,learner,0.5618396205479532,learner,0.010120265044934606,0.1141313586030116,960,1.0000000000000002,14
BPIC14,handover,brier_skill,envelope,0.782500463072555,0.21749953692744495,0.189194918661715,quality_level,0.47023015460041606,quality_level,0.012594980916099256,0.10928201075314793,960,1.0,14
BPIC14,handover,logloss_skill,envelope,0.9383392267643257,0.061660773235674315,0.05357596180134827,quality_level,0.652578033145317,quality_level,0.006299452154080254,0.15430927583009763,960,1.0,14
BPIC14,handover,nagelkerke,envelope,0.8411594674528313,0.15884053254716868,0.12655666153388206,rung,0.4707750254573932,rung,0.017265519801300807,0.16340563697975533,960,0.9999999999999997,14
BPIC14,handover,ap,envelope,0.8425146902373504,0.15748530976264963,0.15154752112399317,rung,0.7879974396028853,rung,0.00012917435732617401,0.007981073153147314,960,1.0000000000000002,15
BPIC14,handover,auc,envelope,0.6483529740865902,0.3516470259134098,0.3371400030583661,learner,0.5515019953296293,learner,0.0074356466793318605,0.029991350157615032,960,1.0000000000000002,15
BPIC14,handover,brier_skill,envelope,0.6749448051563403,0.32505519484365974,0.25726217239440574,quality_level,0.3038227910428518,quality_level,0.0100981981640365,0.07381044784932132,960,1.0000000000000002,15
BPIC14,handover,logloss_skill,envelope,0.7306651917327136,0.2693348082672864,0.23632522344285728,learner,0.3918297839791203,learner,0.012494757053026915,0.0865523609682793,960,0.9999999999999999,15
BPIC14,handover,nagelkerke,envelope,0.7064914143011517,0.2935085856988483,0.2787139978612653,learner,0.5736484839058519,learner,0.013284621087176728,0.060823345311315835,960,0.9999999999999998,15
BPIC14,handover,ap,envelope,0.8143641785655299,0.1856358214344701,0.1509567726710641,learner,0.5314783981195357,learner,0.00021155687393778917,0.013906712495490779,960,1.0000000000000002,16
BPIC14,handover,auc,envelope,0.8450241988030955,0.15497580119690446,0.1459938546883306,learner,0.7439923373054644,learner,0.006300377809363088,0.04553896574138577,960,0.9999999999999997,16
BPIC14,handover,brier_skill,envelope,0.7863546564332782,0.21364534356672182,0.16182229287340677,rung,0.33996681792707173,rung,0.010029709734564244,0.10168802595405498,960,1.0,16
BPIC14,handover,logloss_skill,envelope,0.786853384532296,0.21314661546770397,0.17154730372745408,rung,0.453321368175048,rung,0.01441389487788415,0.11755032348738609,960,1.0,16
BPIC14,handover,nagelkerke,envelope,0.8461811223812834,0.1538188776187166,0.1436599622525755,learner,0.6802490365848561,learner,0.015400376525100323,0.11264466864029068,960,1.0000000000000002,16
BPIC14,handover,ap,envelope,0.8927738435896345,0.10722615641036548,0.09965177839174533,rung,0.8098445737060066,rung,9.171032964773897e-05,0.010673843227493639,960,1.0,17
BPIC14,handover,auc,envelope,0.45483693081517823,0.5451630691848217,0.5244681254147415,learner,0.3185638777827563,learner,0.004266820497683532,0.017346825232078596,960,1.0,17
BPIC14,handover,brier_skill,envelope,0.7288147458997247,0.2711852541002753,0.23992392260180295,learner,0.3860941414658583,learner,0.007939766028566934,0.06805685663462122,960,1.0,17
BPIC14,handover,logloss_skill,envelope,0.9094625113325556,0.09053748866744438,0.080887004346272,quality_level,0.6658508123689115,rung,0.007258054781535712,0.13775184086434944,960,1.0000000000000002,17
BPIC14,handover,nagelkerke,envelope,0.7806619407181946,0.2193380592818054,0.18749483027194447,learner,0.4555232349664299,learner,0.015513318866764759,0.11466074124120079,960,1.0,17
BPIC14,handover,ap,envelope,0.6927357073488243,0.3072642926511757,0.26539045160416047,rung,0.42696746790003354,rung,0.00011599408647821459,0.005723447092105347,960,0.9999999999999999,18
BPIC14,handover,auc,envelope,0.9226793915559752,0.07732060844402477,0.06791842700502959,learner,0.6852801859663894,learner,0.010623167774278026,0.1582260006324547,960,0.9999999999999998,18
BPIC14,handover,brier_skill,envelope,0.8853093222020075,0.11469067779799247,0.08815785759095585,learner,0.5480417386311525,learner,0.00984033865299804,0.15745936563655905,960,1.0000000000000002,18
BPIC14,handover,logloss_skill,envelope,0.8211034058876308,0.17889659411236924,0.13242784648981232,rung,0.4231060614485219,rung,0.008929839276863789,0.10930256437258479,960,0.9999999999999999,18
BPIC14,handover,nagelkerke,envelope,0.7030569515993673,0.2969430484006327,0.25322020142220153,learner,0.31511190409161244,rung,0.011157592145046814,0.07631538241768752,960,1.0000000000000002,18
BPIC14,handover,ap,envelope,0.8217261551918408,0.17827384480815922,0.14669648627559984,learner,0.6336412372844622,learner,0.00012151555867869488,0.0075833657535228065,960,1.0,19
BPIC14,handover,auc,envelope,0.848632456349348,0.15136754365065197,0.12295183792700515,rung,0.5373837703455454,rung,0.004255244538433012,0.07474731854021355,960,1.0,19
BPIC14,handover,brier_skill,envelope,0.8204099573766559,0.1795900426233441,0.16857017029619303,rung,0.5235591299511039,rung,0.009956920186412943,0.09922537129572402,960,0.9999999999999999,19
BPIC14,handover,logloss_skill,envelope,0.7816994427062087,0.21830055729379128,0.18375489453440952,rung,0.4598237558799303,rung,0.013257785879589243,0.1025897083523519,960,0.9999999999999999,19
BPIC14,handover,nagelkerke,envelope,0.7748307488769246,0.2251692511230754,0.18890260854270868,learner,0.42628027272332225,learner,0.015583143115540272,0.11347090028285661,960,0.9999999999999999,19
BPIC14,handover,ap,envelope,0.801537978931384,0.198462021068616,0.17545433229667906,learner,0.5302168196273946,learner,0.00032089260025833146,0.014464281744286517,960,1.0000000000000004,20
BPIC14,handover,auc,envelope,0.8415064020415276,0.1584935979584724,0.14016961488044577,learner,0.5857171990230549,learner,0.011216635013209983,0.10657654835304832,960,1.0,20
BPIC14,handover,brier_skill,envelope,0.8500531268898581,0.14994687311014188,0.12253319025575243,quality_level,0.43661970700933256,quality_level,0.004664691729627016,0.09340906318689586,960,0.9999999999999997,20
BPIC14,handover,logloss_skill,envelope,0.7999084037920434,0.20009159620795658,0.17580597198515313,learner,0.476673956971037,learner,0.014161034112527164,0.11433776740869989,960,1.0000000000000002,20
BPIC14,handover,nagelkerke,envelope,0.8361877568742301,0.16381224312576992,0.16138484310170254,learner,0.7785588409418311,learner,0.01800721373629031,0.0684129461949012,960,1.0000000000000002,20
BPIC14,handover,ap,envelope,0.741757666921743,0.25824233307825695,0.2288654585266876,rung,0.3547073909904239,learner,0.00017738552892658326,0.011206356832622345,960,1.0,21
BPIC14,handover,auc,envelope,0.7859660738584695,0.2140339261415305,0.17999989457983023,learner,0.401620478329329,learner,0.008658051104420007,0.08333877937920971,960,1.0000000000000004,21
BPIC14,handover,brier_skill,envelope,0.8806341818212196,0.11936581817878045,0.1085990872326732,rung,0.6645780956819506,rung,0.012667628973061092,0.13220631436440627,960,1.0,21
BPIC14,handover,logloss_skill,envelope,0.7475405901605503,0.2524594098394497,0.24084751330042053,learner,0.6218688772841989,learner,0.010860142501001844,0.05520231804090927,960,1.0,21
BPIC14,handover,nagelkerke,envelope,0.8846460061039977,0.11535399389600232,0.10516304570233181,learner,0.6453374820465746,learner,0.021181918640808706,0.18033381851357516,960,1.0,21
BPIC14,handover,ap,envelope,0.8015296307333175,0.1984703692666825,0.17958283175867007,learner,0.44273568350931003,learner,0.00023351007329239012,0.013637537659157687,960,0.9999999999999999,22
BPIC14,handover,auc,envelope,0.9312765042979716,0.0687234957020284,0.06426843555299933,rung,0.8211467034759343,rung,0.007423052206983356,0.1002275336353801,960,1.0000000000000002,22
BPIC14,handover,brier_skill,envelope,0.887503788446666,0.112496211553334,0.09659995643699615,rung,0.581995763938689,rung,0.010933221685474254,0.14644666989794394,960,0.9999999999999998,22
BPIC14,handover,logloss_skill,envelope,0.8406855965123994,0.15931440348760062,0.11241409390028345,rung,0.36588411512658986,rung,0.009064256985283835,0.11770203933536409,960,0.9999999999999999,22
BPIC14,handover,nagelkerke,envelope,0.7975242830689037,0.20247571693109634,0.17255082563755353,learner,0.5201266282437949,learner,0.022763487178960595,0.14565471631907925,960,1.0,22
BPIC14,handover,ap,envelope,0.8836641749687048,0.11633582503129525,0.11103283093136396,rung,0.7562401974194166,rung,0.00012771016809496675,0.010730719042568811,960,0.9999999999999999,23
BPIC14,handover,auc,envelope,0.8501895865017677,0.14981041349823232,0.13910642639956727,learner,0.7100048388496777,learner,0.012647638418241673,0.08908987021241054,960,1.0,23
BPIC14,handover,brier_skill,envelope,0.8332936383930569,0.16670636160694308,0.16091436761184896,learner,0.6813944016808653,learner,0.013017499065200102,0.09339780262093489,960,1.0,23
BPIC14,handover,logloss_skill,envelope,0.7181487954845425,0.28185120451545753,0.25349359245632874,learner,0.4847145090500241,learner,0.010350814633582272,0.06692810148332139,960,1.0,23
BPIC14,handover,nagelkerke,envelope,0.9104287150517076,0.08957128494829236,0.07865843971924613,rung,0.7155857311724662,rung,0.015193968395161133,0.16888137917976667,960,1.0000000000000002,23
BPIC14,handover,ap,envelope,0.7945558880172253,0.20544411198277468,0.1932367522410774,rung,0.5314384277212011,rung,0.0001390747068820173,0.010151632700368377,960,1.0000000000000004,24
BPIC14,handover,auc,envelope,0.8329878292295416,0.16701217077045838,0.14740843802691805,rung,0.5792266335985741,rung,0.011959774860161905,0.11098621764386878,960,0.9999999999999997,24
BPIC14,handover,brier_skill,envelope,0.7620816073504979,0.2379183926495021,0.19507091813442934,rung,0.40835538279921835,rung,0.010686218233556675,0.0826927346172767,960,0.9999999999999998,24
BPIC14,handover,logloss_skill,envelope,0.792035005606162,0.20796499439383798,0.17167729816141436,quality_level,0.40788137956684384,quality_level,0.016116116011848557,0.12828495707963541,960,0.9999999999999999,24
BPIC14,handover,nagelkerke,envelope,0.8393051663061477,0.1606948336938523,0.14644900213376377,rung,0.6341782814629183,rung,0.019762169895669056,0.13536845379944398,960,1.0000000000000002,24
BPIC14,handover,ap,envelope,0.8521373704614174,0.14786262953858265,0.11347636036762931,rung,0.4276768984978946,learner,0.00015593677832880515,0.015000398356729455,960,1.0,25
BPIC14,handover,auc,envelope,0.8719732819018271,0.1280267180981729,0.10391019478642327,quality_level,0.513059751111536,quality_level,0.008636081447241898,0.14189091940358103,960,1.0,25
BPIC14,handover,brier_skill,envelope,0.7317123450255608,0.2682876549744392,0.23828474044824371,learner,0.3378553995918281,rung,0.010423220294423661,0.07976550740186963,960,1.0000000000000002,25
BPIC14,handover,logloss_skill,envelope,0.9207259049526519,0.07927409504734806,0.07146105991013296,rung,0.8569947489777817,rung,0.011280713405146562,0.08310121623088279,960,1.0,25
BPIC14,handover,nagelkerke,envelope,0.8453091785857474,0.1546908214142526,0.11869689778693893,rung,0.440721831009819,rung,0.01888570861149956,0.17820764176882897,960,1.0,25
BPIC14,handover,ap,envelope,0.9395144754591277,0.060485524540872304,0.055125964135551375,learner,0.83535363893332,learner,0.00022753908784173933,0.020470526099094142,960,0.9999999999999997,26
BPIC14,handover,auc,envelope,0.7870796363204653,0.2129203636795347,0.16251870672476537,rung,0.3993238501310216,rung,0.006300982275329118,0.0785284045081609,960,0.9999999999999999,26
BPIC14,handover,brier_skill,envelope,0.696815727363907,0.30318427263609304,0.2554626177132501,learner,0.33342980745858375,learner,0.009886292084607104,0.07296111537208835,960,1.0,26
BPIC14,handover,logloss_skill,envelope,0.7392484136447868,0.2607515863552132,0.21146364202691798,rung,0.38681859113328415,rung,0.008834737509725249,0.07609091356429142,960,1.0,26
BPIC14,handover,nagelkerke,envelope,0.8148909743635752,0.18510902563642484,0.17015016989285348,learner,0.5683880331813828,learner,0.024121823739865572,0.1444540355368279,960,1.0,26
BPIC14,handover,ap,envelope,0.8670723098533313,0.13292769014666872,0.10565641498264194,rung,0.4660872087464763,rung,9.976460718928257e-05,0.012787585692800068,960,1.0000000000000002,27
BPIC14,handover,auc,envelope,0.8410560243119645,0.15894397568803553,0.1461822970716622,rung,0.5968652162188877,rung,0.008939599781647939,0.09454256752298021,960,1.0000000000000004,27
BPIC14,handover,brier_skill,envelope,0.855231182001102,0.14476881799889796,0.13820718801356324,learner,0.7231512604630737,learner,0.010090576391336517,0.08953030100167435,960,1.0,27
BPIC14,handover,logloss_skill,envelope,0.831368435098701,0.16863156490129905,0.15526326024905335,learner,0.6144492191776255,learner,0.017817593757574662,0.12762704639896863,960,0.9999999999999998,27
BPIC14,handover,nagelkerke,envelope,0.8228881727104562,0.17711182728954378,0.12466795609952175,learner,0.30772478811954307,learner,0.016662796521898348,0.15840456213228613,960,1.0000000000000002,27
BPIC14,handover,ap,envelope,0.8807753931487707,0.11922460685122926,0.10562479663011215,rung,0.7393248222834851,rung,0.00018761084857494165,0.015993580334673345,960,1.0,28
BPIC14,handover,auc,envelope,0.8538891768166492,0.14611082318335078,0.12911641012111402,learner,0.4366645420125194,learner,0.009492019446974732,0.11087403547760978,960,1.0,28
BPIC14,handover,brier_skill,envelope,0.7182611478416425,0.2817388521583575,0.2641793786574569,learner,0.5736357457496242,learner,0.005418656107108964,0.04529222366181544,960,1.0000000000000002,28
BPIC14,handover,logloss_skill,envelope,0.6850046517878552,0.3149953482121448,0.26704404402325443,rung,0.50626809043287,rung,0.00695909337648578,0.041610480165468026,960,1.0,28
BPIC14,handover,nagelkerke,envelope,0.8470686903791955,0.15293130962080448,0.14944912013493483,learner,0.7691734558935751,learner,0.009271416289440193,0.06014898243155374,960,1.0,28
BPIC14,handover,ap,envelope,0.7541542282167099,0.24584577178329015,0.22720225008405226,rung,0.41825923967168765,rung,0.00019038399912313137,0.010929252790834376,960,0.9999999999999999,29
BPIC14,handover,auc,envelope,0.9104292859870715,0.08957071401292849,0.08445241511518631,rung,0.7661207298828474,rung,0.010311642034142574,0.11573651557907179,960,1.0000000000000002,29
BPIC14,handover,brier_skill,envelope,0.9206049858584231,0.0793950141415769,0.07071046045850038,quality_level,0.7006116958882118,quality_level,0.006843669832028293,0.13383648586593808,960,1.0,29
BPIC14,handover,logloss_skill,envelope,0.742000763159032,0.25799923684096804,0.22065972914081916,rung,0.370658173087471,rung,0.016052772563624577,0.10458564562111772,960,1.0000000000000002,29
BPIC14,handover,nagelkerke,envelope,0.8184053108589111,0.1815946891410889,0.15696043405686777,learner,0.5198242641619517,learner,0.010600123759176613,0.10790946605872703,960,0.9999999999999998,29
BPIC14,handover,ap,envelope,0.7816160471583065,0.21838395284169354,0.15373534164295788,rung,0.3703768991481291,learner,0.00016571448748109395,0.01213984457713231,960,1.0,30
BPIC14,handover,auc,envelope,0.8645298042197138,0.13547019578028618,0.11504895028102069,learner,0.578856992710736,learner,0.010602860808654737,0.13264112485581864,960,0.9999999999999997,30
BPIC14,handover,brier_skill,envelope,0.8529920408743134,0.14700795912568665,0.1194845856511918,rung,0.4765299890447541,rung,0.01215082064026343,0.14196836205482372,960,0.9999999999999999,30
BPIC14,handover,logloss_skill,envelope,0.8286989602610463,0.17130103973895372,0.14142905947832318,learner,0.3937821561654604,learner,0.011337631075733254,0.1223949128493006,960,0.9999999999999998,30
BPIC14,handover,nagelkerke,envelope,0.7594603275530839,0.2405396724469161,0.1938277877066838,learner,0.32534825321635635,rung,0.014914030672519086,0.10693800877384471,960,1.0000000000000002,30
BPIC14,handover,ap,envelope,0.6677365837064568,0.33226341629354317,0.3124680234803162,rung,0.5105422998616235,rung,7.171650127284673e-05,0.004285162142240466,960,1.0,31
BPIC14,handover,auc,envelope,0.8603776408369929,0.13962235916300714,0.10348107600190287,learner,0.35276988837245,learner,0.011208149831082283,0.1429972106444307,960,1.0,31
BPIC14,handover,brier_skill,envelope,0.8657512606694622,0.13424873933053783,0.11699100446182892,rung,0.48007091813021024,rung,0.01178531881739796,0.14219359192877318,960,0.9999999999999999,31
BPIC14,handover,logloss_skill,envelope,0.7064438398983469,0.2935561601016531,0.2780049260141384,learner,0.5381839074438989,learner,0.014019403897776412,0.07053283280230248,960,1.0,31
BPIC14,handover,nagelkerke,envelope,0.8911589130418118,0.10884108695818817,0.0936421747127556,quality_level,0.6090048507638658,quality_level,0.01517386043875786,0.19441887678394973,960,0.9999999999999998,31
BPIC14,handover,ap,envelope,0.6575621145275738,0.34243788547242615,0.3137968883570392,rung,0.5323697364888523,rung,6.576617787825072e-05,0.0030758756757180263,960,0.9999999999999999,32
BPIC14,handover,auc,envelope,0.9377524304558886,0.06224756954411137,0.055434208621080394,learner,0.5985409101372225,learner,0.006046814086677585,0.17148150936224113,960,0.9999999999999999,32
BPIC14,handover,brier_skill,envelope,0.7944913673643352,0.20550863263566477,0.1794983719848663,learner,0.5483817244182336,learner,0.009207913760455955,0.0915594006994487,960,1.0000000000000002,32
BPIC14,handover,logloss_skill,envelope,0.817125969441254,0.18287403055874596,0.1691652082439994,rung,0.6355109200499532,rung,0.014471509580264014,0.09573833464341816,960,1.0000000000000004,32
BPIC14,handover,nagelkerke,envelope,0.7932825203695675,0.20671747963043252,0.15026901308972995,learner,0.3339765934635536,learner,0.018161015788022004,0.14218418177665948,960,1.0000000000000004,32
BPIC14,handover,ap,envelope,0.7316469163252348,0.2683530836747652,0.23577295645168622,rung,0.4493529230306987,rung,0.00021254935338435149,0.009878020482090404,960,0.9999999999999999,33
BPIC14,handover,auc,envelope,0.9411362230275261,0.058863776972473913,0.050282854978711766,rung,0.6678481127676287,rung,0.0062926112171698065,0.14109547153738713,960,1.0,33
BPIC14,handover,brier_skill,envelope,0.7122427942943153,0.28775720570568475,0.2707438455471316,rung,0.5040005329541952,rung,0.010710786376912956,0.06600847814709958,960,0.9999999999999998,33
BPIC14,handover,logloss_skill,envelope,0.854814522501985,0.14518547749801503,0.1029098753343346,quality_level,0.32982128751633244,rung,0.008252284820519965,0.1239177627611723,960,0.9999999999999999,33
BPIC14,handover,nagelkerke,envelope,0.5541323133648759,0.4458676866351241,0.3991603252312102,learner,0.2616893913373037,rung,0.01048795161291422,0.041610221604178856,960,0.9999999999999999,33
BPIC14,handover,ap,envelope,0.8631331338745261,0.13686686612547394,0.12230885080377074,learner,0.7447501112999847,learner,0.0002889683825713467,0.011202552506889889,960,1.0,34
BPIC14,handover,auc,envelope,0.7621675291080208,0.23783247089197923,0.22444098125929945,learner,0.5106613432327854,learner,0.011742396467730376,0.07991571122573994,960,1.0000000000000002,34
BPIC14,handover,brier_skill,envelope,0.8169518645346932,0.18304813546530685,0.159205726356198,learner,0.5441058222671088,learner,0.01002599983179955,0.10336447081996065,960,0.9999999999999999,34
BPIC14,handover,logloss_skill,envelope,0.9053014625483726,0.09469853745162737,0.07469852475252842,quality_level,0.4213755597271721,quality_level,0.009267458914876897,0.16899026495593408,960,1.0,34
BPIC14,handover,nagelkerke,envelope,0.6835511901924862,0.3164488098075138,0.3036606765960329,rung,0.5219515036436669,rung,0.010808199408172516,0.0554662397688455,960,0.9999999999999999,34
BPIC14,handover,ap,envelope,0.8822901179824358,0.11770988201756416,0.09836826994792014,learner,0.45995866724799334,rung,0.00018444856458009338,0.018699275719541372,960,0.9999999999999999,35
BPIC14,handover,auc,envelope,0.8881784439219429,0.1118215560780571,0.08800394590741406,learner,0.4147367690206128,learner,0.006647343099452848,0.12305855914568316,960,1.0,35
BPIC14,handover,brier_skill,envelope,0.6753789518439479,0.3246210481560521,0.2921374373170428,rung,0.4718370867823882,rung,0.008028906154060406,0.05227465314242803,960,1.0,35
BPIC14,handover,logloss_skill,envelope,0.6037943481541864,0.3962056518458136,0.3025492037856854,learner,0.2375348086581456,learner,0.006670932029650464,0.04674725580681359,960,1.0,35
BPIC14,handover,nagelkerke,envelope,0.7246502018416985,0.2753497981583015,0.24881558097040063,learner,0.3649717865433481,learner,0.016120934737629124,0.09419842735384411,960,0.9999999999999999,35
BPIC14,handover,ap,envelope,0.7813845993137291,0.21861540068627094,0.18993497289736216,learner,0.6001872539702798,learner,0.00026085836932172906,0.009767794575861735,960,1.0,36
BPIC14,handover,auc,envelope,0.839020389637392,0.160979610362608,0.15803694021325643,learner,0.7935852669070286,learner,0.011521440913612254,0.04698270513090264,960,0.9999999999999998,36
BPIC14,handover,brier_skill,envelope,0.7683560667824574,0.23164393321754262,0.21903058576884327,learner,0.6075618649213722,learner,0.011730292349815706,0.07586376269873181,960,1.0,36
BPIC14,handover,logloss_skill,envelope,0.5547928097745045,0.4452071902254955,0.43920564579774274,learner,0.4988909340959368,learner,0.005072735844410444,0.01703386175719057,960,1.0,36
BPIC14,handover,nagelkerke,envelope,0.8287123412490135,0.1712876587509865,0.1450442362060821,rung,0.6626706396897237,rung,0.015976983659126615,0.10992983365975724,960,0.9999999999999998,36
BPIC14,handover,ap,envelope,0.8857716902360652,0.11422830976393483,0.07908325486400347,learner,0.38656898059556793,learner,0.00016570343159489416,0.021570166640648564,960,1.0,37
BPIC14,handover,auc,envelope,0.9320638678977178,0.06793613210228222,0.05265548308314527,rung,0.5552932594105464,rung,0.005570934498541109,0.1579823577760122,960,1.0000000000000002,37
BPIC14,handover,brier_skill,envelope,0.8802542429660988,0.11974575703390122,0.08895746692779749,rung,0.4132330474214664,rung,0.009789392454731217,0.15409738733267322,960,0.9999999999999999,37
BPIC14,handover,logloss_skill,envelope,0.5726422630250463,0.4273577369749537,0.3719168917429151,learner,0.2775737112309087,rung,0.006670259571591463,0.0358631956609191,960,0.9999999999999998,37
BPIC14,handover,nagelkerke,envelope,0.6853982942354324,0.3146017057645676,0.29004955124309584,learner,0.49556322695415733,learner,0.009832496994985337,0.05779092032448226,960,0.9999999999999998,37
BPIC14,handover,ap,envelope,0.6972676014441084,0.3027323985558916,0.2816244315965103,learner,0.6408361209143919,learner,0.0001809463226505359,0.0035947107425392394,960,0.9999999999999998,38
BPIC14,handover,auc,envelope,0.8608940616681582,0.13910593833184182,0.1261090700356725,learner,0.6860166104413374,learner,0.012766342140030253,0.1076366915194876,960,1.0,38
BPIC14,handover,brier_skill,envelope,0.8411001200661677,0.15889987993383226,0.11354045144675329,quality_level,0.3356213741594404,rung,0.009465675018529083,0.1283553705999108,960,0.9999999999999999,38
BPIC14,handover,logloss_skill,envelope,0.8117880623945772,0.18821193760542276,0.1595223528322324,quality_level,0.564800665969944,rung,0.0076853070930967635,0.09350486817586141,960,1.0000000000000002,38
BPIC14,handover,nagelkerke,envelope,0.900147734729346,0.09985226527065405,0.08385875565868994,rung,0.6207276458802826,rung,0.012837193532105473,0.16716371031141425,960,1.0000000000000002,38
BPIC14,handover,ap,envelope,0.8559157952073646,0.1440842047926354,0.12003567344615962,rung,0.6301417800117968,rung,9.08138240274959e-05,0.009428468441023633,960,0.9999999999999998,39
BPIC14,handover,auc,envelope,0.9381187144544784,0.061881285545521636,0.05340266429835039,rung,0.6633025429372976,rung,0.005974811457503847,0.1379328355293823,960,1.0000000000000004,39
BPIC14,handover,brier_skill,envelope,0.7968573484755043,0.20314265152449573,0.18038916032271546,quality_level,0.5072948504015152,quality_level,0.009682997983886225,0.09803406337909007,960,1.0,39
BPIC14,handover,logloss_skill,envelope,0.9145681451612436,0.08543185483875637,0.06851932627110047,rung,0.6109154897624481,rung,0.011390878106351386,0.1881717025084,960,1.0,39
BPIC14,handover,nagelkerke,envelope,0.7591669997014885,0.2408330002985115,0.22186779486547714,rung,0.6156199870212448,rung,0.012752285742021635,0.06681248034838574,960,1.0000000000000002,39
BPIC14,handover,ap,envelope,0.6145085060659663,0.3854914939340337,0.3365377366443238,learner,0.41835914103368205,learner,0.0001269701123267945,0.004317620472537704,960,1.0000000000000002,40
BPIC14,handover,auc,envelope,0.8831998294536176,0.11680017054638236,0.08800204808145135,rung,0.35566008698355267,rung,0.008008678825818455,0.13009179858776926,960,0.9999999999999999,40
BPIC14,handover,brier_skill,envelope,0.8321212310737882,0.16787876892621179,0.14410747099044896,learner,0.6322154819357423,learner,0.00824971676271172,0.09332385199366827,960,1.0,40
BPIC14,handover,logloss_skill,envelope,0.8389936104314808,0.1610063895685192,0.14916585796183646,quality_level,0.4671576999546712,rung,0.008142812569150308,0.09833391408726327,960,1.0,40
BPIC14,handover,nagelkerke,envelope,0.6996628506896285,0.3003371493103715,0.26137417345546704,learner,0.42471013004713526,learner,0.019242362176418247,0.09556816998352786,960,1.0000000000000002,40
BPIC14,handover,ap,envelope,0.8416442119047628,0.1583557880952372,0.12852971494854348,learner,0.5995632007244699,learner,0.00019792521782661964,0.011218762211472806,960,1.0000000000000002,41
BPIC14,handover,auc,envelope,0.9005275927724674,0.09947240722753259,0.07840018493342471,rung,0.5810542653876561,rung,0.006971969937156087,0.13194610828261563,960,1.0000000000000002,41
BPIC14,handover,brier_skill,envelope,0.7071100424800725,0.2928899575199275,0.2714622886135871,learner,0.521917141913828,learner,0.00720893617868107,0.05280858718246369,960,0.9999999999999998,41
BPIC14,handover,logloss_skill,envelope,0.8450915134312926,0.15490848656870737,0.13182884407630135,rung,0.546958883853261,rung,0.015135598502152748,0.13975390250281125,960,1.0,41
BPIC14,handover,nagelkerke,envelope,0.8503231091955425,0.14967689080445745,0.11239245844168672,rung,0.3802712975145272,rung,0.018606033696168967,0.18003765151289006,960,1.0,41
BPIC14,handover,ap,envelope,0.8736254185450845,0.12637458145491554,0.09046935523068189,rung,0.42019241241197036,rung,0.00013926082464497608,0.020237542174559014,960,1.0000000000000004,42
BPIC14,handover,auc,envelope,0.9058995621160968,0.09410043788390321,0.09303608156092336,rung,0.833564533970234,rung,0.007867175419444337,0.07130326347552153,960,1.0,42
BPIC14,handover,brier_skill,envelope,0.8332223426116417,0.16677765738835826,0.12631198364330276,quality_level,0.34089165683516565,rung,0.011093454422727113,0.1273672431695722,960,1.0,42
BPIC14,handover,logloss_skill,envelope,0.8353607257078316,0.1646392742921684,0.1482041356416831,rung,0.6049130960219424,rung,0.015273581585822975,0.1230128333506468,960,0.9999999999999997,42
BPIC14,handover,nagelkerke,envelope,0.7232565357568524,0.27674346424314755,0.26378426183501247,learner,0.600417643827823,learner,0.012162833678706696,0.05797342609725557,960,0.9999999999999998,42
BPIC14,handover,ap,envelope,0.7927804694287615,0.20721953057123854,0.17191204343572342,learner,0.5303905410297999,learner,0.00023688452844332483,0.012446135424777597,960,1.0,43
BPIC14,handover,auc,envelope,0.8757609405495185,0.12423905945048153,0.11812443361744251,learner,0.7406195518699827,learner,0.012135679469084743,0.10123692730708957,960,0.9999999999999999,43
BPIC14,handover,brier_skill,envelope,0.8052063218561125,0.19479367814388748,0.17096134861377793,learner,0.49960366597637046,learner,0.009841627221557578,0.09956171091326972,960,0.9999999999999999,43
BPIC14,handover,logloss_skill,envelope,0.771432236399642,0.22856776360035802,0.2198923420083455,learner,0.6641607001114325,learner,0.012474003105733069,0.0646317069689945,960,1.0000000000000002,43
BPIC14,handover,nagelkerke,envelope,0.8880084968982721,0.1119915031017279,0.08291813248329771,learner,0.3948919588347903,learner,0.01620333578259022,0.1977022203859377,960,0.9999999999999999,43
BPIC14,handover,ap,envelope,0.8843268238856727,0.11567317611432726,0.09622956478004652,learner,0.6911826757053967,learner,0.00026107984211278304,0.016485912414275584,960,1.0,44
BPIC14,handover,auc,envelope,0.9256838777119175,0.07431612228808249,0.05105490670446544,rung,0.687992860852717,rung,0.003933528393277564,0.11128355596766229,960,1.0,44
BPIC14,handover,brier_skill,envelope,0.5704515893546487,0.4295484106453513,0.40798838144649013,learner,0.4715003831172347,learner,0.004739534310944925,0.02482479205383554,960,1.0000000000000002,44
BPIC14,handover,logloss_skill,envelope,0.8330650776730191,0.16693492232698093,0.15376631670067292,rung,0.49741599350816407,rung,0.01755034058046656,0.1386436828686226,960,0.9999999999999999,44
BPIC14,handover,nagelkerke,envelope,0.7771129339469357,0.2228870660530643,0.19778637616654837,rung,0.5918433151133747,rung,0.013168418942349975,0.07951948558847151,960,1.0000000000000002,44
BPIC14,handover,ap,envelope,0.8955925885617654,0.10440741143823462,0.08600988703410462,learner,0.6534218662602844,learner,0.00018694493862387307,0.014641788979797996,960,1.0,45
BPIC14,handover,auc,envelope,0.679955393877994,0.320044606122006,0.31378213531347976,rung,0.5234955863620302,rung,0.006424374408994666,0.04257019708544555,960,0.9999999999999999,45
BPIC14,handover,brier_skill,envelope,0.9261081353165648,0.07389186468343523,0.06050548019722568,rung,0.5901117888815717,rung,0.009930359466450447,0.1885704115162923,960,0.9999999999999999,45
BPIC14,handover,logloss_skill,envelope,0.7502166987146088,0.24978330128539117,0.21420895791453382,learner,0.38192473327228754,learner,0.010160964505855378,0.0842413295471727,960,1.0,45
BPIC14,handover,nagelkerke,envelope,0.8075214858561905,0.19247851414380945,0.14190364233214675,learner,0.3324828282136983,learner,0.020180923196048813,0.15613479996915086,960,1.0,45
BPIC14,handover,ap,envelope,0.8330593242203143,0.16694067577968574,0.14782767945399689,rung,0.6112445305676956,rung,0.0001849312548734564,0.012770834325034765,960,1.0,46
BPIC14,handover,auc,envelope,0.6742174620614285,0.3257825379385715,0.2592981616104588,rung,0.32628997889983946,rung,0.0045755092221600405,0.046814622741851636,960,0.9999999999999998,46
BPIC14,handover,brier_skill,envelope,0.8627251404877203,0.1372748595122797,0.12845379948331426,quality_level,0.547456278185844,quality_level,0.009616338965921602,0.11719872685360894,960,0.9999999999999999,46
BPIC14,handover,logloss_skill,envelope,0.749140214820061,0.250859785179939,0.21468265517540136,rung,0.40067018975588203,rung,0.01443816464844875,0.09944906463272336,960,1.0,46
BPIC14,handover,nagelkerke,envelope,0.8664993863344925,0.13350061366550747,0.11692955387217263,quality_level,0.519916234919849,quality_level,0.01471953168044654,0.16284813475357984,960,0.9999999999999998,46
BPIC14,handover,ap,envelope,0.8445902904556686,0.15540970954433142,0.13305850033656852,learner,0.8200546453307489,learner,0.00028505790109019667,0.0025876607682825768,960,1.0,47
BPIC14,handover,auc,envelope,0.73336679416619,0.26663320583381,0.24820659666043177,learner,0.5564905475063339,learner,0.007278258747221362,0.046362964946157936,960,0.9999999999999998,47
BPIC14,handover,brier_skill,envelope,0.6607168797404187,0.3392831202595813,0.3092547274026988,rung,0.46580045606553416,rung,0.008409202535446237,0.05293060014048168,960,1.0000000000000002,47
BPIC14,handover,logloss_skill,envelope,0.8057438327307309,0.1942561672692691,0.17306337031344027,rung,0.4992261995522775,rung,0.011851095443431707,0.10486853489711222,960,0.9999999999999999,47
BPIC14,handover,nagelkerke,envelope,0.8620030278913543,0.1379969721086457,0.1088139962866197,rung,0.42149573817494035,rung,0.022458528358620982,0.2044619785126781,960,0.9999999999999998,47
BPIC14,handover,ap,envelope,0.8755377327199801,0.12446226728001986,0.08649764416735894,learner,0.5525212858774358,learner,0.0002107763559532628,0.018823257146790437,960,1.0,48
BPIC14,handover,auc,envelope,0.8867000362498649,0.11329996375013507,0.10283371404415631,rung,0.6897101979895888,rung,0.010035617895708705,0.11964266091500332,960,0.9999999999999999,48
BPIC14,handover,brier_skill,envelope,0.5612668132198931,0.43873318678010687,0.4044080267745961,rung,0.3048218529441513,rung,0.007206601700903792,0.03906097606639792,960,0.9999999999999998,48
BPIC14,handover,logloss_skill,envelope,0.8403291386234171,0.15967086137658293,0.15680484163912767,learner,0.7848095533111518,learner,0.010233377664794674,0.052613549186141355,960,0.9999999999999997,48
BPIC14,handover,nagelkerke,envelope,0.8016670058820876,0.1983329941179124,0.16317749941064835,learner,0.43488509080231647,learner,0.01882961913888086,0.1403322907550396,960,1.0,48
BPIC14,handover,ap,envelope,0.8442720435265513,0.15572795647344873,0.13315472412777135,rung,0.4254142757215481,learner,0.00017334961465826517,0.015170048561037744,960,0.9999999999999999,49
BPIC14,handover,auc,envelope,0.6597296088352588,0.3402703911647412,0.3196062237105023,learner,0.5545153422502723,learner,0.006057471841995243,0.0268939161524761,960,1.0,49
BPIC14,handover,brier_skill,envelope,0.8690868149566158,0.13091318504338423,0.11439845744955696,quality_level,0.47948516092667687,quality_level,0.008863386975849655,0.11991550363501341,960,1.0000000000000002,49
BPIC14,handover,logloss_skill,envelope,0.7970373801737018,0.20296261982629815,0.17742944872137256,rung,0.5040269529765985,rung,0.019078804747765944,0.12967658287357708,960,1.0,49
BPIC14,handover,nagelkerke,envelope,0.8822670243871504,0.11773297561284957,0.09887823642546822,learner,0.5700307323875854,learner,0.016496582584990156,0.19031587589934432,960,1.0,49
BPIC14,handover,ap,envelope,0.9019747601446597,0.09802523985534028,0.08773489099853993,learner,0.7041178183583591,learner,0.00020410931062546855,0.012818835449353388,960,0.9999999999999999,50
BPIC14,handover,auc,envelope,0.8719459175893578,0.1280540824106422,0.10355091457483007,learner,0.39200796239006824,rung,0.00902158869205751,0.13365855110083188,960,0.9999999999999997,50
BPIC14,handover,brier_skill,envelope,0.8533449322752241,0.14665506772477588,0.13812451007835647,rung,0.7084892996466893,rung,0.009086458690896929,0.0752419112764664,960,1.0,50
BPIC14,handover,logloss_skill,envelope,0.8453440353139898,0.15465596468601017,0.12129205450293651,learner,0.499791375144015,learner,0.00636389677060905,0.11731003487886761,960,1.0,50
BPIC14,handover,nagelkerke,envelope,0.8096181991831164,0.1903818008168836,0.17355323417489643,rung,0.6796856100592256,rung,0.01046141613721021,0.06958882224282362,960,0.9999999999999997,50
BPIC14,handover,ap,envelope,0.7983357268013707,0.20166427319862934,0.1892445100650405,learner,0.693270644633213,learner,0.0002742963562079279,0.009637291865752032,960,0.9999999999999993,51
BPIC14,handover,auc,envelope,0.853363330055645,0.14663666994435498,0.14446624444208023,learner,0.7991547351713044,learner,0.012945501839973464,0.05704377711000843,960,0.9999999999999999,51
BPIC14,handover,brier_skill,envelope,0.8173378269572693,0.1826621730427307,0.1623377025824707,learner,0.6164366882918674,learner,0.011212349071319263,0.09137850640646826,960,1.0000000000000002,51
BPIC14,handover,logloss_skill,envelope,0.6224739514884816,0.3775260485115184,0.31027342555341303,learner,0.2906441765776198,learner,0.010631255478122131,0.05983473740265876,960,1.0,51
BPIC14,handover,nagelkerke,envelope,0.6002712034688067,0.3997287965311933,0.3018028441013537,quality_level,0.22156553501824852,quality_level,0.017965891324361168,0.07816361954660561,960,0.9999999999999999,51
BPIC14,handover,ap,envelope,0.6944107955286432,0.30558920447135685,0.28236301095423805,rung,0.42686124420924637,rung,7.615995942382369e-05,0.005729859244534145,960,1.0000000000000002,52
BPIC14,handover,auc,envelope,0.9345178453949441,0.06548215460505591,0.056745325371421185,rung,0.7449268986752121,rung,0.005259075801606283,0.11821193453419278,960,1.0000000000000004,52
BPIC14,handover,brier_skill,envelope,0.8286051803241898,0.17139481967581016,0.16305763435396015,learner,0.7094730219895607,learner,0.010369686219611185,0.07691115883280537,960,0.9999999999999998,52
BPIC14,handover,logloss_skill,envelope,0.7041302783573998,0.29586972164260017,0.2735168905466865,learner,0.5059174877071787,learner,0.01085561458190919,0.06684224069656095,960,1.0,52
BPIC14,handover,nagelkerke,envelope,0.8701679547159002,0.12983204528409975,0.11903518265601443,rung,0.7108867322292612,rung,0.02093715907569821,0.1417016861248216,960,0.9999999999999999,52
BPIC14,handover,ap,envelope,0.8699371255219469,0.1300628744780531,0.11712079953958543,learner,0.7557654192055882,learner,0.0002631377361316468,0.015017960065139984,960,1.0000000000000004,53
BPIC14,handover,auc,envelope,0.8373629381613662,0.1626370618386338,0.14119531239969024,learner,0.4540519339479165,learner,0.011002453356197362,0.11003268378079896,960,1.0,53
BPIC14,handover,brier_skill,envelope,0.8661276437890785,0.13387235621092153,0.09355411251831469,quality_level,0.34749002993502826,quality_level,0.01245739023317365,0.16598986915857605,960,0.9999999999999999,53
BPIC14,handover,logloss_skill,envelope,0.6722377597156021,0.32776224028439793,0.29524673653340266,learner,0.35100783774809635,learner,0.01153551931042765,0.0658960196712596,960,0.9999999999999999,53
BPIC14,handover,nagelkerke,envelope,0.8821999297449112,0.11780007025508876,0.10818016425987975,learner,0.7420454093674491,learner,0.019888228432699002,0.14655498615085286,960,1.0000000000000002,53
BPIC14,handover,ap,envelope,0.5088965060026118,0.4911034939973882,0.46273676062560376,learner,0.3377725079522139,learner,8.16264259030112e-05,0.0020926644363788074,960,0.9999999999999998,54
BPIC14,handover,auc,envelope,0.8365955771100767,0.1634044228899233,0.1556592843790826,rung,0.6758491046512736,rung,0.00723672482302531,0.061286477055862286,960,1.0000000000000002,54
BPIC14,handover,brier_skill,envelope,0.8397774269268748,0.16022257307312515,0.10567595177698613,learner,0.3045834442120609,learner,0.008806066406474187,0.12330372382686486,960,1.0,54
BPIC14,handover,logloss_skill,envelope,0.9169940119615354,0.0830059880384646,0.08042687509026847,learner,0.8640693052312726,learner,0.017820339893382185,0.09959034094480651,960,0.9999999999999999,54
BPIC14,handover,nagelkerke,envelope,0.9029766804102647,0.09702331958973531,0.08871227207907856,quality_level,0.4738971992484626,quality_level,0.01604482060052816,0.1929161818080476,960,1.0000000000000002,54
BPIC14,handover,ap,envelope,0.7959000749410223,0.20409992505897767,0.18262863989788491,rung,0.39117374617914175,learner,0.00018474549135641345,0.012273899509121586,960,0.9999999999999999,55
BPIC14,handover,auc,envelope,0.5827451621165267,0.4172548378834733,0.38488981773899655,learner,0.5269821459195613,learner,0.002222253790631686,-9.119883948574548e-05,960,0.9999999999999999,55
BPIC14,handover,brier_skill,envelope,0.7602306811425166,0.23976931885748343,0.21058721991226315,rung,0.5168927569636902,rung,0.009827059168481388,0.07135929206022451,960,0.9999999999999999,55
BPIC14,handover,logloss_skill,envelope,0.587819071019481,0.41218092898051895,0.3526214663946464,learner,0.3332034005446842,learner,0.00519807466979044,0.03659645693249569,960,0.9999999999999999,55
BPIC14,handover,nagelkerke,envelope,0.6525790379041607,0.3474209620958393,0.29401086331126175,rung,0.348541481513496,rung,0.013793800299175579,0.068886173846067,960,0.9999999999999997,55
BPIC14,handover,ap,envelope,0.7529529517663506,0.24704704823364942,0.20179329270866608,learner,0.47811057743917595,learner,0.00017229661413711871,0.00920604438458602,960,1.0,56
BPIC14,handover,auc,envelope,0.858258334390197,0.14174166560980295,0.12167452093131603,learner,0.47973335482625445,learner,0.012899123025045919,0.13868451753547398,960,1.0000000000000004,56
BPIC14,handover,brier_skill,envelope,0.7051128880904957,0.29488711190950434,0.2727848513524973,learner,0.5275472087590054,learner,0.008626076864986853,0.058875564448416996,960,0.9999999999999997,56
BPIC14,handover,logloss_skill,envelope,0.6899019640968176,0.3100980359031824,0.2539070899407525,learner,0.3303802695922781,rung,0.010730726845318748,0.07379313945769493,960,1.0,56
BPIC14,handover,nagelkerke,envelope,0.7409775672390524,0.2590224327609476,0.20174523385528997,rung,0.35358395937669373,rung,0.017593765362133546,0.11334671385866893,960,0.9999999999999999,56
BPIC14,handover,ap,envelope,0.8061445641528553,0.1938554358471447,0.1646370638979744,learner,0.5558413716764902,learner,0.0003073817481505245,0.014126311805571466,960,0.9999999999999998,57
BPIC14,handover,auc,envelope,0.8127469241688965,0.1872530758311035,0.16058558135377754,learner,0.44230190116463675,learner,0.010822898172919298,0.09945007096668843,960,1.0,57
BPIC14,handover,brier_skill,envelope,0.8745097203697915,0.12549027963020853,0.11683770189028608,learner,0.7378309748483503,learner,0.01136675947049005,0.10357018647880631,960,1.0,57
BPIC14,handover,logloss_skill,envelope,0.7195019644967463,0.2804980355032537,0.23329377059668632,rung,0.4974041979548517,rung,0.008774196988674685,0.06493906082645018,960,1.0000000000000004,57
BPIC14,handover,nagelkerke,envelope,0.6847996164173809,0.31520038358261915,0.2736227859887921,rung,0.4250536772819449,rung,0.011097887241739079,0.06839476050246841,960,1.0,57
BPIC14,handover,ap,envelope,0.8735522037341166,0.12644779626588343,0.10911492969342135,learner,0.40905083409554405,learner,0.0001680284077531016,0.016894340934044003,960,0.9999999999999999,58
BPIC14,handover,auc,envelope,0.8982238425551075,0.10177615744489255,0.08519538034755808,learner,0.4116532866306057,learner,0.00897100836966413,0.13634481022031322,960,1.0000000000000002,58
BPIC14,handover,brier_skill,envelope,0.8224648922684568,0.17753510773154324,0.14649421908406646,learner,0.7570904768414444,learner,0.0062150940845091245,0.03523911418723653,960,1.0,58
BPIC14,handover,logloss_skill,envelope,0.8782005021989969,0.12179949780100308,0.08147954092553894,quality_level,0.2912071527224857,learner,0.010785514854280384,0.16660059169322317,960,0.9999999999999999,58
BPIC14,handover,nagelkerke,envelope,0.8544316069198561,0.1455683930801439,0.11769152834676555,rung,0.5106092475775468,rung,0.013333675598202862,0.1629172305035113,960,0.9999999999999998,58
BPIC14,handover,ap,envelope,0.8947863812036079,0.10521361879639213,0.07379342120016791,rung,0.4200829887089712,rung,0.00012587974138075558,0.02054791096115388,960,1.0000000000000004,59
BPIC14,handover,auc,envelope,0.8869021613706486,0.11309783862935141,0.09547669555921323,rung,0.642195883740837,rung,0.010106249574667105,0.1290268629521413,960,1.0000000000000002,59
BPIC14,handover,brier_skill,envelope,0.8545830866423089,0.14541691335769114,0.13217120086532086,quality_level,0.5704420150002381,learner,0.009601813393066887,0.11554916051396352,960,1.0000000000000002,59
BPIC14,handover,logloss_skill,envelope,0.8614717313517958,0.13852826864820422,0.1297442761645562,learner,0.7806607883431553,learner,0.010574474824986625,0.07772408693566767,960,0.9999999999999998,59
BPIC14,handover,nagelkerke,envelope,0.8638350129604865,0.13616498703951352,0.1269987431133508,quality_level,0.6264353354511576,quality_level,0.02094170903966297,0.1751185256984386,960,0.9999999999999999,59
BPIC14,handover,ap,envelope,0.8202068110351949,0.17979318896480512,0.16039247933952017,learner,0.5392630346465536,learner,0.000194743397808203,0.013925467236093982,960,0.9999999999999998,60
BPIC14,handover,auc,envelope,0.911089246878366,0.08891075312163399,0.07565169907432212,learner,0.4450921410990245,rung,0.005948221965943632,0.12452998561724418,960,1.0000000000000002,60
BPIC14,handover,brier_skill,envelope,0.78258476777527,0.21741523222473003,0.1558920349275955,rung,0.31194126969691316,rung,0.009153402611931078,0.10057295679435982,960,0.9999999999999998,60
BPIC14,handover,logloss_skill,envelope,0.5964786990308678,0.4035213009691322,0.37736997533268796,learner,0.390882613957839,learner,0.007751482036578534,0.03865320699085227,960,1.0,60
BPIC14,handover,nagelkerke,envelope,0.8688737936447467,0.1311262063552533,0.11336239276637672,quality_level,0.5181671103223315,quality_level,0.019874030285615154,0.20075939235135754,960,1.0,60
BPIC14,handover,ap,envelope,0.8799814097250982,0.1200185902749018,0.08245829691279016,rung,0.4512133069527823,rung,0.00012491701110027141,0.01722668262460185,960,1.0000000000000002,61
BPIC14,handover,auc,envelope,0.8108587259896007,0.18914127401039926,0.1565790722528274,learner,0.4677267895467191,learner,0.011017220122852953,0.1033121159473448,960,0.9999999999999997,61
BPIC14,handover,brier_skill,envelope,0.902943901350353,0.09705609864964704,0.08300081583687557,learner,0.6501840589592771,learner,0.01296080973834394,0.16822722244295285,960,1.0000000000000002,61
BPIC14,handover,logloss_skill,envelope,0.8928597444579196,0.1071402555420804,0.09007191234386858,learner,0.5613003572897621,learner,0.013631454800943613,0.1776797628726909,960,1.0000000000000004,61
BPIC14,handover,nagelkerke,envelope,0.916799070232534,0.08320092976746596,0.07577941525333654,rung,0.830150560093186,rung,0.022381372472262673,0.12343589474841864,960,1.0000000000000002,61
BPIC14,handover,ap,envelope,0.6751035897514912,0.3248964102485088,0.29735861094197397,learner,0.45591164174973026,learner,0.00018541948547661194,0.007205585548167469,960,0.9999999999999999,62
BPIC14,handover,auc,envelope,0.9373150146226649,0.06268498537733513,0.05353480042027414,rung,0.6716617691106249,rung,0.006019932055202891,0.13180282455948641,960,0.9999999999999999,62
BPIC14,handover,brier_skill,envelope,0.8428206226652014,0.1571793773347986,0.12629822647727262,quality_level,0.37846606567362817,quality_level,0.008374166885117867,0.11868430017236949,960,1.0,62
BPIC14,handover,logloss_skill,envelope,0.6977489891690389,0.30225101083096106,0.23958531174671233,learner,0.28937052077046393,learner,0.012859211801426927,0.08361817324675998,960,1.0,62
BPIC14,handover,nagelkerke,envelope,0.797029957160637,0.20297004283936304,0.16107449679543906,rung,0.3936662178869187,rung,0.02240453328708198,0.14669893630556252,960,0.9999999999999999,62
BPIC14,handover,ap,envelope,0.6951522463485668,0.30484775365143324,0.2820237842918068,rung,0.49830049038736374,rung,0.0001077321209939896,0.004752298925948896,960,0.9999999999999998,63
BPIC14,handover,auc,envelope,0.9070032420202947,0.0929967579797053,0.07247361500905636,learner,0.39295801067964337,rung,0.008430240685431608,0.15795468915118532,960,0.9999999999999999,63
BPIC14,handover,brier_skill,envelope,0.8092933187442748,0.1907066812557252,0.1722486874873823,rung,0.6296689122660587,rung,0.010942715557058362,0.08545007062317223,960,0.9999999999999998,63
BPIC14,handover,logloss_skill,envelope,0.8495837677113404,0.15041623228865963,0.1383786451134883,learner,0.6400169823419747,learner,0.014210094102259542,0.11979490691692192,960,0.9999999999999998,63
BPIC14,handover,nagelkerke,envelope,0.8511218064375158,0.14887819356248422,0.12950115463867173,learner,0.5125337342177212,learner,0.021973397794661807,0.18209120111162225,960,0.9999999999999997,63
BPIC14,handover,ap,envelope,0.886416979918775,0.113583020081225,0.08319142318438827,rung,0.4002442044662964,rung,0.0001761581863046728,0.02133677762360358,960,1.0,64
BPIC14,handover,auc,envelope,0.9189115039207345,0.08108849607926549,0.0625428950922518,learner,0.4430159973688555,learner,0.008488148564214542,0.17770789180491534,960,1.0000000000000002,64
BPIC14,handover,brier_skill,envelope,0.6623793108360478,0.33762068916395216,0.30436490587850396,rung,0.39044116365904524,rung,0.009085165889034403,0.05900892652423751,960,0.9999999999999999,64
BPIC14,handover,logloss_skill,envelope,0.6697913367496522,0.3302086632503478,0.30528506152506907,rung,0.5184969843614786,rung,0.006512943879334054,0.03956234229828917,960,0.9999999999999999,64
BPIC14,handover,nagelkerke,envelope,0.8577474805122208,0.14225251948777917,0.1304775814369371,learner,0.5915986087360897,learner,0.02155556704226823,0.16459399917547235,960,0.9999999999999998,64
BPIC14,handover,ap,envelope,0.8236219868823988,0.17637801311760115,0.15793970368906274,learner,0.7420561558848422,learner,0.0002451592796449724,0.009389397644096784,960,1.0,65
BPIC14,handover,auc,envelope,0.8099456653747301,0.19005433462526988,0.17311970326657533,learner,0.4259793049828513,learner,0.010131652586373954,0.09370467052072617,960,1.0000000000000002,65
BPIC14,handover,brier_skill,envelope,0.7165141720443575,0.2834858279556425,0.22108968140492147,learner,0.30412603954624234,quality_level,0.006928688231278507,0.06660956827559153,960,1.0,65
BPIC14,handover,logloss_skill,envelope,0.8925186910232041,0.10748130897679586,0.0837106794163307,rung,0.5025958490042676,rung,0.012664835689690108,0.17872443963681947,960,1.0,65
BPIC14,handover,nagelkerke,envelope,0.7940390942392637,0.20596090576073633,0.19065332980115213,learner,0.5185250715730112,learner,0.01582982904519364,0.10959099603163651,960,1.0000000000000002,65
BPIC14,handover,ap,envelope,0.8626213491063199,0.13737865089368007,0.1259653921870184,rung,0.7314106077480559,rung,0.00017848019030907472,0.012815587737795541,960,1.0000000000000004,66
BPIC14,handover,auc,envelope,0.7143044497947709,0.2856955502052291,0.27382905614521713,learner,0.5197149866242335,learner,0.006089326324823328,0.04766771420536783,960,1.0,66
BPIC14,handover,brier_skill,envelope,0.7045805181518784,0.2954194818481216,0.26316089283135724,learner,0.4737116408565625,learner,0.00790820857218602,0.058778577178454,960,0.9999999999999999,66
BPIC14,handover,logloss_skill,envelope,0.9160364800064673,0.08396351999353269,0.06034210708291121,quality_level,0.4709849571145147,quality_level,0.006195069610044384,0.1757728221116957,960,1.0000000000000004,66
BPIC14,handover,nagelkerke,envelope,0.8398673737337456,0.16013262626625435,0.11902027318118463,learner,0.37230176633778794,learner,0.014394490050059832,0.1609029672704891,960,1.0000000000000002,66
BPIC14,handover,ap,envelope,0.8637798740353383,0.1362201259646617,0.10929535655348604,rung,0.4891049962123564,rung,0.00012470885380228334,0.013816964035739846,960,0.9999999999999996,67
BPIC14,handover,auc,envelope,0.8152921922653221,0.18470780773467788,0.17060439182625042,learner,0.5459288587084985,learner,0.014244079497603477,0.10716560278991175,960,1.0000000000000002,67
BPIC14,handover,brier_skill,envelope,0.8320663345315291,0.16793366546847088,0.14839364392533377,rung,0.4717079840586887,rung,0.012160566421739722,0.12238530612849177,960,1.0,67
BPIC14,handover,logloss_skill,envelope,0.8657183004269664,0.1342816995730336,0.10220705512858336,learner,0.448994833714978,learner,0.012164281592594053,0.17115871514523154,960,0.9999999999999999,67
BPIC14,handover,nagelkerke,envelope,0.479231593840607,0.520768406159393,0.5014994760559919,learner,0.3292826789328309,learner,0.006199636327416873,0.019834533956453293,960,1.0,67
BPIC14,handover,ap,envelope,0.8046371605317916,0.19536283946820843,0.17379725973138027,learner,0.6933131816028216,learner,0.0002444785409747245,0.010625020208274043,960,1.0,68
BPIC14,handover,auc,envelope,0.9594521565890191,0.040547843410980944,0.029058383715617198,rung,0.6793747826386692,rung,0.0035552243894244446,0.13192724131759279,960,1.0000000000000002,68
BPIC14,handover,brier_skill,envelope,0.8403668129106229,0.15963318708937713,0.14971732051911324,learner,0.6942385598735372,learner,0.013408402748961254,0.09781630453828401,960,1.0000000000000002,68
BPIC14,handover,logloss_skill,envelope,0.9096736729658161,0.09032632703418386,0.08090674902835682,rung,0.7091342994912664,rung,0.012118934135953323,0.15211778317213798,960,0.9999999999999997,68
BPIC14,handover,nagelkerke,envelope,0.8318793911015927,0.1681206088984073,0.13742808538140805,rung,0.5177771445965336,rung,0.017367443188624824,0.1485974808543282,960,1.0,68
BPIC14,handover,ap,envelope,0.9119605949413295,0.08803940505867047,0.07008910168516935,learner,0.6221981511937357,learner,0.0001346352289947853,0.020192966076467492,960,1.0,69
BPIC14,handover,auc,envelope,0.7875792435087654,0.2124207564912346,0.18566494656579519,learner,0.46620906075676677,learner,0.009752661407044722,0.0901641248041169,960,0.9999999999999998,69
BPIC14,handover,brier_skill,envelope,0.7334265566580512,0.26657344334194877,0.2570715397843384,learner,0.6253918078548365,learner,0.009747659770119701,0.05404570019424975,960,0.9999999999999998,69
BPIC14,handover,logloss_skill,envelope,0.7606574561905343,0.23934254380946574,0.2260694736449126,learner,0.5820305712205182,learner,0.012640258535757882,0.07797083464921266,960,0.9999999999999998,69
BPIC14,handover,nagelkerke,envelope,0.6151507802119106,0.3848492197880894,0.36259906297609773,learner,0.33342402755743966,learner,0.012637653991912483,0.050971102793938905,960,1.0000000000000002,69
BPIC14,handover,ap,envelope,0.8309184571408231,0.16908154285917687,0.1508133769980241,learner,0.6946682234797934,learner,0.00025013858129994515,0.009178160760575812,960,0.9999999999999998,70
BPIC14,handover,auc,envelope,0.8706125168646457,0.1293874831353543,0.12061338698189839,learner,0.6035561143290572,learner,0.010528082186205366,0.12870470948573717,960,0.9999999999999996,70
BPIC14,handover,brier_skill,envelope,0.8597090948981635,0.1402909051018365,0.12851344312914348,learner,0.6920671608036114,learner,0.010863681126351098,0.10811687559943345,960,1.0000000000000002,70
BPIC14,handover,logloss_skill,envelope,0.7941179607525005,0.20588203924749948,0.17571912781607507,quality_level,0.3807770021284948,quality_level,0.013253498586021368,0.11163324488539045,960,1.0000000000000002,70
BPIC14,handover,nagelkerke,envelope,0.9017007814535617,0.0982992185464383,0.08859538746652695,rung,0.6628164939720539,rung,0.018340102939863847,0.17864586043959144,960,1.0,70
BPIC14,handover,ap,envelope,0.8099194246908669,0.19008057530913314,0.16635363189880048,rung,0.49226132930492417,rung,0.00022186916107047957,0.014139567209333091,960,1.0,71
BPIC14,handover,auc,envelope,0.8336072126607663,0.16639278733923368,0.14362405426558716,learner,0.4995962807483058,learner,0.005251245073287246,0.07747985320881615,960,1.0000000000000002,71
BPIC14,handover,brier_skill,envelope,0.8551313505058015,0.14486864949419853,0.13571063474959344,learner,0.6933473060699347,learner,0.012375618229352476,0.10576617946289918,960,0.9999999999999998,71
BPIC14,handover,logloss_skill,envelope,0.7797386095591705,0.22026139044082949,0.1916825547568871,rung,0.49224817508570806,rung,0.012142871879678725,0.09864664855969461,960,1.0,71
BPIC14,handover,nagelkerke,envelope,0.7379917717804899,0.2620082282195101,0.22533858452825173,learner,0.42648092088235945,learner,0.01690487764197794,0.10554015166609072,960,1.0,71
BPIC14,handover,ap,envelope,0.8050005763580843,0.1949994236419157,0.1680652457806172,learner,0.692733932714851,learner,0.00024158126680460487,0.005955747846082189,960,1.0000000000000002,72
BPIC14,handover,auc,envelope,0.8260993274165284,0.17390067258347164,0.13325375193339972,learner,0.41408387594285945,learner,0.010285627105541813,0.11013515668150464,960,1.0000000000000004,72
BPIC14,handover,brier_skill,envelope,0.7982853583477973,0.20171464165220265,0.16382934867757304,quality_level,0.3372746893178272,quality_level,0.008304834708894582,0.10680014049089095,960,1.0000000000000002,72
BPIC14,handover,logloss_skill,envelope,0.6725451173902823,0.32745488260971767,0.2980279798968916,rung,0.45549830895329685,rung,0.007399687532416604,0.04959087389476348,960,1.0000000000000002,72
BPIC14,handover,nagelkerke,envelope,0.920062934765202,0.07993706523479804,0.07079231915252882,rung,0.6580214089103892,rung,0.016976060612837976,0.19399949076020825,960,0.9999999999999998,72
BPIC14,handover,ap,envelope,0.9258090547543991,0.07419094524560088,0.053388790448138934,rung,0.6398601570645104,rung,0.00013636923085874722,0.02267419683869334,960,0.9999999999999998,73
BPIC14,handover,auc,envelope,0.7245173845528399,0.27548261544716013,0.25782168117082827,rung,0.38717977530730185,rung,0.010879589846580004,0.06779533396369011,960,0.9999999999999997,73
BPIC14,handover,brier_skill,envelope,0.8197463068149737,0.18025369318502626,0.16243741944273854,learner,0.413840619014653,learner,0.011340691272824065,0.113036124036782,960,1.0000000000000002,73
BPIC14,handover,logloss_skill,envelope,0.8059706452181206,0.19402935478187944,0.15330042469258615,rung,0.3998415719088872,rung,0.018199603575552562,0.14005128483125087,960,1.0,73
BPIC14,handover,nagelkerke,envelope,0.8881338446947554,0.11186615530524457,0.10311652519765224,rung,0.7065456941764454,rung,0.02133371290299061,0.15922202724668447,960,0.9999999999999998,73
BPIC14,handover,ap,envelope,0.864111452310319,0.13588854768968095,0.1090242291418525,rung,0.4129121126861901,rung,0.00013285362374802052,0.015068141650639747,960,0.9999999999999999,74
BPIC14,handover,auc,envelope,0.9019434147085862,0.09805658529141381,0.09358929389924897,rung,0.8263753855817266,rung,0.010519421606859784,0.07863031824420676,960,1.0,74
BPIC14,handover,brier_skill,envelope,0.8749353115395906,0.1250646884604094,0.11417904947209512,quality_level,0.470321303289189,quality_level,0.008256255055422067,0.12109303662235255,960,1.0,74
BPIC14,handover,logloss_skill,envelope,0.8318471985790559,0.16815280142094413,0.13539187721935536,learner,0.4163951312132867,learner,0.011099225744460432,0.1327215842953689,960,0.9999999999999999,74
BPIC14,handover,nagelkerke,envelope,0.5019460041718722,0.4980539958281278,0.48903994953178276,learner,0.3130310079784092,learner,0.011143095404693003,0.03591987501933041,960,1.0,74
BPIC14,handover,ap,envelope,0.7590536305590675,0.2409463694409325,0.22567987370023368,learner,0.6527584657162085,learner,0.0003431767587275727,0.007583573088512194,960,1.0,75
BPIC14,handover,auc,envelope,0.8352042444020744,0.1647957555979256,0.15427174238862384,learner,0.7240346989831988,learner,0.00982879232433286,0.07258384053906843,960,0.9999999999999997,75
BPIC14,handover,brier_skill,envelope,0.7821107718239687,0.2178892281760313,0.20077911197133713,learner,0.5745733928934217,learner,0.011369765582488792,0.08839329872206475,960,1.0000000000000002,75
BPIC14,handover,logloss_skill,envelope,0.8327692595256801,0.16723074047431985,0.1466560126367522,rung,0.622099978244937,rung,0.011483353696220378,0.09715126941963477,960,0.9999999999999999,75
BPIC14,handover,nagelkerke,envelope,0.756062250269703,0.24393774973029703,0.2382525758327847,learner,0.6768358571507672,learner,0.012441665103318008,0.05130058980972055,960,1.0000000000000002,75
BPIC14,handover,ap,envelope,0.9311459532274403,0.06885404677255968,0.05062138128358712,quality_level,0.49835522919323344,learner,0.00013546201107737273,0.02112519369412917,960,1.0000000000000004,76
BPIC14,handover,auc,envelope,0.7701453204188757,0.22985467958112427,0.20109778618675223,learner,0.5603308079581523,learner,0.01123770763098475,0.07680333966780746,960,0.9999999999999996,76
BPIC14,handover,brier_skill,envelope,0.7792924510237994,0.2207075489762006,0.18445258359751965,learner,0.37927230450408717,learner,0.0083581641293797,0.08741259491631537,960,0.9999999999999999,76
BPIC14,handover,logloss_skill,envelope,0.5949822185896378,0.40501778141036215,0.382710284842196,learner,0.4635248187927788,learner,0.008211023810846058,0.03653071722394419,960,1.0000000000000002,76
BPIC14,handover,nagelkerke,envelope,0.8960127450450056,0.10398725495499439,0.08248080156259063,quality_level,0.3935766950570368,quality_level,0.016031855860744234,0.20214511146351813,960,1.0000000000000002,76
BPIC14,handover,ap,envelope,0.8053673488679282,0.19463265113207184,0.1656743762781977,rung,0.444419700770469,rung,0.0001382315242187142,0.010867225702267216,960,1.0000000000000002,77
BPIC14,handover,auc,envelope,0.6736073377281256,0.32639266227187436,0.31154786880604973,learner,0.42549419529854476,learner,0.008409021345006835,0.04829831307767013,960,1.0,77
BPIC14,handover,brier_skill,envelope,0.8931454060537396,0.1068545939462604,0.0871153220232942,quality_level,0.5029937045484565,quality_level,0.009958700748473433,0.16640841419085756,960,1.0000000000000002,77
BPIC14,handover,logloss_skill,envelope,0.8806111219907762,0.11938887800922382,0.10335294396519834,rung,0.6148469686119369,rung,0.010920354298357863,0.12829405682591555,960,1.0000000000000002,77
BPIC14,handover,nagelkerke,envelope,0.6623789268906413,0.33762107310935874,0.2994158523340718,rung,0.39379775829752,rung,0.013496019483105975,0.0686288435306244,960,0.9999999999999998,77
BPIC14,handover,ap,envelope,0.773144786921576,0.22685521307842405,0.2019017426144909,learner,0.5768129971982875,learner,0.00023489473739331547,0.010062821587436491,960,0.9999999999999998,78
BPIC14,handover,auc,envelope,0.8734445747490511,0.12655542525094887,0.09783262503644269,quality_level,0.42311735542818557,quality_level,0.006897026843320253,0.14321856878930228,960,0.9999999999999999,78
BPIC14,handover,brier_skill,envelope,0.8169492696553413,0.18305073034465869,0.15192935974685007,quality_level,0.4344733660204084,quality_level,0.009130235241047916,0.1049435021869848,960,1.0000000000000004,78
BPIC14,handover,logloss_skill,envelope,0.8910208109826995,0.10897918901730053,0.08207764702843356,rung,0.5897839878817768,rung,0.010018195555845714,0.15280462996024965,960,0.9999999999999997,78
BPIC14,handover,nagelkerke,envelope,0.9146100807332788,0.08538991926672124,0.08268279608386353,learner,0.8569086928608285,learner,0.016848088637724565,0.09695282943043769,960,0.9999999999999998,78
BPIC14,handover,ap,envelope,0.7914741180160075,0.20852588198399247,0.1933764243246735,learner,0.7131014948762153,learner,0.00012875526264380976,0.003364492299202073,960,0.9999999999999999,79
BPIC14,handover,auc,envelope,0.8867820159726392,0.11321798402736083,0.10276125668603653,rung,0.6947590220040658,rung,0.011537766630842381,0.13284553051141376,960,1.0000000000000002,79
BPIC14,handover,brier_skill,envelope,0.8056013158044883,0.19439868419551165,0.1821179102983166,learner,0.5791774681906504,learner,0.012279259311125957,0.09921584940313298,960,1.0,79
BPIC14,handover,logloss_skill,envelope,0.7139714314189699,0.2860285685810301,0.270968693280035,learner,0.4682858648055925,learner,0.015620608368359571,0.08401346396340338,960,1.0000000000000002,79
BPIC14,handover,nagelkerke,envelope,0.8808452262971322,0.11915477370286776,0.09781655013020485,rung,0.5759728133534362,rung,0.014887580235762614,0.16657817513490566,960,1.0000000000000004,79
BPIC14,handover,ap,envelope,0.7713039460019522,0.22869605399804782,0.1965449553426461,rung,0.4243733226003266,rung,0.00022605914556229187,0.012829326893226021,960,1.0,80
BPIC14,handover,auc,envelope,0.705267540107379,0.294732459892621,0.256908772216749,learner,0.49886029429075496,learner,0.008692810239542928,0.05478505557874931,960,0.9999999999999997,80
BPIC14,handover,brier_skill,envelope,0.7866292138869553,0.21337078611304472,0.18778363359918127,rung,0.5366195374517455,rung,0.010458207744336126,0.08854253332211716,960,1.0,80
BPIC14,handover,logloss_skill,envelope,0.8826181435370993,0.11738185646290067,0.08723905416377686,quality_level,0.3724258746966206,quality_level,0.013300450462679535,0.17703479065538127,960,1.0,80
BPIC14,handover,nagelkerke,envelope,0.7098601103239545,0.29013988967604554,0.2701582745278143,learner,0.4327988301031131,learner,0.020503485266317647,0.09801230387233312,960,1.0000000000000002,80
BPIC14,handover,ap,envelope,0.6506353211967838,0.3493646788032162,0.3098145426988301,rung,0.3310738176091152,rung,0.00012061418080720064,0.006491606839891775,960,0.9999999999999998,81
BPIC14,handover,auc,envelope,0.703313494359596,0.296686505640404,0.2739124632508365,rung,0.4111617737020776,rung,0.00810754520710256,0.05470267549558026,960,1.0,81
BPIC14,handover,brier_skill,envelope,0.8141049334965738,0.18589506650342624,0.1585082089127159,learner,0.47661342612521385,learner,0.008919430706231015,0.10013373235010334,960,0.9999999999999999,81
BPIC14,handover,logloss_skill,envelope,0.9471416615361601,0.052858338463839916,0.04375139674478956,quality_level,0.7524909707439907,quality_level,0.008157733396901047,0.20232312521295237,960,0.9999999999999998,81
BPIC14,handover,nagelkerke,envelope,0.6593836985202117,0.3406163014797883,0.3137428036445731,rung,0.4446403092329976,rung,0.012168128536164807,0.06344035341277841,960,0.9999999999999998,81
BPIC14,handover,ap,envelope,0.8943735274139526,0.1056264725860474,0.08044951513027687,rung,0.4703820650798792,learner,0.00016466738557214383,0.017859982156925105,960,0.9999999999999999,82
BPIC14,handover,auc,envelope,0.6037699581176861,0.3962300418823139,0.3535725021418509,learner,0.38859875251813225,learner,0.008157849798529964,0.042010942845220264,960,1.0000000000000002,82
BPIC14,handover,brier_skill,envelope,0.7543989395176174,0.24560106048238262,0.18471684669299548,learner,0.34923533368118764,learner,0.008192550707724011,0.08598564053622888,960,0.9999999999999997,82
BPIC14,handover,logloss_skill,envelope,0.8650949065628413,0.13490509343715873,0.12747220227598832,rung,0.6734844904811829,rung,0.019555838011816224,0.14359258897521873,960,1.0,82
BPIC14,handover,nagelkerke,envelope,0.8184907528182161,0.18150924718178385,0.1548024403369429,learner,0.5769187513001933,learner,0.016651355140777816,0.12717678962390722,960,0.9999999999999997,82
BPIC14,handover,ap,envelope,0.834469543745011,0.16553045625498897,0.11928894859166533,learner,0.41473957721609983,learner,0.00018268850511204206,0.016414724053012544,960,0.9999999999999999,83
BPIC14,handover,auc,envelope,0.7459879017471154,0.2540120982528846,0.2437297098932354,learner,0.5881106512315856,learner,0.010994307474036766,0.06347260952647363,960,1.0,83
BPIC14,handover,brier_skill,envelope,0.9155510880443334,0.08444891195566662,0.0759216594982488,quality_level,0.6141783635467216,quality_level,0.009278619623353876,0.1582912608224349,960,1.0,83
BPIC14,handover,logloss_skill,envelope,0.7760723991873639,0.22392760081263607,0.1561059033297485,quality_level,0.32069339185064194,rung,0.007809608675477224,0.08962014639699828,960,0.9999999999999998,83
BPIC14,handover,nagelkerke,envelope,0.7020778719740581,0.29792212802594187,0.27877614622364943,learner,0.5213969288346977,learner,0.01155638923691672,0.06329893102638699,960,1.0,83
BPIC14,handover,ap,envelope,0.8568906937324978,0.14310930626750218,0.13217241681895187,rung,0.5977794036663895,rung,0.00019362329172162957,0.015427768513091546,960,1.0000000000000004,84
BPIC14,handover,auc,envelope,0.687882878903385,0.31211712109661505,0.2867444256568321,learner,0.44339506410570073,learner,0.009709273891802251,0.06294296425884097,960,1.0000000000000002,84
BPIC14,handover,brier_skill,envelope,0.8572014754455081,0.14279852455449193,0.1273360088139403,quality_level,0.4465401191268799,quality_level,0.012362577695250168,0.1412303877230776,960,1.0,84
BPIC14,handover,logloss_skill,envelope,0.8925424905411014,0.10745750945889865,0.07204483980071624,rung,0.3745350077824452,rung,0.010847259741166076,0.18815204099939584,960,1.0,84
BPIC14,handover,nagelkerke,envelope,0.8628543432024371,0.13714565679756285,0.11227891487374037,learner,0.49064596895681073,learner,0.016892638829514944,0.1786899623393332,960,1.0,84
BPIC14,handover,ap,envelope,0.8022226795959428,0.19777732040405716,0.12627650424720416,learner,0.30266698030783956,learner,0.0002758692746239152,0.0166612261910801,960,1.0,85
BPIC14,handover,auc,envelope,0.7239930350672876,0.2760069649327124,0.2666343331584564,rung,0.5632637311590686,rung,0.007350959131451863,0.04970947780572544,960,0.9999999999999998,85
BPIC14,handover,brier_skill,envelope,0.4630650864309334,0.5369349135690666,0.46892261090631837,learner,0.23584614509560717,learner,0.006881820621335354,0.033701476630439486,960,0.9999999999999999,85
BPIC14,handover,logloss_skill,envelope,0.8173547791762474,0.18264522082375256,0.15864790161074438,learner,0.49558872365496964,learner,0.0134262993223982,0.12069044587266581,960,1.0,85
BPIC14,handover,nagelkerke,envelope,0.49688693761665814,0.5031130623833419,0.4766543366692123,learner,0.3307518237278608,learner,0.006476982388403218,0.0249051690506327,960,1.0000000000000002,85
BPIC14,handover,ap,envelope,0.8576697331005967,0.1423302668994033,0.11965926234881252,rung,0.6204090801542321,rung,0.00020644238377940687,0.017290117671761793,960,1.0000000000000002,86
BPIC14,handover,auc,envelope,0.768947188032503,0.23105281196749705,0.21079165651511678,learner,0.5400378474278966,learner,0.008156883336023593,0.06439971431549972,960,1.0,86
BPIC14,handover,brier_skill,envelope,0.8527620646964468,0.14723793530355322,0.1353521254660599,rung,0.6732453395336343,rung,0.014806710848782358,0.11661317010094616,960,1.0,86
BPIC14,handover,logloss_skill,envelope,0.8300313284745935,0.1699686715254065,0.15661394753601898,learner,0.669273908697993,learner,0.013980518692779985,0.10125604931525026,960,1.0,86
BPIC14,handover,nagelkerke,envelope,0.8923050577436948,0.10769494225630516,0.08087266699962908,learner,0.3597512797312382,quality_level,0.011639958965041114,0.174408052214793,960,1.0,86
BPIC14,handover,ap,envelope,0.8672732637895444,0.1327267362104556,0.1172418900280442,learner,0.8158454194242047,learner,0.0002627226033250204,-0.0017634964188506111,960,1.0,87
BPIC14,handover,auc,envelope,0.5813454736246473,0.4186545263753527,0.39371817478094995,rung,0.30383957654598426,rung,0.0038030803319907404,0.0199126051051449,960,1.0,87
BPIC14,handover,brier_skill,envelope,0.9129553342808152,0.08704466571918479,0.06685748257492308,rung,0.3871472390577569,rung,0.0068142233515009676,0.1994260937990738,960,1.0000000000000002,87
BPIC14,handover,logloss_skill,envelope,0.7603135355712367,0.2396864644287633,0.21253328921376452,learner,0.4597684894245954,learner,0.015286731217640466,0.1021103314466479,960,0.9999999999999999,87
BPIC14,handover,nagelkerke,envelope,0.9096439759203457,0.09035602407965426,0.06752209094095857,learner,0.4634014327992994,learner,0.015847434666921126,0.23138617755014074,960,1.0000000000000004,87
BPIC14,handover,ap,envelope,0.917203750290725,0.08279624970927502,0.07652812949876864,rung,0.8106649269194225,rung,0.00010673518364418188,0.012353944386208343,960,0.9999999999999999,88
BPIC14,handover,auc,envelope,0.7245282010061252,0.27547179899387475,0.25197065723255463,rung,0.37341115343034414,learner,0.010437497364502285,0.07374119551343898,960,1.0000000000000002,88
BPIC14,handover,brier_skill,envelope,0.9018658265609958,0.09813417343900421,0.0929275790261912,quality_level,0.7369328318523878,quality_level,0.01391552026446194,0.15391973807272138,960,1.0,88
BPIC14,handover,logloss_skill,envelope,0.6915022086588798,0.3084977913411202,0.23068905155017183,rung,0.2954645688903689,rung,0.010830727654342865,0.07430458384139824,960,1.0,88
BPIC14,handover,nagelkerke,envelope,0.6498474884467381,0.3501525115532619,0.32829220833345346,learner,0.499750336768027,learner,0.008996701454102661,0.045558712230106865,960,0.9999999999999999,88
BPIC14,handover,ap,envelope,0.7345537546907415,0.26544624530925853,0.2348690994001711,learner,0.5519998564434065,learner,0.00026937526882283143,0.010138072306168196,960,1.0,89
BPIC14,handover,auc,envelope,0.8366830403864547,0.1633169596135453,0.12790441980951966,rung,0.4627619635248927,rung,0.007597283927447748,0.10009341380757222,960,1.0,89
BPIC14,handover,brier_skill,envelope,0.7384959175648759,0.26150408243512413,0.21009896038641007,learner,0.33074199184311676,rung,0.007222498335200961,0.07530750509419823,960,1.0,89
BPIC14,handover,logloss_skill,envelope,0.8175369269832731,0.18246307301672693,0.17689244313788555,learner,0.7376286347822275,learner,0.010458909024572369,0.05689721893396787,960,1.0000000000000002,89
BPIC14,handover,nagelkerke,envelope,0.6673665743303796,0.3326334256696204,0.32168274588045587,learner,0.5908627395969299,learner,0.009961723190780744,0.03863440769838479,960,0.9999999999999996,89
BPIC14,handover,ap,envelope,0.6899880889405786,0.3100119110594214,0.2871061698724422,learner,0.5355243138128494,learner,0.00017257720852448347,0.005667861655232842,960,1.0000000000000002,90
BPIC14,handover,auc,envelope,0.6485736580792909,0.3514263419207091,0.3027864404905717,learner,0.3568208591281067,learner,0.005024152123861727,0.03906118431076446,960,1.0,90
BPIC14,handover,brier_skill,envelope,0.6565018248799962,0.3434981751200038,0.3175724517677756,learner,0.3699478758018049,learner,0.009031302861800988,0.0602821840398098,960,1.0,90
BPIC14,handover,logloss_skill,envelope,0.6462454379988661,0.35375456200113387,0.32732397916930245,rung,0.4660911640270108,rung,0.008491331323616317,0.044152640732843265,960,0.9999999999999998,90
BPIC14,handover,nagelkerke,envelope,0.7418499872914515,0.25815001270854854,0.20602603698168948,quality_level,0.3593561015871876,quality_level,0.016587408563300217,0.10916342639905209,960,1.0000000000000002,90
BPIC14,handover,ap,envelope,0.8925602148010782,0.10743978519892183,0.09690411216449102,learner,0.844427431083278,learner,0.0003476261678332815,0.010594169133789688,960,0.9999999999999998,91
BPIC14,handover,auc,envelope,0.7106662008638014,0.2893337991361986,0.27250718274015184,learner,0.5100144253549587,learner,0.005899829894817041,0.0417816556754502,960,0.9999999999999998,91
BPIC14,handover,brier_skill,envelope,0.9204149503402503,0.07958504965974966,0.07565620466761969,learner,0.8853071487824284,learner,0.00831934794294823,0.06516525450440157,960,0.9999999999999998,91
BPIC14,handover,logloss_skill,envelope,0.890454220266863,0.10954577973313695,0.09012574941404594,quality_level,0.4738379362296212,quality_level,0.010914870854111827,0.16251789843022496,960,1.0000000000000002,91
BPIC14,handover,nagelkerke,envelope,0.8690311037964058,0.1309688962035942,0.10048974000417321,learner,0.40284764778155147,learner,0.016965358474709397,0.18662808176434725,960,1.0,91
BPIC14,handover,ap,envelope,0.8613614200028668,0.13863857999713325,0.12216257080369192,learner,0.46870518106359055,learner,0.00022808063800321517,0.017209768527317232,960,1.0,92
BPIC14,handover,auc,envelope,0.5399876369572456,0.4600123630427544,0.42593842412338595,learner,0.44175796013451135,learner,0.004520458964660487,0.017450523562881615,960,1.0,92
BPIC14,handover,brier_skill,envelope,0.855315359429635,0.144684640570365,0.12379313536986158,rung,0.5895780156293714,rung,0.009970396993821838,0.1151337506319533,960,1.0,92
BPIC14,handover,logloss_skill,envelope,0.8086539432343192,0.19134605676568084,0.1690009886259951,rung,0.5553571030148077,rung,0.013013213850356612,0.10585024291621849,960,1.0000000000000002,92
BPIC14,handover,nagelkerke,envelope,0.8928941205378671,0.1071058794621329,0.09198272840495136,quality_level,0.5647369204194828,quality_level,0.014735437227733048,0.18202146723588236,960,1.0000000000000002,92
BPIC14,handover,ap,envelope,0.9223513287632763,0.0776486712367237,0.06487290199188145,rung,0.7113724380733428,rung,7.991960622411551e-05,0.016905300503332818,960,1.0,93
BPIC14,handover,auc,envelope,0.8839939461006789,0.11600605389932106,0.10899035821531178,learner,0.7521031405912826,learner,0.011223920418548665,0.09372894748797536,960,1.0000000000000002,93
BPIC14,handover,brier_skill,envelope,0.6489317059914366,0.35106829400856343,0.3186105307941055,rung,0.5078339433838023,rung,0.0052955892297595775,0.03388146259373774,960,0.9999999999999999,93
BPIC14,handover,logloss_skill,envelope,0.7286065741071939,0.27139342589280613,0.24377669815873604,learner,0.34172365754484424,learner,0.014981147494801748,0.08999166735338404,960,1.0,93
BPIC14,handover,nagelkerke,envelope,0.6546311655933543,0.3453688344066457,0.2681368686261401,rung,0.30971532988088063,rung,0.013226815134044483,0.07388425998455835,960,1.0000000000000002,93
BPIC14,handover,ap,envelope,0.6526183053230277,0.34738169467697233,0.31765098436253125,learner,0.4185012883148014,learner,0.00014569326194834427,0.006760952670595814,960,1.0,94
BPIC14,handover,auc,envelope,0.7722645428909701,0.22773545710902987,0.1836507405585323,learner,0.42086373708664976,learner,0.007293017262742629,0.07485421224375907,960,1.0000000000000004,94
BPIC14,handover,brier_skill,envelope,0.842280579818861,0.15771942018113905,0.10506194403370456,learner,0.28792923246042074,learner,0.008279212605174282,0.12200283246119467,960,0.9999999999999999,94
BPIC14,handover,logloss_skill,envelope,0.7189084040561389,0.28109159594386113,0.2537186832393311,learner,0.5074836181015127,learner,0.01150360954677585,0.07312577132143912,960,1.0000000000000002,94
BPIC14,handover,nagelkerke,envelope,0.7827852490015004,0.21721475099849963,0.19423911613723388,rung,0.5471847089893972,rung,0.014206896232534981,0.0982558336205785,960,1.0000000000000002,94
BPIC14,handover,ap,envelope,0.530515471211545,0.46948452878845504,0.4412694675740511,learner,0.44641627731648964,learner,0.00010289059851123902,0.002500257001662557,960,1.0,95
BPIC14,handover,auc,envelope,0.7820061462733819,0.21799385372661806,0.1924144827795159,rung,0.5617625395948799,rung,0.00498569033726118,0.0551623037572217,960,1.0,95
BPIC14,handover,brier_skill,envelope,0.5618104875840693,0.43818951241593074,0.4123735383044678,learner,0.4415148638688689,learner,0.004217478247013458,0.0266486368877842,960,1.0,95
BPIC14,handover,logloss_skill,envelope,0.6903397866634833,0.3096602133365167,0.25293506724062204,rung,0.35518754684142734,rung,0.012598036174281763,0.07895699453335817,960,1.0000000000000002,95
BPIC14,handover,nagelkerke,envelope,0.8630410594121323,0.13695894058786773,0.13251737894407567,learner,0.8313853845437998,learner,0.012842466789866159,0.053717427446623986,960,1.0000000000000002,95
BPIC14,handover,ap,envelope,0.8888424670094651,0.11115753299053488,0.09871605859939869,learner,0.8236442382161331,learner,0.0002222420109128597,0.0022903387508825474,960,0.9999999999999999,96
BPIC14,handover,auc,envelope,0.7480869463453127,0.2519130536546873,0.22729961872372917,learner,0.5088847500443697,learner,0.011403342149507115,0.07675557902377077,960,1.0,96
BPIC14,handover,brier_skill,envelope,0.9191978061519029,0.08080219384809706,0.07394585560579825,rung,0.8861817485796843,rung,0.007890456929319086,0.04110461619012514,960,1.0,96
BPIC14,handover,logloss_skill,envelope,0.8296806824112918,0.17031931758870822,0.1481789729551114,learner,0.504929394431965,learner,0.015252857875333321,0.13424215399699224,960,1.0,96
BPIC14,handover,nagelkerke,envelope,0.8691656392930013,0.13083436070699872,0.10008140489083583,rung,0.38221715472623186,rung,0.019731317693649445,0.2026358509799685,960,0.9999999999999997,96
BPIC14,handover,ap,envelope,0.8335295210737239,0.1664704789262761,0.12356336590636918,learner,0.5774899672140549,learner,0.00019263295622647114,0.013620992028800571,960,1.0000000000000002,97
BPIC14,handover,auc,envelope,0.8511023163075364,0.1488976836924636,0.13924735901527951,rung,0.5628257641078567,rung,0.012422691554225783,0.11480440358504722,960,1.0000000000000002,97
BPIC14,handover,brier_skill,envelope,0.8778466172030643,0.12215338279693566,0.08739720555459446,rung,0.493376517387174,rung,0.006908688829757506,0.13613265553746343,960,0.9999999999999999,97
BPIC14,handover,logloss_skill,envelope,0.8647105078449535,0.1352894921550465,0.10859770889054216,rung,0.4452187282848364,rung,0.01319339017881562,0.15087691310353066,960,1.0000000000000002,97
BPIC14,handover,nagelkerke,envelope,0.8859531803364677,0.11404681966353225,0.0932756295008772,rung,0.615354250902688,rung,0.014549845790255192,0.1631519206368219,960,1.0,97
BPIC14,handover,ap,envelope,0.8355664418662295,0.16443355813377047,0.12371180314526853,learner,0.7427549927395248,learner,7.892751518700146e-05,-0.005961911358659934,960,0.9999999999999996,98
BPIC14,handover,auc,envelope,0.8473948534480736,0.15260514655192636,0.14414161089066668,learner,0.8039175317670729,learner,0.005802287997897982,0.00942208996268704,960,1.0000000000000002,98
BPIC14,handover,brier_skill,envelope,0.8001054990087617,0.1998945009912383,0.16438206618806533,learner,0.4525659362197337,learner,0.009584797781001228,0.10516054497080497,960,0.9999999999999998,98
BPIC14,handover,logloss_skill,envelope,0.8884468775925576,0.11155312240744242,0.08571604558552909,learner,0.3811205033702098,learner,0.00998871724178937,0.15702178498878736,960,1.0000000000000002,98
BPIC14,handover,nagelkerke,envelope,0.8012531905330075,0.19874680946699252,0.18702488237169257,learner,0.6524723943278798,learner,0.014276440257589888,0.09060875755734216,960,1.0,98
BPIC14,handover,ap,envelope,0.756147605947203,0.24385239405279702,0.221312825230759,learner,0.4618416419979481,learner,0.0001442266766572282,0.008841582883516177,960,1.0,99
BPIC14,handover,auc,envelope,0.7315310118794092,0.26846898812059083,0.24862893897142235,learner,0.5214891391831727,learner,0.007264938677634581,0.05226315061563306,960,1.0,99
BPIC14,handover,brier_skill,envelope,0.9046445900820854,0.09535540991791458,0.08550866183375166,quality_level,0.5724957620124123,rung,0.008771391074775108,0.1457405462008989,960,0.9999999999999997,99
BPIC14,handover,logloss_skill,envelope,0.8410950474208523,0.15890495257914772,0.13599952681412403,rung,0.41235352366402983,rung,0.015600595468044204,0.1414450479371469,960,1.0000000000000002,99
BPIC14,handover,nagelkerke,envelope,0.9154974465024646,0.08450255349753544,0.08002430330581856,learner,0.7657161820897936,learner,0.023741877712980673,0.18833643652738674,960,0.9999999999999997,99
BPIC14,handover,ap,envelope,0.7712628780854227,0.2287371219145773,0.18704987402213924,learner,0.4058054477352433,learner,0.00017950261247057133,0.010617484585773902,960,1.0,100
BPIC14,handover,auc,envelope,0.7554496252598463,0.24455037474015373,0.230137669365307,rung,0.5091760502739966,rung,0.009437962836728722,0.07015837370215064,960,1.0,100
BPIC14,handover,brier_skill,envelope,0.7310250940895311,0.2689749059104689,0.24544984877761256,rung,0.5725819191705731,rung,0.008263030553326774,0.057215376271289656,960,0.9999999999999996,100
BPIC14,handover,logloss_skill,envelope,0.8111759018439726,0.1888240981560274,0.17124546067177338,learner,0.5806414469782278,learner,0.014869733716112677,0.10824804268448456,960,0.9999999999999997,100
BPIC14,handover,nagelkerke,envelope,0.8147976934924437,0.1852023065075563,0.1662942353273551,learner,0.5645601263675667,learner,0.018377222436310205,0.13225880658770245,960,0.9999999999999998,100
BPIC14,handover,ap,envelope,0.8481622840411978,0.15183771595880224,0.13654035893465,rung,0.6815281503150041,rung,0.00026943300146774793,0.0149443144990077,960,1.0000000000000002,101
BPIC14,handover,auc,envelope,0.8615143386971755,0.13848566130282447,0.12235313728192831,rung,0.6692219760630429,rung,0.009883189846263131,0.10821194248909913,960,1.0,101
BPIC14,handover,brier_skill,envelope,0.8369068499722536,0.16309315002774638,0.12529833406591157,rung,0.40691352042103984,rung,0.010896051084523978,0.1250177355608317,960,0.9999999999999999,101
BPIC14,handover,logloss_skill,envelope,0.7471963177773427,0.25280368222265726,0.22633806845821297,learner,0.45195150341487395,learner,0.017805544140255185,0.10511130837779703,960,0.9999999999999997,101
BPIC14,handover,nagelkerke,envelope,0.8684772458332118,0.13152275416678816,0.1221545372729782,learner,0.6890274079550424,learner,0.018219999788061877,0.13532513702897994,960,1.0000000000000002,101
BPIC14,handover,ap,envelope,0.7398274627388983,0.2601725372611017,0.21924534897498182,rung,0.41706923396638984,rung,0.00022370329064518246,0.011059211064435977,960,1.0000000000000002,102
BPIC14,handover,auc,envelope,0.8924175591564653,0.10758244084353474,0.09215423384059485,rung,0.6830754194362635,rung,0.008893452424574103,0.11579467496996333,960,0.9999999999999998,102
BPIC14,handover,brier_skill,envelope,0.6895006744524669,0.3104993255475331,0.22555389010234897,quality_level,0.24604932936596866,quality_level,0.009086202917572726,0.07424951892487183,960,0.9999999999999999,102
BPIC14,handover,logloss_skill,envelope,0.8985502844285933,0.1014497155714067,0.08759789271824014,quality_level,0.6388531537768477,quality_level,0.010469260864441903,0.16765697817030764,960,1.0,102
BPIC14,handover,nagelkerke,envelope,0.8632966824868726,0.13670331751312736,0.11223995207253201,learner,0.5112238231496854,learner,0.015870334223545494,0.16908067160863413,960,0.9999999999999998,102
BPIC14,handover,ap,envelope,0.8468858441411005,0.15311415585889954,0.1449008044239698,learner,0.5930068632090312,learner,0.0001988448532748844,0.014741985364451166,960,1.0,103
BPIC14,handover,auc,envelope,0.7920833851845757,0.20791661481542434,0.17019073030840065,learner,0.3761035447625763,learner,0.011370610084596628,0.10592820900761406,960,1.0,103
BPIC14,handover,brier_skill,envelope,0.874017129174983,0.12598287082501702,0.09913824504912394,learner,0.6867219087311052,learner,0.00919488650563991,0.11761502756890681,960,1.0,103
BPIC14,handover,logloss_skill,envelope,0.7150605569377658,0.2849394430622342,0.20339880874192195,learner,0.26601393133078466,learner,0.012697152945507075,0.09036817816596453,960,1.0000000000000002,103
BPIC14,handover,nagelkerke,envelope,0.9191212560309063,0.08087874396909367,0.0584924691194611,quality_level,0.45731004055314123,quality_level,0.009303780651279224,0.20673905865117598,960,1.0,103
BPIC14,handover,ap,envelope,0.8667373216298724,0.13326267837012762,0.10997742797249171,rung,0.45109522109356354,rung,0.00017724416366934984,0.016908116197039868,960,1.0000000000000004,104
BPIC14,handover,auc,envelope,0.9447025731669398,0.05529742683306016,0.052857916907699365,rung,0.8666626800836954,rung,0.00849446312556132,0.10146668030604286,960,1.0000000000000002,104
BPIC14,handover,brier_skill,envelope,0.7986965124181884,0.2013034875818116,0.17800785635752037,learner,0.5421540984466878,learner,0.007213421952613821,0.08360040683043997,960,1.0,104
BPIC14,handover,logloss_skill,envelope,0.696807378666739,0.30319262133326097,0.27673003936338897,rung,0.4621790253463353,rung,0.010971468038083049,0.06390745361902317,960,1.0000000000000002,104
BPIC14,handover,nagelkerke,envelope,0.45145422570158966,0.5485457742984103,0.48673739535206983,rung,0.2605833041794898,rung,0.007168595790664212,0.027861625705102384,960,1.0,104
BPIC14,handover,ap,envelope,0.8284341258920009,0.17156587410799906,0.14659555877939823,learner,0.6021682530998552,learner,0.00025279586032978094,0.0114439896299317,960,1.0000000000000002,105
BPIC14,handover,auc,envelope,0.8927444408304773,0.10725555916952267,0.09407436886200071,learner,0.5101197125253834,learner,0.0084539821893508,0.13733837276483443,960,0.9999999999999998,105
BPIC14,handover,brier_skill,envelope,0.9158641317459771,0.08413586825402286,0.0639955547712075,quality_level,0.4492230527463667,quality_level,0.005974768522259968,0.15126983634901645,960,1.0,105
BPIC14,handover,logloss_skill,envelope,0.5865497454828827,0.41345025451711725,0.38937132639553346,rung,0.34597645103328917,rung,0.00923031682299836,0.04458731141369757,960,1.0000000000000002,105
BPIC14,handover,nagelkerke,envelope,0.8205385219746018,0.17946147802539825,0.17105226770961568,learner,0.7776183491016625,learner,0.00900136211451632,0.037520139965097274,960,1.0,105
BPIC14,handover,ap,envelope,0.7789628310884568,0.22103716891154324,0.19097847869575257,learner,0.4242983588957713,learner,0.0002485740124567087,0.01343867661240592,960,0.9999999999999999,106
BPIC14,handover,auc,envelope,0.8704656346371631,0.1295343653628369,0.11066630254951643,learner,0.4267134171673616,learner,0.009741748575832276,0.1270986938625627,960,1.0,106
BPIC14,handover,brier_skill,envelope,0.8541509587247895,0.14584904127521048,0.12218164106561458,rung,0.468876090274041,rung,0.011088331301094349,0.13570143190737807,960,0.9999999999999999,106
BPIC14,handover,logloss_skill,envelope,0.7415329911707915,0.2584670088292085,0.19912569232063165,quality_level,0.2950038031283759,quality_level,0.009590670182210714,0.08852788408780858,960,0.9999999999999997,106
BPIC14,handover,nagelkerke,envelope,0.6976581307852716,0.3023418692147284,0.2609131630820005,learner,0.35538326573365364,learner,0.012662313469111302,0.08045057166035093,960,1.0000000000000002,106
BPIC14,handover,ap,envelope,0.9077648599502903,0.09223514004970967,0.07626002297815515,learner,0.6433008568649419,learner,0.00018894329341525022,0.01864986661688521,960,1.0000000000000002,107
BPIC14,handover,auc,envelope,0.7233493115169283,0.2766506884830717,0.2643933524206361,learner,0.43491918274987607,learner,0.01078436615589009,0.065657675122014,960,1.0000000000000002,107
BPIC14,handover,brier_skill,envelope,0.8571056782860478,0.14289432171395222,0.13893682296448928,rung,0.8119926942732654,rung,0.00801204975790355,0.045533843172337225,960,1.0000000000000002,107
BPIC14,handover,logloss_skill,envelope,0.7593707921916293,0.24062920780837072,0.2249217730965385,quality_level,0.36589658841373784,quality_level,0.008751131852935908,0.08265645321640071,960,0.9999999999999998,107
BPIC14,handover,nagelkerke,envelope,0.8584374407912626,0.1415625592087374,0.12109520407563001,learner,0.6157046497468137,learner,0.015575635618169617,0.1465011582758913,960,0.9999999999999999,107
BPIC14,handover,ap,envelope,0.5109863483093896,0.4890136516906104,0.389325774185976,rung,0.46663797652256017,learner,7.986507142576143e-05,-0.0015487309340633348,960,1.0000000000000002,108
BPIC14,handover,auc,envelope,0.7630441254247065,0.23695587457529355,0.22671048600999394,learner,0.4808318655108064,learner,0.008594299944094554,0.06851603472938765,960,1.0000000000000002,108
BPIC14,handover,brier_skill,envelope,0.7700551481374804,0.22994485186251956,0.21731705220028474,learner,0.5935434481770135,learner,0.010531192602913686,0.0753368727238021,960,0.9999999999999999,108
BPIC14,handover,logloss_skill,envelope,0.8181939920173782,0.1818060079826218,0.16305059083940754,rung,0.5862350355772179,rung,0.01276430792265237,0.10410760564160376,960,1.0,108
BPIC14,handover,nagelkerke,envelope,0.8862330450806568,0.11376695491934319,0.07926855417258666,rung,0.35626137213059456,rung,0.016318025581470833,0.19576721313419662,960,1.0000000000000002,108
BPIC14,handover,ap,envelope,0.7868545862178364,0.21314541378216356,0.18905962196902215,learner,0.6863187322073555,learner,0.00026019015189844303,0.001289185796269179,960,0.9999999999999998,109
BPIC14,handover,auc,envelope,0.7581003395652999,0.24189966043470013,0.23687584216267965,rung,0.6765553833548088,rung,0.0051291535980633185,0.032967641482165716,960,1.0,109
BPIC14,handover,brier_skill,envelope,0.6070695194714317,0.39293048052856827,0.32309566567116443,learner,0.26333707701310116,learner,0.012096846405803524,0.06516708026384532,960,0.9999999999999998,109
BPIC14,handover,logloss_skill,envelope,0.8889092713385781,0.11109072866142189,0.07980095103666623,quality_level,0.375049826386857,rung,0.012148638613617485,0.17200883886260962,960,1.0000000000000004,109
BPIC14,handover,nagelkerke,envelope,0.9198541831436182,0.08014581685638178,0.0682713454606223,rung,0.44565907689077033,rung,0.01582122817288208,0.23959030743476342,960,0.9999999999999999,109
BPIC14,handover,ap,envelope,0.884248127432171,0.11575187256782904,0.10767075370859103,rung,0.818665694302409,rung,0.00015038317971227823,0.011397523196288659,960,1.0000000000000004,110
BPIC14,handover,auc,envelope,0.8851130073446036,0.11488699265539637,0.10599243265467684,learner,0.6742565704339017,learner,0.01287953631307605,0.13104641002429215,960,0.9999999999999999,110
BPIC14,handover,brier_skill,envelope,0.83405670707031,0.16594329292969,0.1330566088899361,learner,0.43335376300155093,learner,0.007869012780188393,0.11236301042027873,960,1.0,110
BPIC14,handover,logloss_skill,envelope,0.9351554009458508,0.06484459905414919,0.061631130136016066,quality_level,0.7316969860005232,quality_level,0.009938754541929018,0.16022691846154968,960,1.0000000000000002,110
BPIC14,handover,nagelkerke,envelope,0.7785716692422343,0.2214283307577657,0.20545308095827042,learner,0.5297300487855525,learner,0.02038062288347301,0.11452533780732063,960,0.9999999999999998,110
BPIC14,handover,ap,envelope,0.8674708405309068,0.13252915946909316,0.0870624801160026,learner,0.4271579120278408,learner,0.00016051292122751132,0.017450104783508162,960,1.0000000000000002,111
BPIC14,handover,auc,envelope,0.8488587265663804,0.1511412734336196,0.14186104588104054,learner,0.6652956624876627,learner,0.006547724274498553,0.0638055310137369,960,0.9999999999999999,111
BPIC14,handover,brier_skill,envelope,0.6753331758423088,0.3246668241576912,0.3055764960586045,quality_level,0.4554562797916222,quality_level,0.007193044764616775,0.04611004855675256,960,0.9999999999999998,111
BPIC14,handover,logloss_skill,envelope,0.7889540479642497,0.21104595203575027,0.19604714156097847,rung,0.6358339720186276,rung,0.011957252176086291,0.07713695955794674,960,1.0,111
BPIC14,handover,nagelkerke,envelope,0.9198161789752906,0.08018382102470945,0.0637041580154073,learner,0.6576921275245571,learner,0.012824622508322845,0.19852653630567613,960,1.0000000000000002,111
BPIC14,handover,ap,envelope,0.7778374273627496,0.22216257263725037,0.19745672658273206,learner,0.6271899826274178,learner,0.0002751552505337425,0.009676419504437076,960,1.0000000000000002,112
BPIC14,handover,auc,envelope,0.8842533932201628,0.11574660677983717,0.10562975984506884,rung,0.6210272802192695,rung,0.011954944045199669,0.14327571678355322,960,1.0,112
BPIC14,handover,brier_skill,envelope,0.8247532363190339,0.17524676368096614,0.13215761986732338,rung,0.361109403718159,rung,0.011148227071758948,0.12479466803917556,960,0.9999999999999999,112
BPIC14,handover,logloss_skill,envelope,0.7693036466186554,0.23069635338134464,0.19611961731503896,learner,0.39034301854981196,learner,0.01328472639051105,0.10555979890058217,960,0.9999999999999998,112
BPIC14,handover,nagelkerke,envelope,0.9310239110453986,0.06897608895460139,0.05291827014159478,quality_level,0.5878370082546691,quality_level,0.00882228014067692,0.22175551680173794,960,0.9999999999999997,112
BPIC14,handover,ap,envelope,0.8473477740003583,0.15265222599964168,0.13887653231717045,rung,0.682942749758547,rung,8.581141746376417e-05,0.008664659804024706,960,1.0,113
BPIC14,handover,auc,envelope,0.7318569544453781,0.2681430455546219,0.23589243318256375,learner,0.4107876633681587,learner,0.011778189090929477,0.08062701712132155,960,1.0000000000000004,113
BPIC14,handover,brier_skill,envelope,0.7778968483553719,0.22210315164462813,0.1916808315085176,learner,0.40083285717084444,learner,0.010287219236289023,0.09484829246205692,960,1.0,113
BPIC14,handover,logloss_skill,envelope,0.862444969869903,0.13755503013009696,0.11619403589960176,rung,0.7921786794605611,rung,0.012571482141896462,0.048803373751615205,960,1.0,113
BPIC14,handover,nagelkerke,envelope,0.5967405664193417,0.4032594335806583,0.381411164056242,learner,0.46625950990524967,learner,0.010134696839327842,0.041176188404370755,960,0.9999999999999998,113
BPIC14,handover,ap,envelope,0.7874127832435849,0.21258721675641512,0.17057093797745504,learner,0.40610503214255445,learner,0.00019294564146858366,0.011931397023432566,960,1.0,114
BPIC14,handover,auc,envelope,0.7553295314217202,0.2446704685782798,0.23813960910488519,learner,0.6530016612564054,learner,0.010018488283330754,0.04497340177923403,960,0.9999999999999998,114
BPIC14,handover,brier_skill,envelope,0.7127848509283133,0.28721514907168666,0.25223666492935104,learner,0.4385363633153605,learner,0.009813934231113732,0.07333833252098154,960,1.0,114
BPIC14,handover,logloss_skill,envelope,0.8410250796548034,0.15897492034519656,0.1443126868872101,rung,0.7076916297621902,rung,0.010210128165941986,0.07585637475518527,960,0.9999999999999999,114
BPIC14,handover,nagelkerke,envelope,0.6583122042736033,0.34168779572639674,0.29184312224830344,learner,0.3138288078233037,learner,0.011372096559506537,0.06777403221426198,960,1.0,114
BPIC14,handover,ap,envelope,0.8701681896084719,0.12983181039152814,0.11153375199275495,learner,0.6775525581297214,learner,0.00022546228799113528,0.014641620564940214,960,1.0000000000000002,115
BPIC14,handover,auc,envelope,0.880416806339342,0.11958319366065795,0.09469297577507896,quality_level,0.39732333569709843,learner,0.007739898955168226,0.13723710399489514,960,0.9999999999999998,115
BPIC14,handover,brier_skill,envelope,0.6324527787847445,0.3675472212152555,0.33910850829559314,rung,0.4855946783225037,rung,0.006586431067014455,0.039404268798577155,960,1.0000000000000002,115
BPIC14,handover,logloss_skill,envelope,0.8272049485477354,0.1727950514522646,0.16405301335279232,learner,0.693252324945682,learner,0.016758488583716855,0.09818851962269153,960,1.0000000000000002,115
BPIC14,handover,nagelkerke,envelope,0.9140320828216935,0.08596791717830654,0.06135663199470581,rung,0.37393482557522995,rung,0.01766802746467941,0.24004077760415576,960,1.0000000000000002,115
BPIC14,handover,ap,envelope,0.8441203621784745,0.15587963782152547,0.10391467377569663,rung,0.3743113017843205,rung,0.00010441435440391184,0.013117813860907242,960,0.9999999999999999,116
BPIC14,handover,auc,envelope,0.8414794293285885,0.15852057067141145,0.12740069191595,rung,0.4776243471337412,rung,0.010404264126988541,0.119316735665847,960,1.0,116
BPIC14,handover,brier_skill,envelope,0.6233636036387875,0.3766363963612125,0.28487858626397267,rung,0.2602818243634918,rung,0.007448797421746316,0.0516794851151672,960,1.0000000000000002,116
BPIC14,handover,logloss_skill,envelope,0.7145135487658932,0.28548645123410676,0.24532509019366955,learner,0.39083504874575914,learner,0.0123248374966163,0.08726367067009264,960,0.9999999999999999,116
BPIC14,handover,nagelkerke,envelope,0.6460634298784225,0.35393657012157753,0.3185206525525319,learner,0.38401407109626784,learner,0.011445537881713028,0.0603773445672275,960,1.0,116
BPIC14,handover,ap,envelope,0.7048024577690103,0.2951975422309897,0.2731186589734108,learner,0.35619055566528607,rung,0.00024638621859289755,0.010596237413026646,960,1.0,117
BPIC14,handover,auc,envelope,0.6498483227461134,0.35015167725388663,0.3296346480274593,rung,0.33112069013905526,rung,0.008092589281975216,0.04806992050982069,960,1.0000000000000002,117
BPIC14,handover,brier_skill,envelope,0.7805980119190699,0.21940198808093014,0.19952889384550665,learner,0.5409106534804604,learner,0.010483173528093373,0.08815358537087098,960,0.9999999999999999,117
BPIC14,handover,logloss_skill,envelope,0.7867350492471021,0.21326495075289786,0.1553483861603,learner,0.33394828480518624,rung,0.009101269277969252,0.09821707231061094,960,1.0000000000000002,117
BPIC14,handover,nagelkerke,envelope,0.8332709267714982,0.16672907322850183,0.1265317959153453,quality_level,0.5783989896338662,rung,0.011419880732648751,0.13704475457070533,960,1.0,117
BPIC14,handover,ap,envelope,0.8779688786713786,0.12203112132862137,0.11345030230693298,rung,0.7988962007555908,rung,0.00013489299338075776,0.00927415596747284,960,0.9999999999999999,118
BPIC14,handover,auc,envelope,0.7627334853435088,0.23726651465649118,0.20778295242835276,learner,0.37471757870995526,learner,0.007850988154685701,0.07384594048487046,960,1.0000000000000002,118
BPIC14,handover,brier_skill,envelope,0.8609618336679726,0.13903816633202737,0.119988463016799,rung,0.5120323014142268,rung,0.011348518623142565,0.13411955102830694,960,1.0,118
BPIC14,handover,logloss_skill,envelope,0.8531911004333876,0.14680889956661236,0.12846632628158727,learner,0.5584709635203676,learner,0.011369193408451519,0.13227262006211601,960,1.0,118
BPIC14,handover,nagelkerke,envelope,0.8088215868627402,0.1911784131372598,0.16455713928163085,rung,0.52280652132572,rung,0.019509823193583343,0.1275589492434805,960,1.0,118
BPIC14,handover,ap,envelope,0.7899108330812248,0.21008916691877522,0.19141245804135443,learner,0.5254708722363508,learner,0.00019069257252717534,0.010098831599167166,960,1.0,119
BPIC14,handover,auc,envelope,0.6282642754464913,0.3717357245535087,0.33827630951626314,learner,0.3501062350029526,learner,0.006459396785377527,0.04160306939562857,960,1.0000000000000002,119
BPIC14,handover,brier_skill,envelope,0.7297104930231166,0.27028950697688336,0.23068616689094334,quality_level,0.4270123682307587,quality_level,0.00863063698667251,0.07416475255873192,960,1.0,119
BPIC14,handover,logloss_skill,envelope,0.8154391073965641,0.1845608926034359,0.1329771918750723,quality_level,0.3115625645421883,quality_level,0.012653440156133101,0.14132861178393336,960,1.0000000000000002,119
BPIC14,handover,nagelkerke,envelope,0.9071741799156827,0.09282582008431728,0.08291217320152744,rung,0.6965029096486175,rung,0.02144922130161404,0.19743630926215291,960,1.0000000000000002,119
BPIC14,handover,ap,envelope,0.7845017255142824,0.21549827448571757,0.19844517542093787,learner,0.6725102834957563,learner,0.0002194899838577776,0.007375051649921064,960,0.9999999999999999,120
BPIC14,handover,auc,envelope,0.7730047604992564,0.22699523950074363,0.16110957054273956,learner,0.3165289006219597,learner,0.009095071376378574,0.08962624986949203,960,0.9999999999999997,120
BPIC14,handover,brier_skill,envelope,0.8177471328110719,0.18225286718892808,0.16382462832660516,learner,0.5911369996718834,learner,0.010503007046288749,0.09907232999581354,960,1.0,120
BPIC14,handover,logloss_skill,envelope,0.8632245440055056,0.13677545599449437,0.09719910577124657,quality_level,0.4244457224092085,learner,0.010731624377542435,0.15136784933090683,960,1.0000000000000002,120
BPIC14,handover,nagelkerke,envelope,0.8361642626309796,0.16383573736902035,0.10923427138924197,learner,0.3681731201221117,learner,0.01015780714693184,0.13036325881149524,960,1.0000000000000002,120
BPIC14,handover,ap,envelope,0.80596027791782,0.19403972208218,0.1851484757396905,rung,0.705194412454325,rung,0.00013678416048697975,0.007345627372290971,960,1.0,121
BPIC14,handover,auc,envelope,0.8480685503491466,0.15193144965085337,0.14339673397649622,learner,0.7384808627241229,learner,0.0068005970527792265,0.05021292296766697,960,0.9999999999999999,121
BPIC14,handover,brier_skill,envelope,0.8994272699389096,0.10057273006109035,0.08614410779115678,rung,0.624735779296068,rung,0.008566505141606697,0.13280986851765716,960,1.0000000000000002,121
BPIC14,handover,logloss_skill,envelope,0.8719040502541104,0.12809594974588956,0.09908055548861411,rung,0.45865567650169686,rung,0.01139246109006102,0.15378548778830514,960,1.0,121
BPIC14,handover,nagelkerke,envelope,0.863884803773001,0.13611519622699897,0.12757580222119258,learner,0.6646060998809796,learner,0.024876814463108306,0.16579960620003323,960,1.0000000000000002,121
BPIC14,handover,ap,envelope,0.7542483218761843,0.2457516781238157,0.22130531321421631,rung,0.4516345577363421,rung,0.0001626157185256833,0.010109500842330746,960,1.0,122
BPIC14,handover,auc,envelope,0.9037215112428887,0.09627848875711131,0.07314308582034706,quality_level,0.49414371899170634,quality_level,0.006482051152412952,0.12616091145213956,960,1.0000000000000002,122
BPIC14,handover,brier_skill,envelope,0.8915525184688959,0.10844748153110406,0.07794430841744987,rung,0.3635919884669427,rung,0.009240931467454732,0.16190571392444825,960,1.0000000000000004,122
BPIC14,handover,logloss_skill,envelope,0.789419636007786,0.21058036399221403,0.1753430734957373,rung,0.47097033582557146,rung,0.014759865929674125,0.11567494651995379,960,1.0,122
BPIC14,handover,nagelkerke,envelope,0.6576160716428203,0.3423839283571797,0.32207070958974016,rung,0.5250754147313093,rung,0.01040976368703468,0.04534968265606818,960,0.9999999999999998,122
BPIC14,handover,ap,envelope,0.8265965622603979,0.1734034377396021,0.16309763324122173,learner,0.7869435511421939,learner,0.0003641452619123104,0.0057237672144699265,960,0.9999999999999999,123
BPIC14,handover,auc,envelope,0.6595149314411834,0.34048506855881655,0.3105429871301751,learner,0.31434254673635037,learner,0.010043959854759353,0.05998421740936015,960,1.0,123
BPIC14,handover,brier_skill,envelope,0.8110790057706959,0.18892099422930408,0.17004339573945138,rung,0.594960167536949,rung,0.010487361465209647,0.09155850371245838,960,1.0,123
BPIC14,handover,logloss_skill,envelope,0.8588683975497046,0.14113160245029543,0.12310786465862367,learner,0.5996687348585087,learner,0.0136777838964128,0.1360937018530822,960,1.0000000000000002,123
BPIC14,handover,nagelkerke,envelope,0.7843684508459492,0.2156315491540508,0.18186119547967416,rung,0.4197044528089686,rung,0.020468234996220813,0.13440574377416314,960,1.0,123
BPIC14,handover,ap,envelope,0.8754294105764036,0.12457058942359645,0.08643195788339703,learner,0.4857804793605804,learner,0.0001640118916880433,0.017625331468890382,960,1.0,124
BPIC14,handover,auc,envelope,0.7876005677683475,0.21239943223165247,0.19376339275948629,rung,0.4474133058320263,rung,0.012348756144569973,0.09790992307089146,960,1.0,124
BPIC14,handover,brier_skill,envelope,0.7221445680805763,0.27785543191942375,0.2259450595077942,rung,0.37028997463191093,rung,0.011773078201072087,0.08480440326274342,960,1.0,124
BPIC14,handover,logloss_skill,envelope,0.5476558909872219,0.4523441090127781,0.41163376901878446,learner,0.3094720475124153,learner,0.007141223900063985,0.03631313249278676,960,0.9999999999999999,124
BPIC14,handover,nagelkerke,envelope,0.7531082397630582,0.24689176023694182,0.20590348230243788,rung,0.42937514547523864,rung,0.015917629297729694,0.10665244828556097,960,1.0,124
BPIC14,handover,ap,envelope,0.7099681302822222,0.29003186971777783,0.27861793710814153,learner,0.5111754101004765,learner,0.00018883115612360917,0.005666574654908192,960,0.9999999999999999,125
BPIC14,handover,auc,envelope,0.827872975556151,0.17212702444384897,0.16903188011971637,learner,0.7540622871187308,learner,0.013503506205682598,0.06190195134129968,960,0.9999999999999999,125
BPIC14,handover,brier_skill,envelope,0.7831905010230986,0.21680949897690138,0.17547185739577004,quality_level,0.38314871144484747,quality_level,0.013436895799573172,0.11642231802754299,960,0.9999999999999999,125
BPIC14,handover,logloss_skill,envelope,0.8266509889538028,0.17334901104619715,0.13878723711478635,quality_level,0.35928871079988567,quality_level,0.01140585489804948,0.13296248575669517,960,0.9999999999999999,125
BPIC14,handover,nagelkerke,envelope,0.8104211448092806,0.18957885519071938,0.1666581289063671,rung,0.6570404253795925,rung,0.014164529126809327,0.08860446659225096,960,1.0000000000000002,125
BPIC14,handover,ap,envelope,0.9022939846585301,0.09770601534146994,0.07437614480999943,learner,0.4683776282540205,learner,0.00016548729255645383,0.02026459696243212,960,1.0,126
BPIC14,handover,auc,envelope,0.9029108263326442,0.09708917366735581,0.08019960678835969,rung,0.6118231643142715,rung,0.0063177858858777915,0.13301130032598496,960,0.9999999999999999,126
BPIC14,handover,brier_skill,envelope,0.8595481212665563,0.14045187873344367,0.10485176697507015,learner,0.3641801118331303,learner,0.008803562661820462,0.13165535694823377,960,0.9999999999999999,126
BPIC14,handover,logloss_skill,envelope,0.8578730662803007,0.1421269337196993,0.0962233776735375,quality_level,0.3262189771084074,rung,0.016056788164657172,0.17195815107409154,960,0.9999999999999997,126
BPIC14,handover,nagelkerke,envelope,0.915610350009468,0.084389649990532,0.06367945901928357,learner,0.42394599235872804,learner,0.013032579452971314,0.21858235759996097,960,1.0000000000000002,126
BPIC14,handover,ap,envelope,0.8617330313447522,0.1382669686552478,0.11703844316919076,rung,0.5274057702245246,rung,0.00011357435192837154,0.0135957883135852,960,1.0000000000000002,127
BPIC14,handover,auc,envelope,0.7975048573877812,0.2024951426122188,0.1859882558008099,rung,0.5295329758788593,rung,0.01077300981882842,0.09126669758341362,960,1.0,127
BPIC14,handover,brier_skill,envelope,0.7979252831636947,0.2020747168363053,0.15011824726072293,quality_level,0.3081849764651603,rung,0.011426641873526731,0.11421857715246209,960,0.9999999999999999,127
BPIC14,handover,logloss_skill,envelope,0.7945410700989488,0.2054589299010512,0.16148234882137796,rung,0.3891330900629925,rung,0.012157513888686121,0.11132478410175857,960,1.0000000000000002,127
BPIC14,handover,nagelkerke,envelope,0.8946784010450515,0.10532159895494853,0.09878029643325636,learner,0.880078013401703,learner,0.008070839044007745,0.025724416131933357,960,1.0000000000000002,127
BPIC14,handover,ap,envelope,0.8832740350236137,0.11672596497638632,0.10024809458247153,learner,0.7365263462701857,learner,0.0002554076751671823,0.016607104645775327,960,1.0,128
BPIC14,handover,auc,envelope,0.6677031583140022,0.3322968416859978,0.32293668920058194,rung,0.5119505900470411,rung,0.0067993570092057705,0.040510370580209544,960,0.9999999999999998,128
BPIC14,handover,brier_skill,envelope,0.8645626550381933,0.1354373449618067,0.12124943736674931,rung,0.8281785478951165,rung,0.004546412777811811,0.03049682976468317,960,1.0000000000000002,128
BPIC14,handover,logloss_skill,envelope,0.7842683998241242,0.21573160017587578,0.20265527005059947,learner,0.5657114419568076,learner,0.015918498664217746,0.09926991487215903,960,0.9999999999999998,128
BPIC14,handover,nagelkerke,envelope,0.7583378783814966,0.24166212161850342,0.22369420644551197,learner,0.5668473996948953,learner,0.022224194032361273,0.10508469411229462,960,1.0000000000000002,128
BPIC14,handover,ap,envelope,0.7988478449659289,0.20115215503407113,0.1652169941783142,rung,0.39290247722309696,rung,0.00021262487808304471,0.013408964562618149,960,0.9999999999999998,129
BPIC14,handover,auc,envelope,0.8786361426831495,0.12136385731685051,0.11541207019672883,learner,0.7532429583274682,learner,0.010674826106128838,0.09876055398395875,960,1.0000000000000002,129
BPIC14,handover,brier_skill,envelope,0.6099439609314455,0.39005603906855446,0.3770231566973177,learner,0.5162119691265533,learner,0.0033755574493306404,0.019718744790763004,960,0.9999999999999998,129
BPIC14,handover,logloss_skill,envelope,0.6584761536935553,0.3415238463064447,0.2996892451200685,rung,0.38296683490976097,rung,0.00867400027713107,0.05368803802740639,960,0.9999999999999998,129
BPIC14,handover,nagelkerke,envelope,0.900081836319922,0.099918163680078,0.08796976708144577,rung,0.7025912817746649,rung,0.017445351539704772,0.17567512419857603,960,0.9999999999999998,129
BPIC14,handover,ap,envelope,0.6002740191038971,0.3997259808961029,0.3764408039398424,rung,0.2966182641247461,learner,0.00011100602425833124,0.0054842099159141304,960,1.0,130
BPIC14,handover,auc,envelope,0.8279591911047217,0.17204080889527829,0.15225966246621309,learner,0.39044921553975126,learner,0.010893408914592492,0.10861283746511115,960,1.0000000000000002,130
BPIC14,handover,brier_skill,envelope,0.7913953538052951,0.20860464619470487,0.1641374508762224,learner,0.3785572500734767,learner,0.010370248976316174,0.10745722860789661,960,0.9999999999999999,130
BPIC14,handover,logloss_skill,envelope,0.7853649124692922,0.2146350875307078,0.20223701477137457,learner,0.682131796173787,learner,0.010529366129760404,0.061906166302627345,960,0.9999999999999997,130
BPIC14,handover,nagelkerke,envelope,0.6956869184061641,0.30431308159383585,0.2918626542430801,learner,0.5781512954248171,learner,0.009954448897147868,0.047800782524713065,960,1.0000000000000002,130
BPIC14,handover,ap,envelope,0.7320029554936205,0.2679970445063795,0.24920130178953726,rung,0.6135519244081147,rung,0.00011774678864341023,0.00569991476313375,960,1.0,131
BPIC14,handover,auc,envelope,0.824137729701365,0.175862270298635,0.1526233988830023,learner,0.4588957926817207,learner,0.010220198741275338,0.10316432018009619,960,0.9999999999999998,131
BPIC14,handover,brier_skill,envelope,0.9265326717573041,0.07346732824269586,0.06252761802516382,quality_level,0.6827858454794894,quality_level,0.008426740917794696,0.17130776645552298,960,1.0000000000000004,131
BPIC14,handover,logloss_skill,envelope,0.8624677305323957,0.13753226946760433,0.12878804163086932,rung,0.7367890528747708,rung,0.00950558490176741,0.07609123177205189,960,1.0000000000000002,131
BPIC14,handover,nagelkerke,envelope,0.7192867799209532,0.28071322007904675,0.24775600303276563,rung,0.4578367211733532,rung,0.018685169288424685,0.09601705103834772,960,1.0,131
BPIC14,handover,ap,envelope,0.7266930667157799,0.27330693328422007,0.2446424982264953,learner,0.653535934414158,learner,0.00014379903958532388,0.0026116849522851366,960,1.0000000000000007,132
BPIC14,handover,auc,envelope,0.9613625942850991,0.03863740571490093,0.03203800003161017,rung,0.8719784831372047,rung,0.008778201992318291,0.1476700753598855,960,1.0,132
BPIC14,handover,brier_skill,envelope,0.8043413797966288,0.19565862020337121,0.1701549120817034,quality_level,0.46667258603360917,quality_level,0.011958742680212905,0.11386227734860442,960,0.9999999999999998,132
BPIC14,handover,logloss_skill,envelope,0.8031403794100073,0.19685962058999273,0.16226639328924325,quality_level,0.40746794455274055,quality_level,0.012447675892314332,0.12086624599812458,960,1.0000000000000002,132
BPIC14,handover,nagelkerke,envelope,0.6706491798380227,0.32935082016197725,0.3122783167758397,learner,0.5045783209117002,learner,0.01223161267515804,0.055363589468086664,960,1.0,132
BPIC14,handover,ap,envelope,0.870606423743505,0.12939357625649495,0.08375557467740147,rung,0.3622304024743552,learner,0.00012724699740302667,0.01771173120163639,960,0.9999999999999999,133
BPIC14,handover,auc,envelope,0.8886922044715319,0.11130779552846815,0.1058688729673275,rung,0.823648863869302,rung,0.007592985056470017,0.05730379165318572,960,1.0000000000000002,133
BPIC14,handover,brier_skill,envelope,0.7451282118659961,0.2548717881340039,0.22709967961345578,rung,0.5088458610893973,rung,0.006503658426978857,0.06118586291051687,960,0.9999999999999999,133
BPIC14,handover,logloss_skill,envelope,0.8487219049965553,0.1512780950034447,0.1442848387053769,learner,0.7454965452812045,learner,0.013488028531436757,0.08561727210507927,960,0.9999999999999999,133
BPIC14,handover,nagelkerke,envelope,0.8724826011893723,0.12751739881062774,0.10980787649870327,rung,0.5853266543282597,rung,0.012560006524072164,0.13993100370358166,960,0.9999999999999999,133
BPIC14,handover,ap,envelope,0.783167926372838,0.21683207362716195,0.1908255805893787,learner,0.5154406477033004,learner,0.0002387765099717773,0.012863219784513725,960,0.9999999999999997,134
BPIC14,handover,auc,envelope,0.7426979190495029,0.2573020809504971,0.22874159132438038,learner,0.4192491912723851,learner,0.009409703031980497,0.06907483373022588,960,1.0000000000000002,134
BPIC14,handover,brier_skill,envelope,0.7637874121386177,0.23621258786138233,0.2148712488082576,rung,0.5244730422848806,rung,0.009991258751756158,0.0787693373238658,960,0.9999999999999998,134
BPIC14,handover,logloss_skill,envelope,0.8674522075433847,0.1325477924566153,0.10548358930108293,quality_level,0.3659883689585761,quality_level,0.010606983407528695,0.14313143859535365,960,1.0,134
BPIC14,handover,nagelkerke,envelope,0.7235876714172786,0.27641232858272136,0.2588124290152132,learner,0.4070545895862677,rung,0.016422584475399512,0.08693490282817891,960,0.9999999999999998,134
BPIC14,handover,ap,envelope,0.800620944111678,0.19937905588832205,0.1594465280280717,rung,0.3853698821391897,learner,0.0002026638912449797,0.013590658591901438,960,1.0,135
BPIC14,handover,auc,envelope,0.8215591419352477,0.1784408580647523,0.1177528197849409,learner,0.360757130070342,learner,0.008936119439984165,0.11572616309867254,960,0.9999999999999999,135
BPIC14,handover,brier_skill,envelope,0.7927622824120367,0.20723771758796328,0.19588018145238995,learner,0.6199030521112568,learner,0.010285784117731695,0.07737745729043337,960,1.0,135
BPIC14,handover,logloss_skill,envelope,0.8353620326825277,0.16463796731747227,0.1535875041172886,rung,0.6716102709321865,rung,0.016320103046054513,0.10860090163950359,960,0.9999999999999997,135
BPIC14,handover,nagelkerke,envelope,0.7655814118978282,0.23441858810217175,0.2283981883047118,learner,0.7030475572328683,learner,0.010960615024199113,0.045794557162175537,960,0.9999999999999994,135
BPIC14,handover,ap,envelope,0.8749606712477666,0.12503932875223345,0.09832464363171933,learner,0.5376885861126958,learner,0.0001230876355323927,0.013730795360667118,960,1.0000000000000002,136
BPIC14,handover,auc,envelope,0.7665147318780718,0.23348526812192816,0.19420941357921329,rung,0.39020805809205694,rung,0.0049964010004202655,0.06325983589906212,960,1.0,136
BPIC14,handover,brier_skill,envelope,0.8900503690246124,0.10994963097538757,0.10398010743576136,rung,0.7574684552306091,rung,0.012840698049614617,0.11585144620268749,960,0.9999999999999999,136
BPIC14,handover,logloss_skill,envelope,0.8337614308944592,0.1662385691055408,0.15244596841747704,learner,0.4735790784343962,learner,0.02081309557548943,0.15389270796576796,960,0.9999999999999999,136
BPIC14,handover,nagelkerke,envelope,0.8820094502573359,0.1179905497426641,0.10003866936871386,rung,0.4814049136923402,rung,0.01689254123660901,0.17820569883955337,960,1.0000000000000002,136
BPIC14,handover,ap,envelope,0.7616168857880883,0.23838311421191172,0.20757225757192388,rung,0.3729617128345681,learner,0.000199832030720229,0.011211892766884432,960,0.9999999999999999,137
BPIC14,handover,auc,envelope,0.8497946774673379,0.15020532253266206,0.13592916859158527,rung,0.4266219590579143,rung,0.011607008963418139,0.11806279910604825,960,0.9999999999999998,137
BPIC14,handover,brier_skill,envelope,0.6731890940617272,0.3268109059382728,0.2955118021928164,rung,0.4619513912372804,rung,0.007437328667681951,0.04907816255361471,960,1.0,137
BPIC14,handover,logloss_skill,envelope,0.8046307768377903,0.19536922316220973,0.16723703156744757,learner,0.4164442350102347,learner,0.014039755555166532,0.12204099368175911,960,1.0000000000000002,137
BPIC14,handover,nagelkerke,envelope,0.8616362195071113,0.13836378049288867,0.10976896334228226,learner,0.3688116244617978,learner,0.020360138210216386,0.19007954401959726,960,1.0,137
BPIC14,handover,ap,envelope,0.8260588733799523,0.17394112662004768,0.1563162786028377,learner,0.5734791489934422,learner,0.00017773948230460888,0.011759074092917952,960,0.9999999999999999,138
BPIC14,handover,auc,envelope,0.3825226307406439,0.617477369259356,0.5977121580697375,learner,0.24872816043712104,learner,0.002359907619496015,0.010359379567880673,960,1.0000000000000002,138
BPIC14,handover,brier_skill,envelope,0.8153567856384694,0.18464321436153064,0.1758874060174619,rung,0.7315394576120007,rung,0.009820202077644408,0.05554057376517986,960,0.9999999999999998,138
BPIC14,handover,logloss_skill,envelope,0.8458870804683838,0.1541129195316162,0.11590890968904394,learner,0.35804503813206356,learner,0.013529628805553053,0.14972465674588184,960,0.9999999999999996,138
BPIC14,handover,nagelkerke,envelope,0.799312082230452,0.20068791776954797,0.1950135147092118,learner,0.7151224295619323,learner,0.014517375395550553,0.06352256256320152,960,0.9999999999999998,138
BPIC14,handover,ap,envelope,0.772230849962744,0.22776915003725595,0.1992021147299261,learner,0.5883559846632949,learner,0.00020577936668029093,0.009568811498641833,960,0.9999999999999997,139
BPIC14,handover,auc,envelope,0.8328195353596617,0.1671804646403383,0.15772248123176136,learner,0.6045751030513332,learner,0.010347857957170335,0.09070055786538217,960,1.0000000000000002,139
BPIC14,handover,brier_skill,envelope,0.6917628746865052,0.3082371253134948,0.2937200639180035,learner,0.47928718408978294,learner,0.006291344924319104,0.04814728621836357,960,1.0,139
BPIC14,handover,logloss_skill,envelope,0.9481116898464192,0.05188831015358075,0.043656980813180146,quality_level,0.5960854867089024,quality_level,0.005418413448265795,0.1781869560862237,960,1.0,139
BPIC14,handover,nagelkerke,envelope,0.8001300305498545,0.19986996945014546,0.1396755064842336,learner,0.2833963210604434,learner,0.021939682017915414,0.1583448044629372,960,1.0,139
BPIC14,handover,ap,envelope,0.9329811705171418,0.0670188294828582,0.062336407309773745,rung,0.8996217579178268,rung,0.00015923216132724115,0.008792100171745804,960,0.9999999999999994,140
BPIC14,handover,auc,envelope,0.9025098839034577,0.09749011609654235,0.07691891815094665,rung,0.5097225905259994,rung,0.008124897451299889,0.15262765677656215,960,0.9999999999999997,140
BPIC14,handover,brier_skill,envelope,0.672929613372256,0.327070386627744,0.28970489422154105,rung,0.386605234846571,rung,0.007957673779753613,0.06040096392239684,960,1.0000000000000004,140
BPIC14,handover,logloss_skill,envelope,0.8483672147291768,0.15163278527082324,0.13697069668942352,rung,0.6553671863771585,rung,0.012425911607366339,0.10612593359032985,960,1.0,140
BPIC14,handover,nagelkerke,envelope,0.8157086675000629,0.18429133249993712,0.1500372894181064,rung,0.38763550807185215,rung,0.022810465042785232,0.1595439083521159,960,0.9999999999999996,140
BPIC14,handover,ap,envelope,0.8529112882505541,0.14708871174944593,0.1345604086490484,rung,0.7820344498406712,rung,8.165343294709118e-05,0.005744830109627284,960,0.9999999999999998,141
BPIC14,handover,auc,envelope,0.7387263096968792,0.26127369030312075,0.2418431580128122,rung,0.5394441018944957,rung,0.006412000803228922,0.055080734724093,960,1.0000000000000002,141
BPIC14,handover,brier_skill,envelope,0.793406141014565,0.20659385898543503,0.18058723859380477,rung,0.5318292126844779,rung,0.011827677979801403,0.09906942775131938,960,0.9999999999999999,141
BPIC14,handover,logloss_skill,envelope,0.9193399936739912,0.08066000632600878,0.0719593818237092,rung,0.7257788790967694,rung,0.016762249111681025,0.17821427800257572,960,0.9999999999999999,141
BPIC14,handover,nagelkerke,envelope,0.852924555446311,0.14707544455368904,0.11307111691690791,quality_level,0.37260534081673025,quality_level,0.019654407894235903,0.1845112473938372,960,1.0,141
BPIC14,handover,ap,envelope,0.7695307353581186,0.23046926464188144,0.19234344201562437,rung,0.4582558039183928,rung,9.488686702025552e-05,0.00858651445680053,960,1.0000000000000002,142
BPIC14,handover,auc,envelope,0.9019505701041004,0.0980494298958996,0.07928154277379607,learner,0.41360812054711793,rung,0.010085962191885695,0.1653670181658723,960,1.0000000000000002,142
BPIC14,handover,brier_skill,envelope,0.7842436527169061,0.2157563472830939,0.18937626461196633,learner,0.5112023677827793,learner,0.011107182937981967,0.09514053075554357,960,1.0,142
BPIC14,handover,logloss_skill,envelope,0.7570839364423874,0.24291606355761264,0.2111521822818282,learner,0.4797874174913752,learner,0.015842580529528815,0.1037573892827508,960,0.9999999999999998,142
BPIC14,handover,nagelkerke,envelope,0.7356296588268882,0.26437034117311176,0.21006703660014836,rung,0.36482878020523846,rung,0.019630055800904978,0.11889239704776705,960,0.9999999999999998,142
BPIC14,handover,ap,envelope,0.8346236656033147,0.1653763343966853,0.14909771154082985,learner,0.7661819463798024,learner,0.00030497661031784925,0.0080878536444155,960,1.0000000000000002,143
BPIC14,handover,auc,envelope,0.8107947432263195,0.1892052567736805,0.1701377641680054,rung,0.5553011829185694,rung,0.009912719628660381,0.09731008682556357,960,1.0,143
BPIC14,handover,brier_skill,envelope,0.7802349969551405,0.21976500304485946,0.19181994282200343,rung,0.5101048466115405,rung,0.010040947282764211,0.08748428772262574,960,1.0000000000000002,143
BPIC14,handover,logloss_skill,envelope,0.8370122737140757,0.16298772628592428,0.143576124604472,rung,0.5810004177063143,rung,0.01254412282090914,0.11117572529345308,960,1.0,143
BPIC14,handover,nagelkerke,envelope,0.5424524156052555,0.4575475843947445,0.42856418640010496,rung,0.34493395317820286,rung,0.007419276842874618,0.03597329707290626,960,1.0,143
BPIC14,handover,ap,envelope,0.9266822373551727,0.07331776264482726,0.06528795370961349,rung,0.8902955140539551,rung,0.00017221967319363862,0.009432710844893165,960,1.0,144
BPIC14,handover,auc,envelope,0.9150440677833542,0.08495593221664577,0.0761127513029406,rung,0.7175151483137219,rung,0.008216480185969446,0.1224107454188515,960,0.9999999999999999,144
BPIC14,handover,brier_skill,envelope,0.7778154848579484,0.22218451514205162,0.1973000049274264,rung,0.6516851577251781,rung,0.005849754637540062,0.048945446385546224,960,0.9999999999999999,144
BPIC14,handover,logloss_skill,envelope,0.8756569230866994,0.1243430769133006,0.08953863150004887,rung,0.4040678636234815,rung,0.011124256927303438,0.171112299861005,960,1.0,144
BPIC14,handover,nagelkerke,envelope,0.819431433346376,0.18056856665362397,0.1686182120447376,rung,0.6502379568834094,rung,0.021730040067295155,0.11910106846144777,960,0.9999999999999998,144
BPIC14,handover,ap,envelope,0.8049307078067679,0.1950692921932321,0.17996892699881784,learner,0.5110343119270467,learner,0.00022979357925575542,0.014290586464711404,960,1.0000000000000002,145
BPIC14,handover,auc,envelope,0.7185003542427306,0.2814996457572694,0.26616841620046394,learner,0.5594409371321426,learner,0.01227239100896038,0.06204859112549877,960,1.0,145
BPIC14,handover,brier_skill,envelope,0.6412974000112934,0.35870259998870657,0.31566856790080905,quality_level,0.3367563371595813,rung,0.008592915926154571,0.052976090892042055,960,0.9999999999999999,145
BPIC14,handover,logloss_skill,envelope,0.7948587407491302,0.2051412592508698,0.15708888383144654,learner,0.3283245555777298,learner,0.011722920385936959,0.11337814382598668,960,0.9999999999999998,145
BPIC14,handover,nagelkerke,envelope,0.8089326733564969,0.19106732664350312,0.17120170821481684,rung,0.5518095215347594,rung,0.02017201391732611,0.12633651663466752,960,0.9999999999999998,145
BPIC14,handover,ap,envelope,0.8915694192809069,0.10843058071909306,0.09514985826772393,learner,0.8560167645066661,learner,0.0002138598834759801,0.0072915184525059115,960,0.9999999999999999,146
BPIC14,handover,auc,envelope,0.5961459844038575,0.40385401559614253,0.36544393037301726,learner,0.449722768873683,learner,0.004492742557025942,0.02280269369081265,960,1.0000000000000002,146
BPIC14,handover,brier_skill,envelope,0.8784707323191507,0.12152926768084926,0.09489847591992762,quality_level,0.5073858508762825,learner,0.00520189883672756,0.12071597657814129,960,1.0000000000000007,146
BPIC14,handover,logloss_skill,envelope,0.7584619358450937,0.2415380641549063,0.22154616808551864,rung,0.561208307331332,rung,0.013879013743687257,0.0837163573637479,960,0.9999999999999998,146
BPIC14,handover,nagelkerke,envelope,0.7425604954942672,0.25743950450573283,0.24432000555948563,learner,0.6685066389513764,learner,0.008598453422068244,0.042147874414613755,960,0.9999999999999999,146
BPIC14,handover,ap,envelope,0.8801349794023199,0.11986502059768012,0.08615322886282506,learner,0.5602322653074425,learner,0.00020837191728778138,0.014518589393377085,960,1.0,147
BPIC14,handover,auc,envelope,0.8240417790114667,0.1759582209885333,0.14017033118551586,learner,0.4658284572643699,learner,0.01190209949739287,0.11305596082018451,960,1.0000000000000002,147
BPIC14,handover,brier_skill,envelope,0.744384324617458,0.25561567538254204,0.21037105542817525,rung,0.3505131039901589,rung,0.0125302850143323,0.0962211125569471,960,1.0,147
BPIC14,handover,logloss_skill,envelope,0.7643385964933671,0.2356614035066329,0.19707599568381434,rung,0.47291978791628825,rung,0.009821453699719747,0.08273798241026478,960,1.0000000000000002,147
BPIC14,handover,nagelkerke,envelope,0.7940146227900624,0.2059853772099376,0.18260891815248292,rung,0.5713015721686929,rung,0.01480922792781495,0.10024749331352162,960,1.0,147
BPIC14,handover,ap,envelope,0.8057880017242767,0.19421199827572333,0.1714270411378639,learner,0.752105705964248,learner,0.0002109589004967071,0.004404214576802245,960,1.0000000000000002,148
BPIC14,handover,auc,envelope,0.8816230796899336,0.11837692031006641,0.1100341169397433,rung,0.696811108349252,rung,0.01162692583606586,0.11736887333659143,960,1.0000000000000002,148
BPIC14,handover,brier_skill,envelope,0.8332476790933597,0.16675232090664027,0.15371572520322185,rung,0.7163729810099001,rung,0.009152532032650844,0.0659485925430638,960,1.0000000000000002,148
BPIC14,handover,logloss_skill,envelope,0.6831656242630576,0.3168343757369424,0.2942750883162921,rung,0.3365708092474511,rung,0.013237768542812054,0.07560542388480551,960,0.9999999999999999,148
BPIC14,handover,nagelkerke,envelope,0.889421251105954,0.11057874889404595,0.09072966424649043,quality_level,0.5422124101699838,quality_level,0.011457604787328449,0.18060608835341035,960,1.0,148
BPIC14,handover,ap,envelope,0.6279549020895607,0.37204509791043927,0.3319227812364147,learner,0.3958598492660096,learner,0.00016682690202144033,0.0063614430012196655,960,1.0,149
BPIC14,handover,auc,envelope,0.8834892982373135,0.11651070176268652,0.09002144252343464,rung,0.4292401514365444,rung,0.005107472771963627,0.11215557494302865,960,0.9999999999999998,149
BPIC14,handover,brier_skill,envelope,0.7035313027053905,0.29646869729460945,0.25136850840283,rung,0.44290335309554696,rung,0.00956545383435817,0.06851157993491536,960,1.0,149
BPIC14,handover,logloss_skill,envelope,0.9038817511356464,0.0961182488643536,0.08986258474062436,learner,0.8148600242483263,learner,0.01456419348292181,0.10924202513837648,960,1.0,149
BPIC14,handover,nagelkerke,envelope,0.3909113684630156,0.6090886315369843,0.6019922581386106,learner,0.26636572416144544,learner,0.005393934810339893,0.017254109976243645,960,0.9999999999999998,149
BPIC14,handover,ap,envelope,0.8808802462626344,0.11911975373736561,0.10927547984984376,learner,0.7789358012655475,learner,0.00028067239841231484,0.012003688746707673,960,0.9999999999999999,150
BPIC14,handover,auc,envelope,0.8126334317968811,0.18736656820311892,0.17314003040001558,learner,0.6237369320993311,learner,0.014083506041245496,0.0949907749473225,960,1.0000000000000002,150
BPIC14,handover,brier_skill,envelope,0.893213816100804,0.10678618389919603,0.0936063065209064,quality_level,0.5273197268152173,quality_level,0.007841792415472433,0.146565465022877,960,0.9999999999999997,150
BPIC14,handover,logloss_skill,envelope,0.8307952117883161,0.16920478821168394,0.1413605214234267,rung,0.5255645123476825,rung,0.016033234930083202,0.13501583446394358,960,1.0,150
BPIC14,handover,nagelkerke,envelope,0.8791746232925749,0.1208253767074251,0.10053656763612917,learner,0.5711171984284529,learner,0.019020383918957225,0.19393261326286507,960,1.0000000000000004,150
BPIC14,handover,ap,envelope,0.9099491170320222,0.09005088296797781,0.0672482071814422,rung,0.5405900697740863,rung,0.00011883985252303518,0.0180756342308619,960,0.9999999999999999,151
BPIC14,handover,auc,envelope,0.8915443652937552,0.10845563470624475,0.09152121204066055,rung,0.6041391955748131,rung,0.009598638073842392,0.13386904790384563,960,1.0000000000000004,151
BPIC14,handover,brier_skill,envelope,0.832997115936241,0.16700288406375896,0.15871997348950095,learner,0.7009402720124467,learner,0.008271218833053888,0.07278845297803908,960,0.9999999999999997,151
BPIC14,handover,logloss_skill,envelope,0.6584682516997847,0.34153174830021527,0.2877359488909691,learner,0.3218241488581002,learner,0.00988502453159084,0.06400373564578954,960,1.0,151
BPIC14,handover,nagelkerke,envelope,0.7953915558006248,0.20460844419937518,0.177695621608165,rung,0.5336009303219216,rung,0.014552959628974302,0.1124314512524176,960,1.0000000000000002,151
BPIC14,handover,ap,envelope,0.846160717622156,0.15383928237784406,0.12190350086559093,rung,0.48723152524183294,rung,0.00018237477765431075,0.016663950704264897,960,0.9999999999999998,152
BPIC14,handover,auc,envelope,0.8362140715201727,0.16378592847982731,0.1282910112022848,rung,0.39917503672019183,rung,0.00972670214495393,0.11218925133481697,960,1.0000000000000004,152
BPIC14,handover,brier_skill,envelope,0.6465895407387187,0.35341045926128134,0.33833069221315004,learner,0.5417038167541297,learner,0.006160602708260863,0.03429399697714706,960,1.0,152
BPIC14,handover,logloss_skill,envelope,0.8444993811445981,0.1555006188554019,0.14866413774430998,rung,0.7297464834450866,rung,0.014862993765463815,0.0947009391599421,960,1.0000000000000002,152
BPIC14,handover,nagelkerke,envelope,0.9407535109940455,0.05924648900595453,0.0553627537295589,rung,0.8377142110324813,rung,0.02442461581253992,0.1971453739834721,960,0.9999999999999997,152
BPIC14,handover,ap,envelope,0.8809158155935679,0.11908418440643209,0.09178477107245508,learner,0.4901795829527261,learner,0.00022778527585390758,0.019026240520861198,960,0.9999999999999999,153
BPIC14,handover,auc,envelope,0.7411260344964401,0.2588739655035599,0.2493935111615989,rung,0.49313083272570346,rung,0.006831958338013488,0.0554609303565937,960,0.9999999999999999,153
BPIC14,handover,brier_skill,envelope,0.7134792125595463,0.28652078744045373,0.26099066718799124,rung,0.5310739380729887,rung,0.0078107035094605185,0.05562781252848737,960,0.9999999999999998,153
BPIC14,handover,logloss_skill,envelope,0.876947371773453,0.12305262822654695,0.10874043944880585,rung,0.6823039335776904,rung,0.011558276352984958,0.11677270974574555,960,1.0,153
BPIC14,handover,nagelkerke,envelope,0.8358744549434168,0.16412554505658317,0.1461427801743933,learner,0.5790888607859986,learner,0.010991127724090128,0.10975622673205511,960,0.9999999999999999,153
BPIC14,handover,ap,envelope,0.8511030576911974,0.14889694230880257,0.1308076034576492,rung,0.6181307506153194,rung,0.00010369855520413598,0.01088962142544666,960,0.9999999999999998,154
BPIC14,handover,auc,envelope,0.9277365395175796,0.07226346048242038,0.05434000812970147,learner,0.42326629332404225,learner,0.005916518044240009,0.1639543229569615,960,1.0,154
BPIC14,handover,brier_skill,envelope,0.8108967432156801,0.18910325678431994,0.17549497296933592,rung,0.7029326012806375,rung,0.008635556580449157,0.054990523610460744,960,1.0000000000000002,154
BPIC14,handover,logloss_skill,envelope,0.8366829420092834,0.1633170579907166,0.1387333231274378,learner,0.518444855079304,learner,0.011937926985538892,0.12867265287434296,960,1.0000000000000007,154
BPIC14,handover,nagelkerke,envelope,0.8621640177321098,0.13783598226789018,0.1302785751984884,rung,0.7414940872586784,rung,0.014765034847944777,0.10172014254921972,960,0.9999999999999999,154
BPIC14,handover,ap,envelope,0.7505000378729326,0.24949996212706738,0.2248681206721279,learner,0.55232825867748,learner,0.0003115636875358215,0.012337921907466708,960,0.9999999999999999,155
BPIC14,handover,auc,envelope,0.8211965023095391,0.1788034976904609,0.15866032538365826,rung,0.5605596889119628,rung,0.008461699200802896,0.0910719963086051,960,0.9999999999999998,155
BPIC14,handover,brier_skill,envelope,0.7116156918467398,0.2883843081532602,0.22920032384314715,rung,0.34042283228832226,rung,0.009234945593942777,0.07557220081640531,960,1.0,155
BPIC14,handover,logloss_skill,envelope,0.8442555348252443,0.1557444651747557,0.15005819775108975,learner,0.78512274224072,learner,0.007111097237270327,0.0457888915925839,960,1.0,155
BPIC14,handover,nagelkerke,envelope,0.7523393142507422,0.24766068574925781,0.1795746325390727,learner,0.2894864712030249,rung,0.015574965880702347,0.11330031890570283,960,1.0,155
BPIC14,handover,ap,envelope,0.8280261353472342,0.17197386465276576,0.14733640636458029,learner,0.4795697069937433,learner,0.00016612265429805122,0.01270816023713772,960,0.9999999999999998,156
BPIC14,handover,auc,envelope,0.7886356082493732,0.21136439175062682,0.16963469585309154,rung,0.39843252565344434,rung,0.010158688506384236,0.09685139045348252,960,1.0,156
BPIC14,handover,brier_skill,envelope,0.6409203730643327,0.3590796269356673,0.32465083085234664,learner,0.39206545763247774,learner,0.006724785888890746,0.0477147841175784,960,0.9999999999999998,156
BPIC14,handover,logloss_skill,envelope,0.8326915186486071,0.16730848135139287,0.1470515523843694,rung,0.5976064227058425,rung,0.012033432575007998,0.10010754881898591,960,1.0,156
BPIC14,handover,nagelkerke,envelope,0.8274957836801853,0.17250421631981472,0.1489658769802229,learner,0.49766056790236524,learner,0.018799791129818232,0.14843281626113417,960,1.0000000000000004,156
BPIC14,handover,ap,envelope,0.8934983939658057,0.10650160603419434,0.09563765743046926,learner,0.8429884310021992,learner,0.00031657812062998856,0.010893308977237098,960,1.0,157
BPIC14,handover,auc,envelope,0.8572173540395713,0.14278264596042867,0.1315874161249787,rung,0.5470638925213486,rung,0.009655150257622506,0.11480149876293294,960,1.0000000000000004,157
BPIC14,handover,brier_skill,envelope,0.8024471894938802,0.19755281050611984,0.15791933264067654,rung,0.4096543898096188,rung,0.010045169584004266,0.10122202559656544,960,0.9999999999999999,157
BPIC14,handover,logloss_skill,envelope,0.7441916581624707,0.2558083418375293,0.23186150309761505,learner,0.4294055535668941,learner,0.013257539154047211,0.08585022469564219,960,0.9999999999999999,157
BPIC14,handover,nagelkerke,envelope,0.8416055930451788,0.1583944069548212,0.1150741440240226,quality_level,0.3808142339303716,rung,0.013625573161605762,0.16801140431844033,960,0.9999999999999997,157
BPIC14,handover,ap,envelope,0.863597962012593,0.13640203798740702,0.11378448668426155,rung,0.5790165709509693,rung,0.00011865505904742244,0.013665400680593898,960,1.0,158
BPIC14,handover,auc,envelope,0.702238952894385,0.297761047105615,0.2593088138882306,rung,0.3774989224607092,rung,0.009054368706515357,0.07236841165095283,960,0.9999999999999998,158
BPIC14,handover,brier_skill,envelope,0.9192404218496882,0.08075957815031176,0.0735968298187325,quality_level,0.7769212213630309,quality_level,0.00930954430225116,0.1460996733468113,960,0.9999999999999999,158
BPIC14,handover,logloss_skill,envelope,0.6249276076035714,0.37507239239642864,0.35816645624759347,learner,0.4396154279162301,learner,0.009416394227817475,0.0474777276224219,960,1.0,158
BPIC14,handover,nagelkerke,envelope,0.712310136410178,0.28768986358982196,0.2410653908103758,learner,0.32091624244175,learner,0.019650716578944252,0.10299361054724866,960,1.0,158
BPIC14,handover,ap,envelope,0.8957924422583954,0.10420755774160462,0.07502688854371409,rung,0.48001000495535395,rung,0.00013266422773045158,0.022487372245806648,960,1.0000000000000002,159
BPIC14,handover,auc,envelope,0.6096466382288717,0.39035336177112834,0.36434431485995256,learner,0.545963984294578,learner,0.006689897285514615,0.02016059863995316,960,0.9999999999999997,159
BPIC14,handover,brier_skill,envelope,0.8123913061266532,0.18760869387334678,0.1493830814607101,learner,0.419750961374601,learner,0.009620727077204525,0.10960175563996098,960,1.0,159
BPIC14,handover,logloss_skill,envelope,0.7924771869439264,0.20752281305607356,0.1973340840500749,rung,0.7014201348505557,rung,0.011553293305377054,0.05899162528418833,960,0.9999999999999997,159
BPIC14,handover,nagelkerke,envelope,0.8249792038085748,0.1750207961914252,0.16414518306535353,learner,0.6483902835768746,learner,0.016817062310330314,0.1124662430507231,960,1.0000000000000002,159
BPIC14,handover,ap,envelope,0.7995436737272659,0.20045632627273413,0.17760736276160688,learner,0.4438026061102553,learner,0.00011549379372396679,0.008474979443081152,960,1.0,160
BPIC14,handover,auc,envelope,0.8006848843433731,0.19931511565662685,0.18708944130845517,learner,0.7300812670768376,learner,0.009342821880627319,0.03728779227332213,960,1.0,160
BPIC14,handover,brier_skill,envelope,0.8886521734593196,0.11134782654068043,0.09163009592814775,learner,0.5086494974875717,learner,0.01134939053776412,0.163625253862169,960,0.9999999999999999,160
BPIC14,handover,logloss_skill,envelope,0.8968478097439657,0.10315219025603428,0.091776882949407,rung,0.6403712712513041,rung,0.014567220487534943,0.16473221775265645,960,1.0,160
BPIC14,handover,nagelkerke,envelope,0.89906523553781,0.10093476446218996,0.09248172880652927,quality_level,0.5336916380962323,rung,0.007500470100755601,0.14497299903247368,960,1.0000000000000002,160
BPIC14,handover,ap,envelope,0.8625571141414092,0.13744288585859077,0.09701027784809124,learner,0.41383663696263184,learner,0.00017595552936856712,0.01790099516738173,960,1.0000000000000002,161
BPIC14,handover,auc,envelope,0.7863724611832265,0.21362753881677354,0.18900962352031203,learner,0.5688862970449703,learner,0.003509671371471575,0.046837199012619866,960,1.0,161
BPIC14,handover,brier_skill,envelope,0.8191552935053493,0.18084470649465068,0.15670607542907633,rung,0.541276506650216,rung,0.011383870033411821,0.10799174377212506,960,1.0,161
BPIC14,handover,logloss_skill,envelope,0.7410953610626546,0.2589046389373454,0.24390124116678313,learner,0.5750437397597384,learner,0.015026094533586384,0.07940224684448731,960,0.9999999999999997,161
BPIC14,handover,nagelkerke,envelope,0.8501461255093015,0.14985387449069854,0.12761717763123331,learner,0.47224034476160487,learner,0.017336072200476667,0.16027786728689833,960,1.0,161
BPIC14,handover,ap,envelope,0.7746050007390323,0.22539499926096773,0.2090994375111681,rung,0.6033567388829381,rung,0.00015099807272072542,0.008914844125605738,960,1.0,162
BPIC14,handover,auc,envelope,0.8358148621856009,0.16418513781439914,0.151401904880769,learner,0.5935249780318045,learner,0.014360315052224149,0.11252082316631787,960,0.9999999999999998,162
BPIC14,handover,brier_skill,envelope,0.9207355511395234,0.07926444886047657,0.05215661835117186,quality_level,0.3444385859690095,learner,0.005515825806215416,0.17390745491425572,960,1.0,162
BPIC14,handover,logloss_skill,envelope,0.8117986126808698,0.18820138731913016,0.169552598672776,learner,0.4762661492562947,learner,0.01619077738941667,0.12542387240601643,960,1.0000000000000002,162
BPIC14,handover,nagelkerke,envelope,0.7586099976460143,0.24139000235398567,0.22346249764069936,rung,0.5853107226689298,rung,0.015252185786822059,0.08236133841875254,960,0.9999999999999999,162
BPIC14,handover,ap,envelope,0.8896711981240736,0.11032880187592642,0.09216608983006935,rung,0.5451917844077068,rung,0.00013722521527442628,0.016738895856698757,960,1.0,163
BPIC14,handover,auc,envelope,0.866055406094336,0.13394459390566404,0.12429402108910403,learner,0.7191829178561862,learner,0.01318345873542753,0.0966972385772836,960,0.9999999999999999,163
BPIC14,handover,brier_skill,envelope,0.7280798415550194,0.27192015844498063,0.23900984717316504,learner,0.44095737739601276,learner,0.011627003815131884,0.08348794314810959,960,1.0000000000000002,163
BPIC14,handover,logloss_skill,envelope,0.8656210925359016,0.13437890746409842,0.12538466494828993,learner,0.6554785861928103,learner,0.012613956867298813,0.12408797332724095,960,1.0000000000000002,163
BPIC14,handover,nagelkerke,envelope,0.8758147493775075,0.12418525062249253,0.08750698336504481,rung,0.41580142377211504,rung,0.012999702836930136,0.18862259539242607,960,0.9999999999999999,163
BPIC14,handover,ap,envelope,0.8073448011558494,0.1926551988441506,0.1623000366304393,rung,0.4410232874141335,rung,0.00023122345282112683,0.014808711321983144,960,1.0,164
BPIC14,handover,auc,envelope,0.6692131415918147,0.33078685840818534,0.31558426504831666,rung,0.4238183179673201,rung,0.006779725012555188,0.04373129833242535,960,1.0,164
BPIC14,handover,brier_skill,envelope,0.8797859562289025,0.12021404377109746,0.11389886981267738,learner,0.8160715177400731,learner,0.010677461828355208,0.07565083925119367,960,0.9999999999999998,164
BPIC14,handover,logloss_skill,envelope,0.6829294228621645,0.3170705771378355,0.2741822296444179,learner,0.3074863197081105,rung,0.00859967080906796,0.06249025753443833,960,1.0000000000000002,164
BPIC14,handover,nagelkerke,envelope,0.8468312413469773,0.1531687586530227,0.14641219334695366,rung,0.6115413503395938,rung,0.024782524883920562,0.15841446415571264,960,0.9999999999999998,164
BPIC14,handover,ap,envelope,0.7957279070962714,0.2042720929037286,0.17389446337667078,rung,0.6944300106179944,learner,0.00015294427740101125,-0.005079855100959298,960,0.9999999999999999,165
BPIC14,handover,auc,envelope,0.8727907063203486,0.1272092936796514,0.0939844072049581,rung,0.36659596587566073,rung,0.010889412234784212,0.15073096486936424,960,1.0,165
BPIC14,handover,brier_skill,envelope,0.61933389674223,0.38066610325776995,0.36702540300945424,learner,0.4339974551612718,learner,0.0076609584331319225,0.042960439777141424,960,0.9999999999999999,165
BPIC14,handover,logloss_skill,envelope,0.6555535263501633,0.3444464736498367,0.32356457768114066,learner,0.5263298894180978,learner,0.007045859542151259,0.03786692868316149,960,1.0000000000000002,165
BPIC14,handover,nagelkerke,envelope,0.8968488111843707,0.10315118881562935,0.08570352370853485,rung,0.6208344641950512,rung,0.010836479307766624,0.1538759718974801,960,1.0,165
BPIC14,handover,ap,envelope,0.8526317546438411,0.1473682453561589,0.1357646858199596,learner,0.7563644720907655,learner,0.0003356725779449504,0.01380061651118791,960,0.9999999999999999,166
BPIC14,handover,auc,envelope,0.8429012808183375,0.15709871918166252,0.12826977979679804,learner,0.3974165436031836,learner,0.011183817456338245,0.12176217673764578,960,1.0000000000000002,166
BPIC14,handover,brier_skill,envelope,0.8330370266530269,0.16696297334697308,0.1415948430812426,rung,0.57525091348682,rung,0.009789404867291464,0.10197244383444824,960,0.9999999999999999,166
BPIC14,handover,logloss_skill,envelope,0.7244607635056636,0.2755392364943364,0.241629512796514,learner,0.4184086115242227,learner,0.012732973199574484,0.09008712782875487,960,1.0,166
BPIC14,handover,nagelkerke,envelope,0.7953792272219511,0.2046207727780489,0.1658892329222192,rung,0.4155867766649877,rung,0.014750533336818417,0.12134659655713477,960,1.0,166
BPIC14,handover,ap,envelope,0.9283682095500769,0.07163179044992307,0.06715758135442285,learner,0.8715923081982114,learner,0.0002694338743938096,0.013062683111049578,960,0.9999999999999999,167
BPIC14,handover,auc,envelope,0.8336072671537003,0.16639273284629974,0.15256980626543704,learner,0.7027271511587684,learner,0.012560912044828124,0.07850799282837749,960,1.0000000000000002,167
BPIC14,handover,brier_skill,envelope,0.9003767659107017,0.0996232340892983,0.0768515637051691,quality_level,0.4105646892956004,quality_level,0.007113505473625328,0.16622492830096774,960,1.0,167
BPIC14,handover,logloss_skill,envelope,0.9510952305503764,0.04890476944962363,0.04137575199463006,quality_level,0.6485368794719614,quality_level,0.008148167875275199,0.23639499910031542,960,1.0,167
BPIC14,handover,nagelkerke,envelope,0.8526451594584051,0.14735484054159487,0.1426174825874693,rung,0.6530551844005289,rung,0.016707842137276534,0.12106605855316359,960,0.9999999999999999,167
BPIC14,handover,ap,envelope,0.8734526429741338,0.12654735702586617,0.10957508101438851,learner,0.6098185673107807,learner,0.00022072115376687163,0.01606576823949606,960,0.9999999999999998,168
BPIC14,handover,auc,envelope,0.7005282058510274,0.2994717941489726,0.26350954054590764,learner,0.3728255515139209,learner,0.008907910181378745,0.06250505772443521,960,1.0,168
BPIC14,handover,brier_skill,envelope,0.8435348671864582,0.1564651328135418,0.1310505117216279,rung,0.4803878037998321,rung,0.01021975721186728,0.11631102607331029,960,0.9999999999999999,168
BPIC14,handover,logloss_skill,envelope,0.8269600270659262,0.1730399729340738,0.14116714490942722,quality_level,0.44070999342377043,quality_level,0.009069313112418414,0.10664423772684067,960,0.9999999999999999,168
BPIC14,handover,nagelkerke,envelope,0.8358950941500368,0.16410490584996318,0.14874326591010278,learner,0.5823714460815842,learner,0.017350656812733515,0.13384472253330523,960,1.0,168
BPIC14,handover,ap,envelope,0.7536730052281242,0.2463269947718758,0.227779815650211,learner,0.5968831851783176,learner,0.0001703767228286475,0.007167180243661984,960,1.0000000000000002,169
BPIC14,handover,auc,envelope,0.731409709447429,0.268590290552571,0.25469721327966166,learner,0.6227763956595145,learner,0.009864464401093532,0.047458146707033425,960,1.0000000000000002,169
BPIC14,handover,brier_skill,envelope,0.6042619027688054,0.3957380972311946,0.32159661157553565,rung,0.27879725239821795,rung,0.010043176268853083,0.057702538715687514,960,1.0000000000000002,169
BPIC14,handover,logloss_skill,envelope,0.7177365404751508,0.2822634595248492,0.20366938960590214,rung,0.3115745613322864,rung,0.010715574718846438,0.09060405489757206,960,1.0,169
BPIC14,handover,nagelkerke,envelope,0.8477946027685498,0.1522053972314502,0.14242092083435598,learner,0.6370948597353119,learner,0.021347383740409256,0.14121156670826268,960,1.0000000000000002,169
BPIC14,handover,ap,envelope,0.8815906241656976,0.11840937583430244,0.0848741317925748,rung,0.40388448965973545,rung,0.00014174310273164448,0.019176314343164844,960,0.9999999999999997,170
BPIC14,handover,auc,envelope,0.916141226120205,0.08385877387979501,0.07425701976534593,learner,0.5843390240220665,learner,0.009178833940994172,0.16078216633092116,960,0.9999999999999999,170
BPIC14,handover,brier_skill,envelope,0.85622191553602,0.14377808446398,0.12611038986583656,rung,0.6034928300961404,rung,0.012770020716979535,0.12851995483742246,960,1.0000000000000002,170
BPIC14,handover,logloss_skill,envelope,0.7610778956113626,0.23892210438863737,0.21910976348042221,learner,0.5577744940788272,learner,0.011194195220144311,0.07916287091515506,960,1.0000000000000002,170
BPIC14,handover,nagelkerke,envelope,0.7282262074786541,0.2717737925213459,0.24920372538966917,learner,0.5512471996259856,learner,0.010995345002475588,0.0680769409260272,960,0.9999999999999997,170
BPIC14,handover,ap,envelope,0.9098931269057495,0.09010687309425047,0.06460660373325233,rung,0.4220994375613775,learner,0.00016616126367599812,0.020613229222125662,960,0.9999999999999996,171
BPIC14,handover,auc,envelope,0.8439677497831546,0.15603225021684541,0.1400181671142542,rung,0.6406771975443386,rung,0.009348246285026209,0.09174481947860279,960,1.0,171
BPIC14,handover,brier_skill,envelope,0.8205943166310352,0.17940568336896479,0.16363029513575322,learner,0.7187784204208382,learner,0.007133959516288682,0.05877005301827302,960,1.0,171
BPIC14,handover,logloss_skill,envelope,0.8472184504705804,0.15278154952941958,0.11741435178348802,rung,0.3994948102331747,rung,0.01194022886936988,0.13846476679420383,960,1.0,171
BPIC14,handover,nagelkerke,envelope,0.7586469338699117,0.24135306613008833,0.21095347179466523,learner,0.38898753334235564,learner,0.012395325180045432,0.09342977466974105,960,0.9999999999999998,171
BPIC14,handover,ap,envelope,0.7713802198182569,0.22861978018174312,0.21052210417112516,learner,0.687085336226761,learner,0.0002544697570219401,0.007146397141011725,960,1.0,172
BPIC14,handover,auc,envelope,0.7391883749205034,0.2608116250794966,0.2470431238752251,learner,0.690316743803398,learner,0.003201330597494604,0.0031685824553466836,960,0.9999999999999998,172
BPIC14,handover,brier_skill,envelope,0.7364302730017207,0.2635697269982793,0.21257218149378476,learner,0.3360120776622467,learner,0.006210755303857231,0.06798625092727409,960,0.9999999999999998,172
BPIC14,handover,logloss_skill,envelope,0.8704029834204273,0.12959701657957268,0.11143648999273514,learner,0.5761145172439476,learner,0.012522385641741874,0.14164070040677224,960,1.0000000000000002,172
BPIC14,handover,nagelkerke,envelope,0.8857805841427888,0.11421941585721118,0.09267481421132895,quality_level,0.40321268803942567,rung,0.01010224855144606,0.15546248378270205,960,0.9999999999999998,172
BPIC14,handover,ap,envelope,0.9183736333257105,0.08162636667428946,0.07161965597700504,rung,0.79856215151274,rung,6.564516316921411e-05,0.009632665870438041,960,0.9999999999999999,173
BPIC14,handover,auc,envelope,0.7070725066012661,0.2929274933987339,0.2542292988817201,learner,0.39053435652320867,learner,0.007096466333786431,0.05576220013235005,960,1.0000000000000002,173
BPIC14,handover,brier_skill,envelope,0.8673014550962046,0.1326985449037954,0.12199343260529605,quality_level,0.5891804850101764,quality_level,0.011537434586494116,0.1412766125999643,960,1.0000000000000002,173
BPIC14,handover,logloss_skill,envelope,0.5476122500370298,0.45238774996297015,0.3608758846493809,learner,0.22558965327175937,learner,0.01007547046756392,0.048008189748831656,960,0.9999999999999997,173
BPIC14,handover,nagelkerke,envelope,0.831999019866888,0.16800098013311204,0.15164231551977203,learner,0.5769935531463949,learner,0.017496016976909386,0.13444351379449632,960,1.0000000000000004,173
BPIC14,handover,ap,envelope,0.799928361347721,0.20007163865227895,0.166512966429185,learner,0.6540008396539847,learner,0.00012158133297984579,0.004519923178104972,960,1.0,174
BPIC14,handover,auc,envelope,0.8935009754733444,0.1064990245266556,0.07700211075218188,rung,0.5239241112259011,rung,0.008346996096507976,0.14316095803852383,960,0.9999999999999999,174
BPIC14,handover,brier_skill,envelope,0.6190481304856912,0.3809518695143088,0.31769454716504214,learner,0.29881993039583676,rung,0.006769832988508378,0.04622074266103377,960,0.9999999999999999,174
BPIC14,handover,logloss_skill,envelope,0.9201104866679168,0.07988951333208316,0.05896809366449235,quality_level,0.4148493456235292,quality_level,0.008521977728436771,0.19979642387251076,960,1.0,174
BPIC14,handover,nagelkerke,envelope,0.8198071367350972,0.1801928632649028,0.11200979156023189,quality_level,0.33132268927672254,rung,0.011292590786660766,0.16000259907732936,960,1.0,174
BPIC14,handover,ap,envelope,0.8001064616931386,0.1998935383068614,0.18689915057539852,learner,0.6470038970689421,learner,0.00013784844133840802,0.007463672353955388,960,1.0,175
BPIC14,handover,auc,envelope,0.8855165679262401,0.11448343207375988,0.08947963471188558,quality_level,0.3665225461663559,quality_level,0.007590777793918633,0.13964547078983983,960,1.0000000000000004,175
BPIC14,handover,brier_skill,envelope,0.8213841731919771,0.1786158268080229,0.13217266341195144,quality_level,0.3427145246804801,learner,0.0122753056104359,0.13278889878828418,960,1.0,175
BPIC14,handover,logloss_skill,envelope,0.7822851366212923,0.2177148633787077,0.17826817796996253,rung,0.5612445456298194,rung,0.008968846132387487,0.07465313450249761,960,0.9999999999999998,175
BPIC14,handover,nagelkerke,envelope,0.8080518010300825,0.19194819896991755,0.1732156608512052,rung,0.6296557962946582,rung,0.014709114795269528,0.0829898619732731,960,0.9999999999999999,175
BPIC14,handover,ap,envelope,0.8924743563997144,0.1075256436002856,0.08543107340439549,rung,0.5627247436118094,rung,0.0001915694630965592,0.0207579971144871,960,0.9999999999999999,176
BPIC14,handover,auc,envelope,0.8999241598031373,0.10007584019686266,0.09055245168600046,learner,0.6593328789984482,learner,0.011480913714339508,0.14656408702019919,960,1.0000000000000002,176
BPIC14,handover,brier_skill,envelope,0.7384621139934562,0.2615378860065438,0.20786913819610914,learner,0.3272434680061378,rung,0.008875425508930015,0.08158074969788559,960,1.0,176
BPIC14,handover,logloss_skill,envelope,0.836861500169476,0.16313849983052398,0.1312996012580142,learner,0.4404181936641035,learner,0.014044421603472596,0.14140792335044403,960,1.0,176
BPIC14,handover,nagelkerke,envelope,0.8537872956558806,0.14621270434411937,0.12456651428473364,rung,0.5155742186770744,rung,0.020107699252536526,0.16509486487721023,960,1.0000000000000004,176
BPIC14,handover,ap,envelope,0.7748723481215903,0.22512765187840966,0.19279518467972634,rung,0.3758715226120454,rung,0.00018315272632769044,0.011716164450313999,960,0.9999999999999999,177
BPIC14,handover,auc,envelope,0.8373247466372856,0.16267525336271438,0.1492760047903937,rung,0.6157042821772879,rung,0.011578857560677249,0.10032149586973756,960,1.0,177
BPIC14,handover,brier_skill,envelope,0.7784215854867111,0.22157841451328886,0.1569860309533554,rung,0.3005260615022548,rung,0.014574398214245192,0.11938836174364392,960,1.0000000000000002,177
BPIC14,handover,logloss_skill,envelope,0.8411707667738871,0.15882923322611286,0.12991532433167308,quality_level,0.4633821558051857,quality_level,0.010772377612775814,0.15550905148619865,960,1.0,177
BPIC14,handover,nagelkerke,envelope,0.6939800746635785,0.3060199253364215,0.26436199168065144,learner,0.3670904989069389,learner,0.013823923744261968,0.08337792735811185,960,0.9999999999999999,177
BPIC14,handover,ap,envelope,0.5480163630375102,0.4519836369624898,0.41281421844655786,learner,0.4609153611014324,learner,0.0001249906521996696,0.0027206390605428355,960,1.0000000000000004,178
BPIC14,handover,auc,envelope,0.7250042651911104,0.2749957348088896,0.24929184451060882,learner,0.5896105359166193,learner,0.007145314113512889,0.040188253056968784,960,0.9999999999999999,178
BPIC14,handover,brier_skill,envelope,0.6407000924430968,0.3592999075569032,0.29550250058219557,learner,0.29556175497624565,learner,0.009675347502819023,0.06425230797167686,960,1.0000000000000002,178
BPIC14,handover,logloss_skill,envelope,0.902495992523571,0.09750400747642896,0.08619872176720633,rung,0.8270815651047704,rung,0.010819941129125593,0.0789094950617276,960,0.9999999999999999,178
BPIC14,handover,nagelkerke,envelope,0.8396912637459832,0.16030873625401676,0.11802029614732223,quality_level,0.35221738697346766,quality_level,0.0102492554393735,0.12953099298610704,960,0.9999999999999999,178
BPIC14,handover,ap,envelope,0.8749870380089797,0.1250129619910203,0.10477935160125651,rung,0.5874712153143937,rung,0.00010273713460099169,0.012164924376496251,960,1.0,179
BPIC14,handover,auc,envelope,0.7545340903380988,0.24546590966190118,0.22068098320867857,learner,0.6238402144651576,learner,0.009251358126381596,0.05344507528431661,960,1.0,179
BPIC14,handover,brier_skill,envelope,0.8689592522189467,0.13104074778105335,0.09793215645653486,quality_level,0.48390487528486564,learner,0.0076540121409799005,0.13044252374605653,960,0.9999999999999998,179
BPIC14,handover,logloss_skill,envelope,0.7695324424637262,0.2304675575362738,0.1732044040101634,learner,0.34904305170023847,learner,0.01236484491886624,0.11008629162651318,960,0.9999999999999998,179
BPIC14,handover,nagelkerke,envelope,0.7577231359042214,0.24227686409577864,0.23520540236644427,rung,0.594415188428572,rung,0.016320961804997113,0.07994554230320408,960,1.0000000000000004,179
BPIC14,handover,ap,envelope,0.7840290377264073,0.2159709622735927,0.19521850431013332,learner,0.7239170216692234,learner,0.00023632466776644465,0.0031329626002928124,960,1.0,180
BPIC14,handover,auc,envelope,0.8649837779689886,0.13501622203101138,0.12624010191927448,rung,0.6323641874087718,rung,0.013271840102285439,0.12723983909711295,960,1.0000000000000002,180
BPIC14,handover,brier_skill,envelope,0.6329279592294588,0.36707204077054123,0.3139274653576749,learner,0.33402353095042925,learner,0.006747132013755978,0.05158061559093044,960,1.0000000000000004,180
BPIC14,handover,logloss_skill,envelope,0.8028807834300535,0.19711921656994646,0.14541219388951782,quality_level,0.31777792865268184,quality_level,0.014123902937189164,0.13301032334457533,960,1.0,180
BPIC14,handover,nagelkerke,envelope,0.8195706514847985,0.18042934851520154,0.1409192409635518,learner,0.37673189159370024,learner,0.011627381476947243,0.12728912144329,960,0.9999999999999999,180
BPIC14,handover,ap,envelope,0.8496912424314018,0.15030875756859818,0.13655094874116191,learner,0.7735477300357986,learner,0.00024171172004533968,0.005297162269684938,960,1.0,181
BPIC14,handover,auc,envelope,0.7382288483838396,0.2617711516161604,0.2387956686909607,learner,0.5573984886306024,learner,0.008664129560418794,0.056506180554266226,960,1.0000000000000002,181
BPIC14,handover,brier_skill,envelope,0.7295722094296667,0.2704277905703333,0.224359038590563,learner,0.32699903427586924,learner,0.011684036335538404,0.08714709758836324,960,1.0,181
BPIC14,handover,logloss_skill,envelope,0.7360335427595961,0.2639664572404039,0.23945459466110175,learner,0.5170994644836298,learner,0.012106679828818065,0.07588155303384359,960,1.0,181
BPIC14,handover,nagelkerke,envelope,0.5727153098412987,0.4272846901587013,0.3792798375438881,learner,0.3113396115356336,rung,0.010894196370784301,0.049429086724464937,960,0.9999999999999998,181
BPIC14,handover,ap,envelope,0.701593286756314,0.29840671324368595,0.25183009775831755,learner,0.4786908569069208,learner,0.0001677106792091251,0.007543010783529573,960,1.0,182
BPIC14,handover,auc,envelope,0.8561763867101179,0.14382361328988214,0.12906528820600682,rung,0.6111211189362948,rung,0.010477590090102613,0.10908223041121407,960,1.0000000000000002,182
BPIC14,handover,brier_skill,envelope,0.7787606410654103,0.22123935893458968,0.20024850194394028,learner,0.6391878946291768,learner,0.010408784163792413,0.0709824951238626,960,1.0000000000000002,182
BPIC14,handover,logloss_skill,envelope,0.6521311833252394,0.34786881667476055,0.29535376377236566,rung,0.49224149877055956,rung,0.005011254773648373,0.030286741673429023,960,1.0000000000000004,182
BPIC14,handover,nagelkerke,envelope,0.5617769925481181,0.4382230074518819,0.38745123691072725,learner,0.2941906621110528,learner,0.00781963382886952,0.04241677060477849,960,0.9999999999999999,182
BPIC14,handover,ap,envelope,0.8781414566569139,0.1218585433430861,0.10583261382781417,learner,0.6465442423477888,learner,0.00016290359872282243,0.013176401434227127,960,0.9999999999999999,183
BPIC14,handover,auc,envelope,0.7277977660991364,0.2722022339008636,0.24522329893023675,learner,0.5235141157151951,learner,0.010600614728251984,0.06513791052143265,960,1.0,183
BPIC14,handover,brier_skill,envelope,0.7038644002529019,0.29613559974709813,0.2689003766779633,learner,0.4957729935749754,learner,0.008929597471051555,0.06367146330403924,960,1.0000000000000002,183
BPIC14,handover,logloss_skill,envelope,0.8749543970386978,0.12504560296130218,0.10525401873923668,rung,0.541707951754253,rung,0.012827391689803704,0.14558367245793263,960,0.9999999999999998,183
BPIC14,handover,nagelkerke,envelope,0.8016787872023331,0.1983212127976669,0.1579647151756567,learner,0.3711666637450153,learner,0.021574529682557752,0.15506293193303422,960,1.0,183
BPIC14,handover,ap,envelope,0.8655297831379514,0.13447021686204863,0.11682706768218576,learner,0.5045118816311908,learner,0.000189118252705539,0.01613239959532806,960,0.9999999999999998,184
BPIC14,handover,auc,envelope,0.9100229549090653,0.08997704509093474,0.08167210146936155,rung,0.7980513675389097,rung,0.007719494801479167,0.09218742067846016,960,0.9999999999999999,184
BPIC14,handover,brier_skill,envelope,0.7288837803394587,0.27111621966054134,0.25233137731061783,learner,0.5569439687707763,learner,0.010161248307540678,0.06678137121442934,960,1.0,184
BPIC14,handover,logloss_skill,envelope,0.8045550524921475,0.19544494750785246,0.16516054195949548,learner,0.4402687973418413,learner,0.014202165276913316,0.12041801972920771,960,0.9999999999999999,184
BPIC14,handover,nagelkerke,envelope,0.861567182560427,0.13843281743957303,0.11378363269746711,quality_level,0.42677730627794574,rung,0.016346900426166426,0.17283397876724602,960,1.0000000000000002,184
BPIC14,handover,ap,envelope,0.9110612293115066,0.08893877068849343,0.05477806769730015,learner,0.3550479131761791,learner,0.00013439707170456353,0.024090836805230345,960,1.0,185
BPIC14,handover,auc,envelope,0.8639627915414363,0.1360372084585637,0.10347468331089893,rung,0.3615192996791525,rung,0.007876902029382462,0.11864690031470305,960,0.9999999999999999,185
BPIC14,handover,brier_skill,envelope,0.7960197608854028,0.20398023911459717,0.18196316686035735,learner,0.42808379209716213,learner,0.015074867578446264,0.11768975518081173,960,1.0000000000000002,185
BPIC14,handover,logloss_skill,envelope,0.6169744037441932,0.3830255962558068,0.3520648466993379,learner,0.3038212505209018,learner,0.01308522100802789,0.06084111349282834,960,1.0,185
BPIC14,handover,nagelkerke,envelope,0.7025159501829359,0.2974840498170641,0.2573872277962012,rung,0.3931561580868231,rung,0.015263995638525894,0.08608308668858561,960,1.0000000000000002,185
BPIC14,handover,ap,envelope,0.8021821782270819,0.19781782177291807,0.17014419754612053,learner,0.5090527546367773,learner,0.0001921638638054533,0.011162189315767778,960,0.9999999999999997,186
BPIC14,handover,auc,envelope,0.9123396653581831,0.08766033464181688,0.07442947156074387,rung,0.610620930351644,rung,0.009108700570949837,0.15449075932131456,960,0.9999999999999998,186
BPIC14,handover,brier_skill,envelope,0.7396951239656515,0.2603048760343485,0.2304974829130122,rung,0.4520023840208208,rung,0.00900418720242163,0.07403269235410077,960,1.0000000000000002,186
BPIC14,handover,logloss_skill,envelope,0.7861959657928931,0.21380403420710692,0.19840782104284183,learner,0.6222439168821442,learner,0.008704918581690455,0.06917770238136317,960,1.0,186
BPIC14,handover,nagelkerke,envelope,0.8891625652287343,0.11083743477126573,0.08562318443138339,learner,0.5336155317333686,learner,0.010887157722269235,0.16966401736753917,960,0.9999999999999996,186
BPIC14,handover,ap,envelope,0.7601318919195666,0.23986810808043335,0.20672234695248748,learner,0.3733089707629995,learner,0.00027955347943534465,0.012700214887122014,960,0.9999999999999999,187
BPIC14,handover,auc,envelope,0.9282084812795433,0.07179151872045675,0.05829954811768501,rung,0.6376030306554503,rung,0.005802246666586913,0.1383982915028972,960,1.0,187
BPIC14,handover,brier_skill,envelope,0.5834790795818581,0.4165209204181419,0.38579276612322205,rung,0.46598765142970283,rung,0.005999845891260194,0.026993030280281258,960,1.0,187
BPIC14,handover,logloss_skill,envelope,0.8982655201819695,0.10173447981803052,0.0910128708629715,rung,0.6795433652614034,rung,0.015110084269469836,0.16180536613385707,960,1.0000000000000002,187
BPIC14,handover,nagelkerke,envelope,0.7104730508186795,0.2895269491813205,0.23989904898325048,learner,0.38066642138171364,learner,0.018517447931140622,0.10370176970330133,960,0.9999999999999998,187
BPIC14,handover,ap,envelope,0.8736972934167799,0.12630270658322007,0.11704511907698578,learner,0.7404267286238676,learner,0.00010352239841693935,0.00954262654743017,960,1.0,188
BPIC14,handover,auc,envelope,0.9378788732535627,0.06212112674643733,0.04219739571071368,learner,0.30668784231527346,learner,0.0057001245258814625,0.18205098704704348,960,0.9999999999999997,188
BPIC14,handover,brier_skill,envelope,0.8832334041873772,0.11676659581262283,0.07905192075842626,quality_level,0.3245092138211303,rung,0.010638526979138647,0.17095048841718,960,1.0,188
BPIC14,handover,logloss_skill,envelope,0.8858323286856387,0.11416767131436134,0.089819312314243,quality_level,0.43680538170023897,quality_level,0.009036720700178587,0.16381989279167222,960,1.0,188
BPIC14,handover,nagelkerke,envelope,0.8289660611718617,0.17103393882813833,0.13239015723893593,rung,0.46162146399320986,rung,0.011922422144102357,0.12243873933628799,960,1.0,188
BPIC14,handover,ap,envelope,0.8273160958684368,0.1726839041315632,0.16290351144977278,rung,0.7032058183671125,rung,0.00018933068428108644,0.010233900741214929,960,1.0,189
BPIC14,handover,auc,envelope,0.8086274323375456,0.19137256766245436,0.14106280948956612,learner,0.3513646163830078,learner,0.012885580419845659,0.1236211159369997,960,0.9999999999999998,189
BPIC14,handover,brier_skill,envelope,0.8390619663828351,0.16093803361716486,0.12824684521607999,learner,0.4353766445804862,learner,0.013457241673714452,0.1441818143537255,960,1.0,189
BPIC14,handover,logloss_skill,envelope,0.8869682630616179,0.11303173693838209,0.07850189769205879,rung,0.35490765527823875,rung,0.011607226217249987,0.19132590844366534,960,1.0,189
BPIC14,handover,nagelkerke,envelope,0.9020013496560222,0.09799865034397781,0.07316538108437842,quality_level,0.38208131829199166,quality_level,0.014350142291007615,0.20682233151150567,960,1.0,189
BPIC14,handover,ap,envelope,0.7816247047276204,0.21837529527237964,0.1993962483422258,rung,0.5493420184407376,rung,9.560087415841669e-05,0.008575551641564216,960,1.0000000000000002,190
BPIC14,handover,auc,envelope,0.811981968663079,0.18801803133692097,0.16991665878313233,rung,0.5432433846404281,rung,0.012329076791787208,0.10839137180545036,960,1.0000000000000002,190
BPIC14,handover,brier_skill,envelope,0.8402899203278338,0.15971007967216622,0.1343969122189113,rung,0.4468681149000046,rung,0.01178096310519957,0.12818157485200238,960,0.9999999999999999,190
BPIC14,handover,logloss_skill,envelope,0.6976740870872322,0.3023259129127678,0.2874580044402748,learner,0.5787605344266217,learner,0.010034670790184243,0.052558842834160735,960,0.9999999999999999,190
BPIC14,handover,nagelkerke,envelope,0.832483688600764,0.16751631139923595,0.1539383035877192,learner,0.6102405635292402,learner,0.020795455941998546,0.13715322098102478,960,1.0000000000000002,190
BPIC14,handover,ap,envelope,0.8289796143245712,0.17102038567542877,0.1473152488577245,learner,0.6613007215489095,learner,0.00016945059686083633,0.008855642905832085,960,0.9999999999999999,191
BPIC14,handover,auc,envelope,0.829753282019245,0.17024671798075497,0.1515393586563073,rung,0.5742115331090555,rung,0.008973006544113118,0.09123909698319,960,1.0,191
BPIC14,handover,brier_skill,envelope,0.8904236309532775,0.10957636904672252,0.0956955004439326,learner,0.6492966061371304,learner,0.009151365360222243,0.13160962424966943,960,1.0,191
BPIC14,handover,logloss_skill,envelope,0.8865413709903296,0.11345862900967041,0.08350437768559715,rung,0.3956754474152815,rung,0.011905667733405925,0.16419980460963768,960,1.0000000000000002,191
BPIC14,handover,nagelkerke,envelope,0.8643257099550462,0.1356742900449538,0.11308846564787595,rung,0.4732052033281881,rung,0.019914007633421698,0.18243953756480571,960,1.0000000000000002,191
BPIC14,handover,ap,envelope,0.7373164778907886,0.2626835221092114,0.23475382635844433,learner,0.6226261025874205,learner,0.00026858392881906563,0.007535319379652591,960,1.0000000000000002,192
BPIC14,handover,auc,envelope,0.6106009114831865,0.3893990885168135,0.36632754810354146,rung,0.39501449729342814,rung,0.004051880656146333,0.028682788944771727,960,1.0000000000000002,192
BPIC14,handover,brier_skill,envelope,0.8163782594613844,0.18362174053861557,0.17378561918903224,learner,0.6909994839913062,learner,0.009302448480124225,0.07269811186250516,960,0.9999999999999997,192
BPIC14,handover,logloss_skill,envelope,0.8155704360475803,0.18442956395241972,0.15552941404025517,rung,0.42703037086458745,rung,0.018928942418035628,0.14637228688622442,960,1.0,192
BPIC14,handover,nagelkerke,envelope,0.9117168183845406,0.08828318161545945,0.06760904996626094,learner,0.3792550435748208,learner,0.014915465939017315,0.22168951421745597,960,1.0,192
BPIC14,handover,ap,envelope,0.8491152194556714,0.15088478054432863,0.13832980778025017,learner,0.7768039631352792,learner,0.00026448077802743137,0.006359696296934509,960,1.0000000000000004,193
BPIC14,handover,auc,envelope,0.7436142019633937,0.2563857980366063,0.2223125923321599,learner,0.434491648493676,learner,0.010528653877103668,0.0810954199870409,960,1.0000000000000002,193
BPIC14,handover,brier_skill,envelope,0.588381744971717,0.411618255028283,0.36666841239982384,learner,0.5370664425070953,learner,0.0022978395637072387,0.01263641729986415,960,1.0000000000000002,193
BPIC14,handover,logloss_skill,envelope,0.8960479169738773,0.10395208302612269,0.07986329313642637,quality_level,0.4444091467196051,quality_level,0.010470740665218905,0.1873362645284328,960,1.0,193
BPIC14,handover,nagelkerke,envelope,0.8326736401453674,0.16732635985463262,0.14563127056687852,rung,0.5481814006005536,rung,0.02121961522376487,0.15047268837605254,960,1.0,193
BPIC14,handover,ap,envelope,0.8620342413105583,0.13796575868944172,0.12651448842525792,learner,0.7787893723297029,learner,0.00024758422720002075,0.009423095963854046,960,1.0,194
BPIC14,handover,auc,envelope,0.8783645678090438,0.12163543219095618,0.09977985532956568,quality_level,0.45245619776013635,quality_level,0.009457889172236594,0.15621162524957188,960,1.0,194
BPIC14,handover,brier_skill,envelope,0.8140163323269054,0.1859836676730946,0.17460969447717745,learner,0.6350736061224822,learner,0.01420095126305505,0.10087298454887758,960,1.0,194
BPIC14,handover,logloss_skill,envelope,0.8878227730788675,0.11217722692113252,0.1039108621531144,learner,0.6653174859065661,learner,0.0156787747118844,0.15136705105173767,960,0.9999999999999999,194
BPIC14,handover,nagelkerke,envelope,0.7779260380212224,0.2220739619787776,0.21000236492825974,learner,0.5806232810475359,learner,0.017265442672537403,0.09181962288673992,960,1.0000000000000002,194
BPIC14,handover,ap,envelope,0.8145159030277536,0.18548409697224644,0.16478476974367096,learner,0.646540062332937,learner,0.00022028181440616893,0.01098517102650052,960,0.9999999999999996,195
BPIC14,handover,auc,envelope,0.7129471026639467,0.2870528973360533,0.26844029361250754,learner,0.5129329102755584,learner,0.01003604088946955,0.06022545065349307,960,0.9999999999999999,195
BPIC14,handover,brier_skill,envelope,0.7537462949434217,0.2462537050565783,0.2110408582757553,learner,0.4450591781052448,learner,0.013572750877404647,0.10099549326791525,960,1.0000000000000002,195
BPIC14,handover,logloss_skill,envelope,0.7665931897412535,0.23340681025874654,0.1889365694944028,rung,0.38326981481395167,rung,0.01068323896033938,0.09639972964231484,960,1.0,195
BPIC14,handover,nagelkerke,envelope,0.8876487195917763,0.11235128040822373,0.08275349189669012,learner,0.36512736739126617,learner,0.019478241160349637,0.2181102393702168,960,1.0000000000000004,195
BPIC14,handover,ap,envelope,0.5876564600383347,0.4123435399616653,0.3865578180651003,learner,0.48615858932796147,learner,0.0001441631011477486,0.0037039806901597644,960,0.9999999999999999,196
BPIC14,handover,auc,envelope,0.84244322996034,0.15755677003965995,0.14663577143810413,learner,0.6351469156166406,learner,0.01429470397114677,0.11379318914074095,960,1.0,196
BPIC14,handover,brier_skill,envelope,0.8538849958869696,0.14611500411303036,0.13579140175730986,quality_level,0.6449511313979555,quality_level,0.0078064463488859695,0.10143201650941464,960,1.0,196
BPIC14,handover,logloss_skill,envelope,0.8643722067572264,0.13562779324277363,0.10914646353424273,learner,0.5166754095642756,learner,0.012875270730071258,0.1546967458649792,960,1.0,196
BPIC14,handover,nagelkerke,envelope,0.8006403289034196,0.19935967109658037,0.14812097300672677,learner,0.31820492093522423,learner,0.010431530846524048,0.11125653838143948,960,1.0,196
BPIC14,handover,ap,envelope,0.7972748468353401,0.2027251531646599,0.18625371143927805,learner,0.7207583769420018,learner,0.00022645115585042593,0.0058443535299626745,960,1.0,197
BPIC14,handover,auc,envelope,0.8772036300106075,0.12279636998939247,0.10171366744566113,rung,0.6004425436935714,rung,0.006214876909227374,0.10396280549146318,960,1.0000000000000002,197
BPIC14,handover,brier_skill,envelope,0.8401480814368586,0.1598519185631414,0.11180822064283374,quality_level,0.31946565870043075,rung,0.011993046982662313,0.13924151126964127,960,0.9999999999999999,197
BPIC14,handover,logloss_skill,envelope,0.8975230749198286,0.10247692508017137,0.0926030272576982,rung,0.5714073707781577,rung,0.015318897718098981,0.17207450369231325,960,1.0000000000000002,197
BPIC14,handover,nagelkerke,envelope,0.8610136836542694,0.13898631634573055,0.11047249529717684,rung,0.39888708278121243,learner,0.016045653422188427,0.17128425127358057,960,1.0,197
BPIC14,handover,ap,envelope,0.7390516069786687,0.2609483930213313,0.24353589166824252,rung,0.5448398900578816,rung,0.00013136952449605233,0.0069484815203624435,960,0.9999999999999999,198
BPIC14,handover,auc,envelope,0.8615381603872828,0.13846183961271719,0.13086852665211823,rung,0.7488850859982966,rung,0.00509092000325716,0.04921384043905923,960,1.0,198
BPIC14,handover,brier_skill,envelope,0.6428604358723216,0.35713956412767844,0.3083972484054963,rung,0.4118405002656018,rung,0.005934651074943873,0.04151838689432984,960,0.9999999999999997,198
BPIC14,handover,logloss_skill,envelope,0.8719095916706444,0.1280904083293556,0.11614344945304822,learner,0.680993725770149,learner,0.013731429081786867,0.12508905661843153,960,1.0000000000000002,198
BPIC14,handover,nagelkerke,envelope,0.9455077356245952,0.054492264375404775,0.048397784859933735,quality_level,0.6737548822295154,quality_level,0.014336074479555521,0.2464575759429024,960,0.9999999999999998,198
BPIC14,handover,ap,envelope,0.613533308787213,0.386466691212787,0.36288289874084817,learner,0.37048727880579096,learner,0.00014353519683828927,0.005810666973534632,960,1.0,199
BPIC14,handover,auc,envelope,0.6886990508023807,0.3113009491976193,0.2939453537237233,learner,0.5208146884229607,learner,0.012048951689424131,0.06101853866700722,960,1.0,199
BPIC14,handover,brier_skill,envelope,0.7889357765808843,0.21106422341911568,0.17389033613032778,learner,0.36214539224926334,learner,0.010383577494461609,0.10052151937490043,960,1.0,199
BPIC14,handover,logloss_skill,envelope,0.7920988652910702,0.2079011347089298,0.182537414083631,rung,0.5132467343761515,rung,0.01983617033826504,0.12677324935644832,960,1.0,199
BPIC14,handover,nagelkerke,envelope,0.6669982917047654,0.33300170829523457,0.28767510425809023,learner,0.3091981724492033,rung,0.016354197319821847,0.07977161837002066,960,0.9999999999999998,199
