log,target,metric,measure,axis,S,S_total,involvement,levels,n_cells,scale
BPIC13_closed,handover,ap,equal-level,learner,0.026958665046556318,0.2878434392024155,0.2608847741558592,2,216,raw-within-metric
BPIC13_closed,handover,ap,equal-level,split,0.266201710487045,0.839768808240461,0.573567097753416,6,216,raw-within-metric
BPIC13_closed,handover,ap,equal-level,quality_level,0.03204334614094111,0.43443266429763283,0.4023893181566917,6,216,raw-within-metric
BPIC13_closed,handover,ap,equal-level,rung,0.04939598977083286,0.3402699368287888,0.29087394705795594,3,216,raw-within-metric
BPIC13_closed,handover,auc,equal-level,learner,0.03606114933312744,0.24571237509773503,0.2096512257646076,2,216,raw-within-metric
BPIC13_closed,handover,auc,equal-level,split,0.28660760274589797,0.8963402280590745,0.6097326253131765,6,216,raw-within-metric
BPIC13_closed,handover,auc,equal-level,quality_level,0.01629496591252936,0.2614358830577888,0.24514091714525946,6,216,raw-within-metric
BPIC13_closed,handover,auc,equal-level,rung,0.02309075794444632,0.45408410215311545,0.43099334420866914,3,216,raw-within-metric
BPIC13_closed,handover,brier_skill,equal-level,learner,0.1100927101242326,0.4526605303949784,0.3425678202707458,2,216,raw-within-metric
BPIC13_closed,handover,brier_skill,equal-level,split,0.20291856754100476,0.5420223252445933,0.33910375770358847,6,216,raw-within-metric
BPIC13_closed,handover,brier_skill,equal-level,quality_level,0.02879399924719395,0.3271164553377797,0.2983224560905858,6,216,raw-within-metric
BPIC13_closed,handover,brier_skill,equal-level,rung,0.11245820577309988,0.4706084521785565,0.3581502464054566,3,216,raw-within-metric
BPIC13_closed,handover,logloss_skill,equal-level,learner,0.19310680399153304,0.5485322862035796,0.3554254822120466,2,216,raw-within-metric
BPIC13_closed,handover,logloss_skill,equal-level,split,0.1926022359252218,0.5664850613177291,0.37388282539250733,6,216,raw-within-metric
BPIC13_closed,handover,logloss_skill,equal-level,quality_level,0.028317599285478605,0.2542811250839788,0.2259635257985002,6,216,raw-within-metric
BPIC13_closed,handover,logloss_skill,equal-level,rung,0.08355482945237655,0.3491755947484701,0.2656207652960936,3,216,raw-within-metric
BPIC13_closed,handover,nagelkerke,equal-level,learner,0.17461720237688627,0.5715773917924948,0.3969601894156085,2,216,raw-within-metric
BPIC13_closed,handover,nagelkerke,equal-level,split,0.16074299893967667,0.5978463572786417,0.43710335833896496,6,216,raw-within-metric
BPIC13_closed,handover,nagelkerke,equal-level,quality_level,0.02960072901558806,0.2491229958217989,0.21952226680621084,6,216,raw-within-metric
BPIC13_closed,handover,nagelkerke,equal-level,rung,0.07507029297447669,0.36658048317157155,0.29151019019709484,3,216,raw-within-metric
BPIC13_incidents,duration,ap,equal-level,learner,0.0032748055125167244,0.12030080820148259,0.11702600268896586,2,216,raw-within-metric
BPIC13_incidents,duration,ap,equal-level,split,0.3843879508043893,0.7370685761112806,0.3526806253068913,6,216,raw-within-metric
BPIC13_incidents,duration,ap,equal-level,quality_level,0.10934037447885703,0.2791493227703069,0.16980894829144988,6,216,raw-within-metric
BPIC13_incidents,duration,ap,equal-level,rung,0.10811256410090818,0.3737631148102712,0.265650550709363,3,216,raw-within-metric
BPIC13_incidents,duration,auc,equal-level,learner,0.025722003990620128,0.05869990738933135,0.03297790339871122,2,216,raw-within-metric
BPIC13_incidents,duration,auc,equal-level,split,0.39516598000431963,0.6843301366343159,0.2891641566299962,6,216,raw-within-metric
BPIC13_incidents,duration,auc,equal-level,quality_level,0.12916796391660273,0.24111268137120664,0.11194471745460391,6,216,raw-within-metric
BPIC13_incidents,duration,auc,equal-level,rung,0.12799743211691955,0.3886959628245575,0.26069853070763793,3,216,raw-within-metric
BPIC13_incidents,duration,brier_skill,equal-level,learner,0.11142413389672726,0.33278803832313464,0.22136390442640738,2,216,raw-within-metric
BPIC13_incidents,duration,brier_skill,equal-level,split,0.2794065553436269,0.7961562613409429,0.516749705997316,6,216,raw-within-metric
BPIC13_incidents,duration,brier_skill,equal-level,quality_level,0.01605533873259582,0.21763505257077084,0.20157971383817502,6,216,raw-within-metric
BPIC13_incidents,duration,brier_skill,equal-level,rung,0.021712123524429573,0.4645137370535698,0.4428016135291402,3,216,raw-within-metric
BPIC13_incidents,duration,logloss_skill,equal-level,learner,0.07849870483621454,0.2996900022130286,0.22119129737681406,2,216,raw-within-metric
BPIC13_incidents,duration,logloss_skill,equal-level,split,0.46829988485828694,0.8402962542603464,0.37199636940205943,6,216,raw-within-metric
BPIC13_incidents,duration,logloss_skill,equal-level,quality_level,0.015085215052014732,0.14167183937370972,0.12658662432169498,6,216,raw-within-metric
BPIC13_incidents,duration,logloss_skill,equal-level,rung,0.0286346388029492,0.2451175373792402,0.216482898576291,3,216,raw-within-metric
BPIC13_incidents,duration,nagelkerke,equal-level,learner,0.035804654564272474,0.47413635622042605,0.4383317016561536,2,216,raw-within-metric
BPIC13_incidents,duration,nagelkerke,equal-level,split,0.22761685518678632,0.867295666804498,0.6396788116177117,6,216,raw-within-metric
BPIC13_incidents,duration,nagelkerke,equal-level,quality_level,0.029141598105088123,0.5258979818592513,0.4967563837541632,6,216,raw-within-metric
BPIC13_incidents,duration,nagelkerke,equal-level,rung,0.0037446011538001685,0.26118296440232286,0.2574383632485227,3,216,raw-within-metric
BPIC13_incidents,handover,ap,equal-level,learner,0.016687331319892407,0.05361709017952818,0.03692975885963577,2,216,raw-within-metric
BPIC13_incidents,handover,ap,equal-level,split,0.07120837222156381,0.14583524160712494,0.07462686938556112,6,216,raw-within-metric
BPIC13_incidents,handover,ap,equal-level,quality_level,0.09872314635999897,0.18015416304527268,0.08143101668527371,6,216,raw-within-metric
BPIC13_incidents,handover,ap,equal-level,rung,0.6933491149894829,0.773591470681559,0.08024235569207605,3,216,raw-within-metric
BPIC13_incidents,handover,auc,equal-level,learner,0.024082753119995526,0.08742779978313792,0.06334504666314239,2,216,raw-within-metric
BPIC13_incidents,handover,auc,equal-level,split,0.10273772519074162,0.18171781485566577,0.07898008966492415,6,216,raw-within-metric
BPIC13_incidents,handover,auc,equal-level,quality_level,0.1924541407348575,0.29037977226876616,0.09792563153390865,6,216,raw-within-metric
BPIC13_incidents,handover,auc,equal-level,rung,0.5323864090866399,0.6240009591229607,0.0916145500363208,3,216,raw-within-metric
BPIC13_incidents,handover,brier_skill,equal-level,learner,0.005101253487079985,0.1450580587380172,0.1399568052509372,2,216,raw-within-metric
BPIC13_incidents,handover,brier_skill,equal-level,split,0.17202784447819622,0.42303638980050084,0.25100854532230465,6,216,raw-within-metric
BPIC13_incidents,handover,brier_skill,equal-level,quality_level,0.34654951158167996,0.4819325115892489,0.13538300000756892,6,216,raw-within-metric
BPIC13_incidents,handover,brier_skill,equal-level,rung,0.16873456430576145,0.39288125917990346,0.22414669487414202,3,216,raw-within-metric
BPIC13_incidents,handover,logloss_skill,equal-level,learner,0.08473585824147317,0.4791912948701367,0.3944554366286635,2,216,raw-within-metric
BPIC13_incidents,handover,logloss_skill,equal-level,split,0.3573974720977646,0.8351761145314613,0.4777786424336967,6,216,raw-within-metric
BPIC13_incidents,handover,logloss_skill,equal-level,quality_level,0.032548693544474344,0.20157449567419206,0.1690258021297177,6,216,raw-within-metric
BPIC13_incidents,handover,logloss_skill,equal-level,rung,0.0037325220286613973,0.18765484212464967,0.18392232009598827,3,216,raw-within-metric
BPIC13_incidents,handover,nagelkerke,equal-level,learner,0.054171491828792454,0.5180009557879796,0.4638294639591871,2,216,raw-within-metric
BPIC13_incidents,handover,nagelkerke,equal-level,split,0.2477305821895587,0.8657918091349998,0.6180612269454411,6,216,raw-within-metric
BPIC13_incidents,handover,nagelkerke,equal-level,quality_level,0.018721468721037342,0.40974753813387976,0.3910260694128424,6,216,raw-within-metric
BPIC13_incidents,handover,nagelkerke,equal-level,rung,0.0036505025878542452,0.2821518202430474,0.27850131765519315,3,216,raw-within-metric
BPIC14,duration,ap,equal-level,learner,0.09220259011939196,0.21146087167343838,0.11925828155404643,4,960,raw-within-metric
BPIC14,duration,ap,equal-level,split,0.020763227536742347,0.0701680519536634,0.049404824416921046,6,960,raw-within-metric
BPIC14,duration,ap,equal-level,quality_level,0.15914483868440255,0.2519357046124224,0.09279086592801983,10,960,raw-within-metric
BPIC14,duration,ap,equal-level,rung,0.5426261441160654,0.6798181538308831,0.1371920097148177,4,960,raw-within-metric
BPIC14,duration,auc,equal-level,learner,0.011229670118745814,0.1524257247124773,0.1411960545937315,4,960,raw-within-metric
BPIC14,duration,auc,equal-level,split,0.012672802272849743,0.047687006005155665,0.03501420373230592,6,960,raw-within-metric
BPIC14,duration,auc,equal-level,quality_level,0.1748304109984742,0.300928375468348,0.12609796446987379,10,960,raw-within-metric
BPIC14,duration,auc,equal-level,rung,0.601948735110313,0.7226723486425242,0.12072361353221117,4,960,raw-within-metric
BPIC14,duration,brier_skill,equal-level,learner,0.24207921280741584,0.4241952075840296,0.18211599477661378,4,960,raw-within-metric
BPIC14,duration,brier_skill,equal-level,split,0.012441992246073195,0.0483035233381138,0.035861531092040606,6,960,raw-within-metric
BPIC14,duration,brier_skill,equal-level,quality_level,0.1495037242855364,0.25441042340379466,0.10490669911825826,10,960,raw-within-metric
BPIC14,duration,brier_skill,equal-level,rung,0.3589168936886871,0.5398906226744599,0.18097372898577274,4,960,raw-within-metric
BPIC14,duration,logloss_skill,equal-level,learner,0.26137385304350247,0.4411221209217531,0.17974826787825066,4,960,raw-within-metric
BPIC14,duration,logloss_skill,equal-level,split,0.012968288487006123,0.051380742566388235,0.03841245407938211,6,960,raw-within-metric
BPIC14,duration,logloss_skill,equal-level,quality_level,0.1506457213026314,0.2572643695805216,0.10661864827789022,10,960,raw-within-metric
BPIC14,duration,logloss_skill,equal-level,rung,0.3420213503600593,0.5158380455610144,0.1738166952009551,4,960,raw-within-metric
BPIC14,duration,nagelkerke,equal-level,learner,0.2573707164175054,0.44216221318992294,0.18479149677241752,4,960,raw-within-metric
BPIC14,duration,nagelkerke,equal-level,split,0.011037472942012183,0.053464201192114355,0.04242672825010217,6,960,raw-within-metric
BPIC14,duration,nagelkerke,equal-level,quality_level,0.14704373411434096,0.25480456484523306,0.1077608307308921,10,960,raw-within-metric
BPIC14,duration,nagelkerke,equal-level,rung,0.3485660428857,0.5209028038441432,0.17233676095844325,4,960,raw-within-metric
BPIC14,handover,ap,equal-level,learner,0.46204787888616405,0.6604566789929868,0.1984088001068227,4,960,raw-within-metric
BPIC14,handover,ap,equal-level,split,0.009624347552478266,0.04996527211119202,0.040340924558713756,6,960,raw-within-metric
BPIC14,handover,ap,equal-level,quality_level,0.03478932667921391,0.09930988859817544,0.06452056191896152,10,960,raw-within-metric
BPIC14,handover,ap,equal-level,rung,0.26091716031522927,0.4476136175448601,0.18669645722963085,4,960,raw-within-metric
BPIC14,handover,auc,equal-level,learner,0.3696220608854391,0.5589742601774708,0.18935219929203168,4,960,raw-within-metric
BPIC14,handover,auc,equal-level,split,0.013493989428908377,0.036045283055703634,0.022551293626795255,6,960,raw-within-metric
BPIC14,handover,auc,equal-level,quality_level,0.07210526866853809,0.1514112294109487,0.07930596074241061,10,960,raw-within-metric
BPIC14,handover,auc,equal-level,rung,0.31899346473136403,0.5018995440360494,0.1829060793046854,4,960,raw-within-metric
BPIC14,handover,brier_skill,equal-level,learner,0.2964414270272426,0.47915784942295786,0.18271642239571528,4,960,raw-within-metric
BPIC14,handover,brier_skill,equal-level,split,0.008287535328960665,0.030787576558875276,0.022500041229914614,6,960,raw-within-metric
BPIC14,handover,brier_skill,equal-level,quality_level,0.15706798922257864,0.29046280103678374,0.1333948118142051,10,960,raw-within-metric
BPIC14,handover,brier_skill,equal-level,rung,0.2955467498804086,0.47239175773969716,0.17684500785928858,4,960,raw-within-metric
BPIC14,handover,logloss_skill,equal-level,learner,0.31152902341006744,0.49346936260629304,0.1819403391962256,4,960,raw-within-metric
BPIC14,handover,logloss_skill,equal-level,split,0.013716890030023542,0.03778250245220653,0.02406561242218299,6,960,raw-within-metric
BPIC14,handover,logloss_skill,equal-level,quality_level,0.13321587724209316,0.2516463173144447,0.11843044007235154,10,960,raw-within-metric
BPIC14,handover,logloss_skill,equal-level,rung,0.3066793186266987,0.481779592447134,0.17510027382043525,4,960,raw-within-metric
BPIC14,handover,nagelkerke,equal-level,learner,0.31435869071560113,0.4956935011399918,0.18133481042439065,4,960,raw-within-metric
BPIC14,handover,nagelkerke,equal-level,split,0.01035234708063985,0.03125331283847927,0.02090096575783942,6,960,raw-within-metric
BPIC14,handover,nagelkerke,equal-level,quality_level,0.12654930660319277,0.24052114346967357,0.1139718368664808,10,960,raw-within-metric
BPIC14,handover,nagelkerke,equal-level,rung,0.316818134259499,0.4928226783432384,0.1760045440837394,4,960,raw-within-metric
BPIC15_1,duration,ap,equal-level,learner,0.01177738260250302,0.35451201674103716,0.34273463413853417,2,216,raw-within-metric
BPIC15_1,duration,ap,equal-level,split,0.11107080463872883,0.7364535261821891,0.6253827215434602,6,216,raw-within-metric
BPIC15_1,duration,ap,equal-level,quality_level,0.0911780997944477,0.42622487927777175,0.33504677948332406,6,216,raw-within-metric
BPIC15_1,duration,ap,equal-level,rung,0.05917860659934538,0.6108309024948304,0.551652295895485,3,216,raw-within-metric
BPIC15_1,duration,auc,equal-level,learner,0.04111576701310917,0.5693047067572687,0.5281889397441596,2,216,raw-within-metric
BPIC15_1,duration,auc,equal-level,split,0.10990961421596912,0.6434121371278458,0.5335025229118767,6,216,raw-within-metric
BPIC15_1,duration,auc,equal-level,quality_level,0.005643952263835298,0.25868213215809943,0.25303817989426414,6,216,raw-within-metric
BPIC15_1,duration,auc,equal-level,rung,0.0892145260744849,0.6308337325250718,0.5416192064505869,3,216,raw-within-metric
BPIC15_1,duration,brier_skill,equal-level,learner,2.6762584228090418e-05,0.3787211042307209,0.37869434164649285,2,216,raw-within-metric
BPIC15_1,duration,brier_skill,equal-level,split,0.3061565243004424,0.8538864024129772,0.5477298781125348,6,216,raw-within-metric
BPIC15_1,duration,brier_skill,equal-level,quality_level,0.024747225181777906,0.2584425792662247,0.2336953540844468,6,216,raw-within-metric
BPIC15_1,duration,brier_skill,equal-level,rung,0.055354014291542984,0.3813340654912816,0.32598005119973866,3,216,raw-within-metric
BPIC15_1,duration,logloss_skill,equal-level,learner,0.056881038664194666,0.4260699294793012,0.36918889081510653,2,216,raw-within-metric
BPIC15_1,duration,logloss_skill,equal-level,split,0.26474478236489163,0.804993409285014,0.5402486269201223,6,216,raw-within-metric
BPIC15_1,duration,logloss_skill,equal-level,quality_level,0.0387737640162052,0.3416593641570036,0.3028856001407984,6,216,raw-within-metric
BPIC15_1,duration,logloss_skill,equal-level,rung,0.02759290792090747,0.287163198132489,0.2595702902115815,3,216,raw-within-metric
BPIC15_1,duration,nagelkerke,equal-level,learner,0.06182097228498795,0.4544936060936629,0.39267263380867495,2,216,raw-within-metric
BPIC15_1,duration,nagelkerke,equal-level,split,0.2634316490841704,0.8126933117942058,0.5492616627100354,6,216,raw-within-metric
BPIC15_1,duration,nagelkerke,equal-level,quality_level,0.04139414355284712,0.35633352366651266,0.31493938011366557,6,216,raw-within-metric
BPIC15_1,duration,nagelkerke,equal-level,rung,0.02384167845371869,0.22339907580508986,0.19955739735137118,3,216,raw-within-metric
BPIC15_1,handover,ap,equal-level,learner,0.01795012978798744,0.20803416820433868,0.19008403841635124,2,216,raw-within-metric
BPIC15_1,handover,ap,equal-level,split,0.01956305789447922,0.2798519646361773,0.2602889067416981,6,216,raw-within-metric
BPIC15_1,handover,ap,equal-level,quality_level,0.01640932536438239,0.2585856311162076,0.2421763057518252,6,216,raw-within-metric
BPIC15_1,handover,ap,equal-level,rung,0.6032461938038882,0.8667679144048622,0.263521720600974,3,216,raw-within-metric
BPIC15_1,handover,auc,equal-level,learner,0.02741971710402607,0.22745274637559887,0.2000330292715728,2,216,raw-within-metric
BPIC15_1,handover,auc,equal-level,split,0.041466225307991586,0.37077412673119725,0.32930790142320565,6,216,raw-within-metric
BPIC15_1,handover,auc,equal-level,quality_level,0.04328361211906006,0.26328122556612843,0.21999761344706836,6,216,raw-within-metric
BPIC15_1,handover,auc,equal-level,rung,0.4515176152072213,0.797655582505577,0.3461379672983557,3,216,raw-within-metric
BPIC15_1,handover,brier_skill,equal-level,learner,0.030360011448405194,0.4156048334851596,0.38524482203675436,2,216,raw-within-metric
BPIC15_1,handover,brier_skill,equal-level,split,0.15024758338296515,0.6262569622136497,0.4760093788306845,6,216,raw-within-metric
BPIC15_1,handover,brier_skill,equal-level,quality_level,0.16904107893876613,0.4735562291181465,0.30451515017938036,6,216,raw-within-metric
BPIC15_1,handover,brier_skill,equal-level,rung,0.07538689119822146,0.29163619975565286,0.2162493085574314,3,216,raw-within-metric
BPIC15_1,handover,logloss_skill,equal-level,learner,0.0013707286602882658,0.45993040614163216,0.4585596774813439,2,216,raw-within-metric
BPIC15_1,handover,logloss_skill,equal-level,split,0.07868882585166004,0.7795214203793667,0.7008325945277066,6,216,raw-within-metric
BPIC15_1,handover,logloss_skill,equal-level,quality_level,0.03624756807803803,0.24703242619142748,0.21078485811338946,6,216,raw-within-metric
BPIC15_1,handover,logloss_skill,equal-level,rung,0.025135371304267996,0.760031322506401,0.734895951202133,3,216,raw-within-metric
BPIC15_1,handover,nagelkerke,equal-level,learner,0.018338271203899484,0.4983040515395447,0.47996578033564524,2,216,raw-within-metric
BPIC15_1,handover,nagelkerke,equal-level,split,0.10978042280295883,0.8536098813378227,0.7438294585348638,6,216,raw-within-metric
BPIC15_1,handover,nagelkerke,equal-level,quality_level,0.001204543595513772,0.14600942839371592,0.14480488479820214,6,216,raw-within-metric
BPIC15_1,handover,nagelkerke,equal-level,rung,0.04406358603515158,0.7358400501835555,0.6917764641484039,3,216,raw-within-metric
BPIC15_3,duration,ap,equal-level,learner,0.0009526124704584873,0.27197015456697243,0.27101754209651396,2,216,raw-within-metric
BPIC15_3,duration,ap,equal-level,split,0.2306982932660425,0.677139660040043,0.4464413667740005,6,216,raw-within-metric
BPIC15_3,duration,ap,equal-level,quality_level,0.13422987407739717,0.33153407170463,0.19730419762723284,6,216,raw-within-metric
BPIC15_3,duration,ap,equal-level,rung,0.10750908261881445,0.49174327916896904,0.38423419655015456,3,216,raw-within-metric
BPIC15_3,duration,auc,equal-level,learner,0.010610154900627023,0.28394410002212195,0.27333394512149495,2,216,raw-within-metric
BPIC15_3,duration,auc,equal-level,split,0.28676461366920647,0.7303253924663249,0.4435607787971184,6,216,raw-within-metric
BPIC15_3,duration,auc,equal-level,quality_level,0.15561888826593878,0.3416434264705829,0.1860245382046441,6,216,raw-within-metric
BPIC15_3,duration,auc,equal-level,rung,0.025274333317629544,0.3904275616764026,0.36515322835877306,3,216,raw-within-metric
BPIC15_3,duration,brier_skill,equal-level,learner,0.0023572736952382095,0.38272689495106743,0.38036962125582924,2,216,raw-within-metric
BPIC15_3,duration,brier_skill,equal-level,split,0.28678645666411573,0.7764256059282315,0.4896391492641158,6,216,raw-within-metric
BPIC15_3,duration,brier_skill,equal-level,quality_level,0.08136857952376302,0.2660354821275893,0.1846669026038263,6,216,raw-within-metric
BPIC15_3,duration,brier_skill,equal-level,rung,0.022601843219714035,0.40225313579561567,0.37965129257590163,3,216,raw-within-metric
BPIC15_3,duration,logloss_skill,equal-level,learner,0.015045183236082732,0.4024287768116791,0.3873835935755964,2,216,raw-within-metric
BPIC15_3,duration,logloss_skill,equal-level,split,0.30459835867277785,0.832005581153036,0.5274072224802582,6,216,raw-within-metric
BPIC15_3,duration,logloss_skill,equal-level,quality_level,0.035390766628284324,0.2673290355077025,0.23193826887941815,6,216,raw-within-metric
BPIC15_3,duration,logloss_skill,equal-level,rung,0.022199355971436942,0.3629211352301154,0.3407217792586784,3,216,raw-within-metric
BPIC15_3,duration,nagelkerke,equal-level,learner,0.002930026004824768,0.42480708161610137,0.4218770556112766,2,216,raw-within-metric
BPIC15_3,duration,nagelkerke,equal-level,split,0.2746827735066498,0.8485827581762089,0.573899984669559,6,216,raw-within-metric
BPIC15_3,duration,nagelkerke,equal-level,quality_level,0.021920463920615797,0.22527879554787614,0.20335833162726033,6,216,raw-within-metric
BPIC15_3,duration,nagelkerke,equal-level,rung,0.04308895064357194,0.4123232470216767,0.3692342963781048,3,216,raw-within-metric
BPIC15_3,handover,ap,equal-level,learner,0.0011134105815855191,0.11200544894949564,0.11089203836791012,2,216,raw-within-metric
BPIC15_3,handover,ap,equal-level,split,0.29593865848118184,0.7609509490563261,0.46501229057514426,6,216,raw-within-metric
BPIC15_3,handover,ap,equal-level,quality_level,0.009848944828061448,0.1634302810378706,0.15358133620980916,6,216,raw-within-metric
BPIC15_3,handover,ap,equal-level,rung,0.21445176664641788,0.5970345580107721,0.38258279136435425,3,216,raw-within-metric
BPIC15_3,handover,auc,equal-level,learner,0.021165087161018555,0.4842433251125827,0.46307823795156416,2,216,raw-within-metric
BPIC15_3,handover,auc,equal-level,split,0.17583448175558872,0.7605353917770248,0.5847009100214361,6,216,raw-within-metric
BPIC15_3,handover,auc,equal-level,quality_level,0.0026698717976016864,0.1554519649926111,0.1527820931950094,6,216,raw-within-metric
BPIC15_3,handover,auc,equal-level,rung,0.20137114736680464,0.6072513934359447,0.4058802460691401,3,216,raw-within-metric
BPIC15_3,handover,brier_skill,equal-level,learner,0.013813860862033978,0.4156842135616902,0.40187035269965626,2,216,raw-within-metric
BPIC15_3,handover,brier_skill,equal-level,split,0.24021170313388296,0.7875662392801919,0.5473545361463089,6,216,raw-within-metric
BPIC15_3,handover,brier_skill,equal-level,quality_level,0.01748082286811238,0.2683534162308767,0.25087259336276435,6,216,raw-within-metric
BPIC15_3,handover,brier_skill,equal-level,rung,0.06622527985517727,0.47443984771950665,0.40821456786432936,3,216,raw-within-metric
BPIC15_3,handover,logloss_skill,equal-level,learner,6.751345351672337e-06,0.45441656411523557,0.4544098127698839,2,216,raw-within-metric
BPIC15_3,handover,logloss_skill,equal-level,split,0.18903048792291108,0.7047463324499157,0.5157158445270046,6,216,raw-within-metric
BPIC15_3,handover,logloss_skill,equal-level,quality_level,0.002579508229602486,0.2134831037017472,0.2109035954721447,6,216,raw-within-metric
BPIC15_3,handover,logloss_skill,equal-level,rung,0.12845775162828532,0.5792138524947765,0.4507561008664912,3,216,raw-within-metric
BPIC15_3,handover,nagelkerke,equal-level,learner,0.0018082608871901552,0.4736237144172326,0.47181545353004245,2,216,raw-within-metric
BPIC15_3,handover,nagelkerke,equal-level,split,0.16375235585490738,0.724963457798315,0.5612111019434076,6,216,raw-within-metric
BPIC15_3,handover,nagelkerke,equal-level,quality_level,0.003611092404342006,0.23143062818286916,0.22781953577852715,6,216,raw-within-metric
BPIC15_3,handover,nagelkerke,equal-level,rung,0.12141247429439923,0.5966521728370386,0.4752396985426394,3,216,raw-within-metric
BPIC15_4,duration,ap,equal-level,learner,0.004100254257573206,0.40638856628610104,0.40228831202852783,2,216,raw-within-metric
BPIC15_4,duration,ap,equal-level,split,0.31092663456029357,0.898205873731516,0.5872792391712224,6,216,raw-within-metric
BPIC15_4,duration,ap,equal-level,quality_level,0.024599834529856177,0.40699528712298183,0.38239545259312563,6,216,raw-within-metric
BPIC15_4,duration,ap,equal-level,rung,0.018275714834877402,0.3409693982332299,0.3226936833983525,3,216,raw-within-metric
BPIC15_4,duration,auc,equal-level,learner,0.010443674220043789,0.3368566435715963,0.3264129693515525,2,216,raw-within-metric
BPIC15_4,duration,auc,equal-level,split,0.3535415282251081,0.9222878711226358,0.5687463428975277,6,216,raw-within-metric
BPIC15_4,duration,auc,equal-level,quality_level,0.004077641705023909,0.23537938187120197,0.23130174016617805,6,216,raw-within-metric
BPIC15_4,duration,auc,equal-level,rung,0.011174031101663576,0.43057886845999394,0.41940483735833034,3,216,raw-within-metric
BPIC15_4,duration,brier_skill,equal-level,learner,0.06008521103520848,0.6147570851589347,0.5546718741237262,2,216,raw-within-metric
BPIC15_4,duration,brier_skill,equal-level,split,0.0969049105112219,0.8161676668574787,0.7192627563462568,6,216,raw-within-metric
BPIC15_4,duration,brier_skill,equal-level,quality_level,0.0149714677316667,0.46728969358574074,0.45231822585407405,6,216,raw-within-metric
BPIC15_4,duration,brier_skill,equal-level,rung,0.023166638142123705,0.2708977646251702,0.24773112648304646,3,216,raw-within-metric
BPIC15_4,duration,logloss_skill,equal-level,learner,0.10972556522325429,0.6220783844780726,0.5123528192548183,2,216,raw-within-metric
BPIC15_4,duration,logloss_skill,equal-level,split,0.11140936238747651,0.7833392467375199,0.6719298843500434,6,216,raw-within-metric
BPIC15_4,duration,logloss_skill,equal-level,quality_level,0.026389874177903366,0.4706262001332203,0.4442363259553169,6,216,raw-within-metric
BPIC15_4,duration,logloss_skill,equal-level,rung,0.007552474969541922,0.17020323492010034,0.16265075995055842,3,216,raw-within-metric
BPIC15_4,duration,nagelkerke,equal-level,learner,0.1507379865843338,0.6460069535637875,0.49526896697945366,2,216,raw-within-metric
BPIC15_4,duration,nagelkerke,equal-level,split,0.07528011459729089,0.7301717575676379,0.654891642970347,6,216,raw-within-metric
BPIC15_4,duration,nagelkerke,equal-level,quality_level,0.040601806333383984,0.5659072391565716,0.5253054328231876,6,216,raw-within-metric
BPIC15_4,duration,nagelkerke,equal-level,rung,0.0011241597118490751,0.09325153521536504,0.09212737550351596,3,216,raw-within-metric
BPIC15_4,handover,ap,equal-level,learner,0.014326424899546648,0.45539792240994387,0.4410714975103972,2,216,raw-within-metric
BPIC15_4,handover,ap,equal-level,split,0.10868971839804674,0.7765992126633504,0.6679094942653037,6,216,raw-within-metric
BPIC15_4,handover,ap,equal-level,quality_level,0.018132515550856432,0.2920176845571393,0.27388516900628285,6,216,raw-within-metric
BPIC15_4,handover,ap,equal-level,rung,0.08933448987686697,0.6539856678304355,0.5646511779535686,3,216,raw-within-metric
BPIC15_4,handover,auc,equal-level,learner,0.019044347868022397,0.5686782885626047,0.5496339406945823,2,216,raw-within-metric
BPIC15_4,handover,auc,equal-level,split,0.07663330026166167,0.7168204299055172,0.6401871296438555,6,216,raw-within-metric
BPIC15_4,handover,auc,equal-level,quality_level,0.0763206301301188,0.4895629175616711,0.4132422874315523,6,216,raw-within-metric
BPIC15_4,handover,auc,equal-level,rung,0.029450905431092543,0.4228144392299587,0.3933635337988662,3,216,raw-within-metric
BPIC15_4,handover,brier_skill,equal-level,learner,0.053128024281860836,0.5399010478954889,0.48677302361362806,2,216,raw-within-metric
BPIC15_4,handover,brier_skill,equal-level,split,0.019413599143142425,0.6623217143971798,0.6429081152540373,6,216,raw-within-metric
BPIC15_4,handover,brier_skill,equal-level,quality_level,0.09833148823239095,0.6220279668786751,0.5236964786462842,6,216,raw-within-metric
BPIC15_4,handover,brier_skill,equal-level,rung,0.036381537962761154,0.44059070301846476,0.4042091650557036,3,216,raw-within-metric
BPIC15_4,handover,logloss_skill,equal-level,learner,0.1817911060448609,0.6154153493798991,0.43362424333503813,2,216,raw-within-metric
BPIC15_4,handover,logloss_skill,equal-level,split,0.03481567832065781,0.6726533701711825,0.6378376918505247,6,216,raw-within-metric
BPIC15_4,handover,logloss_skill,equal-level,quality_level,0.02572014710442144,0.41162668374532413,0.3859065366409027,6,216,raw-within-metric
BPIC15_4,handover,logloss_skill,equal-level,rung,0.02797563008478106,0.4830707044480539,0.45509507436327284,3,216,raw-within-metric
BPIC15_4,handover,nagelkerke,equal-level,learner,0.021653963214319682,0.5134532254092599,0.4917992621949402,2,216,raw-within-metric
BPIC15_4,handover,nagelkerke,equal-level,split,0.05041350595361814,0.8369571925959147,0.7865436866422966,6,216,raw-within-metric
BPIC15_4,handover,nagelkerke,equal-level,quality_level,0.03132673464871263,0.4547025142459008,0.4233757795971882,6,216,raw-within-metric
BPIC15_4,handover,nagelkerke,equal-level,rung,0.0348474990573713,0.4700783476672386,0.4352308486098673,3,216,raw-within-metric
BPIC15_5,duration,ap,equal-level,learner,0.0779840223081969,0.46215368901305387,0.38416966670485697,2,216,raw-within-metric
BPIC15_5,duration,ap,equal-level,split,0.01737140107572854,0.6746142555974727,0.6572428545217441,6,216,raw-within-metric
BPIC15_5,duration,ap,equal-level,quality_level,0.0763318584946047,0.4210480319092088,0.3447161734146041,6,216,raw-within-metric
BPIC15_5,duration,ap,equal-level,rung,0.07889077553802568,0.5865765527029874,0.5076857771649617,3,216,raw-within-metric
BPIC15_5,duration,auc,equal-level,learner,0.057259595093687415,0.4895933117896361,0.43233371669594867,2,216,raw-within-metric
BPIC15_5,duration,auc,equal-level,split,0.1303311740167797,0.8336511658062479,0.7033199917894681,6,216,raw-within-metric
BPIC15_5,duration,auc,equal-level,quality_level,0.026104225195965745,0.28622301020142993,0.2601187850054642,6,216,raw-within-metric
BPIC15_5,duration,auc,equal-level,rung,0.028467641713421355,0.6397068336954271,0.6112391919820058,3,216,raw-within-metric
BPIC15_5,duration,brier_skill,equal-level,learner,0.07100384512017356,0.4022445131826613,0.33124066806248775,2,216,raw-within-metric
BPIC15_5,duration,brier_skill,equal-level,split,0.03567153611137504,0.6994770252526318,0.6638054891412567,6,216,raw-within-metric
BPIC15_5,duration,brier_skill,equal-level,quality_level,0.041553180530304615,0.3273580221943202,0.2858048416640156,6,216,raw-within-metric
BPIC15_5,duration,brier_skill,equal-level,rung,0.12357312972862709,0.6222063770985259,0.4986332473698988,3,216,raw-within-metric
BPIC15_5,duration,logloss_skill,equal-level,learner,0.15419927803401373,0.47908282171727357,0.32488354368325983,2,216,raw-within-metric
BPIC15_5,duration,logloss_skill,equal-level,split,0.04196659577467455,0.6833819752594784,0.6414153794848039,6,216,raw-within-metric
BPIC15_5,duration,logloss_skill,equal-level,quality_level,0.045629497974117514,0.3594847587696763,0.31385526079555875,6,216,raw-within-metric
BPIC15_5,duration,logloss_skill,equal-level,rung,0.05747275318881146,0.5318266461374923,0.47435389294868086,3,216,raw-within-metric
BPIC15_5,duration,nagelkerke,equal-level,learner,0.09982319718332938,0.5142678569230164,0.41444465973968697,2,216,raw-within-metric
BPIC15_5,duration,nagelkerke,equal-level,split,0.03010348595263011,0.7804458341434753,0.7503423481908452,6,216,raw-within-metric
BPIC15_5,duration,nagelkerke,equal-level,quality_level,0.014020755496696444,0.24014186333018894,0.22612110783349249,6,216,raw-within-metric
BPIC15_5,duration,nagelkerke,equal-level,rung,0.04798511701612835,0.6710535965605232,0.6230684795443948,3,216,raw-within-metric
BPIC17,duration,ap,equal-level,learner,0.029708898094546615,0.2110403566223979,0.1813314585278513,2,216,raw-within-metric
BPIC17,duration,ap,equal-level,split,0.2142628089438736,0.4371302459015312,0.22286743695765762,6,216,raw-within-metric
BPIC17,duration,ap,equal-level,quality_level,0.2802698164652674,0.47060396463530185,0.19033414817003447,6,216,raw-within-metric
BPIC17,duration,ap,equal-level,rung,0.15138124216128124,0.3585535152808452,0.207172273119564,3,216,raw-within-metric
BPIC17,duration,auc,equal-level,learner,0.012796886699337495,0.16768605626563846,0.15488916956630097,2,216,raw-within-metric
BPIC17,duration,auc,equal-level,split,0.19109885708019195,0.41895159345163957,0.22785273637144762,6,216,raw-within-metric
BPIC17,duration,auc,equal-level,quality_level,0.08043293473906217,0.21467578322463346,0.13424284848557128,6,216,raw-within-metric
BPIC17,duration,auc,equal-level,rung,0.3854616897074811,0.633606638415993,0.24814494870851184,3,216,raw-within-metric
BPIC17,duration,brier_skill,equal-level,learner,4.8059452941959874e-05,0.3183097988519653,0.31826173939902336,2,216,raw-within-metric
BPIC17,duration,brier_skill,equal-level,split,0.34964037582223273,0.8481804309843125,0.4985400551620798,6,216,raw-within-metric
BPIC17,duration,brier_skill,equal-level,quality_level,0.059054672229401195,0.37134854791945254,0.31229387569005135,6,216,raw-within-metric
BPIC17,duration,brier_skill,equal-level,rung,0.0013564457882358737,0.318461862040585,0.31710541625234917,3,216,raw-within-metric
BPIC17,duration,logloss_skill,equal-level,learner,0.0003381704338240869,0.3248559245052372,0.3245177540714131,2,216,raw-within-metric
BPIC17,duration,logloss_skill,equal-level,split,0.3461847673177833,0.840570203770416,0.4943854364526327,6,216,raw-within-metric
BPIC17,duration,logloss_skill,equal-level,quality_level,0.06156679576893666,0.381311415201951,0.31974461943301435,6,216,raw-within-metric
BPIC17,duration,logloss_skill,equal-level,rung,0.0004991736885865164,0.308745510111164,0.3082463364225775,3,216,raw-within-metric
BPIC17,duration,nagelkerke,equal-level,learner,0.00032335184588450907,0.3247394733884113,0.3244161215425268,2,216,raw-within-metric
BPIC17,duration,nagelkerke,equal-level,split,0.3463960498336197,0.8410382107301321,0.49464216089651236,6,216,raw-within-metric
BPIC17,duration,nagelkerke,equal-level,quality_level,0.0611432951522577,0.3806668552686398,0.3195235601163821,6,216,raw-within-metric
BPIC17,duration,nagelkerke,equal-level,rung,0.0004496749280892627,0.3098549642439475,0.3094052893158582,3,216,raw-within-metric
BPIC19,duration,ap,equal-level,learner,0.09276091589692673,0.22623807502993346,0.13347715913300673,3,324,raw-within-metric
BPIC19,duration,ap,equal-level,split,0.313867688581665,0.6014547861472793,0.2875870975656143,6,324,raw-within-metric
BPIC19,duration,ap,equal-level,quality_level,0.04104808753489382,0.1199742874323412,0.07892619989744738,6,324,raw-within-metric
BPIC19,duration,ap,equal-level,rung,0.20218646613335545,0.46101091346769213,0.2588244473343367,3,324,raw-within-metric
BPIC19,duration,auc,equal-level,learner,0.06612527392818018,0.2740232416379552,0.20789796770977503,3,324,raw-within-metric
BPIC19,duration,auc,equal-level,split,0.17671770954843866,0.7399190187420179,0.5632013091935792,6,324,raw-within-metric
BPIC19,duration,auc,equal-level,quality_level,0.010523793027285986,0.30097910015037593,0.2904553071230899,6,324,raw-within-metric
BPIC19,duration,auc,equal-level,rung,0.13743110931210742,0.5503990937611847,0.41296798444907723,3,324,raw-within-metric
BPIC19,duration,brier_skill,equal-level,learner,0.0021646372336214864,0.31061904914721056,0.3084544119135891,3,324,raw-within-metric
BPIC19,duration,brier_skill,equal-level,split,0.4984610415652705,0.977225137983425,0.47876409641815454,6,324,raw-within-metric
BPIC19,duration,brier_skill,equal-level,quality_level,0.007264629432219775,0.12248313650887623,0.11521850707665646,6,324,raw-within-metric
BPIC19,duration,brier_skill,equal-level,rung,0.002142578124405423,0.22812527699743734,0.2259826988730319,3,324,raw-within-metric
BPIC19,duration,logloss_skill,equal-level,learner,0.005448020149215874,0.31409283335010824,0.3086448132008924,3,324,raw-within-metric
BPIC19,duration,logloss_skill,equal-level,split,0.552003209626214,0.9647518440823759,0.41274863445616194,6,324,raw-within-metric
BPIC19,duration,logloss_skill,equal-level,quality_level,0.009932707186344203,0.12337441799041705,0.11344171080407285,6,324,raw-within-metric
BPIC19,duration,logloss_skill,equal-level,rung,0.001082500499036345,0.1663770515302197,0.16529455103118335,3,324,raw-within-metric
BPIC19,duration,nagelkerke,equal-level,learner,0.014490528927113725,0.3578221155206943,0.3433315865935806,3,324,raw-within-metric
BPIC19,duration,nagelkerke,equal-level,split,0.49106309516070135,0.9093589172825809,0.41829582212187955,6,324,raw-within-metric
BPIC19,duration,nagelkerke,equal-level,quality_level,0.017857264457350593,0.22372698482073308,0.2058697203633825,6,324,raw-within-metric
BPIC19,duration,nagelkerke,equal-level,rung,0.0026765083347229757,0.26031930076806886,0.25764279243334587,3,324,raw-within-metric
Helpdesk,duration,ap,equal-level,learner,0.08878084165869259,0.37401243062998446,0.28523158897129186,2,216,raw-within-metric
Helpdesk,duration,ap,equal-level,split,0.23628740068815035,0.6768820828209924,0.44059468213284203,6,216,raw-within-metric
Helpdesk,duration,ap,equal-level,quality_level,0.07992673579664324,0.31858529478294134,0.23865855898629812,6,216,raw-within-metric
Helpdesk,duration,ap,equal-level,rung,0.11118292724108479,0.2826100948024534,0.1714271675613686,3,216,raw-within-metric
Helpdesk,duration,auc,equal-level,learner,0.038715042569845086,0.34105710549693996,0.30234206292709487,2,216,raw-within-metric
Helpdesk,duration,auc,equal-level,split,0.4694228388748398,0.875880451657314,0.40645761278247416,6,216,raw-within-metric
Helpdesk,duration,auc,equal-level,quality_level,0.05709518318530523,0.22769530935029694,0.1706001261649917,6,216,raw-within-metric
Helpdesk,duration,auc,equal-level,rung,0.0009412687321042121,0.17034016104107122,0.16939889230896701,3,216,raw-within-metric
Helpdesk,duration,brier_skill,equal-level,learner,0.2624889165169453,0.5027545279490935,0.2402656114321482,2,216,raw-within-metric
Helpdesk,duration,brier_skill,equal-level,split,0.19162818887425936,0.46684845834427624,0.2752202694700169,6,216,raw-within-metric
Helpdesk,duration,brier_skill,equal-level,quality_level,0.18269572144293117,0.3498670298221097,0.16717130837917854,6,216,raw-within-metric
Helpdesk,duration,brier_skill,equal-level,rung,0.024098239281319805,0.16578020523768106,0.14168196595636126,3,216,raw-within-metric
Helpdesk,duration,logloss_skill,equal-level,learner,0.35239029375120606,0.5897807924999292,0.23739049874872314,2,216,raw-within-metric
Helpdesk,duration,logloss_skill,equal-level,split,0.2030798960507716,0.5134099944343851,0.3103300983836135,6,216,raw-within-metric
Helpdesk,duration,logloss_skill,equal-level,quality_level,0.09899357146432546,0.23127449605059952,0.13228092458627405,6,216,raw-within-metric
Helpdesk,duration,logloss_skill,equal-level,rung,0.007932232304936776,0.13882696796792643,0.13089473566298965,3,216,raw-within-metric
Helpdesk,duration,nagelkerke,equal-level,learner,0.35217819528326083,0.5849341496109403,0.23275595432767943,2,216,raw-within-metric
Helpdesk,duration,nagelkerke,equal-level,split,0.22223684178066405,0.536322146360167,0.3140853045795029,6,216,raw-within-metric
Helpdesk,duration,nagelkerke,equal-level,quality_level,0.08583672997485453,0.2317030464088208,0.14586631643396628,6,216,raw-within-metric
Helpdesk,duration,nagelkerke,equal-level,rung,0.003728071959561388,0.12994269761045257,0.1262146256508912,3,216,raw-within-metric
RoadFines,duration,ap,equal-level,learner,0.006282147998754858,0.1711616963657654,0.16487954836701052,3,324,raw-within-metric
RoadFines,duration,ap,equal-level,split,0.07195805231527194,0.44035839099855545,0.3684003386832835,6,324,raw-within-metric
RoadFines,duration,ap,equal-level,quality_level,0.3400506654168021,0.6449670980463843,0.3049164326295822,6,324,raw-within-metric
RoadFines,duration,ap,equal-level,rung,0.13949293877146576,0.3474781236297775,0.20798518485831172,3,324,raw-within-metric
RoadFines,duration,auc,equal-level,learner,0.00513846115465211,0.23130658904291793,0.22616812788826582,3,324,raw-within-metric
RoadFines,duration,auc,equal-level,split,0.11136401252321805,0.5531614935200528,0.4417974809968348,6,324,raw-within-metric
RoadFines,duration,auc,equal-level,quality_level,0.1042601313258851,0.41661473570451013,0.31235460437862506,6,324,raw-within-metric
RoadFines,duration,auc,equal-level,rung,0.2855723745488005,0.4833197746117685,0.19774740006296798,3,324,raw-within-metric
RoadFines,duration,brier_skill,equal-level,learner,0.0087010849862535,0.14572655039766816,0.13702546541141467,3,324,raw-within-metric
RoadFines,duration,brier_skill,equal-level,split,0.24194370563239423,0.6578782726390218,0.41593456700662756,6,324,raw-within-metric
RoadFines,duration,brier_skill,equal-level,quality_level,0.2708290712263812,0.4334957998160109,0.16266672858962966,6,324,raw-within-metric
RoadFines,duration,brier_skill,equal-level,rung,0.03197697729628951,0.32758363534242163,0.2956066580461321,3,324,raw-within-metric
RoadFines,duration,logloss_skill,equal-level,learner,0.047485082247360706,0.18680014172975778,0.13931505948239709,3,324,raw-within-metric
RoadFines,duration,logloss_skill,equal-level,split,0.19219125798946207,0.6165414630555914,0.42435020506612936,6,324,raw-within-metric
RoadFines,duration,logloss_skill,equal-level,quality_level,0.29381863942779424,0.46156065462912915,0.16774201520133492,6,324,raw-within-metric
RoadFines,duration,logloss_skill,equal-level,rung,0.01745465264377105,0.30464928895268134,0.2871946363089103,3,324,raw-within-metric
RoadFines,duration,nagelkerke,equal-level,learner,0.046886192557994096,0.188014780692146,0.1411285881341519,3,324,raw-within-metric
RoadFines,duration,nagelkerke,equal-level,split,0.1940393760324166,0.6214672693086827,0.42742789327626607,6,324,raw-within-metric
RoadFines,duration,nagelkerke,equal-level,quality_level,0.28905045444736516,0.45924675676893534,0.17019630232157018,6,324,raw-within-metric
RoadFines,duration,nagelkerke,equal-level,rung,0.017190284780777897,0.30667086537594124,0.28948058059516335,3,324,raw-within-metric
Sepsis,duration,ap,equal-level,learner,0.035593626496223656,0.33001390302585504,0.2944202765296314,2,216,raw-within-metric
Sepsis,duration,ap,equal-level,split,0.09913632632408552,0.6733657501460906,0.574229423822005,6,216,raw-within-metric
Sepsis,duration,ap,equal-level,quality_level,0.12661366163084592,0.3590989450721726,0.23248528344132668,6,216,raw-within-metric
Sepsis,duration,ap,equal-level,rung,0.13092095384846875,0.4701657050284978,0.33924475118002906,3,216,raw-within-metric
Sepsis,duration,auc,equal-level,learner,1.6409778397324506e-06,0.228076662353167,0.22807502137532729,2,216,raw-within-metric
Sepsis,duration,auc,equal-level,split,0.24532017027653527,0.7524234011408668,0.5071032308643315,6,216,raw-within-metric
Sepsis,duration,auc,equal-level,quality_level,0.09892653966117385,0.21693784002871247,0.11801130036753862,6,216,raw-within-metric
Sepsis,duration,auc,equal-level,rung,0.13661641023324322,0.567054858679026,0.43043844844578283,3,216,raw-within-metric
Sepsis,duration,brier_skill,equal-level,learner,0.020513624354852857,0.38337327110773073,0.36285964675287785,2,216,raw-within-metric
Sepsis,duration,brier_skill,equal-level,split,0.14027180683438886,0.7414219272333614,0.6011501203989725,6,216,raw-within-metric
Sepsis,duration,brier_skill,equal-level,quality_level,0.17250650783080687,0.44865509437950873,0.2761485865487019,6,216,raw-within-metric
Sepsis,duration,brier_skill,equal-level,rung,0.0012320602085956697,0.3996286877026505,0.3983966274940548,3,216,raw-within-metric
Sepsis,duration,logloss_skill,equal-level,learner,0.12475953104185764,0.4904669163883766,0.3657073853465189,2,216,raw-within-metric
Sepsis,duration,logloss_skill,equal-level,split,0.12742498905146418,0.6699350464099878,0.5425100573585236,6,216,raw-within-metric
Sepsis,duration,logloss_skill,equal-level,quality_level,0.14514381936123225,0.42569627543353333,0.28055245607230106,6,216,raw-within-metric
Sepsis,duration,logloss_skill,equal-level,rung,0.0018631375987511955,0.264906838099757,0.26304370050100584,3,216,raw-within-metric
Sepsis,duration,nagelkerke,equal-level,learner,0.019019161806944875,0.43024333782521457,0.4112241760182697,2,216,raw-within-metric
Sepsis,duration,nagelkerke,equal-level,split,0.1343797966938033,0.7194893212840668,0.5851095245902636,6,216,raw-within-metric
Sepsis,duration,nagelkerke,equal-level,quality_level,0.15391588492383035,0.5040115237947375,0.3500956388709071,6,216,raw-within-metric
Sepsis,duration,nagelkerke,equal-level,rung,0.0076512824539280684,0.3126325538136166,0.30498127135968855,3,216,raw-within-metric
UCI498,duration,ap,equal-level,learner,0.0017865847224683713,0.12523866897083713,0.12345208424836876,2,216,raw-within-metric
UCI498,duration,ap,equal-level,split,0.06734758613352745,0.17573666565107507,0.10838907951754762,6,216,raw-within-metric
UCI498,duration,ap,equal-level,quality_level,0.021296154644041217,0.10062773312491037,0.07933157848086915,6,216,raw-within-metric
UCI498,duration,ap,equal-level,rung,0.6900620317634361,0.8748163535922936,0.18475432182885754,3,216,raw-within-metric
UCI498,duration,auc,equal-level,learner,0.0029834717907524745,0.023161878123908575,0.0201784063331561,2,216,raw-within-metric
UCI498,duration,auc,equal-level,split,0.031163278192318816,0.08424330391871691,0.0530800257263981,6,216,raw-within-metric
UCI498,duration,auc,equal-level,quality_level,0.029566122157103466,0.16263145214728755,0.13306532999018408,6,216,raw-within-metric
UCI498,duration,auc,equal-level,rung,0.7703771966342026,0.920016137824636,0.14963894119043342,3,216,raw-within-metric
UCI498,duration,brier_skill,equal-level,learner,0.05081515585164665,0.22780568783109537,0.17699053197944872,2,216,raw-within-metric
UCI498,duration,brier_skill,equal-level,split,0.3987637606809402,0.8111012750833188,0.41233751440237854,6,216,raw-within-metric
UCI498,duration,brier_skill,equal-level,quality_level,0.0363307792929653,0.21352990077924286,0.17719912148627756,6,216,raw-within-metric
UCI498,duration,brier_skill,equal-level,rung,0.05612785181180614,0.3814955557711356,0.32536770395932946,3,216,raw-within-metric
UCI498,duration,logloss_skill,equal-level,learner,0.058977276164721884,0.2264540962422865,0.1674768200775646,2,216,raw-within-metric
UCI498,duration,logloss_skill,equal-level,split,0.4512398299543053,0.8423645362855955,0.3911247063312902,6,216,raw-within-metric
UCI498,duration,logloss_skill,equal-level,quality_level,0.03486448211805014,0.18314299427174305,0.14827851215369292,6,216,raw-within-metric
UCI498,duration,logloss_skill,equal-level,rung,0.021608548474057538,0.32883567858839485,0.30722713011433733,3,216,raw-within-metric
UCI498,duration,nagelkerke,equal-level,learner,0.04807473489411788,0.20170784776380007,0.1536331128696822,2,216,raw-within-metric
UCI498,duration,nagelkerke,equal-level,split,0.45273609602140663,0.8700436613119042,0.4173075652904976,6,216,raw-within-metric
UCI498,duration,nagelkerke,equal-level,quality_level,0.027936505840474215,0.1710489205038785,0.14311241466340427,6,216,raw-within-metric
UCI498,duration,nagelkerke,equal-level,rung,0.016536069809389372,0.3544365799939812,0.33790051018459183,3,216,raw-within-metric
UCI498,handover,ap,equal-level,learner,6.783626881970061e-05,0.1114978483965288,0.1114300121277091,2,216,raw-within-metric
UCI498,handover,ap,equal-level,split,0.057872536001719765,0.22660890359804148,0.1687363675963217,6,216,raw-within-metric
UCI498,handover,ap,equal-level,quality_level,0.010256908803303934,0.10565935257364521,0.09540244377034128,6,216,raw-within-metric
UCI498,handover,ap,equal-level,rung,0.6703253067514323,0.8962120785286984,0.22588677177726613,3,216,raw-within-metric
UCI498,handover,auc,equal-level,learner,0.0007916115146449121,0.053847327413199524,0.05305571589855461,2,216,raw-within-metric
UCI498,handover,auc,equal-level,split,0.0649212554448935,0.24573747356642364,0.18081621812153015,6,216,raw-within-metric
UCI498,handover,auc,equal-level,quality_level,0.007444251483269912,0.0645200417206914,0.057075790237421486,6,216,raw-within-metric
UCI498,handover,auc,equal-level,rung,0.7177367321884496,0.8997530531394015,0.18201632095095188,3,216,raw-within-metric
UCI498,handover,brier_skill,equal-level,learner,0.1091012539259901,0.30712524848426903,0.19802399455827893,2,216,raw-within-metric
UCI498,handover,brier_skill,equal-level,split,0.14121610430057285,0.42368678836584606,0.2824706840652732,6,216,raw-within-metric
UCI498,handover,brier_skill,equal-level,quality_level,0.0729296481262192,0.22751202060799272,0.15458237248177353,6,216,raw-within-metric
UCI498,handover,brier_skill,equal-level,rung,0.2867836040347122,0.5715274166583317,0.28474381262361953,3,216,raw-within-metric
UCI498,handover,logloss_skill,equal-level,learner,0.09968743747485723,0.30200278044305634,0.2023153429681991,2,216,raw-within-metric
UCI498,handover,logloss_skill,equal-level,split,0.13558914337347736,0.4444782004356015,0.3088890570621241,6,216,raw-within-metric
UCI498,handover,logloss_skill,equal-level,quality_level,0.08320713382501813,0.24272702976218355,0.15951989593716542,6,216,raw-within-metric
UCI498,handover,logloss_skill,equal-level,rung,0.2626213195507857,0.5690745986920984,0.3064532791413127,3,216,raw-within-metric
UCI498,handover,nagelkerke,equal-level,learner,0.07855444547800787,0.28489839531630057,0.20634394983829268,2,216,raw-within-metric
UCI498,handover,nagelkerke,equal-level,split,0.1386014528648658,0.4816612346332479,0.3430597817683821,6,216,raw-within-metric
UCI498,handover,nagelkerke,equal-level,quality_level,0.07088263163171746,0.24594055913799567,0.17505792750627822,6,216,raw-within-metric
UCI498,handover,nagelkerke,equal-level,rung,0.23881567131203826,0.611588233953874,0.37277256264183567,3,216,raw-within-metric
BPIC13_closed,handover,ap,reference,learner,0.014335384729367443,0.3000730961036915,0.285737711374324,2,216,raw-within-metric
BPIC13_closed,handover,ap,reference,split,0.3123676525310986,0.7836789434839697,0.4713112909528711,6,216,raw-within-metric
BPIC13_closed,handover,ap,reference,quality_level,0.02903543322589772,0.2894892724924502,0.26045383926655247,6,216,raw-within-metric
BPIC13_closed,handover,ap,reference,rung,0.1161867137011259,0.3539872975020859,0.23780058380096,3,216,raw-within-metric
BPIC13_closed,handover,auc,reference,learner,0.06284416045964758,0.25669589418050226,0.19385173372085468,2,216,raw-within-metric
BPIC13_closed,handover,auc,reference,split,0.2533679794871292,0.7635053433375947,0.5101373638504655,6,216,raw-within-metric
BPIC13_closed,handover,auc,reference,quality_level,0.012932723437035,0.18605265715641872,0.17311993371938372,6,216,raw-within-metric
BPIC13_closed,handover,auc,reference,rung,0.11072556283970873,0.508486340394807,0.39776077755509825,3,216,raw-within-metric
BPIC13_closed,handover,brier_skill,reference,learner,0.08860222208435851,0.4397422101260241,0.3511399880416656,2,216,raw-within-metric
BPIC13_closed,handover,brier_skill,reference,split,0.19392491335868603,0.4441099368548467,0.2501850234961607,6,216,raw-within-metric
BPIC13_closed,handover,brier_skill,reference,quality_level,0.023196119742840266,0.2051600302239606,0.18196391048112032,6,216,raw-within-metric
BPIC13_closed,handover,brier_skill,reference,rung,0.19970826127755825,0.5607856250472887,0.36107736376973043,3,216,raw-within-metric
BPIC13_closed,handover,logloss_skill,reference,learner,0.1962537222283835,0.5315175468884394,0.33526382466005594,2,216,raw-within-metric
BPIC13_closed,handover,logloss_skill,reference,split,0.2242750237750989,0.5896600691036322,0.36538504532853333,6,216,raw-within-metric
BPIC13_closed,handover,logloss_skill,reference,quality_level,0.014139702143900491,0.18003298105763488,0.1658932789137344,6,216,raw-within-metric
BPIC13_closed,handover,logloss_skill,reference,rung,0.09780089403178538,0.3521410272710853,0.25434013323929994,3,216,raw-within-metric
BPIC13_closed,handover,nagelkerke,reference,learner,0.15072497174657815,0.5499393957944182,0.39921442404784,2,216,raw-within-metric
BPIC13_closed,handover,nagelkerke,reference,split,0.19151647057619,0.6366312384877626,0.44511476791157256,6,216,raw-within-metric
BPIC13_closed,handover,nagelkerke,reference,quality_level,0.01122023598043541,0.15953704288355675,0.14831680690312132,6,216,raw-within-metric
BPIC13_closed,handover,nagelkerke,reference,rung,0.09624262316643259,0.4060716664588469,0.30982904329241434,3,216,raw-within-metric
BPIC13_incidents,duration,ap,reference,learner,0.0027319034598174198,0.1130812292329997,0.11034932577318228,2,216,raw-within-metric
BPIC13_incidents,duration,ap,reference,split,0.28772858092590936,0.5674794574934666,0.27975087656755726,6,216,raw-within-metric
BPIC13_incidents,duration,ap,reference,quality_level,0.10333497817769866,0.2424419647291916,0.13910698655149295,6,216,raw-within-metric
BPIC13_incidents,duration,ap,reference,rung,0.2670906081204684,0.5063900091176315,0.23929940099716313,3,216,raw-within-metric
BPIC13_incidents,duration,auc,reference,learner,0.02633129023743965,0.05602996326684655,0.029698673029406895,2,216,raw-within-metric
BPIC13_incidents,duration,auc,reference,split,0.2902929116906769,0.5202556191357004,0.2299627074450235,6,216,raw-within-metric
BPIC13_incidents,duration,auc,reference,quality_level,0.12111447003670774,0.2124848724925207,0.09137040245581297,6,216,raw-within-metric
BPIC13_incidents,duration,auc,reference,rung,0.284426078060017,0.5219261165081376,0.23750003844812057,3,216,raw-within-metric
BPIC13_incidents,duration,brier_skill,reference,learner,0.08118234423305772,0.34854861396468884,0.26736626973163113,2,216,raw-within-metric
BPIC13_incidents,duration,brier_skill,reference,split,0.26983955362885553,0.8087202764044521,0.5388807227755965,6,216,raw-within-metric
BPIC13_incidents,duration,brier_skill,reference,quality_level,0.015585952011702384,0.18444695919992046,0.1688610071882181,6,216,raw-within-metric
BPIC13_incidents,duration,brier_skill,reference,rung,0.0016589309492635333,0.5248281136401046,0.5231691826908411,3,216,raw-within-metric
BPIC13_incidents,duration,logloss_skill,reference,learner,0.044502966680400775,0.2958932971374255,0.25139033045702475,2,216,raw-within-metric
BPIC13_incidents,duration,logloss_skill,reference,split,0.4220478624207551,0.8631729811895852,0.4411251187688301,6,216,raw-within-metric
BPIC13_incidents,duration,logloss_skill,reference,quality_level,0.009011595171942416,0.12719816345444768,0.11818656828250526,6,216,raw-within-metric
BPIC13_incidents,duration,logloss_skill,reference,rung,0.028015050869886194,0.3509589488980171,0.3229438980281309,3,216,raw-within-metric
BPIC13_incidents,duration,nagelkerke,reference,learner,0.020588294735019462,0.46311579118848983,0.4425274964534704,2,216,raw-within-metric
BPIC13_incidents,duration,nagelkerke,reference,split,0.23774118603635486,0.9218575701990412,0.6841163841626864,6,216,raw-within-metric
BPIC13_incidents,duration,nagelkerke,reference,quality_level,0.020719200314267307,0.562663846276062,0.5419446459617947,6,216,raw-within-metric
BPIC13_incidents,duration,nagelkerke,reference,rung,0.0005463840816058016,0.19670943349040054,0.19616304940879475,3,216,raw-within-metric
BPIC13_incidents,handover,ap,reference,learner,0.014519841567961258,0.042133673737220274,0.027613832169259014,2,216,raw-within-metric
BPIC13_incidents,handover,ap,reference,split,0.055318878020290466,0.10731722153561807,0.0519983435153276,6,216,raw-within-metric
BPIC13_incidents,handover,ap,reference,quality_level,0.06766896100101188,0.1207795456384128,0.05311058463740091,6,216,raw-within-metric
BPIC13_incidents,handover,ap,reference,rung,0.7746896156304259,0.8343938636991489,0.05970424806872299,3,216,raw-within-metric
BPIC13_incidents,handover,auc,reference,learner,0.02573620182401191,0.07923675995139946,0.05350055812738755,2,216,raw-within-metric
BPIC13_incidents,handover,auc,reference,split,0.08594472685620148,0.14656252044452206,0.060617793588320576,6,216,raw-within-metric
BPIC13_incidents,handover,auc,reference,quality_level,0.14862792731199773,0.2143994369789519,0.06577150966695416,6,216,raw-within-metric
BPIC13_incidents,handover,auc,reference,rung,0.626428194161934,0.6907363581436978,0.06430816398176387,3,216,raw-within-metric
BPIC13_incidents,handover,brier_skill,reference,learner,0.002073525765205632,0.10505016033950025,0.10297663457429462,2,216,raw-within-metric
BPIC13_incidents,handover,brier_skill,reference,split,0.1451814924630353,0.3159895162855053,0.17080802382247,6,216,raw-within-metric
BPIC13_incidents,handover,brier_skill,reference,quality_level,0.31322972997689,0.40272439274638416,0.08949466276949414,6,216,raw-within-metric
BPIC13_incidents,handover,brier_skill,reference,rung,0.3147960891812567,0.474903523368506,0.16010743418724932,3,216,raw-within-metric
BPIC13_incidents,handover,logloss_skill,reference,learner,0.04673754698206265,0.43669953733628064,0.38996199035421797,2,216,raw-within-metric
BPIC13_incidents,handover,logloss_skill,reference,split,0.387690833098777,0.8450760797063795,0.45738524660760255,6,216,raw-within-metric
BPIC13_incidents,handover,logloss_skill,reference,quality_level,0.04635980567536783,0.1498444000019417,0.10348459432657389,6,216,raw-within-metric
BPIC13_incidents,handover,logloss_skill,reference,rung,0.030507665927067617,0.16477204246282623,0.13426437653575862,3,216,raw-within-metric
BPIC13_incidents,handover,nagelkerke,reference,learner,0.038595214190788624,0.5142680582418708,0.47567284405108223,2,216,raw-within-metric
BPIC13_incidents,handover,nagelkerke,reference,split,0.32827312735714576,0.9197349788157331,0.5914618514585873,6,216,raw-within-metric
BPIC13_incidents,handover,nagelkerke,reference,quality_level,0.011013982486438692,0.26286737355264356,0.25185339106620486,6,216,raw-within-metric
BPIC13_incidents,handover,nagelkerke,reference,rung,0.005628867740344125,0.1792979324717954,0.17366906473145127,3,216,raw-within-metric
BPIC14,duration,ap,reference,learner,0.12482509122412515,0.21107426566191279,0.08624917443778764,4,960,raw-within-metric
BPIC14,duration,ap,reference,split,0.02963049884438763,0.0630503170980177,0.033419818253630065,6,960,raw-within-metric
BPIC14,duration,ap,reference,quality_level,0.14737972540069338,0.2034178116662187,0.05603808626552531,10,960,raw-within-metric
BPIC14,duration,ap,reference,rung,0.567196999107368,0.6665094793744958,0.0993124802671278,4,960,raw-within-metric
BPIC14,duration,auc,reference,learner,0.010026115343509872,0.09826103752114755,0.08823492217763768,4,960,raw-within-metric
BPIC14,duration,auc,reference,split,0.019229583272095105,0.04303921186447014,0.023809628592375037,6,960,raw-within-metric
BPIC14,duration,auc,reference,quality_level,0.17180849633995646,0.2409481564678559,0.06913966012789943,10,960,raw-within-metric
BPIC14,duration,auc,reference,rung,0.6657237493715837,0.7617615206479604,0.0960377712763767,4,960,raw-within-metric
BPIC14,duration,brier_skill,reference,learner,0.23584703960668174,0.35628735462118927,0.12044031501450753,4,960,raw-within-metric
BPIC14,duration,brier_skill,reference,split,0.025751225123821546,0.048905797410966304,0.023154572287144758,6,960,raw-within-metric
BPIC14,duration,brier_skill,reference,quality_level,0.14329986986907825,0.20377700384199027,0.06047713397291202,10,960,raw-within-metric
BPIC14,duration,brier_skill,reference,rung,0.4342453247173965,0.5649091767878255,0.13066385207042897,4,960,raw-within-metric
BPIC14,duration,logloss_skill,reference,learner,0.25708241550728583,0.37472728497741153,0.1176448694701257,4,960,raw-within-metric
BPIC14,duration,logloss_skill,reference,split,0.024096252534718293,0.0468411720305385,0.02274491949582021,6,960,raw-within-metric
BPIC14,duration,logloss_skill,reference,quality_level,0.1428274458218516,0.20335488624483325,0.06052744042298164,10,960,raw-within-metric
BPIC14,duration,logloss_skill,reference,rung,0.4192995036673115,0.5458759171227123,0.12657641345540083,4,960,raw-within-metric
BPIC14,duration,nagelkerke,reference,learner,0.25132842341521544,0.37065846179466244,0.119330038379447,4,960,raw-within-metric
BPIC14,duration,nagelkerke,reference,split,0.020792230851331524,0.04430829122225664,0.02351606037092512,6,960,raw-within-metric
BPIC14,duration,nagelkerke,reference,quality_level,0.13884272944219309,0.1979178281937199,0.059075098751526806,10,960,raw-within-metric
BPIC14,duration,nagelkerke,reference,rung,0.4320871505839936,0.5593315953333962,0.12724444474940255,4,960,raw-within-metric
BPIC14,handover,ap,reference,learner,0.4546567920078689,0.5965649225444178,0.14190813053654894,4,960,raw-within-metric
BPIC14,handover,ap,reference,split,0.006953782921023293,0.045626937056921606,0.038673154135898315,6,960,raw-within-metric
BPIC14,handover,ap,reference,quality_level,0.04387374706077039,0.08444408559446133,0.040570338533690936,10,960,raw-within-metric
BPIC14,handover,ap,reference,rung,0.3200496058430262,0.46169749999198856,0.14164789414896234,4,960,raw-within-metric
BPIC14,handover,auc,reference,learner,0.36595473425529523,0.49829420528762824,0.132339471032333,4,960,raw-within-metric
BPIC14,handover,auc,reference,split,0.01786466299448769,0.03344487893823638,0.015580215943748692,6,960,raw-within-metric
BPIC14,handover,auc,reference,quality_level,0.08161861873720991,0.13115719813477153,0.04953857939756162,10,960,raw-within-metric
BPIC14,handover,auc,reference,rung,0.374926326618981,0.5079556733052307,0.13302934668624972,4,960,raw-within-metric
BPIC14,handover,brier_skill,reference,learner,0.3266703501164056,0.44815713308099764,0.12148678296459203,4,960,raw-within-metric
BPIC14,handover,brier_skill,reference,split,0.012829686502107102,0.027999727432125657,0.015170040930018554,6,960,raw-within-metric
BPIC14,handover,brier_skill,reference,quality_level,0.17123102022443068,0.2525938875497291,0.08136286732529843,10,960,raw-within-metric
BPIC14,handover,brier_skill,reference,rung,0.3282204372841142,0.4456380737179515,0.11741763643383729,4,960,raw-within-metric
BPIC14,handover,logloss_skill,reference,learner,0.3291963235267646,0.45032681954701154,0.12113049602024695,4,960,raw-within-metric
BPIC14,handover,logloss_skill,reference,split,0.019925368765927192,0.03903959243513046,0.019114223669203265,6,960,raw-within-metric
BPIC14,handover,logloss_skill,reference,quality_level,0.15147457983343743,0.2261984878851075,0.07472390805167006,10,960,raw-within-metric
BPIC14,handover,logloss_skill,reference,rung,0.3409126359029711,0.4572444144629787,0.11633177856000759,4,960,raw-within-metric
BPIC14,handover,nagelkerke,reference,learner,0.32874825914681677,0.45004733403792285,0.12129907489110608,4,960,raw-within-metric
BPIC14,handover,nagelkerke,reference,split,0.016437278030280354,0.03391224242403739,0.017474964393757036,6,960,raw-within-metric
BPIC14,handover,nagelkerke,reference,quality_level,0.1442789530910456,0.21653286015907544,0.07225390706802984,10,960,raw-within-metric
BPIC14,handover,nagelkerke,reference,rung,0.3529567402122197,0.4709548963297866,0.11799815611756692,4,960,raw-within-metric
BPIC15_1,duration,ap,reference,learner,0.02110875825002816,0.40665023953339435,0.3855414812833662,2,216,raw-within-metric
BPIC15_1,duration,ap,reference,split,0.15892136820913536,0.6623096991915564,0.503388330982421,6,216,raw-within-metric
BPIC15_1,duration,ap,reference,quality_level,0.07940790731744568,0.3292374874583652,0.2498295801409195,6,216,raw-within-metric
BPIC15_1,duration,ap,reference,rung,0.06460980088856552,0.5829031918974468,0.5182933910088813,3,216,raw-within-metric
BPIC15_1,duration,auc,reference,learner,0.046570597579414584,0.574099771197457,0.5275291736180424,2,216,raw-within-metric
BPIC15_1,duration,auc,reference,split,0.10810256266849787,0.49043858290834375,0.38233602023984586,6,216,raw-within-metric
BPIC15_1,duration,auc,reference,quality_level,0.004490620446021735,0.16734909691813915,0.1628584764721174,6,216,raw-within-metric
BPIC15_1,duration,auc,reference,rung,0.15221027807574736,0.6922078781196349,0.5399976000438875,3,216,raw-within-metric
BPIC15_1,duration,brier_skill,reference,learner,0.004044808014571708,0.37466833731699184,0.37062352930242015,2,216,raw-within-metric
BPIC15_1,duration,brier_skill,reference,split,0.29943421115569324,0.7652358513395694,0.46580164018387615,6,216,raw-within-metric
BPIC15_1,duration,brier_skill,reference,quality_level,0.022600944458609693,0.21278470307677927,0.19018375861816958,6,216,raw-within-metric
BPIC15_1,duration,brier_skill,reference,rung,0.12088988048840518,0.39424166490005624,0.2733517844116511,3,216,raw-within-metric
BPIC15_1,duration,logloss_skill,reference,learner,0.08024472284136788,0.4214091770724312,0.34116445423106334,2,216,raw-within-metric
BPIC15_1,duration,logloss_skill,reference,split,0.3133439442016283,0.7555425672064082,0.4421986230047799,6,216,raw-within-metric
BPIC15_1,duration,logloss_skill,reference,quality_level,0.029474166964763553,0.24852063387342196,0.21904646690865842,6,216,raw-within-metric
BPIC15_1,duration,logloss_skill,reference,rung,0.06785325310637694,0.24614312315098333,0.1782898700446064,3,216,raw-within-metric
BPIC15_1,duration,nagelkerke,reference,learner,0.10515506014462919,0.4609530502552089,0.35579799011057966,2,216,raw-within-metric
BPIC15_1,duration,nagelkerke,reference,split,0.30118322631710226,0.7491784395782058,0.4479952132611036,6,216,raw-within-metric
BPIC15_1,duration,nagelkerke,reference,quality_level,0.030832752342600602,0.25414844461167835,0.22331569226907774,6,216,raw-within-metric
BPIC15_1,duration,nagelkerke,reference,rung,0.059784581514644115,0.18982424216414223,0.13003966064949812,3,216,raw-within-metric
BPIC15_1,handover,ap,reference,learner,0.009570481134751266,0.16674540702695032,0.15717492589219906,2,216,raw-within-metric
BPIC15_1,handover,ap,reference,split,0.02370240289172776,0.20882846610259773,0.18512606321086997,6,216,raw-within-metric
BPIC15_1,handover,ap,reference,quality_level,0.021189766776611267,0.15003152583921975,0.12884175906260847,6,216,raw-within-metric
BPIC15_1,handover,ap,reference,rung,0.6707734722626876,0.9068335674603194,0.23606009519763183,3,216,raw-within-metric
BPIC15_1,handover,auc,reference,learner,0.013265276520749296,0.20107355817450004,0.18780828165375074,2,216,raw-within-metric
BPIC15_1,handover,auc,reference,split,0.03346729889739358,0.2510933355202037,0.2176260366228101,6,216,raw-within-metric
BPIC15_1,handover,auc,reference,quality_level,0.04492824897705289,0.16382348800685761,0.11889523902980473,6,216,raw-within-metric
BPIC15_1,handover,auc,reference,rung,0.5545953750449774,0.8590210028369721,0.3044256277919948,3,216,raw-within-metric
BPIC15_1,handover,brier_skill,reference,learner,0.08297744165078702,0.4802605575907753,0.3972831159399883,2,216,raw-within-metric
BPIC15_1,handover,brier_skill,reference,split,0.16175025652283656,0.5474500351537642,0.38569977863092764,6,216,raw-within-metric
BPIC15_1,handover,brier_skill,reference,quality_level,0.16129461102573867,0.37047260129946763,0.20917799027372896,6,216,raw-within-metric
BPIC15_1,handover,brier_skill,reference,rung,0.07912616620230568,0.27188955673605686,0.1927633905337512,3,216,raw-within-metric
BPIC15_1,handover,logloss_skill,reference,learner,0.031526927584419044,0.49703188319249336,0.4655049556080743,2,216,raw-within-metric
BPIC15_1,handover,logloss_skill,reference,split,0.05892078800689146,0.6759017043623777,0.6169809163554862,6,216,raw-within-metric
BPIC15_1,handover,logloss_skill,reference,quality_level,0.06045633322406674,0.23414242439499636,0.17368609117092962,6,216,raw-within-metric
BPIC15_1,handover,logloss_skill,reference,rung,0.03070106186077214,0.7411085056546327,0.7104074437938606,3,216,raw-within-metric
BPIC15_1,handover,nagelkerke,reference,learner,0.0015458403100924289,0.49111994311630663,0.4895741028062142,2,216,raw-within-metric
BPIC15_1,handover,nagelkerke,reference,split,0.08497946496514623,0.894652128287584,0.8096726633224378,6,216,raw-within-metric
BPIC15_1,handover,nagelkerke,reference,quality_level,0.0016292474394121413,0.1002303504789663,0.09860110303955416,6,216,raw-within-metric
BPIC15_1,handover,nagelkerke,reference,rung,0.03394233451548342,0.8171479401749302,0.7832056056594467,3,216,raw-within-metric
BPIC15_3,duration,ap,reference,learner,0.05828989964227012,0.4984139074058782,0.4401240077636081,2,216,raw-within-metric
BPIC15_3,duration,ap,reference,split,0.1987784829896632,0.5788037308607032,0.3800252478710401,6,216,raw-within-metric
BPIC15_3,duration,ap,reference,quality_level,0.10019802998309338,0.21840701810631857,0.1182089881232252,6,216,raw-within-metric
BPIC15_3,duration,ap,reference,rung,0.024247768815947826,0.5112296269250294,0.48698185810908157,3,216,raw-within-metric
BPIC15_3,duration,auc,reference,learner,0.07585674777601988,0.4627056436279512,0.38684889585193133,2,216,raw-within-metric
BPIC15_3,duration,auc,reference,split,0.24989241783286786,0.6011853474642691,0.35129292963140124,6,216,raw-within-metric
BPIC15_3,duration,auc,reference,quality_level,0.1091903351764446,0.21220097439750454,0.10301063922105995,6,216,raw-within-metric
BPIC15_3,duration,auc,reference,rung,0.002561560050483658,0.44378548900085674,0.4412239289503731,3,216,raw-within-metric
BPIC15_3,duration,brier_skill,reference,learner,0.012988056853547762,0.47446436454816354,0.4614763076946158,2,216,raw-within-metric
BPIC15_3,duration,brier_skill,reference,split,0.2288626812328743,0.5839255513288732,0.35506287009599896,6,216,raw-within-metric
BPIC15_3,duration,brier_skill,reference,quality_level,0.059327867426003024,0.14373039706998147,0.08440252964397846,6,216,raw-within-metric
BPIC15_3,duration,brier_skill,reference,rung,0.09642619711558081,0.548557083073947,0.4521308859583662,3,216,raw-within-metric
BPIC15_3,duration,logloss_skill,reference,learner,2.8181303537692987e-05,0.4635525061136157,0.463524324810078,2,216,raw-within-metric
BPIC15_3,duration,logloss_skill,reference,split,0.2564442878823087,0.6572101240366091,0.40076583615430034,6,216,raw-within-metric
BPIC15_3,duration,logloss_skill,reference,quality_level,0.02089182739675729,0.14193860680465406,0.12104677940789677,6,216,raw-within-metric
BPIC15_3,duration,logloss_skill,reference,rung,0.09732722159857479,0.5364177607264854,0.43909053912791063,3,216,raw-within-metric
BPIC15_3,duration,nagelkerke,reference,learner,0.055545805110348845,0.5027577367796261,0.44721193166927725,2,216,raw-within-metric
BPIC15_3,duration,nagelkerke,reference,split,0.22442179110317076,0.6288550859071803,0.4044332948040096,6,216,raw-within-metric
BPIC15_3,duration,nagelkerke,reference,quality_level,0.013391691771909459,0.10961189870328492,0.09622020693137545,6,216,raw-within-metric
BPIC15_3,duration,nagelkerke,reference,rung,0.11589531553153536,0.5103243484287613,0.3944290328972259,3,216,raw-within-metric
BPIC15_3,handover,ap,reference,learner,1.6828866634336992e-05,0.11131118420064029,0.11129435533400596,2,216,raw-within-metric
BPIC15_3,handover,ap,reference,split,0.3887017420153443,0.8343495399923566,0.4456477979770123,6,216,raw-within-metric
BPIC15_3,handover,ap,reference,quality_level,0.0035776297521768934,0.11192338912303154,0.10834575937085465,6,216,raw-within-metric
BPIC15_3,handover,ap,reference,rung,0.15144090245477407,0.5199081878485674,0.36846728539379336,3,216,raw-within-metric
BPIC15_3,handover,auc,reference,learner,0.0027541046739252375,0.502725718189897,0.49997161351597175,2,216,raw-within-metric
BPIC15_3,handover,auc,reference,split,0.26968758652399655,0.8300878269059628,0.5604002403819663,6,216,raw-within-metric
BPIC15_3,handover,auc,reference,quality_level,6.592982033504429e-05,0.08804061089055018,0.08797468107021514,6,216,raw-within-metric
BPIC15_3,handover,auc,reference,rung,0.11926998345066152,0.5209625038308974,0.40169252038023584,3,216,raw-within-metric
BPIC15_3,handover,brier_skill,reference,learner,0.04114279949305531,0.42946966665880953,0.3883268671657542,2,216,raw-within-metric
BPIC15_3,handover,brier_skill,reference,split,0.167854375653658,0.5445435756249652,0.37668919997130723,6,216,raw-within-metric
BPIC15_3,handover,brier_skill,reference,quality_level,0.013982818586407311,0.16152186832909746,0.14753904974269014,6,216,raw-within-metric
BPIC15_3,handover,brier_skill,reference,rung,0.19321033690332418,0.6307796411168585,0.4375693042135343,3,216,raw-within-metric
BPIC15_3,handover,logloss_skill,reference,learner,0.002060787649891153,0.4488197104859076,0.4467589228360164,2,216,raw-within-metric
BPIC15_3,handover,logloss_skill,reference,split,0.1437566472345351,0.49677240248609394,0.3530157552515588,6,216,raw-within-metric
BPIC15_3,handover,logloss_skill,reference,quality_level,0.0031127040272777825,0.10973225862513802,0.10661955459786024,6,216,raw-within-metric
BPIC15_3,handover,logloss_skill,reference,rung,0.2433572002388186,0.7192275162690683,0.47587031603024976,3,216,raw-within-metric
BPIC15_3,handover,nagelkerke,reference,learner,0.00012578453557734488,0.4661930230760455,0.46606723854046817,2,216,raw-within-metric
BPIC15_3,handover,nagelkerke,reference,split,0.170064878560971,0.5636052565896915,0.39354037802872055,6,216,raw-within-metric
BPIC15_3,handover,nagelkerke,reference,quality_level,0.0025393413921663294,0.11330016918419827,0.11076082779203195,6,216,raw-within-metric
BPIC15_3,handover,nagelkerke,reference,rung,0.2092772883846324,0.6501870755912099,0.44090978720657753,3,216,raw-within-metric
BPIC15_4,duration,ap,reference,learner,0.00047188613947314134,0.4555621208837762,0.45509023474430305,2,216,raw-within-metric
BPIC15_4,duration,ap,reference,split,0.2778744028845421,0.8205858673555375,0.5427114644709954,6,216,raw-within-metric
BPIC15_4,duration,ap,reference,quality_level,0.024830056026675075,0.34841562791209385,0.32358557188541875,6,216,raw-within-metric
BPIC15_4,duration,ap,reference,rung,0.04152398887488632,0.39321814627891244,0.3516941574040261,3,216,raw-within-metric
BPIC15_4,duration,auc,reference,learner,0.143856274275405,0.5627924947853582,0.41893622050995316,2,216,raw-within-metric
BPIC15_4,duration,auc,reference,split,0.1921721206695377,0.6800413802129675,0.48786925954342975,6,216,raw-within-metric
BPIC15_4,duration,auc,reference,quality_level,0.024203392303108057,0.2864338159853952,0.2622304236822871,6,216,raw-within-metric
BPIC15_4,duration,auc,reference,rung,0.019031197382058683,0.3292064974028349,0.31017530002077626,3,216,raw-within-metric
BPIC15_4,duration,brier_skill,reference,learner,0.22533238585008433,0.724506958023213,0.49917457217312866,2,216,raw-within-metric
BPIC15_4,duration,brier_skill,reference,split,0.06268505750986425,0.5311480412033501,0.4684629836934859,6,216,raw-within-metric
BPIC15_4,duration,brier_skill,reference,quality_level,0.053877020176266575,0.40258601297529945,0.3487089927990329,6,216,raw-within-metric
BPIC15_4,duration,brier_skill,reference,rung,0.029930062414222584,0.16700653879927685,0.13707647638505427,3,216,raw-within-metric
BPIC15_4,duration,logloss_skill,reference,learner,0.2725861747723364,0.7174291460056774,0.44484297123334104,2,216,raw-within-metric
BPIC15_4,duration,logloss_skill,reference,split,0.07889233914249202,0.5109743415269133,0.4320820023844213,6,216,raw-within-metric
BPIC15_4,duration,logloss_skill,reference,quality_level,0.07647945730188974,0.423192868826137,0.3467134115242473,6,216,raw-within-metric
BPIC15_4,duration,logloss_skill,reference,rung,0.0069850033087667665,0.0674430090223617,0.06045800571359493,3,216,raw-within-metric
BPIC15_4,duration,nagelkerke,reference,learner,0.29396541168957036,0.7138197129552559,0.41985430126568557,2,216,raw-within-metric
BPIC15_4,duration,nagelkerke,reference,split,0.08142320745520033,0.47318513832961506,0.39176193087441474,6,216,raw-within-metric
BPIC15_4,duration,nagelkerke,reference,quality_level,0.08999181562217569,0.43253080919931364,0.34253899357713796,6,216,raw-within-metric
BPIC15_4,duration,nagelkerke,reference,rung,0.0064878213890465376,0.04309947699544224,0.036611655606395704,3,216,raw-within-metric
BPIC15_4,handover,ap,reference,learner,0.01575755581943898,0.38069747064462806,0.36493991482518906,2,216,raw-within-metric
BPIC15_4,handover,ap,reference,split,0.17027918041545165,0.6636320748969233,0.4933528944814717,6,216,raw-within-metric
BPIC15_4,handover,ap,reference,quality_level,0.026229628496133393,0.19758745595121763,0.17135782745508424,6,216,raw-within-metric
BPIC15_4,handover,ap,reference,rung,0.14254333271578778,0.6633088333553512,0.5207655006395634,3,216,raw-within-metric
BPIC15_4,handover,auc,reference,learner,0.0808569046293871,0.5503268489475792,0.4694699443181921,2,216,raw-within-metric
BPIC15_4,handover,auc,reference,split,0.09235936067535867,0.6337349986706751,0.5413756379953164,6,216,raw-within-metric
BPIC15_4,handover,auc,reference,quality_level,0.044240198539735875,0.35435762346191363,0.31011742492217775,6,216,raw-within-metric
BPIC15_4,handover,auc,reference,rung,0.07351827214768468,0.42063180358693764,0.34711353143925294,3,216,raw-within-metric
BPIC15_4,handover,brier_skill,reference,learner,0.07153860885548252,0.5494552151656814,0.4779166063101989,2,216,raw-within-metric
BPIC15_4,handover,brier_skill,reference,split,0.043700780178740115,0.6873193372641446,0.6436185570854045,6,216,raw-within-metric
BPIC15_4,handover,brier_skill,reference,quality_level,0.03710928390747044,0.4119757879067886,0.3748665039993182,6,216,raw-within-metric
BPIC15_4,handover,brier_skill,reference,rung,0.06774429759580652,0.5636567790937652,0.4959124814979587,3,216,raw-within-metric
BPIC15_4,handover,logloss_skill,reference,learner,0.20172929097931536,0.6123598072235279,0.41063051624421254,2,216,raw-within-metric
BPIC15_4,handover,logloss_skill,reference,split,0.04899820871665206,0.603067258531615,0.554069049814963,6,216,raw-within-metric
BPIC15_4,handover,logloss_skill,reference,quality_level,0.012420285529870321,0.3565958659793382,0.34417558044946783,6,216,raw-within-metric
BPIC15_4,handover,logloss_skill,reference,rung,0.044620349044180364,0.5311052111584191,0.48648486211423875,3,216,raw-within-metric
BPIC15_4,handover,nagelkerke,reference,learner,0.014513411375834015,0.5094281635496988,0.49491475217386477,2,216,raw-within-metric
BPIC15_4,handover,nagelkerke,reference,split,0.006063758631893716,0.8958407210418463,0.8897769624099526,6,216,raw-within-metric
BPIC15_4,handover,nagelkerke,reference,quality_level,0.01651557626299469,0.49964939338568015,0.48313381712268544,6,216,raw-within-metric
BPIC15_4,handover,nagelkerke,reference,rung,0.0230233800128577,0.5555862962529554,0.5325629162400977,3,216,raw-within-metric
BPIC15_5,duration,ap,reference,learner,0.08108932612461674,0.5877756898990614,0.5066863637744446,2,216,raw-within-metric
BPIC15_5,duration,ap,reference,split,0.010726577982522901,0.5938650284401406,0.5831384504576177,6,216,raw-within-metric
BPIC15_5,duration,ap,reference,quality_level,0.05824486513382955,0.2635902468704212,0.20534538173659167,6,216,raw-within-metric
BPIC15_5,duration,ap,reference,rung,0.07434502814597113,0.6801652725587967,0.6058202444128256,3,216,raw-within-metric
BPIC15_5,duration,auc,reference,learner,0.041189015038838456,0.7184439874225891,0.6772549723837507,2,216,raw-within-metric
BPIC15_5,duration,auc,reference,split,0.06581825284285005,0.6390958212482152,0.5732775684053651,6,216,raw-within-metric
BPIC15_5,duration,auc,reference,quality_level,0.019643124085383785,0.1410507894413163,0.12140766535593252,6,216,raw-within-metric
BPIC15_5,duration,auc,reference,rung,0.0008114804474994821,0.8201440331100494,0.8193325526625499,3,216,raw-within-metric
BPIC15_5,duration,brier_skill,reference,learner,0.09601828311798125,0.4742580387650978,0.37823975564711654,2,216,raw-within-metric
BPIC15_5,duration,brier_skill,reference,split,0.09256928070636787,0.6250652285637693,0.5324959478574015,6,216,raw-within-metric
BPIC15_5,duration,brier_skill,reference,quality_level,0.04593882731462308,0.2482717920213137,0.2023329647066906,6,216,raw-within-metric
BPIC15_5,duration,brier_skill,reference,rung,0.10632067163586303,0.6028490386710788,0.49652836703521575,3,216,raw-within-metric
BPIC15_5,duration,logloss_skill,reference,learner,0.23018639171258362,0.505609656499345,0.2754232647867614,2,216,raw-within-metric
BPIC15_5,duration,logloss_skill,reference,split,0.07518037415465129,0.588699774337425,0.5135194001827738,6,216,raw-within-metric
BPIC15_5,duration,logloss_skill,reference,quality_level,0.05498514865699605,0.2999949760756118,0.24500982741861577,6,216,raw-within-metric
BPIC15_5,duration,logloss_skill,reference,rung,0.05111229629974124,0.45939920397940354,0.4082869076796623,3,216,raw-within-metric
BPIC15_5,duration,nagelkerke,reference,learner,0.17494536803298433,0.4800151558327257,0.30506978779974137,2,216,raw-within-metric
BPIC15_5,duration,nagelkerke,reference,split,0.05385433899804036,0.6875597315016826,0.6337053925036422,6,216,raw-within-metric
BPIC15_5,duration,nagelkerke,reference,quality_level,0.03704420591978908,0.2814589140869544,0.24441470816716532,6,216,raw-within-metric
BPIC15_5,duration,nagelkerke,reference,rung,0.031141433906261784,0.5652864137189918,0.53414497981273,3,216,raw-within-metric
BPIC17,duration,ap,reference,learner,0.0011385619444625444,0.21122423189155895,0.2100856699470964,2,216,raw-within-metric
BPIC17,duration,ap,reference,split,0.21399732316074693,0.414988045665179,0.20099072250443206,6,216,raw-within-metric
BPIC17,duration,ap,reference,quality_level,0.26615343095771127,0.4104459934151167,0.14429256245740546,6,216,raw-within-metric
BPIC17,duration,ap,reference,rung,0.18774259017096104,0.39650165332147946,0.20875906315051843,3,216,raw-within-metric
BPIC17,duration,auc,reference,learner,0.0040094521944701025,0.1970343071468694,0.1930248549523993,2,216,raw-within-metric
BPIC17,duration,auc,reference,split,0.16624261972202442,0.36999705293155527,0.20375443320953085,6,216,raw-within-metric
BPIC17,duration,auc,reference,quality_level,0.0636037514875266,0.16401602265752444,0.10041227116999783,6,216,raw-within-metric
BPIC17,duration,auc,reference,rung,0.43178856308488006,0.6709612245181321,0.23917266143325205,3,216,raw-within-metric
BPIC17,duration,brier_skill,reference,learner,0.07729319074357992,0.42416632257319886,0.34687313182961893,2,216,raw-within-metric
BPIC17,duration,brier_skill,reference,split,0.32061516229193837,0.7480463546307216,0.4274311923387832,6,216,raw-within-metric
BPIC17,duration,brier_skill,reference,quality_level,0.038829162920790875,0.2121116813842488,0.17328251846345794,6,216,raw-within-metric
BPIC17,duration,brier_skill,reference,rung,0.017292695276889338,0.32256088556702384,0.3052681902901345,3,216,raw-within-metric
BPIC17,duration,logloss_skill,reference,learner,0.09745298660577498,0.43974492879134436,0.34229194218556935,2,216,raw-within-metric
BPIC17,duration,logloss_skill,reference,split,0.3112548602672108,0.7241657359530567,0.4129108756858459,6,216,raw-within-metric
BPIC17,duration,logloss_skill,reference,quality_level,0.04132595741497647,0.2157123735833995,0.17438641616842304,6,216,raw-within-metric
BPIC17,duration,logloss_skill,reference,rung,0.017771988920679008,0.3062651291176643,0.2884931401969853,3,216,raw-within-metric
BPIC17,duration,nagelkerke,reference,learner,0.09691224283342091,0.4391385557642606,0.34222631293083966,2,216,raw-within-metric
BPIC17,duration,nagelkerke,reference,split,0.3116190221935793,0.7247716035291507,0.4131525813355714,6,216,raw-within-metric
BPIC17,duration,nagelkerke,reference,quality_level,0.04109408567142945,0.21516243613860692,0.17406835046717747,6,216,raw-within-metric
BPIC17,duration,nagelkerke,reference,rung,0.01800900078577564,0.307428362960849,0.28941936217507336,3,216,raw-within-metric
BPIC19,duration,ap,reference,learner,0.0619131389799757,0.15530001646641362,0.09338687748643792,3,324,raw-within-metric
BPIC19,duration,ap,reference,split,0.3478839960176527,0.6716666926651756,0.32378269664752296,6,324,raw-within-metric
BPIC19,duration,ap,reference,quality_level,0.029987400179947585,0.08524780666849185,0.05526040648854427,6,324,raw-within-metric
BPIC19,duration,ap,reference,rung,0.1930009166170572,0.4978761919045839,0.30487527528752667,3,324,raw-within-metric
BPIC19,duration,auc,reference,learner,0.08163774288471197,0.25274068804764954,0.17110294516293756,3,324,raw-within-metric
BPIC19,duration,auc,reference,split,0.19248905777179867,0.6887039712589553,0.49621491348715663,6,324,raw-within-metric
BPIC19,duration,auc,reference,quality_level,0.016640132821192345,0.18751333839660697,0.17087320557541463,6,324,raw-within-metric
BPIC19,duration,auc,reference,rung,0.16074188670007367,0.5898674170070171,0.4291255303069434,3,324,raw-within-metric
BPIC19,duration,brier_skill,reference,learner,0.012035010533437852,0.29503135661861923,0.28299634608518137,3,324,raw-within-metric
BPIC19,duration,brier_skill,reference,split,0.497821684979592,0.9154821651050092,0.41766048012541723,6,324,raw-within-metric
BPIC19,duration,brier_skill,reference,quality_level,0.00445508025447979,0.09370543089959658,0.0892503506451168,6,324,raw-within-metric
BPIC19,duration,brier_skill,reference,rung,0.011377309366004994,0.3098700372425106,0.2984927278765056,3,324,raw-within-metric
BPIC19,duration,logloss_skill,reference,learner,0.028500431764346416,0.3034349226869848,0.2749344909226384,3,324,raw-within-metric
BPIC19,duration,logloss_skill,reference,split,0.573847065707098,0.86899068351956,0.295143617812462,6,324,raw-within-metric
BPIC19,duration,logloss_skill,reference,quality_level,0.019593311827082044,0.1159605763503117,0.09636726452322966,6,324,raw-within-metric
BPIC19,duration,logloss_skill,reference,rung,0.0014376216584900858,0.21540685847212368,0.21396923681363358,3,324,raw-within-metric
BPIC19,duration,nagelkerke,reference,learner,0.010616544868771893,0.39161073337907343,0.38099418851030153,3,324,raw-within-metric
BPIC19,duration,nagelkerke,reference,split,0.45399105510838567,0.7355455911707885,0.2815545360624029,6,324,raw-within-metric
BPIC19,duration,nagelkerke,reference,quality_level,0.0452782843402886,0.24390371755230092,0.19862543321201231,6,324,raw-within-metric
BPIC19,duration,nagelkerke,reference,rung,0.016024203320807173,0.3553463852839963,0.33932218196318914,3,324,raw-within-metric
Helpdesk,duration,ap,reference,learner,0.15921142345476152,0.48789020289119417,0.32867877943643264,2,216,raw-within-metric
Helpdesk,duration,ap,reference,split,0.20241064581746698,0.609597002127434,0.40718635630996697,6,216,raw-within-metric
Helpdesk,duration,ap,reference,quality_level,0.07934302474700942,0.26092590362405227,0.18158287887704283,6,216,raw-within-metric
Helpdesk,duration,ap,reference,rung,0.07347236611146733,0.26589738517757866,0.1924250190661113,3,216,raw-within-metric
Helpdesk,duration,auc,reference,learner,0.06950560045561976,0.35577640080111855,0.2862708003454988,2,216,raw-within-metric
Helpdesk,duration,auc,reference,split,0.4723451746895196,0.8208497940178533,0.3485046193283337,6,216,raw-within-metric
Helpdesk,duration,auc,reference,quality_level,0.06451641787479181,0.19081769100678805,0.12630127313199624,6,216,raw-within-metric
Helpdesk,duration,auc,reference,rung,0.002720986627155418,0.14396422025021943,0.141243233623064,3,216,raw-within-metric
Helpdesk,duration,brier_skill,reference,learner,0.33611210783029977,0.5656676114043887,0.22955550357408894,2,216,raw-within-metric
Helpdesk,duration,brier_skill,reference,split,0.14541426776038338,0.3504788054707211,0.2050645377103377,6,216,raw-within-metric
Helpdesk,duration,brier_skill,reference,quality_level,0.16099332851997722,0.30444793632557854,0.14345460780560132,6,216,raw-within-metric
Helpdesk,duration,brier_skill,reference,rung,0.04552128530468981,0.20602775002240137,0.16050646471771157,3,216,raw-within-metric
Helpdesk,duration,logloss_skill,reference,learner,0.46414195323241336,0.657520437685245,0.19337848445283168,2,216,raw-within-metric
Helpdesk,duration,logloss_skill,reference,split,0.16125222487092583,0.3758829369311574,0.21463071206023154,6,216,raw-within-metric
Helpdesk,duration,logloss_skill,reference,quality_level,0.10328082203614905,0.1993864775071726,0.09610565547102354,6,216,raw-within-metric
Helpdesk,duration,logloss_skill,reference,rung,0.01325063510509763,0.10607867003946769,0.09282803493437006,3,216,raw-within-metric
Helpdesk,duration,nagelkerke,reference,learner,0.46762230827828843,0.65988588170141,0.19226357342312161,2,216,raw-within-metric
Helpdesk,duration,nagelkerke,reference,split,0.169786152672474,0.3873864225128425,0.2176002698403685,6,216,raw-within-metric
Helpdesk,duration,nagelkerke,reference,quality_level,0.09404110766046359,0.1983579496169691,0.10431684195650551,6,216,raw-within-metric
Helpdesk,duration,nagelkerke,reference,rung,0.009992699889521459,0.09723568723276199,0.08724298734324053,3,216,raw-within-metric
RoadFines,duration,ap,reference,learner,0.016600309230868724,0.16397235317840583,0.1473720439475371,3,324,raw-within-metric
RoadFines,duration,ap,reference,split,0.06911071985703393,0.32248181543949195,0.253371095582458,6,324,raw-within-metric
RoadFines,duration,ap,reference,quality_level,0.3875015629658541,0.5711478789199738,0.18364631595411968,6,324,raw-within-metric
RoadFines,duration,ap,reference,rung,0.16701576786764494,0.40029883119301635,0.2332830633253714,3,324,raw-within-metric
RoadFines,duration,auc,reference,learner,0.014129858548973372,0.18082499748545292,0.16669513893647955,3,324,raw-within-metric
RoadFines,duration,auc,reference,split,0.1120487437299338,0.4114903287778115,0.2994415850478777,6,324,raw-within-metric
RoadFines,duration,auc,reference,quality_level,0.19200373061933335,0.3988751444794108,0.20687141386007746,6,324,raw-within-metric
RoadFines,duration,auc,reference,rung,0.30274856861022587,0.5092725534387986,0.20652398482857276,3,324,raw-within-metric
RoadFines,duration,brier_skill,reference,learner,0.0020878366964262626,0.18134569379107432,0.17925785709464806,3,324,raw-within-metric
RoadFines,duration,brier_skill,reference,split,0.11280913048503853,0.4550087218198901,0.34219959133485156,6,324,raw-within-metric
RoadFines,duration,brier_skill,reference,quality_level,0.4066278190387875,0.5197669171065735,0.11313909806778605,6,324,raw-within-metric
RoadFines,duration,brier_skill,reference,rung,0.061943423342546065,0.3559821020858857,0.29403867874333967,3,324,raw-within-metric
RoadFines,duration,logloss_skill,reference,learner,0.01662749322493117,0.17356727989861953,0.15693978667368835,3,324,raw-within-metric
RoadFines,duration,logloss_skill,reference,split,0.09819481001304163,0.4388258697586954,0.3406310597456538,6,324,raw-within-metric
RoadFines,duration,logloss_skill,reference,quality_level,0.44110035406354375,0.5616556522905957,0.12055529822705191,6,324,raw-within-metric
RoadFines,duration,logloss_skill,reference,rung,0.047619109002584876,0.3187524268758955,0.27113331787331063,3,324,raw-within-metric
RoadFines,duration,nagelkerke,reference,learner,0.016433779942734074,0.17392836272433004,0.15749458278159598,3,324,raw-within-metric
RoadFines,duration,nagelkerke,reference,split,0.10170204722682595,0.44358051007411825,0.3418784628472923,6,324,raw-within-metric
RoadFines,duration,nagelkerke,reference,quality_level,0.43599075519406766,0.5582807537717537,0.12228999857768602,6,324,raw-within-metric
RoadFines,duration,nagelkerke,reference,rung,0.04719159945139784,0.32040126712373895,0.2732096676723411,3,324,raw-within-metric
Sepsis,duration,ap,reference,learner,0.028642333506365334,0.2604214981257663,0.23177916461940098,2,216,raw-within-metric
Sepsis,duration,ap,reference,split,0.09297759661239535,0.5276854701597586,0.4347078735473633,6,216,raw-within-metric
Sepsis,duration,ap,reference,quality_level,0.15492478806221194,0.29260406917634907,0.13767928111413713,6,216,raw-within-metric
Sepsis,duration,ap,reference,rung,0.2574335397771401,0.5085532570111782,0.25111971723403803,3,216,raw-within-metric
Sepsis,duration,auc,reference,learner,0.001669059073036276,0.16995860029901763,0.16828954122598136,2,216,raw-within-metric
Sepsis,duration,auc,reference,split,0.23597462942535233,0.6097915476172757,0.3738169181919234,6,216,raw-within-metric
Sepsis,duration,auc,reference,quality_level,0.12624926983515702,0.20132210100834635,0.07507283117318933,6,216,raw-within-metric
Sepsis,duration,auc,reference,rung,0.24797217956737236,0.5555771115658182,0.30760493199844585,3,216,raw-within-metric
Sepsis,duration,brier_skill,reference,learner,0.056364240412128806,0.35732056468411333,0.30095632427198454,2,216,raw-within-metric
Sepsis,duration,brier_skill,reference,split,0.16808330741501293,0.6958168935287572,0.5277335861137442,6,216,raw-within-metric
Sepsis,duration,brier_skill,reference,quality_level,0.1964308971491326,0.377042221542849,0.1806113243937164,6,216,raw-within-metric
Sepsis,duration,brier_skill,reference,rung,0.019329806576705365,0.37702687165402893,0.3576970650773236,3,216,raw-within-metric
Sepsis,duration,logloss_skill,reference,learner,0.2796716372193077,0.57015917323487,0.29048753601556226,2,216,raw-within-metric
Sepsis,duration,logloss_skill,reference,split,0.1191185526502288,0.5395220176542741,0.4204034650040453,6,216,raw-within-metric
Sepsis,duration,logloss_skill,reference,quality_level,0.09590259403312916,0.2654712898955928,0.16956869586246365,6,216,raw-within-metric
Sepsis,duration,logloss_skill,reference,rung,0.03631613805497854,0.2749128180837191,0.23859668002874054,3,216,raw-within-metric
Sepsis,duration,nagelkerke,reference,learner,0.1083964508692225,0.47805826777536364,0.36966181690614114,2,216,raw-within-metric
Sepsis,duration,nagelkerke,reference,split,0.13799627927624988,0.6647490504826709,0.5267527712064209,6,216,raw-within-metric
Sepsis,duration,nagelkerke,reference,quality_level,0.11709842580576295,0.36887405588061073,0.25177563007484777,6,216,raw-within-metric
Sepsis,duration,nagelkerke,reference,rung,0.029450456476545286,0.3386100607653584,0.3091596042888131,3,216,raw-within-metric
UCI498,duration,ap,reference,learner,0.0075096652657968225,0.11940296314180887,0.11189329787601204,2,216,raw-within-metric
UCI498,duration,ap,reference,split,0.03884922056097524,0.13392501670787313,0.09507579614689789,6,216,raw-within-metric
UCI498,duration,ap,reference,quality_level,0.010892982464698614,0.05752139761447554,0.046628415149776926,6,216,raw-within-metric
UCI498,duration,ap,reference,rung,0.7522180581506,0.9206255343852555,0.16840747623465546,3,216,raw-within-metric
UCI498,duration,auc,reference,learner,0.00832637644176538,0.022879050033801272,0.014552673592035893,2,216,raw-within-metric
UCI498,duration,auc,reference,split,0.011280469487492489,0.0423989647479981,0.03111849526050561,6,216,raw-within-metric
UCI498,duration,auc,reference,quality_level,0.008898395030746556,0.09230063698013766,0.0834022419493911,6,216,raw-within-metric
UCI498,duration,auc,reference,rung,0.8641991044736852,0.9640635505146744,0.09986444604098921,3,216,raw-within-metric
UCI498,duration,brier_skill,reference,learner,0.09840132079022539,0.23863743243021304,0.14023611163998767,2,216,raw-within-metric
UCI498,duration,brier_skill,reference,split,0.24576236405430457,0.6237575463372408,0.3779951822829362,6,216,raw-within-metric
UCI498,duration,brier_skill,reference,quality_level,0.05025957482990425,0.165090981785229,0.11483140695532473,6,216,raw-within-metric
UCI498,duration,brier_skill,reference,rung,0.19053339949561057,0.5099234487039486,0.319390049208338,3,216,raw-within-metric
UCI498,duration,logloss_skill,reference,learner,0.09876827142031752,0.26256001162222764,0.16379174020191012,2,216,raw-within-metric
UCI498,duration,logloss_skill,reference,split,0.27864859773101086,0.6575226663607935,0.3788740686297826,6,216,raw-within-metric
UCI498,duration,logloss_skill,reference,quality_level,0.04750624635466272,0.15337256562110252,0.1058663192664398,6,216,raw-within-metric
UCI498,duration,logloss_skill,reference,rung,0.14770633336946523,0.4701181614205329,0.3224118280510677,3,216,raw-within-metric
UCI498,duration,nagelkerke,reference,learner,0.08721278612034039,0.23626061702454726,0.14904783090420687,2,216,raw-within-metric
UCI498,duration,nagelkerke,reference,split,0.3060262927761054,0.7221161190275024,0.416089826251397,6,216,raw-within-metric
UCI498,duration,nagelkerke,reference,quality_level,0.0400138416259642,0.14294236863175744,0.10292852700579325,6,216,raw-within-metric
UCI498,duration,nagelkerke,reference,rung,0.11185253175122437,0.46578052432133366,0.3539279925701093,3,216,raw-within-metric
UCI498,handover,ap,reference,learner,0.002158599375228423,0.12263983423233699,0.12048123485710856,2,216,raw-within-metric
UCI498,handover,ap,reference,split,0.026134358599357525,0.13962115209212642,0.11348679349276888,6,216,raw-within-metric
UCI498,handover,ap,reference,quality_level,0.005860571358956758,0.06007692901059518,0.054216357651638424,6,216,raw-within-metric
UCI498,handover,ap,reference,rung,0.7463274553298384,0.9479705625578708,0.20164310722803247,3,216,raw-within-metric
UCI498,handover,auc,reference,learner,0.00310459252816799,0.04960996810421885,0.04650537557605086,2,216,raw-within-metric
UCI498,handover,auc,reference,split,0.03584451065040874,0.161690968534797,0.12584645788438825,6,216,raw-within-metric
UCI498,handover,auc,reference,quality_level,0.004309606544591738,0.037711043112245136,0.033401436567653396,6,216,raw-within-metric
UCI498,handover,auc,reference,rung,0.8018107410187781,0.9419027198097063,0.14009197879092816,3,216,raw-within-metric
UCI498,handover,brier_skill,reference,learner,0.20906329884862265,0.38906631624259574,0.1800030173939731,2,216,raw-within-metric
UCI498,handover,brier_skill,reference,split,0.0808372409331396,0.27053505969248015,0.18969781875934055,6,216,raw-within-metric
UCI498,handover,brier_skill,reference,quality_level,0.0553769081674632,0.17325792102315818,0.11788101285569498,6,216,raw-within-metric
UCI498,handover,brier_skill,reference,rung,0.33576421835082526,0.5829481365198441,0.24718391816901886,3,216,raw-within-metric
UCI498,handover,logloss_skill,reference,learner,0.19468355626415376,0.3850279374200622,0.19034438115590843,2,216,raw-within-metric
UCI498,handover,logloss_skill,reference,split,0.07617896279637013,0.2951414758431713,0.21896251304680117,6,216,raw-within-metric
UCI498,handover,logloss_skill,reference,quality_level,0.06571468441590074,0.1883833958541974,0.12266871143829665,6,216,raw-within-metric
UCI498,handover,logloss_skill,reference,rung,0.31401544644923646,0.5776059845718633,0.26359053812262684,3,216,raw-within-metric
UCI498,handover,nagelkerke,reference,learner,0.14567336983520932,0.36156610142104373,0.2158927315858344,2,216,raw-within-metric
UCI498,handover,nagelkerke,reference,split,0.07644444779986656,0.3268071629526551,0.2503627151527885,6,216,raw-within-metric
UCI498,handover,nagelkerke,reference,quality_level,0.05422326792887851,0.19472466222610182,0.1405013942972233,6,216,raw-within-metric
UCI498,handover,nagelkerke,reference,rung,0.294042490644771,0.6559971984722247,0.3619547078274537,3,216,raw-within-metric
BPIC13_closed,handover,ap,concentrated,learner,0.00022286277730005838,0.28501912962039727,0.2847962668430972,2,216,raw-within-metric
BPIC13_closed,handover,ap,concentrated,split,0.3410818641037678,0.6874949441439185,0.34641308004015076,6,216,raw-within-metric
BPIC13_closed,handover,ap,concentrated,quality_level,0.050872198537644304,0.1777506000464228,0.1268784015087785,6,216,raw-within-metric
BPIC13_closed,handover,ap,concentrated,rung,0.1885820971148829,0.3391214170375215,0.1505393199226386,3,216,raw-within-metric
BPIC13_closed,handover,auc,concentrated,learner,0.13969767649141107,0.3363770012515745,0.19667932476016342,2,216,raw-within-metric
BPIC13_closed,handover,auc,concentrated,split,0.22891428245237283,0.5174929499059748,0.288578667453602,6,216,raw-within-metric
BPIC13_closed,handover,auc,concentrated,quality_level,0.028159634559856993,0.10589689161962652,0.07773725705976953,6,216,raw-within-metric
BPIC13_closed,handover,auc,concentrated,rung,0.20703380225018547,0.5018809237419544,0.2948471214917689,3,216,raw-within-metric
BPIC13_closed,handover,brier_skill,concentrated,learner,0.017438371357135846,0.5750138790870833,0.5575755077299475,2,216,raw-within-metric
BPIC13_closed,handover,brier_skill,concentrated,split,0.23932817814330903,0.4175630503009959,0.17823487215768685,6,216,raw-within-metric
BPIC13_closed,handover,brier_skill,concentrated,quality_level,0.01904819951499776,0.11004922188517749,0.09100102237017973,6,216,raw-within-metric
BPIC13_closed,handover,brier_skill,concentrated,rung,0.11303771653492793,0.5883209096737666,0.47528319313883866,3,216,raw-within-metric
BPIC13_closed,handover,logloss_skill,concentrated,learner,0.33949720892527246,0.721585120211868,0.3820879112865956,2,216,raw-within-metric
BPIC13_closed,handover,logloss_skill,concentrated,split,0.18505461428823242,0.49047015355174156,0.3054155392635092,6,216,raw-within-metric
BPIC13_closed,handover,logloss_skill,concentrated,quality_level,0.0052690506856345135,0.08204620796765238,0.07677715728201787,6,216,raw-within-metric
BPIC13_closed,handover,logloss_skill,concentrated,rung,0.056899793650789586,0.24011419134790948,0.1832143976971199,3,216,raw-within-metric
BPIC13_closed,handover,nagelkerke,concentrated,learner,0.19666205153331245,0.769511669978307,0.5728496184449945,2,216,raw-within-metric
BPIC13_closed,handover,nagelkerke,concentrated,split,0.11803045321259054,0.5700872139292812,0.45205676071669065,6,216,raw-within-metric
BPIC13_closed,handover,nagelkerke,concentrated,quality_level,0.0018407765461053507,0.06792447737613364,0.06608370083002829,6,216,raw-within-metric
BPIC13_closed,handover,nagelkerke,concentrated,rung,0.06789785575306892,0.3960009260188683,0.32810307026579943,3,216,raw-within-metric
BPIC13_incidents,duration,ap,concentrated,learner,0.004213070384676532,0.07412538845210064,0.06991231806742411,2,216,raw-within-metric
BPIC13_incidents,duration,ap,concentrated,split,0.1921262015792395,0.33247761179053087,0.14035141021129138,6,216,raw-within-metric
BPIC13_incidents,duration,ap,concentrated,quality_level,0.06551815974275188,0.12427925428673496,0.05876109454398308,6,216,raw-within-metric
BPIC13_incidents,duration,ap,concentrated,rung,0.5534161676191313,0.6821005122969406,0.12868434467780931,3,216,raw-within-metric
BPIC13_incidents,duration,auc,concentrated,learner,0.019987574239018646,0.03599193651602495,0.0160043622770063,2,216,raw-within-metric
BPIC13_incidents,duration,auc,concentrated,split,0.15247887752295525,0.27177986452284564,0.11930098699989039,6,216,raw-within-metric
BPIC13_incidents,duration,auc,concentrated,quality_level,0.08032555980770491,0.12274311116638746,0.042417551358682554,6,216,raw-within-metric
BPIC13_incidents,duration,auc,concentrated,rung,0.5924414611722972,0.7314595691869547,0.13901810801465742,3,216,raw-within-metric
BPIC13_incidents,duration,brier_skill,concentrated,learner,0.11758346710032322,0.39373932260728867,0.2761558555069654,2,216,raw-within-metric
BPIC13_incidents,duration,brier_skill,concentrated,split,0.26831382974956514,0.5946400689425899,0.3263262391930248,6,216,raw-within-metric
BPIC13_incidents,duration,brier_skill,concentrated,quality_level,0.02781091502036482,0.14475631558194732,0.11694540056158251,6,216,raw-within-metric
BPIC13_incidents,duration,brier_skill,concentrated,rung,0.10634892287513759,0.4678933494355672,0.3615444265604296,3,216,raw-within-metric
BPIC13_incidents,duration,logloss_skill,concentrated,learner,0.051140122203346995,0.40149516777170213,0.3503550455683551,2,216,raw-within-metric
BPIC13_incidents,duration,logloss_skill,concentrated,split,0.35989171804464165,0.8080858558059552,0.4481941377613135,6,216,raw-within-metric
BPIC13_incidents,duration,logloss_skill,concentrated,quality_level,0.012392289061679175,0.11638340675212955,0.10399111769045037,6,216,raw-within-metric
BPIC13_incidents,duration,logloss_skill,concentrated,rung,0.010411554742138314,0.3964923635175019,0.38608080877536355,3,216,raw-within-metric
BPIC13_incidents,duration,nagelkerke,concentrated,learner,0.01594633953995731,0.70592223078245,0.6899758912424927,2,216,raw-within-metric
BPIC13_incidents,duration,nagelkerke,concentrated,split,0.16844767881170614,0.961608138972969,0.793160460161263,6,216,raw-within-metric
BPIC13_incidents,duration,nagelkerke,concentrated,quality_level,0.004664113292392503,0.5489415153753554,0.5442774020829629,6,216,raw-within-metric
BPIC13_incidents,duration,nagelkerke,concentrated,rung,0.0003640632910569752,0.07810069424134396,0.07773663095028698,3,216,raw-within-metric
BPIC13_incidents,handover,ap,concentrated,learner,0.012828662067902421,0.025810870930037096,0.012982208862134675,2,216,raw-within-metric
BPIC13_incidents,handover,ap,concentrated,split,0.014843244198579263,0.03412998269385561,0.019286738495276345,6,216,raw-within-metric
BPIC13_incidents,handover,ap,concentrated,quality_level,0.04300494367487478,0.06428470888936386,0.02127976521448908,6,216,raw-within-metric
BPIC13_incidents,handover,ap,concentrated,rung,0.8908630937513244,0.916817601150917,0.025954507399592597,3,216,raw-within-metric
BPIC13_incidents,handover,auc,concentrated,learner,0.03387092395565464,0.06971128379185519,0.03584035983620055,2,216,raw-within-metric
BPIC13_incidents,handover,auc,concentrated,split,0.03116507264595453,0.06748650418759383,0.036321431541639304,6,216,raw-within-metric
BPIC13_incidents,handover,auc,concentrated,quality_level,0.12883653639511827,0.15723726089909265,0.02840072450397438,6,216,raw-within-metric
BPIC13_incidents,handover,auc,concentrated,rung,0.7426479379243247,0.7729085243275976,0.030260586403272893,3,216,raw-within-metric
BPIC13_incidents,handover,brier_skill,concentrated,learner,0.010573943318144995,0.062036890690609206,0.05146294737246421,2,216,raw-within-metric
BPIC13_incidents,handover,brier_skill,concentrated,split,0.0755645799380529,0.1298490384954361,0.0542844585573832,6,216,raw-within-metric
BPIC13_incidents,handover,brier_skill,concentrated,quality_level,0.2810359047884155,0.31236700284795454,0.03133109805953904,6,216,raw-within-metric
BPIC13_incidents,handover,brier_skill,concentrated,rung,0.540321286747286,0.6082364509390804,0.06791516419179444,3,216,raw-within-metric
BPIC13_incidents,handover,logloss_skill,concentrated,learner,0.035068923687504215,0.4935223686956404,0.45845344500813623,2,216,raw-within-metric
BPIC13_incidents,handover,logloss_skill,concentrated,split,0.14091580817317342,0.6063021591868257,0.46538635101365233,6,216,raw-within-metric
BPIC13_incidents,handover,logloss_skill,concentrated,quality_level,0.1152642816996055,0.15368953499106178,0.03842525329145628,6,216,raw-within-metric
BPIC13_incidents,handover,logloss_skill,concentrated,rung,0.21522162798071637,0.28066360895425413,0.06544198097353776,3,216,raw-within-metric
BPIC13_incidents,handover,nagelkerke,concentrated,learner,0.03106707054798122,0.7986414097541221,0.7675743392061409,2,216,raw-within-metric
BPIC13_incidents,handover,nagelkerke,concentrated,split,0.14971249191923053,0.9293660941649291,0.7796536022456986,6,216,raw-within-metric
BPIC13_incidents,handover,nagelkerke,concentrated,quality_level,0.008381664114049125,0.08184015535873619,0.07345849124468706,6,216,raw-within-metric
BPIC13_incidents,handover,nagelkerke,concentrated,rung,0.02413418926480044,0.07052437933024247,0.04639019006544203,3,216,raw-within-metric
BPIC14,duration,ap,concentrated,learner,0.17340178678681703,0.2113924325844315,0.037990645797614464,4,960,raw-within-metric
BPIC14,duration,ap,concentrated,split,0.046954408860161036,0.06286772737299803,0.015913318512836998,6,960,raw-within-metric
BPIC14,duration,ap,concentrated,quality_level,0.15371675049057243,0.17706124972018175,0.023344499229609322,10,960,raw-within-metric
BPIC14,duration,ap,concentrated,rung,0.5672803536282461,0.6098609203956922,0.04258056676744604,4,960,raw-within-metric
BPIC14,duration,auc,concentrated,learner,0.015224987987049946,0.04979900019426575,0.03457401220721581,4,960,raw-within-metric
BPIC14,duration,auc,concentrated,split,0.0303522149109775,0.04110261535232655,0.010750400441349051,6,960,raw-within-metric
BPIC14,duration,auc,concentrated,quality_level,0.17608332900199467,0.20266415745676017,0.026580828454765504,10,960,raw-within-metric
BPIC14,duration,auc,concentrated,rung,0.7209658346538134,0.7658231247391406,0.04485729008532724,4,960,raw-within-metric
BPIC14,duration,brier_skill,concentrated,learner,0.2456982025351512,0.2934900493528897,0.04779184681773849,4,960,raw-within-metric
BPIC14,duration,brier_skill,concentrated,split,0.04375321943113523,0.0539612406780973,0.010208021246962073,6,960,raw-within-metric
BPIC14,duration,brier_skill,concentrated,quality_level,0.1521000532277891,0.1764254758356706,0.02432542260788148,10,960,raw-within-metric
BPIC14,duration,brier_skill,concentrated,rung,0.4910072007831869,0.545923171399555,0.05491597061636816,4,960,raw-within-metric
BPIC14,duration,logloss_skill,concentrated,learner,0.2689691319329184,0.3151998899350879,0.046230758002169525,4,960,raw-within-metric
BPIC14,duration,logloss_skill,concentrated,split,0.03796723610661902,0.04726610604136585,0.00929886993474683,6,960,raw-within-metric
BPIC14,duration,logloss_skill,concentrated,quality_level,0.15228964473843465,0.17635358188488914,0.024063937146454495,10,960,raw-within-metric
BPIC14,duration,logloss_skill,concentrated,rung,0.4756525144111224,0.5288243885960786,0.053171874184956225,4,960,raw-within-metric
BPIC14,duration,nagelkerke,concentrated,learner,0.2631848617272243,0.30969512396037746,0.04651026223315319,4,960,raw-within-metric
BPIC14,duration,nagelkerke,concentrated,split,0.033513364838351586,0.0427509844140508,0.009237619575699213,6,960,raw-within-metric
BPIC14,duration,nagelkerke,concentrated,quality_level,0.1475409847034601,0.17047725995769702,0.022936275254236915,10,960,raw-within-metric
BPIC14,duration,nagelkerke,concentrated,rung,0.49089973575135465,0.544677716719737,0.05377798096838232,4,960,raw-within-metric
BPIC14,handover,ap,concentrated,learner,0.4622037655053907,0.523497298796433,0.06129353329104231,4,960,raw-within-metric
BPIC14,handover,ap,concentrated,split,0.0043675566714131584,0.029478086105270952,0.025110529433857793,6,960,raw-within-metric
BPIC14,handover,ap,concentrated,quality_level,0.060902397557962895,0.07781228329346584,0.01690988573550295,10,960,raw-within-metric
BPIC14,handover,ap,concentrated,rung,0.38812187922019,0.4569568284572645,0.0688349492370745,4,960,raw-within-metric
BPIC14,handover,auc,concentrated,learner,0.3733703166883899,0.42891033900204173,0.05554002231365185,4,960,raw-within-metric
BPIC14,handover,auc,concentrated,split,0.03410268182076464,0.04410642763708755,0.010003745816322913,6,960,raw-within-metric
BPIC14,handover,auc,concentrated,quality_level,0.1011486540002423,0.12165207796904433,0.02050342396880203,10,960,raw-within-metric
BPIC14,handover,auc,concentrated,rung,0.4200073481800139,0.4791484896500889,0.05914114147007499,4,960,raw-within-metric
BPIC14,handover,brier_skill,concentrated,learner,0.35826465746855435,0.40907139525408726,0.05080673778553291,4,960,raw-within-metric
BPIC14,handover,brier_skill,concentrated,split,0.021283068553964262,0.029168929045703226,0.007885860491738964,6,960,raw-within-metric
BPIC14,handover,brier_skill,concentrated,quality_level,0.2049037237756357,0.2379194737326618,0.03301574995702611,10,960,raw-within-metric
BPIC14,handover,brier_skill,concentrated,rung,0.3471117643550101,0.3947894858036353,0.0476777214486252,4,960,raw-within-metric
BPIC14,handover,logloss_skill,concentrated,learner,0.34625295815943247,0.3954466436576068,0.04919368549817432,4,960,raw-within-metric
BPIC14,handover,logloss_skill,concentrated,split,0.028143882023028262,0.0376821504521246,0.009538268429096337,6,960,raw-within-metric
BPIC14,handover,logloss_skill,concentrated,quality_level,0.18943694769864383,0.2202356468711506,0.03079869917250677,10,960,raw-within-metric
BPIC14,handover,logloss_skill,concentrated,rung,0.36984910420998535,0.41567241034862773,0.04582330613864238,4,960,raw-within-metric
BPIC14,handover,nagelkerke,concentrated,learner,0.3439008484142789,0.39330913560497605,0.04940828719069712,4,960,raw-within-metric
BPIC14,handover,nagelkerke,concentrated,split,0.025001552134915336,0.034213048741047705,0.00921149660613237,6,960,raw-within-metric
BPIC14,handover,nagelkerke,concentrated,quality_level,0.1814716460306586,0.21143807549103139,0.029966429460372784,10,960,raw-within-metric
BPIC14,handover,nagelkerke,concentrated,rung,0.3832567020394122,0.43009644145213655,0.046839739412724346,4,960,raw-within-metric
BPIC15_1,duration,ap,concentrated,learner,0.008019002346350182,0.2705839297429549,0.26256492739660475,2,216,raw-within-metric
BPIC15_1,duration,ap,concentrated,split,0.24532763179264971,0.515126659785954,0.26979902799330424,6,216,raw-within-metric
BPIC15_1,duration,ap,concentrated,quality_level,0.06273386309434423,0.16115328733525738,0.09841942424091316,6,216,raw-within-metric
BPIC15_1,duration,ap,concentrated,rung,0.2298726550603673,0.6025759730598098,0.3727033179994425,3,216,raw-within-metric
BPIC15_1,duration,auc,concentrated,learner,0.008310775387160421,0.29007003950233023,0.2817592641151698,2,216,raw-within-metric
BPIC15_1,duration,auc,concentrated,split,0.06857411615730394,0.22259172809509195,0.154017611937788,6,216,raw-within-metric
BPIC15_1,duration,auc,concentrated,quality_level,0.0017847921493200991,0.05041917951270103,0.04863438736338093,6,216,raw-within-metric
BPIC15_1,duration,auc,concentrated,rung,0.5375455135492829,0.8763341436239033,0.33878863007462034,3,216,raw-within-metric
BPIC15_1,duration,brier_skill,concentrated,learner,0.03007524384486728,0.29736306436221194,0.2672878205173447,2,216,raw-within-metric
BPIC15_1,duration,brier_skill,concentrated,split,0.2099145814855396,0.4530473453954585,0.2431327639099189,6,216,raw-within-metric
BPIC15_1,duration,brier_skill,concentrated,quality_level,0.03872402193133456,0.1368138001331221,0.09808977820178755,6,216,raw-within-metric
BPIC15_1,duration,brier_skill,concentrated,rung,0.37722635642148067,0.521624535585441,0.1443981791639603,3,216,raw-within-metric
BPIC15_1,duration,logloss_skill,concentrated,learner,0.15614728754321552,0.4330985115561237,0.27695122401290817,2,216,raw-within-metric
BPIC15_1,duration,logloss_skill,concentrated,split,0.23567947366858047,0.5094327544257266,0.2737532807571461,6,216,raw-within-metric
BPIC15_1,duration,logloss_skill,concentrated,quality_level,0.03339199824068899,0.13565350222591352,0.10226150398522453,6,216,raw-within-metric
BPIC15_1,duration,logloss_skill,concentrated,rung,0.2325451803990106,0.32279250001104315,0.09024731961203256,3,216,raw-within-metric
BPIC15_1,duration,nagelkerke,concentrated,learner,0.2784628476391899,0.5798611114067349,0.301398263767545,2,216,raw-within-metric
BPIC15_1,duration,nagelkerke,concentrated,split,0.1797775493417954,0.46795620321014886,0.28817865386835345,6,216,raw-within-metric
BPIC15_1,duration,nagelkerke,concentrated,quality_level,0.02309761285076511,0.12531471698922034,0.10221710413845522,6,216,raw-within-metric
BPIC15_1,duration,nagelkerke,concentrated,rung,0.1708638088002265,0.2303257520773206,0.05946194327709409,3,216,raw-within-metric
BPIC15_1,handover,ap,concentrated,learner,4.6261479603328504e-05,0.05651498925157992,0.05646872777197659,2,216,raw-within-metric
BPIC15_1,handover,ap,concentrated,split,0.010040960762916048,0.04810414188037087,0.038063181117454825,6,216,raw-within-metric
BPIC15_1,handover,ap,concentrated,quality_level,0.009826090589185156,0.033729700173293437,0.023903609584108282,6,216,raw-within-metric
BPIC15_1,handover,ap,concentrated,rung,0.8917554362827922,0.973000433000964,0.08124499671817176,3,216,raw-within-metric
BPIC15_1,handover,auc,concentrated,learner,0.00014129864625811664,0.0986560802275832,0.09851478158132508,2,216,raw-within-metric
BPIC15_1,handover,auc,concentrated,split,0.012780949151498794,0.07169435345436442,0.05891340430286563,6,216,raw-within-metric
BPIC15_1,handover,auc,concentrated,quality_level,0.015831285267354816,0.043737141719338714,0.027905856451983898,6,216,raw-within-metric
BPIC15_1,handover,auc,concentrated,rung,0.821704284230871,0.9530620868239582,0.13135780259308716,3,216,raw-within-metric
BPIC15_1,handover,brier_skill,concentrated,learner,0.3549233594565658,0.6858702105175295,0.3309468510609637,2,216,raw-within-metric
BPIC15_1,handover,brier_skill,concentrated,split,0.05165929376330749,0.2817811807837247,0.23012188702041722,6,216,raw-within-metric
BPIC15_1,handover,brier_skill,concentrated,quality_level,0.0544576495402715,0.13998148077209446,0.08552383123182297,6,216,raw-within-metric
BPIC15_1,handover,brier_skill,concentrated,rung,0.17945556470583662,0.29688372580463734,0.11742816109880072,3,216,raw-within-metric
BPIC15_1,handover,logloss_skill,concentrated,learner,0.4817218111083407,0.8639996660322872,0.38227785492394645,2,216,raw-within-metric
BPIC15_1,handover,logloss_skill,concentrated,split,0.020253281231493142,0.2736354046062,0.2533821233747069,6,216,raw-within-metric
BPIC15_1,handover,logloss_skill,concentrated,quality_level,0.03483432197286835,0.11703206085626032,0.08219773888339196,6,216,raw-within-metric
BPIC15_1,handover,logloss_skill,concentrated,rung,0.012049674720769945,0.34225413950991784,0.3302044647891479,3,216,raw-within-metric
BPIC15_1,handover,nagelkerke,concentrated,learner,0.0843809219923843,0.8002641588143512,0.7158832368219669,2,216,raw-within-metric
BPIC15_1,handover,nagelkerke,concentrated,split,0.013591784657341966,0.8174713895178736,0.8038796048605316,6,216,raw-within-metric
BPIC15_1,handover,nagelkerke,concentrated,quality_level,0.0056826144794085934,0.05527220875197965,0.04958959427257106,6,216,raw-within-metric
BPIC15_1,handover,nagelkerke,concentrated,rung,0.0004043409656443796,0.8467376526172424,0.8463333116515981,3,216,raw-within-metric
BPIC15_3,duration,ap,concentrated,learner,0.37875292004521866,0.6872977929070915,0.3085448728618728,2,216,raw-within-metric
BPIC15_3,duration,ap,concentrated,split,0.1426777634104626,0.27811829692133944,0.13544053351087684,6,216,raw-within-metric
BPIC15_3,duration,ap,concentrated,quality_level,0.019801981050047872,0.06057503489819642,0.04077305384814855,6,216,raw-within-metric
BPIC15_3,duration,ap,concentrated,rung,0.12187621187927353,0.3494019302469034,0.2275257183676299,3,216,raw-within-metric
BPIC15_3,duration,auc,concentrated,learner,0.40400761065260526,0.7088588339593054,0.3048512233067001,2,216,raw-within-metric
BPIC15_3,duration,auc,concentrated,split,0.17971198133870497,0.3090290308234546,0.12931704948474965,6,216,raw-within-metric
BPIC15_3,duration,auc,concentrated,quality_level,0.04083017643840564,0.07241027588518628,0.03158009944678064,6,216,raw-within-metric
BPIC15_3,duration,auc,concentrated,rung,0.04073996223642278,0.280927382848835,0.24018742061241222,3,216,raw-within-metric
BPIC15_3,duration,brier_skill,concentrated,learner,0.29706873348026147,0.7974601850805436,0.5003914516002821,2,216,raw-within-metric
BPIC15_3,duration,brier_skill,concentrated,split,0.1375745530144319,0.331013083952072,0.19343853093764013,6,216,raw-within-metric
BPIC15_3,duration,brier_skill,concentrated,quality_level,0.042578879397412055,0.0704711300587609,0.02789225066134885,6,216,raw-within-metric
BPIC15_3,duration,brier_skill,concentrated,rung,0.003281980114366431,0.3746115640499432,0.3713295839355768,3,216,raw-within-metric
BPIC15_3,duration,logloss_skill,concentrated,learner,0.15839785758516634,0.7679697233178051,0.6095718657326388,2,216,raw-within-metric
BPIC15_3,duration,logloss_skill,concentrated,split,0.17316747052454026,0.4389164534026721,0.26574898287813187,6,216,raw-within-metric
BPIC15_3,duration,logloss_skill,concentrated,quality_level,0.021048319118669192,0.06367202425926766,0.04262370514059846,6,216,raw-within-metric
BPIC15_3,duration,logloss_skill,concentrated,rung,0.010498025743384772,0.4464125493964681,0.4359145236530833,3,216,raw-within-metric
BPIC15_3,duration,nagelkerke,concentrated,learner,0.42054715889746885,0.8646846557781919,0.444137496880723,2,216,raw-within-metric
BPIC15_3,duration,nagelkerke,concentrated,split,0.09313924143228383,0.31841307450299305,0.22527383307070922,6,216,raw-within-metric
BPIC15_3,duration,nagelkerke,concentrated,quality_level,0.007188841967722292,0.0346123172598829,0.027423475292160604,6,216,raw-within-metric
BPIC15_3,duration,nagelkerke,concentrated,rung,0.01913954586249277,0.29719300743415805,0.2780534615716653,3,216,raw-within-metric
BPIC15_3,handover,ap,concentrated,learner,0.0006811668254329327,0.11465308030772649,0.11397191348229356,2,216,raw-within-metric
BPIC15_3,handover,ap,concentrated,split,0.44875210710896585,0.7716970005924354,0.32294489348346955,6,216,raw-within-metric
BPIC15_3,handover,ap,concentrated,quality_level,0.0007083800091001752,0.04475446180023925,0.04404608179113908,6,216,raw-within-metric
BPIC15_3,handover,ap,concentrated,rung,0.20073056413786278,0.474802535326396,0.2740719711885332,3,216,raw-within-metric
BPIC15_3,handover,auc,concentrated,learner,0.024812078146360637,0.42873126754577684,0.4039191893994162,2,216,raw-within-metric
BPIC15_3,handover,auc,concentrated,split,0.19602334081238187,0.4977226272396776,0.3016992864272957,6,216,raw-within-metric
BPIC15_3,handover,auc,concentrated,quality_level,0.002841093854305984,0.03261920858855082,0.02977811473424484,6,216,raw-within-metric
BPIC15_3,handover,auc,concentrated,rung,0.3232396168172258,0.6361438418745127,0.3129042250572869,3,216,raw-within-metric
BPIC15_3,handover,brier_skill,concentrated,learner,0.04245908161781193,0.6133835605428141,0.5709244789250021,2,216,raw-within-metric
BPIC15_3,handover,brier_skill,concentrated,split,0.11490881170886424,0.34436837852057234,0.2294595668117081,6,216,raw-within-metric
BPIC15_3,handover,brier_skill,concentrated,quality_level,0.002685147944301496,0.07104672014350015,0.06836157219919865,6,216,raw-within-metric
BPIC15_3,handover,brier_skill,concentrated,rung,0.20176428519056466,0.7157330296836598,0.5139687444930952,3,216,raw-within-metric
BPIC15_3,handover,logloss_skill,concentrated,learner,0.014379108330661227,0.7070243328924831,0.6926452245618219,2,216,raw-within-metric
BPIC15_3,handover,logloss_skill,concentrated,split,0.08226509500716622,0.3095441617836996,0.22727906677653337,6,216,raw-within-metric
BPIC15_3,handover,logloss_skill,concentrated,quality_level,0.0011783476657484682,0.04206547013663111,0.04088712247088264,6,216,raw-within-metric
BPIC15_3,handover,logloss_skill,concentrated,rung,0.17207723205020087,0.7719439198343264,0.5998666877841256,3,216,raw-within-metric
BPIC15_3,handover,nagelkerke,concentrated,learner,0.012433912589964012,0.7411609123102365,0.7287269997202726,2,216,raw-within-metric
BPIC15_3,handover,nagelkerke,concentrated,split,0.10001439009883759,0.42960938988711495,0.32959499978827733,6,216,raw-within-metric
BPIC15_3,handover,nagelkerke,concentrated,quality_level,0.0004962526397183555,0.03979924586465665,0.03930299322493829,6,216,raw-within-metric
BPIC15_3,handover,nagelkerke,concentrated,rung,0.12979914661496206,0.6435294851489459,0.5137303385339839,3,216,raw-within-metric
BPIC15_4,duration,ap,concentrated,learner,0.05091779857656445,0.5556715544421789,0.5047537558656144,2,216,raw-within-metric
BPIC15_4,duration,ap,concentrated,split,0.3613895938974859,0.665398986451137,0.30400939255365117,6,216,raw-within-metric
BPIC15_4,duration,ap,concentrated,quality_level,0.009446963184074068,0.22362961458276281,0.21418265139868875,6,216,raw-within-metric
BPIC15_4,duration,ap,concentrated,rung,0.004424622226420812,0.29139648629837483,0.286971864071954,3,216,raw-within-metric
BPIC15_4,duration,auc,concentrated,learner,0.5610330001039626,0.8420291471968175,0.2809961470928549,2,216,raw-within-metric
BPIC15_4,duration,auc,concentrated,split,0.13005153110430662,0.30627492770737735,0.17622339660307074,6,216,raw-within-metric
BPIC15_4,duration,auc,concentrated,quality_level,0.01054712920566735,0.12482492433797363,0.11427779513230628,6,216,raw-within-metric
BPIC15_4,duration,auc,concentrated,rung,0.0011603819869219704,0.07578107709696587,0.07462069511004389,3,216,raw-within-metric
BPIC15_4,duration,brier_skill,concentrated,learner,0.6544996715274918,0.9813953411419557,0.3268956696144639,2,216,raw-within-metric
BPIC15_4,duration,brier_skill,concentrated,split,0.003812211136525093,0.1924868259317781,0.188674614795253,6,216,raw-within-metric
BPIC15_4,duration,brier_skill,concentrated,quality_level,0.004684372303728391,0.15021276183681356,0.14552838953308517,6,216,raw-within-metric
BPIC15_4,duration,brier_skill,concentrated,rung,0.004755675707337593,0.051933713641338045,0.04717803793400045,3,216,raw-within-metric
BPIC15_4,duration,logloss_skill,concentrated,learner,0.6640830441823649,0.9744332659140881,0.3103502217317232,2,216,raw-within-metric
BPIC15_4,duration,logloss_skill,concentrated,split,0.004754849961578616,0.1766471370955698,0.17189228713399118,6,216,raw-within-metric
BPIC15_4,duration,logloss_skill,concentrated,quality_level,0.010092869145350786,0.18374133131494436,0.17364846216959356,6,216,raw-within-metric
BPIC15_4,duration,logloss_skill,concentrated,rung,0.004210133134836566,0.023106830772306526,0.01889669763746996,3,216,raw-within-metric
BPIC15_4,duration,nagelkerke,concentrated,learner,0.688163825940162,0.9746004518686324,0.2864366259284704,2,216,raw-within-metric
BPIC15_4,duration,nagelkerke,concentrated,split,0.003169855174462715,0.15811252308034007,0.15494266790587735,6,216,raw-within-metric
BPIC15_4,duration,nagelkerke,concentrated,quality_level,0.01183277974472323,0.17429821810237156,0.16246543835764832,6,216,raw-within-metric
BPIC15_4,duration,nagelkerke,concentrated,rung,0.004797988247844975,0.019480987468630997,0.014682999220786022,3,216,raw-within-metric
BPIC15_4,handover,ap,concentrated,learner,0.027699570887044604,0.32246724870892984,0.29476767782188523,2,216,raw-within-metric
BPIC15_4,handover,ap,concentrated,split,0.3975809984164674,0.6294659863362838,0.23188498791981643,6,216,raw-within-metric
BPIC15_4,handover,ap,concentrated,quality_level,0.12048117862145152,0.20198560925396733,0.0815044306325158,6,216,raw-within-metric
BPIC15_4,handover,ap,concentrated,rung,0.06402785859477624,0.3326607436298158,0.26863288503503957,3,216,raw-within-metric
BPIC15_4,handover,auc,concentrated,learner,0.1554630112107717,0.49616562735799924,0.3407026161472275,2,216,raw-within-metric
BPIC15_4,handover,auc,concentrated,split,0.1838622402135701,0.521746539054034,0.3378842988404639,6,216,raw-within-metric
BPIC15_4,handover,auc,concentrated,quality_level,0.08538668768565544,0.2009448703442734,0.11555818265861798,6,216,raw-within-metric
BPIC15_4,handover,auc,concentrated,rung,0.1334387384177552,0.297066962892222,0.16362822447446682,3,216,raw-within-metric
BPIC15_4,handover,brier_skill,concentrated,learner,0.01383376640392642,0.652617631961955,0.6387838655580286,2,216,raw-within-metric
BPIC15_4,handover,brier_skill,concentrated,split,0.20971224230509436,0.7269485945499704,0.5172363522448761,6,216,raw-within-metric
BPIC15_4,handover,brier_skill,concentrated,quality_level,0.004190662792142472,0.16341205395723515,0.15922139116509268,6,216,raw-within-metric
BPIC15_4,handover,brier_skill,concentrated,rung,0.055260210561445214,0.497533291549635,0.4422730809881898,3,216,raw-within-metric
BPIC15_4,handover,logloss_skill,concentrated,learner,0.2824740854521004,0.822952594285739,0.5404785088336386,2,216,raw-within-metric
BPIC15_4,handover,logloss_skill,concentrated,split,0.05267357221449083,0.38239928891845715,0.32972571670396633,6,216,raw-within-metric
BPIC15_4,handover,logloss_skill,concentrated,quality_level,0.010655394315155952,0.18044768460799146,0.16979229029283552,6,216,raw-within-metric
BPIC15_4,handover,logloss_skill,concentrated,rung,0.06308688311993034,0.42214158132976526,0.35905469820983493,3,216,raw-within-metric
BPIC15_4,handover,nagelkerke,concentrated,learner,0.029865623260953458,0.8011529068686322,0.7712872836076787,2,216,raw-within-metric
BPIC15_4,handover,nagelkerke,concentrated,split,0.03057726913427669,0.8754808765855807,0.844903607451304,6,216,raw-within-metric
BPIC15_4,handover,nagelkerke,concentrated,quality_level,0.0028943622376897083,0.42076921981036325,0.41787485757267356,6,216,raw-within-metric
BPIC15_4,handover,nagelkerke,concentrated,rung,0.01618946675677245,0.48467111938906127,0.4684816526322888,3,216,raw-within-metric
BPIC15_5,duration,ap,concentrated,learner,0.0002730338855974361,0.40232316225253556,0.4020501283669381,2,216,raw-within-metric
BPIC15_5,duration,ap,concentrated,split,0.1231324280640352,0.4156566081800217,0.2925241801159865,6,216,raw-within-metric
BPIC15_5,duration,ap,concentrated,quality_level,0.01269323343614165,0.10461439640048445,0.0919211629643428,6,216,raw-within-metric
BPIC15_5,duration,ap,concentrated,rung,0.34058911996808566,0.6955655003156841,0.35497638034759843,3,216,raw-within-metric
BPIC15_5,duration,auc,concentrated,learner,0.0004365053619821018,0.7203407304788161,0.7199042251168339,2,216,raw-within-metric
BPIC15_5,duration,auc,concentrated,split,0.018564477321600843,0.2723307640931324,0.25376628677153157,6,216,raw-within-metric
BPIC15_5,duration,auc,concentrated,quality_level,0.013816386359700013,0.06012806176137463,0.046311675401674614,6,216,raw-within-metric
BPIC15_5,duration,auc,concentrated,rung,0.17193489411840493,0.9206887090040254,0.7487538148856205,3,216,raw-within-metric
BPIC15_5,duration,brier_skill,concentrated,learner,0.01224807251700419,0.32352329096346405,0.31127521844645983,2,216,raw-within-metric
BPIC15_5,duration,brier_skill,concentrated,split,0.1691447656364071,0.4163143852092098,0.24716961957280273,6,216,raw-within-metric
BPIC15_5,duration,brier_skill,concentrated,quality_level,0.05698481538779032,0.1515371962640606,0.09455238087627027,6,216,raw-within-metric
BPIC15_5,duration,brier_skill,concentrated,rung,0.314115023077645,0.6485595313457305,0.3344445082680855,3,216,raw-within-metric
BPIC15_5,duration,logloss_skill,concentrated,learner,0.31052714351883987,0.4951476728602081,0.18462052934136824,2,216,raw-within-metric
BPIC15_5,duration,logloss_skill,concentrated,split,0.1527213104421744,0.36362440347588276,0.21090309303370836,6,216,raw-within-metric
BPIC15_5,duration,logloss_skill,concentrated,quality_level,0.04936170388055322,0.15382418916804938,0.10446248528749616,6,216,raw-within-metric
BPIC15_5,duration,logloss_skill,concentrated,rung,0.18726135999024393,0.3610095468538847,0.17374818686364077,3,216,raw-within-metric
BPIC15_5,duration,nagelkerke,concentrated,learner,0.4114505214891669,0.6179531202807268,0.2065025987915599,2,216,raw-within-metric
BPIC15_5,duration,nagelkerke,concentrated,split,0.17213642813905589,0.3854555592217308,0.21331913108267492,6,216,raw-within-metric
BPIC15_5,duration,nagelkerke,concentrated,quality_level,0.027577696606556738,0.13912975841889316,0.11155206181233643,6,216,raw-within-metric
BPIC15_5,duration,nagelkerke,concentrated,rung,0.07984281723028115,0.24632842461001844,0.16648560737973728,3,216,raw-within-metric
BPIC17,duration,ap,concentrated,learner,0.025562639194198936,0.14264413832286404,0.11708149912866511,2,216,raw-within-metric
BPIC17,duration,ap,concentrated,split,0.1668736728040977,0.26381196082433606,0.09693828802023835,6,216,raw-within-metric
BPIC17,duration,ap,concentrated,quality_level,0.22712210121985987,0.286350786728155,0.05922868550829513,6,216,raw-within-metric
BPIC17,duration,ap,concentrated,rung,0.39927682016599536,0.5125821554726655,0.11330533530667014,3,216,raw-within-metric
BPIC17,duration,auc,concentrated,learner,0.0677779800755623,0.1808150531832408,0.11303707310767849,2,216,raw-within-metric
BPIC17,duration,auc,concentrated,split,0.10137819821403257,0.1886893809655662,0.08731118275153363,6,216,raw-within-metric
BPIC17,duration,auc,concentrated,quality_level,0.021247770137907983,0.062002766544979784,0.0407549964070718,6,216,raw-within-metric
BPIC17,duration,auc,concentrated,rung,0.6367941311735607,0.7562649682474512,0.1194708370738905,3,216,raw-within-metric
BPIC17,duration,brier_skill,concentrated,learner,0.4079775132188439,0.6376519093419821,0.22967439612313822,2,216,raw-within-metric
BPIC17,duration,brier_skill,concentrated,split,0.26773548771039224,0.4480309096901609,0.18029542197976867,6,216,raw-within-metric
BPIC17,duration,brier_skill,concentrated,quality_level,0.047158867285163546,0.095859111002946,0.048700243717782456,6,216,raw-within-metric
BPIC17,duration,brier_skill,concentrated,rung,0.002361762932033428,0.12857344249317518,0.12621167956114174,3,216,raw-within-metric
BPIC17,duration,logloss_skill,concentrated,learner,0.438956651214789,0.6515671152057473,0.2126104639909583,2,216,raw-within-metric
BPIC17,duration,logloss_skill,concentrated,split,0.25031900187104666,0.4155967081065372,0.16527770623549054,6,216,raw-within-metric
BPIC17,duration,logloss_skill,concentrated,quality_level,0.055278472326690586,0.10343251253927188,0.048154040212581295,6,216,raw-within-metric
BPIC17,duration,logloss_skill,concentrated,rung,0.002074265501139281,0.11388371706292548,0.1118094515617862,3,216,raw-within-metric
BPIC17,duration,nagelkerke,concentrated,learner,0.43791789329905606,0.6509622110218259,0.21304431772276988,2,216,raw-within-metric
BPIC17,duration,nagelkerke,concentrated,split,0.2510329473200802,0.4167400506055713,0.1657071032854911,6,216,raw-within-metric
BPIC17,duration,nagelkerke,concentrated,quality_level,0.054934824989657224,0.10298563209299227,0.04805080710333505,6,216,raw-within-metric
BPIC17,duration,nagelkerke,concentrated,rung,0.0021213187440043664,0.11465064908162904,0.11252933033762468,3,216,raw-within-metric
BPIC19,duration,ap,concentrated,learner,0.04713813334364624,0.08919553224628397,0.04205739890263773,3,324,raw-within-metric
BPIC19,duration,ap,concentrated,split,0.350390971712531,0.6668195145122278,0.3164285427996968,6,324,raw-within-metric
BPIC19,duration,ap,concentrated,quality_level,0.028748799244550358,0.05578564296903078,0.027036843724480425,6,324,raw-within-metric
BPIC19,duration,ap,concentrated,rung,0.23083608644308815,0.5470203235895416,0.3161842371464534,3,324,raw-within-metric
BPIC19,duration,auc,concentrated,learner,0.09324935967289456,0.1741883581347765,0.08093899846188195,3,324,raw-within-metric
BPIC19,duration,auc,concentrated,split,0.14754276071624847,0.4962479581540664,0.3487051974378179,6,324,raw-within-metric
BPIC19,duration,auc,concentrated,quality_level,0.028883578904373087,0.09397696743745886,0.06509338853308577,6,324,raw-within-metric
BPIC19,duration,auc,concentrated,rung,0.32828649702747215,0.691314579096605,0.36302808206913284,3,324,raw-within-metric
BPIC19,duration,brier_skill,concentrated,learner,0.1038820440893645,0.2888704676525083,0.1849884235631438,3,324,raw-within-metric
BPIC19,duration,brier_skill,concentrated,split,0.4786071441864089,0.7068718685878027,0.22826472440139384,6,324,raw-within-metric
BPIC19,duration,brier_skill,concentrated,quality_level,0.005816921681921759,0.05194313967398643,0.04612621799206467,6,324,raw-within-metric
BPIC19,duration,brier_skill,concentrated,rung,0.08423892154823905,0.32746376024776136,0.24322483869952233,3,324,raw-within-metric
BPIC19,duration,logloss_skill,concentrated,learner,0.06238400638976271,0.23312671244708436,0.17074270605732164,3,324,raw-within-metric
BPIC19,duration,logloss_skill,concentrated,split,0.6585218913331772,0.7785913447258683,0.12006945339269115,6,324,raw-within-metric
BPIC19,duration,logloss_skill,concentrated,quality_level,0.03287676582326374,0.08287964058504937,0.05000287476178564,6,324,raw-within-metric
BPIC19,duration,logloss_skill,concentrated,rung,0.01757481258750082,0.17436572181422386,0.15679090922672304,3,324,raw-within-metric
BPIC19,duration,nagelkerke,concentrated,learner,0.12025939605974086,0.40766027359615387,0.287400877536413,3,324,raw-within-metric
BPIC19,duration,nagelkerke,concentrated,split,0.4961757093541522,0.605898565585753,0.10972285623160077,6,324,raw-within-metric
BPIC19,duration,nagelkerke,concentrated,quality_level,0.05194815893944308,0.1560166057412823,0.10406844680183922,6,324,raw-within-metric
BPIC19,duration,nagelkerke,concentrated,rung,0.01705449905019439,0.21519433990354622,0.19813984085335185,3,324,raw-within-metric
Helpdesk,duration,ap,concentrated,learner,0.20120950553007022,0.5588564236834855,0.3576469181534153,2,216,raw-within-metric
Helpdesk,duration,ap,concentrated,split,0.12388593038547399,0.41534280255000455,0.29145687216453053,6,216,raw-within-metric
Helpdesk,duration,ap,concentrated,quality_level,0.10366905145069212,0.18518312040174964,0.08151406895105752,6,216,raw-within-metric
Helpdesk,duration,ap,concentrated,rung,0.14965231860546685,0.324813504602213,0.17516118599674613,3,216,raw-within-metric
Helpdesk,duration,auc,concentrated,learner,0.10084370493591259,0.316650813153128,0.21580710821721538,2,216,raw-within-metric
Helpdesk,duration,auc,concentrated,split,0.578897723921835,0.7873952589560977,0.20849753503426272,6,216,raw-within-metric
Helpdesk,duration,auc,concentrated,quality_level,0.06337372633999515,0.10822076332500302,0.044847036985007874,6,216,raw-within-metric
Helpdesk,duration,auc,concentrated,rung,0.008282218017141086,0.07246763275875272,0.06418541474161163,3,216,raw-within-metric
Helpdesk,duration,brier_skill,concentrated,learner,0.5418113733680896,0.7592280495394119,0.21741667617132232,2,216,raw-within-metric
Helpdesk,duration,brier_skill,concentrated,split,0.0777280849312815,0.17553571482436095,0.09780762989307945,6,216,raw-within-metric
Helpdesk,duration,brier_skill,concentrated,quality_level,0.11919600735973614,0.1716339653631317,0.052437958003395554,6,216,raw-within-metric
Helpdesk,duration,brier_skill,concentrated,rung,0.02761421618655434,0.17737465350306303,0.14976043731650868,3,216,raw-within-metric
Helpdesk,duration,logloss_skill,concentrated,learner,0.7465323100813132,0.8666793619473805,0.12014705186606733,2,216,raw-within-metric
Helpdesk,duration,logloss_skill,concentrated,split,0.06134785000185644,0.1551000250232735,0.09375217502141706,6,216,raw-within-metric
Helpdesk,duration,logloss_skill,concentrated,quality_level,0.062316598117227194,0.08997933438266306,0.027662736265435868,6,216,raw-within-metric
Helpdesk,duration,logloss_skill,concentrated,rung,0.0035181588112519627,0.034257588558903,0.030739429747651037,3,216,raw-within-metric
Helpdesk,duration,nagelkerke,concentrated,learner,0.7597297043887037,0.8773022119871174,0.11757250759841376,2,216,raw-within-metric
Helpdesk,duration,nagelkerke,concentrated,split,0.0616520812543447,0.1538549433810138,0.09220286212666909,6,216,raw-within-metric
Helpdesk,duration,nagelkerke,concentrated,quality_level,0.05246501686925139,0.08195596478181305,0.02949094791256166,6,216,raw-within-metric
Helpdesk,duration,nagelkerke,concentrated,rung,0.002757593582395097,0.03023475514228481,0.027477161559889714,3,216,raw-within-metric
RoadFines,duration,ap,concentrated,learner,0.09503650598104858,0.19091977174634972,0.09588326576530114,3,324,raw-within-metric
RoadFines,duration,ap,concentrated,split,0.06545551364905978,0.18420527296243797,0.11874975931337818,6,324,raw-within-metric
RoadFines,duration,ap,concentrated,quality_level,0.3665972197203284,0.43278053695288676,0.06618331723255838,6,324,raw-within-metric
RoadFines,duration,ap,concentrated,rung,0.27209430697100556,0.416902257964603,0.14480795099359745,3,324,raw-within-metric
RoadFines,duration,auc,concentrated,learner,0.07020132906205195,0.1496642129912734,0.07946288392922143,3,324,raw-within-metric
RoadFines,duration,auc,concentrated,split,0.1403675807776245,0.26472401927725736,0.12435643849963285,6,324,raw-within-metric
RoadFines,duration,auc,concentrated,quality_level,0.251255168775616,0.3242133123283905,0.07295814355277452,6,324,raw-within-metric
RoadFines,duration,auc,concentrated,rung,0.3558614873948714,0.47283838807254625,0.11697690067767486,3,324,raw-within-metric
RoadFines,duration,brier_skill,concentrated,learner,0.07177873560828535,0.2240433537767319,0.15226461816844655,3,324,raw-within-metric
RoadFines,duration,brier_skill,concentrated,split,0.05473133876955409,0.22374795571680955,0.16901661694725545,6,324,raw-within-metric
RoadFines,duration,brier_skill,concentrated,quality_level,0.5415442813192867,0.5943709321972683,0.05282665087798166,6,324,raw-within-metric
RoadFines,duration,brier_skill,concentrated,rung,0.07553887326860782,0.24194520491091806,0.16640633164231022,3,324,raw-within-metric
RoadFines,duration,logloss_skill,concentrated,learner,0.020226220473792102,0.16117986174456173,0.14095364127076962,3,324,raw-within-metric
RoadFines,duration,logloss_skill,concentrated,split,0.04704378289813006,0.22540460055121908,0.17836081765308903,6,324,raw-within-metric
RoadFines,duration,logloss_skill,concentrated,quality_level,0.6036854011797288,0.6639542585713458,0.060268857391617026,6,324,raw-within-metric
RoadFines,duration,logloss_skill,concentrated,rung,0.07525358413838328,0.23327387327824448,0.15802028913986121,3,324,raw-within-metric
RoadFines,duration,nagelkerke,concentrated,learner,0.02023423211303879,0.16051358443987068,0.1402793523268319,3,324,raw-within-metric
RoadFines,duration,nagelkerke,concentrated,split,0.05409456125705841,0.2327953888775636,0.17870082762050518,6,324,raw-within-metric
RoadFines,duration,nagelkerke,concentrated,quality_level,0.5967533885754865,0.6577674164016456,0.061014027826159056,6,324,raw-within-metric
RoadFines,duration,nagelkerke,concentrated,rung,0.0744698971698408,0.23363716072895704,0.15916726355911626,3,324,raw-within-metric
Sepsis,duration,ap,concentrated,learner,0.03135479829817238,0.172400848287012,0.14104604998883963,2,216,raw-within-metric
Sepsis,duration,ap,concentrated,split,0.049719563854898445,0.2585899804818734,0.20887041662697498,6,216,raw-within-metric
Sepsis,duration,ap,concentrated,quality_level,0.22542084663360043,0.2807336055394101,0.055312758905809695,6,216,raw-within-metric
Sepsis,duration,ap,concentrated,rung,0.46002218717236815,0.5486804893701254,0.08865830219775722,3,216,raw-within-metric
Sepsis,duration,auc,concentrated,learner,0.005034460380965466,0.10146423750480921,0.09642977712384374,2,216,raw-within-metric
Sepsis,duration,auc,concentrated,split,0.18761137328328378,0.3362783406012389,0.14866696731795512,6,216,raw-within-metric
Sepsis,duration,auc,concentrated,quality_level,0.1822344986831672,0.21416224354591912,0.031927744862751906,6,216,raw-within-metric
Sepsis,duration,auc,concentrated,rung,0.46243000278801843,0.5488968378407467,0.08646683505272829,3,216,raw-within-metric
Sepsis,duration,brier_skill,concentrated,learner,0.2038313328290558,0.40970034509534214,0.20586901226628634,2,216,raw-within-metric
Sepsis,duration,brier_skill,concentrated,split,0.16596575299451571,0.4054800057129696,0.2395142527184539,6,216,raw-within-metric
Sepsis,duration,brier_skill,concentrated,quality_level,0.25861202765165175,0.3231908948436125,0.06457886719196076,6,216,raw-within-metric
Sepsis,duration,brier_skill,concentrated,rung,0.09946510288757965,0.2238780551938649,0.12441295230628524,3,216,raw-within-metric
Sepsis,duration,logloss_skill,concentrated,learner,0.6489546547508283,0.8330670356890956,0.18411238093826732,2,216,raw-within-metric
Sepsis,duration,logloss_skill,concentrated,split,0.03753377489936414,0.18520112173393763,0.1476673468345735,6,216,raw-within-metric
Sepsis,duration,logloss_skill,concentrated,quality_level,0.06058806510188588,0.09635884850405159,0.03577078340216571,6,216,raw-within-metric
Sepsis,duration,logloss_skill,concentrated,rung,0.04722520892111905,0.1391733827798757,0.09194817385875666,3,216,raw-within-metric
Sepsis,duration,nagelkerke,concentrated,learner,0.5126250354882734,0.8029132179787705,0.29028818249049704,2,216,raw-within-metric
Sepsis,duration,nagelkerke,concentrated,split,0.053930325895577766,0.2701383941328817,0.21620806823730393,6,216,raw-within-metric
Sepsis,duration,nagelkerke,concentrated,quality_level,0.06355213933069832,0.1319502626638819,0.06839812333318358,6,216,raw-within-metric
Sepsis,duration,nagelkerke,concentrated,rung,0.050157797882037516,0.1967300188567404,0.1465722209747029,3,216,raw-within-metric
UCI498,duration,ap,concentrated,learner,0.007003948987709525,0.06338387257556234,0.05637992358785282,2,216,raw-within-metric
UCI498,duration,ap,concentrated,split,0.018760095780082465,0.04839614275556207,0.029636046975479603,6,216,raw-within-metric
UCI498,duration,ap,concentrated,quality_level,0.004831751247962121,0.02377261801638804,0.018940866768425917,6,216,raw-within-metric
UCI498,duration,ap,concentrated,rung,0.8850878245423333,0.9596024047339148,0.07451458019158153,3,216,raw-within-metric
UCI498,duration,auc,concentrated,learner,0.010358978642775804,0.01707766650798898,0.006718687865213175,2,216,raw-within-metric
UCI498,duration,auc,concentrated,split,0.003247509905606273,0.012549261420997831,0.009301751515391558,6,216,raw-within-metric
UCI498,duration,auc,concentrated,quality_level,0.0034771994227405932,0.03851867303023004,0.035041473607489444,6,216,raw-within-metric
UCI498,duration,auc,concentrated,rung,0.9377825321091371,0.9803654915988703,0.04258295948973323,3,216,raw-within-metric
UCI498,duration,brier_skill,concentrated,learner,0.09737963734362139,0.21972389354593194,0.12234425620231056,2,216,raw-within-metric
UCI498,duration,brier_skill,concentrated,split,0.1433035847228418,0.3381300025439972,0.19482641782115542,6,216,raw-within-metric
UCI498,duration,brier_skill,concentrated,quality_level,0.13256418269411527,0.18540722855216776,0.052843045858052495,6,216,raw-within-metric
UCI498,duration,brier_skill,concentrated,rung,0.36947157781190926,0.55572096358895,0.1862493857770407,3,216,raw-within-metric
UCI498,duration,logloss_skill,concentrated,learner,0.07025786223405144,0.2263131389555218,0.15605527672147035,2,216,raw-within-metric
UCI498,duration,logloss_skill,concentrated,split,0.1964118448607933,0.3916289689921781,0.19521712413138478,6,216,raw-within-metric
UCI498,duration,logloss_skill,concentrated,quality_level,0.12031846182898828,0.17078392636886408,0.0504654645398758,6,216,raw-within-metric
UCI498,duration,logloss_skill,concentrated,rung,0.33968039517568965,0.525639662486828,0.18595926731113838,3,216,raw-within-metric
UCI498,duration,nagelkerke,concentrated,learner,0.06833835511381288,0.21369139597798045,0.14535304086416756,2,216,raw-within-metric
UCI498,duration,nagelkerke,concentrated,split,0.2305041746124404,0.4629576661647287,0.2324534915522883,6,216,raw-within-metric
UCI498,duration,nagelkerke,concentrated,quality_level,0.10819522393119163,0.15546961910692236,0.04727439517573073,6,216,raw-within-metric
UCI498,duration,nagelkerke,concentrated,rung,0.2916145174291307,0.5075947575822015,0.21598024015307082,3,216,raw-within-metric
UCI498,handover,ap,concentrated,learner,0.008792439108045594,0.07428999241500243,0.06549755330695683,2,216,raw-within-metric
UCI498,handover,ap,concentrated,split,0.0023844235307825053,0.04303098129801496,0.04064655776723246,6,216,raw-within-metric
UCI498,handover,ap,concentrated,quality_level,0.0027913705665908294,0.018236349369163612,0.015444978802572782,6,216,raw-within-metric
UCI498,handover,ap,concentrated,rung,0.8790714280797816,0.9822758199480454,0.1032043918682638,3,216,raw-within-metric
UCI498,handover,auc,concentrated,learner,0.008810738021737725,0.032992942835992294,0.02418220481425457,2,216,raw-within-metric
UCI498,handover,auc,concentrated,split,0.01469633524315856,0.055416988789464015,0.040720653546305455,6,216,raw-within-metric
UCI498,handover,auc,concentrated,quality_level,0.002803276877050635,0.014988282180666031,0.012185005303615395,6,216,raw-within-metric
UCI498,handover,auc,concentrated,rung,0.910029345900202,0.9694211991392694,0.05939185323906737,3,216,raw-within-metric
UCI498,handover,brier_skill,concentrated,learner,0.25980464065673536,0.39226792421591294,0.13246328355917758,2,216,raw-within-metric
UCI498,handover,brier_skill,concentrated,split,0.0585514971815855,0.13099991101298572,0.07244841383140022,6,216,raw-within-metric
UCI498,handover,brier_skill,concentrated,quality_level,0.06596626327376598,0.140229966822787,0.07426370354902101,6,216,raw-within-metric
UCI498,handover,brier_skill,concentrated,rung,0.391707758729187,0.5924656333023519,0.2007578745731649,3,216,raw-within-metric
UCI498,handover,logloss_skill,concentrated,learner,0.2352460114242019,0.37005348253181,0.13480747110760807,2,216,raw-within-metric
UCI498,handover,logloss_skill,concentrated,split,0.07618669664051661,0.16446144746249883,0.08827475082198222,6,216,raw-within-metric
UCI498,handover,logloss_skill,concentrated,quality_level,0.07962282490652701,0.152433760384491,0.07281093547796398,6,216,raw-within-metric
UCI498,handover,logloss_skill,concentrated,rung,0.3774415684419972,0.5738047147345022,0.196363146292505,3,216,raw-within-metric
UCI498,handover,nagelkerke,concentrated,learner,0.1467973385962827,0.3558718543331647,0.20907451573688202,2,216,raw-within-metric
UCI498,handover,nagelkerke,concentrated,split,0.04194751863263888,0.1598225414863619,0.11787502285372303,6,216,raw-within-metric
UCI498,handover,nagelkerke,concentrated,quality_level,0.05373082444890761,0.16728270913694393,0.11355188468803631,6,216,raw-within-metric
UCI498,handover,nagelkerke,concentrated,rung,0.37664814437347277,0.7375029714556754,0.3608548270822027,3,216,raw-within-metric
BPIC13_closed,handover,ALL_SCALAR,equal-level,learner,0.04759935466473858,0.4696752210953923,0.4220758664306537,2,1080,headroom-metric-as-axis
BPIC13_closed,handover,ALL_SCALAR,equal-level,split,0.11068228317281287,0.5101117403706764,0.39942945719786355,6,1080,headroom-metric-as-axis
BPIC13_closed,handover,ALL_SCALAR,equal-level,quality_level,0.01416197829975691,0.2388320534797147,0.2246700751799578,6,1080,headroom-metric-as-axis
BPIC13_closed,handover,ALL_SCALAR,equal-level,rung,0.03898459215183635,0.33997409787618427,0.3009895057243479,3,1080,headroom-metric-as-axis
BPIC13_closed,handover,ALL_SCALAR,equal-level,metric,0.10524281515306486,0.5872470762990821,0.48200426114601724,5,1080,headroom-metric-as-axis
BPIC13_incidents,duration,ALL_SCALAR,equal-level,learner,0.02305414628163893,0.31183444627212564,0.2887802999904867,2,1080,headroom-metric-as-axis
BPIC13_incidents,duration,ALL_SCALAR,equal-level,split,0.1581073991838284,0.7921895792082477,0.6340821800244193,6,1080,headroom-metric-as-axis
BPIC13_incidents,duration,ALL_SCALAR,equal-level,quality_level,0.01118478408850414,0.17565903222335266,0.1644742481348485,6,1080,headroom-metric-as-axis
BPIC13_incidents,duration,ALL_SCALAR,equal-level,rung,0.0038529463659009167,0.24727352285278048,0.24342057648687956,3,1080,headroom-metric-as-axis
BPIC13_incidents,duration,ALL_SCALAR,equal-level,metric,0.0745720827816873,0.6437744782849734,0.5692023955032861,5,1080,headroom-metric-as-axis
BPIC13_incidents,handover,ALL_SCALAR,equal-level,learner,0.01961372219955565,0.44518091335384075,0.4255671911542851,2,1080,headroom-metric-as-axis
BPIC13_incidents,handover,ALL_SCALAR,equal-level,split,0.09441308568764029,0.7643000047821601,0.6698869190945198,6,1080,headroom-metric-as-axis
BPIC13_incidents,handover,ALL_SCALAR,equal-level,quality_level,0.03070526224332442,0.43313441023384397,0.40242914799051954,6,1080,headroom-metric-as-axis
BPIC13_incidents,handover,ALL_SCALAR,equal-level,rung,0.007317536458772453,0.4093570410355993,0.4020395045768268,3,1080,headroom-metric-as-axis
BPIC13_incidents,handover,ALL_SCALAR,equal-level,metric,0.052980434950277336,0.6577929139675376,0.6048124790172602,5,1080,headroom-metric-as-axis
BPIC14,duration,ALL_SCALAR,equal-level,learner,0.0961260660613954,0.21603323948197053,0.11990717342057514,4,4800,headroom-metric-as-axis
BPIC14,duration,ALL_SCALAR,equal-level,split,0.008495358483501393,0.037122874209848264,0.02862751572634687,6,4800,headroom-metric-as-axis
BPIC14,duration,ALL_SCALAR,equal-level,quality_level,0.10350092147837826,0.1980607189496122,0.09455979747123393,10,4800,headroom-metric-as-axis
BPIC14,duration,ALL_SCALAR,equal-level,rung,0.3007520210041651,0.48083683740130184,0.18008481639713675,4,4800,headroom-metric-as-axis
BPIC14,duration,ALL_SCALAR,equal-level,metric,0.2442754979191564,0.3601516726610018,0.11587617474184539,5,4800,headroom-metric-as-axis
BPIC14,handover,ALL_SCALAR,equal-level,learner,0.31858122851047693,0.5810831437371228,0.26250191522664584,4,4800,headroom-metric-as-axis
BPIC14,handover,ALL_SCALAR,equal-level,split,0.006998572749310033,0.02932245626611903,0.022323883516808998,6,4800,headroom-metric-as-axis
BPIC14,handover,ALL_SCALAR,equal-level,quality_level,0.0649344202846488,0.1433731942858108,0.078438774001162,10,4800,headroom-metric-as-axis
BPIC14,handover,ALL_SCALAR,equal-level,rung,0.154401287770312,0.30025098619873725,0.14584969842842524,4,4800,headroom-metric-as-axis
BPIC14,handover,ALL_SCALAR,equal-level,metric,0.13939651076894116,0.3205370209619932,0.18114051019305205,5,4800,headroom-metric-as-axis
BPIC15_1,duration,ALL_SCALAR,equal-level,learner,0.02513883722283477,0.3795665277132428,0.354427690490408,2,1080,headroom-metric-as-axis
BPIC15_1,duration,ALL_SCALAR,equal-level,split,0.1407178195791328,0.6965529448281825,0.5558351252490498,6,1080,headroom-metric-as-axis
BPIC15_1,duration,ALL_SCALAR,equal-level,quality_level,0.005316952755673467,0.3067180854634611,0.3014011327077876,6,1080,headroom-metric-as-axis
BPIC15_1,duration,ALL_SCALAR,equal-level,rung,0.03380933398130839,0.3922259971688733,0.35841666318756493,3,1080,headroom-metric-as-axis
BPIC15_1,duration,ALL_SCALAR,equal-level,metric,0.1011295150546941,0.41998907143665476,0.3188595563819607,5,1080,headroom-metric-as-axis
BPIC15_1,handover,ALL_SCALAR,equal-level,learner,0.003029410905187657,0.41747468579087726,0.4144452748856896,2,1080,headroom-metric-as-axis
BPIC15_1,handover,ALL_SCALAR,equal-level,split,0.06036981005401338,0.740606737828732,0.6802369277747186,6,1080,headroom-metric-as-axis
BPIC15_1,handover,ALL_SCALAR,equal-level,quality_level,0.027439258899489373,0.21581438379791368,0.1883751248984243,6,1080,headroom-metric-as-axis
BPIC15_1,handover,ALL_SCALAR,equal-level,rung,0.004299837441325929,0.6692991176699443,0.6649992802286184,3,1080,headroom-metric-as-axis
BPIC15_1,handover,ALL_SCALAR,equal-level,metric,0.036162454038813636,0.5693085653869743,0.5331461113481606,5,1080,headroom-metric-as-axis
BPIC15_3,duration,ALL_SCALAR,equal-level,learner,0.025704097911875428,0.37479159248049093,0.3490874945686155,2,1080,headroom-metric-as-axis
BPIC15_3,duration,ALL_SCALAR,equal-level,split,0.18416552089861543,0.6672720596518292,0.4831065387532138,6,1080,headroom-metric-as-axis
BPIC15_3,duration,ALL_SCALAR,equal-level,quality_level,0.06770929511461368,0.2978301244498423,0.23012082933522862,6,1080,headroom-metric-as-axis
BPIC15_3,duration,ALL_SCALAR,equal-level,rung,0.0018308102187162467,0.3791579490949466,0.3773271388762304,3,1080,headroom-metric-as-axis
BPIC15_3,duration,ALL_SCALAR,equal-level,metric,0.07978919837851618,0.27914046971905043,0.19935127134053426,5,1080,headroom-metric-as-axis
BPIC15_3,handover,ALL_SCALAR,equal-level,learner,0.0050873417811545755,0.42396258333192177,0.4188752415507672,2,1080,headroom-metric-as-axis
BPIC15_3,handover,ALL_SCALAR,equal-level,split,0.12469467442983466,0.6967873432092203,0.5720926687793857,6,1080,headroom-metric-as-axis
BPIC15_3,handover,ALL_SCALAR,equal-level,quality_level,0.0012200532284322883,0.2704678212814601,0.2692477680530278,6,1080,headroom-metric-as-axis
BPIC15_3,handover,ALL_SCALAR,equal-level,rung,0.01891954357571088,0.5525371574051077,0.5336176138293968,3,1080,headroom-metric-as-axis
BPIC15_3,handover,ALL_SCALAR,equal-level,metric,0.06442930004496088,0.49783475776712977,0.4334054577221689,5,1080,headroom-metric-as-axis
BPIC15_4,duration,ALL_SCALAR,equal-level,learner,0.0287652208428397,0.4438060457229548,0.41504082488011507,2,1080,headroom-metric-as-axis
BPIC15_4,duration,ALL_SCALAR,equal-level,split,0.15602937753910565,0.8364066774965744,0.6803772999574688,6,1080,headroom-metric-as-axis
BPIC15_4,duration,ALL_SCALAR,equal-level,quality_level,0.006723238233714218,0.306426899282296,0.29970366104858176,6,1080,headroom-metric-as-axis
BPIC15_4,duration,ALL_SCALAR,equal-level,rung,0.01157591287650101,0.3433716119172741,0.3317956990407731,3,1080,headroom-metric-as-axis
BPIC15_4,duration,ALL_SCALAR,equal-level,metric,0.02138539100284762,0.3716655292764057,0.3502801382735581,5,1080,headroom-metric-as-axis
BPIC15_4,handover,ALL_SCALAR,equal-level,learner,0.06438134518383443,0.5244584781833137,0.4600771329994793,2,1080,headroom-metric-as-axis
BPIC15_4,handover,ALL_SCALAR,equal-level,split,0.016844495415575013,0.6927403800573355,0.6758958846417605,6,1080,headroom-metric-as-axis
BPIC15_4,handover,ALL_SCALAR,equal-level,quality_level,0.038336436716096656,0.40705027668200977,0.3687138399659131,6,1080,headroom-metric-as-axis
BPIC15_4,handover,ALL_SCALAR,equal-level,rung,0.0003648187277886297,0.5192848023014366,0.518919983573648,3,1080,headroom-metric-as-axis
BPIC15_4,handover,ALL_SCALAR,equal-level,metric,0.023878842282743264,0.49279357938904406,0.46891473710630077,5,1080,headroom-metric-as-axis
BPIC15_5,duration,ALL_SCALAR,equal-level,learner,0.09770260686118243,0.4168432576791045,0.3191406508179221,2,1080,headroom-metric-as-axis
BPIC15_5,duration,ALL_SCALAR,equal-level,split,0.04301881471814198,0.6345517713561498,0.5915329566380079,6,1080,headroom-metric-as-axis
BPIC15_5,duration,ALL_SCALAR,equal-level,quality_level,0.020131111683819897,0.3396538459118269,0.31952273422800703,6,1080,headroom-metric-as-axis
BPIC15_5,duration,ALL_SCALAR,equal-level,rung,0.042977658358981596,0.47657145567221876,0.43359379731323716,3,1080,headroom-metric-as-axis
BPIC15_5,duration,ALL_SCALAR,equal-level,metric,0.0907738050055812,0.4097599559080499,0.31898615090246873,5,1080,headroom-metric-as-axis
BPIC17,duration,ALL_SCALAR,equal-level,learner,0.005016527430724209,0.13003433354715244,0.12501780611642824,2,1080,headroom-metric-as-axis
BPIC17,duration,ALL_SCALAR,equal-level,split,0.08683020293613568,0.3029860780363998,0.21615587510026413,6,1080,headroom-metric-as-axis
BPIC17,duration,ALL_SCALAR,equal-level,quality_level,0.04583812167383675,0.22180603574962518,0.17596791407578843,6,1080,headroom-metric-as-axis
BPIC17,duration,ALL_SCALAR,equal-level,rung,0.06237540120160626,0.32489872254482033,0.26252332134321404,3,1080,headroom-metric-as-axis
BPIC17,duration,ALL_SCALAR,equal-level,metric,0.3405824076821795,0.6722598398973739,0.3316774322151944,5,1080,headroom-metric-as-axis
BPIC19,duration,ALL_SCALAR,equal-level,learner,0.010850921372966511,0.2692602038522796,0.2584092824793131,3,1620,headroom-metric-as-axis
BPIC19,duration,ALL_SCALAR,equal-level,split,0.3738035241778747,0.7439964446257649,0.37019292044789015,6,1620,headroom-metric-as-axis
BPIC19,duration,ALL_SCALAR,equal-level,quality_level,0.009992398750438128,0.11843312383429057,0.10844072508385244,6,1620,headroom-metric-as-axis
BPIC19,duration,ALL_SCALAR,equal-level,rung,0.006769665529909892,0.16176472115385135,0.15499505562394145,3,1620,headroom-metric-as-axis
BPIC19,duration,ALL_SCALAR,equal-level,metric,0.14780981415569105,0.3347558546021974,0.18694604044650637,5,1620,headroom-metric-as-axis
Helpdesk,duration,ALL_SCALAR,equal-level,learner,0.13788083903241413,0.39214678365751177,0.25426594462509766,2,1080,headroom-metric-as-axis
Helpdesk,duration,ALL_SCALAR,equal-level,split,0.1508661435946222,0.47548813465608736,0.32462199106146516,6,1080,headroom-metric-as-axis
Helpdesk,duration,ALL_SCALAR,equal-level,quality_level,0.06510941747018101,0.2025656131311085,0.13745619566092748,6,1080,headroom-metric-as-axis
Helpdesk,duration,ALL_SCALAR,equal-level,rung,0.0002671311202026851,0.14082481089518045,0.14055767977497777,3,1080,headroom-metric-as-axis
Helpdesk,duration,ALL_SCALAR,equal-level,metric,0.21739001665033947,0.42301127209614486,0.2056212554458054,5,1080,headroom-metric-as-axis
RoadFines,duration,ALL_SCALAR,equal-level,learner,0.002061493052591126,0.10185307723742382,0.0997915841848327,3,1620,headroom-metric-as-axis
RoadFines,duration,ALL_SCALAR,equal-level,split,0.01606421378612283,0.27882111024471884,0.262756896458596,6,1620,headroom-metric-as-axis
RoadFines,duration,ALL_SCALAR,equal-level,quality_level,0.09016911283403456,0.2570434803112274,0.16687436747719286,6,1620,headroom-metric-as-axis
RoadFines,duration,ALL_SCALAR,equal-level,rung,0.034528167617138575,0.18281664037010628,0.1482884727529677,3,1620,headroom-metric-as-axis
RoadFines,duration,ALL_SCALAR,equal-level,metric,0.4969787757786338,0.7171222136986403,0.22014343792000646,5,1620,headroom-metric-as-axis
Sepsis,duration,ALL_SCALAR,equal-level,learner,0.07487541019503417,0.34734474031944385,0.27246933012440966,2,1080,headroom-metric-as-axis
Sepsis,duration,ALL_SCALAR,equal-level,split,0.06131153004903981,0.4769904659853698,0.41567893593633,6,1080,headroom-metric-as-axis
Sepsis,duration,ALL_SCALAR,equal-level,quality_level,0.07514054000538996,0.26759059847759414,0.1924500584722042,6,1080,headroom-metric-as-axis
Sepsis,duration,ALL_SCALAR,equal-level,rung,0.005845152240285148,0.2139627130479919,0.20811756080770674,3,1080,headroom-metric-as-axis
Sepsis,duration,ALL_SCALAR,equal-level,metric,0.2850489156161522,0.4517154385309253,0.16666652291477307,5,1080,headroom-metric-as-axis
UCI498,duration,ALL_SCALAR,equal-level,learner,0.019936045860968657,0.11160067734946032,0.09166463148849166,2,1080,headroom-metric-as-axis
UCI498,duration,ALL_SCALAR,equal-level,split,0.11597507561099317,0.26387018201601614,0.14789510640502296,6,1080,headroom-metric-as-axis
UCI498,duration,ALL_SCALAR,equal-level,quality_level,0.007940989826840984,0.13940881501738428,0.13146782519054329,6,1080,headroom-metric-as-axis
UCI498,duration,ALL_SCALAR,equal-level,rung,0.16259758737511384,0.6203175931689546,0.45772000579384076,3,1080,headroom-metric-as-axis
UCI498,duration,ALL_SCALAR,equal-level,metric,0.16070688536601532,0.5463761843611363,0.38566929899512103,5,1080,headroom-metric-as-axis
UCI498,handover,ALL_SCALAR,equal-level,learner,0.03997024175447827,0.20703775062830768,0.1670675088738294,2,1080,headroom-metric-as-axis
UCI498,handover,ALL_SCALAR,equal-level,split,0.057052535012078645,0.30341459920662367,0.24636206419454504,6,1080,headroom-metric-as-axis
UCI498,handover,ALL_SCALAR,equal-level,quality_level,0.02515841636951415,0.1465277928435667,0.12136937647405255,6,1080,headroom-metric-as-axis
UCI498,handover,ALL_SCALAR,equal-level,rung,0.3079637416225677,0.6888584874427941,0.3808947458202264,3,1080,headroom-metric-as-axis
UCI498,handover,ALL_SCALAR,equal-level,metric,0.07867486637807783,0.36159667166442516,0.28292180528634736,5,1080,headroom-metric-as-axis
