log,target,metric,measure,component,order,share,scale
BPIC13_closed,handover,ap,equal-level,learner,1,0.02695866504655632,raw-within-metric
BPIC13_closed,handover,ap,equal-level,split,1,0.26620171048704494,raw-within-metric
BPIC13_closed,handover,ap,equal-level,quality_level,1,0.032043346140941106,raw-within-metric
BPIC13_closed,handover,ap,equal-level,rung,1,0.04939598977083283,raw-within-metric
BPIC13_closed,handover,ap,equal-level,learner+split,2,0.07921565077161548,raw-within-metric
BPIC13_closed,handover,ap,equal-level,learner+quality_level,2,0.005866943349621313,raw-within-metric
BPIC13_closed,handover,ap,equal-level,learner+rung,2,0.01066342111797606,raw-within-metric
BPIC13_closed,handover,ap,equal-level,split+quality_level,2,0.21648181122756693,raw-within-metric
BPIC13_closed,handover,ap,equal-level,split+rung,2,0.05807438607252424,raw-within-metric
BPIC13_closed,handover,ap,equal-level,quality_level+rung,2,0.0181639996146371,raw-within-metric
BPIC13_closed,handover,ap,equal-level,learner+split+quality_level,3,0.032961936147865224,raw-within-metric
BPIC13_closed,handover,ap,equal-level,learner+split+rung,3,0.0750575124358174,raw-within-metric
BPIC13_closed,handover,ap,equal-level,learner+quality_level+rung,3,0.017138826718974345,raw-within-metric
BPIC13_closed,handover,ap,equal-level,split+quality_level+rung,3,0.07179531748403745,raw-within-metric
BPIC13_closed,handover,ap,equal-level,learner+split+quality_level+rung,4,0.03998048361398923,raw-within-metric
BPIC13_closed,handover,auc,equal-level,learner,1,0.03606114933312742,raw-within-metric
BPIC13_closed,handover,auc,equal-level,split,1,0.286607602745898,raw-within-metric
BPIC13_closed,handover,auc,equal-level,quality_level,1,0.01629496591252936,raw-within-metric
BPIC13_closed,handover,auc,equal-level,rung,1,0.023090757944446327,raw-within-metric
BPIC13_closed,handover,auc,equal-level,learner+split,2,0.07096867878867195,raw-within-metric
BPIC13_closed,handover,auc,equal-level,learner+quality_level,2,0.0017461901272656903,raw-within-metric
BPIC13_closed,handover,auc,equal-level,learner+rung,2,0.0034815213381311125,raw-within-metric
BPIC13_closed,handover,auc,equal-level,split+quality_level,2,0.10335971277238497,raw-within-metric
BPIC13_closed,handover,auc,equal-level,split+rung,2,0.26400788280910975,raw-within-metric
BPIC13_closed,handover,auc,equal-level,quality_level+rung,2,0.015674093796120864,raw-within-metric
BPIC13_closed,handover,auc,equal-level,learner+split+quality_level,3,0.030877598167007164,raw-within-metric
BPIC13_closed,handover,auc,equal-level,learner+split+rung,3,0.054346523982826606,raw-within-metric
BPIC13_closed,handover,auc,equal-level,learner+quality_level+rung,3,0.00731109348930462,raw-within-metric
BPIC13_closed,handover,auc,equal-level,split+quality_level+rung,3,0.04525260892177573,raw-within-metric
BPIC13_closed,handover,auc,equal-level,learner+split+quality_level+rung,4,0.04091961987140044,raw-within-metric
BPIC13_closed,handover,brier_skill,equal-level,learner,1,0.1100927101242326,raw-within-metric
BPIC13_closed,handover,brier_skill,equal-level,split,1,0.20291856754100474,raw-within-metric
BPIC13_closed,handover,brier_skill,equal-level,quality_level,1,0.028793999247193943,raw-within-metric
BPIC13_closed,handover,brier_skill,equal-level,rung,1,0.11245820577309994,raw-within-metric
BPIC13_closed,handover,brier_skill,equal-level,learner+split,2,0.041876819865960174,raw-within-metric
BPIC13_closed,handover,brier_skill,equal-level,learner+quality_level,2,0.03561642347012708,raw-within-metric
BPIC13_closed,handover,brier_skill,equal-level,learner+rung,2,0.09264608900554251,raw-within-metric
BPIC13_closed,handover,brier_skill,equal-level,split+quality_level,2,0.06065405529042853,raw-within-metric
BPIC13_closed,handover,brier_skill,equal-level,split+rung,2,0.06861946921294047,raw-within-metric
BPIC13_closed,handover,brier_skill,equal-level,quality_level+rung,2,0.03620641290716109,raw-within-metric
BPIC13_closed,handover,brier_skill,equal-level,learner+split+quality_level,3,0.04943897228249642,raw-within-metric
BPIC13_closed,handover,brier_skill,equal-level,learner+split+rung,3,0.04427168313943989,raw-within-metric
BPIC13_closed,handover,brier_skill,equal-level,learner+quality_level+rung,3,0.04216383422804975,raw-within-metric
BPIC13_closed,handover,brier_skill,equal-level,split+quality_level+rung,3,0.03768875963319298,raw-within-metric
BPIC13_closed,handover,brier_skill,equal-level,learner+split+quality_level+rung,4,0.036553998279129925,raw-within-metric
BPIC13_closed,handover,logloss_skill,equal-level,learner,1,0.19310680399153296,raw-within-metric
BPIC13_closed,handover,logloss_skill,equal-level,split,1,0.1926022359252218,raw-within-metric
BPIC13_closed,handover,logloss_skill,equal-level,quality_level,1,0.02831759928547862,raw-within-metric
BPIC13_closed,handover,logloss_skill,equal-level,rung,1,0.08355482945237651,raw-within-metric
BPIC13_closed,handover,logloss_skill,equal-level,learner+split,2,0.10919066712350846,raw-within-metric
BPIC13_closed,handover,logloss_skill,equal-level,learner+quality_level,2,0.035711265081525646,raw-within-metric
BPIC13_closed,handover,logloss_skill,equal-level,learner+rung,2,0.06494240995370935,raw-within-metric
BPIC13_closed,handover,logloss_skill,equal-level,split+quality_level,2,0.05268590744038039,raw-within-metric
BPIC13_closed,handover,logloss_skill,equal-level,split+rung,2,0.04590393385794749,raw-within-metric
BPIC13_closed,handover,logloss_skill,equal-level,quality_level+rung,2,0.013569756173477754,raw-within-metric
BPIC13_closed,handover,logloss_skill,equal-level,learner+split+quality_level,3,0.03920992640388218,raw-within-metric
BPIC13_closed,handover,logloss_skill,equal-level,learner+split+rung,3,0.05641799461172461,raw-within-metric
BPIC13_closed,handover,logloss_skill,equal-level,learner+quality_level+rung,3,0.014312274744170121,raw-within-metric
BPIC13_closed,handover,logloss_skill,equal-level,split+quality_level+rung,3,0.034833451661538055,raw-within-metric
BPIC13_closed,handover,logloss_skill,equal-level,learner+split+quality_level+rung,4,0.03564094429352608,raw-within-metric
BPIC13_closed,handover,nagelkerke,equal-level,learner,1,0.1746172023768863,raw-within-metric
BPIC13_closed,handover,nagelkerke,equal-level,split,1,0.1607429989396767,raw-within-metric
BPIC13_closed,handover,nagelkerke,equal-level,quality_level,1,0.02960072901558807,raw-within-metric
BPIC13_closed,handover,nagelkerke,equal-level,rung,1,0.07507029297447665,raw-within-metric
BPIC13_closed,handover,nagelkerke,equal-level,learner+split,2,0.13022331529498787,raw-within-metric
BPIC13_closed,handover,nagelkerke,equal-level,learner+quality_level,2,0.03328034063316078,raw-within-metric
BPIC13_closed,handover,nagelkerke,equal-level,learner+rung,2,0.06504037034064758,raw-within-metric
BPIC13_closed,handover,nagelkerke,equal-level,split+quality_level,2,0.05273381080452764,raw-within-metric
BPIC13_closed,handover,nagelkerke,equal-level,split+rung,2,0.07077706217005997,raw-within-metric
BPIC13_closed,handover,nagelkerke,equal-level,quality_level+rung,2,0.011719867097790946,raw-within-metric
BPIC13_closed,handover,nagelkerke,equal-level,learner+split+quality_level,3,0.052221119763601206,raw-within-metric
BPIC13_closed,handover,nagelkerke,equal-level,learner+split+rung,3,0.07440576208146614,raw-within-metric
BPIC13_closed,handover,nagelkerke,equal-level,learner+quality_level+rung,3,0.012824840282808121,raw-within-metric
BPIC13_closed,handover,nagelkerke,equal-level,split+quality_level+rung,3,0.02777784720538527,raw-within-metric
BPIC13_closed,handover,nagelkerke,equal-level,learner+split+quality_level+rung,4,0.028964441018936853,raw-within-metric
BPIC13_incidents,duration,ap,equal-level,learner,1,0.0032748055125167187,raw-within-metric
BPIC13_incidents,duration,ap,equal-level,split,1,0.38438795080438926,raw-within-metric
BPIC13_incidents,duration,ap,equal-level,quality_level,1,0.10934037447885703,raw-within-metric
BPIC13_incidents,duration,ap,equal-level,rung,1,0.10811256410090823,raw-within-metric
BPIC13_incidents,duration,ap,equal-level,learner+split,2,0.030976723707529016,raw-within-metric
BPIC13_incidents,duration,ap,equal-level,learner+quality_level,2,0.005951605034460084,raw-within-metric
BPIC13_incidents,duration,ap,equal-level,learner+rung,2,0.0008990874291933664,raw-within-metric
BPIC13_incidents,duration,ap,equal-level,split+quality_level,2,0.05802348492039385,raw-within-metric
BPIC13_incidents,duration,ap,equal-level,split+rung,2,0.17018827863124822,raw-within-metric
BPIC13_incidents,duration,ap,equal-level,quality_level+rung,2,0.03154759036741977,raw-within-metric
BPIC13_incidents,duration,ap,equal-level,learner+split+quality_level,3,0.034281940731582757,raw-within-metric
BPIC13_incidents,duration,ap,equal-level,learner+split+rung,3,0.023011267043908178,raw-within-metric
BPIC13_incidents,duration,ap,equal-level,learner+quality_level+rung,3,0.0038053969653642373,raw-within-metric
BPIC13_incidents,duration,ap,equal-level,split+quality_level+rung,3,0.018098948495300953,raw-within-metric
BPIC13_incidents,duration,ap,equal-level,learner+split+quality_level+rung,4,0.018099981776928238,raw-within-metric
BPIC13_incidents,duration,auc,equal-level,learner,1,0.025722003990620107,raw-within-metric
BPIC13_incidents,duration,auc,equal-level,split,1,0.3951659800043196,raw-within-metric
BPIC13_incidents,duration,auc,equal-level,quality_level,1,0.1291679639166027,raw-within-metric
BPIC13_incidents,duration,auc,equal-level,rung,1,0.12799743211691955,raw-within-metric
BPIC13_incidents,duration,auc,equal-level,learner+split,2,0.006536780230629175,raw-within-metric
BPIC13_incidents,duration,auc,equal-level,learner+quality_level,2,0.0014436807030539889,raw-within-metric
BPIC13_incidents,duration,auc,equal-level,learner+rung,2,0.003196622709946136,raw-within-metric
BPIC13_incidents,duration,auc,equal-level,split+quality_level,2,0.044620461645643886,raw-within-metric
BPIC13_incidents,duration,auc,equal-level,split+rung,2,0.19486809663417,raw-within-metric
BPIC13_incidents,duration,auc,equal-level,quality_level+rung,2,0.02413491781563302,raw-within-metric
BPIC13_incidents,duration,auc,equal-level,learner+split+quality_level,3,0.008647166684573125,raw-within-metric
BPIC13_incidents,duration,auc,equal-level,learner+split+rung,3,0.005400402942188782,raw-within-metric
BPIC13_incidents,duration,auc,equal-level,learner+quality_level+rung,3,0.004007242112908741,raw-within-metric
BPIC13_incidents,duration,auc,equal-level,split+quality_level+rung,3,0.025345240477379898,raw-within-metric
BPIC13_incidents,duration,auc,equal-level,learner+split+quality_level+rung,4,0.0037460080154112594,raw-within-metric
BPIC13_incidents,duration,brier_skill,equal-level,learner,1,0.11142413389672724,raw-within-metric
BPIC13_incidents,duration,brier_skill,equal-level,split,1,0.27940655534362685,raw-within-metric
BPIC13_incidents,duration,brier_skill,equal-level,quality_level,1,0.016055338732595823,raw-within-metric
BPIC13_incidents,duration,brier_skill,equal-level,rung,1,0.02171212352442957,raw-within-metric
BPIC13_incidents,duration,brier_skill,equal-level,learner+split,2,0.0194884700942477,raw-within-metric
BPIC13_incidents,duration,brier_skill,equal-level,learner+quality_level,2,0.004867591584370641,raw-within-metric
BPIC13_incidents,duration,brier_skill,equal-level,learner+rung,2,0.040216449408818515,raw-within-metric
BPIC13_incidents,duration,brier_skill,equal-level,split+quality_level,2,0.07200104057252846,raw-within-metric
BPIC13_incidents,duration,brier_skill,equal-level,split+rung,2,0.2233025790950685,raw-within-metric
BPIC13_incidents,duration,brier_skill,equal-level,quality_level+rung,2,0.0044096231381353474,raw-within-metric
BPIC13_incidents,duration,brier_skill,equal-level,learner+split+quality_level,3,0.03224313272233348,raw-within-metric
BPIC13_incidents,duration,brier_skill,equal-level,learner+split+rung,3,0.08681463606631076,raw-within-metric
BPIC13_incidents,duration,brier_skill,equal-level,learner+quality_level+rung,3,0.00515847837397981,raw-within-metric
BPIC13_incidents,duration,brier_skill,equal-level,split+quality_level+rung,3,0.05032470127048083,raw-within-metric
BPIC13_incidents,duration,brier_skill,equal-level,learner+split+quality_level+rung,4,0.032575146176346416,raw-within-metric
BPIC13_incidents,duration,logloss_skill,equal-level,learner,1,0.07849870483621456,raw-within-metric
BPIC13_incidents,duration,logloss_skill,equal-level,split,1,0.4682998848582871,raw-within-metric
BPIC13_incidents,duration,logloss_skill,equal-level,quality_level,1,0.015085215052014728,raw-within-metric
BPIC13_incidents,duration,logloss_skill,equal-level,rung,1,0.028634638802949197,raw-within-metric
BPIC13_incidents,duration,logloss_skill,equal-level,learner+split,2,0.10159455911595493,raw-within-metric
BPIC13_incidents,duration,logloss_skill,equal-level,learner+quality_level,2,0.00627600884895964,raw-within-metric
BPIC13_incidents,duration,logloss_skill,equal-level,learner+rung,2,0.026240592519275314,raw-within-metric
BPIC13_incidents,duration,logloss_skill,equal-level,split+quality_level,2,0.044642024231621516,raw-within-metric
BPIC13_incidents,duration,logloss_skill,equal-level,split+rung,2,0.1220235056357909,raw-within-metric
BPIC13_incidents,duration,logloss_skill,equal-level,quality_level+rung,2,0.002268176270848486,raw-within-metric
BPIC13_incidents,duration,logloss_skill,equal-level,learner+split+quality_level,3,0.04048606567770741,raw-within-metric
BPIC13_incidents,duration,logloss_skill,equal-level,learner+split+rung,3,0.033036274857818335,raw-within-metric
BPIC13_incidents,duration,logloss_skill,equal-level,learner+quality_level+rung,3,0.0027004094093915384,raw-within-metric
BPIC13_incidents,duration,logloss_skill,equal-level,split+quality_level+rung,3,0.01935655293545944,raw-within-metric
BPIC13_incidents,duration,logloss_skill,equal-level,learner+split+quality_level+rung,4,0.010857386947706951,raw-within-metric
BPIC13_incidents,duration,nagelkerke,equal-level,learner,1,0.03580465456427245,raw-within-metric
BPIC13_incidents,duration,nagelkerke,equal-level,split,1,0.2276168551867863,raw-within-metric
BPIC13_incidents,duration,nagelkerke,equal-level,quality_level,1,0.02914159810508814,raw-within-metric
BPIC13_incidents,duration,nagelkerke,equal-level,rung,1,0.0037446011538001716,raw-within-metric
BPIC13_incidents,duration,nagelkerke,equal-level,learner+split,2,0.15163662296638167,raw-within-metric
BPIC13_incidents,duration,nagelkerke,equal-level,learner+quality_level,2,0.02598579279208819,raw-within-metric
BPIC13_incidents,duration,nagelkerke,equal-level,learner+rung,2,0.0037206453234587757,raw-within-metric
BPIC13_incidents,duration,nagelkerke,equal-level,split+quality_level,2,0.13751924967542636,raw-within-metric
BPIC13_incidents,duration,nagelkerke,equal-level,split+rung,2,0.02279807205381174,raw-within-metric
BPIC13_incidents,duration,nagelkerke,equal-level,quality_level+rung,2,0.017488687054612796,raw-within-metric
BPIC13_incidents,duration,nagelkerke,equal-level,learner+split+quality_level,3,0.131112262307634,raw-within-metric
BPIC13_incidents,duration,nagelkerke,equal-level,learner+split+rung,3,0.028780566892237472,raw-within-metric
BPIC13_incidents,duration,nagelkerke,equal-level,learner+quality_level+rung,3,0.016818354202181737,raw-within-metric
BPIC13_incidents,duration,nagelkerke,equal-level,split+quality_level+rung,3,0.08755458055004851,raw-within-metric
BPIC13_incidents,duration,nagelkerke,equal-level,learner+split+quality_level+rung,4,0.0802774571721717,raw-within-metric
BPIC13_incidents,handover,ap,equal-level,learner,1,0.01668733131989241,raw-within-metric
BPIC13_incidents,handover,ap,equal-level,split,1,0.07120837222156381,raw-within-metric
BPIC13_incidents,handover,ap,equal-level,quality_level,1,0.098723146359999,raw-within-metric
BPIC13_incidents,handover,ap,equal-level,rung,1,0.693349114989483,raw-within-metric
BPIC13_incidents,handover,ap,equal-level,learner+split,2,0.015846898045906794,raw-within-metric
BPIC13_incidents,handover,ap,equal-level,learner+quality_level,2,0.005441708104411903,raw-within-metric
BPIC13_incidents,handover,ap,equal-level,learner+rung,2,0.0002994691662113366,raw-within-metric
BPIC13_incidents,handover,ap,equal-level,split+quality_level,2,0.012637110962034126,raw-within-metric
BPIC13_incidents,handover,ap,equal-level,split+rung,2,0.01932238488223193,raw-within-metric
BPIC13_incidents,handover,ap,equal-level,quality_level+rung,2,0.03793937749119578,raw-within-metric
BPIC13_incidents,handover,ap,equal-level,learner+split+quality_level,3,0.0058639623046329425,raw-within-metric
BPIC13_incidents,handover,ap,equal-level,learner+split+rung,3,0.0031322663294379993,raw-within-metric
BPIC13_incidents,handover,ap,equal-level,learner+quality_level+rung,3,0.0017246109616816468,raw-within-metric
BPIC13_incidents,handover,ap,equal-level,split+quality_level+rung,3,0.013203402913964147,raw-within-metric
BPIC13_incidents,handover,ap,equal-level,learner+split+quality_level+rung,4,0.004620843947353169,raw-within-metric
BPIC13_incidents,handover,auc,equal-level,learner,1,0.02408275311999549,raw-within-metric
BPIC13_incidents,handover,auc,equal-level,split,1,0.10273772519074163,raw-within-metric
BPIC13_incidents,handover,auc,equal-level,quality_level,1,0.1924541407348575,raw-within-metric
BPIC13_incidents,handover,auc,equal-level,rung,1,0.5323864090866398,raw-within-metric
BPIC13_incidents,handover,auc,equal-level,learner+split,2,0.02702056117715205,raw-within-metric
BPIC13_incidents,handover,auc,equal-level,learner+quality_level,2,0.009658986567841529,raw-within-metric
BPIC13_incidents,handover,auc,equal-level,learner+rung,2,0.003084725883372571,raw-within-metric
BPIC13_incidents,handover,auc,equal-level,split+quality_level,2,0.013346353506755277,raw-within-metric
BPIC13_incidents,handover,auc,equal-level,split+rung,2,0.009426581592548965,raw-within-metric
BPIC13_incidents,handover,auc,equal-level,quality_level+rung,2,0.0556557009089153,raw-within-metric
BPIC13_incidents,handover,auc,equal-level,learner+split+quality_level,3,0.006698520579695835,raw-within-metric
BPIC13_incidents,handover,auc,equal-level,learner+split+rung,3,0.010881471680783392,raw-within-metric
BPIC13_incidents,handover,auc,equal-level,learner+quality_level+rung,3,0.0009594688427120672,raw-within-metric
BPIC13_incidents,handover,auc,equal-level,split+quality_level+rung,3,0.006565289196403671,raw-within-metric
BPIC13_incidents,handover,auc,equal-level,learner+split+quality_level+rung,4,0.0050413119315849365,raw-within-metric
BPIC13_incidents,handover,brier_skill,equal-level,learner,1,0.005101253487079994,raw-within-metric
BPIC13_incidents,handover,brier_skill,equal-level,split,1,0.17202784447819622,raw-within-metric
BPIC13_incidents,handover,brier_skill,equal-level,quality_level,1,0.34654951158168,raw-within-metric
BPIC13_incidents,handover,brier_skill,equal-level,rung,1,0.16873456430576136,raw-within-metric
BPIC13_incidents,handover,brier_skill,equal-level,learner+split,2,0.026503143550167526,raw-within-metric
BPIC13_incidents,handover,brier_skill,equal-level,learner+quality_level,2,0.005134886320383972,raw-within-metric
BPIC13_incidents,handover,brier_skill,equal-level,learner+rung,2,0.018326152113264837,raw-within-metric
BPIC13_incidents,handover,brier_skill,equal-level,split+quality_level,2,0.03111184791329274,raw-within-metric
BPIC13_incidents,handover,brier_skill,equal-level,split+rung,2,0.08389187185382188,raw-within-metric
BPIC13_incidents,handover,brier_skill,equal-level,quality_level+rung,2,0.03145852757699085,raw-within-metric
BPIC13_incidents,handover,brier_skill,equal-level,learner+split+quality_level,3,0.020690253489296075,raw-within-metric
BPIC13_incidents,handover,brier_skill,equal-level,learner+split+rung,3,0.04348265862245918,raw-within-metric
BPIC13_incidents,handover,brier_skill,equal-level,learner+quality_level+rung,3,0.0016587148143379629,raw-within-metric
BPIC13_incidents,handover,brier_skill,equal-level,split+quality_level+rung,3,0.021167773552239665,raw-within-metric
BPIC13_incidents,handover,brier_skill,equal-level,learner+split+quality_level+rung,4,0.02416099634102767,raw-within-metric
BPIC13_incidents,handover,logloss_skill,equal-level,learner,1,0.08473585824147319,raw-within-metric
BPIC13_incidents,handover,logloss_skill,equal-level,split,1,0.3573974720977646,raw-within-metric
BPIC13_incidents,handover,logloss_skill,equal-level,quality_level,1,0.032548693544474365,raw-within-metric
BPIC13_incidents,handover,logloss_skill,equal-level,rung,1,0.0037325220286614016,raw-within-metric
BPIC13_incidents,handover,logloss_skill,equal-level,learner+split,2,0.27434771346730963,raw-within-metric
BPIC13_incidents,handover,logloss_skill,equal-level,learner+quality_level,2,0.002746369953277014,raw-within-metric
BPIC13_incidents,handover,logloss_skill,equal-level,learner+rung,2,0.01974882456102688,raw-within-metric
BPIC13_incidents,handover,logloss_skill,equal-level,split+quality_level,2,0.03144032865280267,raw-within-metric
BPIC13_incidents,handover,logloss_skill,equal-level,split+rung,2,0.04058722499724864,raw-within-metric
BPIC13_incidents,handover,logloss_skill,equal-level,quality_level+rung,2,0.013922031685457399,raw-within-metric
BPIC13_incidents,handover,logloss_skill,equal-level,learner+split+quality_level,3,0.029128721918248664,raw-within-metric
BPIC13_incidents,handover,logloss_skill,equal-level,learner+split+rung,3,0.01787588893232346,raw-within-metric
BPIC13_incidents,handover,logloss_skill,equal-level,learner+quality_level+rung,3,0.007389585454168291,raw-within-metric
BPIC13_incidents,handover,logloss_skill,equal-level,split+quality_level+rung,3,0.04118043212345405,raw-within-metric
BPIC13_incidents,handover,logloss_skill,equal-level,learner+split+quality_level+rung,4,0.043218332342309686,raw-within-metric
BPIC13_incidents,handover,nagelkerke,equal-level,learner,1,0.054171491828792454,raw-within-metric
BPIC13_incidents,handover,nagelkerke,equal-level,split,1,0.2477305821895587,raw-within-metric
BPIC13_incidents,handover,nagelkerke,equal-level,quality_level,1,0.018721468721037353,raw-within-metric
BPIC13_incidents,handover,nagelkerke,equal-level,rung,1,0.0036505025878542452,raw-within-metric
BPIC13_incidents,handover,nagelkerke,equal-level,learner+split,2,0.24272632743721834,raw-within-metric
BPIC13_incidents,handover,nagelkerke,equal-level,learner+quality_level,2,0.011104083159092245,raw-within-metric
BPIC13_incidents,handover,nagelkerke,equal-level,learner+rung,2,0.006125467260611339,raw-within-metric
BPIC13_incidents,handover,nagelkerke,equal-level,split+quality_level,2,0.07296305321385076,raw-within-metric
BPIC13_incidents,handover,nagelkerke,equal-level,split+rung,2,0.020338487048157685,raw-within-metric
BPIC13_incidents,handover,nagelkerke,equal-level,quality_level+rung,2,0.021520663145638948,raw-within-metric
BPIC13_incidents,handover,nagelkerke,equal-level,learner+split+quality_level,3,0.07043117320740268,raw-within-metric
BPIC13_incidents,handover,nagelkerke,equal-level,learner+split+rung,3,0.015509603513927422,raw-within-metric
BPIC13_incidents,handover,nagelkerke,equal-level,learner+quality_level+rung,3,0.01891451416197354,raw-within-metric
BPIC13_incidents,handover,nagelkerke,equal-level,split+quality_level+rung,3,0.0970742873059227,raw-within-metric
BPIC13_incidents,handover,nagelkerke,equal-level,learner+split+quality_level+rung,4,0.09901829521896154,raw-within-metric
BPIC14,duration,ap,equal-level,learner,1,0.09220259011939198,raw-within-metric
BPIC14,duration,ap,equal-level,split,1,0.020763227536742347,raw-within-metric
BPIC14,duration,ap,equal-level,quality_level,1,0.15914483868440252,raw-within-metric
BPIC14,duration,ap,equal-level,rung,1,0.5426261441160654,raw-within-metric
BPIC14,duration,ap,equal-level,learner+split,2,0.013545658095181093,raw-within-metric
BPIC14,duration,ap,equal-level,learner+quality_level,2,0.013595289356692462,raw-within-metric
BPIC14,duration,ap,equal-level,learner+rung,2,0.06800955254478645,raw-within-metric
BPIC14,duration,ap,equal-level,split+quality_level,2,0.01051898549366804,raw-within-metric
BPIC14,duration,ap,equal-level,split+rung,2,0.007925573819038889,raw-within-metric
BPIC14,duration,ap,equal-level,quality_level+rung,2,0.04526552248306166,raw-within-metric
BPIC14,duration,ap,equal-level,learner+split+quality_level,3,0.010411256883038452,raw-within-metric
BPIC14,duration,ap,equal-level,learner+split+rung,3,0.0029915491563714714,raw-within-metric
BPIC14,duration,ap,equal-level,learner+quality_level+rung,3,0.008988010741936128,raw-within-metric
BPIC14,duration,ap,equal-level,split+quality_level+rung,3,0.0022948361935826835,raw-within-metric
BPIC14,duration,ap,equal-level,learner+split+quality_level+rung,4,0.0017169647760404288,raw-within-metric
BPIC14,duration,auc,equal-level,learner,1,0.011229670118745804,raw-within-metric
BPIC14,duration,auc,equal-level,split,1,0.012672802272849724,raw-within-metric
BPIC14,duration,auc,equal-level,quality_level,1,0.17483041099847418,raw-within-metric
BPIC14,duration,auc,equal-level,rung,1,0.601948735110313,raw-within-metric
BPIC14,duration,auc,equal-level,learner+split,2,0.0070333535520313295,raw-within-metric
BPIC14,duration,auc,equal-level,learner+quality_level,2,0.05578116647222308,raw-within-metric
BPIC14,duration,auc,equal-level,learner+rung,2,0.05684468824422252,raw-within-metric
BPIC14,duration,auc,equal-level,split+quality_level,2,0.008931862588746007,raw-within-metric
BPIC14,duration,auc,equal-level,split+rung,2,0.008058694002746673,raw-within-metric
BPIC14,duration,auc,equal-level,quality_level+rung,2,0.03966146429717432,raw-within-metric
BPIC14,duration,auc,equal-level,learner+split+quality_level,3,0.006848385354405787,raw-within-metric
BPIC14,duration,auc,equal-level,learner+split+rung,3,0.0012836812307430192,raw-within-metric
BPIC14,duration,auc,equal-level,learner+quality_level+rung,3,0.01201685875369145,raw-within-metric
BPIC14,duration,auc,equal-level,split+quality_level+rung,3,0.0014703060172187403,raw-within-metric
BPIC14,duration,auc,equal-level,learner+split+quality_level+rung,4,0.001387920986414376,raw-within-metric
BPIC14,duration,brier_skill,equal-level,learner,1,0.24207921280741582,raw-within-metric
BPIC14,duration,brier_skill,equal-level,split,1,0.012441992246073199,raw-within-metric
BPIC14,duration,brier_skill,equal-level,quality_level,1,0.1495037242855364,raw-within-metric
BPIC14,duration,brier_skill,equal-level,rung,1,0.35891689368868696,raw-within-metric
BPIC14,duration,brier_skill,equal-level,learner+split,2,0.007764217739746725,raw-within-metric
BPIC14,duration,brier_skill,equal-level,learner+quality_level,2,0.026687330441658847,raw-within-metric
BPIC14,duration,brier_skill,equal-level,learner+rung,2,0.12045697157723194,raw-within-metric
BPIC14,duration,brier_skill,equal-level,split+quality_level,2,0.009583190909066237,raw-within-metric
BPIC14,duration,brier_skill,equal-level,split+rung,2,0.0029525779739629173,raw-within-metric
BPIC14,duration,brier_skill,equal-level,quality_level+rung,2,0.040910060847975195,raw-within-metric
BPIC14,duration,brier_skill,equal-level,learner+split+quality_level,3,0.012049708896043185,raw-within-metric
BPIC14,duration,brier_skill,equal-level,learner+split+rung,3,0.0009777105630879065,raw-within-metric
BPIC14,duration,brier_skill,equal-level,learner+quality_level+rung,3,0.013142283013381113,raw-within-metric
BPIC14,duration,brier_skill,equal-level,split+quality_level+rung,3,0.0014963524646696748,raw-within-metric
BPIC14,duration,brier_skill,equal-level,learner+split+quality_level+rung,4,0.0010377725454639491,raw-within-metric
BPIC14,duration,logloss_skill,equal-level,learner,1,0.2613738530435024,raw-within-metric
BPIC14,duration,logloss_skill,equal-level,split,1,0.01296828848700611,raw-within-metric
BPIC14,duration,logloss_skill,equal-level,quality_level,1,0.1506457213026314,raw-within-metric
BPIC14,duration,logloss_skill,equal-level,rung,1,0.3420213503600594,raw-within-metric
BPIC14,duration,logloss_skill,equal-level,learner+split,2,0.007011715445957896,raw-within-metric
BPIC14,duration,logloss_skill,equal-level,learner+quality_level,2,0.02709470122820814,raw-within-metric
BPIC14,duration,logloss_skill,equal-level,learner+rung,2,0.1156238564196346,raw-within-metric
BPIC14,duration,logloss_skill,equal-level,split+quality_level,2,0.009612574918145864,raw-within-metric
BPIC14,duration,logloss_skill,equal-level,split+rung,2,0.0026456392162481335,raw-within-metric
BPIC14,duration,logloss_skill,equal-level,quality_level+rung,2,0.03951306347883081,raw-within-metric
BPIC14,duration,logloss_skill,equal-level,learner+split+quality_level,3,0.015455100013533755,raw-within-metric
BPIC14,duration,logloss_skill,equal-level,learner+split+rung,3,0.0010909274470699516,raw-within-metric
BPIC14,duration,logloss_skill,equal-level,learner+quality_level+rung,3,0.012346711600745111,raw-within-metric
BPIC14,duration,logloss_skill,equal-level,split+quality_level+rung,3,0.0014712413153253506,raw-within-metric
BPIC14,duration,logloss_skill,equal-level,learner+split+quality_level+rung,4,0.0011252557231011611,raw-within-metric
BPIC14,duration,nagelkerke,equal-level,learner,1,0.2573707164175054,raw-within-metric
BPIC14,duration,nagelkerke,equal-level,split,1,0.011037472942012199,raw-within-metric
BPIC14,duration,nagelkerke,equal-level,quality_level,1,0.14704373411434096,raw-within-metric
BPIC14,duration,nagelkerke,equal-level,rung,1,0.3485660428857,raw-within-metric
BPIC14,duration,nagelkerke,equal-level,learner+split,2,0.007274657130167698,raw-within-metric
BPIC14,duration,nagelkerke,equal-level,learner+quality_level,2,0.02741169307376027,raw-within-metric
BPIC14,duration,nagelkerke,equal-level,learner+rung,2,0.11729863732078896,raw-within-metric
BPIC14,duration,nagelkerke,equal-level,split+quality_level,2,0.009706899043836257,raw-within-metric
BPIC14,duration,nagelkerke,equal-level,split+rung,2,0.002620822760480675,raw-within-metric
BPIC14,duration,nagelkerke,equal-level,quality_level+rung,2,0.03742556257732868,raw-within-metric
BPIC14,duration,nagelkerke,equal-level,learner+split+quality_level,3,0.01925202343423387,raw-within-metric
BPIC14,duration,nagelkerke,equal-level,learner+split+rung,3,0.0010270856981119687,raw-within-metric
BPIC14,duration,nagelkerke,equal-level,learner+quality_level+rung,3,0.01141941241846131,raw-within-metric
BPIC14,duration,nagelkerke,equal-level,split+quality_level+rung,3,0.0014372524863782556,raw-within-metric
BPIC14,duration,nagelkerke,equal-level,learner+split+quality_level+rung,4,0.0011079876968934398,raw-within-metric
BPIC14,handover,ap,equal-level,learner,1,0.4620478788861641,raw-within-metric
BPIC14,handover,ap,equal-level,split,1,0.009624347552478268,raw-within-metric
BPIC14,handover,ap,equal-level,quality_level,1,0.03478932667921392,raw-within-metric
BPIC14,handover,ap,equal-level,rung,1,0.2609171603152293,raw-within-metric
BPIC14,handover,ap,equal-level,learner+split,2,0.010337361112179644,raw-within-metric
BPIC14,handover,ap,equal-level,learner+quality_level,2,0.027268688255862525,raw-within-metric
BPIC14,handover,ap,equal-level,learner+rung,2,0.13947354551792177,raw-within-metric
BPIC14,handover,ap,equal-level,split+quality_level,2,0.0031869449512042926,raw-within-metric
BPIC14,handover,ap,equal-level,split+rung,2,0.014119150746963832,raw-within-metric
BPIC14,handover,ap,equal-level,quality_level+rung,2,0.015475944878940563,raw-within-metric
BPIC14,handover,ap,equal-level,learner+split+quality_level,3,0.0051318350180370965,raw-within-metric
BPIC14,handover,ap,equal-level,learner+split+rung,3,0.004170667270887643,raw-within-metric
BPIC14,handover,ap,equal-level,learner+quality_level+rung,3,0.010062183355475825,raw-within-metric
BPIC14,handover,ap,equal-level,split+quality_level+rung,3,0.001430445882983035,raw-within-metric
BPIC14,handover,ap,equal-level,learner+split+quality_level+rung,4,0.001964519576458197,raw-within-metric
BPIC14,handover,auc,equal-level,learner,1,0.36962206088543903,raw-within-metric
BPIC14,handover,auc,equal-level,split,1,0.013493989428908358,raw-within-metric
BPIC14,handover,auc,equal-level,quality_level,1,0.07210526866853809,raw-within-metric
BPIC14,handover,auc,equal-level,rung,1,0.3189934647313641,raw-within-metric
BPIC14,handover,auc,equal-level,learner+split,2,0.005756362994522776,raw-within-metric
BPIC14,handover,auc,equal-level,learner+quality_level,2,0.03213782251739638,raw-within-metric
BPIC14,handover,auc,equal-level,learner+rung,2,0.13146071059452683,raw-within-metric
BPIC14,handover,auc,equal-level,split+quality_level,2,0.0035477061684287274,raw-within-metric
BPIC14,handover,auc,equal-level,split+rung,2,0.00354410900450808,raw-within-metric
BPIC14,handover,auc,equal-level,quality_level+rung,2,0.02783852460740696,raw-within-metric
BPIC14,handover,auc,equal-level,learner+split+quality_level,3,0.0014372453007172068,raw-within-metric
BPIC14,handover,auc,equal-level,learner+split+rung,3,0.0057180729497821195,raw-within-metric
BPIC14,handover,auc,equal-level,learner+quality_level+rung,3,0.011796864939624977,raw-within-metric
BPIC14,handover,auc,equal-level,split+quality_level+rung,3,0.0015026772133750442,raw-within-metric
BPIC14,handover,auc,equal-level,learner+split+quality_level+rung,4,0.0010451199954613054,raw-within-metric
BPIC14,handover,brier_skill,equal-level,learner,1,0.2964414270272426,raw-within-metric
BPIC14,handover,brier_skill,equal-level,split,1,0.008287535328960663,raw-within-metric
BPIC14,handover,brier_skill,equal-level,quality_level,1,0.15706798922257864,raw-within-metric
BPIC14,handover,brier_skill,equal-level,rung,1,0.2955467498804086,raw-within-metric
BPIC14,handover,brier_skill,equal-level,learner+split,2,0.003258902039439764,raw-within-metric
BPIC14,handover,brier_skill,equal-level,learner+quality_level,2,0.05441560958540752,raw-within-metric
BPIC14,handover,brier_skill,equal-level,learner+rung,2,0.09981793245683786,raw-within-metric
BPIC14,handover,brier_skill,equal-level,split+quality_level,2,0.005332877698499224,raw-within-metric
BPIC14,handover,brier_skill,equal-level,split+rung,2,0.003459786106856048,raw-within-metric
BPIC14,handover,brier_skill,equal-level,quality_level+rung,2,0.048161758985129845,raw-within-metric
BPIC14,handover,brier_skill,equal-level,learner+split+quality_level,3,0.002803901358174302,raw-within-metric
BPIC14,handover,brier_skill,equal-level,learner+split+rung,3,0.0027248661234707794,raw-within-metric
BPIC14,handover,brier_skill,equal-level,learner+quality_level+rung,3,0.017760956283519678,raw-within-metric
BPIC14,handover,brier_skill,equal-level,split+quality_level+rung,3,0.0029854533546090777,raw-within-metric
BPIC14,handover,brier_skill,equal-level,learner+split+quality_level+rung,4,0.0019342545488654122,raw-within-metric
BPIC14,handover,logloss_skill,equal-level,learner,1,0.31152902341006744,raw-within-metric
BPIC14,handover,logloss_skill,equal-level,split,1,0.013716890030023549,raw-within-metric
BPIC14,handover,logloss_skill,equal-level,quality_level,1,0.13321587724209322,raw-within-metric
BPIC14,handover,logloss_skill,equal-level,rung,1,0.3066793186266988,raw-within-metric
BPIC14,handover,logloss_skill,equal-level,learner+split,2,0.004703322108519277,raw-within-metric
BPIC14,handover,logloss_skill,equal-level,learner+quality_level,2,0.04825800745952856,raw-within-metric
BPIC14,handover,logloss_skill,equal-level,learner+rung,2,0.10474770602693889,raw-within-metric
BPIC14,handover,logloss_skill,equal-level,split+quality_level,2,0.004014492138094057,raw-within-metric
BPIC14,handover,logloss_skill,equal-level,split+rung,2,0.004112018782913262,raw-within-metric
BPIC14,handover,logloss_skill,equal-level,quality_level+rung,2,0.042191616226241825,raw-within-metric
BPIC14,handover,logloss_skill,equal-level,learner+split+quality_level,3,0.002782795164539938,raw-within-metric
BPIC14,handover,logloss_skill,equal-level,learner+split+rung,3,0.0028654037003940924,raw-within-metric
BPIC14,handover,logloss_skill,equal-level,learner+quality_level+rung,3,0.015595948556224771,raw-within-metric
BPIC14,handover,logloss_skill,equal-level,split+quality_level+rung,3,0.0026004243476423425,raw-within-metric
BPIC14,handover,logloss_skill,equal-level,learner+split+quality_level+rung,4,0.0029871561800800333,raw-within-metric
BPIC14,handover,nagelkerke,equal-level,learner,1,0.3143586907156012,raw-within-metric
BPIC14,handover,nagelkerke,equal-level,split,1,0.01035234708063986,raw-within-metric
BPIC14,handover,nagelkerke,equal-level,quality_level,1,0.12654930660319275,raw-within-metric
BPIC14,handover,nagelkerke,equal-level,rung,1,0.31681813425949906,raw-within-metric
BPIC14,handover,nagelkerke,equal-level,learner+split,2,0.003613907946931412,raw-within-metric
BPIC14,handover,nagelkerke,equal-level,learner+quality_level,2,0.04619390176080041,raw-within-metric
BPIC14,handover,nagelkerke,equal-level,learner+rung,2,0.10824076866034721,raw-within-metric
BPIC14,handover,nagelkerke,equal-level,split+quality_level,2,0.003504329777259217,raw-within-metric
BPIC14,handover,nagelkerke,equal-level,split+rung,2,0.0034983898890705457,raw-within-metric
BPIC14,handover,nagelkerke,equal-level,quality_level+rung,2,0.04122888720369513,raw-within-metric
BPIC14,handover,nagelkerke,equal-level,learner+split+quality_level,3,0.0026048377723367775,raw-within-metric
BPIC14,handover,nagelkerke,equal-level,learner+split+rung,3,0.002596617978237203,raw-within-metric
BPIC14,handover,nagelkerke,equal-level,learner+quality_level+rung,3,0.015356997958385018,raw-within-metric
BPIC14,handover,nagelkerke,equal-level,split+quality_level+rung,3,0.00235510404665171,raw-within-metric
BPIC14,handover,nagelkerke,equal-level,learner+split+quality_level+rung,4,0.00272777834735256,raw-within-metric
BPIC15_1,duration,ap,equal-level,learner,1,0.011777382602503033,raw-within-metric
BPIC15_1,duration,ap,equal-level,split,1,0.11107080463872882,raw-within-metric
BPIC15_1,duration,ap,equal-level,quality_level,1,0.09117809979444773,raw-within-metric
BPIC15_1,duration,ap,equal-level,rung,1,0.059178606599345394,raw-within-metric
BPIC15_1,duration,ap,equal-level,learner+split,2,0.029559128573678633,raw-within-metric
BPIC15_1,duration,ap,equal-level,learner+quality_level,2,0.0023747168921438265,raw-within-metric
BPIC15_1,duration,ap,equal-level,learner+rung,2,0.07010766740161856,raw-within-metric
BPIC15_1,duration,ap,equal-level,split+quality_level,2,0.05863441097806743,raw-within-metric
BPIC15_1,duration,ap,equal-level,split+rung,2,0.20490276523693418,raw-within-metric
BPIC15_1,duration,ap,equal-level,quality_level+rung,2,0.005768725855205665,raw-within-metric
BPIC15_1,duration,ap,equal-level,learner+split+quality_level,3,0.08457455402560005,raw-within-metric
BPIC15_1,duration,ap,equal-level,learner+split+rung,3,0.08717876566941962,raw-within-metric
BPIC15_1,duration,ap,equal-level,learner+quality_level+rung,3,0.02316127467254678,raw-within-metric
BPIC15_1,duration,ap,equal-level,split+quality_level+rung,3,0.11475457015623368,raw-within-metric
BPIC15_1,duration,ap,equal-level,learner+split+quality_level+rung,4,0.0457785269035267,raw-within-metric
BPIC15_1,duration,auc,equal-level,learner,1,0.041115767013109164,raw-within-metric
BPIC15_1,duration,auc,equal-level,split,1,0.10990961421596908,raw-within-metric
BPIC15_1,duration,auc,equal-level,quality_level,1,0.005643952263835305,raw-within-metric
BPIC15_1,duration,auc,equal-level,rung,1,0.08921452607448495,raw-within-metric
BPIC15_1,duration,auc,equal-level,learner+split,2,0.09203088095889296,raw-within-metric
BPIC15_1,duration,auc,equal-level,learner+quality_level,2,0.004432236875068113,raw-within-metric
BPIC15_1,duration,auc,equal-level,learner+rung,2,0.18728385714025866,raw-within-metric
BPIC15_1,duration,auc,equal-level,split+quality_level,2,0.04358807904120675,raw-within-metric
BPIC15_1,duration,auc,equal-level,split+rung,2,0.10028234395026042,raw-within-metric
BPIC15_1,duration,auc,equal-level,quality_level+rung,2,0.0035178906961150034,raw-within-metric
BPIC15_1,duration,auc,equal-level,learner+split+quality_level,3,0.07244573710684693,raw-within-metric
BPIC15_1,duration,auc,equal-level,learner+split+rung,3,0.12148087848892543,raw-within-metric
BPIC15_1,duration,auc,equal-level,learner+quality_level+rung,3,0.025379632809283233,raw-within-metric
BPIC15_1,duration,auc,equal-level,split+quality_level+rung,3,0.0785388870008598,raw-within-metric
BPIC15_1,duration,auc,equal-level,learner+split+quality_level+rung,4,0.025135716364884216,raw-within-metric
BPIC15_1,duration,brier_skill,equal-level,learner,1,2.6762584228090414e-05,raw-within-metric
BPIC15_1,duration,brier_skill,equal-level,split,1,0.3061565243004423,raw-within-metric
BPIC15_1,duration,brier_skill,equal-level,quality_level,1,0.024747225181777906,raw-within-metric
BPIC15_1,duration,brier_skill,equal-level,rung,1,0.05535401429154298,raw-within-metric
BPIC15_1,duration,brier_skill,equal-level,learner+split,2,0.15387778965497848,raw-within-metric
BPIC15_1,duration,brier_skill,equal-level,learner+quality_level,2,0.013429727616132564,raw-within-metric
BPIC15_1,duration,brier_skill,equal-level,learner+rung,2,0.018576299855898374,raw-within-metric
BPIC15_1,duration,brier_skill,equal-level,split+quality_level,2,0.0522438632353316,raw-within-metric
BPIC15_1,duration,brier_skill,equal-level,split+rung,2,0.13461367403774416,raw-within-metric
BPIC15_1,duration,brier_skill,equal-level,quality_level+rung,2,0.005668811793468366,raw-within-metric
BPIC15_1,duration,brier_skill,equal-level,learner+split+quality_level,3,0.06818404193582739,raw-within-metric
BPIC15_1,duration,brier_skill,equal-level,learner+split+rung,3,0.0729523560089408,raw-within-metric
BPIC15_1,duration,brier_skill,equal-level,learner+quality_level+rung,3,0.028310756263974637,raw-within-metric
BPIC15_1,duration,brier_skill,equal-level,split+quality_level+rung,3,0.04249478292897173,raw-within-metric
BPIC15_1,duration,brier_skill,equal-level,learner+split+quality_level+rung,4,0.023363370310740546,raw-within-metric
BPIC15_1,duration,logloss_skill,equal-level,learner,1,0.05688103866419466,raw-within-metric
BPIC15_1,duration,logloss_skill,equal-level,split,1,0.26474478236489163,raw-within-metric
BPIC15_1,duration,logloss_skill,equal-level,quality_level,1,0.03877376401620519,raw-within-metric
BPIC15_1,duration,logloss_skill,equal-level,rung,1,0.02759290792090747,raw-within-metric
BPIC15_1,duration,logloss_skill,equal-level,learner+split,2,0.1487651964453669,raw-within-metric
BPIC15_1,duration,logloss_skill,equal-level,learner+quality_level,2,0.033468609541317265,raw-within-metric
BPIC15_1,duration,logloss_skill,equal-level,learner+rung,2,0.009809372674801062,raw-within-metric
BPIC15_1,duration,logloss_skill,equal-level,split+quality_level,2,0.08394975610941514,raw-within-metric
BPIC15_1,duration,logloss_skill,equal-level,split+rung,2,0.11008126922307429,raw-within-metric
BPIC15_1,duration,logloss_skill,equal-level,quality_level+rung,2,0.005979577628167866,raw-within-metric
BPIC15_1,duration,logloss_skill,equal-level,learner+split+quality_level,3,0.0862536547261203,raw-within-metric
BPIC15_1,duration,logloss_skill,equal-level,learner+split+rung,3,0.0404660685497605,raw-within-metric
BPIC15_1,duration,logloss_skill,equal-level,learner+quality_level+rung,3,0.022501320269392618,raw-within-metric
BPIC15_1,duration,logloss_skill,equal-level,split+quality_level+rung,3,0.04280801325803728,raw-within-metric
BPIC15_1,duration,logloss_skill,equal-level,learner+split+quality_level+rung,4,0.027924668608347858,raw-within-metric
BPIC15_1,duration,nagelkerke,equal-level,learner,1,0.06182097228498795,raw-within-metric
BPIC15_1,duration,nagelkerke,equal-level,split,1,0.2634316490841704,raw-within-metric
BPIC15_1,duration,nagelkerke,equal-level,quality_level,1,0.0413941435528471,raw-within-metric
BPIC15_1,duration,nagelkerke,equal-level,rung,1,0.02384167845371869,raw-within-metric
BPIC15_1,duration,nagelkerke,equal-level,learner+split,2,0.1811361461375163,raw-within-metric
BPIC15_1,duration,nagelkerke,equal-level,learner+quality_level,2,0.03810399140351501,raw-within-metric
BPIC15_1,duration,nagelkerke,equal-level,learner+rung,2,0.0038764507496188965,raw-within-metric
BPIC15_1,duration,nagelkerke,equal-level,split+quality_level,2,0.09507299117223393,raw-within-metric
BPIC15_1,duration,nagelkerke,equal-level,split+rung,2,0.07889411294689873,raw-within-metric
BPIC15_1,duration,nagelkerke,equal-level,quality_level+rung,2,0.004566832561155636,raw-within-metric
BPIC15_1,duration,nagelkerke,equal-level,learner+split+quality_level,3,0.09564103055963954,raw-within-metric
BPIC15_1,duration,nagelkerke,equal-level,learner+split+rung,3,0.030665466676576582,raw-within-metric
BPIC15_1,duration,nagelkerke,equal-level,learner+quality_level+rung,3,0.013702619199951074,raw-within-metric
BPIC15_1,duration,nagelkerke,equal-level,split+quality_level+rung,3,0.038304986135312705,raw-within-metric
BPIC15_1,duration,nagelkerke,equal-level,learner+split+quality_level+rung,4,0.029546929081857524,raw-within-metric
BPIC15_1,handover,ap,equal-level,learner,1,0.017950129787987427,raw-within-metric
BPIC15_1,handover,ap,equal-level,split,1,0.019563057894479232,raw-within-metric
BPIC15_1,handover,ap,equal-level,quality_level,1,0.016409325364382384,raw-within-metric
BPIC15_1,handover,ap,equal-level,rung,1,0.6032461938038883,raw-within-metric
BPIC15_1,handover,ap,equal-level,learner+split,2,0.006955606542518208,raw-within-metric
BPIC15_1,handover,ap,equal-level,learner+quality_level,2,0.010261550845881755,raw-within-metric
BPIC15_1,handover,ap,equal-level,learner+rung,2,0.04619172816362134,raw-within-metric
BPIC15_1,handover,ap,equal-level,split+quality_level,2,0.032892671939746876,raw-within-metric
BPIC15_1,handover,ap,equal-level,split+rung,2,0.03543522385650608,raw-within-metric
BPIC15_1,handover,ap,equal-level,quality_level+rung,2,0.007044894902544848,raw-within-metric
BPIC15_1,handover,ap,equal-level,learner+split+quality_level,3,0.02919974322014186,raw-within-metric
BPIC15_1,handover,ap,equal-level,learner+split+rung,3,0.012072428834791801,raw-within-metric
BPIC15_1,handover,ap,equal-level,learner+quality_level+rung,3,0.01904421249551662,raw-within-metric
BPIC15_1,handover,ap,equal-level,split+quality_level+rung,3,0.07737446403411369,raw-within-metric
BPIC15_1,handover,ap,equal-level,learner+split+quality_level+rung,4,0.06635876831387967,raw-within-metric
BPIC15_1,handover,auc,equal-level,learner,1,0.02741971710402603,raw-within-metric
BPIC15_1,handover,auc,equal-level,split,1,0.04146622530799157,raw-within-metric
BPIC15_1,handover,auc,equal-level,quality_level,1,0.04328361211906004,raw-within-metric
BPIC15_1,handover,auc,equal-level,rung,1,0.4515176152072212,raw-within-metric
BPIC15_1,handover,auc,equal-level,learner+split,2,0.01947241669820197,raw-within-metric
BPIC15_1,handover,auc,equal-level,learner+quality_level,2,0.010222232411851847,raw-within-metric
BPIC15_1,handover,auc,equal-level,learner+rung,2,0.0722675574844402,raw-within-metric
BPIC15_1,handover,auc,equal-level,split+quality_level,2,0.037566731110482476,raw-within-metric
BPIC15_1,handover,auc,equal-level,split+rung,2,0.1067671713978522,raw-within-metric
BPIC15_1,handover,auc,equal-level,quality_level+rung,2,0.020970151183163907,raw-within-metric
BPIC15_1,handover,auc,equal-level,learner+split+quality_level,3,0.022913482742809174,raw-within-metric
BPIC15_1,handover,auc,equal-level,learner+split+rung,3,0.017808071234138505,raw-within-metric
BPIC15_1,handover,auc,equal-level,learner+quality_level+rung,3,0.003544987759039608,raw-within-metric
BPIC15_1,handover,auc,equal-level,split+quality_level+rung,3,0.07097574729862988,raw-within-metric
BPIC15_1,handover,auc,equal-level,learner+split+quality_level+rung,4,0.0538042809410914,raw-within-metric
BPIC15_1,handover,brier_skill,equal-level,learner,1,0.030360011448405208,raw-within-metric
BPIC15_1,handover,brier_skill,equal-level,split,1,0.15024758338296523,raw-within-metric
BPIC15_1,handover,brier_skill,equal-level,quality_level,1,0.16904107893876616,raw-within-metric
BPIC15_1,handover,brier_skill,equal-level,rung,1,0.07538689119822148,raw-within-metric
BPIC15_1,handover,brier_skill,equal-level,learner+split,2,0.14559423299151666,raw-within-metric
BPIC15_1,handover,brier_skill,equal-level,learner+quality_level,2,0.05171420902411472,raw-within-metric
BPIC15_1,handover,brier_skill,equal-level,learner+rung,2,0.028309721511756113,raw-within-metric
BPIC15_1,handover,brier_skill,equal-level,split+quality_level,2,0.09259905291712626,raw-within-metric
BPIC15_1,handover,brier_skill,equal-level,split+rung,2,0.053264721402459865,raw-within-metric
BPIC15_1,handover,brier_skill,equal-level,quality_level+rung,2,0.006471111969942632,raw-within-metric
BPIC15_1,handover,brier_skill,equal-level,learner+split+quality_level,3,0.06880763154145286,raw-within-metric
BPIC15_1,handover,brier_skill,equal-level,learner+split+rung,3,0.04328060894652891,raw-within-metric
BPIC15_1,handover,brier_skill,equal-level,learner+quality_level+rung,3,0.012460013695143693,raw-within-metric
BPIC15_1,handover,brier_skill,equal-level,split+quality_level+rung,3,0.03738472670535865,raw-within-metric
BPIC15_1,handover,brier_skill,equal-level,learner+split+quality_level+rung,4,0.03507840432624161,raw-within-metric
BPIC15_1,handover,logloss_skill,equal-level,learner,1,0.0013707286602882662,raw-within-metric
BPIC15_1,handover,logloss_skill,equal-level,split,1,0.07868882585166004,raw-within-metric
BPIC15_1,handover,logloss_skill,equal-level,quality_level,1,0.03624756807803803,raw-within-metric
BPIC15_1,handover,logloss_skill,equal-level,rung,1,0.025135371304268003,raw-within-metric
BPIC15_1,handover,logloss_skill,equal-level,learner+split,2,0.04388490312296685,raw-within-metric
BPIC15_1,handover,logloss_skill,equal-level,learner+quality_level,2,0.019693274086958798,raw-within-metric
BPIC15_1,handover,logloss_skill,equal-level,learner+rung,2,0.09401448034483348,raw-within-metric
BPIC15_1,handover,logloss_skill,equal-level,split+quality_level,2,0.03536921093926885,raw-within-metric
BPIC15_1,handover,logloss_skill,equal-level,split+rung,2,0.2971549845607171,raw-within-metric
BPIC15_1,handover,logloss_skill,equal-level,quality_level+rung,2,0.016953806026468857,raw-within-metric
BPIC15_1,handover,logloss_skill,equal-level,learner+split+quality_level,3,0.024714166754418076,raw-within-metric
BPIC15_1,handover,logloss_skill,equal-level,learner+split+rung,3,0.21271827996383882,raw-within-metric
BPIC15_1,handover,logloss_skill,equal-level,learner+quality_level+rung,3,0.027063351119777923,raw-within-metric
BPIC15_1,handover,logloss_skill,equal-level,split+quality_level+rung,3,0.05051982709794702,raw-within-metric
BPIC15_1,handover,logloss_skill,equal-level,learner+split+quality_level+rung,4,0.03647122208854997,raw-within-metric
BPIC15_1,handover,nagelkerke,equal-level,learner,1,0.018338271203899477,raw-within-metric
BPIC15_1,handover,nagelkerke,equal-level,split,1,0.10978042280295881,raw-within-metric
BPIC15_1,handover,nagelkerke,equal-level,quality_level,1,0.0012045435955137715,raw-within-metric
BPIC15_1,handover,nagelkerke,equal-level,rung,1,0.04406358603515158,raw-within-metric
BPIC15_1,handover,nagelkerke,equal-level,learner+split,2,0.09938206239772068,raw-within-metric
BPIC15_1,handover,nagelkerke,equal-level,learner+quality_level,2,0.0016599154461640001,raw-within-metric
BPIC15_1,handover,nagelkerke,equal-level,learner+rung,2,0.05834234346768273,raw-within-metric
BPIC15_1,handover,nagelkerke,equal-level,split+quality_level,2,0.018051307394265605,raw-within-metric
BPIC15_1,handover,nagelkerke,equal-level,split+rung,2,0.27271137724231775,raw-within-metric
BPIC15_1,handover,nagelkerke,equal-level,quality_level+rung,2,0.01059417925384719,raw-within-metric
BPIC15_1,handover,nagelkerke,equal-level,learner+split+quality_level,3,0.015743426975922126,raw-within-metric
BPIC15_1,handover,nagelkerke,equal-level,learner+split+rung,3,0.25137250845655307,raw-within-metric
BPIC15_1,handover,nagelkerke,equal-level,learner+quality_level+rung,3,0.012187279659918615,raw-within-metric
BPIC15_1,handover,nagelkerke,equal-level,split+quality_level+rung,3,0.045290532136400566,raw-within-metric
BPIC15_1,handover,nagelkerke,equal-level,learner+split+quality_level+rung,4,0.04127824393168407,raw-within-metric
BPIC15_3,duration,ap,equal-level,learner,1,0.0009526124704584908,raw-within-metric
BPIC15_3,duration,ap,equal-level,split,1,0.23069829326604246,raw-within-metric
BPIC15_3,duration,ap,equal-level,quality_level,1,0.13422987407739717,raw-within-metric
BPIC15_3,duration,ap,equal-level,rung,1,0.1075090826188145,raw-within-metric
BPIC15_3,duration,ap,equal-level,learner+split,2,0.014119739297058722,raw-within-metric
BPIC15_3,duration,ap,equal-level,learner+quality_level,2,0.002588022818717073,raw-within-metric
BPIC15_3,duration,ap,equal-level,learner+rung,2,0.06140483384415225,raw-within-metric
BPIC15_3,duration,ap,equal-level,split+quality_level,2,0.08935574086877711,raw-within-metric
BPIC15_3,duration,ap,equal-level,split+rung,2,0.11807963661530442,raw-within-metric
BPIC15_3,duration,ap,equal-level,quality_level+rung,2,0.014283662525709373,raw-within-metric
BPIC15_3,duration,ap,equal-level,learner+split+quality_level,3,0.0363124380325799,raw-within-metric
BPIC15_3,duration,ap,equal-level,learner+split+rung,3,0.13570173018353898,raw-within-metric
BPIC15_3,duration,ap,equal-level,learner+quality_level+rung,3,0.0018922516047081002,raw-within-metric
BPIC15_3,duration,ap,equal-level,split+quality_level+rung,3,0.03387355546098253,raw-within-metric
BPIC15_3,duration,ap,equal-level,learner+split+quality_level+rung,4,0.018998526315758827,raw-within-metric
BPIC15_3,duration,auc,equal-level,learner,1,0.01061015490062703,raw-within-metric
BPIC15_3,duration,auc,equal-level,split,1,0.28676461366920636,raw-within-metric
BPIC15_3,duration,auc,equal-level,quality_level,1,0.1556188882659388,raw-within-metric
BPIC15_3,duration,auc,equal-level,rung,1,0.025274333317629533,raw-within-metric
BPIC15_3,duration,auc,equal-level,learner+split,2,0.04742957670346997,raw-within-metric
BPIC15_3,duration,auc,equal-level,learner+quality_level,2,0.004931025107587,raw-within-metric
BPIC15_3,duration,auc,equal-level,learner+rung,2,0.06536138116202511,raw-within-metric
BPIC15_3,duration,auc,equal-level,split+quality_level,2,0.08284948908439241,raw-within-metric
BPIC15_3,duration,auc,equal-level,split+rung,2,0.11567367787689611,raw-within-metric
BPIC15_3,duration,auc,equal-level,quality_level+rung,2,0.004862052853467098,raw-within-metric
BPIC15_3,duration,auc,equal-level,learner+split+quality_level,3,0.021368690592375988,raw-within-metric
BPIC15_3,duration,auc,equal-level,learner+split+rung,3,0.10724283589956303,raw-within-metric
BPIC15_3,duration,auc,equal-level,learner+quality_level+rung,3,0.003016771926400822,raw-within-metric
BPIC15_3,duration,auc,equal-level,split+quality_level+rung,3,0.045012844910347814,raw-within-metric
BPIC15_3,duration,auc,equal-level,learner+split+quality_level+rung,4,0.023983663730072883,raw-within-metric
BPIC15_3,duration,brier_skill,equal-level,learner,1,0.0023572736952382142,raw-within-metric
BPIC15_3,duration,brier_skill,equal-level,split,1,0.2867864566641158,raw-within-metric
BPIC15_3,duration,brier_skill,equal-level,quality_level,1,0.08136857952376302,raw-within-metric
BPIC15_3,duration,brier_skill,equal-level,rung,1,0.022601843219714046,raw-within-metric
BPIC15_3,duration,brier_skill,equal-level,learner+split,2,0.10434467237961322,raw-within-metric
BPIC15_3,duration,brier_skill,equal-level,learner+quality_level,2,0.000808648908363799,raw-within-metric
BPIC15_3,duration,brier_skill,equal-level,learner+rung,2,0.10219151172535619,raw-within-metric
BPIC15_3,duration,brier_skill,equal-level,split+quality_level,2,0.08868186998080912,raw-within-metric
BPIC15_3,duration,brier_skill,equal-level,split+rung,2,0.10502759247355274,raw-within-metric
BPIC15_3,duration,brier_skill,equal-level,quality_level+rung,2,0.005530226075921627,raw-within-metric
BPIC15_3,duration,brier_skill,equal-level,learner+split+quality_level,3,0.03339936305248117,raw-within-metric
BPIC15_3,duration,brier_skill,equal-level,learner+split+rung,3,0.11065516771482052,raw-within-metric
BPIC15_3,duration,brier_skill,equal-level,learner+quality_level+rung,3,0.008716310923411632,raw-within-metric
BPIC15_3,duration,brier_skill,equal-level,split+quality_level+rung,3,0.027276537111056164,raw-within-metric
BPIC15_3,duration,brier_skill,equal-level,learner+split+quality_level+rung,4,0.02025394655178278,raw-within-metric
BPIC15_3,duration,logloss_skill,equal-level,learner,1,0.015045183236082713,raw-within-metric
BPIC15_3,duration,logloss_skill,equal-level,split,1,0.3045983586727778,raw-within-metric
BPIC15_3,duration,logloss_skill,equal-level,quality_level,1,0.035390766628284324,raw-within-metric
BPIC15_3,duration,logloss_skill,equal-level,rung,1,0.022199355971436945,raw-within-metric
BPIC15_3,duration,logloss_skill,equal-level,learner+split,2,0.12817515062262616,raw-within-metric
BPIC15_3,duration,logloss_skill,equal-level,learner+quality_level,2,0.0029741670520377706,raw-within-metric
BPIC15_3,duration,logloss_skill,equal-level,learner+rung,2,0.07655404245758801,raw-within-metric
BPIC15_3,duration,logloss_skill,equal-level,split+quality_level,2,0.09977420548588932,raw-within-metric
BPIC15_3,duration,logloss_skill,equal-level,split+rung,2,0.09423678537755366,raw-within-metric
BPIC15_3,duration,logloss_skill,equal-level,quality_level+rung,2,0.0066261315956155815,raw-within-metric
BPIC15_3,duration,logloss_skill,equal-level,learner+split+quality_level,3,0.051121033072186475,raw-within-metric
BPIC15_3,duration,logloss_skill,equal-level,learner+split+rung,3,0.09186208815423212,raw-within-metric
BPIC15_3,duration,logloss_skill,equal-level,learner+quality_level+rung,3,0.009204771905918507,raw-within-metric
BPIC15_3,duration,logloss_skill,equal-level,split+quality_level+rung,3,0.0347456194567633,raw-within-metric
BPIC15_3,duration,logloss_skill,equal-level,learner+split+quality_level+rung,4,0.027492340311007314,raw-within-metric
BPIC15_3,duration,nagelkerke,equal-level,learner,1,0.0029300260048247618,raw-within-metric
BPIC15_3,duration,nagelkerke,equal-level,split,1,0.2746827735066498,raw-within-metric
BPIC15_3,duration,nagelkerke,equal-level,quality_level,1,0.021920463920615793,raw-within-metric
BPIC15_3,duration,nagelkerke,equal-level,rung,1,0.04308895064357194,raw-within-metric
BPIC15_3,duration,nagelkerke,equal-level,learner+split,2,0.15861202976673325,raw-within-metric
BPIC15_3,duration,nagelkerke,equal-level,learner+quality_level,2,0.0015760038298830627,raw-within-metric
BPIC15_3,duration,nagelkerke,equal-level,learner+rung,2,0.0713243855519899,raw-within-metric
BPIC15_3,duration,nagelkerke,equal-level,split+quality_level,2,0.07896519474695851,raw-within-metric
BPIC15_3,duration,nagelkerke,equal-level,split+rung,2,0.11629961624768032,raw-within-metric
BPIC15_3,duration,nagelkerke,equal-level,quality_level+rung,2,0.004470403199662223,raw-within-metric
BPIC15_3,duration,nagelkerke,equal-level,learner+split+quality_level,3,0.04899026120265812,raw-within-metric
BPIC15_3,duration,nagelkerke,equal-level,learner+split+rung,3,0.10778342273067383,raw-within-metric
BPIC15_3,duration,nagelkerke,equal-level,learner+quality_level+rung,3,0.006107008673243343,raw-within-metric
BPIC15_3,duration,nagelkerke,equal-level,split+quality_level+rung,3,0.03576551611875996,raw-within-metric
BPIC15_3,duration,nagelkerke,equal-level,learner+split+quality_level+rung,4,0.027483943856095146,raw-within-metric
BPIC15_3,handover,ap,equal-level,learner,1,0.001113410581585519,raw-within-metric
BPIC15_3,handover,ap,equal-level,split,1,0.29593865848118195,raw-within-metric
BPIC15_3,handover,ap,equal-level,quality_level,1,0.009848944828061458,raw-within-metric
BPIC15_3,handover,ap,equal-level,rung,1,0.21445176664641785,raw-within-metric
BPIC15_3,handover,ap,equal-level,learner+split,2,0.014473250079101115,raw-within-metric
BPIC15_3,handover,ap,equal-level,learner+quality_level,2,0.00310745891752251,raw-within-metric
BPIC15_3,handover,ap,equal-level,learner+rung,2,0.0006651101177621114,raw-within-metric
BPIC15_3,handover,ap,equal-level,split+quality_level,2,0.05844263280964805,raw-within-metric
BPIC15_3,handover,ap,equal-level,split+rung,2,0.2702905073752786,raw-within-metric
BPIC15_3,handover,ap,equal-level,quality_level+rung,2,0.004707940695654585,raw-within-metric
BPIC15_3,handover,ap,equal-level,learner+split+quality_level,3,0.020041086292127332,raw-within-metric
BPIC15_3,handover,ap,equal-level,learner+split+rung,3,0.0396370156808022,raw-within-metric
BPIC15_3,handover,ap,equal-level,learner+quality_level+rung,3,0.00515441915666975,raw-within-metric
BPIC15_3,handover,ap,equal-level,split+quality_level+rung,3,0.0343141002142618,raw-within-metric
BPIC15_3,handover,ap,equal-level,learner+split+quality_level+rung,4,0.027813698123925108,raw-within-metric
BPIC15_3,handover,auc,equal-level,learner,1,0.021165087161018552,raw-within-metric
BPIC15_3,handover,auc,equal-level,split,1,0.1758344817555887,raw-within-metric
BPIC15_3,handover,auc,equal-level,quality_level,1,0.002669871797601679,raw-within-metric
BPIC15_3,handover,auc,equal-level,rung,1,0.20137114736680461,raw-within-metric
BPIC15_3,handover,auc,equal-level,learner+split,2,0.11834061454345712,raw-within-metric
BPIC15_3,handover,auc,equal-level,learner+quality_level,2,0.006195900063354507,raw-within-metric
BPIC15_3,handover,auc,equal-level,learner+rung,2,0.00038261303158439495,raw-within-metric
BPIC15_3,handover,auc,equal-level,split+quality_level,2,0.04009171774373909,raw-within-metric
BPIC15_3,handover,auc,equal-level,split+rung,2,0.056289303280066684,raw-within-metric
BPIC15_3,handover,auc,equal-level,quality_level+rung,2,0.0029082221861513207,raw-within-metric
BPIC15_3,handover,auc,equal-level,learner+split+quality_level,3,0.0284509334992958,raw-within-metric
BPIC15_3,handover,auc,equal-level,learner+split+rung,3,0.2711647878688689,raw-within-metric
BPIC15_3,handover,auc,equal-level,learner+quality_level+rung,3,0.004771766616460177,raw-within-metric
BPIC15_3,handover,auc,equal-level,split+quality_level+rung,3,0.03659193075746533,raw-within-metric
BPIC15_3,handover,auc,equal-level,learner+split+quality_level+rung,4,0.03377162232854323,raw-within-metric
BPIC15_3,handover,brier_skill,equal-level,learner,1,0.013813860862033974,raw-within-metric
BPIC15_3,handover,brier_skill,equal-level,split,1,0.24021170313388296,raw-within-metric
BPIC15_3,handover,brier_skill,equal-level,quality_level,1,0.01748082286811238,raw-within-metric
BPIC15_3,handover,brier_skill,equal-level,rung,1,0.06622527985517725,raw-within-metric
BPIC15_3,handover,brier_skill,equal-level,learner+split,2,0.125430376434557,raw-within-metric
BPIC15_3,handover,brier_skill,equal-level,learner+quality_level,2,0.016544258570551817,raw-within-metric
BPIC15_3,handover,brier_skill,equal-level,learner+rung,2,0.06551317665094376,raw-within-metric
BPIC15_3,handover,brier_skill,equal-level,split+quality_level,2,0.0643920207778743,raw-within-metric
BPIC15_3,handover,brier_skill,equal-level,split+rung,2,0.12801277929544677,raw-within-metric
BPIC15_3,handover,brier_skill,equal-level,quality_level+rung,2,0.020606154185110883,raw-within-metric
BPIC15_3,handover,brier_skill,equal-level,learner+split+quality_level,3,0.04768710963348105,raw-within-metric
BPIC15_3,handover,brier_skill,equal-level,learner+split+rung,3,0.09243940753708166,raw-within-metric
BPIC15_3,handover,brier_skill,equal-level,learner+quality_level+rung,3,0.012250207727878293,raw-within-metric
BPIC15_3,handover,brier_skill,equal-level,split+quality_level+rung,3,0.047387026322705264,raw-within-metric
BPIC15_3,handover,brier_skill,equal-level,learner+split+quality_level+rung,4,0.04200581614516268,raw-within-metric
BPIC15_3,handover,logloss_skill,equal-level,learner,1,6.751345351672395e-06,raw-within-metric
BPIC15_3,handover,logloss_skill,equal-level,split,1,0.18903048792291102,raw-within-metric
BPIC15_3,handover,logloss_skill,equal-level,quality_level,1,0.0025795082296024862,raw-within-metric
BPIC15_3,handover,logloss_skill,equal-level,rung,1,0.12845775162828532,raw-within-metric
BPIC15_3,handover,logloss_skill,equal-level,learner+split,2,0.11930874021262677,raw-within-metric
BPIC15_3,handover,logloss_skill,equal-level,learner+quality_level,2,0.004601271793852592,raw-within-metric
BPIC15_3,handover,logloss_skill,equal-level,learner+rung,2,0.1332126567288007,raw-within-metric
BPIC15_3,handover,logloss_skill,equal-level,split+quality_level,2,0.061074017299042146,raw-within-metric
BPIC15_3,handover,logloss_skill,equal-level,split+rung,2,0.11238619491668235,raw-within-metric
BPIC15_3,handover,logloss_skill,equal-level,quality_level+rung,2,0.014753427567037238,raw-within-metric
BPIC15_3,handover,logloss_skill,equal-level,learner+split+quality_level,3,0.044185370701836625,raw-within-metric
BPIC15_3,handover,logloss_skill,equal-level,learner+split+rung,3,0.10411431354359493,raw-within-metric
BPIC15_3,handover,logloss_skill,equal-level,learner+quality_level+rung,3,0.011642300257154157,raw-within-metric
BPIC15_3,handover,logloss_skill,equal-level,split+quality_level+rung,3,0.037302048321203776,raw-within-metric
BPIC15_3,handover,logloss_skill,equal-level,learner+split+quality_level+rung,4,0.037345159532018224,raw-within-metric
BPIC15_3,handover,nagelkerke,equal-level,learner,1,0.0018082608871901541,raw-within-metric
BPIC15_3,handover,nagelkerke,equal-level,split,1,0.1637523558549073,raw-within-metric
BPIC15_3,handover,nagelkerke,equal-level,quality_level,1,0.003611092404342003,raw-within-metric
BPIC15_3,handover,nagelkerke,equal-level,rung,1,0.1214124742943992,raw-within-metric
BPIC15_3,handover,nagelkerke,equal-level,learner+split,2,0.115553074734918,raw-within-metric
BPIC15_3,handover,nagelkerke,equal-level,learner+quality_level,2,0.004226235336501329,raw-within-metric
BPIC15_3,handover,nagelkerke,equal-level,learner+rung,2,0.12321393402570349,raw-within-metric
BPIC15_3,handover,nagelkerke,equal-level,split+quality_level,2,0.06157701982122028,raw-within-metric
BPIC15_3,handover,nagelkerke,equal-level,split+rung,2,0.120416065907533,raw-within-metric
BPIC15_3,handover,nagelkerke,equal-level,quality_level+rung,2,0.011193077286451754,raw-within-metric
BPIC15_3,handover,nagelkerke,equal-level,learner+split+quality_level,3,0.052819788123882265,raw-within-metric
BPIC15_3,handover,nagelkerke,equal-level,learner+split+rung,3,0.12241320611247967,raw-within-metric
BPIC15_3,handover,nagelkerke,equal-level,learner+quality_level+rung,3,0.009571467967097335,raw-within-metric
BPIC15_3,handover,nagelkerke,equal-level,split+quality_level+rung,3,0.04441420001391391,raw-within-metric
BPIC15_3,handover,nagelkerke,equal-level,learner+split+quality_level+rung,4,0.044017747229460225,raw-within-metric
BPIC15_4,duration,ap,equal-level,learner,1,0.004100254257573213,raw-within-metric
BPIC15_4,duration,ap,equal-level,split,1,0.31092663456029357,raw-within-metric
BPIC15_4,duration,ap,equal-level,quality_level,1,0.024599834529856163,raw-within-metric
BPIC15_4,duration,ap,equal-level,rung,1,0.018275714834877405,raw-within-metric
BPIC15_4,duration,ap,equal-level,learner+split,2,0.1439596693908303,raw-within-metric
BPIC15_4,duration,ap,equal-level,learner+quality_level,2,0.0138977774383851,raw-within-metric
BPIC15_4,duration,ap,equal-level,learner+rung,2,0.008827985839749813,raw-within-metric
BPIC15_4,duration,ap,equal-level,split+quality_level,2,0.11154773162522323,raw-within-metric
BPIC15_4,duration,ap,equal-level,split+rung,2,0.04229434029819174,raw-within-metric
BPIC15_4,duration,ap,equal-level,quality_level+rung,2,0.012990372253126364,raw-within-metric
BPIC15_4,duration,ap,equal-level,learner+split+quality_level,3,0.04999869996460855,raw-within-metric
BPIC15_4,duration,ap,equal-level,learner+split+rung,3,0.06462011369550225,raw-within-metric
BPIC15_4,duration,ap,equal-level,learner+quality_level+rung,3,0.01910218711491606,raw-within-metric
BPIC15_4,duration,ap,equal-level,split+quality_level+rung,3,0.07297680561233064,raw-within-metric
BPIC15_4,duration,ap,equal-level,learner+split+quality_level+rung,4,0.10188187858453569,raw-within-metric
BPIC15_4,duration,auc,equal-level,learner,1,0.010443674220043801,raw-within-metric
BPIC15_4,duration,auc,equal-level,split,1,0.35354152822510804,raw-within-metric
BPIC15_4,duration,auc,equal-level,quality_level,1,0.004077641705023907,raw-within-metric
BPIC15_4,duration,auc,equal-level,rung,1,0.011174031101663578,raw-within-metric
BPIC15_4,duration,auc,equal-level,learner+split,2,0.04046323021873998,raw-within-metric
BPIC15_4,duration,auc,equal-level,learner+quality_level,2,0.02585718194747065,raw-within-metric
BPIC15_4,duration,auc,equal-level,learner+rung,2,0.014608077274205744,raw-within-metric
BPIC15_4,duration,auc,equal-level,split+quality_level,2,0.05603701362741346,raw-within-metric
BPIC15_4,duration,auc,equal-level,split+rung,2,0.2019932220304166,raw-within-metric
BPIC15_4,duration,auc,equal-level,quality_level+rung,2,0.005237021971017759,raw-within-metric
BPIC15_4,duration,auc,equal-level,learner+split+quality_level,3,0.0790008615962062,raw-within-metric
BPIC15_4,duration,auc,equal-level,learner+split+rung,3,0.13239685505862026,raw-within-metric
BPIC15_4,duration,auc,equal-level,learner+quality_level+rung,3,0.006314500657938723,raw-within-metric
BPIC15_4,duration,auc,equal-level,split+quality_level+rung,3,0.031082897767760343,raw-within-metric
BPIC15_4,duration,auc,equal-level,learner+split+quality_level+rung,4,0.027772262598370925,raw-within-metric
BPIC15_4,duration,brier_skill,equal-level,learner,1,0.06008521103520848,raw-within-metric
BPIC15_4,duration,brier_skill,equal-level,split,1,0.09690491051122192,raw-within-metric
BPIC15_4,duration,brier_skill,equal-level,quality_level,1,0.014971467731666702,raw-within-metric
BPIC15_4,duration,brier_skill,equal-level,rung,1,0.023166638142123705,raw-within-metric
BPIC15_4,duration,brier_skill,equal-level,learner+split,2,0.20060731431668374,raw-within-metric
BPIC15_4,duration,brier_skill,equal-level,learner+quality_level,2,0.041142110627775445,raw-within-metric
BPIC15_4,duration,brier_skill,equal-level,learner+rung,2,0.029342298366734423,raw-within-metric
BPIC15_4,duration,brier_skill,equal-level,split+quality_level,2,0.1372524317382558,raw-within-metric
BPIC15_4,duration,brier_skill,equal-level,split+rung,2,0.06584990185463417,raw-within-metric
BPIC15_4,duration,brier_skill,equal-level,quality_level+rung,2,0.00860629765521366,raw-within-metric
BPIC15_4,duration,brier_skill,equal-level,learner+split+quality_level,3,0.17813878941401773,raw-within-metric
BPIC15_4,duration,brier_skill,equal-level,learner+split+rung,3,0.056754032187652785,raw-within-metric
BPIC15_4,duration,brier_skill,equal-level,learner+quality_level+rung,3,0.0065183095837988755,raw-within-metric
BPIC15_4,duration,brier_skill,equal-level,split+quality_level+rung,3,0.03849126720794931,raw-within-metric
BPIC15_4,duration,brier_skill,equal-level,learner+split+quality_level+rung,4,0.04216901962706319,raw-within-metric
BPIC15_4,duration,logloss_skill,equal-level,learner,1,0.10972556522325431,raw-within-metric
BPIC15_4,duration,logloss_skill,equal-level,split,1,0.11140936238747652,raw-within-metric
BPIC15_4,duration,logloss_skill,equal-level,quality_level,1,0.026389874177903377,raw-within-metric
BPIC15_4,duration,logloss_skill,equal-level,rung,1,0.007552474969541927,raw-within-metric
BPIC15_4,duration,logloss_skill,equal-level,learner+split,2,0.19938552574793758,raw-within-metric
BPIC15_4,duration,logloss_skill,equal-level,learner+quality_level,2,0.047691902513283355,raw-within-metric
BPIC15_4,duration,logloss_skill,equal-level,learner+rung,2,0.010264656695664717,raw-within-metric
BPIC15_4,duration,logloss_skill,equal-level,split+quality_level,2,0.15522266440535798,raw-within-metric
BPIC15_4,duration,logloss_skill,equal-level,split+rung,2,0.04619260124246753,raw-within-metric
BPIC15_4,duration,logloss_skill,equal-level,quality_level+rung,2,0.008453758541260023,raw-within-metric
BPIC15_4,duration,logloss_skill,equal-level,learner+split+quality_level,3,0.17997187062468661,raw-within-metric
BPIC15_4,duration,logloss_skill,equal-level,learner+split+rung,3,0.04484361360043692,raw-within-metric
BPIC15_4,duration,logloss_skill,equal-level,learner+quality_level+rung,3,0.006582521141572335,raw-within-metric
BPIC15_4,duration,logloss_skill,equal-level,split+quality_level+rung,3,0.022700879797919894,raw-within-metric
BPIC15_4,duration,logloss_skill,equal-level,learner+split+quality_level+rung,4,0.023612728931236997,raw-within-metric
BPIC15_4,duration,nagelkerke,equal-level,learner,1,0.15073798658433377,raw-within-metric
BPIC15_4,duration,nagelkerke,equal-level,split,1,0.07528011459729089,raw-within-metric
BPIC15_4,duration,nagelkerke,equal-level,quality_level,1,0.04060180633338397,raw-within-metric
BPIC15_4,duration,nagelkerke,equal-level,rung,1,0.0011241597118490754,raw-within-metric
BPIC15_4,duration,nagelkerke,equal-level,learner+split,2,0.15891294433387507,raw-within-metric
BPIC15_4,duration,nagelkerke,equal-level,learner+quality_level,2,0.06335536081003484,raw-within-metric
BPIC15_4,duration,nagelkerke,equal-level,learner+rung,2,0.0021572904364349616,raw-within-metric
BPIC15_4,duration,nagelkerke,equal-level,split+quality_level,2,0.19043314314272106,raw-within-metric
BPIC15_4,duration,nagelkerke,equal-level,split+rung,2,0.02384767653061739,raw-within-metric
BPIC15_4,duration,nagelkerke,equal-level,quality_level+rung,2,0.006504906032233885,raw-within-metric
BPIC15_4,duration,nagelkerke,equal-level,learner+split+quality_level,3,0.22742710898299537,raw-within-metric
BPIC15_4,duration,nagelkerke,equal-level,learner+split+rung,3,0.022032588649027376,raw-within-metric
BPIC15_4,duration,nagelkerke,equal-level,learner+quality_level+rung,3,0.00534673252409166,raw-within-metric
BPIC15_4,duration,nagelkerke,equal-level,split+quality_level+rung,3,0.016201240088116273,raw-within-metric
BPIC15_4,duration,nagelkerke,equal-level,learner+split+quality_level+rung,4,0.0160369412429944,raw-within-metric
BPIC15_4,handover,ap,equal-level,learner,1,0.014326424899546648,raw-within-metric
BPIC15_4,handover,ap,equal-level,split,1,0.10868971839804671,raw-within-metric
BPIC15_4,handover,ap,equal-level,quality_level,1,0.018132515550856425,raw-within-metric
BPIC15_4,handover,ap,equal-level,rung,1,0.08933448987686697,raw-within-metric
BPIC15_4,handover,ap,equal-level,learner+split,2,0.062436001875317844,raw-within-metric
BPIC15_4,handover,ap,equal-level,learner+quality_level,2,0.014605233389273697,raw-within-metric
BPIC15_4,handover,ap,equal-level,learner+rung,2,0.049658609635042913,raw-within-metric
BPIC15_4,handover,ap,equal-level,split+quality_level,2,0.04958531447032604,raw-within-metric
BPIC15_4,handover,ap,equal-level,split+rung,2,0.21750689521724786,raw-within-metric
BPIC15_4,handover,ap,equal-level,quality_level+rung,2,0.01595368818889396,raw-within-metric
BPIC15_4,handover,ap,equal-level,learner+split+quality_level,3,0.07823912358619728,raw-within-metric
BPIC15_4,handover,ap,equal-level,learner+split+rung,3,0.166030175540792,raw-within-metric
BPIC15_4,handover,ap,equal-level,learner+quality_level+rung,3,0.021389825796169454,raw-within-metric
BPIC15_4,handover,ap,equal-level,split+quality_level+rung,3,0.04539945588781837,raw-within-metric
BPIC15_4,handover,ap,equal-level,learner+split+quality_level+rung,4,0.04871252768760392,raw-within-metric
BPIC15_4,handover,auc,equal-level,learner,1,0.019044347868022386,raw-within-metric
BPIC15_4,handover,auc,equal-level,split,1,0.07663330026166167,raw-within-metric
BPIC15_4,handover,auc,equal-level,quality_level,1,0.0763206301301188,raw-within-metric
BPIC15_4,handover,auc,equal-level,rung,1,0.02945090543109253,raw-within-metric
BPIC15_4,handover,auc,equal-level,learner+split,2,0.15681839474776152,raw-within-metric
BPIC15_4,handover,auc,equal-level,learner+quality_level,2,0.06863688965034677,raw-within-metric
BPIC15_4,handover,auc,equal-level,learner+rung,2,0.05569736159514002,raw-within-metric
BPIC15_4,handover,auc,equal-level,split+quality_level,2,0.1007039578891513,raw-within-metric
BPIC15_4,handover,auc,equal-level,split+rung,2,0.06964609249375905,raw-within-metric
BPIC15_4,handover,auc,equal-level,quality_level+rung,2,0.015110408143786617,raw-within-metric
BPIC15_4,handover,auc,equal-level,learner+split+quality_level,3,0.07902804022297878,raw-within-metric
BPIC15_4,handover,auc,equal-level,learner+split+rung,3,0.10314668004089157,raw-within-metric
BPIC15_4,handover,auc,equal-level,learner+quality_level+rung,3,0.018919027275975612,raw-within-metric
BPIC15_4,handover,auc,equal-level,split+quality_level+rung,3,0.06345641708782541,raw-within-metric
BPIC15_4,handover,auc,equal-level,learner+split+quality_level+rung,4,0.06738754716148788,raw-within-metric
BPIC15_4,handover,brier_skill,equal-level,learner,1,0.05312802428186082,raw-within-metric
BPIC15_4,handover,brier_skill,equal-level,split,1,0.019413599143142418,raw-within-metric
BPIC15_4,handover,brier_skill,equal-level,quality_level,1,0.09833148823239095,raw-within-metric
BPIC15_4,handover,brier_skill,equal-level,rung,1,0.03638153796276116,raw-within-metric
BPIC15_4,handover,brier_skill,equal-level,learner+split,2,0.045989592885102716,raw-within-metric
BPIC15_4,handover,brier_skill,equal-level,learner+quality_level,2,0.08344077133172978,raw-within-metric
BPIC15_4,handover,brier_skill,equal-level,learner+rung,2,0.03413307709453659,raw-within-metric
BPIC15_4,handover,brier_skill,equal-level,split+quality_level,2,0.12640055346654158,raw-within-metric
BPIC15_4,handover,brier_skill,equal-level,split+rung,2,0.09068048269374751,raw-within-metric
BPIC15_4,handover,brier_skill,equal-level,quality_level+rung,2,0.016651858141137007,raw-within-metric
BPIC15_4,handover,brier_skill,equal-level,learner+split+quality_level,3,0.13270526764076704,raw-within-metric
BPIC15_4,handover,brier_skill,equal-level,learner+split+rung,3,0.09824571906017382,raw-within-metric
BPIC15_4,handover,brier_skill,equal-level,learner+quality_level+rung,3,0.0156115285584042,raw-within-metric
BPIC15_4,handover,brier_skill,equal-level,split+quality_level+rung,3,0.07223943246479068,raw-within-metric
BPIC15_4,handover,brier_skill,equal-level,learner+split+quality_level+rung,4,0.07664706704291373,raw-within-metric
BPIC15_4,handover,logloss_skill,equal-level,learner,1,0.1817911060448609,raw-within-metric
BPIC15_4,handover,logloss_skill,equal-level,split,1,0.034815678320657815,raw-within-metric
BPIC15_4,handover,logloss_skill,equal-level,quality_level,1,0.02572014710442145,raw-within-metric
BPIC15_4,handover,logloss_skill,equal-level,rung,1,0.027975630084781048,raw-within-metric
BPIC15_4,handover,logloss_skill,equal-level,learner+split,2,0.067836091079265,raw-within-metric
BPIC15_4,handover,logloss_skill,equal-level,learner+quality_level,2,0.0189505347437745,raw-within-metric
BPIC15_4,handover,logloss_skill,equal-level,learner+rung,2,0.034727323618506514,raw-within-metric
BPIC15_4,handover,logloss_skill,equal-level,split+quality_level,2,0.08912879923340444,raw-within-metric
BPIC15_4,handover,logloss_skill,equal-level,split+rung,2,0.11633474500314016,raw-within-metric
BPIC15_4,handover,logloss_skill,equal-level,quality_level+rung,2,0.01980536277618083,raw-within-metric
BPIC15_4,handover,logloss_skill,equal-level,learner+split+quality_level,3,0.09868693902556198,raw-within-metric
BPIC15_4,handover,logloss_skill,equal-level,learner+split+rung,3,0.1248927421034643,raw-within-metric
BPIC15_4,handover,logloss_skill,equal-level,learner+quality_level+rung,3,0.018376525456292207,raw-within-metric
BPIC15_4,handover,logloss_skill,equal-level,split+quality_level+rung,3,0.07080428809751516,raw-within-metric
BPIC15_4,handover,logloss_skill,equal-level,learner+split+quality_level+rung,4,0.07015408730817366,raw-within-metric
BPIC15_4,handover,nagelkerke,equal-level,learner,1,0.021653963214319685,raw-within-metric
BPIC15_4,handover,nagelkerke,equal-level,split,1,0.05041350595361816,raw-within-metric
BPIC15_4,handover,nagelkerke,equal-level,quality_level,1,0.03132673464871265,raw-within-metric
BPIC15_4,handover,nagelkerke,equal-level,rung,1,0.03484749905737127,raw-within-metric
BPIC15_4,handover,nagelkerke,equal-level,learner+split,2,0.0527168102575319,raw-within-metric
BPIC15_4,handover,nagelkerke,equal-level,learner+quality_level,2,0.03062392184827223,raw-within-metric
BPIC15_4,handover,nagelkerke,equal-level,learner+rung,2,0.035567240184140224,raw-within-metric
BPIC15_4,handover,nagelkerke,equal-level,split+quality_level,2,0.1707005419751694,raw-within-metric
BPIC15_4,handover,nagelkerke,equal-level,split+rung,2,0.17442646506380316,raw-within-metric
BPIC15_4,handover,nagelkerke,equal-level,quality_level+rung,2,0.004559889156932817,raw-within-metric
BPIC15_4,handover,nagelkerke,equal-level,learner+split+quality_level,3,0.17248617443513745,raw-within-metric
BPIC15_4,handover,nagelkerke,equal-level,learner+split+rung,3,0.17567200202331482,raw-within-metric
BPIC15_4,handover,nagelkerke,equal-level,learner+quality_level+rung,3,0.004463559294336337,raw-within-metric
BPIC15_4,handover,nagelkerke,equal-level,split+quality_level+rung,3,0.020272138735132644,raw-within-metric
BPIC15_4,handover,nagelkerke,equal-level,learner+split+quality_level+rung,4,0.02026955415220724,raw-within-metric
BPIC15_5,duration,ap,equal-level,learner,1,0.07798402230819687,raw-within-metric
BPIC15_5,duration,ap,equal-level,split,1,0.01737140107572854,raw-within-metric
BPIC15_5,duration,ap,equal-level,quality_level,1,0.07633185849460467,raw-within-metric
BPIC15_5,duration,ap,equal-level,rung,1,0.07889077553802569,raw-within-metric
BPIC15_5,duration,ap,equal-level,learner+split,2,0.060667916699029115,raw-within-metric
BPIC15_5,duration,ap,equal-level,learner+quality_level,2,0.04025941648052922,raw-within-metric
BPIC15_5,duration,ap,equal-level,learner+rung,2,0.014820119099750154,raw-within-metric
BPIC15_5,duration,ap,equal-level,split+quality_level,2,0.08360074216381544,raw-within-metric
BPIC15_5,duration,ap,equal-level,split+rung,2,0.16768022552697487,raw-within-metric
BPIC15_5,duration,ap,equal-level,quality_level+rung,2,0.025037600267251135,raw-within-metric
BPIC15_5,duration,ap,equal-level,learner+split+quality_level,3,0.057208090075108714,raw-within-metric
BPIC15_5,duration,ap,equal-level,learner+split+rung,3,0.16153750784308601,raw-within-metric
BPIC15_5,duration,ap,equal-level,learner+quality_level+rung,3,0.012061952214169558,raw-within-metric
BPIC15_5,duration,ap,equal-level,split+quality_level+rung,3,0.08893370792054583,raw-within-metric
BPIC15_5,duration,ap,equal-level,learner+split+quality_level+rung,4,0.037614664293184115,raw-within-metric
BPIC15_5,duration,auc,equal-level,learner,1,0.057259595093687395,raw-within-metric
BPIC15_5,duration,auc,equal-level,split,1,0.13033117401677968,raw-within-metric
BPIC15_5,duration,auc,equal-level,quality_level,1,0.02610422519596576,raw-within-metric
BPIC15_5,duration,auc,equal-level,rung,1,0.02846764171342136,raw-within-metric
BPIC15_5,duration,auc,equal-level,learner+split,2,0.00678415985214791,raw-within-metric
BPIC15_5,duration,auc,equal-level,learner+quality_level,2,0.01803266267763079,raw-within-metric
BPIC15_5,duration,auc,equal-level,learner+rung,2,0.02636157470051776,raw-within-metric
BPIC15_5,duration,auc,equal-level,split+quality_level,2,0.08091661058211384,raw-within-metric
BPIC15_5,duration,auc,equal-level,split+rung,2,0.17889172863680122,raw-within-metric
BPIC15_5,duration,auc,equal-level,quality_level+rung,2,0.0018176839352932498,raw-within-metric
BPIC15_5,duration,auc,equal-level,learner+split+quality_level,3,0.04086473888624755,raw-within-metric
BPIC15_5,duration,auc,equal-level,learner+split+rung,3,0.2856811157852147,raw-within-metric
BPIC15_5,duration,auc,equal-level,learner+quality_level+rung,3,0.008305450877235804,raw-within-metric
BPIC15_5,duration,auc,equal-level,split+quality_level+rung,3,0.06387762412998874,raw-within-metric
BPIC15_5,duration,auc,equal-level,learner+split+quality_level+rung,4,0.04630401391695417,raw-within-metric
BPIC15_5,duration,brier_skill,equal-level,learner,1,0.07100384512017356,raw-within-metric
BPIC15_5,duration,brier_skill,equal-level,split,1,0.03567153611137505,raw-within-metric
BPIC15_5,duration,brier_skill,equal-level,quality_level,1,0.041553180530304615,raw-within-metric
BPIC15_5,duration,brier_skill,equal-level,rung,1,0.12357312972862715,raw-within-metric
BPIC15_5,duration,brier_skill,equal-level,learner+split,2,0.0353273016339994,raw-within-metric
BPIC15_5,duration,brier_skill,equal-level,learner+quality_level,2,0.03408782615497086,raw-within-metric
BPIC15_5,duration,brier_skill,equal-level,learner+rung,2,0.02571984661847713,raw-within-metric
BPIC15_5,duration,brier_skill,equal-level,split+quality_level,2,0.10826899786912131,raw-within-metric
BPIC15_5,duration,brier_skill,equal-level,split+rung,2,0.23623466629099146,raw-within-metric
BPIC15_5,duration,brier_skill,equal-level,quality_level+rung,2,0.001430010582538962,raw-within-metric
BPIC15_5,duration,brier_skill,equal-level,learner+split+quality_level,3,0.05188093548152927,raw-within-metric
BPIC15_5,duration,brier_skill,equal-level,learner+split+rung,3,0.14511165230203601,raw-within-metric
BPIC15_5,duration,brier_skill,equal-level,learner+quality_level+rung,3,0.003155136012275822,raw-within-metric
BPIC15_5,duration,brier_skill,equal-level,split+quality_level+rung,3,0.0510239657043801,raw-within-metric
BPIC15_5,duration,brier_skill,equal-level,learner+split+quality_level+rung,4,0.03595796985919926,raw-within-metric
BPIC15_5,duration,logloss_skill,equal-level,learner,1,0.15419927803401376,raw-within-metric
BPIC15_5,duration,logloss_skill,equal-level,split,1,0.041966595774674556,raw-within-metric
BPIC15_5,duration,logloss_skill,equal-level,quality_level,1,0.045629497974117514,raw-within-metric
BPIC15_5,duration,logloss_skill,equal-level,rung,1,0.05747275318881147,raw-within-metric
BPIC15_5,duration,logloss_skill,equal-level,learner+split,2,0.03258138358920263,raw-within-metric
BPIC15_5,duration,logloss_skill,equal-level,learner+quality_level,2,0.03678761498336039,raw-within-metric
BPIC15_5,duration,logloss_skill,equal-level,learner+rung,2,0.010602549480008947,raw-within-metric
BPIC15_5,duration,logloss_skill,equal-level,split+quality_level,2,0.09845047370804404,raw-within-metric
BPIC15_5,duration,logloss_skill,equal-level,split+rung,2,0.20707528767158323,raw-within-metric
BPIC15_5,duration,logloss_skill,equal-level,quality_level+rung,2,0.004433715820056531,raw-within-metric
BPIC15_5,duration,logloss_skill,equal-level,learner+split+quality_level,3,0.058558509799094834,raw-within-metric
BPIC15_5,duration,logloss_skill,equal-level,learner+split+rung,3,0.13661739349202917,raw-within-metric
BPIC15_5,duration,logloss_skill,equal-level,learner+quality_level+rung,3,0.007492615260152907,raw-within-metric
BPIC15_5,duration,logloss_skill,equal-level,split+quality_level+rung,3,0.06588885414543903,raw-within-metric
BPIC15_5,duration,logloss_skill,equal-level,learner+split+quality_level+rung,4,0.04224347707941102,raw-within-metric
BPIC15_5,duration,nagelkerke,equal-level,learner,1,0.09982319718332938,raw-within-metric
BPIC15_5,duration,nagelkerke,equal-level,split,1,0.030103485952630123,raw-within-metric
BPIC15_5,duration,nagelkerke,equal-level,quality_level,1,0.014020755496696439,raw-within-metric
BPIC15_5,duration,nagelkerke,equal-level,rung,1,0.047985117016128356,raw-within-metric
BPIC15_5,duration,nagelkerke,equal-level,learner+split,2,0.07369994365626042,raw-within-metric
BPIC15_5,duration,nagelkerke,equal-level,learner+quality_level,2,0.013647766421939682,raw-within-metric
BPIC15_5,duration,nagelkerke,equal-level,learner+rung,2,0.02646601302356645,raw-within-metric
BPIC15_5,duration,nagelkerke,equal-level,split+quality_level,2,0.052720273739829,raw-within-metric
BPIC15_5,duration,nagelkerke,equal-level,split+rung,2,0.2807670461741689,raw-within-metric
BPIC15_5,duration,nagelkerke,equal-level,quality_level+rung,2,0.007112641476171619,raw-within-metric
BPIC15_5,duration,nagelkerke,equal-level,learner+split+quality_level,3,0.04493098098879164,raw-within-metric
BPIC15_5,duration,nagelkerke,equal-level,learner+split+rung,3,0.2010133336637274,raw-within-metric
BPIC15_5,duration,nagelkerke,equal-level,learner+quality_level+rung,3,0.010498675238692785,raw-within-metric
BPIC15_5,duration,nagelkerke,equal-level,split+quality_level+rung,3,0.05302282322135905,raw-within-metric
BPIC15_5,duration,nagelkerke,equal-level,learner+split+quality_level+rung,4,0.04418794674670871,raw-within-metric
BPIC17,duration,ap,equal-level,learner,1,0.029708898094546576,raw-within-metric
BPIC17,duration,ap,equal-level,split,1,0.2142628089438735,raw-within-metric
BPIC17,duration,ap,equal-level,quality_level,1,0.28026981646526733,raw-within-metric
BPIC17,duration,ap,equal-level,rung,1,0.15138124216128132,raw-within-metric
BPIC17,duration,ap,equal-level,learner+split,2,0.04060056923876509,raw-within-metric
BPIC17,duration,ap,equal-level,learner+quality_level,2,0.0019221721088299234,raw-within-metric
BPIC17,duration,ap,equal-level,learner+rung,2,0.04901346540989595,raw-within-metric
BPIC17,duration,ap,equal-level,split+quality_level,2,0.047779058721592604,raw-within-metric
BPIC17,duration,ap,equal-level,split+rung,2,0.033277775474031816,raw-within-metric
BPIC17,duration,ap,equal-level,quality_level+rung,2,0.0370359913823721,raw-within-metric
BPIC17,duration,ap,equal-level,learner+split+quality_level,3,0.026903161146279615,raw-within-metric
BPIC17,duration,ap,equal-level,learner+split+rung,3,0.011151276042303798,raw-within-metric
BPIC17,duration,ap,equal-level,learner+quality_level+rung,3,0.013538168476275585,raw-within-metric
BPIC17,duration,ap,equal-level,split+quality_level+rung,3,0.02495295022918345,raw-within-metric
BPIC17,duration,ap,equal-level,learner+split+quality_level+rung,4,0.03820264610550125,raw-within-metric
BPIC17,duration,auc,equal-level,learner,1,0.012796886699337495,raw-within-metric
BPIC17,duration,auc,equal-level,split,1,0.191098857080192,raw-within-metric
BPIC17,duration,auc,equal-level,quality_level,1,0.08043293473906217,raw-within-metric
BPIC17,duration,auc,equal-level,rung,1,0.3854616897074811,raw-within-metric
BPIC17,duration,auc,equal-level,learner+split,2,0.041643034707453494,raw-within-metric
BPIC17,duration,auc,equal-level,learner+quality_level,2,0.0001315180213771352,raw-within-metric
BPIC17,duration,auc,equal-level,learner+rung,2,0.049868937085798475,raw-within-metric
BPIC17,duration,auc,equal-level,split+quality_level,2,0.028879260076029863,raw-within-metric
BPIC17,duration,auc,equal-level,split+rung,2,0.08072475573632337,raw-within-metric
BPIC17,duration,auc,equal-level,quality_level+rung,2,0.048921319535179635,raw-within-metric
BPIC17,duration,auc,equal-level,learner+split+quality_level,3,0.011410870260554764,raw-within-metric
BPIC17,duration,auc,equal-level,learner+split+rung,3,0.02373005575878054,raw-within-metric
BPIC17,duration,auc,equal-level,learner+quality_level+rung,3,0.0034351207601243253,raw-within-metric
BPIC17,duration,auc,equal-level,split+quality_level+rung,3,0.016795126860093344,raw-within-metric
BPIC17,duration,auc,equal-level,learner+split+quality_level+rung,4,0.024669632972212266,raw-within-metric
BPIC17,duration,brier_skill,equal-level,learner,1,4.8059452941959765e-05,raw-within-metric
BPIC17,duration,brier_skill,equal-level,split,1,0.3496403758222327,raw-within-metric
BPIC17,duration,brier_skill,equal-level,quality_level,1,0.05905467222940116,raw-within-metric
BPIC17,duration,brier_skill,equal-level,rung,1,0.0013564457882358739,raw-within-metric
BPIC17,duration,brier_skill,equal-level,learner+split,2,0.07696195464501143,raw-within-metric
BPIC17,duration,brier_skill,equal-level,learner+quality_level,2,0.024841380909988754,raw-within-metric
BPIC17,duration,brier_skill,equal-level,learner+rung,2,0.04029306958367859,raw-within-metric
BPIC17,duration,brier_skill,equal-level,split+quality_level,2,0.10690934555235698,raw-within-metric
BPIC17,duration,brier_skill,equal-level,split+rung,2,0.1114876994020029,raw-within-metric
BPIC17,duration,brier_skill,equal-level,quality_level+rung,2,0.012421621944591376,raw-within-metric
BPIC17,duration,brier_skill,equal-level,learner+split+quality_level,3,0.06408234934748204,raw-within-metric
BPIC17,duration,brier_skill,equal-level,learner+split+rung,3,0.04886384738644404,raw-within-metric
BPIC17,duration,brier_skill,equal-level,learner+quality_level+rung,3,0.013804319106849927,raw-within-metric
BPIC17,duration,brier_skill,equal-level,split+quality_level+rung,3,0.04082004040921372,raw-within-metric
BPIC17,duration,brier_skill,equal-level,learner+split+quality_level+rung,4,0.04941481841956848,raw-within-metric
BPIC17,duration,logloss_skill,equal-level,learner,1,0.00033817043382408744,raw-within-metric
BPIC17,duration,logloss_skill,equal-level,split,1,0.3461847673177833,raw-within-metric
BPIC17,duration,logloss_skill,equal-level,quality_level,1,0.06156679576893666,raw-within-metric
BPIC17,duration,logloss_skill,equal-level,rung,1,0.000499173688586517,raw-within-metric
BPIC17,duration,logloss_skill,equal-level,learner+split,2,0.07988499511808211,raw-within-metric
BPIC17,duration,logloss_skill,equal-level,learner+quality_level,2,0.031643455784317556,raw-within-metric
BPIC17,duration,logloss_skill,equal-level,learner+rung,2,0.04038256221259136,raw-within-metric
BPIC17,duration,logloss_skill,equal-level,split+quality_level,2,0.10668387466424367,raw-within-metric
BPIC17,duration,logloss_skill,equal-level,split+rung,2,0.10579091253146604,raw-within-metric
BPIC17,duration,logloss_skill,equal-level,quality_level+rung,2,0.011994994380289883,raw-within-metric
BPIC17,duration,logloss_skill,equal-level,learner+split+quality_level,3,0.0649524308016486,raw-within-metric
BPIC17,duration,logloss_skill,equal-level,learner+split+rung,3,0.04560800349571565,raw-within-metric
BPIC17,duration,logloss_skill,equal-level,learner+quality_level+rung,3,0.013004643961037857,raw-within-metric
BPIC17,duration,logloss_skill,equal-level,split+quality_level+rung,3,0.04242355714345679,raw-within-metric
BPIC17,duration,logloss_skill,equal-level,learner+split+quality_level+rung,4,0.049041662698019926,raw-within-metric
BPIC17,duration,nagelkerke,equal-level,learner,1,0.0003233518458845082,raw-within-metric
BPIC17,duration,nagelkerke,equal-level,split,1,0.3463960498336197,raw-within-metric
BPIC17,duration,nagelkerke,equal-level,quality_level,1,0.06114329515225771,raw-within-metric
BPIC17,duration,nagelkerke,equal-level,rung,1,0.0004496749280892629,raw-within-metric
BPIC17,duration,nagelkerke,equal-level,learner+split,2,0.07968780414654739,raw-within-metric
BPIC17,duration,nagelkerke,equal-level,learner+quality_level,2,0.03130833519347025,raw-within-metric
BPIC17,duration,nagelkerke,equal-level,learner+rung,2,0.04060825372335933,raw-within-metric
BPIC17,duration,nagelkerke,equal-level,split+quality_level,2,0.10651243034083652,raw-within-metric
BPIC17,duration,nagelkerke,equal-level,split+rung,2,0.10602325799585796,raw-within-metric
BPIC17,duration,nagelkerke,equal-level,quality_level+rung,2,0.012195243497401574,raw-within-metric
BPIC17,duration,nagelkerke,equal-level,learner+split+quality_level,3,0.06477376924343643,raw-within-metric
BPIC17,duration,nagelkerke,equal-level,learner+split+rung,3,0.04584475225800208,raw-within-metric
BPIC17,duration,nagelkerke,equal-level,learner+quality_level+rung,3,0.012933634929405228,raw-within-metric
BPIC17,duration,nagelkerke,equal-level,split+quality_level+rung,3,0.04254057486352592,raw-within-metric
BPIC17,duration,nagelkerke,equal-level,learner+split+quality_level+rung,4,0.04925957204830619,raw-within-metric
BPIC19,duration,ap,equal-level,learner,1,0.0927609158969267,raw-within-metric
BPIC19,duration,ap,equal-level,split,1,0.3138676885816651,raw-within-metric
BPIC19,duration,ap,equal-level,quality_level,1,0.04104808753489382,raw-within-metric
BPIC19,duration,ap,equal-level,rung,1,0.20218646613335534,raw-within-metric
BPIC19,duration,ap,equal-level,learner+split,2,0.05177950597434994,raw-within-metric
BPIC19,duration,ap,equal-level,learner+quality_level,2,0.012494786099428858,raw-within-metric
BPIC19,duration,ap,equal-level,learner+rung,2,0.02900161945197499,raw-within-metric
BPIC19,duration,ap,equal-level,split+quality_level,2,0.01831095027554404,raw-within-metric
BPIC19,duration,ap,equal-level,split+rung,2,0.1657789259315715,raw-within-metric
BPIC19,duration,ap,equal-level,quality_level+rung,2,0.01784894689000945,raw-within-metric
BPIC19,duration,ap,equal-level,learner+split+quality_level,3,0.008727152169499717,raw-within-metric
BPIC19,duration,ap,equal-level,learner+split+rung,3,0.024650590597815287,raw-within-metric
BPIC19,duration,ap,equal-level,learner+quality_level+rung,3,0.003204391846131526,raw-within-metric
BPIC19,duration,ap,equal-level,split+quality_level+rung,3,0.014720859623027405,raw-within-metric
BPIC19,duration,ap,equal-level,learner+split+quality_level+rung,4,0.0036191129938063396,raw-within-metric
BPIC19,duration,auc,equal-level,learner,1,0.06612527392818018,raw-within-metric
BPIC19,duration,auc,equal-level,split,1,0.17671770954843863,raw-within-metric
BPIC19,duration,auc,equal-level,quality_level,1,0.010523793027285988,raw-within-metric
BPIC19,duration,auc,equal-level,rung,1,0.1374311093121073,raw-within-metric
BPIC19,duration,auc,equal-level,learner+split,2,0.05455862520990379,raw-within-metric
BPIC19,duration,auc,equal-level,learner+quality_level,2,0.015621133769354876,raw-within-metric
BPIC19,duration,auc,equal-level,learner+rung,2,0.017885528649648732,raw-within-metric
BPIC19,duration,auc,equal-level,split+quality_level,2,0.10675615595523605,raw-within-metric
BPIC19,duration,auc,equal-level,split+rung,2,0.1724091115255943,raw-within-metric
BPIC19,duration,auc,equal-level,quality_level+rung,2,0.004538114653588492,raw-within-metric
BPIC19,duration,auc,equal-level,learner+split+quality_level,3,0.019298214800415957,raw-within-metric
BPIC19,duration,auc,equal-level,learner+split+rung,3,0.07389354167575116,raw-within-metric
BPIC19,duration,auc,equal-level,learner+quality_level+rung,3,0.007956027917816494,raw-within-metric
BPIC19,duration,auc,equal-level,split+quality_level+rung,3,0.11760076433979398,raw-within-metric
BPIC19,duration,auc,equal-level,learner+split+quality_level+rung,4,0.018684895686884005,raw-within-metric
BPIC19,duration,brier_skill,equal-level,learner,1,0.002164637233621487,raw-within-metric
BPIC19,duration,brier_skill,equal-level,split,1,0.4984610415652703,raw-within-metric
BPIC19,duration,brier_skill,equal-level,quality_level,1,0.007264629432219772,raw-within-metric
BPIC19,duration,brier_skill,equal-level,rung,1,0.0021425781244054235,raw-within-metric
BPIC19,duration,brier_skill,equal-level,learner+split,2,0.17335245580860825,raw-within-metric
BPIC19,duration,brier_skill,equal-level,learner+quality_level,2,0.003908479626579286,raw-within-metric
BPIC19,duration,brier_skill,equal-level,learner+rung,2,0.0029527164877599667,raw-within-metric
BPIC19,duration,brier_skill,equal-level,split+quality_level,2,0.04305616441604447,raw-within-metric
BPIC19,duration,brier_skill,equal-level,split+rung,2,0.12744699706245624,raw-within-metric
BPIC19,duration,brier_skill,equal-level,quality_level+rung,2,0.0025275801829121977,raw-within-metric
BPIC19,duration,brier_skill,equal-level,learner+split+quality_level,3,0.04366731492021911,raw-within-metric
BPIC19,duration,brier_skill,equal-level,learner+split+rung,3,0.07099643720900214,raw-within-metric
BPIC19,duration,brier_skill,equal-level,learner+quality_level+rung,3,0.0018142409290769828,raw-within-metric
BPIC19,duration,brier_skill,equal-level,split+quality_level+rung,3,0.008481960069481157,raw-within-metric
BPIC19,duration,brier_skill,equal-level,learner+split+quality_level+rung,4,0.011762766932343197,raw-within-metric
BPIC19,duration,logloss_skill,equal-level,learner,1,0.005448020149215872,raw-within-metric
BPIC19,duration,logloss_skill,equal-level,split,1,0.5520032096262139,raw-within-metric
BPIC19,duration,logloss_skill,equal-level,quality_level,1,0.009932707186344205,raw-within-metric
BPIC19,duration,logloss_skill,equal-level,rung,1,0.0010825004990363464,raw-within-metric
BPIC19,duration,logloss_skill,equal-level,learner+split,2,0.18065332269446174,raw-within-metric
BPIC19,duration,logloss_skill,equal-level,learner+quality_level,2,0.004967713989768938,raw-within-metric
BPIC19,duration,logloss_skill,equal-level,learner+rung,2,0.006107784318215889,raw-within-metric
BPIC19,duration,logloss_skill,equal-level,split+quality_level,2,0.04088892363430877,raw-within-metric
BPIC19,duration,logloss_skill,equal-level,split+rung,2,0.07187657411348362,raw-within-metric
BPIC19,duration,logloss_skill,equal-level,quality_level+rung,2,0.003196637770219189,raw-within-metric
BPIC19,duration,logloss_skill,equal-level,learner+split+quality_level,3,0.03972905118946675,raw-within-metric
BPIC19,duration,logloss_skill,equal-level,learner+split+rung,3,0.05945417060895549,raw-within-metric
BPIC19,duration,logloss_skill,equal-level,learner+quality_level+rung,3,0.004512792004823463,raw-within-metric
BPIC19,duration,logloss_skill,equal-level,split+quality_level+rung,3,0.006926613820285578,raw-within-metric
BPIC19,duration,logloss_skill,equal-level,learner+split+quality_level+rung,4,0.013219978395200165,raw-within-metric
BPIC19,duration,nagelkerke,equal-level,learner,1,0.014490528927113711,raw-within-metric
BPIC19,duration,nagelkerke,equal-level,split,1,0.49106309516070124,raw-within-metric
BPIC19,duration,nagelkerke,equal-level,quality_level,1,0.017857264457350596,raw-within-metric
BPIC19,duration,nagelkerke,equal-level,rung,1,0.0026765083347229774,raw-within-metric
BPIC19,duration,nagelkerke,equal-level,learner+split,2,0.11322075490013897,raw-within-metric
BPIC19,duration,nagelkerke,equal-level,learner+quality_level,2,0.010609982800136416,raw-within-metric
BPIC19,duration,nagelkerke,equal-level,learner+rung,2,0.02035927483720301,raw-within-metric
BPIC19,duration,nagelkerke,equal-level,split+quality_level,2,0.050195236881780333,raw-within-metric
BPIC19,duration,nagelkerke,equal-level,split+rung,2,0.047111092197383166,raw-within-metric
BPIC19,duration,nagelkerke,equal-level,quality_level+rung,2,0.007853668266936495,raw-within-metric
BPIC19,duration,nagelkerke,equal-level,learner+split+quality_level,3,0.04224383610470981,raw-within-metric
BPIC19,duration,nagelkerke,equal-level,learner+split+rung,3,0.08735176082200379,raw-within-metric
BPIC19,duration,nagelkerke,equal-level,learner+quality_level+rung,3,0.016793855093955933,raw-within-metric
BPIC19,duration,nagelkerke,equal-level,split+quality_level+rung,3,0.025421019180430795,raw-within-metric
BPIC19,duration,nagelkerke,equal-level,learner+split+quality_level+rung,4,0.05275212203543269,raw-within-metric
Helpdesk,duration,ap,equal-level,learner,1,0.08878084165869254,raw-within-metric
Helpdesk,duration,ap,equal-level,split,1,0.23628740068815035,raw-within-metric
Helpdesk,duration,ap,equal-level,quality_level,1,0.07992673579664326,raw-within-metric
Helpdesk,duration,ap,equal-level,rung,1,0.11118292724108479,raw-within-metric
Helpdesk,duration,ap,equal-level,learner+split,2,0.14430820840294273,raw-within-metric
Helpdesk,duration,ap,equal-level,learner+quality_level,2,0.016747248956370673,raw-within-metric
Helpdesk,duration,ap,equal-level,learner+rung,2,0.01685816092250805,raw-within-metric
Helpdesk,duration,ap,equal-level,split+quality_level,2,0.10031020035188715,raw-within-metric
Helpdesk,duration,ap,equal-level,split+rung,2,0.05869024909219204,raw-within-metric
Helpdesk,duration,ap,equal-level,quality_level+rung,2,0.004539649881002206,raw-within-metric
Helpdesk,duration,ap,equal-level,learner+split+quality_level,3,0.0510292693428599,raw-within-metric
Helpdesk,duration,ap,equal-level,learner+split+rung,3,0.025306917211488176,raw-within-metric
Helpdesk,duration,ap,equal-level,learner+quality_level+rung,3,0.005082352722706166,raw-within-metric
Helpdesk,duration,ap,equal-level,split+quality_level+rung,3,0.03505040631905573,raw-within-metric
Helpdesk,duration,ap,equal-level,learner+split+quality_level+rung,4,0.025899431412416234,raw-within-metric
Helpdesk,duration,auc,equal-level,learner,1,0.038715042569845086,raw-within-metric
Helpdesk,duration,auc,equal-level,split,1,0.4694228388748397,raw-within-metric
Helpdesk,duration,auc,equal-level,quality_level,1,0.05709518318530522,raw-within-metric
Helpdesk,duration,auc,equal-level,rung,1,0.0009412687321042094,raw-within-metric
Helpdesk,duration,auc,equal-level,learner+split,2,0.14550791947030123,raw-within-metric
Helpdesk,duration,auc,equal-level,learner+quality_level,2,0.007971223172791642,raw-within-metric
Helpdesk,duration,auc,equal-level,learner+rung,2,0.014254507969342058,raw-within-metric
Helpdesk,duration,auc,equal-level,split+quality_level,2,0.03728310043134709,raw-within-metric
Helpdesk,duration,auc,equal-level,split+rung,2,0.06919966117412386,raw-within-metric
Helpdesk,duration,auc,equal-level,quality_level+rung,2,0.002539645359102698,raw-within-metric
Helpdesk,duration,auc,equal-level,learner+split+quality_level,3,0.07366453125449884,raw-within-metric
Helpdesk,duration,auc,equal-level,learner+split+rung,3,0.03426345185914696,raw-within-metric
Helpdesk,duration,auc,equal-level,learner+quality_level+rung,3,0.0026026773541951353,raw-within-metric
Helpdesk,duration,auc,equal-level,split+quality_level+rung,3,0.022461196746237318,raw-within-metric
Helpdesk,duration,auc,equal-level,learner+split+quality_level+rung,4,0.02407775184681894,raw-within-metric
Helpdesk,duration,brier_skill,equal-level,learner,1,0.26248891651694517,raw-within-metric
Helpdesk,duration,brier_skill,equal-level,split,1,0.19162818887425928,raw-within-metric
Helpdesk,duration,brier_skill,equal-level,quality_level,1,0.18269572144293114,raw-within-metric
Helpdesk,duration,brier_skill,equal-level,rung,1,0.024098239281319787,raw-within-metric
Helpdesk,duration,brier_skill,equal-level,learner+split,2,0.08420129316118512,raw-within-metric
Helpdesk,duration,brier_skill,equal-level,learner+quality_level,2,0.022606678409381076,raw-within-metric
Helpdesk,duration,brier_skill,equal-level,learner+rung,2,0.030445018950385518,raw-within-metric
Helpdesk,duration,brier_skill,equal-level,split+quality_level,2,0.043480089991133716,raw-within-metric
Helpdesk,duration,brier_skill,equal-level,split+rung,2,0.027548796207778982,raw-within-metric
Helpdesk,duration,brier_skill,equal-level,quality_level+rung,2,0.00594186027712546,raw-within-metric
Helpdesk,duration,brier_skill,equal-level,learner+split+quality_level,3,0.04711890636648355,raw-within-metric
Helpdesk,duration,brier_skill,equal-level,learner+split+rung,3,0.02972251718601666,raw-within-metric
Helpdesk,duration,brier_skill,equal-level,learner+quality_level+rung,3,0.00487510677763579,raw-within-metric
Helpdesk,duration,brier_skill,equal-level,split+quality_level+rung,3,0.021852575976358358,raw-within-metric
Helpdesk,duration,brier_skill,equal-level,learner+split+quality_level+rung,4,0.021296090581060436,raw-within-metric
Helpdesk,duration,logloss_skill,equal-level,learner,1,0.35239029375120584,raw-within-metric
Helpdesk,duration,logloss_skill,equal-level,split,1,0.20307989605077165,raw-within-metric
Helpdesk,duration,logloss_skill,equal-level,quality_level,1,0.09899357146432548,raw-within-metric
Helpdesk,duration,logloss_skill,equal-level,rung,1,0.007932232304936792,raw-within-metric
Helpdesk,duration,logloss_skill,equal-level,learner+split,2,0.1066376266477898,raw-within-metric
Helpdesk,duration,logloss_skill,equal-level,learner+quality_level,2,0.009519287095241294,raw-within-metric
Helpdesk,duration,logloss_skill,equal-level,learner+rung,2,0.010715656349982436,raw-within-metric
Helpdesk,duration,logloss_skill,equal-level,split+quality_level,2,0.041666553385181465,raw-within-metric
Helpdesk,duration,logloss_skill,equal-level,split+rung,2,0.04208422325904731,raw-within-metric
Helpdesk,duration,logloss_skill,equal-level,quality_level+rung,2,0.003786160995466974,raw-within-metric
Helpdesk,duration,logloss_skill,equal-level,learner+split+quality_level,3,0.048885803637558005,raw-within-metric
Helpdesk,duration,logloss_skill,equal-level,learner+split+rung,3,0.045885575585666596,raw-within-metric
Helpdesk,duration,logloss_skill,equal-level,learner+quality_level+rung,3,0.003252803604455861,raw-within-metric
Helpdesk,duration,logloss_skill,equal-level,split+quality_level+rung,3,0.0126765700403413,raw-within-metric
Helpdesk,duration,logloss_skill,equal-level,learner+split+quality_level+rung,4,0.012493745828029217,raw-within-metric
Helpdesk,duration,nagelkerke,equal-level,learner,1,0.3521781952832609,raw-within-metric
Helpdesk,duration,nagelkerke,equal-level,split,1,0.22223684178066402,raw-within-metric
Helpdesk,duration,nagelkerke,equal-level,quality_level,1,0.08583672997485452,raw-within-metric
Helpdesk,duration,nagelkerke,equal-level,rung,1,0.0037280719595613803,raw-within-metric
Helpdesk,duration,nagelkerke,equal-level,learner+split,2,0.10087331310124191,raw-within-metric
Helpdesk,duration,nagelkerke,equal-level,learner+quality_level,2,0.009050926544262152,raw-within-metric
Helpdesk,duration,nagelkerke,equal-level,learner+rung,2,0.005497577528473657,raw-within-metric
Helpdesk,duration,nagelkerke,equal-level,split+quality_level,2,0.04398418061210853,raw-within-metric
Helpdesk,duration,nagelkerke,equal-level,split+rung,2,0.04044142577859248,raw-within-metric
Helpdesk,duration,nagelkerke,equal-level,quality_level+rung,2,0.00388912067503907,raw-within-metric
Helpdesk,duration,nagelkerke,equal-level,learner+split+quality_level,3,0.055897115093155376,raw-within-metric
Helpdesk,duration,nagelkerke,equal-level,learner+split+rung,3,0.04334152815938496,raw-within-metric
Helpdesk,duration,nagelkerke,equal-level,learner+quality_level+rung,3,0.0034972316743815683,raw-within-metric
Helpdesk,duration,nagelkerke,equal-level,split+quality_level+rung,3,0.014949479608239757,raw-within-metric
Helpdesk,duration,nagelkerke,equal-level,learner+split+quality_level+rung,4,0.014598262226779757,raw-within-metric
RoadFines,duration,ap,equal-level,learner,1,0.006282147998754831,raw-within-metric
RoadFines,duration,ap,equal-level,split,1,0.0719580523152719,raw-within-metric
RoadFines,duration,ap,equal-level,quality_level,1,0.3400506654168022,raw-within-metric
RoadFines,duration,ap,equal-level,rung,1,0.1394929387714658,raw-within-metric
RoadFines,duration,ap,equal-level,learner+split,2,0.02528364313728865,raw-within-metric
RoadFines,duration,ap,equal-level,learner+quality_level,2,0.0176718069885892,raw-within-metric
RoadFines,duration,ap,equal-level,learner+rung,2,0.014234315188836685,raw-within-metric
RoadFines,duration,ap,equal-level,split+quality_level,2,0.1472492603212996,raw-within-metric
RoadFines,duration,ap,equal-level,split+rung,2,0.0568523392810199,raw-within-metric
RoadFines,duration,ap,equal-level,quality_level+rung,2,0.03930085096341537,raw-within-metric
RoadFines,duration,ap,equal-level,learner+split+quality_level,3,0.04402630019221612,raw-within-metric
RoadFines,duration,ap,equal-level,learner+split+rung,3,0.040929465260977876,raw-within-metric
RoadFines,duration,ap,equal-level,learner+quality_level+rung,3,0.0026088836735804846,raw-within-metric
RoadFines,duration,ap,equal-level,split+quality_level+rung,3,0.033934196564959926,raw-within-metric
RoadFines,duration,ap,equal-level,learner+split+quality_level+rung,4,0.02012513392552156,raw-within-metric
RoadFines,duration,auc,equal-level,learner,1,0.0051384611546520945,raw-within-metric
RoadFines,duration,auc,equal-level,split,1,0.11136401252321808,raw-within-metric
RoadFines,duration,auc,equal-level,quality_level,1,0.10426013132588499,raw-within-metric
RoadFines,duration,auc,equal-level,rung,1,0.2855723745488006,raw-within-metric
RoadFines,duration,auc,equal-level,learner+split,2,0.06351158580461895,raw-within-metric
RoadFines,duration,auc,equal-level,learner+quality_level,2,0.028971810589667555,raw-within-metric
RoadFines,duration,auc,equal-level,learner+rung,2,0.0032461681107330163,raw-within-metric
RoadFines,duration,auc,equal-level,split+quality_level,2,0.1437527150123434,raw-within-metric
RoadFines,duration,auc,equal-level,split+rung,2,0.07315161536268613,raw-within-metric
RoadFines,duration,auc,equal-level,quality_level+rung,2,0.013421697458559664,raw-within-metric
RoadFines,duration,auc,equal-level,learner+split+quality_level,3,0.05968150897784626,raw-within-metric
RoadFines,duration,auc,equal-level,learner+split+rung,3,0.04140104679078107,raw-within-metric
RoadFines,duration,auc,equal-level,learner+quality_level+rung,3,0.0062278632916491486,raw-within-metric
RoadFines,duration,auc,equal-level,split+quality_level+rung,3,0.0371708647255892,raw-within-metric
RoadFines,duration,auc,equal-level,learner+split+quality_level+rung,4,0.023128144322969797,raw-within-metric
RoadFines,duration,brier_skill,equal-level,learner,1,0.008701084986253506,raw-within-metric
RoadFines,duration,brier_skill,equal-level,split,1,0.2419437056323942,raw-within-metric
RoadFines,duration,brier_skill,equal-level,quality_level,1,0.27082907122638117,raw-within-metric
RoadFines,duration,brier_skill,equal-level,rung,1,0.03197697729628952,raw-within-metric
RoadFines,duration,brier_skill,equal-level,learner+split,2,0.016539818537224634,raw-within-metric
RoadFines,duration,brier_skill,equal-level,learner+quality_level,2,0.009122920952095097,raw-within-metric
RoadFines,duration,brier_skill,equal-level,learner+rung,2,0.009962724584272305,raw-within-metric
RoadFines,duration,brier_skill,equal-level,split+quality_level,2,0.10742735980653517,raw-within-metric
RoadFines,duration,brier_skill,equal-level,split+rung,2,0.18451630835246005,raw-within-metric
RoadFines,duration,brier_skill,equal-level,quality_level+rung,2,0.008856533553371859,raw-within-metric
RoadFines,duration,brier_skill,equal-level,learner+split+quality_level,3,0.01785240351669462,raw-within-metric
RoadFines,duration,brier_skill,equal-level,learner+split+rung,3,0.07286358079509501,raw-within-metric
RoadFines,duration,brier_skill,equal-level,learner+quality_level+rung,3,0.0026724147623147553,raw-within-metric
RoadFines,duration,brier_skill,equal-level,split+quality_level+rung,3,0.008723493734899845,raw-within-metric
RoadFines,duration,brier_skill,equal-level,learner+split+quality_level+rung,4,0.008011602263718234,raw-within-metric
RoadFines,duration,logloss_skill,equal-level,learner,1,0.047485082247360706,raw-within-metric
RoadFines,duration,logloss_skill,equal-level,split,1,0.19219125798946207,raw-within-metric
RoadFines,duration,logloss_skill,equal-level,quality_level,1,0.2938186394277943,raw-within-metric
RoadFines,duration,logloss_skill,equal-level,rung,1,0.01745465264377104,raw-within-metric
RoadFines,duration,logloss_skill,equal-level,learner+split,2,0.02524461922531831,raw-within-metric
RoadFines,duration,logloss_skill,equal-level,learner+quality_level,2,0.00759501805050031,raw-within-metric
RoadFines,duration,logloss_skill,equal-level,learner+rung,2,0.005407716620590413,raw-within-metric
RoadFines,duration,logloss_skill,equal-level,split+quality_level,2,0.11884537208350235,raw-within-metric
RoadFines,duration,logloss_skill,equal-level,split+rung,2,0.17309100946320294,raw-within-metric
RoadFines,duration,logloss_skill,equal-level,quality_level+rung,2,0.007307344734802887,raw-within-metric
RoadFines,duration,logloss_skill,equal-level,learner+split+quality_level,3,0.010170722023380685,raw-within-metric
RoadFines,duration,logloss_skill,equal-level,learner+split+rung,3,0.07756500718116532,raw-within-metric
RoadFines,duration,logloss_skill,equal-level,learner+quality_level+rung,3,0.004390083219588878,raw-within-metric
RoadFines,duration,logloss_skill,equal-level,split+quality_level+rung,3,0.01049158192770671,raw-within-metric
RoadFines,duration,logloss_skill,equal-level,learner+split+quality_level+rung,4,0.008941893161853126,raw-within-metric
RoadFines,duration,nagelkerke,equal-level,learner,1,0.0468861925579941,raw-within-metric
RoadFines,duration,nagelkerke,equal-level,split,1,0.19403937603241656,raw-within-metric
RoadFines,duration,nagelkerke,equal-level,quality_level,1,0.28905045444736505,raw-within-metric
RoadFines,duration,nagelkerke,equal-level,rung,1,0.01719028478077791,raw-within-metric
RoadFines,duration,nagelkerke,equal-level,learner+split,2,0.02526479196006884,raw-within-metric
RoadFines,duration,nagelkerke,equal-level,learner+quality_level,2,0.007895421046929892,raw-within-metric
RoadFines,duration,nagelkerke,equal-level,learner+rung,2,0.005594475555113392,raw-within-metric
RoadFines,duration,nagelkerke,equal-level,split+quality_level,2,0.11973566921665778,raw-within-metric
RoadFines,duration,nagelkerke,equal-level,split+rung,2,0.1733938911395677,raw-within-metric
RoadFines,duration,nagelkerke,equal-level,quality_level+rung,2,0.00751616920507631,raw-within-metric
RoadFines,duration,nagelkerke,equal-level,learner+split+quality_level,3,0.010457229362626658,raw-within-metric
RoadFines,duration,nagelkerke,equal-level,learner+split+rung,3,0.07838423120512626,raw-within-metric
RoadFines,duration,nagelkerke,equal-level,learner+quality_level+rung,3,0.004399733098060734,raw-within-metric
RoadFines,duration,nagelkerke,equal-level,split+quality_level+rung,3,0.011059374485992627,raw-within-metric
RoadFines,duration,nagelkerke,equal-level,learner+split+quality_level+rung,4,0.009132705906226104,raw-within-metric
Sepsis,duration,ap,equal-level,learner,1,0.035593626496223656,raw-within-metric
Sepsis,duration,ap,equal-level,split,1,0.0991363263240855,raw-within-metric
Sepsis,duration,ap,equal-level,quality_level,1,0.12661366163084595,raw-within-metric
Sepsis,duration,ap,equal-level,rung,1,0.13092095384846877,raw-within-metric
Sepsis,duration,ap,equal-level,learner+split,2,0.12348085386061858,raw-within-metric
Sepsis,duration,ap,equal-level,learner+quality_level,2,0.00923725221038374,raw-within-metric
Sepsis,duration,ap,equal-level,learner+rung,2,0.013913796203548842,raw-within-metric
Sepsis,duration,ap,equal-level,split+quality_level,2,0.07633096530592946,raw-within-metric
Sepsis,duration,ap,equal-level,split+rung,2,0.193529365737039,raw-within-metric
Sepsis,duration,ap,equal-level,quality_level+rung,2,0.007893584096890153,raw-within-metric
Sepsis,duration,ap,equal-level,learner+split+quality_level,3,0.059441609143415376,raw-within-metric
Sepsis,duration,ap,equal-level,learner+split+rung,3,0.04432613245784315,raw-within-metric
Sepsis,duration,ap,equal-level,learner+quality_level+rung,3,0.0024613753675483798,raw-within-metric
Sepsis,duration,ap,equal-level,split+quality_level+rung,3,0.03556124003088624,raw-within-metric
Sepsis,duration,ap,equal-level,learner+split+quality_level+rung,4,0.04155925728627328,raw-within-metric
Sepsis,duration,auc,equal-level,learner,1,1.64097783973245e-06,raw-within-metric
Sepsis,duration,auc,equal-level,split,1,0.24532017027653513,raw-within-metric
Sepsis,duration,auc,equal-level,quality_level,1,0.0989265396611738,raw-within-metric
Sepsis,duration,auc,equal-level,rung,1,0.1366164102332434,raw-within-metric
Sepsis,duration,auc,equal-level,learner+split,2,0.012292199917177208,raw-within-metric
Sepsis,duration,auc,equal-level,learner+quality_level,2,0.007028213545934383,raw-within-metric
Sepsis,duration,auc,equal-level,learner+rung,2,0.0006745190831499069,raw-within-metric
Sepsis,duration,auc,equal-level,split+quality_level,2,0.0408537160715986,raw-within-metric
Sepsis,duration,auc,equal-level,split+rung,2,0.23122854345948107,raw-within-metric
Sepsis,duration,auc,equal-level,quality_level+rung,2,0.0026847187690301377,raw-within-metric
Sepsis,duration,auc,equal-level,learner+split+quality_level,3,0.028522660870714697,raw-within-metric
Sepsis,duration,auc,equal-level,learner+split+rung,3,0.156928676023861,raw-within-metric
Sepsis,duration,auc,equal-level,learner+quality_level+rung,3,0.0016445565887617632,raw-within-metric
Sepsis,duration,auc,equal-level,split+quality_level+rung,3,0.01629323917577073,raw-within-metric
Sepsis,duration,auc,equal-level,learner+split+quality_level+rung,4,0.020984195345728346,raw-within-metric
Sepsis,duration,brier_skill,equal-level,learner,1,0.020513624354852805,raw-within-metric
Sepsis,duration,brier_skill,equal-level,split,1,0.1402718068343888,raw-within-metric
Sepsis,duration,brier_skill,equal-level,quality_level,1,0.17250650783080693,raw-within-metric
Sepsis,duration,brier_skill,equal-level,rung,1,0.001232060208595669,raw-within-metric
Sepsis,duration,brier_skill,equal-level,learner+split,2,0.08136194223892969,raw-within-metric
Sepsis,duration,brier_skill,equal-level,learner+quality_level,2,0.033909464093788484,raw-within-metric
Sepsis,duration,brier_skill,equal-level,learner+rung,2,0.014797726433649797,raw-within-metric
Sepsis,duration,brier_skill,equal-level,split+quality_level,2,0.08665491328578803,raw-within-metric
Sepsis,duration,brier_skill,equal-level,split+rung,2,0.1726912444979951,raw-within-metric
Sepsis,duration,brier_skill,equal-level,quality_level+rung,2,0.006215243693916946,raw-within-metric
Sepsis,duration,brier_skill,equal-level,learner+split+quality_level,3,0.06515305365879491,raw-within-metric
Sepsis,duration,brier_skill,equal-level,learner+split+rung,3,0.12047650105207938,raw-within-metric
Sepsis,duration,brier_skill,equal-level,learner+quality_level+rung,3,0.009403446151028028,raw-within-metric
Sepsis,duration,brier_skill,equal-level,split+quality_level+rung,3,0.037054952540777855,raw-within-metric
Sepsis,duration,brier_skill,equal-level,learner+split+quality_level+rung,4,0.03775751312460756,raw-within-metric
Sepsis,duration,logloss_skill,equal-level,learner,1,0.1247595310418576,raw-within-metric
Sepsis,duration,logloss_skill,equal-level,split,1,0.1274249890514642,raw-within-metric
Sepsis,duration,logloss_skill,equal-level,quality_level,1,0.1451438193612322,raw-within-metric
Sepsis,duration,logloss_skill,equal-level,rung,1,0.0018631375987511974,raw-within-metric
Sepsis,duration,logloss_skill,equal-level,learner+split,2,0.12888300036250236,raw-within-metric
Sepsis,duration,logloss_skill,equal-level,learner+quality_level,2,0.04021767274139423,raw-within-metric
Sepsis,duration,logloss_skill,equal-level,learner+rung,2,0.005470723766764735,raw-within-metric
Sepsis,duration,logloss_skill,equal-level,split+quality_level,2,0.0920606371205103,raw-within-metric
Sepsis,duration,logloss_skill,equal-level,split+rung,2,0.10658046941705217,raw-within-metric
Sepsis,duration,logloss_skill,equal-level,quality_level+rung,2,0.006381536784579401,raw-within-metric
Sepsis,duration,logloss_skill,equal-level,learner+split+quality_level,3,0.07660351222128212,raw-within-metric
Sepsis,duration,logloss_skill,equal-level,learner+split+rung,3,0.07932187332807444,raw-within-metric
Sepsis,duration,logloss_skill,equal-level,learner+quality_level+rung,3,0.006228532295432962,raw-within-metric
Sepsis,duration,logloss_skill,equal-level,split+quality_level+rung,3,0.03007849427803418,raw-within-metric
Sepsis,duration,logloss_skill,equal-level,learner+split+quality_level+rung,4,0.028982070631067978,raw-within-metric
Sepsis,duration,nagelkerke,equal-level,learner,1,0.019019161806944847,raw-within-metric
Sepsis,duration,nagelkerke,equal-level,split,1,0.13437979669380332,raw-within-metric
Sepsis,duration,nagelkerke,equal-level,quality_level,1,0.15391588492383038,raw-within-metric
Sepsis,duration,nagelkerke,equal-level,rung,1,0.007651282453928083,raw-within-metric
Sepsis,duration,nagelkerke,equal-level,learner+split,2,0.10853974802033756,raw-within-metric
Sepsis,duration,nagelkerke,equal-level,learner+quality_level,2,0.06038581162399901,raw-within-metric
Sepsis,duration,nagelkerke,equal-level,learner+rung,2,0.01868938074118541,raw-within-metric
Sepsis,duration,nagelkerke,equal-level,split+quality_level,2,0.11861692690399295,raw-within-metric
Sepsis,duration,nagelkerke,equal-level,split+rung,2,0.11523663067199633,raw-within-metric
Sepsis,duration,nagelkerke,equal-level,quality_level+rung,2,0.010550331038938736,raw-within-metric
Sepsis,duration,nagelkerke,equal-level,learner+split+quality_level,3,0.09251011621347531,raw-within-metric
Sepsis,duration,nagelkerke,equal-level,learner+split+rung,3,0.09247247581706702,raw-within-metric
Sepsis,duration,nagelkerke,equal-level,learner+quality_level+rung,3,0.010298826127106576,raw-within-metric
Sepsis,duration,nagelkerke,equal-level,split+quality_level+rung,3,0.029405809488295645,raw-within-metric
Sepsis,duration,nagelkerke,equal-level,learner+split+quality_level+rung,4,0.028327817475098875,raw-within-metric
UCI498,duration,ap,equal-level,learner,1,0.001786584722468368,raw-within-metric
UCI498,duration,ap,equal-level,split,1,0.06734758613352744,raw-within-metric
UCI498,duration,ap,equal-level,quality_level,1,0.021296154644041214,raw-within-metric
UCI498,duration,ap,equal-level,rung,1,0.6900620317634361,raw-within-metric
UCI498,duration,ap,equal-level,learner+split,2,0.020273705639143227,raw-within-metric
UCI498,duration,ap,equal-level,learner+quality_level,2,0.0007463458687876964,raw-within-metric
UCI498,duration,ap,equal-level,learner+rung,2,0.06401639708406605,raw-within-metric
UCI498,duration,ap,equal-level,split+quality_level,2,0.007671512288236919,raw-within-metric
UCI498,duration,ap,equal-level,split+rung,2,0.03817038137614883,raw-within-metric
UCI498,duration,ap,equal-level,quality_level+rung,2,0.04133160704122581,raw-within-metric
UCI498,duration,ap,equal-level,learner+split+quality_level,3,0.006061757111501502,raw-within-metric
UCI498,duration,ap,equal-level,learner+split+rung,3,0.017715580156299628,raw-within-metric
UCI498,duration,ap,equal-level,learner+quality_level+rung,3,0.005024213224899688,raw-within-metric
UCI498,duration,ap,equal-level,split+quality_level+rung,3,0.008882057782546584,raw-within-metric
UCI498,duration,ap,equal-level,learner+split+quality_level+rung,4,0.009614085163670953,raw-within-metric
UCI498,duration,auc,equal-level,learner,1,0.0029834717907524766,raw-within-metric
UCI498,duration,auc,equal-level,split,1,0.031163278192318816,raw-within-metric
UCI498,duration,auc,equal-level,quality_level,1,0.029566122157103452,raw-within-metric
UCI498,duration,auc,equal-level,rung,1,0.7703771966342023,raw-within-metric
UCI498,duration,auc,equal-level,learner+split,2,0.0028700881275447124,raw-within-metric
UCI498,duration,auc,equal-level,learner+quality_level,2,0.002257030695270489,raw-within-metric
UCI498,duration,auc,equal-level,learner+rung,2,0.004247437256845407,raw-within-metric
UCI498,duration,auc,equal-level,split+quality_level,2,0.010064664067773106,raw-within-metric
UCI498,duration,auc,equal-level,split+rung,2,0.02104845381221848,raw-within-metric
UCI498,duration,auc,equal-level,quality_level+rung,2,0.104940812767063,raw-within-metric
UCI498,duration,auc,equal-level,learner+split+quality_level,3,0.0010792071446009829,raw-within-metric
UCI498,duration,auc,equal-level,learner+split+rung,3,0.004678622038830242,raw-within-metric
UCI498,duration,auc,equal-level,learner+quality_level+rung,3,0.0013846247800459433,raw-within-metric
UCI498,duration,auc,equal-level,split+quality_level+rung,3,0.009677594245412204,raw-within-metric
UCI498,duration,auc,equal-level,learner+split+quality_level+rung,4,0.003661396290018322,raw-within-metric
UCI498,duration,brier_skill,equal-level,learner,1,0.05081515585164666,raw-within-metric
UCI498,duration,brier_skill,equal-level,split,1,0.3987637606809402,raw-within-metric
UCI498,duration,brier_skill,equal-level,quality_level,1,0.03633077929296529,raw-within-metric
UCI498,duration,brier_skill,equal-level,rung,1,0.05612785181180613,raw-within-metric
UCI498,duration,brier_skill,equal-level,learner+split,2,0.05573534135290421,raw-within-metric
UCI498,duration,brier_skill,equal-level,learner+quality_level,2,0.01887870912201229,raw-within-metric
UCI498,duration,brier_skill,equal-level,learner+rung,2,0.0025606560193640496,raw-within-metric
UCI498,duration,brier_skill,equal-level,split+quality_level,2,0.026607249980637786,raw-within-metric
UCI498,duration,brier_skill,equal-level,split+rung,2,0.2061819309328818,raw-within-metric
UCI498,duration,brier_skill,equal-level,quality_level+rung,2,0.012795957801158758,raw-within-metric
UCI498,duration,brier_skill,equal-level,learner+split+quality_level,3,0.03137344794775801,raw-within-metric
UCI498,duration,brier_skill,equal-level,learner+split+rung,3,0.016285402571214063,raw-within-metric
UCI498,duration,brier_skill,equal-level,learner+quality_level+rung,3,0.011389615017728056,raw-within-metric
UCI498,duration,brier_skill,equal-level,split+quality_level+rung,3,0.03538678166851463,raw-within-metric
UCI498,duration,brier_skill,equal-level,learner+split+quality_level+rung,4,0.04076735994846803,raw-within-metric
UCI498,duration,logloss_skill,equal-level,learner,1,0.05897727616472188,raw-within-metric
UCI498,duration,logloss_skill,equal-level,split,1,0.45123982995430534,raw-within-metric
UCI498,duration,logloss_skill,equal-level,quality_level,1,0.034864482118050134,raw-within-metric
UCI498,duration,logloss_skill,equal-level,rung,1,0.021608548474057535,raw-within-metric
UCI498,duration,logloss_skill,equal-level,learner+split,2,0.06722463949943464,raw-within-metric
UCI498,duration,logloss_skill,equal-level,learner+quality_level,2,0.012414645121706999,raw-within-metric
UCI498,duration,logloss_skill,equal-level,learner+rung,2,0.0072132542644630804,raw-within-metric
UCI498,duration,logloss_skill,equal-level,split+quality_level,2,0.02254552130984481,raw-within-metric
UCI498,duration,logloss_skill,equal-level,split+rung,2,0.1972682882500528,raw-within-metric
UCI498,duration,logloss_skill,equal-level,quality_level+rung,2,0.013230223406303615,raw-within-metric
UCI498,duration,logloss_skill,equal-level,learner+split+quality_level,3,0.02389792724354144,raw-within-metric
UCI498,duration,logloss_skill,equal-level,learner+split+rung,3,0.013325169121221737,raw-within-metric
UCI498,duration,logloss_skill,equal-level,learner+quality_level+rung,3,0.009327034165101236,raw-within-metric
UCI498,duration,logloss_skill,equal-level,split+quality_level+rung,3,0.03278901024509936,raw-within-metric
UCI498,duration,logloss_skill,equal-level,learner+split+quality_level+rung,4,0.03407415066209547,raw-within-metric
UCI498,duration,nagelkerke,equal-level,learner,1,0.048074734894117864,raw-within-metric
UCI498,duration,nagelkerke,equal-level,split,1,0.4527360960214066,raw-within-metric
UCI498,duration,nagelkerke,equal-level,quality_level,1,0.027936505840474215,raw-within-metric
UCI498,duration,nagelkerke,equal-level,rung,1,0.016536069809389375,raw-within-metric
UCI498,duration,nagelkerke,equal-level,learner+split,2,0.061566406819714994,raw-within-metric
UCI498,duration,nagelkerke,equal-level,learner+quality_level,2,0.011764141131658022,raw-within-metric
UCI498,duration,nagelkerke,equal-level,learner+rung,2,0.003772350406998493,raw-within-metric
UCI498,duration,nagelkerke,equal-level,split+quality_level,2,0.020760029311760565,raw-within-metric
UCI498,duration,nagelkerke,equal-level,split+rung,2,0.23659184130227592,raw-within-metric
UCI498,duration,nagelkerke,equal-level,quality_level+rung,2,0.011740589747054818,raw-within-metric
UCI498,duration,nagelkerke,equal-level,learner+split+quality_level,3,0.022725505986886482,raw-within-metric
UCI498,duration,nagelkerke,equal-level,learner+split+rung,3,0.009673580242218264,raw-within-metric
UCI498,duration,nagelkerke,equal-level,learner+quality_level+rung,3,0.01013194685840288,raw-within-metric
UCI498,duration,nagelkerke,equal-level,split+quality_level+rung,3,0.031991020203838434,raw-within-metric
UCI498,duration,nagelkerke,equal-level,learner+split+quality_level+rung,4,0.03399918142380313,raw-within-metric
UCI498,handover,ap,equal-level,learner,1,6.783626881970144e-05,raw-within-metric
UCI498,handover,ap,equal-level,split,1,0.057872536001719765,raw-within-metric
UCI498,handover,ap,equal-level,quality_level,1,0.010256908803303924,raw-within-metric
UCI498,handover,ap,equal-level,rung,1,0.6703253067514323,raw-within-metric
UCI498,handover,ap,equal-level,learner+split,2,0.009259766588631197,raw-within-metric
UCI498,handover,ap,equal-level,learner+quality_level,2,0.007275886472057143,raw-within-metric
UCI498,handover,ap,equal-level,learner+rung,2,0.04879322620512634,raw-within-metric
UCI498,handover,ap,equal-level,split+quality_level,2,0.013920046123726732,raw-within-metric
UCI498,handover,ap,equal-level,split+rung,2,0.08967375184538925,raw-within-metric
UCI498,handover,ap,equal-level,quality_level+rung,2,0.021758401808665558,raw-within-metric
UCI498,handover,ap,equal-level,learner+split+quality_level,3,0.0051349412130430065,raw-within-metric
UCI498,handover,ap,equal-level,learner+split+rung,3,0.018348223765236323,raw-within-metric
UCI498,handover,ap,equal-level,learner+quality_level+rung,3,0.014913530092553627,raw-within-metric
UCI498,handover,ap,equal-level,split+quality_level+rung,3,0.02469520026923367,raw-within-metric
UCI498,handover,ap,equal-level,learner+split+quality_level+rung,4,0.007704437791061491,raw-within-metric
UCI498,handover,auc,equal-level,learner,1,0.000791611514644914,raw-within-metric
UCI498,handover,auc,equal-level,split,1,0.0649212554448935,raw-within-metric
UCI498,handover,auc,equal-level,quality_level,1,0.0074442514832699135,raw-within-metric
UCI498,handover,auc,equal-level,rung,1,0.7177367321884495,raw-within-metric
UCI498,handover,auc,equal-level,learner+split,2,0.011709141420983896,raw-within-metric
UCI498,handover,auc,equal-level,learner+quality_level,2,0.002527696973982408,raw-within-metric
UCI498,handover,auc,equal-level,learner+rung,2,0.00487336938825746,raw-within-metric
UCI498,handover,auc,equal-level,split+quality_level,2,0.009963331888528697,raw-within-metric
UCI498,handover,auc,equal-level,split+rung,2,0.11037930106440667,raw-within-metric
UCI498,handover,auc,equal-level,quality_level+rung,2,0.01909005859222066,raw-within-metric
UCI498,handover,auc,equal-level,learner+split+quality_level,3,0.0028896581342954092,raw-within-metric
UCI498,handover,auc,equal-level,learner+split+rung,3,0.025068547257672883,raw-within-metric
UCI498,handover,auc,equal-level,learner+quality_level+rung,3,0.0017988062927517523,raw-within-metric
UCI498,handover,auc,equal-level,split+quality_level+rung,3,0.016617741925031723,raw-within-metric
UCI498,handover,auc,equal-level,learner+split+quality_level+rung,4,0.004188496430610801,raw-within-metric
UCI498,handover,brier_skill,equal-level,learner,1,0.10910125392599007,raw-within-metric
UCI498,handover,brier_skill,equal-level,split,1,0.14121610430057285,raw-within-metric
UCI498,handover,brier_skill,equal-level,quality_level,1,0.07292964812621917,raw-within-metric
UCI498,handover,brier_skill,equal-level,rung,1,0.28678360403471226,raw-within-metric
UCI498,handover,brier_skill,equal-level,learner+split,2,0.031009368994832708,raw-within-metric
UCI498,handover,brier_skill,equal-level,learner+quality_level,2,0.05360480974995971,raw-within-metric
UCI498,handover,brier_skill,equal-level,learner+rung,2,0.014291758297074054,raw-within-metric
UCI498,handover,brier_skill,equal-level,split+quality_level,2,0.014983539828591491,raw-within-metric
UCI498,handover,brier_skill,equal-level,split+rung,2,0.12671440344378335,raw-within-metric
UCI498,handover,brier_skill,equal-level,quality_level+rung,2,0.02422565412778403,raw-within-metric
UCI498,handover,brier_skill,equal-level,learner+split+quality_level,3,0.005627858415502335,raw-within-metric
UCI498,handover,brier_skill,equal-level,learner+split+rung,3,0.06337148639504202,raw-within-metric
UCI498,handover,brier_skill,equal-level,learner+quality_level+rung,3,0.015376483372414788,raw-within-metric
UCI498,handover,brier_skill,equal-level,split+quality_level+rung,3,0.026021797654067952,raw-within-metric
UCI498,handover,brier_skill,equal-level,learner+split+quality_level+rung,4,0.014742229333453215,raw-within-metric
UCI498,handover,logloss_skill,equal-level,learner,1,0.09968743747485723,raw-within-metric
UCI498,handover,logloss_skill,equal-level,split,1,0.13558914337347736,raw-within-metric
UCI498,handover,logloss_skill,equal-level,quality_level,1,0.08320713382501813,raw-within-metric
UCI498,handover,logloss_skill,equal-level,rung,1,0.2626213195507857,raw-within-metric
UCI498,handover,logloss_skill,equal-level,learner+split,2,0.04039695256745486,raw-within-metric
UCI498,handover,logloss_skill,equal-level,learner+quality_level,2,0.05089018705056901,raw-within-metric
UCI498,handover,logloss_skill,equal-level,learner+rung,2,0.016483865509060475,raw-within-metric
UCI498,handover,logloss_skill,equal-level,split+quality_level,2,0.013695827642074521,raw-within-metric
UCI498,handover,logloss_skill,equal-level,split+rung,2,0.1507156336447387,raw-within-metric
UCI498,handover,logloss_skill,equal-level,quality_level+rung,2,0.025500293261971962,raw-within-metric
UCI498,handover,logloss_skill,equal-level,learner+split+quality_level,3,0.0074587193744504,raw-within-metric
UCI498,handover,logloss_skill,equal-level,learner+split+rung,3,0.05177861811744199,raw-within-metric
UCI498,handover,logloss_skill,equal-level,learner+quality_level+rung,3,0.01713156289213585,raw-within-metric
UCI498,handover,logloss_skill,equal-level,split+quality_level+rung,3,0.026667868258877157,raw-within-metric
UCI498,handover,logloss_skill,equal-level,learner+split+quality_level+rung,4,0.01817543745708656,raw-within-metric
UCI498,handover,nagelkerke,equal-level,learner,1,0.0785544454780079,raw-within-metric
UCI498,handover,nagelkerke,equal-level,split,1,0.1386014528648658,raw-within-metric
UCI498,handover,nagelkerke,equal-level,quality_level,1,0.07088263163171747,raw-within-metric
UCI498,handover,nagelkerke,equal-level,rung,1,0.2388156713120382,raw-within-metric
UCI498,handover,nagelkerke,equal-level,learner+split,2,0.03401912623154217,raw-within-metric
UCI498,handover,nagelkerke,equal-level,learner+quality_level,2,0.043677791705050026,raw-within-metric
UCI498,handover,nagelkerke,equal-level,learner+rung,2,0.02585757479295282,raw-within-metric
UCI498,handover,nagelkerke,equal-level,split+quality_level,2,0.0154169638161572,raw-within-metric
UCI498,handover,nagelkerke,equal-level,split+rung,2,0.18488282673315906,raw-within-metric
UCI498,handover,nagelkerke,equal-level,quality_level+rung,2,0.03697051223832692,raw-within-metric
UCI498,handover,nagelkerke,equal-level,learner+split+quality_level,3,0.007259354318785318,raw-within-metric
UCI498,handover,nagelkerke,equal-level,learner+split+rung,3,0.05332834344943828,raw-within-metric
UCI498,handover,nagelkerke,equal-level,learner+quality_level+rung,3,0.02358013820865862,raw-within-metric
UCI498,handover,nagelkerke,equal-level,split+quality_level+rung,3,0.02953154608743467,raw-within-metric
UCI498,handover,nagelkerke,equal-level,learner+split+quality_level+rung,4,0.0186216211318655,raw-within-metric
BPIC13_closed,handover,ap,reference,learner,1,0.014335384729367451,raw-within-metric
BPIC13_closed,handover,ap,reference,split,1,0.3123676525310986,raw-within-metric
BPIC13_closed,handover,ap,reference,quality_level,1,0.029035433225897727,raw-within-metric
BPIC13_closed,handover,ap,reference,rung,1,0.11618671370112592,raw-within-metric
BPIC13_closed,handover,ap,reference,learner+split,2,0.11774738353949925,raw-within-metric
BPIC13_closed,handover,ap,reference,learner+quality_level,2,0.016268974128173404,raw-within-metric
BPIC13_closed,handover,ap,reference,learner+rung,2,0.01123546684565033,raw-within-metric
BPIC13_closed,handover,ap,reference,split+quality_level,2,0.13104115463832555,raw-within-metric
BPIC13_closed,handover,ap,reference,split+rung,2,0.05844390734155916,raw-within-metric
BPIC13_closed,handover,ap,reference,quality_level+rung,2,0.01655350493902643,raw-within-metric
BPIC13_closed,handover,ap,reference,learner+split+quality_level,3,0.02521671970555212,raw-within-metric
BPIC13_closed,handover,ap,reference,learner+split+rung,3,0.08019421881924911,raw-within-metric
BPIC13_closed,handover,ap,reference,learner+quality_level+rung,3,0.012705578946789116,raw-within-metric
BPIC13_closed,handover,ap,reference,split+quality_level+rung,3,0.03629853751927523,raw-within-metric
BPIC13_closed,handover,ap,reference,learner+split+quality_level+rung,4,0.022369369389410625,raw-within-metric
BPIC13_closed,handover,auc,reference,learner,1,0.06284416045964758,raw-within-metric
BPIC13_closed,handover,auc,reference,split,1,0.2533679794871292,raw-within-metric
BPIC13_closed,handover,auc,reference,quality_level,1,0.012932723437035,raw-within-metric
BPIC13_closed,handover,auc,reference,rung,1,0.11072556283970877,raw-within-metric
BPIC13_closed,handover,auc,reference,learner+split,2,0.06200659136419956,raw-within-metric
BPIC13_closed,handover,auc,reference,learner+quality_level,2,0.0034241148880302646,raw-within-metric
BPIC13_closed,handover,auc,reference,learner+rung,2,0.027723106970492996,raw-within-metric
BPIC13_closed,handover,auc,reference,split+quality_level,2,0.07375291342380819,raw-within-metric
BPIC13_closed,handover,auc,reference,split+rung,2,0.2487531124124324,raw-within-metric
BPIC13_closed,handover,auc,reference,quality_level+rung,2,0.013302054986823957,raw-within-metric
BPIC13_closed,handover,auc,reference,learner+split+quality_level,3,0.023185176545343182,raw-within-metric
BPIC13_closed,handover,auc,reference,learner+split+rung,3,0.048526829309970834,raw-within-metric
BPIC13_closed,handover,auc,reference,learner+quality_level+rung,3,0.0055429330806667084,raw-within-metric
BPIC13_closed,handover,auc,reference,split+quality_level+rung,3,0.030469759232560192,raw-within-metric
BPIC13_closed,handover,auc,reference,learner+split+quality_level+rung,4,0.023442981562151213,raw-within-metric
BPIC13_closed,handover,brier_skill,reference,learner,1,0.08860222208435847,raw-within-metric
BPIC13_closed,handover,brier_skill,reference,split,1,0.19392491335868609,raw-within-metric
BPIC13_closed,handover,brier_skill,reference,quality_level,1,0.023196119742840273,raw-within-metric
BPIC13_closed,handover,brier_skill,reference,rung,1,0.19970826127755825,raw-within-metric
BPIC13_closed,handover,brier_skill,reference,learner+split,2,0.04118093221639709,raw-within-metric
BPIC13_closed,handover,brier_skill,reference,learner+quality_level,2,0.017134239160126165,raw-within-metric
BPIC13_closed,handover,brier_skill,reference,learner+rung,2,0.17913111139017504,raw-within-metric
BPIC13_closed,handover,brier_skill,reference,split+quality_level,2,0.04292387630551044,raw-within-metric
BPIC13_closed,handover,brier_skill,reference,split+rung,2,0.05764649696130572,raw-within-metric
BPIC13_closed,handover,brier_skill,reference,quality_level+rung,2,0.02176919673216896,raw-within-metric
BPIC13_closed,handover,brier_skill,reference,learner+split+quality_level,3,0.0322520720847926,raw-within-metric
BPIC13_closed,handover,brier_skill,reference,learner+split+rung,3,0.03464603248755871,raw-within-metric
BPIC13_closed,handover,brier_skill,reference,learner+quality_level+rung,3,0.026348912757926023,raw-within-metric
BPIC13_closed,handover,brier_skill,reference,split+quality_level+rung,3,0.02108892549590607,raw-within-metric
BPIC13_closed,handover,brier_skill,reference,learner+split+quality_level+rung,4,0.020446687944690053,raw-within-metric
BPIC13_closed,handover,logloss_skill,reference,learner,1,0.19625372222838341,raw-within-metric
BPIC13_closed,handover,logloss_skill,reference,split,1,0.22427502377509895,raw-within-metric
BPIC13_closed,handover,logloss_skill,reference,quality_level,1,0.014139702143900496,raw-within-metric
BPIC13_closed,handover,logloss_skill,reference,rung,1,0.09780089403178543,raw-within-metric
BPIC13_closed,handover,logloss_skill,reference,learner+split,2,0.11359013682833705,raw-within-metric
BPIC13_closed,handover,logloss_skill,reference,learner+quality_level,2,0.016426785449047753,raw-within-metric
BPIC13_closed,handover,logloss_skill,reference,learner+rung,2,0.07145012198526246,raw-within-metric
BPIC13_closed,handover,logloss_skill,reference,split+quality_level,2,0.04751722095225438,raw-within-metric
BPIC13_closed,handover,logloss_skill,reference,split+rung,2,0.052160028002106854,raw-within-metric
BPIC13_closed,handover,logloss_skill,reference,quality_level+rung,2,0.00729471912163757,raw-within-metric
BPIC13_closed,handover,logloss_skill,reference,learner+split+quality_level,3,0.0356563813518925,raw-within-metric
BPIC13_closed,handover,logloss_skill,reference,learner+split+rung,3,0.06443709209139085,raw-within-metric
BPIC13_closed,handover,logloss_skill,reference,learner+quality_level+rung,3,0.006973985936350474,raw-within-metric
BPIC13_closed,handover,logloss_skill,reference,split+quality_level+rung,3,0.025294865084776935,raw-within-metric
BPIC13_closed,handover,logloss_skill,reference,learner+split+quality_level+rung,4,0.026729321017774806,raw-within-metric
BPIC13_closed,handover,nagelkerke,reference,learner,1,0.15072497174657812,raw-within-metric
BPIC13_closed,handover,nagelkerke,reference,split,1,0.19151647057618998,raw-within-metric
BPIC13_closed,handover,nagelkerke,reference,quality_level,1,0.01122023598043541,raw-within-metric
BPIC13_closed,handover,nagelkerke,reference,rung,1,0.09624262316643262,raw-within-metric
BPIC13_closed,handover,nagelkerke,reference,learner+split,2,0.1518718713166758,raw-within-metric
BPIC13_closed,handover,nagelkerke,reference,learner+quality_level,2,0.012423622142635213,raw-within-metric
BPIC13_closed,handover,nagelkerke,reference,learner+rung,2,0.08023887411574651,raw-within-metric
BPIC13_closed,handover,nagelkerke,reference,split+quality_level,2,0.03881916992928399,raw-within-metric
BPIC13_closed,handover,nagelkerke,reference,split+rung,2,0.0830865972850625,raw-within-metric
BPIC13_closed,handover,nagelkerke,reference,quality_level+rung,2,0.0060686405730908995,raw-within-metric
BPIC13_closed,handover,nagelkerke,reference,learner+split+quality_level,3,0.037351991849354615,raw-within-metric
BPIC13_closed,handover,nagelkerke,reference,learner+split+rung,3,0.08678154890975774,raw-within-metric
BPIC13_closed,handover,nagelkerke,reference,learner+quality_level+rung,3,0.006449793787318833,raw-within-metric
BPIC13_closed,handover,nagelkerke,reference,split+quality_level+rung,3,0.023106866695086402,raw-within-metric
BPIC13_closed,handover,nagelkerke,reference,learner+split+quality_level+rung,4,0.024096721926351372,raw-within-metric
BPIC13_incidents,duration,ap,reference,learner,1,0.002731903459817414,raw-within-metric
BPIC13_incidents,duration,ap,reference,split,1,0.2877285809259094,raw-within-metric
BPIC13_incidents,duration,ap,reference,quality_level,1,0.10333497817769864,raw-within-metric
BPIC13_incidents,duration,ap,reference,rung,1,0.2670906081204685,raw-within-metric
BPIC13_incidents,duration,ap,reference,learner+split,2,0.03939109771001365,raw-within-metric
BPIC13_incidents,duration,ap,reference,learner+quality_level,2,0.005976461265417972,raw-within-metric
BPIC13_incidents,duration,ap,reference,learner+rung,2,0.0008371295097996559,raw-within-metric
BPIC13_incidents,duration,ap,reference,split+quality_level,2,0.0343411095396547,raw-within-metric
BPIC13_incidents,duration,ap,reference,split+rung,2,0.1322661478333575,raw-within-metric
BPIC13_incidents,duration,ap,reference,quality_level+rung,2,0.04812550941631224,raw-within-metric
BPIC13_incidents,duration,ap,reference,learner+split+quality_level,3,0.020105859803856596,raw-within-metric
BPIC13_incidents,duration,ap,reference,learner+split+rung,3,0.027512567711442292,raw-within-metric
BPIC13_incidents,duration,ap,reference,learner+quality_level+rung,3,0.00442395255701888,raw-within-metric
BPIC13_incidents,duration,ap,reference,split+quality_level+rung,3,0.014031836753599381,raw-within-metric
BPIC13_incidents,duration,ap,reference,learner+split+quality_level+rung,4,0.012102257215633232,raw-within-metric
BPIC13_incidents,duration,auc,reference,learner,1,0.02633129023743965,raw-within-metric
BPIC13_incidents,duration,auc,reference,split,1,0.2902929116906769,raw-within-metric
BPIC13_incidents,duration,auc,reference,quality_level,1,0.12111447003670774,raw-within-metric
BPIC13_incidents,duration,auc,reference,rung,1,0.2844260780600171,raw-within-metric
BPIC13_incidents,duration,auc,reference,learner+split,2,0.009022964986150203,raw-within-metric
BPIC13_incidents,duration,auc,reference,learner+quality_level,2,0.0008016287376163075,raw-within-metric
BPIC13_incidents,duration,auc,reference,learner+rung,2,0.004797268620695511,raw-within-metric
BPIC13_incidents,duration,auc,reference,split+quality_level,2,0.025440508231456327,raw-within-metric
BPIC13_incidents,duration,auc,reference,split+rung,2,0.16747244658460356,raw-within-metric
BPIC13_incidents,duration,auc,reference,quality_level+rung,2,0.03983486280396707,raw-within-metric
BPIC13_incidents,duration,auc,reference,learner+split+quality_level,3,0.005070109571815137,raw-within-metric
BPIC13_incidents,duration,auc,reference,learner+split+rung,3,0.005172167327896484,raw-within-metric
BPIC13_incidents,duration,auc,reference,learner+quality_level+rung,3,0.0024387823678562468,raw-within-metric
BPIC13_incidents,duration,auc,reference,split+quality_level+rung,3,0.015388759325724867,raw-within-metric
BPIC13_incidents,duration,auc,reference,learner+split+quality_level+rung,4,0.0023957514173769973,raw-within-metric
BPIC13_incidents,duration,brier_skill,reference,learner,1,0.08118234423305773,raw-within-metric
BPIC13_incidents,duration,brier_skill,reference,split,1,0.26983955362885553,raw-within-metric
BPIC13_incidents,duration,brier_skill,reference,quality_level,1,0.015585952011702382,raw-within-metric
BPIC13_incidents,duration,brier_skill,reference,rung,1,0.0016589309492635335,raw-within-metric
BPIC13_incidents,duration,brier_skill,reference,learner+split,2,0.020210173509492047,raw-within-metric
BPIC13_incidents,duration,brier_skill,reference,learner+quality_level,2,0.009467526869426127,raw-within-metric
BPIC13_incidents,duration,brier_skill,reference,learner+rung,2,0.06653547823578473,raw-within-metric
BPIC13_incidents,duration,brier_skill,reference,split+quality_level,2,0.05628460934343719,raw-within-metric
BPIC13_incidents,duration,brier_skill,reference,split+rung,2,0.25711885893487507,raw-within-metric
BPIC13_incidents,duration,brier_skill,reference,quality_level+rung,2,0.012208718479622328,raw-within-metric
BPIC13_incidents,duration,brier_skill,reference,learner+split+quality_level,3,0.022601726763924215,raw-within-metric
BPIC13_incidents,duration,brier_skill,reference,learner+split+rung,3,0.1190077013087508,raw-within-metric
BPIC13_incidents,duration,brier_skill,reference,learner+quality_level+rung,3,0.004640772816691009,raw-within-metric
BPIC13_incidents,duration,brier_skill,reference,split+quality_level+rung,3,0.038754762687554956,raw-within-metric
BPIC13_incidents,duration,brier_skill,reference,learner+split+quality_level+rung,4,0.024902890227562282,raw-within-metric
BPIC13_incidents,duration,logloss_skill,reference,learner,1,0.044502966680400775,raw-within-metric
BPIC13_incidents,duration,logloss_skill,reference,split,1,0.42204786242075515,raw-within-metric
BPIC13_incidents,duration,logloss_skill,reference,quality_level,1,0.009011595171942418,raw-within-metric
BPIC13_incidents,duration,logloss_skill,reference,rung,1,0.028015050869886197,raw-within-metric
BPIC13_incidents,duration,logloss_skill,reference,learner+split,2,0.09010771031590493,raw-within-metric
BPIC13_incidents,duration,logloss_skill,reference,learner+quality_level,2,0.003979566652490984,raw-within-metric
BPIC13_incidents,duration,logloss_skill,reference,learner+rung,2,0.04733590124459754,raw-within-metric
BPIC13_incidents,duration,logloss_skill,reference,split+quality_level,2,0.04399513678372347,raw-within-metric
BPIC13_incidents,duration,logloss_skill,reference,split+rung,2,0.17946257183673597,raw-within-metric
BPIC13_incidents,duration,logloss_skill,reference,quality_level+rung,2,0.0018299870962973678,raw-within-metric
BPIC13_incidents,duration,logloss_skill,reference,learner+split+quality_level,3,0.035396213076765014,raw-within-metric
BPIC13_incidents,duration,logloss_skill,reference,learner+split+rung,3,0.06132977317727166,raw-within-metric
BPIC13_incidents,duration,logloss_skill,reference,learner+quality_level+rung,3,0.002151951094799486,raw-within-metric
BPIC13_incidents,duration,logloss_skill,reference,split+quality_level+rung,3,0.019744498683233833,raw-within-metric
BPIC13_incidents,duration,logloss_skill,reference,learner+split+quality_level+rung,4,0.011089214895195126,raw-within-metric
BPIC13_incidents,duration,nagelkerke,reference,learner,1,0.020588294735019462,raw-within-metric
BPIC13_incidents,duration,nagelkerke,reference,split,1,0.23774118603635488,raw-within-metric
BPIC13_incidents,duration,nagelkerke,reference,quality_level,1,0.020719200314267307,raw-within-metric
BPIC13_incidents,duration,nagelkerke,reference,rung,1,0.0005463840816058015,raw-within-metric
BPIC13_incidents,duration,nagelkerke,reference,learner+split,2,0.15679095889891068,raw-within-metric
BPIC13_incidents,duration,nagelkerke,reference,learner+quality_level,2,0.01838610290060921,raw-within-metric
BPIC13_incidents,duration,nagelkerke,reference,learner+rung,2,0.00030412365691820164,raw-within-metric
BPIC13_incidents,duration,nagelkerke,reference,split+quality_level,2,0.17911447664892285,raw-within-metric
BPIC13_incidents,duration,nagelkerke,reference,split+rung,2,0.0080742888580171,raw-within-metric
BPIC13_incidents,duration,nagelkerke,reference,quality_level+rung,2,0.008840304122615751,raw-within-metric
BPIC13_incidents,duration,nagelkerke,reference,learner+split+quality_level,3,0.16995034697551503,raw-within-metric
BPIC13_incidents,duration,nagelkerke,reference,learner+split+rung,3,0.013290917457111964,raw-within-metric
BPIC13_incidents,duration,nagelkerke,reference,learner+quality_level+rung,3,0.008758019989923049,raw-within-metric
BPIC13_incidents,duration,nagelkerke,reference,split+quality_level+rung,3,0.08184836874972652,raw-within-metric
BPIC13_incidents,duration,nagelkerke,reference,learner+split+quality_level+rung,4,0.07504702657448213,raw-within-metric
BPIC13_incidents,handover,ap,reference,learner,1,0.014519841567961267,raw-within-metric
BPIC13_incidents,handover,ap,reference,split,1,0.05531887802029045,raw-within-metric
BPIC13_incidents,handover,ap,reference,quality_level,1,0.06766896100101188,raw-within-metric
BPIC13_incidents,handover,ap,reference,rung,1,0.7746896156304259,raw-within-metric
BPIC13_incidents,handover,ap,reference,learner+split,2,0.01690997689202609,raw-within-metric
BPIC13_incidents,handover,ap,reference,learner+quality_level,2,0.0031060886353997423,raw-within-metric
BPIC13_incidents,handover,ap,reference,learner+rung,2,0.00023594695604844913,raw-within-metric
BPIC13_incidents,handover,ap,reference,split+quality_level,2,0.005217941374797728,raw-within-metric
BPIC13_incidents,handover,ap,reference,split+rung,2,0.015919444717243984,raw-within-metric
BPIC13_incidents,handover,ap,reference,quality_level+rung,2,0.0319136512151344,raw-within-metric
BPIC13_incidents,handover,ap,reference,learner+split+quality_level,3,0.0028644488093639213,raw-within-metric
BPIC13_incidents,handover,ap,reference,learner+split+rung,3,0.0016267505775909611,raw-within-metric
BPIC13_incidents,handover,ap,reference,learner+quality_level+rung,3,0.0005486734584002297,raw-within-metric
BPIC13_incidents,handover,ap,reference,split+quality_level+rung,3,0.007137834303875271,raw-within-metric
BPIC13_incidents,handover,ap,reference,learner+split+quality_level+rung,4,0.0023219468404296257,raw-within-metric
BPIC13_incidents,handover,auc,reference,learner,1,0.02573620182401192,raw-within-metric
BPIC13_incidents,handover,auc,reference,split,1,0.08594472685620153,raw-within-metric
BPIC13_incidents,handover,auc,reference,quality_level,1,0.14862792731199775,raw-within-metric
BPIC13_incidents,handover,auc,reference,rung,1,0.626428194161934,raw-within-metric
BPIC13_incidents,handover,auc,reference,learner+split,2,0.03197202257149428,raw-within-metric
BPIC13_incidents,handover,auc,reference,learner+quality_level,2,0.006577820436851672,raw-within-metric
BPIC13_incidents,handover,auc,reference,learner+rung,2,0.002077671672849872,raw-within-metric
BPIC13_incidents,handover,auc,reference,split+quality_level,2,0.006879730169627366,raw-within-metric
BPIC13_incidents,handover,auc,reference,split+rung,2,0.0065177025858448034,raw-within-metric
BPIC13_incidents,handover,auc,reference,quality_level+rung,2,0.043371082628338734,raw-within-metric
BPIC13_incidents,handover,auc,reference,learner+split+quality_level,3,0.003525212686117821,raw-within-metric
BPIC13_incidents,handover,auc,reference,learner+split+rung,3,0.006924043348711835,raw-within-metric
BPIC13_incidents,handover,auc,reference,learner+quality_level+rung,3,0.000618581519494063,raw-within-metric
BPIC13_incidents,handover,auc,reference,split+quality_level+rung,3,0.0029938763346564656,raw-within-metric
BPIC13_incidents,handover,auc,reference,learner+split+quality_level+rung,4,0.0018052058918680317,raw-within-metric
BPIC13_incidents,handover,brier_skill,reference,learner,1,0.0020735257652056316,raw-within-metric
BPIC13_incidents,handover,brier_skill,reference,split,1,0.14518149246303524,raw-within-metric
BPIC13_incidents,handover,brier_skill,reference,quality_level,1,0.31322972997689,raw-within-metric
BPIC13_incidents,handover,brier_skill,reference,rung,1,0.3147960891812567,raw-within-metric
BPIC13_incidents,handover,brier_skill,reference,learner+split,2,0.0331650318423371,raw-within-metric
BPIC13_incidents,handover,brier_skill,reference,learner+quality_level,2,0.0034622450391400598,raw-within-metric
BPIC13_incidents,handover,brier_skill,reference,learner+rung,2,0.01179944556774304,raw-within-metric
BPIC13_incidents,handover,brier_skill,reference,split+quality_level,2,0.01884687069811025,raw-within-metric
BPIC13_incidents,handover,brier_skill,reference,split+rung,2,0.05799967374256904,raw-within-metric
BPIC13_incidents,handover,brier_skill,reference,quality_level+rung,2,0.03539188845138881,raw-within-metric
BPIC13_incidents,handover,brier_skill,reference,learner+split+quality_level,3,0.009137580846775671,raw-within-metric
BPIC13_incidents,handover,brier_skill,reference,learner+split+rung,3,0.03226034869146901,raw-within-metric
BPIC13_incidents,handover,brier_skill,reference,learner+quality_level+rung,3,0.003257559732870438,raw-within-metric
BPIC13_incidents,handover,brier_skill,reference,split+quality_level+rung,3,0.009504095147249623,raw-within-metric
BPIC13_incidents,handover,brier_skill,reference,learner+split+quality_level+rung,4,0.009894422853959306,raw-within-metric
BPIC13_incidents,handover,logloss_skill,reference,learner,1,0.046737546982062644,raw-within-metric
BPIC13_incidents,handover,logloss_skill,reference,split,1,0.387690833098777,raw-within-metric
BPIC13_incidents,handover,logloss_skill,reference,quality_level,1,0.04635980567536782,raw-within-metric
BPIC13_incidents,handover,logloss_skill,reference,rung,1,0.0305076659270676,raw-within-metric
BPIC13_incidents,handover,logloss_skill,reference,learner+split,2,0.3102678717676684,raw-within-metric
BPIC13_incidents,handover,logloss_skill,reference,learner+quality_level,2,0.0024870594010821053,raw-within-metric
BPIC13_incidents,handover,logloss_skill,reference,learner+rung,2,0.012344714306518522,raw-within-metric
BPIC13_incidents,handover,logloss_skill,reference,split+quality_level,2,0.02179054211084507,raw-within-metric
BPIC13_incidents,handover,logloss_skill,reference,split+rung,2,0.04353808874028437,raw-within-metric
BPIC13_incidents,handover,logloss_skill,reference,quality_level+rung,2,0.012458834637808105,raw-within-metric
BPIC13_incidents,handover,logloss_skill,reference,learner+split+quality_level,3,0.01989429850137075,raw-within-metric
BPIC13_incidents,handover,logloss_skill,reference,learner+split+rung,3,0.019068879175679714,raw-within-metric
BPIC13_incidents,handover,logloss_skill,reference,learner+quality_level+rung,3,0.004028293363713592,raw-within-metric
BPIC13_incidents,handover,logloss_skill,reference,split+quality_level+rung,3,0.020954692473569337,raw-within-metric
BPIC13_incidents,handover,logloss_skill,reference,learner+split+quality_level+rung,4,0.021870873838184913,raw-within-metric
BPIC13_incidents,handover,nagelkerke,reference,learner,1,0.03859521419078863,raw-within-metric
BPIC13_incidents,handover,nagelkerke,reference,split,1,0.3282731273571458,raw-within-metric
BPIC13_incidents,handover,nagelkerke,reference,quality_level,1,0.011013982486438693,raw-within-metric
BPIC13_incidents,handover,nagelkerke,reference,rung,1,0.005628867740344133,raw-within-metric
BPIC13_incidents,handover,nagelkerke,reference,learner+split,2,0.3323595164485911,raw-within-metric
BPIC13_incidents,handover,nagelkerke,reference,learner+quality_level,2,0.004693344873078488,raw-within-metric
BPIC13_incidents,handover,nagelkerke,reference,learner+rung,2,0.00329035248760162,raw-within-metric
BPIC13_incidents,handover,nagelkerke,reference,split+quality_level,2,0.05381614580785131,raw-within-metric
BPIC13_incidents,handover,nagelkerke,reference,split+rung,2,0.015924329830410894,raw-within-metric
BPIC13_incidents,handover,nagelkerke,reference,quality_level+rung,2,0.009732160111991474,raw-within-metric
BPIC13_incidents,handover,nagelkerke,reference,learner+split+quality_level,3,0.05195073636431055,raw-within-metric
BPIC13_incidents,handover,nagelkerke,reference,learner+split+rung,3,0.013061218392474244,raw-within-metric
BPIC13_incidents,handover,nagelkerke,reference,learner+quality_level+rung,3,0.007311099294023765,raw-within-metric
BPIC13_incidents,handover,nagelkerke,reference,split+quality_level+rung,3,0.06134332842394671,raw-within-metric
BPIC13_incidents,handover,nagelkerke,reference,learner+split+quality_level+rung,4,0.06300657619100261,raw-within-metric
BPIC14,duration,ap,reference,learner,1,0.12482509122412505,raw-within-metric
BPIC14,duration,ap,reference,split,1,0.029630498844387634,raw-within-metric
BPIC14,duration,ap,reference,quality_level,1,0.14737972540069336,raw-within-metric
BPIC14,duration,ap,reference,rung,1,0.5671969991073679,raw-within-metric
BPIC14,duration,ap,reference,learner+split,2,0.012949246941360657,raw-within-metric
BPIC14,duration,ap,reference,learner+quality_level,2,0.009202817579327083,raw-within-metric
BPIC14,duration,ap,reference,learner+rung,2,0.05246375078124746,raw-within-metric
BPIC14,duration,ap,reference,split+quality_level,2,0.004298093015284806,raw-within-metric
BPIC14,duration,ap,reference,split+rung,2,0.007727355309048816,raw-within-metric
BPIC14,duration,ap,reference,quality_level+rung,2,0.03181941656348813,raw-within-metric
BPIC14,duration,ap,reference,learner+split+quality_level,3,0.0052050476203258,raw-within-metric
BPIC14,duration,ap,reference,learner+split+rung,3,0.0017892461262437648,raw-within-metric
BPIC14,duration,ap,reference,learner+quality_level+rung,3,0.004061882245733318,raw-within-metric
BPIC14,duration,ap,reference,split+quality_level+rung,3,0.0008736460978166791,raw-within-metric
BPIC14,duration,ap,reference,learner+split+quality_level+rung,4,0.0005771831435495337,raw-within-metric
BPIC14,duration,auc,reference,learner,1,0.010026115343509862,raw-within-metric
BPIC14,duration,auc,reference,split,1,0.01922958327209516,raw-within-metric
BPIC14,duration,auc,reference,quality_level,1,0.17180849633995646,raw-within-metric
BPIC14,duration,auc,reference,rung,1,0.6657237493715837,raw-within-metric
BPIC14,duration,auc,reference,learner+split,2,0.0057697558891878446,raw-within-metric
BPIC14,duration,auc,reference,learner+quality_level,2,0.02404861411072603,raw-within-metric
BPIC14,duration,auc,reference,learner+rung,2,0.048701954918329245,raw-within-metric
BPIC14,duration,auc,reference,split+quality_level,2,0.0043286059045456494,raw-within-metric
BPIC14,duration,auc,reference,split+rung,2,0.008817807332795344,raw-within-metric
BPIC14,duration,auc,reference,quality_level+rung,2,0.031249034822663203,raw-within-metric
BPIC14,duration,auc,reference,learner+split+quality_level,3,0.003027308492018515,raw-within-metric
BPIC14,duration,auc,reference,learner+split+rung,3,0.0007828774046428455,raw-within-metric
BPIC14,duration,auc,reference,learner+quality_level+rung,3,0.005402823228761252,raw-within-metric
BPIC14,duration,auc,reference,split+quality_level+rung,3,0.0005816854352128904,raw-within-metric
BPIC14,duration,auc,reference,learner+split+quality_level+rung,4,0.0005015881339719512,raw-within-metric
BPIC14,duration,brier_skill,reference,learner,1,0.23584703960668163,raw-within-metric
BPIC14,duration,brier_skill,reference,split,1,0.025751225123821556,raw-within-metric
BPIC14,duration,brier_skill,reference,quality_level,1,0.14329986986907822,raw-within-metric
BPIC14,duration,brier_skill,reference,rung,1,0.4342453247173965,raw-within-metric
BPIC14,duration,brier_skill,reference,learner+split,2,0.006190737269125372,raw-within-metric
BPIC14,duration,brier_skill,reference,learner+quality_level,2,0.013126302841158701,raw-within-metric
BPIC14,duration,brier_skill,reference,learner+rung,2,0.08926889667569093,raw-within-metric
BPIC14,duration,brier_skill,reference,split+quality_level,2,0.006144696013785519,raw-within-metric
BPIC14,duration,brier_skill,reference,split+rung,2,0.0039998768140753985,raw-within-metric
BPIC14,duration,brier_skill,reference,quality_level+rung,2,0.029535353658703557,raw-within-metric
BPIC14,duration,brier_skill,reference,learner+split+quality_level,3,0.004730952488523599,raw-within-metric
BPIC14,duration,brier_skill,reference,learner+split+rung,3,0.0009198959512184133,raw-within-metric
BPIC14,duration,brier_skill,reference,learner+quality_level+rung,3,0.005771415220324174,raw-within-metric
BPIC14,duration,brier_skill,reference,split+quality_level+rung,3,0.0007362991819500907,raw-within-metric
BPIC14,duration,brier_skill,reference,learner+split+quality_level+rung,4,0.00043211456846637097,raw-within-metric
BPIC14,duration,logloss_skill,reference,learner,1,0.2570824155072858,raw-within-metric
BPIC14,duration,logloss_skill,reference,split,1,0.02409625253471828,raw-within-metric
BPIC14,duration,logloss_skill,reference,quality_level,1,0.1428274458218516,raw-within-metric
BPIC14,duration,logloss_skill,reference,rung,1,0.41929950366731145,raw-within-metric
BPIC14,duration,logloss_skill,reference,learner+split,2,0.005211295496035878,raw-within-metric
BPIC14,duration,logloss_skill,reference,learner+quality_level,2,0.013334556784092769,raw-within-metric
BPIC14,duration,logloss_skill,reference,learner+rung,2,0.08619371096686373,raw-within-metric
BPIC14,duration,logloss_skill,reference,split+quality_level,2,0.0056971751336827485,raw-within-metric
BPIC14,duration,logloss_skill,reference,split+rung,2,0.003729815864612915,raw-within-metric
BPIC14,duration,logloss_skill,reference,quality_level+rung,2,0.028901588265182552,raw-within-metric
BPIC14,duration,logloss_skill,reference,learner+split+quality_level,3,0.00587494159962065,raw-within-metric
BPIC14,duration,logloss_skill,reference,learner+split+rung,3,0.0010321197183387253,raw-within-metric
BPIC14,duration,logloss_skill,reference,learner+quality_level+rung,3,0.005519606956873632,raw-within-metric
BPIC14,duration,logloss_skill,reference,split+quality_level+rung,3,0.0007209337352289495,raw-within-metric
BPIC14,duration,logloss_skill,reference,learner+split+quality_level+rung,4,0.0004786379483003273,raw-within-metric
BPIC14,duration,nagelkerke,reference,learner,1,0.25132842341521544,raw-within-metric
BPIC14,duration,nagelkerke,reference,split,1,0.020792230851331545,raw-within-metric
BPIC14,duration,nagelkerke,reference,quality_level,1,0.1388427294421931,raw-within-metric
BPIC14,duration,nagelkerke,reference,rung,1,0.4320871505839936,raw-within-metric
BPIC14,duration,nagelkerke,reference,learner+split,2,0.004897796720712719,raw-within-metric
BPIC14,duration,nagelkerke,reference,learner+quality_level,2,0.012235184863425725,raw-within-metric
BPIC14,duration,nagelkerke,reference,learner+rung,2,0.08810524971383873,raw-within-metric
BPIC14,duration,nagelkerke,reference,split+quality_level,2,0.005166910165124552,raw-within-metric
BPIC14,duration,nagelkerke,reference,split+rung,2,0.003857679467824565,raw-within-metric
BPIC14,duration,nagelkerke,reference,quality_level+rung,2,0.027888089951502867,raw-within-metric
BPIC14,duration,nagelkerke,reference,learner+split+quality_level,3,0.007405129208600801,raw-within-metric
BPIC14,duration,nagelkerke,reference,learner+split+rung,3,0.0010136410533635302,raw-within-metric
BPIC14,duration,nagelkerke,reference,learner+quality_level+rung,3,0.00520488080757389,raw-within-metric
BPIC14,duration,nagelkerke,reference,split+quality_level+rung,3,0.0007067477433673899,raw-within-metric
BPIC14,duration,nagelkerke,reference,learner+split+quality_level+rung,4,0.00046815601193155905,raw-within-metric
BPIC14,handover,ap,reference,learner,1,0.45465679200786896,raw-within-metric
BPIC14,handover,ap,reference,split,1,0.006953782921023293,raw-within-metric
BPIC14,handover,ap,reference,quality_level,1,0.04387374706077038,raw-within-metric
BPIC14,handover,ap,reference,rung,1,0.32004960584302616,raw-within-metric
BPIC14,handover,ap,reference,learner+split,2,0.010446266972806838,raw-within-metric
BPIC14,handover,ap,reference,learner+quality_level,2,0.0183797005055434,raw-within-metric
BPIC14,handover,ap,reference,learner+rung,2,0.10073171553177171,raw-within-metric
BPIC14,handover,ap,reference,split+quality_level,2,0.0011960021539170946,raw-within-metric
BPIC14,handover,ap,reference,split+rung,2,0.0184125298012557,raw-within-metric
BPIC14,handover,ap,reference,quality_level+rung,2,0.012218990921137304,raw-within-metric
BPIC14,handover,ap,reference,learner+split+quality_level,3,0.002796208386081405,raw-within-metric
BPIC14,handover,ap,reference,learner+split+rung,3,0.004305221327785942,raw-within-metric
BPIC14,handover,ap,reference,learner+quality_level+rung,3,0.0044625110729604135,raw-within-metric
BPIC14,handover,ap,reference,split+quality_level+rung,3,0.0007304187544521106,raw-within-metric
BPIC14,handover,ap,reference,learner+split+quality_level+rung,4,0.0007865067395992131,raw-within-metric
BPIC14,handover,auc,reference,learner,1,0.36595473425529523,raw-within-metric
BPIC14,handover,auc,reference,split,1,0.017864662994487687,raw-within-metric
BPIC14,handover,auc,reference,quality_level,1,0.0816186187372099,raw-within-metric
BPIC14,handover,auc,reference,rung,1,0.37492632661898107,raw-within-metric
BPIC14,handover,auc,reference,learner+split,2,0.0036988050446207306,raw-within-metric
BPIC14,handover,auc,reference,learner+quality_level,2,0.020867764992638017,raw-within-metric
BPIC14,handover,auc,reference,learner+rung,2,0.09738130936216166,raw-within-metric
BPIC14,handover,auc,reference,split+quality_level,2,0.0015141663149479195,raw-within-metric
BPIC14,handover,auc,reference,split+rung,2,0.004782029846833432,raw-within-metric
BPIC14,handover,auc,reference,quality_level+rung,2,0.02053160862553756,raw-within-metric
BPIC14,handover,auc,reference,learner+split+quality_level,3,0.0005255743555696652,raw-within-metric
BPIC14,handover,auc,reference,learner+split+rung,3,0.004234933742848602,raw-within-metric
BPIC14,handover,auc,reference,learner+quality_level+rung,3,0.005274758469940123,raw-within-metric
BPIC14,handover,auc,reference,split+quality_level+rung,3,0.0004683815743741522,raw-within-metric
BPIC14,handover,auc,reference,learner+split+quality_level+rung,4,0.00035632506455418383,raw-within-metric
BPIC14,handover,brier_skill,reference,learner,1,0.32667035011640555,raw-within-metric
BPIC14,handover,brier_skill,reference,split,1,0.012829686502107106,raw-within-metric
BPIC14,handover,brier_skill,reference,quality_level,1,0.17123102022443065,raw-within-metric
BPIC14,handover,brier_skill,reference,rung,1,0.32822043728411426,raw-within-metric
BPIC14,handover,brier_skill,reference,learner+split,2,0.003951617470550412,raw-within-metric
BPIC14,handover,brier_skill,reference,learner+quality_level,2,0.035732747184989,raw-within-metric
BPIC14,handover,brier_skill,reference,learner+rung,2,0.07032837332703509,raw-within-metric
BPIC14,handover,brier_skill,reference,split+quality_level,2,0.0026084899068683654,raw-within-metric
BPIC14,handover,brier_skill,reference,split+rung,2,0.003199564403979604,raw-within-metric
BPIC14,handover,brier_skill,reference,quality_level+rung,2,0.03258359449057593,raw-within-metric
BPIC14,handover,brier_skill,reference,learner+split+quality_level,3,0.0013380148766972643,raw-within-metric
BPIC14,handover,brier_skill,reference,learner+split+rung,3,0.0022060833460788866,raw-within-metric
BPIC14,handover,brier_skill,reference,learner+quality_level+rung,3,0.007233749940323801,raw-within-metric
BPIC14,handover,brier_skill,reference,split+quality_level+rung,3,0.0011700741069263652,raw-within-metric
BPIC14,handover,brier_skill,reference,learner+split+quality_level+rung,4,0.0006961968189176564,raw-within-metric
BPIC14,handover,logloss_skill,reference,learner,1,0.32919632352676453,raw-within-metric
BPIC14,handover,logloss_skill,reference,split,1,0.0199253687659272,raw-within-metric
BPIC14,handover,logloss_skill,reference,quality_level,1,0.1514745798334374,raw-within-metric
BPIC14,handover,logloss_skill,reference,rung,1,0.3409126359029711,raw-within-metric
BPIC14,handover,logloss_skill,reference,learner+split,2,0.005991399280127306,raw-within-metric
BPIC14,handover,logloss_skill,reference,learner+quality_level,2,0.03189196819683712,raw-within-metric
BPIC14,handover,logloss_skill,reference,learner+rung,2,0.0711461291576654,raw-within-metric
BPIC14,handover,logloss_skill,reference,split+quality_level,2,0.002428985543177628,raw-within-metric
BPIC14,handover,logloss_skill,reference,split+rung,2,0.004149792093707713,raw-within-metric
BPIC14,handover,logloss_skill,reference,quality_level+rung,2,0.029821447458526405,raw-within-metric
BPIC14,handover,logloss_skill,reference,learner+split+quality_level,3,0.0018469603907500325,raw-within-metric
BPIC14,handover,logloss_skill,reference,learner+split+rung,3,0.0024798633877292113,raw-within-metric
BPIC14,handover,logloss_skill,reference,learner+quality_level+rung,3,0.0065173234886675,raw-within-metric
BPIC14,handover,logloss_skill,reference,split+quality_level+rung,3,0.0009603708552409956,raw-within-metric
BPIC14,handover,logloss_skill,reference,learner+split+quality_level+rung,4,0.001256852118470378,raw-within-metric
BPIC14,handover,nagelkerke,reference,learner,1,0.3287482591468167,raw-within-metric
BPIC14,handover,nagelkerke,reference,split,1,0.01643727803028034,raw-within-metric
BPIC14,handover,nagelkerke,reference,quality_level,1,0.1442789530910456,raw-within-metric
BPIC14,handover,nagelkerke,reference,rung,1,0.3529567402122196,raw-within-metric
BPIC14,handover,nagelkerke,reference,learner+split,2,0.005238084895565607,raw-within-metric
BPIC14,handover,nagelkerke,reference,learner+quality_level,2,0.03050998598790302,raw-within-metric
BPIC14,handover,nagelkerke,reference,learner+rung,2,0.07376882167299785,raw-within-metric
BPIC14,handover,nagelkerke,reference,split+quality_level,2,0.0020815673642714102,raw-within-metric
BPIC14,handover,nagelkerke,reference,split+rung,2,0.003923344922904216,raw-within-metric
BPIC14,handover,nagelkerke,reference,quality_level+rung,2,0.029378549125505325,raw-within-metric
BPIC14,handover,nagelkerke,reference,learner+split+quality_level,3,0.0017509751543307664,raw-within-metric
BPIC14,handover,nagelkerke,reference,learner+split+rung,3,0.0023946109601402582,raw-within-metric
BPIC14,handover,nagelkerke,reference,learner+quality_level+rung,3,0.006446448339474511,raw-within-metric
BPIC14,handover,nagelkerke,reference,split+quality_level+rung,3,0.0008962332158507053,raw-within-metric
BPIC14,handover,nagelkerke,reference,learner+split+quality_level+rung,4,0.0011901478806940777,raw-within-metric
BPIC15_1,duration,ap,reference,learner,1,0.02110875825002815,raw-within-metric
BPIC15_1,duration,ap,reference,split,1,0.15892136820913538,raw-within-metric
BPIC15_1,duration,ap,reference,quality_level,1,0.07940790731744571,raw-within-metric
BPIC15_1,duration,ap,reference,rung,1,0.06460980088856552,raw-within-metric
BPIC15_1,duration,ap,reference,learner+split,2,0.029053261544065314,raw-within-metric
BPIC15_1,duration,ap,reference,learner+quality_level,2,0.02000539843868795,raw-within-metric
BPIC15_1,duration,ap,reference,learner+rung,2,0.12055252663626026,raw-within-metric
BPIC15_1,duration,ap,reference,split+quality_level,2,0.05046558020129573,raw-within-metric
BPIC15_1,duration,ap,reference,split+rung,2,0.17740142471273276,raw-within-metric
BPIC15_1,duration,ap,reference,quality_level+rung,2,0.005118650535866028,raw-within-metric
BPIC15_1,duration,ap,reference,learner+split+quality_level,3,0.05813453414189494,raw-within-metric
BPIC15_1,duration,ap,reference,learner+split+rung,3,0.09911537230084728,raw-within-metric
BPIC15_1,duration,ap,reference,learner+quality_level+rung,3,0.026887258741589853,raw-within-metric
BPIC15_1,duration,ap,reference,split+quality_level+rung,3,0.057425028601564426,raw-within-metric
BPIC15_1,duration,ap,reference,learner+split+quality_level+rung,4,0.03179312948002068,raw-within-metric
BPIC15_1,duration,auc,reference,learner,1,0.046570597579414584,raw-within-metric
BPIC15_1,duration,auc,reference,split,1,0.10810256266849785,raw-within-metric
BPIC15_1,duration,auc,reference,quality_level,1,0.004490620446021733,raw-within-metric
BPIC15_1,duration,auc,reference,rung,1,0.15221027807574738,raw-within-metric
BPIC15_1,duration,auc,reference,learner+split,2,0.06497685863912013,raw-within-metric
BPIC15_1,duration,auc,reference,learner+quality_level,2,0.008655016129914716,raw-within-metric
BPIC15_1,duration,auc,reference,learner+rung,2,0.2705397061904637,raw-within-metric
BPIC15_1,duration,auc,reference,split+quality_level,2,0.02759253542787529,raw-within-metric
BPIC15_1,duration,auc,reference,split+rung,2,0.09485051989118425,raw-within-metric
BPIC15_1,duration,auc,reference,quality_level+rung,2,0.0020041035507715843,raw-within-metric
BPIC15_1,duration,auc,reference,learner+split+quality_level,3,0.0474039309895208,raw-within-metric
BPIC15_1,duration,auc,reference,learner+split+rung,3,0.09540038003743297,raw-within-metric
BPIC15_1,duration,auc,reference,learner+quality_level+rung,3,0.02509109511932264,raw-within-metric
BPIC15_1,duration,auc,reference,split+quality_level+rung,3,0.03664960874244495,raw-within-metric
BPIC15_1,duration,auc,reference,learner+split+quality_level+rung,4,0.015462186512267436,raw-within-metric
BPIC15_1,duration,brier_skill,reference,learner,1,0.004044808014571708,raw-within-metric
BPIC15_1,duration,brier_skill,reference,split,1,0.29943421115569324,raw-within-metric
BPIC15_1,duration,brier_skill,reference,quality_level,1,0.0226009444586097,raw-within-metric
BPIC15_1,duration,brier_skill,reference,rung,1,0.12088988048840518,raw-within-metric
BPIC15_1,duration,brier_skill,reference,learner+split,2,0.15862684284623788,raw-within-metric
BPIC15_1,duration,brier_skill,reference,learner+quality_level,2,0.013982327309808203,raw-within-metric
BPIC15_1,duration,brier_skill,reference,learner+rung,2,0.04112231821679206,raw-within-metric
BPIC15_1,duration,brier_skill,reference,split+quality_level,2,0.04688315662267928,raw-within-metric
BPIC15_1,duration,brier_skill,reference,split+rung,2,0.11120914888990906,raw-within-metric
BPIC15_1,duration,brier_skill,reference,quality_level+rung,2,0.0027896014360233594,raw-within-metric
BPIC15_1,duration,brier_skill,reference,learner+split+quality_level,3,0.06018604469234382,raw-within-metric
BPIC15_1,duration,brier_skill,reference,learner+split+rung,3,0.05188808731161164,raw-within-metric
BPIC15_1,duration,brier_skill,reference,learner+quality_level+rung,3,0.02933426873622032,raw-within-metric
BPIC15_1,duration,brier_skill,reference,split+quality_level+rung,3,0.021524719631688404,raw-within-metric
BPIC15_1,duration,brier_skill,reference,learner+split+quality_level+rung,4,0.015483640189406175,raw-within-metric
BPIC15_1,duration,logloss_skill,reference,learner,1,0.08024472284136787,raw-within-metric
BPIC15_1,duration,logloss_skill,reference,split,1,0.31334394420162837,raw-within-metric
BPIC15_1,duration,logloss_skill,reference,quality_level,1,0.029474166964763546,raw-within-metric
BPIC15_1,duration,logloss_skill,reference,rung,1,0.06785325310637694,raw-within-metric
BPIC15_1,duration,logloss_skill,reference,learner+split,2,0.1770458292095989,raw-within-metric
BPIC15_1,duration,logloss_skill,reference,learner+quality_level,2,0.021529245665837218,raw-within-metric
BPIC15_1,duration,logloss_skill,reference,learner+rung,2,0.015400301921919058,raw-within-metric
BPIC15_1,duration,logloss_skill,reference,split+quality_level,2,0.06523472875086649,raw-within-metric
BPIC15_1,duration,logloss_skill,reference,split+rung,2,0.07915837320544468,raw-within-metric
BPIC15_1,duration,logloss_skill,reference,quality_level+rung,2,0.004425850318648729,raw-within-metric
BPIC15_1,duration,logloss_skill,reference,learner+split+quality_level,3,0.06698423921495414,raw-within-metric
BPIC15_1,duration,logloss_skill,reference,learner+split+rung,3,0.018432941640242152,raw-within-metric
BPIC15_1,duration,logloss_skill,reference,learner+quality_level+rung,3,0.02552989197467847,raw-within-metric
BPIC15_1,duration,logloss_skill,reference,split+quality_level+rung,3,0.019100506379840072,raw-within-metric
BPIC15_1,duration,logloss_skill,reference,learner+split+quality_level+rung,4,0.01624200460383334,raw-within-metric
BPIC15_1,duration,nagelkerke,reference,learner,1,0.1051550601446292,raw-within-metric
BPIC15_1,duration,nagelkerke,reference,split,1,0.3011832263171023,raw-within-metric
BPIC15_1,duration,nagelkerke,reference,quality_level,1,0.030832752342600595,raw-within-metric
BPIC15_1,duration,nagelkerke,reference,rung,1,0.059784581514644115,raw-within-metric
BPIC15_1,duration,nagelkerke,reference,learner+split,2,0.20448331422452637,raw-within-metric
BPIC15_1,duration,nagelkerke,reference,learner+quality_level,2,0.02589319935776011,raw-within-metric
BPIC15_1,duration,nagelkerke,reference,learner+rung,2,0.0068763177596736,raw-within-metric
BPIC15_1,duration,nagelkerke,reference,split+quality_level,2,0.07022318744513902,raw-within-metric
BPIC15_1,duration,nagelkerke,reference,split+rung,2,0.056045809326716274,raw-within-metric
BPIC15_1,duration,nagelkerke,reference,quality_level+rung,2,0.004432329604957899,raw-within-metric
BPIC15_1,duration,nagelkerke,reference,learner+split+quality_level,3,0.07240501800410007,raw-within-metric
BPIC15_1,duration,nagelkerke,reference,learner+split+rung,3,0.012323246101029743,raw-within-metric
BPIC15_1,duration,nagelkerke,reference,learner+quality_level+rung,3,0.01784731969752844,raw-within-metric
BPIC15_1,duration,nagelkerke,reference,split+quality_level+rung,3,0.016545063193630798,raw-within-metric
BPIC15_1,duration,nagelkerke,reference,learner+split+quality_level+rung,4,0.015969574965961405,raw-within-metric
BPIC15_1,handover,ap,reference,learner,1,0.00957048113475128,raw-within-metric
BPIC15_1,handover,ap,reference,split,1,0.023702402891727755,raw-within-metric
BPIC15_1,handover,ap,reference,quality_level,1,0.02118976677661128,raw-within-metric
BPIC15_1,handover,ap,reference,rung,1,0.6707734722626876,raw-within-metric
BPIC15_1,handover,ap,reference,learner+split,2,0.007789644667825021,raw-within-metric
BPIC15_1,handover,ap,reference,learner+quality_level,2,0.003810782848444944,raw-within-metric
BPIC15_1,handover,ap,reference,learner+rung,2,0.06526968125673388,raw-within-metric
BPIC15_1,handover,ap,reference,split+quality_level,2,0.016586347802436768,raw-within-metric
BPIC15_1,handover,ap,reference,split+rung,2,0.04743286282512372,raw-within-metric
BPIC15_1,handover,ap,reference,quality_level+rung,2,0.009046667654793122,raw-within-metric
BPIC15_1,handover,ap,reference,learner+split+quality_level,3,0.010517006417883236,raw-within-metric
BPIC15_1,handover,ap,reference,learner+split+rung,3,0.02542992912193084,raw-within-metric
BPIC15_1,handover,ap,reference,learner+quality_level+rung,3,0.011510681963380003,raw-within-metric
BPIC15_1,handover,ap,reference,split+quality_level+rung,3,0.04452307275966933,raw-within-metric
BPIC15_1,handover,ap,reference,learner+split+quality_level+rung,4,0.032847199616001146,raw-within-metric
BPIC15_1,handover,auc,reference,learner,1,0.013265276520749296,raw-within-metric
BPIC15_1,handover,auc,reference,split,1,0.03346729889739358,raw-within-metric
BPIC15_1,handover,auc,reference,quality_level,1,0.04492824897705289,raw-within-metric
BPIC15_1,handover,auc,reference,rung,1,0.5545953750449774,raw-within-metric
BPIC15_1,handover,auc,reference,learner+split,2,0.01672150460407651,raw-within-metric
BPIC15_1,handover,auc,reference,learner+quality_level,2,0.005696019254790165,raw-within-metric
BPIC15_1,handover,auc,reference,learner+rung,2,0.10926292311774989,raw-within-metric
BPIC15_1,handover,auc,reference,split+quality_level,2,0.018718926792323135,raw-within-metric
BPIC15_1,handover,auc,reference,split+rung,2,0.09083367098029065,raw-within-metric
BPIC15_1,handover,auc,reference,quality_level+rung,2,0.017538633697757457,raw-within-metric
BPIC15_1,handover,auc,reference,learner+split+quality_level,3,0.008181722116642384,raw-within-metric
BPIC15_1,handover,auc,reference,learner+split+rung,3,0.018030462827905182,raw-within-metric
BPIC15_1,handover,auc,reference,learner+quality_level+rung,3,0.0036201878667193564,raw-within-metric
BPIC15_1,handover,auc,reference,split+quality_level+rung,3,0.03884428743570492,raw-within-metric
BPIC15_1,handover,auc,reference,learner+split+quality_level+rung,4,0.02629546186586727,raw-within-metric
BPIC15_1,handover,brier_skill,reference,learner,1,0.082977441650787,raw-within-metric
BPIC15_1,handover,brier_skill,reference,split,1,0.16175025652283662,raw-within-metric
BPIC15_1,handover,brier_skill,reference,quality_level,1,0.16129461102573867,raw-within-metric
BPIC15_1,handover,brier_skill,reference,rung,1,0.07912616620230567,raw-within-metric
BPIC15_1,handover,brier_skill,reference,learner+split,2,0.16853880723564887,raw-within-metric
BPIC15_1,handover,brier_skill,reference,learner+quality_level,2,0.05688767078161327,raw-within-metric
BPIC15_1,handover,brier_skill,reference,learner+rung,2,0.056211828501270766,raw-within-metric
BPIC15_1,handover,brier_skill,reference,split+quality_level,2,0.05164781936698242,raw-within-metric
BPIC15_1,handover,brier_skill,reference,split+rung,2,0.043150244948795796,raw-within-metric
BPIC15_1,handover,brier_skill,reference,quality_level+rung,2,0.0027879233418473116,raw-within-metric
BPIC15_1,handover,brier_skill,reference,learner+split+quality_level,3,0.04501383668033635,raw-within-metric
BPIC15_1,handover,brier_skill,reference,learner+split+rung,3,0.03777265363888767,raw-within-metric
BPIC15_1,handover,brier_skill,reference,learner+quality_level+rung,3,0.013264323342673065,raw-within-metric
BPIC15_1,handover,brier_skill,reference,split+quality_level+rung,3,0.019982421000718228,raw-within-metric
BPIC15_1,handover,brier_skill,reference,learner+split+quality_level+rung,4,0.019593995759558412,raw-within-metric
BPIC15_1,handover,logloss_skill,reference,learner,1,0.031526927584419044,raw-within-metric
BPIC15_1,handover,logloss_skill,reference,split,1,0.05892078800689147,raw-within-metric
BPIC15_1,handover,logloss_skill,reference,quality_level,1,0.060456333224066745,raw-within-metric
BPIC15_1,handover,logloss_skill,reference,rung,1,0.030701061860772143,raw-within-metric
BPIC15_1,handover,logloss_skill,reference,learner+split,2,0.037909332299222435,raw-within-metric
BPIC15_1,handover,logloss_skill,reference,learner+quality_level,2,0.032263588392061296,raw-within-metric
BPIC15_1,handover,logloss_skill,reference,learner+rung,2,0.1264692133617631,raw-within-metric
BPIC15_1,handover,logloss_skill,reference,split+quality_level,2,0.02186545111736491,raw-within-metric
BPIC15_1,handover,logloss_skill,reference,split+rung,2,0.28140263440584007,raw-within-metric
BPIC15_1,handover,logloss_skill,reference,quality_level+rung,2,0.015230612713634782,raw-within-metric
BPIC15_1,handover,logloss_skill,reference,learner+split+quality_level,3,0.015949073721341477,raw-within-metric
BPIC15_1,handover,logloss_skill,reference,learner+split+rung,3,0.1989276180860954,raw-within-metric
BPIC15_1,handover,logloss_skill,reference,learner+quality_level+rung,3,0.02745055850090528,raw-within-metric
BPIC15_1,handover,logloss_skill,reference,split+quality_level+rung,3,0.034391235478936494,raw-within-metric
BPIC15_1,handover,logloss_skill,reference,learner+split+quality_level+rung,4,0.026535571246685423,raw-within-metric
BPIC15_1,handover,nagelkerke,reference,learner,1,0.0015458403100924297,raw-within-metric
BPIC15_1,handover,nagelkerke,reference,split,1,0.08497946496514625,raw-within-metric
BPIC15_1,handover,nagelkerke,reference,quality_level,1,0.0016292474394121418,raw-within-metric
BPIC15_1,handover,nagelkerke,reference,rung,1,0.033942334515483424,raw-within-metric
BPIC15_1,handover,nagelkerke,reference,learner+split,2,0.07597118318084524,raw-within-metric
BPIC15_1,handover,nagelkerke,reference,learner+quality_level,2,0.0009337981091762495,raw-within-metric
BPIC15_1,handover,nagelkerke,reference,learner+rung,2,0.05300871503199848,raw-within-metric
BPIC15_1,handover,nagelkerke,reference,split+quality_level,2,0.009603485465407968,raw-within-metric
BPIC15_1,handover,nagelkerke,reference,split+rung,2,0.338207698334889,raw-within-metric
BPIC15_1,handover,nagelkerke,reference,quality_level+rung,2,0.006248362803803472,raw-within-metric
BPIC15_1,handover,nagelkerke,reference,learner+split+quality_level,3,0.00818904035498934,raw-within-metric
BPIC15_1,handover,nagelkerke,reference,learner+split+rung,3,0.3121144131825789,raw-within-metric
BPIC15_1,handover,nagelkerke,reference,learner+quality_level+rung,3,0.008039573502449639,raw-within-metric
BPIC15_1,handover,nagelkerke,reference,split+quality_level+rung,3,0.034269463359551056,raw-within-metric
BPIC15_1,handover,nagelkerke,reference,learner+split+quality_level+rung,4,0.03131737944417645,raw-within-metric
BPIC15_3,duration,ap,reference,learner,1,0.058289899642270035,raw-within-metric
BPIC15_3,duration,ap,reference,split,1,0.1987784829896632,raw-within-metric
BPIC15_3,duration,ap,reference,quality_level,1,0.10019802998309335,raw-within-metric
BPIC15_3,duration,ap,reference,rung,1,0.02424776881594786,raw-within-metric
BPIC15_3,duration,ap,reference,learner+split,2,0.056045729690386674,raw-within-metric
BPIC15_3,duration,ap,reference,learner+quality_level,2,0.012117929712782948,raw-within-metric
BPIC15_3,duration,ap,reference,learner+rung,2,0.20932970125511197,raw-within-metric
BPIC15_3,duration,ap,reference,split+quality_level,2,0.04397914824821078,raw-within-metric
BPIC15_3,duration,ap,reference,split+rung,2,0.10319106894714707,raw-within-metric
BPIC15_3,duration,ap,reference,quality_level+rung,2,0.014410214689601263,raw-within-metric
BPIC15_3,duration,ap,reference,learner+split+quality_level,3,0.01936115280856378,raw-within-metric
BPIC15_3,duration,ap,reference,learner+split+rung,3,0.13171033055315465,raw-within-metric
BPIC15_3,duration,ap,reference,learner+quality_level+rung,3,0.002602725040489535,raw-within-metric
BPIC15_3,duration,ap,reference,split+quality_level+rung,3,0.01678137892045844,raw-within-metric
BPIC15_3,duration,ap,reference,learner+split+quality_level+rung,4,0.008956438703118375,raw-within-metric
BPIC15_3,duration,auc,reference,learner,1,0.07585674777601989,raw-within-metric
BPIC15_3,duration,auc,reference,split,1,0.2498924178328677,raw-within-metric
BPIC15_3,duration,auc,reference,quality_level,1,0.10919033517644458,raw-within-metric
BPIC15_3,duration,auc,reference,rung,1,0.0025615600504836577,raw-within-metric
BPIC15_3,duration,auc,reference,learner+split,2,0.05540301742102782,raw-within-metric
BPIC15_3,duration,auc,reference,learner+quality_level,2,0.008598364119462515,raw-within-metric
BPIC15_3,duration,auc,reference,learner+rung,2,0.1962371843967062,raw-within-metric
BPIC15_3,duration,auc,reference,split+quality_level,2,0.04762493562966463,raw-within-metric
BPIC15_3,duration,auc,reference,split+rung,2,0.10183229928607812,raw-within-metric
BPIC15_3,duration,auc,reference,quality_level+rung,2,0.0055789823803014515,raw-within-metric
BPIC15_3,duration,auc,reference,learner+split+quality_level,3,0.009648693043656268,raw-within-metric
BPIC15_3,duration,auc,reference,learner+split+rung,3,0.10601579883931202,raw-within-metric
BPIC15_3,duration,auc,reference,learner+quality_level+rung,3,0.0007914786363127431,raw-within-metric
BPIC15_3,duration,auc,reference,split+quality_level+rung,3,0.020613826016208783,raw-within-metric
BPIC15_3,duration,auc,reference,learner+split+quality_level+rung,4,0.010154359395453567,raw-within-metric
BPIC15_3,duration,brier_skill,reference,learner,1,0.012988056853547755,raw-within-metric
BPIC15_3,duration,brier_skill,reference,split,1,0.2288626812328744,raw-within-metric
BPIC15_3,duration,brier_skill,reference,quality_level,1,0.05932786742600303,raw-within-metric
BPIC15_3,duration,brier_skill,reference,rung,1,0.09642619711558087,raw-within-metric
BPIC15_3,duration,brier_skill,reference,learner+split,2,0.09167975495351662,raw-within-metric
BPIC15_3,duration,brier_skill,reference,learner+quality_level,2,0.0025947193511963425,raw-within-metric
BPIC15_3,duration,brier_skill,reference,learner+rung,2,0.23606171415050836,raw-within-metric
BPIC15_3,duration,brier_skill,reference,split+quality_level,2,0.040620044466662196,raw-within-metric
BPIC15_3,duration,brier_skill,reference,split+rung,2,0.08670614256659516,raw-within-metric
BPIC15_3,duration,brier_skill,reference,quality_level+rung,2,0.0035509211916372567,raw-within-metric
BPIC15_3,duration,brier_skill,reference,learner+split+quality_level,3,0.0153697926422526,raw-within-metric
BPIC15_3,duration,brier_skill,reference,learner+split+rung,3,0.10354505605739536,raw-within-metric
BPIC15_3,duration,brier_skill,reference,learner+quality_level+rung,3,0.005124972582653067,raw-within-metric
BPIC15_3,duration,brier_skill,reference,split+quality_level+rung,3,0.010041781452483594,raw-within-metric
BPIC15_3,duration,brier_skill,reference,learner+split+quality_level+rung,4,0.007100297957093444,raw-within-metric
BPIC15_3,duration,logloss_skill,reference,learner,1,2.8181303537692577e-05,raw-within-metric
BPIC15_3,duration,logloss_skill,reference,split,1,0.25644428788230866,raw-within-metric
BPIC15_3,duration,logloss_skill,reference,quality_level,1,0.020891827396757275,raw-within-metric
BPIC15_3,duration,logloss_skill,reference,rung,1,0.09732722159857472,raw-within-metric
BPIC15_3,duration,logloss_skill,reference,learner+split,2,0.11506045592077921,raw-within-metric
BPIC15_3,duration,logloss_skill,reference,learner+quality_level,2,0.001383435751817795,raw-within-metric
BPIC15_3,duration,logloss_skill,reference,learner+rung,2,0.20345299768336764,raw-within-metric
BPIC15_3,duration,logloss_skill,reference,split+quality_level,2,0.04737010219251826,raw-within-metric
BPIC15_3,duration,logloss_skill,reference,split+rung,2,0.08893345177176067,raw-within-metric
BPIC15_3,duration,logloss_skill,reference,quality_level+rung,2,0.008876143362566922,raw-within-metric
BPIC15_3,duration,logloss_skill,reference,learner+split+quality_level,3,0.02240394882579594,raw-within-metric
BPIC15_3,duration,logloss_skill,reference,learner+split+rung,3,0.09681479703501732,raw-within-metric
BPIC15_3,duration,logloss_skill,reference,learner+quality_level+rung,3,0.010830068866769009,raw-within-metric
BPIC15_3,duration,logloss_skill,reference,split+quality_level+rung,3,0.016604459681897835,raw-within-metric
BPIC15_3,duration,logloss_skill,reference,learner+split+quality_level+rung,4,0.013578620726530993,raw-within-metric
BPIC15_3,duration,nagelkerke,reference,learner,1,0.055545805110348866,raw-within-metric
BPIC15_3,duration,nagelkerke,reference,split,1,0.22442179110317073,raw-within-metric
BPIC15_3,duration,nagelkerke,reference,quality_level,1,0.01339169177190946,raw-within-metric
BPIC15_3,duration,nagelkerke,reference,rung,1,0.11589531553153534,raw-within-metric
BPIC15_3,duration,nagelkerke,reference,learner+split,2,0.1422190232685773,raw-within-metric
BPIC15_3,duration,nagelkerke,reference,learner+quality_level,2,0.002030311836795743,raw-within-metric
BPIC15_3,duration,nagelkerke,reference,learner+rung,2,0.1698725360923573,raw-within-metric
BPIC15_3,duration,nagelkerke,reference,split+quality_level,2,0.032626327499032166,raw-within-metric
BPIC15_3,duration,nagelkerke,reference,split+rung,2,0.08899039494628148,raw-within-metric
BPIC15_3,duration,nagelkerke,reference,quality_level+rung,2,0.00665634836376718,raw-within-metric
BPIC15_3,duration,nagelkerke,reference,learner+split+quality_level,3,0.019440700981404452,raw-within-metric
BPIC15_3,duration,nagelkerke,reference,learner+split+rung,3,0.09344323524444399,raw-within-metric
BPIC15_3,duration,nagelkerke,reference,learner+quality_level+rung,3,0.00775290538610582,raw-within-metric
BPIC15_3,duration,nagelkerke,reference,split+quality_level+rung,3,0.015260394004677444,raw-within-metric
BPIC15_3,duration,nagelkerke,reference,learner+split+quality_level+rung,4,0.012453218859592694,raw-within-metric
BPIC15_3,handover,ap,reference,learner,1,1.682886663433675e-05,raw-within-metric
BPIC15_3,handover,ap,reference,split,1,0.3887017420153443,raw-within-metric
BPIC15_3,handover,ap,reference,quality_level,1,0.0035776297521768934,raw-within-metric
BPIC15_3,handover,ap,reference,rung,1,0.15144090245477407,raw-within-metric
BPIC15_3,handover,ap,reference,learner+split,2,0.02256104805097269,raw-within-metric
BPIC15_3,handover,ap,reference,learner+quality_level,2,0.0005642543660284397,raw-within-metric
BPIC15_3,handover,ap,reference,learner+rung,2,0.0041263564903764455,raw-within-metric
BPIC15_3,handover,ap,reference,split+quality_level,2,0.05158429676681342,raw-within-metric
BPIC15_3,handover,ap,reference,split+rung,2,0.2703373876956818,raw-within-metric
BPIC15_3,handover,ap,reference,quality_level+rung,2,0.003411553408498511,raw-within-metric
BPIC15_3,handover,ap,reference,learner+split+quality_level,3,0.013086012333462557,raw-within-metric
BPIC15_3,handover,ap,reference,learner+split+rung,3,0.05089234530318484,raw-within-metric
BPIC15_3,handover,ap,reference,learner+quality_level+rung,3,0.0025129346691545235,raw-within-metric
BPIC15_3,handover,ap,reference,split+quality_level+rung,3,0.019635303706070768,raw-within-metric
BPIC15_3,handover,ap,reference,learner+split+quality_level+rung,4,0.017551404120826463,raw-within-metric
BPIC15_3,handover,auc,reference,learner,1,0.002754104673925242,raw-within-metric
BPIC15_3,handover,auc,reference,split,1,0.2696875865239965,raw-within-metric
BPIC15_3,handover,auc,reference,quality_level,1,6.592982033504417e-05,raw-within-metric
BPIC15_3,handover,auc,reference,rung,1,0.11926998345066149,raw-within-metric
BPIC15_3,handover,auc,reference,learner+split,2,0.15903739567359165,raw-within-metric
BPIC15_3,handover,auc,reference,learner+quality_level,2,0.002547809310924323,raw-within-metric
BPIC15_3,handover,auc,reference,learner+rung,2,0.03959254460263055,raw-within-metric
BPIC15_3,handover,auc,reference,split+quality_level,2,0.03043529565358083,raw-within-metric
BPIC15_3,handover,auc,reference,split+rung,2,0.05724013883203204,raw-within-metric
BPIC15_3,handover,auc,reference,quality_level+rung,2,0.0026594676563197962,raw-within-metric
BPIC15_3,handover,auc,reference,learner+split+quality_level,3,0.014509374512748975,raw-within-metric
BPIC15_3,handover,auc,reference,learner+split+rung,3,0.2643776353526123,raw-within-metric
BPIC15_3,handover,auc,reference,learner+quality_level+rung,3,0.0030223335792407715,raw-within-metric
BPIC15_3,handover,auc,reference,split+quality_level+rung,3,0.017915879873177346,raw-within-metric
BPIC15_3,handover,auc,reference,learner+split+quality_level+rung,4,0.016884520484223123,raw-within-metric
BPIC15_3,handover,brier_skill,reference,learner,1,0.0411427994930553,raw-within-metric
BPIC15_3,handover,brier_skill,reference,split,1,0.16785437565365796,raw-within-metric
BPIC15_3,handover,brier_skill,reference,quality_level,1,0.01398281858640731,raw-within-metric
BPIC15_3,handover,brier_skill,reference,rung,1,0.19321033690332418,raw-within-metric
BPIC15_3,handover,brier_skill,reference,learner+split,2,0.08490866989564848,raw-within-metric
BPIC15_3,handover,brier_skill,reference,learner+quality_level,2,0.015922845653221742,raw-within-metric
BPIC15_3,handover,brier_skill,reference,learner+rung,2,0.14808262930600885,raw-within-metric
BPIC15_3,handover,brier_skill,reference,split+quality_level,2,0.0261405623904582,raw-within-metric
BPIC15_3,handover,brier_skill,reference,split+rung,2,0.12014249852541158,raw-within-metric
BPIC15_3,handover,brier_skill,reference,quality_level+rung,2,0.02623527274172069,raw-within-metric
BPIC15_3,handover,brier_skill,reference,learner+split+quality_level,3,0.019268287210692518,raw-within-metric
BPIC15_3,handover,brier_skill,reference,learner+split+rung,3,0.0831368218937962,raw-within-metric
BPIC15_3,handover,brier_skill,reference,learner+quality_level+rung,3,0.016879721691296725,raw-within-metric
BPIC15_3,handover,brier_skill,reference,split+quality_level+rung,3,0.022964468540210614,raw-within-metric
BPIC15_3,handover,brier_skill,reference,learner+split+quality_level+rung,4,0.020127891515089685,raw-within-metric
BPIC15_3,handover,logloss_skill,reference,learner,1,0.0020607876498911484,raw-within-metric
BPIC15_3,handover,logloss_skill,reference,split,1,0.14375664723453507,raw-within-metric
BPIC15_3,handover,logloss_skill,reference,quality_level,1,0.0031127040272777816,raw-within-metric
BPIC15_3,handover,logloss_skill,reference,rung,1,0.2433572002388186,raw-within-metric
BPIC15_3,handover,logloss_skill,reference,learner+split,2,0.08618904966138906,raw-within-metric
BPIC15_3,handover,logloss_skill,reference,learner+quality_level,2,0.004260653867566581,raw-within-metric
BPIC15_3,handover,logloss_skill,reference,learner+rung,2,0.2196335096524094,raw-within-metric
BPIC15_3,handover,logloss_skill,reference,split+quality_level,2,0.02472376309847812,raw-within-metric
BPIC15_3,handover,logloss_skill,reference,split+rung,2,0.10448736899416577,raw-within-metric
BPIC15_3,handover,logloss_skill,reference,quality_level+rung,2,0.01666898822735687,raw-within-metric
BPIC15_3,handover,logloss_skill,reference,learner+split+quality_level,3,0.01666887819179384,raw-within-metric
BPIC15_3,handover,logloss_skill,reference,learner+split+rung,3,0.09078317794365293,raw-within-metric
BPIC15_3,handover,logloss_skill,reference,learner+quality_level+rung,3,0.014133753850585677,raw-within-metric
BPIC15_3,handover,logloss_skill,reference,split+quality_level+rung,3,0.015073617693460122,raw-within-metric
BPIC15_3,handover,logloss_skill,reference,learner+split+quality_level+rung,4,0.015089899668619013,raw-within-metric
BPIC15_3,handover,nagelkerke,reference,learner,1,0.00012578453557734535,raw-within-metric
BPIC15_3,handover,nagelkerke,reference,split,1,0.17006487856097097,raw-within-metric
BPIC15_3,handover,nagelkerke,reference,quality_level,1,0.002539341392166328,raw-within-metric
BPIC15_3,handover,nagelkerke,reference,rung,1,0.2092772883846324,raw-within-metric
BPIC15_3,handover,nagelkerke,reference,learner+split,2,0.12533433625511872,raw-within-metric
BPIC15_3,handover,nagelkerke,reference,learner+quality_level,2,0.003165862676000985,raw-within-metric
BPIC15_3,handover,nagelkerke,reference,learner+rung,2,0.19589113677947703,raw-within-metric
BPIC15_3,handover,nagelkerke,reference,split+quality_level,2,0.02672717508271618,raw-within-metric
BPIC15_3,handover,nagelkerke,reference,split+rung,2,0.0949597054341045,raw-within-metric
BPIC15_3,handover,nagelkerke,reference,quality_level+rung,2,0.01338501203215429,raw-within-metric
BPIC15_3,handover,nagelkerke,reference,learner+split+quality_level,3,0.021855545906239747,raw-within-metric
BPIC15_3,handover,nagelkerke,reference,learner+split+rung,3,0.09104670086592088,raw-within-metric
BPIC15_3,handover,nagelkerke,reference,learner+quality_level+rung,3,0.012010317610300468,raw-within-metric
BPIC15_3,handover,nagelkerke,reference,split+quality_level+rung,3,0.016853576037210008,raw-within-metric
BPIC15_3,handover,nagelkerke,reference,learner+split+quality_level+rung,4,0.016763338447410226,raw-within-metric
BPIC15_4,duration,ap,reference,learner,1,0.0004718861394731404,raw-within-metric
BPIC15_4,duration,ap,reference,split,1,0.2778744028845422,raw-within-metric
BPIC15_4,duration,ap,reference,quality_level,1,0.02483005602667508,raw-within-metric
BPIC15_4,duration,ap,reference,rung,1,0.04152398887488634,raw-within-metric
BPIC15_4,duration,ap,reference,learner+split,2,0.11984020658338057,raw-within-metric
BPIC15_4,duration,ap,reference,learner+quality_level,2,0.042605151494073915,raw-within-metric
BPIC15_4,duration,ap,reference,learner+rung,2,0.04699084066739081,raw-within-metric
BPIC15_4,duration,ap,reference,split+quality_level,2,0.08570616557648757,raw-within-metric
BPIC15_4,duration,ap,reference,split+rung,2,0.056906133100558,raw-within-metric
BPIC15_4,duration,ap,reference,quality_level+rung,2,0.010494390000274568,raw-within-metric
BPIC15_4,duration,ap,reference,learner+split+quality_level,3,0.055453985016454946,raw-within-metric
BPIC15_4,duration,ap,reference,learner+split+rung,3,0.107976913837675,raw-within-metric
BPIC15_4,duration,ap,reference,learner+quality_level+rung,3,0.012497819441688436,raw-within-metric
BPIC15_4,duration,ap,reference,split+quality_level+rung,3,0.04710274265280004,raw-within-metric
BPIC15_4,duration,ap,reference,learner+split+quality_level+rung,4,0.06972531770363939,raw-within-metric
BPIC15_4,duration,auc,reference,learner,1,0.143856274275405,raw-within-metric
BPIC15_4,duration,auc,reference,split,1,0.1921721206695377,raw-within-metric
BPIC15_4,duration,auc,reference,quality_level,1,0.024203392303108053,raw-within-metric
BPIC15_4,duration,auc,reference,rung,1,0.019031197382058676,raw-within-metric
BPIC15_4,duration,auc,reference,learner+split,2,0.10350126667818119,raw-within-metric
BPIC15_4,duration,auc,reference,learner+quality_level,2,0.08231593966797486,raw-within-metric
BPIC15_4,duration,auc,reference,learner+rung,2,0.03463409427758079,raw-within-metric
BPIC15_4,duration,auc,reference,split+quality_level,2,0.046456021053023384,raw-within-metric
BPIC15_4,duration,auc,reference,split+rung,2,0.1269418112880735,raw-within-metric
BPIC15_4,duration,auc,reference,quality_level+rung,2,0.00785550838577764,raw-within-metric
BPIC15_4,duration,auc,reference,learner+split+quality_level,3,0.07828848794993484,raw-within-metric
BPIC15_4,duration,auc,reference,learner+split+rung,3,0.09342941944376792,raw-within-metric
BPIC15_4,duration,auc,reference,learner+quality_level+rung,3,0.008062213495127438,raw-within-metric
BPIC15_4,duration,auc,reference,split+quality_level+rung,3,0.020547454133062828,raw-within-metric
BPIC15_4,duration,auc,reference,learner+split+quality_level+rung,4,0.018704798997386144,raw-within-metric
BPIC15_4,duration,brier_skill,reference,learner,1,0.22533238585008433,raw-within-metric
BPIC15_4,duration,brier_skill,reference,split,1,0.06268505750986425,raw-within-metric
BPIC15_4,duration,brier_skill,reference,quality_level,1,0.05387702017626658,raw-within-metric
BPIC15_4,duration,brier_skill,reference,rung,1,0.02993006241422257,raw-within-metric
BPIC15_4,duration,brier_skill,reference,learner+split,2,0.185299602943579,raw-within-metric
BPIC15_4,duration,brier_skill,reference,learner+quality_level,2,0.11241373563563604,raw-within-metric
BPIC15_4,duration,brier_skill,reference,learner+rung,2,0.03535755723016939,raw-within-metric
BPIC15_4,duration,brier_skill,reference,split+quality_level,2,0.07959269961902135,raw-within-metric
BPIC15_4,duration,brier_skill,reference,split+rung,2,0.03061239830613723,raw-within-metric
BPIC15_4,duration,brier_skill,reference,quality_level+rung,2,0.005021080752536032,raw-within-metric
BPIC15_4,duration,brier_skill,reference,learner+split+quality_level,3,0.11379295946627159,raw-within-metric
BPIC15_4,duration,brier_skill,reference,learner+split+rung,3,0.028196922770643736,raw-within-metric
BPIC15_4,duration,brier_skill,reference,learner+quality_level+rung,3,0.0069201167377348945,raw-within-metric
BPIC15_4,duration,brier_skill,reference,split+quality_level+rung,3,0.013774723198738901,raw-within-metric
BPIC15_4,duration,brier_skill,reference,learner+split+quality_level+rung,4,0.017193677389094088,raw-within-metric
BPIC15_4,duration,logloss_skill,reference,learner,1,0.2725861747723364,raw-within-metric
BPIC15_4,duration,logloss_skill,reference,split,1,0.07889233914249204,raw-within-metric
BPIC15_4,duration,logloss_skill,reference,quality_level,1,0.07647945730188975,raw-within-metric
BPIC15_4,duration,logloss_skill,reference,rung,1,0.0069850033087667665,raw-within-metric
BPIC15_4,duration,logloss_skill,reference,learner+split,2,0.17231311404904365,raw-within-metric
BPIC15_4,duration,logloss_skill,reference,learner+quality_level,2,0.12203027035214979,raw-within-metric
BPIC15_4,duration,logloss_skill,reference,learner+rung,2,0.006705564141605306,raw-within-metric
BPIC15_4,duration,logloss_skill,reference,split+quality_level,2,0.09324456258816564,raw-within-metric
BPIC15_4,duration,logloss_skill,reference,split+rung,2,0.020024151187503447,raw-within-metric
BPIC15_4,duration,logloss_skill,reference,quality_level+rung,2,0.002366656155993539,raw-within-metric
BPIC15_4,duration,logloss_skill,reference,learner+split+quality_level,3,0.11701107277156098,raw-within-metric
BPIC15_4,duration,logloss_skill,reference,learner+split+rung,3,0.019300784572115395,raw-within-metric
BPIC15_4,duration,logloss_skill,reference,learner+quality_level+rung,3,0.0018725324403449958,raw-within-metric
BPIC15_4,duration,logloss_skill,reference,split+quality_level+rung,3,0.004578684309511344,raw-within-metric
BPIC15_4,duration,logloss_skill,reference,learner+split+quality_level+rung,4,0.005609632906520882,raw-within-metric
BPIC15_4,duration,nagelkerke,reference,learner,1,0.29396541168957036,raw-within-metric
BPIC15_4,duration,nagelkerke,reference,split,1,0.08142320745520033,raw-within-metric
BPIC15_4,duration,nagelkerke,reference,quality_level,1,0.08999181562217567,raw-within-metric
BPIC15_4,duration,nagelkerke,reference,rung,1,0.006487821389046532,raw-within-metric
BPIC15_4,duration,nagelkerke,reference,learner+split,2,0.15723426948693836,raw-within-metric
BPIC15_4,duration,nagelkerke,reference,learner+quality_level,2,0.12801671389082947,raw-within-metric
BPIC15_4,duration,nagelkerke,reference,learner+rung,2,0.0048470653154329395,raw-within-metric
BPIC15_4,duration,nagelkerke,reference,split+quality_level,2,0.09125202138756415,raw-within-metric
BPIC15_4,duration,nagelkerke,reference,split+rung,2,0.012684346543941337,raw-within-metric
BPIC15_4,duration,nagelkerke,reference,quality_level+rung,2,0.002028841895720035,raw-within-metric
BPIC15_4,duration,nagelkerke,reference,learner+split+quality_level,3,0.11501708347227949,raw-within-metric
BPIC15_4,duration,nagelkerke,reference,learner+split+rung,3,0.0108270689205565,raw-within-metric
BPIC15_4,duration,nagelkerke,reference,learner+quality_level+rung,3,0.0014771918676099146,raw-within-metric
BPIC15_4,duration,nagelkerke,reference,split+quality_level+rung,3,0.0023122327510960664,raw-within-metric
BPIC15_4,duration,nagelkerke,reference,learner+split+quality_level+rung,4,0.002434908312038891,raw-within-metric
BPIC15_4,handover,ap,reference,learner,1,0.01575755581943899,raw-within-metric
BPIC15_4,handover,ap,reference,split,1,0.17027918041545173,raw-within-metric
BPIC15_4,handover,ap,reference,quality_level,1,0.026229628496133396,raw-within-metric
BPIC15_4,handover,ap,reference,rung,1,0.1425433327157878,raw-within-metric
BPIC15_4,handover,ap,reference,learner+split,2,0.04432342174873895,raw-within-metric
BPIC15_4,handover,ap,reference,learner+quality_level,2,0.015375621875111902,raw-within-metric
BPIC15_4,handover,ap,reference,learner+rung,2,0.09588416329397699,raw-within-metric
BPIC15_4,handover,ap,reference,split+quality_level,2,0.03545475362205158,raw-within-metric
BPIC15_4,handover,ap,reference,split+rung,2,0.19939314753289386,raw-within-metric
BPIC15_4,handover,ap,reference,quality_level+rung,2,0.018560266654697007,raw-within-metric
BPIC15_4,handover,ap,reference,learner+split+quality_level,3,0.029271004667722273,raw-within-metric
BPIC15_4,handover,ap,reference,learner+split+rung,3,0.13423174252249404,raw-within-metric
BPIC15_4,handover,ap,reference,learner+quality_level+rung,3,0.022017356247930435,raw-within-metric
BPIC15_4,handover,ap,reference,split+quality_level+rung,3,0.026842219918356523,raw-within-metric
BPIC15_4,handover,ap,reference,learner+split+quality_level+rung,4,0.023836604469214564,raw-within-metric
BPIC15_4,handover,auc,reference,learner,1,0.08085690462938712,raw-within-metric
BPIC15_4,handover,auc,reference,split,1,0.09235936067535865,raw-within-metric
BPIC15_4,handover,auc,reference,quality_level,1,0.04424019853973588,raw-within-metric
BPIC15_4,handover,auc,reference,rung,1,0.07351827214768467,raw-within-metric
BPIC15_4,handover,auc,reference,learner+split,2,0.17031400524411652,raw-within-metric
BPIC15_4,handover,auc,reference,learner+quality_level,2,0.05163612304572445,raw-within-metric
BPIC15_4,handover,auc,reference,learner+rung,2,0.0766416553920771,raw-within-metric
BPIC15_4,handover,auc,reference,split+quality_level,2,0.08968243428968257,raw-within-metric
BPIC15_4,handover,auc,reference,split+rung,2,0.08337266277536909,raw-within-metric
BPIC15_4,handover,auc,reference,quality_level+rung,2,0.022833717475839847,raw-within-metric
BPIC15_4,handover,auc,reference,learner+split+quality_level,3,0.05027916998905706,raw-within-metric
BPIC15_4,handover,auc,reference,learner+split+rung,3,0.06857951567409314,raw-within-metric
BPIC15_4,handover,auc,reference,learner+quality_level+rung,3,0.016538130098875878,raw-within-metric
BPIC15_4,handover,auc,reference,split+quality_level+rung,3,0.043666505148750014,raw-within-metric
BPIC15_4,handover,auc,reference,learner+split+quality_level+rung,4,0.035481344874247936,raw-within-metric
BPIC15_4,handover,brier_skill,reference,learner,1,0.07153860885548255,raw-within-metric
BPIC15_4,handover,brier_skill,reference,split,1,0.04370078017874012,raw-within-metric
BPIC15_4,handover,brier_skill,reference,quality_level,1,0.037109283907470446,raw-within-metric
BPIC15_4,handover,brier_skill,reference,rung,1,0.06774429759580658,raw-within-metric
BPIC15_4,handover,brier_skill,reference,learner+split,2,0.06266468154920138,raw-within-metric
BPIC15_4,handover,brier_skill,reference,learner+quality_level,2,0.03313661626530217,raw-within-metric
BPIC15_4,handover,brier_skill,reference,learner+rung,2,0.05932492531148548,raw-within-metric
BPIC15_4,handover,brier_skill,reference,split+quality_level,2,0.09337406349469883,raw-within-metric
BPIC15_4,handover,brier_skill,reference,split+rung,2,0.13388876005378358,raw-within-metric
BPIC15_4,handover,brier_skill,reference,quality_level+rung,2,0.021355447823054617,raw-within-metric
BPIC15_4,handover,brier_skill,reference,learner+split+quality_level,3,0.0948191866553393,raw-within-metric
BPIC15_4,handover,brier_skill,reference,learner+split+rung,3,0.14916215854871176,raw-within-metric
BPIC15_4,handover,brier_skill,reference,learner+quality_level+rung,3,0.022471482977253522,raw-within-metric
BPIC15_4,handover,brier_skill,reference,split+quality_level+rung,3,0.0533721517807644,raw-within-metric
BPIC15_4,handover,brier_skill,reference,learner+split+quality_level+rung,4,0.05633755500290536,raw-within-metric
BPIC15_4,handover,logloss_skill,reference,learner,1,0.2017292909793154,raw-within-metric
BPIC15_4,handover,logloss_skill,reference,split,1,0.048998208716652066,raw-within-metric
BPIC15_4,handover,logloss_skill,reference,quality_level,1,0.012420285529870317,raw-within-metric
BPIC15_4,handover,logloss_skill,reference,rung,1,0.04462034904418037,raw-within-metric
BPIC15_4,handover,logloss_skill,reference,learner+split,2,0.07138769466899726,raw-within-metric
BPIC15_4,handover,logloss_skill,reference,learner+quality_level,2,0.010607265634519738,raw-within-metric
BPIC15_4,handover,logloss_skill,reference,learner+rung,2,0.036621881812045336,raw-within-metric
BPIC15_4,handover,logloss_skill,reference,split+quality_level,2,0.05748126394220074,raw-within-metric
BPIC15_4,handover,logloss_skill,reference,split+rung,2,0.11806010072322033,raw-within-metric
BPIC15_4,handover,logloss_skill,reference,quality_level+rung,2,0.04608701244182553,raw-within-metric
BPIC15_4,handover,logloss_skill,reference,learner+split+quality_level,3,0.06627077937002525,raw-within-metric
BPIC15_4,handover,logloss_skill,reference,learner+split+rung,3,0.12198660807625099,raw-within-metric
BPIC15_4,handover,logloss_skill,reference,learner+quality_level+rung,3,0.044846656026628136,raw-within-metric
BPIC15_4,handover,logloss_skill,reference,split+quality_level+rung,3,0.059972972378522664,raw-within-metric
BPIC15_4,handover,logloss_skill,reference,learner+split+quality_level+rung,4,0.05890963065574587,raw-within-metric
BPIC15_4,handover,nagelkerke,reference,learner,1,0.014513411375834022,raw-within-metric
BPIC15_4,handover,nagelkerke,reference,split,1,0.006063758631893715,raw-within-metric
BPIC15_4,handover,nagelkerke,reference,quality_level,1,0.01651557626299469,raw-within-metric
BPIC15_4,handover,nagelkerke,reference,rung,1,0.023023380012857704,raw-within-metric
BPIC15_4,handover,nagelkerke,reference,learner+split,2,0.007347194584694092,raw-within-metric
BPIC15_4,handover,nagelkerke,reference,learner+quality_level,2,0.014799012408237307,raw-within-metric
BPIC15_4,handover,nagelkerke,reference,learner+rung,2,0.02351648923274742,raw-within-metric
BPIC15_4,handover,nagelkerke,reference,split+quality_level,2,0.19120213851939255,raw-within-metric
BPIC15_4,handover,nagelkerke,reference,split+rung,2,0.21214020283458096,raw-within-metric
BPIC15_4,handover,nagelkerke,reference,quality_level+rung,2,0.006003700471343107,raw-within-metric
BPIC15_4,handover,nagelkerke,reference,learner+split+quality_level,3,0.19397261196399831,raw-within-metric
BPIC15_4,handover,nagelkerke,reference,learner+split+rung,3,0.21374616994171194,raw-within-metric
BPIC15_4,handover,nagelkerke,reference,learner+quality_level+rung,3,0.005787709194139555,raw-within-metric
BPIC15_4,handover,nagelkerke,reference,split+quality_level+rung,3,0.03562307971723849,raw-within-metric
BPIC15_4,handover,nagelkerke,reference,learner+split+quality_level+rung,4,0.035745564848336187,raw-within-metric
BPIC15_5,duration,ap,reference,learner,1,0.08108932612461678,raw-within-metric
BPIC15_5,duration,ap,reference,split,1,0.010726577982522913,raw-within-metric
BPIC15_5,duration,ap,reference,quality_level,1,0.05824486513382951,raw-within-metric
BPIC15_5,duration,ap,reference,rung,1,0.07434502814597113,raw-within-metric
BPIC15_5,duration,ap,reference,learner+split,2,0.07141586385460831,raw-within-metric
BPIC15_5,duration,ap,reference,learner+quality_level,2,0.011443540439882336,raw-within-metric
BPIC15_5,duration,ap,reference,learner+rung,2,0.13951357260648906,raw-within-metric
BPIC15_5,duration,ap,reference,split+quality_level,2,0.0378133370436587,raw-within-metric
BPIC15_5,duration,ap,reference,split+rung,2,0.15136976297323604,raw-within-metric
BPIC15_5,duration,ap,reference,quality_level+rung,2,0.03077739241822019,raw-within-metric
BPIC15_5,duration,ap,reference,learner+split+quality_level,3,0.0491012168620846,raw-within-metric
BPIC15_5,duration,ap,reference,learner+split+rung,3,0.2079496214421346,raw-within-metric
BPIC15_5,duration,ap,reference,learner+quality_level+rung,3,0.010721246690850264,raw-within-metric
BPIC15_5,duration,ap,reference,split+quality_level+rung,3,0.048947346403499986,raw-within-metric
BPIC15_5,duration,ap,reference,learner+split+quality_level+rung,4,0.016541301878395566,raw-within-metric
BPIC15_5,duration,auc,reference,learner,1,0.041189015038838435,raw-within-metric
BPIC15_5,duration,auc,reference,split,1,0.06581825284285006,raw-within-metric
BPIC15_5,duration,auc,reference,quality_level,1,0.019643124085383806,raw-within-metric
BPIC15_5,duration,auc,reference,rung,1,0.0008114804474994825,raw-within-metric
BPIC15_5,duration,auc,reference,learner+split,2,0.0011615115471407332,raw-within-metric
BPIC15_5,duration,auc,reference,learner+quality_level,2,0.008199411638727087,raw-within-metric
BPIC15_5,duration,auc,reference,learner+rung,2,0.27317931684930774,raw-within-metric
BPIC15_5,duration,auc,reference,split+quality_level,2,0.028837021680380628,raw-within-metric
BPIC15_5,duration,auc,reference,split+rung,2,0.13628672862141886,raw-within-metric
BPIC15_5,duration,auc,reference,quality_level+rung,2,0.003604962964279709,raw-within-metric
BPIC15_5,duration,auc,reference,learner+split+quality_level,3,0.015007630056629829,raw-within-metric
BPIC15_5,duration,auc,reference,learner+split+rung,3,0.34050290521162835,raw-within-metric
BPIC15_5,duration,auc,reference,learner+quality_level+rung,3,0.014276867727748393,raw-within-metric
BPIC15_5,duration,auc,reference,split+quality_level+rung,3,0.026554441935598368,raw-within-metric
BPIC15_5,duration,auc,reference,learner+split+quality_level+rung,4,0.02492732935256853,raw-within-metric
BPIC15_5,duration,brier_skill,reference,learner,1,0.09601828311798118,raw-within-metric
BPIC15_5,duration,brier_skill,reference,split,1,0.09256928070636784,raw-within-metric
BPIC15_5,duration,brier_skill,reference,quality_level,1,0.04593882731462307,raw-within-metric
BPIC15_5,duration,brier_skill,reference,rung,1,0.10632067163586298,raw-within-metric
BPIC15_5,duration,brier_skill,reference,learner+split,2,0.029088448446691728,raw-within-metric
BPIC15_5,duration,brier_skill,reference,learner+quality_level,2,0.03664646250174933,raw-within-metric
BPIC15_5,duration,brier_skill,reference,learner+rung,2,0.07415806036483165,raw-within-metric
BPIC15_5,duration,brier_skill,reference,split+quality_level,2,0.06046871350048004,raw-within-metric
BPIC15_5,duration,brier_skill,reference,split+rung,2,0.17431083888950696,raw-within-metric
BPIC15_5,duration,brier_skill,reference,quality_level+rung,2,0.010437653176274963,raw-within-metric
BPIC15_5,duration,brier_skill,reference,learner+split+quality_level,3,0.03642094574102824,raw-within-metric
BPIC15_5,duration,brier_skill,reference,learner+split+rung,3,0.17926262481744398,raw-within-metric
BPIC15_5,duration,brier_skill,reference,learner+quality_level+rung,3,0.00541481332490758,raw-within-metric
BPIC15_5,duration,brier_skill,reference,split+quality_level+rung,3,0.035695976011786465,raw-within-metric
BPIC15_5,duration,brier_skill,reference,learner+split+quality_level+rung,4,0.01724840045046394,raw-within-metric
BPIC15_5,duration,logloss_skill,reference,learner,1,0.23018639171258357,raw-within-metric
BPIC15_5,duration,logloss_skill,reference,split,1,0.07518037415465129,raw-within-metric
BPIC15_5,duration,logloss_skill,reference,quality_level,1,0.05498514865699604,raw-within-metric
BPIC15_5,duration,logloss_skill,reference,rung,1,0.05111229629974126,raw-within-metric
BPIC15_5,duration,logloss_skill,reference,learner+split,2,0.021050167449531615,raw-within-metric
BPIC15_5,duration,logloss_skill,reference,learner+quality_level,2,0.04429284997488691,raw-within-metric
BPIC15_5,duration,logloss_skill,reference,learner+rung,2,0.007762361990441723,raw-within-metric
BPIC15_5,duration,logloss_skill,reference,split+quality_level,2,0.06760667173427297,raw-within-metric
BPIC15_5,duration,logloss_skill,reference,split+rung,2,0.18755707610833625,raw-within-metric
BPIC15_5,duration,logloss_skill,reference,quality_level+rung,2,0.014507342640954836,raw-within-metric
BPIC15_5,duration,logloss_skill,reference,learner+split+quality_level,3,0.04729919233767395,raw-within-metric
BPIC15_5,duration,logloss_skill,reference,learner+split+rung,3,0.12715635620910257,raw-within-metric
BPIC15_5,duration,logloss_skill,reference,learner+quality_level+rung,3,0.008453834386970602,raw-within-metric
BPIC15_5,duration,logloss_skill,reference,split+quality_level+rung,3,0.043441433905702556,raw-within-metric
BPIC15_5,duration,logloss_skill,reference,learner+split+quality_level+rung,4,0.019408502438153914,raw-within-metric
BPIC15_5,duration,nagelkerke,reference,learner,1,0.17494536803298427,raw-within-metric
BPIC15_5,duration,nagelkerke,reference,split,1,0.05385433899804035,raw-within-metric
BPIC15_5,duration,nagelkerke,reference,quality_level,1,0.037044205919789075,raw-within-metric
BPIC15_5,duration,nagelkerke,reference,rung,1,0.031141433906261777,raw-within-metric
BPIC15_5,duration,nagelkerke,reference,learner+split,2,0.025164465878937173,raw-within-metric
BPIC15_5,duration,nagelkerke,reference,learner+quality_level,2,0.03492887664236297,raw-within-metric
BPIC15_5,duration,nagelkerke,reference,learner+rung,2,0.0023865044179665357,raw-within-metric
BPIC15_5,duration,nagelkerke,reference,split+quality_level,2,0.06053967378571377,raw-within-metric
BPIC15_5,duration,nagelkerke,reference,split+rung,2,0.2795983134642223,raw-within-metric
BPIC15_5,duration,nagelkerke,reference,quality_level+rung,2,0.016710516421919456,raw-within-metric
BPIC15_5,duration,nagelkerke,reference,learner+split+quality_level,3,0.04823665702318053,raw-within-metric
BPIC15_5,duration,nagelkerke,reference,learner+split+rung,3,0.15145066121463308,raw-within-metric
BPIC15_5,duration,nagelkerke,reference,learner+quality_level+rung,3,0.015283363157033322,raw-within-metric
BPIC15_5,duration,nagelkerke,reference,split+quality_level+rung,3,0.041096361671327464,raw-within-metric
BPIC15_5,duration,nagelkerke,reference,learner+split+quality_level+rung,4,0.027619259465627783,raw-within-metric
BPIC17,duration,ap,reference,learner,1,0.001138561944462544,raw-within-metric
BPIC17,duration,ap,reference,split,1,0.21399732316074685,raw-within-metric
BPIC17,duration,ap,reference,quality_level,1,0.26615343095771116,raw-within-metric
BPIC17,duration,ap,reference,rung,1,0.18774259017096112,raw-within-metric
BPIC17,duration,ap,reference,learner+split,2,0.06868247884128244,raw-within-metric
BPIC17,duration,ap,reference,learner+quality_level,2,0.003916152839264314,raw-within-metric
BPIC17,duration,ap,reference,learner+rung,2,0.07364888747435246,raw-within-metric
BPIC17,duration,ap,reference,split+quality_level,2,0.0307213008401055,raw-within-metric
BPIC17,duration,ap,reference,split+rung,2,0.029915090865577282,raw-within-metric
BPIC17,duration,ap,reference,quality_level+rung,2,0.04481504873803837,raw-within-metric
BPIC17,duration,ap,reference,learner+split+quality_level,3,0.018889098094947713,raw-within-metric
BPIC17,duration,ap,reference,learner+split+rung,3,0.014429074127500736,raw-within-metric
BPIC17,duration,ap,reference,learner+quality_level+rung,3,0.007597282210031125,raw-within-metric
BPIC17,duration,ap,reference,split+quality_level+rung,3,0.01543098337530077,raw-within-metric
BPIC17,duration,ap,reference,learner+split+quality_level+rung,4,0.022922696359717595,raw-within-metric
BPIC17,duration,auc,reference,learner,1,0.0040094521944701025,raw-within-metric
BPIC17,duration,auc,reference,split,1,0.16624261972202442,raw-within-metric
BPIC17,duration,auc,reference,quality_level,1,0.0636037514875266,raw-within-metric
BPIC17,duration,auc,reference,rung,1,0.43178856308488,raw-within-metric
BPIC17,duration,auc,reference,learner+split,2,0.06762430841293005,raw-within-metric
BPIC17,duration,auc,reference,learner+quality_level,2,0.0012361439178273494,raw-within-metric
BPIC17,duration,auc,reference,learner+rung,2,0.07715425639343773,raw-within-metric
BPIC17,duration,auc,reference,split+quality_level,2,0.018253262094398003,raw-within-metric
BPIC17,duration,auc,reference,split+rung,2,0.06568680919769893,raw-within-metric
BPIC17,duration,auc,reference,quality_level+rung,2,0.04924346952650573,raw-within-metric
BPIC17,duration,auc,reference,learner+split+quality_level,3,0.008069237652691397,raw-within-metric
BPIC17,duration,auc,reference,learner+split+rung,3,0.023477968337034347,raw-within-metric
BPIC17,duration,auc,reference,learner+quality_level+rung,3,0.0029673104637973438,raw-within-metric
BPIC17,duration,auc,reference,split+quality_level+rung,3,0.008147217740096996,raw-within-metric
BPIC17,duration,auc,reference,learner+split+quality_level+rung,4,0.012495629774681046,raw-within-metric
BPIC17,duration,brier_skill,reference,learner,1,0.07729319074357993,raw-within-metric
BPIC17,duration,brier_skill,reference,split,1,0.3206151622919384,raw-within-metric
BPIC17,duration,brier_skill,reference,quality_level,1,0.03882916292079088,raw-within-metric
BPIC17,duration,brier_skill,reference,rung,1,0.01729269527688935,raw-within-metric
BPIC17,duration,brier_skill,reference,learner+split,2,0.12561352393668887,raw-within-metric
BPIC17,duration,brier_skill,reference,learner+quality_level,2,0.020914929931789714,raw-within-metric
BPIC17,duration,brier_skill,reference,learner+rung,2,0.08343184540982233,raw-within-metric
BPIC17,duration,brier_skill,reference,split+quality_level,2,0.06193230413565884,raw-within-metric
BPIC17,duration,brier_skill,reference,split+rung,2,0.11099905108801518,raw-within-metric
BPIC17,duration,brier_skill,reference,quality_level+rung,2,0.006027267263373501,raw-within-metric
BPIC17,duration,brier_skill,reference,learner+split+quality_level,3,0.032240840472529474,raw-within-metric
BPIC17,duration,brier_skill,reference,learner+split+rung,3,0.05264284986881716,raw-within-metric
BPIC17,duration,brier_skill,reference,learner+quality_level+rung,3,0.008164553823032515,raw-within-metric
BPIC17,duration,brier_skill,reference,split+quality_level+rung,3,0.020138034450134925,raw-within-metric
BPIC17,duration,brier_skill,reference,learner+split+quality_level+rung,4,0.02386458838693895,raw-within-metric
BPIC17,duration,logloss_skill,reference,learner,1,0.09745298660577498,raw-within-metric
BPIC17,duration,logloss_skill,reference,split,1,0.3112548602672107,raw-within-metric
BPIC17,duration,logloss_skill,reference,quality_level,1,0.04132595741497648,raw-within-metric
BPIC17,duration,logloss_skill,reference,rung,1,0.017771988920679008,raw-within-metric
BPIC17,duration,logloss_skill,reference,learner+split,2,0.12573429779812198,raw-within-metric
BPIC17,duration,logloss_skill,reference,learner+quality_level,2,0.02595218965104969,raw-within-metric
BPIC17,duration,logloss_skill,reference,learner+rung,2,0.08033821639038655,raw-within-metric
BPIC17,duration,logloss_skill,reference,split+quality_level,2,0.060605960359055855,raw-within-metric
BPIC17,duration,logloss_skill,reference,split+rung,2,0.10341005454796368,raw-within-metric
BPIC17,duration,logloss_skill,reference,quality_level+rung,2,0.005479201993010206,raw-within-metric
BPIC17,duration,logloss_skill,reference,learner+split+quality_level,3,0.03140861878614593,raw-within-metric
BPIC17,duration,logloss_skill,reference,learner+split+rung,3,0.04832522188646352,raw-within-metric
BPIC17,duration,logloss_skill,reference,learner+quality_level+rung,3,0.007513723071066373,raw-within-metric
BPIC17,duration,logloss_skill,reference,split+quality_level+rung,3,0.020407047705759705,raw-within-metric
BPIC17,duration,logloss_skill,reference,learner+split+quality_level+rung,4,0.02301967460233529,raw-within-metric
BPIC17,duration,nagelkerke,reference,learner,1,0.09691224283342093,raw-within-metric
BPIC17,duration,nagelkerke,reference,split,1,0.31161902219357934,raw-within-metric
BPIC17,duration,nagelkerke,reference,quality_level,1,0.041094085671429456,raw-within-metric
BPIC17,duration,nagelkerke,reference,rung,1,0.018009000785775626,raw-within-metric
BPIC17,duration,nagelkerke,reference,learner+split,2,0.12552599003634043,raw-within-metric
BPIC17,duration,nagelkerke,reference,learner+quality_level,2,0.02567030159265662,raw-within-metric
BPIC17,duration,nagelkerke,reference,learner+rung,2,0.08047424269865117,raw-within-metric
BPIC17,duration,nagelkerke,reference,split+quality_level,2,0.060480581536929374,raw-within-metric
BPIC17,duration,nagelkerke,reference,split+rung,2,0.10363040993615223,raw-within-metric
BPIC17,duration,nagelkerke,reference,quality_level+rung,2,0.005561508922967932,raw-within-metric
BPIC17,duration,nagelkerke,reference,learner+split+quality_level,3,0.03126941317479476,raw-within-metric
BPIC17,duration,nagelkerke,reference,learner+split+rung,3,0.048666655377473354,raw-within-metric
BPIC17,duration,nagelkerke,reference,learner+quality_level+rung,3,0.0075070139659476984,raw-within-metric
BPIC17,duration,nagelkerke,reference,split+quality_level+rung,3,0.020466835188905463,raw-within-metric
BPIC17,duration,nagelkerke,reference,learner+split+quality_level+rung,4,0.023112696084975664,raw-within-metric
BPIC19,duration,ap,reference,learner,1,0.06191313897997567,raw-within-metric
BPIC19,duration,ap,reference,split,1,0.3478839960176527,raw-within-metric
BPIC19,duration,ap,reference,quality_level,1,0.02998740017994758,raw-within-metric
BPIC19,duration,ap,reference,rung,1,0.19300091661705707,raw-within-metric
BPIC19,duration,ap,reference,learner+split,2,0.03519841648860636,raw-within-metric
BPIC19,duration,ap,reference,learner+quality_level,2,0.009792361908863434,raw-within-metric
BPIC19,duration,ap,reference,learner+rung,2,0.019773874067243423,raw-within-metric
BPIC19,duration,ap,reference,split+quality_level,2,0.012897902330058018,raw-within-metric
BPIC19,duration,ap,reference,split+rung,2,0.23675108896609157,raw-within-metric
BPIC19,duration,ap,reference,quality_level+rung,2,0.012103608122555062,raw-within-metric
BPIC19,duration,ap,reference,learner+split+quality_level,3,0.004450592190312586,raw-within-metric
BPIC19,duration,ap,reference,learner+split+rung,3,0.02023076219488148,raw-within-metric
BPIC19,duration,ap,reference,learner+quality_level+rung,3,0.00176200745918214,raw-within-metric
BPIC19,duration,ap,reference,split+quality_level+rung,3,0.012075071300224519,raw-within-metric
BPIC19,duration,ap,reference,learner+split+quality_level+rung,4,0.0021788631773485057,raw-within-metric
BPIC19,duration,auc,reference,learner,1,0.08163774288471194,raw-within-metric
BPIC19,duration,auc,reference,split,1,0.1924890577717987,raw-within-metric
BPIC19,duration,auc,reference,quality_level,1,0.01664013282119234,raw-within-metric
BPIC19,duration,auc,reference,rung,1,0.16074188670007358,raw-within-metric
BPIC19,duration,auc,reference,learner+split,2,0.03984373440985631,raw-within-metric
BPIC19,duration,auc,reference,learner+quality_level,2,0.014622382016886835,raw-within-metric
BPIC19,duration,auc,reference,learner+rung,2,0.027492332010887077,raw-within-metric
BPIC19,duration,auc,reference,split+quality_level,2,0.05416946588023826,raw-within-metric
BPIC19,duration,auc,reference,split+rung,2,0.24742630269002386,raw-within-metric
BPIC19,duration,auc,reference,quality_level+rung,2,0.0038264823982416844,raw-within-metric
BPIC19,duration,auc,reference,learner+split+quality_level,3,0.010730067208298513,raw-within-metric
BPIC19,duration,auc,reference,learner+split+rung,3,0.06285560513604148,raw-within-metric
BPIC19,duration,auc,reference,learner+quality_level+rung,3,0.006335069909051067,raw-within-metric
BPIC19,duration,auc,reference,split+quality_level+rung,3,0.07196598369078197,raw-within-metric
BPIC19,duration,auc,reference,learner+split+quality_level+rung,4,0.009223754471916291,raw-within-metric
BPIC19,duration,brier_skill,reference,learner,1,0.012035010533437848,raw-within-metric
BPIC19,duration,brier_skill,reference,split,1,0.49782168497959206,raw-within-metric
BPIC19,duration,brier_skill,reference,quality_level,1,0.004455080254479788,raw-within-metric
BPIC19,duration,brier_skill,reference,rung,1,0.011377309366005,raw-within-metric
BPIC19,duration,brier_skill,reference,learner+split,2,0.1162235681060841,raw-within-metric
BPIC19,duration,brier_skill,reference,learner+quality_level,2,0.00822978782988326,raw-within-metric
BPIC19,duration,brier_skill,reference,learner+rung,2,0.038435998810127464,raw-within-metric
BPIC19,duration,brier_skill,reference,split+quality_level,2,0.03358792177748181,raw-within-metric
BPIC19,duration,brier_skill,reference,split+rung,2,0.14823513837239125,raw-within-metric
BPIC19,duration,brier_skill,reference,quality_level+rung,2,0.0014554485227469157,raw-within-metric
BPIC19,duration,brier_skill,reference,learner+split+quality_level,3,0.017776909276530604,raw-within-metric
BPIC19,duration,brier_skill,reference,learner+split+rung,3,0.08216585893276578,raw-within-metric
BPIC19,duration,brier_skill,reference,learner+quality_level+rung,3,0.008529199578310545,raw-within-metric
BPIC19,duration,brier_skill,reference,split+quality_level+rung,3,0.008036060108684025,raw-within-metric
BPIC19,duration,brier_skill,reference,learner+split+quality_level+rung,4,0.011635023551479646,raw-within-metric
BPIC19,duration,logloss_skill,reference,learner,1,0.028500431764346402,raw-within-metric
BPIC19,duration,logloss_skill,reference,split,1,0.5738470657070979,raw-within-metric
BPIC19,duration,logloss_skill,reference,quality_level,1,0.019593311827082044,raw-within-metric
BPIC19,duration,logloss_skill,reference,rung,1,0.0014376216584900822,raw-within-metric
BPIC19,duration,logloss_skill,reference,learner+split,2,0.10080649405984742,raw-within-metric
BPIC19,duration,logloss_skill,reference,learner+quality_level,2,0.011509202081490859,raw-within-metric
BPIC19,duration,logloss_skill,reference,learner+rung,2,0.052576978201276214,raw-within-metric
BPIC19,duration,logloss_skill,reference,split+quality_level,2,0.03495793090246258,raw-within-metric
BPIC19,duration,logloss_skill,reference,split+rung,2,0.05922362291812803,raw-within-metric
BPIC19,duration,logloss_skill,reference,quality_level+rung,2,0.00302064381457485,raw-within-metric
BPIC19,duration,logloss_skill,reference,learner+split+quality_level,3,0.015378705185549084,raw-within-metric
BPIC19,duration,logloss_skill,reference,learner+split+rung,3,0.0676472093405022,raw-within-metric
BPIC19,duration,logloss_skill,reference,learner+quality_level+rung,3,0.014371127133179633,raw-within-metric
BPIC19,duration,logloss_skill,reference,split+quality_level+rung,3,0.004484880485179754,raw-within-metric
BPIC19,duration,logloss_skill,reference,learner+split+quality_level+rung,4,0.0126447749207929,raw-within-metric
BPIC19,duration,nagelkerke,reference,learner,1,0.010616544868771881,raw-within-metric
BPIC19,duration,nagelkerke,reference,split,1,0.4539910551083858,raw-within-metric
BPIC19,duration,nagelkerke,reference,quality_level,1,0.04527828434028859,raw-within-metric
BPIC19,duration,nagelkerke,reference,rung,1,0.01602420332080717,raw-within-metric
BPIC19,duration,nagelkerke,reference,learner+split,2,0.03743177317641786,raw-within-metric
BPIC19,duration,nagelkerke,reference,learner+quality_level,2,0.03015220006551513,raw-within-metric
BPIC19,duration,nagelkerke,reference,learner+rung,2,0.10804339923125257,raw-within-metric
BPIC19,duration,nagelkerke,reference,split+quality_level,2,0.03945250040071941,raw-within-metric
BPIC19,duration,nagelkerke,reference,split+rung,2,0.031281094688358574,raw-within-metric
BPIC19,duration,nagelkerke,reference,quality_level+rung,2,0.011542734156449573,raw-within-metric
BPIC19,duration,nagelkerke,reference,learner+split+quality_level,3,0.02773125675590511,raw-within-metric
BPIC19,duration,nagelkerke,reference,learner+split+rung,3,0.09870821205370531,raw-within-metric
BPIC19,duration,nagelkerke,reference,learner+quality_level+rung,3,0.042797042846126565,raw-within-metric
BPIC19,duration,nagelkerke,reference,split+quality_level+rung,3,0.010819394605917593,raw-within-metric
BPIC19,duration,nagelkerke,reference,learner+split+quality_level+rung,4,0.03613030438137891,raw-within-metric
Helpdesk,duration,ap,reference,learner,1,0.15921142345476155,raw-within-metric
Helpdesk,duration,ap,reference,split,1,0.20241064581746704,raw-within-metric
Helpdesk,duration,ap,reference,quality_level,1,0.07934302474700944,raw-within-metric
Helpdesk,duration,ap,reference,rung,1,0.07347236611146736,raw-within-metric
Helpdesk,duration,ap,reference,learner+split,2,0.18307900342439132,raw-within-metric
Helpdesk,duration,ap,reference,learner+quality_level,2,0.016341246400483418,raw-within-metric
Helpdesk,duration,ap,reference,learner+rung,2,0.03815877536854631,raw-within-metric
Helpdesk,duration,ap,reference,split+quality_level,2,0.06059831518425165,raw-within-metric
Helpdesk,duration,ap,reference,split+rung,2,0.06096548620323904,raw-within-metric
Helpdesk,duration,ap,reference,quality_level+rung,2,0.0073783806307086384,raw-within-metric
Helpdesk,duration,ap,reference,learner+split+quality_level,3,0.033118955794056985,raw-within-metric
Helpdesk,duration,ap,reference,learner+split+rung,3,0.021776395996075185,raw-within-metric
Helpdesk,duration,ap,reference,learner+quality_level+rung,3,0.016497781159589338,raw-within-metric
Helpdesk,duration,ap,reference,split+quality_level+rung,3,0.02794157841466258,raw-within-metric
Helpdesk,duration,ap,reference,learner+split+quality_level+rung,4,0.019706621293290243,raw-within-metric
Helpdesk,duration,auc,reference,learner,1,0.06950560045561978,raw-within-metric
Helpdesk,duration,auc,reference,split,1,0.4723451746895197,raw-within-metric
Helpdesk,duration,auc,reference,quality_level,1,0.06451641787479177,raw-within-metric
Helpdesk,duration,auc,reference,rung,1,0.002720986627155414,raw-within-metric
Helpdesk,duration,auc,reference,learner+split,2,0.1698879394552634,raw-within-metric
Helpdesk,duration,auc,reference,learner+quality_level,2,0.009699954345156903,raw-within-metric
Helpdesk,duration,auc,reference,learner+rung,2,0.01895724443284183,raw-within-metric
Helpdesk,duration,auc,reference,split+quality_level,2,0.02943331953178372,raw-within-metric
Helpdesk,duration,auc,reference,split+rung,2,0.0524219455053285,raw-within-metric
Helpdesk,duration,auc,reference,quality_level+rung,2,0.006464839802679511,raw-within-metric
Helpdesk,duration,auc,reference,learner+split+quality_level,3,0.040647373397645334,raw-within-metric
Helpdesk,duration,auc,reference,learner+split+rung,3,0.023343417827483347,raw-within-metric
Helpdesk,duration,auc,reference,learner+quality_level+rung,3,0.007285162443901517,raw-within-metric
Helpdesk,duration,auc,reference,split+quality_level+rung,3,0.016320915167622817,raw-within-metric
Helpdesk,duration,auc,reference,learner+split+quality_level+rung,4,0.016449708443206496,raw-within-metric
Helpdesk,duration,brier_skill,reference,learner,1,0.33611210783029977,raw-within-metric
Helpdesk,duration,brier_skill,reference,split,1,0.1454142677603834,raw-within-metric
Helpdesk,duration,brier_skill,reference,quality_level,1,0.16099332851997727,raw-within-metric
Helpdesk,duration,brier_skill,reference,rung,1,0.04552128530468982,raw-within-metric
Helpdesk,duration,brier_skill,reference,learner+split,2,0.07756210761937288,raw-within-metric
Helpdesk,duration,brier_skill,reference,learner+quality_level,2,0.024504104742519607,raw-within-metric
Helpdesk,duration,brier_skill,reference,learner+rung,2,0.049061119404474024,raw-within-metric
Helpdesk,duration,brier_skill,reference,split+quality_level,2,0.025010797663986752,raw-within-metric
Helpdesk,duration,brier_skill,reference,split+rung,2,0.020939913551031357,raw-within-metric
Helpdesk,duration,brier_skill,reference,quality_level+rung,2,0.017729086341227482,raw-within-metric
Helpdesk,duration,brier_skill,reference,learner+split+quality_level,3,0.02437553584105896,raw-within-metric
Helpdesk,duration,brier_skill,reference,learner+split+rung,3,0.020941262204170138,raw-within-metric
Helpdesk,duration,brier_skill,reference,learner+quality_level+rung,3,0.015600162386090896,raw-within-metric
Helpdesk,duration,brier_skill,reference,split+quality_level+rung,3,0.01872370945431514,raw-within-metric
Helpdesk,duration,brier_skill,reference,learner+split+quality_level+rung,4,0.017511211376402543,raw-within-metric
Helpdesk,duration,logloss_skill,reference,learner,1,0.4641419532324136,raw-within-metric
Helpdesk,duration,logloss_skill,reference,split,1,0.1612522248709259,raw-within-metric
Helpdesk,duration,logloss_skill,reference,quality_level,1,0.10328082203614902,raw-within-metric
Helpdesk,duration,logloss_skill,reference,rung,1,0.013250635105097629,raw-within-metric
Helpdesk,duration,logloss_skill,reference,learner+split,2,0.09345814104326017,raw-within-metric
Helpdesk,duration,logloss_skill,reference,learner+quality_level,2,0.018128297678263117,raw-within-metric
Helpdesk,duration,logloss_skill,reference,learner+rung,2,0.015540115808746358,raw-within-metric
Helpdesk,duration,logloss_skill,reference,split+quality_level,2,0.026522262242008505,raw-within-metric
Helpdesk,duration,logloss_skill,reference,split+rung,2,0.02539462319258,raw-within-metric
Helpdesk,duration,logloss_skill,reference,quality_level+rung,2,0.0052595516861806465,raw-within-metric
Helpdesk,duration,logloss_skill,reference,learner+split+quality_level,3,0.027137628857512017,raw-within-metric
Helpdesk,duration,logloss_skill,reference,learner+split+rung,3,0.027575829239803753,raw-within-metric
Helpdesk,duration,logloss_skill,reference,learner+quality_level+rung,3,0.0045156875219921535,raw-within-metric
Helpdesk,duration,logloss_skill,reference,split+quality_level+rung,3,0.007519443181813113,raw-within-metric
Helpdesk,duration,logloss_skill,reference,learner+split+quality_level+rung,4,0.007022784303254077,raw-within-metric
Helpdesk,duration,nagelkerke,reference,learner,1,0.46762230827828827,raw-within-metric
Helpdesk,duration,nagelkerke,reference,split,1,0.169786152672474,raw-within-metric
Helpdesk,duration,nagelkerke,reference,quality_level,1,0.09404110766046354,raw-within-metric
Helpdesk,duration,nagelkerke,reference,rung,1,0.009992699889521466,raw-within-metric
Helpdesk,duration,nagelkerke,reference,learner+split,2,0.0922691545553303,raw-within-metric
Helpdesk,duration,nagelkerke,reference,learner+quality_level,2,0.01948926009586995,raw-within-metric
Helpdesk,duration,nagelkerke,reference,learner+rung,2,0.011838425461229074,raw-within-metric
Helpdesk,duration,nagelkerke,reference,split+quality_level,2,0.028805881050679945,raw-within-metric
Helpdesk,duration,nagelkerke,reference,split+rung,2,0.024364020407338413,raw-within-metric
Helpdesk,duration,nagelkerke,reference,quality_level+rung,2,0.005061869351888738,raw-within-metric
Helpdesk,duration,nagelkerke,reference,learner+split+quality_level,3,0.03075044845413195,raw-within-metric
Helpdesk,duration,nagelkerke,reference,learner+split+rung,3,0.025769289118849376,raw-within-metric
Helpdesk,duration,nagelkerke,reference,learner+quality_level+rung,3,0.004567906749896424,raw-within-metric
Helpdesk,duration,nagelkerke,reference,split+quality_level+rung,3,0.008062387266224104,raw-within-metric
Helpdesk,duration,nagelkerke,reference,learner+split+quality_level+rung,4,0.007579088987814384,raw-within-metric
RoadFines,duration,ap,reference,learner,1,0.016600309230868728,raw-within-metric
RoadFines,duration,ap,reference,split,1,0.06911071985703389,raw-within-metric
RoadFines,duration,ap,reference,quality_level,1,0.3875015629658542,raw-within-metric
RoadFines,duration,ap,reference,rung,1,0.16701576786764485,raw-within-metric
RoadFines,duration,ap,reference,learner+split,2,0.016528375758471325,raw-within-metric
RoadFines,duration,ap,reference,learner+quality_level,2,0.015565691463250972,raw-within-metric
RoadFines,duration,ap,reference,learner+rung,2,0.04571081824545787,raw-within-metric
RoadFines,duration,ap,reference,split+quality_level,2,0.0815112882406135,raw-within-metric
RoadFines,duration,ap,reference,split+rung,2,0.06803300584003577,raw-within-metric
RoadFines,duration,ap,reference,quality_level+rung,2,0.04228513221168093,raw-within-metric
RoadFines,duration,ap,reference,learner+split+quality_level,3,0.012883221290891003,raw-within-metric
RoadFines,duration,ap,reference,learner+split+rung,3,0.04585312428051349,raw-within-metric
RoadFines,duration,ap,reference,learner+quality_level+rung,3,0.0028389025757504485,raw-within-metric
RoadFines,duration,ap,reference,split+quality_level+rung,3,0.020570169838730938,raw-within-metric
RoadFines,duration,ap,reference,learner+split+quality_level+rung,4,0.007991910333202039,raw-within-metric
RoadFines,duration,auc,reference,learner,1,0.014129858548973352,raw-within-metric
RoadFines,duration,auc,reference,split,1,0.11204874372993376,raw-within-metric
RoadFines,duration,auc,reference,quality_level,1,0.19200373061933337,raw-within-metric
RoadFines,duration,auc,reference,rung,1,0.30274856861022587,raw-within-metric
RoadFines,duration,auc,reference,learner+split,2,0.03131737199629338,raw-within-metric
RoadFines,duration,auc,reference,learner+quality_level,2,0.033497194568134284,raw-within-metric
RoadFines,duration,auc,reference,learner+rung,2,0.017490273983540083,raw-within-metric
RoadFines,duration,auc,reference,split+quality_level,2,0.08617652869228594,raw-within-metric
RoadFines,duration,auc,reference,split+rung,2,0.07891514381414498,raw-within-metric
RoadFines,duration,auc,reference,quality_level+rung,2,0.021510804487016186,raw-within-metric
RoadFines,duration,auc,reference,learner+split+quality_level,3,0.021554018406247273,raw-within-metric
RoadFines,duration,auc,reference,learner+split+rung,3,0.04447489483747772,raw-within-metric
RoadFines,duration,auc,reference,learner+quality_level+rung,3,0.00712924040496529,raw-within-metric
RoadFines,duration,auc,reference,split+quality_level+rung,3,0.025771482561606922,raw-within-metric
RoadFines,duration,auc,reference,learner+split+quality_level+rung,4,0.011232144739821492,raw-within-metric
RoadFines,duration,brier_skill,reference,learner,1,0.0020878366964262648,raw-within-metric
RoadFines,duration,brier_skill,reference,split,1,0.1128091304850385,raw-within-metric
RoadFines,duration,brier_skill,reference,quality_level,1,0.40662781903878753,raw-within-metric
RoadFines,duration,brier_skill,reference,rung,1,0.06194342334254607,raw-within-metric
RoadFines,duration,brier_skill,reference,learner+split,2,0.029223552669359963,raw-within-metric
RoadFines,duration,brier_skill,reference,learner+quality_level,2,0.007237190454380664,raw-within-metric
RoadFines,duration,brier_skill,reference,learner+rung,2,0.055411544969402524,raw-within-metric
RoadFines,duration,brier_skill,reference,split+quality_level,2,0.07791507493984452,raw-within-metric
RoadFines,duration,brier_skill,reference,split+rung,2,0.14550900184416002,raw-within-metric
RoadFines,duration,brier_skill,reference,quality_level+rung,2,0.00989515803269698,raw-within-metric
RoadFines,duration,brier_skill,reference,learner+split+quality_level,3,0.008117293630276922,raw-within-metric
RoadFines,duration,brier_skill,reference,learner+split+rung,3,0.07324859288649306,raw-within-metric
RoadFines,duration,brier_skill,reference,learner+quality_level+rung,3,0.0017883056458699472,raw-within-metric
RoadFines,duration,brier_skill,reference,split+quality_level+rung,3,0.003954698525852057,raw-within-metric
RoadFines,duration,brier_skill,reference,learner+split+quality_level+rung,4,0.00423137683886502,raw-within-metric
RoadFines,duration,logloss_skill,reference,learner,1,0.016627493224931164,raw-within-metric
RoadFines,duration,logloss_skill,reference,split,1,0.09819481001304155,raw-within-metric
RoadFines,duration,logloss_skill,reference,quality_level,1,0.4411003540635437,raw-within-metric
RoadFines,duration,logloss_skill,reference,rung,1,0.04761910900258487,raw-within-metric
RoadFines,duration,logloss_skill,reference,learner+split,2,0.02530868175447643,raw-within-metric
RoadFines,duration,logloss_skill,reference,learner+quality_level,2,0.008682558400036237,raw-within-metric
RoadFines,duration,logloss_skill,reference,learner+rung,2,0.03658228932952979,raw-within-metric
RoadFines,duration,logloss_skill,reference,split+quality_level,2,0.08644504805897844,raw-within-metric
RoadFines,duration,logloss_skill,reference,split+rung,2,0.13951382468365442,raw-within-metric
RoadFines,duration,logloss_skill,reference,quality_level+rung,2,0.008462713819148917,raw-within-metric
RoadFines,duration,logloss_skill,reference,learner+split+quality_level,3,0.004888627609097114,raw-within-metric
RoadFines,duration,logloss_skill,reference,learner+split+rung,3,0.07449813970118607,raw-within-metric
RoadFines,duration,logloss_skill,reference,learner+quality_level+rung,3,0.0020996124015300053,raw-within-metric
RoadFines,duration,logloss_skill,reference,split+quality_level+rung,3,0.0050968604604286274,raw-within-metric
RoadFines,duration,logloss_skill,reference,learner+split+quality_level+rung,4,0.004879877477832685,raw-within-metric
RoadFines,duration,nagelkerke,reference,learner,1,0.016433779942734067,raw-within-metric
RoadFines,duration,nagelkerke,reference,split,1,0.10170204722682596,raw-within-metric
RoadFines,duration,nagelkerke,reference,quality_level,1,0.4359907551940676,raw-within-metric
RoadFines,duration,nagelkerke,reference,rung,1,0.04719159945139785,raw-within-metric
RoadFines,duration,nagelkerke,reference,learner+split,2,0.024517973812152864,raw-within-metric
RoadFines,duration,nagelkerke,reference,learner+quality_level,2,0.009077606911883066,raw-within-metric
RoadFines,duration,nagelkerke,reference,learner+rung,2,0.03678163354714057,raw-within-metric
RoadFines,duration,nagelkerke,reference,split+quality_level,2,0.08681355214825087,raw-within-metric
RoadFines,duration,nagelkerke,reference,split+rung,2,0.14005219509319627,raw-within-metric
RoadFines,duration,nagelkerke,reference,quality_level+rung,2,0.00892393366992622,raw-within-metric
RoadFines,duration,nagelkerke,reference,learner+split+quality_level,3,0.005063017640346615,raw-within-metric
RoadFines,duration,nagelkerke,reference,learner+split+rung,3,0.07504001715479874,raw-within-metric
RoadFines,duration,nagelkerke,reference,learner+quality_level+rung,3,0.0020201812087323042,raw-within-metric
RoadFines,duration,nagelkerke,reference,split+quality_level+rung,3,0.005397554492005153,raw-within-metric
RoadFines,duration,nagelkerke,reference,learner+split+quality_level+rung,4,0.004994152506541801,raw-within-metric
Sepsis,duration,ap,reference,learner,1,0.028642333506365327,raw-within-metric
Sepsis,duration,ap,reference,split,1,0.09297759661239531,raw-within-metric
Sepsis,duration,ap,reference,quality_level,1,0.1549247880622119,raw-within-metric
Sepsis,duration,ap,reference,rung,1,0.25743353977714006,raw-within-metric
Sepsis,duration,ap,reference,learner+split,2,0.1350711584201078,raw-within-metric
Sepsis,duration,ap,reference,learner+quality_level,2,0.008853496974750573,raw-within-metric
Sepsis,duration,ap,reference,learner+rung,2,0.0024110775185192663,raw-within-metric
Sepsis,duration,ap,reference,split+quality_level,2,0.04048832503311192,raw-within-metric
Sepsis,duration,ap,reference,split+rung,2,0.15925316026081715,raw-within-metric
Sepsis,duration,ap,reference,quality_level+rung,2,0.015666186879502504,raw-within-metric
Sepsis,duration,ap,reference,learner+split+quality_level,3,0.03048904437987902,raw-within-metric
Sepsis,duration,ap,reference,learner+split+rung,3,0.03160706472830591,raw-within-metric
Sepsis,duration,ap,reference,learner+quality_level+rung,3,0.004383107121751717,raw-within-metric
Sepsis,duration,ap,reference,split+quality_level+rung,3,0.01883490524905478,raw-within-metric
Sepsis,duration,ap,reference,learner+split+quality_level+rung,4,0.018964215476086684,raw-within-metric
Sepsis,duration,auc,reference,learner,1,0.001669059073036249,raw-within-metric
Sepsis,duration,auc,reference,split,1,0.2359746294253523,raw-within-metric
Sepsis,duration,auc,reference,quality_level,1,0.12624926983515683,raw-within-metric
Sepsis,duration,auc,reference,rung,1,0.24797217956737283,raw-within-metric
Sepsis,duration,auc,reference,learner+split,2,0.0348178921581981,raw-within-metric
Sepsis,duration,auc,reference,learner+quality_level,2,0.005915362535352223,raw-within-metric
Sepsis,duration,auc,reference,learner+rung,2,0.0002682247819284038,raw-within-metric
Sepsis,duration,auc,reference,split+quality_level,2,0.023019422437429445,raw-within-metric
Sepsis,duration,auc,reference,split+rung,2,0.18022351769331552,raw-within-metric
Sepsis,duration,auc,reference,quality_level+rung,2,0.006450124242022703,raw-within-metric
Sepsis,duration,auc,reference,learner+split+quality_level,3,0.016777252969656233,raw-within-metric
Sepsis,duration,auc,reference,learner+split+rung,3,0.09775239629245047,raw-within-metric
Sepsis,duration,auc,reference,learner+quality_level+rung,3,0.0016842323478552961,raw-within-metric
Sepsis,duration,auc,reference,split+quality_level+rung,3,0.010152256500332895,raw-within-metric
Sepsis,duration,auc,reference,learner+split+quality_level+rung,4,0.011074180140540506,raw-within-metric
Sepsis,duration,brier_skill,reference,learner,1,0.05636424041212889,raw-within-metric
Sepsis,duration,brier_skill,reference,split,1,0.1680833074150129,raw-within-metric
Sepsis,duration,brier_skill,reference,quality_level,1,0.19643089714913262,raw-within-metric
Sepsis,duration,brier_skill,reference,rung,1,0.019329806576705362,raw-within-metric
Sepsis,duration,brier_skill,reference,learner+split,2,0.08749361627424494,raw-within-metric
Sepsis,duration,brier_skill,reference,learner+quality_level,2,0.016660318748923195,raw-within-metric
Sepsis,duration,brier_skill,reference,learner+rung,2,0.0058917903641192175,raw-within-metric
Sepsis,duration,brier_skill,reference,split+quality_level,2,0.053169211988397205,raw-within-metric
Sepsis,duration,brier_skill,reference,split+rung,2,0.17095188925173685,raw-within-metric
Sepsis,duration,brier_skill,reference,quality_level+rung,2,0.005351224153480223,raw-within-metric
Sepsis,duration,brier_skill,reference,learner+split+quality_level,3,0.044771536358131456,raw-within-metric
Sepsis,duration,brier_skill,reference,learner+split+rung,3,0.11484312816320279,raw-within-metric
Sepsis,duration,brier_skill,reference,learner+quality_level+rung,3,0.004154829066753456,raw-within-metric
Sepsis,duration,brier_skill,reference,split+quality_level+rung,3,0.029363098781421532,raw-within-metric
Sepsis,duration,brier_skill,reference,learner+split+quality_level+rung,4,0.027141105296609368,raw-within-metric
Sepsis,duration,logloss_skill,reference,learner,1,0.27967163721930777,raw-within-metric
Sepsis,duration,logloss_skill,reference,split,1,0.11911855265022882,raw-within-metric
Sepsis,duration,logloss_skill,reference,quality_level,1,0.09590259403312919,raw-within-metric
Sepsis,duration,logloss_skill,reference,rung,1,0.03631613805497855,raw-within-metric
Sepsis,duration,logloss_skill,reference,learner+split,2,0.11493405738090773,raw-within-metric
Sepsis,duration,logloss_skill,reference,learner+quality_level,2,0.02046213998337767,raw-within-metric
Sepsis,duration,logloss_skill,reference,learner+rung,2,0.01070775221503048,raw-within-metric
Sepsis,duration,logloss_skill,reference,split+quality_level,2,0.05061536474340795,raw-within-metric
Sepsis,duration,logloss_skill,reference,split+rung,2,0.09920125322246018,raw-within-metric
Sepsis,duration,logloss_skill,reference,quality_level+rung,2,0.00980959695367135,raw-within-metric
Sepsis,duration,logloss_skill,reference,learner+split+quality_level,3,0.04438283590592173,raw-within-metric
Sepsis,duration,logloss_skill,reference,learner+split+rung,3,0.0745793193614936,raw-within-metric
Sepsis,duration,logloss_skill,reference,learner+quality_level+rung,3,0.007608123886230786,raw-within-metric
Sepsis,duration,logloss_skill,reference,split+quality_level+rung,3,0.018877327107253924,raw-within-metric
Sepsis,duration,logloss_skill,reference,learner+split+quality_level+rung,4,0.017813307282600256,raw-within-metric
Sepsis,duration,nagelkerke,reference,learner,1,0.1083964508692224,raw-within-metric
Sepsis,duration,nagelkerke,reference,split,1,0.13799627927624997,raw-within-metric
Sepsis,duration,nagelkerke,reference,quality_level,1,0.11709842580576299,raw-within-metric
Sepsis,duration,nagelkerke,reference,rung,1,0.029450456476545293,raw-within-metric
Sepsis,duration,nagelkerke,reference,learner+split,2,0.11570361229919505,raw-within-metric
Sepsis,duration,nagelkerke,reference,learner+quality_level,2,0.03939375489937776,raw-within-metric
Sepsis,duration,nagelkerke,reference,learner+rung,2,0.014209332627286958,raw-within-metric
Sepsis,duration,nagelkerke,reference,split+quality_level,2,0.07863103304577734,raw-within-metric
Sepsis,duration,nagelkerke,reference,split+rung,2,0.12278651385092822,raw-within-metric
Sepsis,duration,nagelkerke,reference,quality_level+rung,2,0.014228932611281876,raw-within-metric
Sepsis,duration,nagelkerke,reference,learner+split+quality_level,3,0.0641703830390561,raw-within-metric
Sepsis,duration,nagelkerke,reference,learner+split+rung,3,0.10258329871996145,raw-within-metric
Sepsis,duration,nagelkerke,reference,learner+quality_level+rung,3,0.012473596227851859,raw-within-metric
Sepsis,duration,nagelkerke,reference,split+quality_level+rung,3,0.021750091158090717,raw-within-metric
Sepsis,duration,nagelkerke,reference,learner+split+quality_level+rung,4,0.02112783909341208,raw-within-metric
UCI498,duration,ap,reference,learner,1,0.0075096652657968225,raw-within-metric
UCI498,duration,ap,reference,split,1,0.038849220560975256,raw-within-metric
UCI498,duration,ap,reference,quality_level,1,0.010892982464698615,raw-within-metric
UCI498,duration,ap,reference,rung,1,0.7522180581506,raw-within-metric
UCI498,duration,ap,reference,learner+split,2,0.013445428357972978,raw-within-metric
UCI498,duration,ap,reference,learner+quality_level,2,0.0005433595315613082,raw-within-metric
UCI498,duration,ap,reference,learner+rung,2,0.06575774391017082,raw-within-metric
UCI498,duration,ap,reference,split+quality_level,2,0.004846981843925732,raw-within-metric
UCI498,duration,ap,reference,split+rung,2,0.04425461202193724,raw-within-metric
UCI498,duration,ap,reference,quality_level+rung,2,0.025193835561934178,raw-within-metric
UCI498,duration,ap,reference,learner+split+quality_level,3,0.0032868275898137907,raw-within-metric
UCI498,duration,ap,reference,learner+split+rung,3,0.020443874118071272,raw-within-metric
UCI498,duration,ap,reference,learner+quality_level+rung,3,0.003959338407365063,raw-within-metric
UCI498,duration,ap,reference,split+quality_level+rung,3,0.004341346254120101,raw-within-metric
UCI498,duration,ap,reference,learner+split+quality_level+rung,4,0.004456725961056766,raw-within-metric
UCI498,duration,auc,reference,learner,1,0.008326376441765366,raw-within-metric
UCI498,duration,auc,reference,split,1,0.011280469487492492,raw-within-metric
UCI498,duration,auc,reference,quality_level,1,0.008898395030746561,raw-within-metric
UCI498,duration,auc,reference,rung,1,0.864199104473685,raw-within-metric
UCI498,duration,auc,reference,learner+split,2,0.001550420945372986,raw-within-metric
UCI498,duration,auc,reference,learner+quality_level,2,0.0009822642769011529,raw-within-metric
UCI498,duration,auc,reference,learner+rung,2,0.003519995728153097,raw-within-metric
UCI498,duration,auc,reference,split+quality_level,2,0.004195048378506915,raw-within-metric
UCI498,duration,auc,reference,split+rung,2,0.014406047148485403,raw-within-metric
UCI498,duration,auc,reference,quality_level+rung,2,0.0701407426587607,raw-within-metric
UCI498,duration,auc,reference,learner+split+quality_level,3,0.0007034749245401569,raw-within-metric
UCI498,duration,auc,reference,learner+split+rung,3,0.00441694879490796,raw-within-metric
UCI498,duration,auc,reference,learner+quality_level+rung,3,0.0015341566419900137,raw-within-metric
UCI498,duration,auc,reference,split+quality_level+rung,3,0.004001142788521661,raw-within-metric
UCI498,duration,auc,reference,learner+split+quality_level+rung,4,0.0018454122801705448,raw-within-metric
UCI498,duration,brier_skill,reference,learner,1,0.09840132079022539,raw-within-metric
UCI498,duration,brier_skill,reference,split,1,0.24576236405430463,raw-within-metric
UCI498,duration,brier_skill,reference,quality_level,1,0.05025957482990428,raw-within-metric
UCI498,duration,brier_skill,reference,rung,1,0.19053339949561057,raw-within-metric
UCI498,duration,brier_skill,reference,learner+split,2,0.0433288096328291,raw-within-metric
UCI498,duration,brier_skill,reference,learner+quality_level,2,0.010461185087836068,raw-within-metric
UCI498,duration,brier_skill,reference,learner+rung,2,0.006568344466265569,raw-within-metric
UCI498,duration,brier_skill,reference,split+quality_level,2,0.019395603916713258,raw-within-metric
UCI498,duration,brier_skill,reference,split+rung,2,0.22322522016114454,raw-within-metric
UCI498,duration,brier_skill,reference,quality_level+rung,2,0.012761304482307438,raw-within-metric
UCI498,duration,brier_skill,reference,learner+split+quality_level,3,0.022467692984238695,raw-within-metric
UCI498,duration,brier_skill,reference,learner+split+rung,3,0.027089559614391114,raw-within-metric
UCI498,duration,brier_skill,reference,learner+quality_level+rung,3,0.007257324510609806,raw-within-metric
UCI498,duration,brier_skill,reference,split+quality_level+rung,3,0.01942510062980216,raw-within-metric
UCI498,duration,brier_skill,reference,learner+split+quality_level+rung,4,0.023063195343817327,raw-within-metric
UCI498,duration,logloss_skill,reference,learner,1,0.0987682714203175,raw-within-metric
UCI498,duration,logloss_skill,reference,split,1,0.27864859773101086,raw-within-metric
UCI498,duration,logloss_skill,reference,quality_level,1,0.0475062463546627,raw-within-metric
UCI498,duration,logloss_skill,reference,rung,1,0.1477063333694652,raw-within-metric
UCI498,duration,logloss_skill,reference,learner+split,2,0.06054912108209002,raw-within-metric
UCI498,duration,logloss_skill,reference,learner+quality_level,2,0.009250236214769721,raw-within-metric
UCI498,duration,logloss_skill,reference,learner+rung,2,0.015708140933536063,raw-within-metric
UCI498,duration,logloss_skill,reference,split+quality_level,2,0.015965468462908746,raw-within-metric
UCI498,duration,logloss_skill,reference,split+rung,2,0.21394747073248568,raw-within-metric
UCI498,duration,logloss_skill,reference,quality_level+rung,2,0.015588833599038067,raw-within-metric
UCI498,duration,logloss_skill,reference,learner+split+quality_level,3,0.019193897313707655,raw-within-metric
UCI498,duration,logloss_skill,reference,learner+split+rung,3,0.03129949910999226,raw-within-metric
UCI498,duration,logloss_skill,reference,learner+quality_level+rung,3,0.007949271747417478,raw-within-metric
UCI498,duration,logloss_skill,reference,split+quality_level+rung,3,0.01807703812820125,raw-within-metric
UCI498,duration,logloss_skill,reference,learner+split+quality_level+rung,4,0.01984157380039683,raw-within-metric
UCI498,duration,nagelkerke,reference,learner,1,0.08721278612034039,raw-within-metric
UCI498,duration,nagelkerke,reference,split,1,0.3060262927761054,raw-within-metric
UCI498,duration,nagelkerke,reference,quality_level,1,0.04001384162596422,raw-within-metric
UCI498,duration,nagelkerke,reference,rung,1,0.11185253175122437,raw-within-metric
UCI498,duration,nagelkerke,reference,learner+split,2,0.05908174377695306,raw-within-metric
UCI498,duration,nagelkerke,reference,learner+quality_level,2,0.007953180904053652,raw-within-metric
UCI498,duration,nagelkerke,reference,learner+rung,2,0.010568142643342628,raw-within-metric
UCI498,duration,nagelkerke,reference,split+quality_level,2,0.015245733567007036,raw-within-metric
UCI498,duration,nagelkerke,reference,split+rung,2,0.2579949877197102,raw-within-metric
UCI498,duration,nagelkerke,reference,quality_level+rung,2,0.01345357872140932,raw-within-metric
UCI498,duration,nagelkerke,reference,learner+split+quality_level,3,0.018685896908242634,raw-within-metric
UCI498,duration,nagelkerke,reference,learner+split+rung,3,0.02432114658056658,raw-within-metric
UCI498,duration,nagelkerke,reference,learner+quality_level+rung,3,0.0068298192061630346,raw-within-metric
UCI498,duration,nagelkerke,reference,split+quality_level+rung,3,0.01915241681403234,raw-within-metric
UCI498,duration,nagelkerke,reference,learner+split+quality_level+rung,4,0.021607900884885258,raw-within-metric
UCI498,handover,ap,reference,learner,1,0.0021585993752284227,raw-within-metric
UCI498,handover,ap,reference,split,1,0.02613435859935753,raw-within-metric
UCI498,handover,ap,reference,quality_level,1,0.005860571358956755,raw-within-metric
UCI498,handover,ap,reference,rung,1,0.7463274553298382,raw-within-metric
UCI498,handover,ap,reference,learner+split,2,0.007542906769392192,raw-within-metric
UCI498,handover,ap,reference,learner+quality_level,2,0.0031835629567238634,raw-within-metric
UCI498,handover,ap,reference,learner+rung,2,0.07588460016013808,raw-within-metric
UCI498,handover,ap,reference,split+quality_level,2,0.004972351160426663,raw-within-metric
UCI498,handover,ap,reference,split+rung,2,0.06818742947232183,raw-within-metric
UCI498,handover,ap,reference,quality_level+rung,2,0.013081237698722787,raw-within-metric
UCI498,handover,ap,reference,learner+split+quality_level,3,0.0021770872220437773,raw-within-metric
UCI498,handover,ap,reference,learner+split+rung,3,0.013687721283128526,raw-within-metric
UCI498,handover,ap,reference,learner+quality_level+rung,3,0.013882821028265423,raw-within-metric
UCI498,handover,ap,reference,split+quality_level+rung,3,0.012796762148039134,raw-within-metric
UCI498,handover,ap,reference,learner+split+quality_level+rung,4,0.004122535437416749,raw-within-metric
UCI498,handover,auc,reference,learner,1,0.003104592528167993,raw-within-metric
UCI498,handover,auc,reference,split,1,0.03584451065040875,raw-within-metric
UCI498,handover,auc,reference,quality_level,1,0.004309606544591737,raw-within-metric
UCI498,handover,auc,reference,rung,1,0.8018107410187781,raw-within-metric
UCI498,handover,auc,reference,learner+split,2,0.007929932166641396,raw-within-metric
UCI498,handover,auc,reference,learner+quality_level,2,0.0016312618642749192,raw-within-metric
UCI498,handover,auc,reference,learner+rung,2,0.012736379748939741,raw-within-metric
UCI498,handover,auc,reference,split+quality_level,2,0.0039436059252733,raw-within-metric
UCI498,handover,auc,reference,split+rung,2,0.08234594738112114,raw-within-metric
UCI498,handover,auc,reference,quality_level+rung,2,0.012670434444968862,raw-within-metric
UCI498,handover,auc,reference,learner+split+quality_level,3,0.0013337705109356154,raw-within-metric
UCI498,handover,auc,reference,learner+split+rung,3,0.018516853393697713,raw-within-metric
UCI498,handover,auc,reference,learner+quality_level+rung,3,0.002046015315481597,raw-within-metric
UCI498,handover,auc,reference,split+quality_level+rung,3,0.009465185930639239,raw-within-metric
UCI498,handover,auc,reference,learner+split+quality_level+rung,4,0.002311162576079866,raw-within-metric
UCI498,handover,brier_skill,reference,learner,1,0.2090632988486226,raw-within-metric
UCI498,handover,brier_skill,reference,split,1,0.0808372409331396,raw-within-metric
UCI498,handover,brier_skill,reference,quality_level,1,0.05537690816746321,raw-within-metric
UCI498,handover,brier_skill,reference,rung,1,0.33576421835082537,raw-within-metric
UCI498,handover,brier_skill,reference,learner+split,2,0.022243616556119703,raw-within-metric
UCI498,handover,brier_skill,reference,learner+quality_level,2,0.0408152299493164,raw-within-metric
UCI498,handover,brier_skill,reference,learner+rung,2,0.043243877252379194,raw-within-metric
UCI498,handover,brier_skill,reference,split+quality_level,2,0.0061089841730883315,raw-within-metric
UCI498,handover,brier_skill,reference,split+rung,2,0.09045667802853677,raw-within-metric
UCI498,handover,brier_skill,reference,quality_level+rung,2,0.027545333098321585,raw-within-metric
UCI498,handover,brier_skill,reference,learner+split+quality_level,3,0.0026065848524058346,raw-within-metric
UCI498,handover,brier_skill,reference,learner+split+rung,3,0.04513314900721859,raw-within-metric
UCI498,handover,brier_skill,reference,learner+quality_level+rung,3,0.017656074640591424,raw-within-metric
UCI498,handover,brier_skill,reference,split+quality_level+rung,3,0.014844321006029372,raw-within-metric
UCI498,handover,brier_skill,reference,learner+split+quality_level+rung,4,0.008304485135942022,raw-within-metric
UCI498,handover,logloss_skill,reference,learner,1,0.1946835562641538,raw-within-metric
UCI498,handover,logloss_skill,reference,split,1,0.07617896279637013,raw-within-metric
UCI498,handover,logloss_skill,reference,quality_level,1,0.06571468441590075,raw-within-metric
UCI498,handover,logloss_skill,reference,rung,1,0.3140154464492365,raw-within-metric
UCI498,handover,logloss_skill,reference,learner+split,2,0.03572003825271522,raw-within-metric
UCI498,handover,logloss_skill,reference,learner+quality_level,2,0.03952243951519434,raw-within-metric
UCI498,handover,logloss_skill,reference,learner+rung,2,0.04505198888035525,raw-within-metric
UCI498,handover,logloss_skill,reference,split+quality_level,2,0.006349508491254014,raw-within-metric
UCI498,handover,logloss_skill,reference,split+rung,2,0.11003844279466697,raw-within-metric
UCI498,handover,logloss_skill,reference,quality_level+rung,2,0.026783204624903016,raw-within-metric
UCI498,handover,logloss_skill,reference,learner+split+quality_level,3,0.0042248256925483795,raw-within-metric
UCI498,handover,logloss_skill,reference,learner+split+rung,3,0.0359281687083047,raw-within-metric
UCI498,handover,logloss_skill,reference,learner+quality_level+rung,3,0.019087204007084996,raw-within-metric
UCI498,handover,logloss_skill,reference,split+quality_level+rung,3,0.015891813007606396,raw-within-metric
UCI498,handover,logloss_skill,reference,learner+split+quality_level+rung,4,0.010809716099705534,raw-within-metric
UCI498,handover,nagelkerke,reference,learner,1,0.14567336983520926,raw-within-metric
UCI498,handover,nagelkerke,reference,split,1,0.07644444779986657,raw-within-metric
UCI498,handover,nagelkerke,reference,quality_level,1,0.0542232679288785,raw-within-metric
UCI498,handover,nagelkerke,reference,rung,1,0.29404249064477095,raw-within-metric
UCI498,handover,nagelkerke,reference,learner+split,2,0.025699041610335517,raw-within-metric
UCI498,handover,nagelkerke,reference,learner+quality_level,2,0.03236923197841468,raw-within-metric
UCI498,handover,nagelkerke,reference,learner+rung,2,0.0776408764692673,raw-within-metric
UCI498,handover,nagelkerke,reference,split+quality_level,2,0.0064181845059819555,raw-within-metric
UCI498,handover,nagelkerke,reference,split+rung,2,0.145261916198284,raw-within-metric
UCI498,handover,nagelkerke,reference,quality_level+rung,2,0.04367042957747852,raw-within-metric
UCI498,handover,nagelkerke,reference,learner+split+quality_level,3,0.0031752578690888767,raw-within-metric
UCI498,handover,nagelkerke,reference,learner+split+rung,3,0.040513195216164526,raw-within-metric
UCI498,handover,nagelkerke,reference,learner+quality_level+rung,3,0.02557317061332574,raw-within-metric
UCI498,handover,nagelkerke,reference,split+quality_level+rung,3,0.018373161923695886,raw-within-metric
UCI498,handover,nagelkerke,reference,learner+split+quality_level+rung,4,0.010921957829237636,raw-within-metric
BPIC13_closed,handover,ap,concentrated,learner,1,0.00022286277730005412,raw-within-metric
BPIC13_closed,handover,ap,concentrated,split,1,0.341081864103768,raw-within-metric
BPIC13_closed,handover,ap,concentrated,quality_level,1,0.0508721985376443,raw-within-metric
BPIC13_closed,handover,ap,concentrated,rung,1,0.18858209711488289,raw-within-metric
BPIC13_closed,handover,ap,concentrated,learner+split,2,0.16694944924393093,raw-within-metric
BPIC13_closed,handover,ap,concentrated,learner+quality_level,2,0.03203235042915737,raw-within-metric
BPIC13_closed,handover,ap,concentrated,learner+rung,2,0.024826885855942143,raw-within-metric
BPIC13_closed,handover,ap,concentrated,split+quality_level,2,0.05732740750123189,raw-within-metric
BPIC13_closed,handover,ap,concentrated,split+rung,2,0.06163411771218714,raw-within-metric
BPIC13_closed,handover,ap,concentrated,quality_level+rung,2,0.00993267477543718,raw-within-metric
BPIC13_closed,handover,ap,concentrated,learner+split+quality_level,3,0.012392450369446003,raw-within-metric
BPIC13_closed,handover,ap,concentrated,learner+split+rung,3,0.03895212314556601,raw-within-metric
BPIC13_closed,handover,ap,concentrated,learner+quality_level+rung,3,0.006035986365717405,raw-within-metric
BPIC13_closed,handover,ap,concentrated,split+quality_level+rung,3,0.005550510634451316,raw-within-metric
BPIC13_closed,handover,ap,concentrated,learner+split+quality_level+rung,4,0.0036070214333373397,raw-within-metric
BPIC13_closed,handover,auc,concentrated,learner,1,0.1396976764914111,raw-within-metric
BPIC13_closed,handover,auc,concentrated,split,1,0.22891428245237286,raw-within-metric
BPIC13_closed,handover,auc,concentrated,quality_level,1,0.028159634559856993,raw-within-metric
BPIC13_closed,handover,auc,concentrated,rung,1,0.20703380225018553,raw-within-metric
BPIC13_closed,handover,auc,concentrated,learner+split,2,0.051053819634275764,raw-within-metric
BPIC13_closed,handover,auc,concentrated,learner+quality_level,2,0.008403918448845069,raw-within-metric
BPIC13_closed,handover,auc,concentrated,learner+rung,2,0.08488522658008142,raw-within-metric
BPIC13_closed,handover,auc,concentrated,split+quality_level,2,0.03226100238595529,raw-within-metric
BPIC13_closed,handover,auc,concentrated,split+rung,2,0.15068948380018063,raw-within-metric
BPIC13_closed,handover,auc,concentrated,quality_level+rung,2,0.009158164230364198,raw-within-metric
BPIC13_closed,handover,auc,concentrated,learner+split+quality_level,3,0.009628742285328494,raw-within-metric
BPIC13_closed,handover,auc,concentrated,learner+split+rung,3,0.031828817171866225,raw-within-metric
BPIC13_closed,handover,auc,concentrated,learner+quality_level+rung,3,0.005168627533280907,raw-within-metric
BPIC13_closed,handover,auc,concentrated,split+quality_level+rung,3,0.007406629069510041,raw-within-metric
BPIC13_closed,handover,auc,concentrated,learner+split+quality_level+rung,4,0.005710173106485547,raw-within-metric
BPIC13_closed,handover,brier_skill,concentrated,learner,1,0.01743837135713583,raw-within-metric
BPIC13_closed,handover,brier_skill,concentrated,split,1,0.23932817814330903,raw-within-metric
BPIC13_closed,handover,brier_skill,concentrated,quality_level,1,0.019048199514997782,raw-within-metric
BPIC13_closed,handover,brier_skill,concentrated,rung,1,0.1130377165349279,raw-within-metric
BPIC13_closed,handover,brier_skill,concentrated,learner+split,2,0.07334905385116543,raw-within-metric
BPIC13_closed,handover,brier_skill,concentrated,learner+quality_level,2,0.0187910427832228,raw-within-metric
BPIC13_closed,handover,brier_skill,concentrated,learner+rung,2,0.39470832572862924,raw-within-metric
BPIC13_closed,handover,brier_skill,concentrated,split+quality_level,2,0.019656763061387018,raw-within-metric
BPIC13_closed,handover,brier_skill,concentrated,split+rung,2,0.028494222850650487,raw-within-metric
BPIC13_closed,handover,brier_skill,concentrated,quality_level+rung,2,0.0028936331145840615,raw-within-metric
BPIC13_closed,handover,brier_skill,concentrated,learner+split+quality_level,3,0.024067481615015315,raw-within-metric
BPIC13_closed,handover,brier_skill,concentrated,learner+split+rung,3,0.023594909649004528,raw-within-metric
BPIC13_closed,handover,brier_skill,concentrated,learner+quality_level+rung,3,0.016519660665506482,raw-within-metric
BPIC13_closed,handover,brier_skill,concentrated,split+quality_level+rung,3,0.002527407693060355,raw-within-metric
BPIC13_closed,handover,brier_skill,concentrated,learner+split+quality_level+rung,4,0.006545033437403697,raw-within-metric
BPIC13_closed,handover,logloss_skill,concentrated,learner,1,0.3394972089252723,raw-within-metric
BPIC13_closed,handover,logloss_skill,concentrated,split,1,0.1850546142882324,raw-within-metric
BPIC13_closed,handover,logloss_skill,concentrated,quality_level,1,0.005269050685634516,raw-within-metric
BPIC13_closed,handover,logloss_skill,concentrated,rung,1,0.05689979365078957,raw-within-metric
BPIC13_closed,handover,logloss_skill,concentrated,learner+split,2,0.170780946182358,raw-within-metric
BPIC13_closed,handover,logloss_skill,concentrated,learner+quality_level,2,0.009613948842499456,raw-within-metric
BPIC13_closed,handover,logloss_skill,concentrated,learner+rung,2,0.09332838794891016,raw-within-metric
BPIC13_closed,handover,logloss_skill,concentrated,split+quality_level,2,0.016320434548632915,raw-within-metric
BPIC13_closed,handover,logloss_skill,concentrated,split+rung,2,0.011124916576548684,raw-within-metric
BPIC13_closed,handover,logloss_skill,concentrated,quality_level+rung,2,0.0013642300698814673,raw-within-metric
BPIC13_closed,handover,logloss_skill,concentrated,learner+split+quality_level,3,0.03334960517946077,raw-within-metric
BPIC13_closed,handover,logloss_skill,concentrated,learner+split+rung,3,0.061267924460236385,raw-within-metric
BPIC13_closed,handover,logloss_skill,concentrated,learner+quality_level+rung,3,0.0035572263252709895,raw-within-metric
BPIC13_closed,handover,logloss_skill,concentrated,split+quality_level+rung,3,0.0023818399684123965,raw-within-metric
BPIC13_closed,handover,logloss_skill,concentrated,learner+split+quality_level+rung,4,0.010189872347859867,raw-within-metric
BPIC13_closed,handover,nagelkerke,concentrated,learner,1,0.19666205153331245,raw-within-metric
BPIC13_closed,handover,nagelkerke,concentrated,split,1,0.11803045321259052,raw-within-metric
BPIC13_closed,handover,nagelkerke,concentrated,quality_level,1,0.0018407765461053494,raw-within-metric
BPIC13_closed,handover,nagelkerke,concentrated,rung,1,0.06789785575306893,raw-within-metric
BPIC13_closed,handover,nagelkerke,concentrated,learner+split,2,0.24427997452026892,raw-within-metric
BPIC13_closed,handover,nagelkerke,concentrated,learner+quality_level,2,0.005174025496461442,raw-within-metric
BPIC13_closed,handover,nagelkerke,concentrated,learner+rung,2,0.15308018157723324,raw-within-metric
BPIC13_closed,handover,nagelkerke,concentrated,split+quality_level,2,0.008955187512694179,raw-within-metric
BPIC13_closed,handover,nagelkerke,concentrated,split+rung,2,0.02927228044331192,raw-within-metric
BPIC13_closed,handover,nagelkerke,concentrated,quality_level+rung,2,0.0011274708764527001,raw-within-metric
BPIC13_closed,handover,nagelkerke,concentrated,learner+split+quality_level,3,0.029056605159698806,raw-within-metric
BPIC13_closed,handover,nagelkerke,concentrated,learner+split+rung,3,0.12285272558408036,raw-within-metric
BPIC13_closed,handover,nagelkerke,concentrated,learner+quality_level+rung,3,0.004130424288084756,raw-within-metric
BPIC13_closed,handover,nagelkerke,concentrated,split+quality_level+rung,3,0.003364305677469279,raw-within-metric
BPIC13_closed,handover,nagelkerke,concentrated,learner+split+quality_level+rung,4,0.01427568181916713,raw-within-metric
BPIC13_incidents,duration,ap,concentrated,learner,1,0.004213070384676542,raw-within-metric
BPIC13_incidents,duration,ap,concentrated,split,1,0.19212620157923951,raw-within-metric
BPIC13_incidents,duration,ap,concentrated,quality_level,1,0.0655181597427519,raw-within-metric
BPIC13_incidents,duration,ap,concentrated,rung,1,0.5534161676191313,raw-within-metric
BPIC13_incidents,duration,ap,concentrated,learner+split,2,0.03596456530781197,raw-within-metric
BPIC13_incidents,duration,ap,concentrated,learner+quality_level,2,0.006921247789748954,raw-within-metric
BPIC13_incidents,duration,ap,concentrated,learner+rung,2,0.002648668376838297,raw-within-metric
BPIC13_incidents,duration,ap,concentrated,split+quality_level,2,0.0076146413928811964,raw-within-metric
BPIC13_incidents,duration,ap,concentrated,split+rung,2,0.0735736649625104,raw-within-metric
BPIC13_incidents,duration,ap,concentrated,quality_level+rung,2,0.03184994797014585,raw-within-metric
BPIC13_incidents,duration,ap,concentrated,learner+split+quality_level,3,0.005541601505949393,raw-within-metric
BPIC13_incidents,duration,ap,concentrated,learner+split+rung,3,0.013778407483057135,raw-within-metric
BPIC13_incidents,duration,ap,concentrated,learner+quality_level+rung,3,0.002955126326176352,raw-within-metric
BPIC13_incidents,duration,ap,concentrated,split+quality_level+rung,3,0.0017758282812393605,raw-within-metric
BPIC13_incidents,duration,ap,concentrated,learner+split+quality_level+rung,4,0.002102701277841993,raw-within-metric
BPIC13_incidents,duration,auc,concentrated,learner,1,0.019987574239018684,raw-within-metric
BPIC13_incidents,duration,auc,concentrated,split,1,0.1524788775229553,raw-within-metric
BPIC13_incidents,duration,auc,concentrated,quality_level,1,0.08032555980770492,raw-within-metric
BPIC13_incidents,duration,auc,concentrated,rung,1,0.5924414611722972,raw-within-metric
BPIC13_incidents,duration,auc,concentrated,learner+split,2,0.007295528926155793,raw-within-metric
BPIC13_incidents,duration,auc,concentrated,learner+quality_level,2,0.0006336266081734482,raw-within-metric
BPIC13_incidents,duration,auc,concentrated,learner+rung,2,0.0041130351775709355,raw-within-metric
BPIC13_incidents,duration,auc,concentrated,split+quality_level,2,0.0064789575897239386,raw-within-metric
BPIC13_incidents,duration,auc,concentrated,split+rung,2,0.09942835419972681,raw-within-metric
BPIC13_incidents,duration,auc,concentrated,quality_level+rung,2,0.029980457709938305,raw-within-metric
BPIC13_incidents,duration,auc,concentrated,learner+split+quality_level,3,0.00134030611931332,raw-within-metric
BPIC13_incidents,duration,auc,concentrated,learner+split+rung,3,0.001512057595887817,raw-within-metric
BPIC13_incidents,duration,auc,concentrated,learner+quality_level+rung,3,0.0007384207624508643,raw-within-metric
BPIC13_incidents,duration,auc,concentrated,split+quality_level+rung,3,0.002874395481628527,raw-within-metric
BPIC13_incidents,duration,auc,concentrated,learner+split+quality_level+rung,4,0.0003713870874541035,raw-within-metric
BPIC13_incidents,duration,brier_skill,concentrated,learner,1,0.11758346710032315,raw-within-metric
BPIC13_incidents,duration,brier_skill,concentrated,split,1,0.2683138297495652,raw-within-metric
BPIC13_incidents,duration,brier_skill,concentrated,quality_level,1,0.027810915020364813,raw-within-metric
BPIC13_incidents,duration,brier_skill,concentrated,rung,1,0.10634892287513761,raw-within-metric
BPIC13_incidents,duration,brier_skill,concentrated,learner+split,2,0.035693522098654736,raw-within-metric
BPIC13_incidents,duration,brier_skill,concentrated,learner+quality_level,2,0.039239548158554946,raw-within-metric
BPIC13_incidents,duration,brier_skill,concentrated,learner+rung,2,0.0926729748024572,raw-within-metric
BPIC13_incidents,duration,brier_skill,concentrated,split+quality_level,2,0.025868784029777197,raw-within-metric
BPIC13_incidents,duration,brier_skill,concentrated,split+rung,2,0.15852328802584623,raw-within-metric
BPIC13_incidents,duration,brier_skill,concentrated,quality_level+rung,2,0.013790429183859481,raw-within-metric
BPIC13_incidents,duration,brier_skill,concentrated,learner+split+quality_level,3,0.0175965844071927,raw-within-metric
BPIC13_incidents,duration,brier_skill,concentrated,learner+split+rung,3,0.0761076797660686,raw-within-metric
BPIC13_incidents,duration,brier_skill,concentrated,learner+quality_level+rung,3,0.007913673916712827,raw-within-metric
BPIC13_incidents,duration,brier_skill,concentrated,split+quality_level+rung,3,0.005604508508160991,raw-within-metric
BPIC13_incidents,duration,brier_skill,concentrated,learner+split+quality_level+rung,4,0.0069318723573243745,raw-within-metric
BPIC13_incidents,duration,logloss_skill,concentrated,learner,1,0.051140122203347,raw-within-metric
BPIC13_incidents,duration,logloss_skill,concentrated,split,1,0.35989171804464165,raw-within-metric
BPIC13_incidents,duration,logloss_skill,concentrated,quality_level,1,0.012392289061679173,raw-within-metric
BPIC13_incidents,duration,logloss_skill,concentrated,rung,1,0.010411554742138316,raw-within-metric
BPIC13_incidents,duration,logloss_skill,concentrated,learner+split,2,0.09511442296067721,raw-within-metric
BPIC13_incidents,duration,logloss_skill,concentrated,learner+quality_level,2,0.017288486532009224,raw-within-metric
BPIC13_incidents,duration,logloss_skill,concentrated,learner+rung,2,0.09374059155403835,raw-within-metric
BPIC13_incidents,duration,logloss_skill,concentrated,split+quality_level,2,0.025121379456606335,raw-within-metric
BPIC13_incidents,duration,logloss_skill,concentrated,split+rung,2,0.18187773805796362,raw-within-metric
BPIC13_incidents,duration,logloss_skill,concentrated,quality_level+rung,2,0.003096661021881502,raw-within-metric
BPIC13_incidents,duration,logloss_skill,concentrated,learner+split+quality_level,3,0.04255921822353749,raw-within-metric
BPIC13_incidents,duration,logloss_skill,concentrated,learner+split+rung,3,0.09144044568506432,raw-within-metric
BPIC13_incidents,duration,logloss_skill,concentrated,learner+quality_level+rung,3,0.003844439078951311,raw-within-metric
BPIC13_incidents,duration,logloss_skill,concentrated,split+quality_level+rung,3,0.005713491843387288,raw-within-metric
BPIC13_incidents,duration,logloss_skill,concentrated,learner+split+quality_level+rung,4,0.006367441534077217,raw-within-metric
BPIC13_incidents,duration,nagelkerke,concentrated,learner,1,0.015946339539957315,raw-within-metric
BPIC13_incidents,duration,nagelkerke,concentrated,split,1,0.16844767881170614,raw-within-metric
BPIC13_incidents,duration,nagelkerke,concentrated,quality_level,1,0.004664113292392502,raw-within-metric
BPIC13_incidents,duration,nagelkerke,concentrated,rung,1,0.0003640632910569753,raw-within-metric
BPIC13_incidents,duration,nagelkerke,concentrated,learner+split,2,0.2603692479412683,raw-within-metric
BPIC13_incidents,duration,nagelkerke,concentrated,learner+quality_level,2,0.013783833064484965,raw-within-metric
BPIC13_incidents,duration,nagelkerke,concentrated,learner+rung,2,0.0007991457760262665,raw-within-metric
BPIC13_incidents,duration,nagelkerke,concentrated,split+quality_level,2,0.10292542791624464,raw-within-metric
BPIC13_incidents,duration,nagelkerke,concentrated,split+rung,2,0.0009463892324330042,raw-within-metric
BPIC13_incidents,duration,nagelkerke,concentrated,quality_level+rung,2,0.0004781816987204071,raw-within-metric
BPIC13_incidents,duration,nagelkerke,concentrated,learner+split+quality_level,3,0.3557626651926021,raw-within-metric
BPIC13_incidents,duration,nagelkerke,concentrated,learner+split+rung,3,0.004185620032196678,raw-within-metric
BPIC13_incidents,duration,nagelkerke,concentrated,learner+quality_level+rung,3,0.002356184364392529,raw-within-metric
BPIC13_incidents,duration,nagelkerke,concentrated,split+quality_level+rung,3,0.01625191497499641,raw-within-metric
BPIC13_incidents,duration,nagelkerke,concentrated,learner+split+quality_level+rung,4,0.0527191948715217,raw-within-metric
BPIC13_incidents,handover,ap,concentrated,learner,1,0.012828662067902431,raw-within-metric
BPIC13_incidents,handover,ap,concentrated,split,1,0.014843244198579268,raw-within-metric
BPIC13_incidents,handover,ap,concentrated,quality_level,1,0.04300494367487477,raw-within-metric
BPIC13_incidents,handover,ap,concentrated,rung,1,0.8908630937513244,raw-within-metric
BPIC13_incidents,handover,ap,concentrated,learner+split,2,0.010257114716039099,raw-within-metric
BPIC13_incidents,handover,ap,concentrated,learner+quality_level,2,0.0011172508823172713,raw-within-metric
BPIC13_incidents,handover,ap,concentrated,learner+rung,2,5.914588730226901e-05,raw-within-metric
BPIC13_incidents,handover,ap,concentrated,split+quality_level,2,0.000437429464469945,raw-within-metric
BPIC13_incidents,handover,ap,concentrated,split+rung,2,0.0063978006727286795,raw-within-metric
BPIC13_incidents,handover,ap,concentrated,quality_level+rung,2,0.017920796042993813,raw-within-metric
BPIC13_incidents,handover,ap,concentrated,learner+split+quality_level,3,0.0006937538449002157,raw-within-metric
BPIC13_incidents,handover,ap,concentrated,learner+split+rung,3,0.0004662298167599416,raw-within-metric
BPIC13_incidents,handover,ap,concentrated,learner+quality_level+rung,3,7.612499942938329e-05,raw-within-metric
BPIC13_incidents,handover,ap,concentrated,split+quality_level+rung,3,0.0007218212649919685,raw-within-metric
BPIC13_incidents,handover,ap,concentrated,learner+split+quality_level+rung,4,0.00031258871538649476,raw-within-metric
BPIC13_incidents,handover,auc,concentrated,learner,1,0.03387092395565466,raw-within-metric
BPIC13_incidents,handover,auc,concentrated,split,1,0.031165072645954528,raw-within-metric
BPIC13_incidents,handover,auc,concentrated,quality_level,1,0.1288365363951183,raw-within-metric
BPIC13_incidents,handover,auc,concentrated,rung,1,0.7426479379243246,raw-within-metric
BPIC13_incidents,handover,auc,concentrated,learner+split,2,0.028343697763829293,raw-within-metric
BPIC13_incidents,handover,auc,concentrated,learner+quality_level,2,0.0029410318806953675,raw-within-metric
BPIC13_incidents,handover,auc,concentrated,learner+rung,2,0.0012976542904850135,raw-within-metric
BPIC13_incidents,handover,auc,concentrated,split+quality_level,2,0.0010406794939912564,raw-within-metric
BPIC13_incidents,handover,auc,concentrated,split+rung,2,0.003483239125617317,raw-within-metric
BPIC13_incidents,handover,auc,concentrated,quality_level+rung,2,0.022699285712927564,raw-within-metric
BPIC13_incidents,handover,auc,concentrated,learner+split+quality_level,3,0.0008935335371590502,raw-within-metric
BPIC13_incidents,handover,auc,concentrated,learner+split+rung,3,0.001954213395042007,raw-within-metric
BPIC13_incidents,handover,auc,concentrated,learner+quality_level+rung,3,0.0002201256532007665,raw-within-metric
BPIC13_incidents,handover,auc,concentrated,split+quality_level+rung,3,0.00041596491021132624,raw-within-metric
BPIC13_incidents,handover,auc,concentrated,learner+split+quality_level+rung,4,0.00019010331578905003,raw-within-metric
BPIC13_incidents,handover,brier_skill,concentrated,learner,1,0.010573943318145027,raw-within-metric
BPIC13_incidents,handover,brier_skill,concentrated,split,1,0.07556457993805293,raw-within-metric
BPIC13_incidents,handover,brier_skill,concentrated,quality_level,1,0.28103590478841545,raw-within-metric
BPIC13_incidents,handover,brier_skill,concentrated,rung,1,0.5403212867472861,raw-within-metric
BPIC13_incidents,handover,brier_skill,concentrated,learner+split,2,0.01569632183336392,raw-within-metric
BPIC13_incidents,handover,brier_skill,concentrated,learner+quality_level,2,0.0022594343375667686,raw-within-metric
BPIC13_incidents,handover,brier_skill,concentrated,learner+rung,2,0.015485514997605306,raw-within-metric
BPIC13_incidents,handover,brier_skill,concentrated,split+quality_level,2,0.004941018397461841,raw-within-metric
BPIC13_incidents,handover,brier_skill,concentrated,split+rung,2,0.017224221543371877,raw-within-metric
BPIC13_incidents,handover,brier_skill,concentrated,quality_level+rung,2,0.01828688460846286,raw-within-metric
BPIC13_incidents,handover,brier_skill,concentrated,learner+split+quality_level,3,0.0016923464479134903,raw-within-metric
BPIC13_incidents,handover,brier_skill,concentrated,learner+split+rung,3,0.012767128774220333,raw-within-metric
BPIC13_incidents,handover,brier_skill,concentrated,learner+quality_level+rung,3,0.0021879927070822753,raw-within-metric
BPIC13_incidents,handover,brier_skill,concentrated,split+quality_level+rung,3,0.0005892132863396318,raw-within-metric
BPIC13_incidents,handover,brier_skill,concentrated,learner+split+quality_level+rung,4,0.0013742082747121476,raw-within-metric
BPIC13_incidents,handover,logloss_skill,concentrated,learner,1,0.035068923687504173,raw-within-metric
BPIC13_incidents,handover,logloss_skill,concentrated,split,1,0.14091580817317345,raw-within-metric
BPIC13_incidents,handover,logloss_skill,concentrated,quality_level,1,0.11526428169960555,raw-within-metric
BPIC13_incidents,handover,logloss_skill,concentrated,rung,1,0.21522162798071645,raw-within-metric
BPIC13_incidents,handover,logloss_skill,concentrated,learner+split,2,0.40784368077443617,raw-within-metric
BPIC13_incidents,handover,logloss_skill,concentrated,learner+quality_level,2,0.00477550736482311,raw-within-metric
BPIC13_incidents,handover,logloss_skill,concentrated,learner+rung,2,0.011813376071012483,raw-within-metric
BPIC13_incidents,handover,logloss_skill,concentrated,split+quality_level,2,0.00373829390976808,raw-within-metric
BPIC13_incidents,handover,logloss_skill,concentrated,split+rung,2,0.02063760448369888,raw-within-metric
BPIC13_incidents,handover,logloss_skill,concentrated,quality_level+rung,2,0.00936470828531146,raw-within-metric
BPIC13_incidents,handover,logloss_skill,concentrated,learner+split+quality_level,3,0.011729895436435241,raw-within-metric
BPIC13_incidents,handover,logloss_skill,concentrated,learner+split+rung,3,0.014809443838396625,raw-within-metric
BPIC13_incidents,handover,logloss_skill,concentrated,learner+quality_level+rung,3,0.0021894157242012585,raw-within-metric
BPIC13_incidents,handover,logloss_skill,concentrated,split+quality_level+rung,3,0.0013353067720859083,raw-within-metric
BPIC13_incidents,handover,logloss_skill,concentrated,learner+split+quality_level+rung,4,0.005292125798831232,raw-within-metric
BPIC13_incidents,handover,nagelkerke,concentrated,learner,1,0.031067070547981215,raw-within-metric
BPIC13_incidents,handover,nagelkerke,concentrated,split,1,0.14971249191923047,raw-within-metric
BPIC13_incidents,handover,nagelkerke,concentrated,quality_level,1,0.008381664114049116,raw-within-metric
BPIC13_incidents,handover,nagelkerke,concentrated,rung,1,0.02413418926480042,raw-within-metric
BPIC13_incidents,handover,nagelkerke,concentrated,learner+split,2,0.6938495430336238,raw-within-metric
BPIC13_incidents,handover,nagelkerke,concentrated,learner+quality_level,2,0.0017467316401718583,raw-within-metric
BPIC13_incidents,handover,nagelkerke,concentrated,learner+rung,2,0.002480674916526956,raw-within-metric
BPIC13_incidents,handover,nagelkerke,concentrated,split+quality_level,2,0.009340308653611934,raw-within-metric
BPIC13_incidents,handover,nagelkerke,concentrated,split+rung,2,0.003661124501979847,raw-within-metric
BPIC13_incidents,handover,nagelkerke,concentrated,quality_level+rung,2,0.0016214772143039564,raw-within-metric
BPIC13_incidents,handover,nagelkerke,concentrated,learner+split+quality_level,3,0.0353778107610892,raw-within-metric
BPIC13_incidents,handover,nagelkerke,concentrated,learner+split+rung,3,0.013254750457121187,raw-within-metric
BPIC13_incidents,handover,nagelkerke,concentrated,learner+quality_level+rung,3,0.0012020981372374703,raw-within-metric
BPIC13_incidents,handover,nagelkerke,concentrated,split+quality_level+rung,3,0.0045073345779020274,raw-within-metric
BPIC13_incidents,handover,nagelkerke,concentrated,learner+split+quality_level+rung,4,0.019662730260370572,raw-within-metric
BPIC14,duration,ap,concentrated,learner,1,0.17340178678681722,raw-within-metric
BPIC14,duration,ap,concentrated,split,1,0.04695440886016104,raw-within-metric
BPIC14,duration,ap,concentrated,quality_level,1,0.15371675049057237,raw-within-metric
BPIC14,duration,ap,concentrated,rung,1,0.567280353628246,raw-within-metric
BPIC14,duration,ap,concentrated,learner+split,2,0.007615574872002453,raw-within-metric
BPIC14,duration,ap,concentrated,learner+quality_level,2,0.00561110681107675,raw-within-metric
BPIC14,duration,ap,concentrated,learner+rung,2,0.022471079443167292,raw-within-metric
BPIC14,duration,ap,concentrated,split+quality_level,2,0.0017546691298341226,raw-within-metric
BPIC14,duration,ap,concentrated,split+rung,2,0.004787314684491578,raw-within-metric
BPIC14,duration,ap,concentrated,quality_level+rung,2,0.013921327928076656,raw-within-metric
BPIC14,duration,ap,concentrated,learner+split+quality_level,3,0.0010847826538440358,raw-within-metric
BPIC14,duration,ap,concentrated,learner+split+rung,3,0.0004282320049326642,raw-within-metric
BPIC14,duration,ap,concentrated,learner+quality_level+rung,3,0.00072986753904562,raw-within-metric
BPIC14,duration,ap,concentrated,split+quality_level+rung,3,0.00019274269418649264,raw-within-metric
BPIC14,duration,ap,concentrated,learner+split+quality_level+rung,4,5.000247354566495e-05,raw-within-metric
BPIC14,duration,auc,concentrated,learner,1,0.015224987987049927,raw-within-metric
BPIC14,duration,auc,concentrated,split,1,0.03035221491097752,raw-within-metric
BPIC14,duration,auc,concentrated,quality_level,1,0.1760833290019947,raw-within-metric
BPIC14,duration,auc,concentrated,rung,1,0.7209658346538131,raw-within-metric
BPIC14,duration,auc,concentrated,learner+split,2,0.0026573047478533804,raw-within-metric
BPIC14,duration,auc,concentrated,learner+quality_level,2,0.00745582653294131,raw-within-metric
BPIC14,duration,auc,concentrated,learner+rung,2,0.022623459036824917,raw-within-metric
BPIC14,duration,auc,concentrated,split+quality_level,2,0.0017722731897115633,raw-within-metric
BPIC14,duration,auc,concentrated,split+rung,2,0.005332743030291824,raw-within-metric
BPIC14,duration,auc,concentrated,quality_level+rung,2,0.015562981756282486,raw-within-metric
BPIC14,duration,auc,concentrated,learner+split+quality_level,3,0.00063093889033113,raw-within-metric
BPIC14,duration,auc,concentrated,learner+split+rung,3,0.0001792981764291865,raw-within-metric
BPIC14,duration,auc,concentrated,learner+quality_level+rung,3,0.0009809656787669787,raw-within-metric
BPIC14,duration,auc,concentrated,split+quality_level+rung,3,0.00013162326266307733,raw-within-metric
BPIC14,duration,auc,concentrated,learner+split+quality_level+rung,4,4.62191440688808e-05,raw-within-metric
BPIC14,duration,brier_skill,concentrated,learner,1,0.24569820253515143,raw-within-metric
BPIC14,duration,brier_skill,concentrated,split,1,0.04375321943113524,raw-within-metric
BPIC14,duration,brier_skill,concentrated,quality_level,1,0.15210005322778916,raw-within-metric
BPIC14,duration,brier_skill,concentrated,rung,1,0.49100720078318694,raw-within-metric
BPIC14,duration,brier_skill,concentrated,learner+split,2,0.0032046798601918316,raw-within-metric
BPIC14,duration,brier_skill,concentrated,learner+quality_level,2,0.005570735792921409,raw-within-metric
BPIC14,duration,brier_skill,concentrated,learner+rung,2,0.03687400601316056,raw-within-metric
BPIC14,duration,brier_skill,concentrated,split+quality_level,2,0.0028893755773684057,raw-within-metric
BPIC14,duration,brier_skill,concentrated,split+rung,2,0.002795578988546207,raw-within-metric
BPIC14,duration,brier_skill,concentrated,quality_level+rung,2,0.0137902318178817,raw-within-metric
BPIC14,duration,brier_skill,concentrated,learner+split+quality_level,3,0.000860562175887473,raw-within-metric
BPIC14,duration,brier_skill,concentrated,learner+split+rung,3,0.00024163655295713585,raw-within-metric
BPIC14,duration,brier_skill,concentrated,learner+quality_level+rung,3,0.0009983291518115254,raw-within-metric
BPIC14,duration,brier_skill,concentrated,split+quality_level+rung,3,0.00017429082120242633,raw-within-metric
BPIC14,duration,brier_skill,concentrated,learner+split+quality_level+rung,4,4.189727080859184e-05,raw-within-metric
BPIC14,duration,logloss_skill,concentrated,learner,1,0.26896913193291855,raw-within-metric
BPIC14,duration,logloss_skill,concentrated,split,1,0.03796723610661894,raw-within-metric
BPIC14,duration,logloss_skill,concentrated,quality_level,1,0.15228964473843468,raw-within-metric
BPIC14,duration,logloss_skill,concentrated,rung,1,0.47565251441112244,raw-within-metric
BPIC14,duration,logloss_skill,concentrated,learner+split,2,0.002623033754858727,raw-within-metric
BPIC14,duration,logloss_skill,concentrated,learner+quality_level,2,0.005793591668674843,raw-within-metric
BPIC14,duration,logloss_skill,concentrated,learner+rung,2,0.03550775418605794,raw-within-metric
BPIC14,duration,logloss_skill,concentrated,split+quality_level,2,0.002507635242779816,raw-within-metric
BPIC14,duration,logloss_skill,concentrated,split+rung,2,0.0026550826384122875,raw-within-metric
BPIC14,duration,logloss_skill,concentrated,quality_level+rung,2,0.013558727788910152,raw-within-metric
BPIC14,duration,logloss_skill,concentrated,learner+split+quality_level,3,0.001025337959635852,raw-within-metric
BPIC14,duration,logloss_skill,concentrated,learner+split+rung,3,0.00027166508512197553,raw-within-metric
BPIC14,duration,logloss_skill,concentrated,learner+quality_level+rung,3,0.000962529232515664,raw-within-metric
BPIC14,duration,logloss_skill,concentrated,split+quality_level+rung,3,0.00016926913863361413,raw-within-metric
BPIC14,duration,logloss_skill,concentrated,learner+split+quality_level+rung,4,4.684611530455073e-05,raw-within-metric
BPIC14,duration,nagelkerke,concentrated,learner,1,0.2631848617272244,raw-within-metric
BPIC14,duration,nagelkerke,concentrated,split,1,0.033513364838351586,raw-within-metric
BPIC14,duration,nagelkerke,concentrated,quality_level,1,0.14754098470345994,raw-within-metric
BPIC14,duration,nagelkerke,concentrated,rung,1,0.49089973575135465,raw-within-metric
BPIC14,duration,nagelkerke,concentrated,learner+split,2,0.0024820297104819157,raw-within-metric
BPIC14,duration,nagelkerke,concentrated,learner+quality_level,2,0.005161938991431354,raw-within-metric
BPIC14,duration,nagelkerke,concentrated,learner+rung,2,0.036339268344347614,raw-within-metric
BPIC14,duration,nagelkerke,concentrated,split+quality_level,2,0.002151262717410538,raw-within-metric
BPIC14,duration,nagelkerke,concentrated,split+rung,2,0.002829115115141771,raw-within-metric
BPIC14,duration,nagelkerke,concentrated,quality_level+rung,2,0.013203279315408538,raw-within-metric
BPIC14,duration,nagelkerke,concentrated,learner+split+quality_level,3,0.0012878405919034036,raw-within-metric
BPIC14,duration,nagelkerke,concentrated,learner+split+rung,3,0.0002743645554011588,raw-within-metric
BPIC14,duration,nagelkerke,concentrated,learner+quality_level+rung,3,0.0009189467527226958,raw-within-metric
BPIC14,duration,nagelkerke,concentrated,split+quality_level+rung,3,0.00016713359849538644,raw-within-metric
BPIC14,duration,nagelkerke,concentrated,learner+split+quality_level+rung,4,4.587328686502915e-05,raw-within-metric
BPIC14,handover,ap,concentrated,learner,1,0.46220376550539055,raw-within-metric
BPIC14,handover,ap,concentrated,split,1,0.004367556671413167,raw-within-metric
BPIC14,handover,ap,concentrated,quality_level,1,0.060902397557962895,raw-within-metric
BPIC14,handover,ap,concentrated,rung,1,0.3881218792201898,raw-within-metric
BPIC14,handover,ap,concentrated,learner+split,2,0.006270555707531538,raw-within-metric
BPIC14,handover,ap,concentrated,learner+quality_level,2,0.008065167189190266,raw-within-metric
BPIC14,handover,ap,concentrated,learner+rung,2,0.04387910928282493,raw-within-metric
BPIC14,handover,ap,concentrated,split+quality_level,2,0.00043945684237050106,raw-within-metric
BPIC14,handover,ap,concentrated,split+rung,2,0.015938088515686778,raw-within-metric
BPIC14,handover,ap,concentrated,quality_level+rung,2,0.006553475214970506,raw-within-metric
BPIC14,handover,ap,concentrated,learner+split+quality_level,3,0.0007942720688766699,raw-within-metric
BPIC14,handover,ap,concentrated,learner+split+rung,3,0.001406761803497315,raw-within-metric
BPIC14,handover,ap,concentrated,learner+quality_level+rung,3,0.0007961199241999961,raw-within-metric
BPIC14,handover,ap,concentrated,split+quality_level+rung,3,0.00017984718097342363,raw-within-metric
BPIC14,handover,ap,concentrated,learner+split+quality_level+rung,4,8.154731492158345e-05,raw-within-metric
BPIC14,handover,auc,concentrated,learner,1,0.3733703166883899,raw-within-metric
BPIC14,handover,auc,concentrated,split,1,0.034102681820764674,raw-within-metric
BPIC14,handover,auc,concentrated,quality_level,1,0.10114865400024217,raw-within-metric
BPIC14,handover,auc,concentrated,rung,1,0.42000734818001373,raw-within-metric
BPIC14,handover,auc,concentrated,learner+split,2,0.0026987357821583297,raw-within-metric
BPIC14,handover,auc,concentrated,learner+quality_level,2,0.008772710211018187,raw-within-metric
BPIC14,handover,auc,concentrated,learner+rung,2,0.04173951152104508,raw-within-metric
BPIC14,handover,auc,concentrated,split+quality_level,2,0.0006374339261435692,raw-within-metric
BPIC14,handover,auc,concentrated,split+rung,2,0.005161292154014585,raw-within-metric
BPIC14,handover,auc,concentrated,quality_level+rung,2,0.009946871419760125,raw-within-metric
BPIC14,handover,auc,concentrated,learner+split+quality_level,3,0.00012097792119443596,raw-within-metric
BPIC14,handover,auc,concentrated,learner+split+rung,3,0.001268035884569521,raw-within-metric
BPIC14,handover,auc,concentrated,learner+quality_level+rung,3,0.0009081603424432404,raw-within-metric
BPIC14,handover,auc,concentrated,split+quality_level+rung,3,8.537949701936014e-05,raw-within-metric
BPIC14,handover,auc,concentrated,learner+split+quality_level+rung,4,3.1890651223108074e-05,raw-within-metric
BPIC14,handover,brier_skill,concentrated,learner,1,0.3582646574685544,raw-within-metric
BPIC14,handover,brier_skill,concentrated,split,1,0.021283068553964224,raw-within-metric
BPIC14,handover,brier_skill,concentrated,quality_level,1,0.20490372377563573,raw-within-metric
BPIC14,handover,brier_skill,concentrated,rung,1,0.34711176435501007,raw-within-metric
BPIC14,handover,brier_skill,concentrated,learner+split,2,0.0034362306951191473,raw-within-metric
BPIC14,handover,brier_skill,concentrated,learner+quality_level,2,0.01585647227017443,raw-within-metric
BPIC14,handover,brier_skill,concentrated,learner+rung,2,0.029263955182698136,raw-within-metric
BPIC14,handover,brier_skill,concentrated,split+quality_level,2,0.0011245833330984375,raw-within-metric
BPIC14,handover,brier_skill,concentrated,split+rung,2,0.0020716738714042795,raw-within-metric
BPIC14,handover,brier_skill,concentrated,quality_level+rung,2,0.01423270407177216,raw-within-metric
BPIC14,handover,brier_skill,concentrated,learner+split+quality_level,3,0.00034177809981826373,raw-within-metric
BPIC14,handover,brier_skill,concentrated,learner+split+rung,3,0.000649176140587815,raw-within-metric
BPIC14,handover,brier_skill,concentrated,learner+quality_level+rung,3,0.0011977938304518017,raw-within-metric
BPIC14,handover,brier_skill,concentrated,split+quality_level+rung,3,0.00020108678502776548,raw-within-metric
BPIC14,handover,brier_skill,concentrated,learner+split+quality_level+rung,4,6.133156668325306e-05,raw-within-metric
BPIC14,handover,logloss_skill,concentrated,learner,1,0.3462529581594325,raw-within-metric
BPIC14,handover,logloss_skill,concentrated,split,1,0.028143882023028227,raw-within-metric
BPIC14,handover,logloss_skill,concentrated,quality_level,1,0.18943694769864391,raw-within-metric
BPIC14,handover,logloss_skill,concentrated,rung,1,0.36984910420998546,raw-within-metric
BPIC14,handover,logloss_skill,concentrated,learner+split,2,0.004751015519116962,raw-within-metric
BPIC14,handover,logloss_skill,concentrated,learner+quality_level,2,0.01409885400259609,raw-within-metric
BPIC14,handover,logloss_skill,concentrated,learner+rung,2,0.027875795096896694,raw-within-metric
BPIC14,handover,logloss_skill,concentrated,split+quality_level,2,0.0010449064232730188,raw-within-metric
BPIC14,handover,logloss_skill,concentrated,split+rung,2,0.002201930306550494,raw-within-metric
BPIC14,handover,logloss_skill,concentrated,quality_level+rung,2,0.01374579805712491,raw-within-metric
BPIC14,handover,logloss_skill,concentrated,learner+split+quality_level,3,0.0005990258252815191,raw-within-metric
BPIC14,handover,logloss_skill,concentrated,learner+split+rung,3,0.0006896678138390466,raw-within-metric
BPIC14,handover,logloss_skill,concentrated,learner+quality_level+rung,3,0.0010583923231959325,raw-within-metric
BPIC14,handover,logloss_skill,concentrated,split+quality_level+rung,3,0.00013078762378724125,raw-within-metric
BPIC14,handover,logloss_skill,concentrated,learner+split+quality_level+rung,4,0.0001209349172480588,raw-within-metric
BPIC14,handover,nagelkerke,concentrated,learner,1,0.34390084841427887,raw-within-metric
BPIC14,handover,nagelkerke,concentrated,split,1,0.02500155213491533,raw-within-metric
BPIC14,handover,nagelkerke,concentrated,quality_level,1,0.18147164603065857,raw-within-metric
BPIC14,handover,nagelkerke,concentrated,rung,1,0.38325670203941226,raw-within-metric
BPIC14,handover,nagelkerke,concentrated,learner+split,2,0.004498749090286391,raw-within-metric
BPIC14,handover,nagelkerke,concentrated,learner+quality_level,2,0.01353788322508556,raw-within-metric
BPIC14,handover,nagelkerke,concentrated,learner+rung,2,0.028928125605965603,raw-within-metric
BPIC14,handover,nagelkerke,concentrated,split+quality_level,2,0.0009079689230043639,raw-within-metric
BPIC14,handover,nagelkerke,concentrated,split+rung,2,0.0022856293481172737,raw-within-metric
BPIC14,handover,nagelkerke,concentrated,quality_level+rung,2,0.01364122914277684,raw-within-metric
BPIC14,handover,nagelkerke,concentrated,learner+split+quality_level,3,0.0005849107296341518,raw-within-metric
BPIC14,handover,nagelkerke,concentrated,learner+split+rung,3,0.0006903178759928852,raw-within-metric
BPIC14,handover,nagelkerke,concentrated,learner+quality_level+rung,3,0.001050516800774532,raw-within-metric
BPIC14,handover,nagelkerke,concentrated,split+quality_level+rung,3,0.0001261367761392624,raw-within-metric
BPIC14,handover,nagelkerke,concentrated,learner+split+quality_level+rung,4,0.00011778386295804532,raw-within-metric
BPIC15_1,duration,ap,concentrated,learner,1,0.008019002346350173,raw-within-metric
BPIC15_1,duration,ap,concentrated,split,1,0.2453276317926497,raw-within-metric
BPIC15_1,duration,ap,concentrated,quality_level,1,0.06273386309434423,raw-within-metric
BPIC15_1,duration,ap,concentrated,rung,1,0.2298726550603673,raw-within-metric
BPIC15_1,duration,ap,concentrated,learner+split,2,0.017749966574564433,raw-within-metric
BPIC15_1,duration,ap,concentrated,learner+quality_level,2,0.030344181575023596,raw-within-metric
BPIC15_1,duration,ap,concentrated,learner+rung,2,0.13877358772560552,raw-within-metric
BPIC15_1,duration,ap,concentrated,split+quality_level,2,0.01753017709533258,raw-within-metric
BPIC15_1,duration,ap,concentrated,split+rung,2,0.15785554637240684,raw-within-metric
BPIC15_1,duration,ap,concentrated,quality_level+rung,2,0.001431043811683465,raw-within-metric
BPIC15_1,duration,ap,concentrated,learner+split+quality_level,3,0.015719204461925405,raw-within-metric
BPIC15_1,duration,ap,concentrated,learner+split+rung,3,0.04124832279279863,raw-within-metric
BPIC15_1,duration,ap,concentrated,learner+quality_level+rung,3,0.013699006600671715,raw-within-metric
BPIC15_1,duration,ap,concentrated,split+quality_level+rung,3,0.014665153030260843,raw-within-metric
BPIC15_1,duration,ap,concentrated,learner+split+quality_level+rung,4,0.005030657666015534,raw-within-metric
BPIC15_1,duration,auc,concentrated,learner,1,0.00831077538716042,raw-within-metric
BPIC15_1,duration,auc,concentrated,split,1,0.06857411615730397,raw-within-metric
BPIC15_1,duration,auc,concentrated,quality_level,1,0.0017847921493200994,raw-within-metric
BPIC15_1,duration,auc,concentrated,rung,1,0.537545513549283,raw-within-metric
BPIC15_1,duration,auc,concentrated,learner+split,2,0.02000291531255224,raw-within-metric
BPIC15_1,duration,auc,concentrated,learner+quality_level,2,0.010320993322518077,raw-within-metric
BPIC15_1,duration,auc,concentrated,learner+rung,2,0.20378625811775486,raw-within-metric
BPIC15_1,duration,auc,concentrated,split+quality_level,2,0.0046333791504896095,raw-within-metric
BPIC15_1,duration,auc,concentrated,split+rung,2,0.08487603800728812,raw-within-metric
BPIC15_1,duration,auc,concentrated,quality_level+rung,2,0.006499702275763322,raw-within-metric
BPIC15_1,duration,auc,concentrated,learner+split+quality_level,3,0.010038884896752287,raw-within-metric
BPIC15_1,duration,auc,concentrated,learner+split+rung,3,0.026485203955956303,raw-within-metric
BPIC15_1,duration,auc,concentrated,learner+quality_level+rung,3,0.009160237103108123,raw-within-metric
BPIC15_1,duration,auc,concentrated,split+quality_level+rung,3,0.006016419208221562,raw-within-metric
BPIC15_1,duration,auc,concentrated,learner+split+quality_level+rung,4,0.0019647714065279425,raw-within-metric
BPIC15_1,duration,brier_skill,concentrated,learner,1,0.030075243844867285,raw-within-metric
BPIC15_1,duration,brier_skill,concentrated,split,1,0.20991458148553965,raw-within-metric
BPIC15_1,duration,brier_skill,concentrated,quality_level,1,0.03872402193133456,raw-within-metric
BPIC15_1,duration,brier_skill,concentrated,rung,1,0.3772263564214806,raw-within-metric
BPIC15_1,duration,brier_skill,concentrated,learner+split,2,0.13052092143328356,raw-within-metric
BPIC15_1,duration,brier_skill,concentrated,learner+quality_level,2,0.03288893948805086,raw-within-metric
BPIC15_1,duration,brier_skill,concentrated,learner+rung,2,0.04476771053812882,raw-within-metric
BPIC15_1,duration,brier_skill,concentrated,split+quality_level,2,0.01224481964761336,raw-within-metric
BPIC15_1,duration,brier_skill,concentrated,split+rung,2,0.05296437746763468,raw-within-metric
BPIC15_1,duration,brier_skill,concentrated,quality_level+rung,2,0.0087497652956058,raw-within-metric
BPIC15_1,duration,brier_skill,concentrated,learner+split+quality_level,3,0.02400693658386991,raw-within-metric
BPIC15_1,duration,brier_skill,concentrated,learner+split+rung,3,0.01771700867594333,raw-within-metric
BPIC15_1,duration,brier_skill,concentrated,learner+quality_level+rung,3,0.014520617085073559,raw-within-metric
BPIC15_1,duration,brier_skill,concentrated,split+quality_level+rung,3,0.002813013388579348,raw-within-metric
BPIC15_1,duration,brier_skill,concentrated,learner+split+quality_level+rung,4,0.00286568671299471,raw-within-metric
BPIC15_1,duration,logloss_skill,concentrated,learner,1,0.1561472875432155,raw-within-metric
BPIC15_1,duration,logloss_skill,concentrated,split,1,0.2356794736685805,raw-within-metric
BPIC15_1,duration,logloss_skill,concentrated,quality_level,1,0.033391998240689,raw-within-metric
BPIC15_1,duration,logloss_skill,concentrated,rung,1,0.23254518039901068,raw-within-metric
BPIC15_1,duration,logloss_skill,concentrated,learner+split,2,0.17396176138915845,raw-within-metric
BPIC15_1,duration,logloss_skill,concentrated,learner+quality_level,2,0.033550786832263195,raw-within-metric
BPIC15_1,duration,logloss_skill,concentrated,learner+rung,2,0.01624525213138423,raw-within-metric
BPIC15_1,duration,logloss_skill,concentrated,split+quality_level,2,0.01487051147583498,raw-within-metric
BPIC15_1,duration,logloss_skill,concentrated,split+rung,2,0.0445819217828876,raw-within-metric
BPIC15_1,duration,logloss_skill,concentrated,quality_level+rung,2,0.003498528005981425,raw-within-metric
BPIC15_1,duration,logloss_skill,concentrated,learner+split+quality_level,3,0.02960568083921519,raw-within-metric
BPIC15_1,duration,logloss_skill,concentrated,learner+split+rung,3,0.005185620859849551,raw-within-metric
BPIC15_1,duration,logloss_skill,concentrated,learner+quality_level+rung,3,0.015188212421729469,raw-within-metric
BPIC15_1,duration,logloss_skill,concentrated,split+quality_level+rung,3,0.002333874870892292,raw-within-metric
BPIC15_1,duration,logloss_skill,concentrated,learner+split+quality_level+rung,4,0.0032139095393080024,raw-within-metric
BPIC15_1,duration,nagelkerke,concentrated,learner,1,0.27846284763918977,raw-within-metric
BPIC15_1,duration,nagelkerke,concentrated,split,1,0.17977754934179532,raw-within-metric
BPIC15_1,duration,nagelkerke,concentrated,quality_level,1,0.02309761285076511,raw-within-metric
BPIC15_1,duration,nagelkerke,concentrated,rung,1,0.17086380880022653,raw-within-metric
BPIC15_1,duration,nagelkerke,concentrated,learner+split,2,0.20492951495708867,raw-within-metric
BPIC15_1,duration,nagelkerke,concentrated,learner+quality_level,2,0.03894329670759672,raw-within-metric
BPIC15_1,duration,nagelkerke,concentrated,learner+rung,2,0.006516260960172837,raw-within-metric
BPIC15_1,duration,nagelkerke,concentrated,split+quality_level,2,0.01163847074152123,raw-within-metric
BPIC15_1,duration,nagelkerke,concentrated,split+rung,2,0.031067839331541624,raw-within-metric
BPIC15_1,duration,nagelkerke,concentrated,quality_level+rung,2,0.0021495588549747843,raw-within-metric
BPIC15_1,duration,nagelkerke,concentrated,learner+split+quality_level,3,0.032824955684722476,raw-within-metric
BPIC15_1,duration,nagelkerke,concentrated,learner+split+rung,3,0.0030674619807648106,raw-within-metric
BPIC15_1,duration,nagelkerke,concentrated,learner+quality_level+rung,3,0.012010410976925335,raw-within-metric
BPIC15_1,duration,nagelkerke,concentrated,split+quality_level+rung,3,0.00154404867244049,raw-within-metric
BPIC15_1,duration,nagelkerke,concentrated,learner+split+quality_level+rung,4,0.0031063625002742076,raw-within-metric
BPIC15_1,handover,ap,concentrated,learner,1,4.626147960332781e-05,raw-within-metric
BPIC15_1,handover,ap,concentrated,split,1,0.010040960762916048,raw-within-metric
BPIC15_1,handover,ap,concentrated,quality_level,1,0.00982609058918515,raw-within-metric
BPIC15_1,handover,ap,concentrated,rung,1,0.8917554362827921,raw-within-metric
BPIC15_1,handover,ap,concentrated,learner+split,2,0.00423805753865718,raw-within-metric
BPIC15_1,handover,ap,concentrated,learner+quality_level,2,0.0009878760839221073,raw-within-metric
BPIC15_1,handover,ap,concentrated,learner+rung,2,0.03433153766143734,raw-within-metric
BPIC15_1,handover,ap,concentrated,split+quality_level,2,0.001094917453117563,raw-within-metric
BPIC15_1,handover,ap,concentrated,split+rung,2,0.014895060996315986,raw-within-metric
BPIC15_1,handover,ap,concentrated,quality_level+rung,2,0.013000943633207036,raw-within-metric
BPIC15_1,handover,ap,concentrated,learner+split+quality_level,3,0.0007654030916347439,raw-within-metric
BPIC15_1,handover,ap,concentrated,learner+split+rung,3,0.010962985104984715,raw-within-metric
BPIC15_1,handover,ap,concentrated,learner+quality_level+rung,3,0.0019477123894821914,raw-within-metric
BPIC15_1,handover,ap,concentrated,split+quality_level+rung,3,0.0028716010308863288,raw-within-metric
BPIC15_1,handover,ap,concentrated,learner+split+quality_level+rung,4,0.0032351559018583085,raw-within-metric
BPIC15_1,handover,auc,concentrated,learner,1,0.00014129864625811743,raw-within-metric
BPIC15_1,handover,auc,concentrated,split,1,0.012780949151498805,raw-within-metric
BPIC15_1,handover,auc,concentrated,quality_level,1,0.015831285267354826,raw-within-metric
BPIC15_1,handover,auc,concentrated,rung,1,0.8217042842308713,raw-within-metric
BPIC15_1,handover,auc,concentrated,learner+split,2,0.012239988146827018,raw-within-metric
BPIC15_1,handover,auc,concentrated,learner+quality_level,2,0.0021560840407846365,raw-within-metric
BPIC15_1,handover,auc,concentrated,learner+rung,2,0.07250181320776844,raw-within-metric
BPIC15_1,handover,auc,concentrated,split+quality_level,2,0.002080901163242435,raw-within-metric
BPIC15_1,handover,auc,concentrated,split+rung,2,0.030959764348120766,raw-within-metric
BPIC15_1,handover,auc,concentrated,quality_level+rung,2,0.014464452355161332,raw-within-metric
BPIC15_1,handover,auc,concentrated,learner+split+quality_level,3,0.0017074067600758279,raw-within-metric
BPIC15_1,handover,auc,concentrated,learner+split+rung,3,0.005934760549316877,raw-within-metric
BPIC15_1,handover,auc,concentrated,learner+quality_level+rung,3,0.0015064287974369394,raw-within-metric
BPIC15_1,handover,auc,concentrated,split+quality_level+rung,3,0.0035222832561673315,raw-within-metric
BPIC15_1,handover,auc,concentrated,learner+split+quality_level+rung,4,0.0024683000791153984,raw-within-metric
BPIC15_1,handover,brier_skill,concentrated,learner,1,0.35492335945656583,raw-within-metric
BPIC15_1,handover,brier_skill,concentrated,split,1,0.05165929376330751,raw-within-metric
BPIC15_1,handover,brier_skill,concentrated,quality_level,1,0.05445764954027146,raw-within-metric
BPIC15_1,handover,brier_skill,concentrated,rung,1,0.17945556470583657,raw-within-metric
BPIC15_1,handover,brier_skill,concentrated,learner+split,2,0.17322452458151574,raw-within-metric
BPIC15_1,handover,brier_skill,concentrated,learner+quality_level,2,0.04654839182937015,raw-within-metric
BPIC15_1,handover,brier_skill,concentrated,learner+rung,2,0.07061093877753227,raw-within-metric
BPIC15_1,handover,brier_skill,concentrated,split+quality_level,2,0.005965742436453585,raw-within-metric
BPIC15_1,handover,brier_skill,concentrated,split+rung,2,0.015184892443106163,raw-within-metric
BPIC15_1,handover,brier_skill,concentrated,quality_level+rung,2,0.0059204377767433265,raw-within-metric
BPIC15_1,handover,brier_skill,concentrated,learner+split+quality_level,3,0.016337312587878412,raw-within-metric
BPIC15_1,handover,brier_skill,concentrated,learner+split+rung,3,0.014959945500041422,raw-within-metric
BPIC15_1,handover,brier_skill,concentrated,learner+quality_level+rung,3,0.00630247712995547,raw-within-metric
BPIC15_1,handover,brier_skill,concentrated,split+quality_level+rung,3,0.001486208816751602,raw-within-metric
BPIC15_1,handover,brier_skill,concentrated,learner+split+quality_level+rung,4,0.002963260654670405,raw-within-metric
BPIC15_1,handover,logloss_skill,concentrated,learner,1,0.48172181110834056,raw-within-metric
BPIC15_1,handover,logloss_skill,concentrated,split,1,0.020253281231493142,raw-within-metric
BPIC15_1,handover,logloss_skill,concentrated,quality_level,1,0.03483432197286835,raw-within-metric
BPIC15_1,handover,logloss_skill,concentrated,rung,1,0.012049674720769942,raw-within-metric
BPIC15_1,handover,logloss_skill,concentrated,learner+split,2,0.06516046748529436,raw-within-metric
BPIC15_1,handover,logloss_skill,concentrated,learner+quality_level,2,0.046726047833832926,raw-within-metric
BPIC15_1,handover,logloss_skill,concentrated,learner+rung,2,0.1347489328195046,raw-within-metric
BPIC15_1,handover,logloss_skill,concentrated,split+quality_level,2,0.0026998830685487345,raw-within-metric
BPIC15_1,handover,logloss_skill,concentrated,split+rung,2,0.06150296165222893,raw-within-metric
BPIC15_1,handover,logloss_skill,concentrated,quality_level+rung,2,0.001516756984975335,raw-within-metric
BPIC15_1,handover,logloss_skill,concentrated,learner+split+quality_level,3,0.006350047789704092,raw-within-metric
BPIC15_1,handover,logloss_skill,concentrated,learner+split+rung,3,0.10753081012610816,raw-within-metric
BPIC15_1,handover,logloss_skill,concentrated,learner+quality_level+rung,3,0.014767049953508183,raw-within-metric
BPIC15_1,handover,logloss_skill,concentrated,split+quality_level+rung,3,0.0031434543368284618,raw-within-metric
BPIC15_1,handover,logloss_skill,concentrated,learner+split+quality_level+rung,4,0.006994498915994225,raw-within-metric
BPIC15_1,handover,nagelkerke,concentrated,learner,1,0.08438092199238427,raw-within-metric
BPIC15_1,handover,nagelkerke,concentrated,split,1,0.013591784657341968,raw-within-metric
BPIC15_1,handover,nagelkerke,concentrated,quality_level,1,0.005682614479408595,raw-within-metric
BPIC15_1,handover,nagelkerke,concentrated,rung,1,0.00040434096564437907,raw-within-metric
BPIC15_1,handover,nagelkerke,concentrated,learner+split,2,0.037196945923483354,raw-within-metric
BPIC15_1,handover,nagelkerke,concentrated,learner+quality_level,2,0.009169922701289222,raw-within-metric
BPIC15_1,handover,nagelkerke,concentrated,learner+rung,2,0.07535958428251531,raw-within-metric
BPIC15_1,handover,nagelkerke,concentrated,split+quality_level,2,0.000992546085646912,raw-within-metric
BPIC15_1,handover,nagelkerke,concentrated,split+rung,2,0.17123451539229434,raw-within-metric
BPIC15_1,handover,nagelkerke,concentrated,quality_level+rung,2,0.0007870472861466963,raw-within-metric
BPIC15_1,handover,nagelkerke,concentrated,learner+split+quality_level,3,0.002247611543203417,raw-within-metric
BPIC15_1,handover,nagelkerke,concentrated,learner+split+rung,3,0.5625596980343567,raw-within-metric
BPIC15_1,handover,nagelkerke,concentrated,learner+quality_level+rung,3,0.006744178774738098,raw-within-metric
BPIC15_1,handover,nagelkerke,concentrated,split+quality_level+rung,3,0.007042992319166004,raw-within-metric
BPIC15_1,handover,nagelkerke,concentrated,learner+split+quality_level+rung,4,0.02260529556238073,raw-within-metric
BPIC15_3,duration,ap,concentrated,learner,1,0.3787529200452186,raw-within-metric
BPIC15_3,duration,ap,concentrated,split,1,0.1426777634104626,raw-within-metric
BPIC15_3,duration,ap,concentrated,quality_level,1,0.019801981050047872,raw-within-metric
BPIC15_3,duration,ap,concentrated,rung,1,0.12187621187927353,raw-within-metric
BPIC15_3,duration,ap,concentrated,learner+split,2,0.08023202345131908,raw-within-metric
BPIC15_3,duration,ap,concentrated,learner+quality_level,2,0.013697113227704824,raw-within-metric
BPIC15_3,duration,ap,concentrated,learner+rung,2,0.17811699128510924,raw-within-metric
BPIC15_3,duration,ap,concentrated,split+quality_level,2,0.011494868643372739,raw-within-metric
BPIC15_3,duration,ap,concentrated,split+rung,2,0.007156988327352744,raw-within-metric
BPIC15_3,duration,ap,concentrated,quality_level+rung,2,0.008497137700462428,raw-within-metric
BPIC15_3,duration,ap,concentrated,learner+split+quality_level,3,0.003941399924970858,raw-within-metric
BPIC15_3,duration,ap,concentrated,learner+split+rung,3,0.03061206670306778,raw-within-metric
BPIC15_3,duration,ap,concentrated,learner+quality_level+rung,3,0.0011393478908441072,raw-within-metric
BPIC15_3,duration,ap,concentrated,split+quality_level+rung,3,0.0011972560819365219,raw-within-metric
BPIC15_3,duration,ap,concentrated,learner+split+quality_level+rung,4,0.0008059303788570618,raw-within-metric
BPIC15_3,duration,auc,concentrated,learner,1,0.40400761065260526,raw-within-metric
BPIC15_3,duration,auc,concentrated,split,1,0.179711981338705,raw-within-metric
BPIC15_3,duration,auc,concentrated,quality_level,1,0.04083017643840566,raw-within-metric
BPIC15_3,duration,auc,concentrated,rung,1,0.04073996223642279,raw-within-metric
BPIC15_3,duration,auc,concentrated,learner+split,2,0.07032031377793338,raw-within-metric
BPIC15_3,duration,auc,concentrated,learner+quality_level,2,0.0068374329237847606,raw-within-metric
BPIC15_3,duration,auc,concentrated,learner+rung,2,0.1939427604676769,raw-within-metric
BPIC15_3,duration,auc,concentrated,split+quality_level,2,0.015228349420624761,raw-within-metric
BPIC15_3,duration,auc,concentrated,split+rung,2,0.008696735129127128,raw-within-metric
BPIC15_3,duration,auc,concentrated,quality_level+rung,2,0.0042844223488097384,raw-within-metric
BPIC15_3,duration,auc,concentrated,learner+split+quality_level,3,0.0021367525991061484,raw-within-metric
BPIC15_3,duration,auc,concentrated,learner+split+rung,3,0.0301703605123432,raw-within-metric
BPIC15_3,duration,auc,concentrated,learner+quality_level+rung,3,0.00032860410884012243,raw-within-metric
BPIC15_3,duration,auc,concentrated,split+quality_level+rung,3,0.0016495391285993495,raw-within-metric
BPIC15_3,duration,auc,concentrated,learner+split+quality_level+rung,4,0.0011149989170157648,raw-within-metric
BPIC15_3,duration,brier_skill,concentrated,learner,1,0.2970687334802615,raw-within-metric
BPIC15_3,duration,brier_skill,concentrated,split,1,0.1375745530144319,raw-within-metric
BPIC15_3,duration,brier_skill,concentrated,quality_level,1,0.042578879397412055,raw-within-metric
BPIC15_3,duration,brier_skill,concentrated,rung,1,0.003281980114366446,raw-within-metric
BPIC15_3,duration,brier_skill,concentrated,learner+split,2,0.12635361215316404,raw-within-metric
BPIC15_3,duration,brier_skill,concentrated,learner+quality_level,2,0.0059495681457879274,raw-within-metric
BPIC15_3,duration,brier_skill,concentrated,learner+rung,2,0.3158401643027906,raw-within-metric
BPIC15_3,duration,brier_skill,concentrated,split+quality_level,2,0.010066335886295059,raw-within-metric
BPIC15_3,duration,brier_skill,concentrated,split+rung,2,0.006744511396794098,raw-within-metric
BPIC15_3,duration,brier_skill,concentrated,quality_level+rung,2,0.0016009331953802132,raw-within-metric
BPIC15_3,duration,brier_skill,concentrated,learner+split+quality_level,3,0.0057967538727041424,raw-within-metric
BPIC15_3,duration,brier_skill,concentrated,learner+split+rung,3,0.042665315479430456,raw-within-metric
BPIC15_3,duration,brier_skill,concentrated,learner+quality_level+rung,3,0.0026666574119292197,raw-within-metric
BPIC15_3,duration,brier_skill,concentrated,split+quality_level+rung,3,0.0006926219147765164,raw-within-metric
BPIC15_3,duration,brier_skill,concentrated,learner+split+quality_level+rung,4,0.0011193802344757937,raw-within-metric
BPIC15_3,duration,logloss_skill,concentrated,learner,1,0.15839785758516622,raw-within-metric
BPIC15_3,duration,logloss_skill,concentrated,split,1,0.1731674705245403,raw-within-metric
BPIC15_3,duration,logloss_skill,concentrated,quality_level,1,0.021048319118669206,raw-within-metric
BPIC15_3,duration,logloss_skill,concentrated,rung,1,0.01049802574338478,raw-within-metric
BPIC15_3,duration,logloss_skill,concentrated,learner+split,2,0.17479172285426536,raw-within-metric
BPIC15_3,duration,logloss_skill,concentrated,learner+quality_level,2,0.0035912432503637237,raw-within-metric
BPIC15_3,duration,logloss_skill,concentrated,learner+rung,2,0.3553404604992424,raw-within-metric
BPIC15_3,duration,logloss_skill,concentrated,split+quality_level,2,0.012475672748057384,raw-within-metric
BPIC15_3,duration,logloss_skill,concentrated,split+rung,2,0.010913826029480118,raw-within-metric
BPIC15_3,duration,logloss_skill,concentrated,quality_level+rung,2,0.002716556627640688,raw-within-metric
BPIC15_3,duration,logloss_skill,concentrated,learner+split+quality_level,3,0.010115164522469609,raw-within-metric
BPIC15_3,duration,logloss_skill,concentrated,learner+split+rung,3,0.05321861250465309,raw-within-metric
BPIC15_3,duration,logloss_skill,concentrated,learner+quality_level+rung,3,0.009491083772860889,raw-within-metric
BPIC15_3,duration,logloss_skill,concentrated,split+quality_level+rung,3,0.001210405890422492,raw-within-metric
BPIC15_3,duration,logloss_skill,concentrated,learner+split+quality_level+rung,4,0.0030235783287836963,raw-within-metric
BPIC15_3,duration,nagelkerke,concentrated,learner,1,0.42054715889746874,raw-within-metric
BPIC15_3,duration,nagelkerke,concentrated,split,1,0.09313924143228385,raw-within-metric
BPIC15_3,duration,nagelkerke,concentrated,quality_level,1,0.007188841967722286,raw-within-metric
BPIC15_3,duration,nagelkerke,concentrated,rung,1,0.019139545862492773,raw-within-metric
BPIC15_3,duration,nagelkerke,concentrated,learner+split,2,0.16486568258696338,raw-within-metric
BPIC15_3,duration,nagelkerke,concentrated,learner+quality_level,2,0.004572611731540489,raw-within-metric
BPIC15_3,duration,nagelkerke,concentrated,learner+rung,2,0.22275139614323355,raw-within-metric
BPIC15_3,duration,nagelkerke,concentrated,split+quality_level,2,0.0053502945450677715,raw-within-metric
BPIC15_3,duration,nagelkerke,concentrated,split+rung,2,0.008202101848371498,raw-within-metric
BPIC15_3,duration,nagelkerke,concentrated,quality_level+rung,2,0.001464638173020262,raw-within-metric
BPIC15_3,duration,nagelkerke,concentrated,learner+split+quality_level,3,0.0071431614047953096,raw-within-metric
BPIC15_3,duration,nagelkerke,concentrated,learner+split+rung,3,0.03674255596930336,raw-within-metric
BPIC15_3,duration,nagelkerke,concentrated,learner+quality_level+rung,3,0.0059227327215288774,raw-within-metric
BPIC15_3,duration,nagelkerke,concentrated,split+quality_level+rung,3,0.0008306803928497065,raw-within-metric
BPIC15_3,duration,nagelkerke,concentrated,learner+split+quality_level+rung,4,0.0021393563233582003,raw-within-metric
BPIC15_3,handover,ap,concentrated,learner,1,0.0006811668254329303,raw-within-metric
BPIC15_3,handover,ap,concentrated,split,1,0.4487521071089659,raw-within-metric
BPIC15_3,handover,ap,concentrated,quality_level,1,0.0007083800091001748,raw-within-metric
BPIC15_3,handover,ap,concentrated,rung,1,0.2007305641378628,raw-within-metric
BPIC15_3,handover,ap,concentrated,learner+split,2,0.04022786447957248,raw-within-metric
BPIC15_3,handover,ap,concentrated,learner+quality_level,2,0.0001389828316858611,raw-within-metric
BPIC15_3,handover,ap,concentrated,learner+rung,2,0.023535114268942954,raw-within-metric
BPIC15_3,handover,ap,concentrated,split+quality_level,2,0.028552734974112308,raw-within-metric
BPIC15_3,handover,ap,concentrated,split+rung,2,0.20257866632713145,raw-within-metric
BPIC15_3,handover,ap,concentrated,quality_level+rung,2,0.001930500938149709,raw-within-metric
BPIC15_3,handover,ap,concentrated,learner+split+quality_level,3,0.006136228444734349,raw-within-metric
BPIC15_3,handover,ap,concentrated,learner+split+rung,3,0.038740055051852226,raw-within-metric
BPIC15_3,handover,ap,concentrated,learner+quality_level+rung,3,0.0005782903963901039,raw-within-metric
BPIC15_3,handover,ap,concentrated,split+quality_level+rung,3,0.0020939661969511325,raw-within-metric
BPIC15_3,handover,ap,concentrated,learner+split+quality_level+rung,4,0.004615378009115617,raw-within-metric
BPIC15_3,handover,auc,concentrated,learner,1,0.02481207814636064,raw-within-metric
BPIC15_3,handover,auc,concentrated,split,1,0.1960233408123819,raw-within-metric
BPIC15_3,handover,auc,concentrated,quality_level,1,0.0028410938543059834,raw-within-metric
BPIC15_3,handover,auc,concentrated,rung,1,0.32323961681722585,raw-within-metric
BPIC15_3,handover,auc,concentrated,learner+split,2,0.11875195185752606,raw-within-metric
BPIC15_3,handover,auc,concentrated,learner+quality_level,2,0.0023842940887340834,raw-within-metric
BPIC15_3,handover,auc,concentrated,learner+rung,2,0.14579229476066843,raw-within-metric
BPIC15_3,handover,auc,concentrated,split+quality_level,2,0.015010331153069883,raw-within-metric
BPIC15_3,handover,auc,concentrated,split+rung,2,0.03021100384120513,raw-within-metric
BPIC15_3,handover,auc,concentrated,quality_level+rung,2,0.001842133269358342,raw-within-metric
BPIC15_3,handover,auc,concentrated,learner+split+quality_level,3,0.004033068213108616,raw-within-metric
BPIC15_3,handover,auc,concentrated,learner+split+rung,3,0.12855050517608113,raw-within-metric
BPIC15_3,handover,auc,concentrated,learner+quality_level+rung,3,0.001365861823668948,raw-within-metric
BPIC15_3,handover,auc,concentrated,split+quality_level+rung,3,0.0021012127066759967,raw-within-metric
BPIC15_3,handover,auc,concentrated,learner+split+quality_level+rung,4,0.0030412134796289746,raw-within-metric
BPIC15_3,handover,brier_skill,concentrated,learner,1,0.04245908161781193,raw-within-metric
BPIC15_3,handover,brier_skill,concentrated,split,1,0.1149088117088642,raw-within-metric
BPIC15_3,handover,brier_skill,concentrated,quality_level,1,0.002685147944301496,raw-within-metric
BPIC15_3,handover,brier_skill,concentrated,rung,1,0.20176428519056466,raw-within-metric
BPIC15_3,handover,brier_skill,concentrated,learner+split,2,0.09388966589843868,raw-within-metric
BPIC15_3,handover,brier_skill,concentrated,learner+quality_level,2,0.014240947907888988,raw-within-metric
BPIC15_3,handover,brier_skill,concentrated,learner+rung,2,0.3648750187434792,raw-within-metric
BPIC15_3,handover,brier_skill,concentrated,split+quality_level,2,0.006978363341538629,raw-within-metric
BPIC15_3,handover,brier_skill,concentrated,split+rung,2,0.046953173203441376,raw-within-metric
BPIC15_3,handover,brier_skill,concentrated,quality_level+rung,2,0.011005021816052406,raw-within-metric
BPIC15_3,handover,brier_skill,concentrated,learner+split+quality_level,3,0.009104951897496303,raw-within-metric
BPIC15_3,handover,brier_skill,concentrated,learner+split+rung,3,0.06410324349389984,raw-within-metric
BPIC15_3,handover,brier_skill,concentrated,learner+quality_level+rung,3,0.018602118259329073,raw-within-metric
BPIC15_3,handover,brier_skill,concentrated,split+quality_level+rung,3,0.0023216362524232353,raw-within-metric
BPIC15_3,handover,brier_skill,concentrated,learner+split+quality_level+rung,4,0.006108532724470009,raw-within-metric
BPIC15_3,handover,logloss_skill,concentrated,learner,1,0.014379108330661212,raw-within-metric
BPIC15_3,handover,logloss_skill,concentrated,split,1,0.08226509500716618,raw-within-metric
BPIC15_3,handover,logloss_skill,concentrated,quality_level,1,0.0011783476657484682,raw-within-metric
BPIC15_3,handover,logloss_skill,concentrated,rung,1,0.17207723205020078,raw-within-metric
BPIC15_3,handover,logloss_skill,concentrated,learner+split,2,0.1133744627420182,raw-within-metric
BPIC15_3,handover,logloss_skill,concentrated,learner+quality_level,2,0.003533943420019939,raw-within-metric
BPIC15_3,handover,logloss_skill,concentrated,learner+rung,2,0.48022347266240767,raw-within-metric
BPIC15_3,handover,logloss_skill,concentrated,split+quality_level,2,0.00542073613190795,raw-within-metric
BPIC15_3,handover,logloss_skill,concentrated,split+rung,2,0.026179224486337062,raw-within-metric
BPIC15_3,handover,logloss_skill,concentrated,quality_level+rung,2,0.004849022495664284,raw-within-metric
BPIC15_3,handover,logloss_skill,concentrated,learner+split+quality_level,3,0.007904386868151718,raw-within-metric
BPIC15_3,handover,logloss_skill,concentrated,learner+split+rung,3,0.06943593458457774,raw-within-metric
BPIC15_3,handover,logloss_skill,concentrated,learner+quality_level+rung,3,0.014214711591598057,raw-within-metric
BPIC15_3,handover,logloss_skill,concentrated,split+quality_level+rung,3,0.001006009270492237,raw-within-metric
BPIC15_3,handover,logloss_skill,concentrated,learner+split+quality_level+rung,4,0.003958312693048441,raw-within-metric
BPIC15_3,handover,nagelkerke,concentrated,learner,1,0.012433912589964017,raw-within-metric
BPIC15_3,handover,nagelkerke,concentrated,split,1,0.10001439009883759,raw-within-metric
BPIC15_3,handover,nagelkerke,concentrated,quality_level,1,0.0004962526397183555,raw-within-metric
BPIC15_3,handover,nagelkerke,concentrated,rung,1,0.12979914661496206,raw-within-metric
BPIC15_3,handover,nagelkerke,concentrated,learner+split,2,0.22573839117227681,raw-within-metric
BPIC15_3,handover,nagelkerke,concentrated,learner+quality_level,2,0.00227718132363742,raw-within-metric
BPIC15_3,handover,nagelkerke,concentrated,learner+rung,2,0.4090876436671793,raw-within-metric
BPIC15_3,handover,nagelkerke,concentrated,split+quality_level,2,0.00472950613280946,raw-within-metric
BPIC15_3,handover,nagelkerke,concentrated,split+rung,2,0.018940569492180606,raw-within-metric
BPIC15_3,handover,nagelkerke,concentrated,quality_level+rung,2,0.0038014538335014608,raw-within-metric
BPIC15_3,handover,nagelkerke,concentrated,learner+split+quality_level,3,0.010780880893810399,raw-within-metric
BPIC15_3,handover,nagelkerke,concentrated,learner+split+rung,3,0.0641867004999429,raw-within-metric
BPIC15_3,handover,nagelkerke,concentrated,learner+quality_level+rung,3,0.012495019443922388,raw-within-metric
BPIC15_3,handover,nagelkerke,concentrated,split+quality_level+rung,3,0.001057768877753931,raw-within-metric
BPIC15_3,handover,nagelkerke,concentrated,learner+split+quality_level+rung,4,0.004161182719503237,raw-within-metric
BPIC15_4,duration,ap,concentrated,learner,1,0.05091779857656453,raw-within-metric
BPIC15_4,duration,ap,concentrated,split,1,0.36138959389748576,raw-within-metric
BPIC15_4,duration,ap,concentrated,quality_level,1,0.009446963184074071,raw-within-metric
BPIC15_4,duration,ap,concentrated,rung,1,0.0044246222264208105,raw-within-metric
BPIC15_4,duration,ap,concentrated,learner+split,2,0.10095359078653986,raw-within-metric
BPIC15_4,duration,ap,concentrated,learner+quality_level,2,0.11901393224469109,raw-within-metric
BPIC15_4,duration,ap,concentrated,learner+rung,2,0.14125377726156707,raw-within-metric
BPIC15_4,duration,ap,concentrated,split+quality_level,2,0.026726719062215937,raw-within-metric
BPIC15_4,duration,ap,concentrated,split+rung,2,0.03702361460298899,raw-within-metric
BPIC15_4,duration,ap,concentrated,quality_level+rung,2,0.0019792140960388435,raw-within-metric
BPIC15_4,duration,ap,concentrated,learner+split+quality_level,3,0.040154915950054146,raw-within-metric
BPIC15_4,duration,ap,concentrated,learner+split+rung,3,0.08040738806567031,raw-within-metric
BPIC15_4,duration,ap,concentrated,learner+quality_level+rung,3,0.00756470595950673,raw-within-metric
BPIC15_4,duration,ap,concentrated,split+quality_level+rung,3,0.003337718488596806,raw-within-metric
BPIC15_4,duration,ap,concentrated,learner+split+quality_level+rung,4,0.015405445597585145,raw-within-metric
BPIC15_4,duration,auc,concentrated,learner,1,0.5610330001039625,raw-within-metric
BPIC15_4,duration,auc,concentrated,split,1,0.13005153110430662,raw-within-metric
BPIC15_4,duration,auc,concentrated,quality_level,1,0.01054712920566735,raw-within-metric
BPIC15_4,duration,auc,concentrated,rung,1,0.001160381986921969,raw-within-metric
BPIC15_4,duration,auc,concentrated,learner+split,2,0.11655902379648711,raw-within-metric
BPIC15_4,duration,auc,concentrated,learner+quality_level,2,0.08055282192346352,raw-within-metric
BPIC15_4,duration,auc,concentrated,learner+rung,2,0.035359558348040554,raw-within-metric
BPIC15_4,duration,auc,concentrated,split+quality_level,2,0.0031319975750097977,raw-within-metric
BPIC15_4,duration,auc,concentrated,split+rung,2,0.010528041851181261,raw-within-metric
BPIC15_4,duration,auc,concentrated,quality_level+rung,2,0.0014917299924441555,raw-within-metric
BPIC15_4,duration,auc,concentrated,learner+split+quality_level,3,0.02234341919413711,raw-within-metric
BPIC15_4,duration,auc,concentrated,learner+split+rung,3,0.020483538471126213,raw-within-metric
BPIC15_4,duration,auc,concentrated,learner+quality_level+rung,3,0.0035804507321224753,raw-within-metric
BPIC15_4,duration,auc,concentrated,split+quality_level+rung,3,0.0010600410876512667,raw-within-metric
BPIC15_4,duration,auc,concentrated,learner+split+quality_level+rung,4,0.002117334627477982,raw-within-metric
BPIC15_4,duration,brier_skill,concentrated,learner,1,0.6544996715274919,raw-within-metric
BPIC15_4,duration,brier_skill,concentrated,split,1,0.0038122111365250927,raw-within-metric
BPIC15_4,duration,brier_skill,concentrated,quality_level,1,0.004684372303728391,raw-within-metric
BPIC15_4,duration,brier_skill,concentrated,rung,1,0.004755675707337598,raw-within-metric
BPIC15_4,duration,brier_skill,concentrated,learner+split,2,0.1450671242480367,raw-within-metric
BPIC15_4,duration,brier_skill,concentrated,learner+quality_level,2,0.10842040615054056,raw-within-metric
BPIC15_4,duration,brier_skill,concentrated,learner+rung,2,0.0315547624007885,raw-within-metric
BPIC15_4,duration,brier_skill,concentrated,split+quality_level,2,0.0027851409835623025,raw-within-metric
BPIC15_4,duration,brier_skill,concentrated,split+rung,2,0.002003284096931084,raw-within-metric
BPIC15_4,duration,brier_skill,concentrated,quality_level+rung,2,0.0003283735563140583,raw-within-metric
BPIC15_4,duration,brier_skill,concentrated,learner+split+quality_level,3,0.02879736000877698,raw-within-metric
BPIC15_4,duration,brier_skill,concentrated,learner+split+rung,3,0.008094509046075518,raw-within-metric
BPIC15_4,duration,brier_skill,concentrated,learner+quality_level+rung,3,0.0032699124220208534,raw-within-metric
BPIC15_4,duration,brier_skill,concentrated,split+quality_level+rung,3,0.00023560107364573079,raw-within-metric
BPIC15_4,duration,brier_skill,concentrated,learner+split+quality_level+rung,4,0.0016915953382246967,raw-within-metric
BPIC15_4,duration,logloss_skill,concentrated,learner,1,0.6640830441823647,raw-within-metric
BPIC15_4,duration,logloss_skill,concentrated,split,1,0.004754849961578613,raw-within-metric
BPIC15_4,duration,logloss_skill,concentrated,quality_level,1,0.010092869145350788,raw-within-metric
BPIC15_4,duration,logloss_skill,concentrated,rung,1,0.004210133134836558,raw-within-metric
BPIC15_4,duration,logloss_skill,concentrated,learner+split,2,0.12591610533534275,raw-within-metric
BPIC15_4,duration,logloss_skill,concentrated,learner+quality_level,2,0.13334959882020633,raw-within-metric
BPIC15_4,duration,logloss_skill,concentrated,learner+rung,2,0.010649753646098882,raw-within-metric
BPIC15_4,duration,logloss_skill,concentrated,split+quality_level,2,0.004482650102191791,raw-within-metric
BPIC15_4,duration,logloss_skill,concentrated,split+rung,2,0.0016124511025224478,raw-within-metric
BPIC15_4,duration,logloss_skill,concentrated,quality_level+rung,2,0.00032532011129481726,raw-within-metric
BPIC15_4,duration,logloss_skill,concentrated,learner+split+quality_level,3,0.03421405168065842,raw-within-metric
BPIC15_4,duration,logloss_skill,concentrated,learner+split+rung,3,0.005032331322311649,raw-within-metric
BPIC15_4,duration,logloss_skill,concentrated,learner+quality_level+rung,3,0.000642143864278014,raw-within-metric
BPIC15_4,duration,logloss_skill,concentrated,split+quality_level+rung,3,8.846052813705251e-05,raw-within-metric
BPIC15_4,duration,logloss_skill,concentrated,learner+split+quality_level+rung,4,0.0005462370628270857,raw-within-metric
BPIC15_4,duration,nagelkerke,concentrated,learner,1,0.688163825940162,raw-within-metric
BPIC15_4,duration,nagelkerke,concentrated,split,1,0.003169855174462717,raw-within-metric
BPIC15_4,duration,nagelkerke,concentrated,quality_level,1,0.011832779744723222,raw-within-metric
BPIC15_4,duration,nagelkerke,concentrated,rung,1,0.004797988247844979,raw-within-metric
BPIC15_4,duration,nagelkerke,concentrated,learner+split,2,0.11597110559171812,raw-within-metric
BPIC15_4,duration,nagelkerke,concentrated,learner+quality_level,2,0.1274839850100137,raw-within-metric
BPIC15_4,duration,nagelkerke,concentrated,learner+rung,2,0.008802271387427335,raw-within-metric
BPIC15_4,duration,nagelkerke,concentrated,split+quality_level,2,0.003719802124318204,raw-within-metric
BPIC15_4,duration,nagelkerke,concentrated,split+rung,2,0.0014397018326989385,raw-within-metric
BPIC15_4,duration,nagelkerke,concentrated,quality_level+rung,2,0.0003665685960861217,raw-within-metric
BPIC15_4,duration,nagelkerke,concentrated,learner+split+quality_level,3,0.030177658945971006,raw-within-metric
BPIC15_4,duration,nagelkerke,concentrated,learner+split+rung,3,0.0033570337233143352,raw-within-metric
BPIC15_4,duration,nagelkerke,concentrated,learner+quality_level+rung,3,0.00044005799340253844,raw-within-metric
BPIC15_4,duration,nagelkerke,concentrated,split+quality_level+rung,3,7.285241123332449e-05,raw-within-metric
BPIC15_4,duration,nagelkerke,concentrated,learner+split+quality_level+rung,4,0.00020451327662344133,raw-within-metric
BPIC15_4,handover,ap,concentrated,learner,1,0.027699570887044615,raw-within-metric
BPIC15_4,handover,ap,concentrated,split,1,0.39758099841646743,raw-within-metric
BPIC15_4,handover,ap,concentrated,quality_level,1,0.12048117862145148,raw-within-metric
BPIC15_4,handover,ap,concentrated,rung,1,0.06402785859477624,raw-within-metric
BPIC15_4,handover,ap,concentrated,learner+split,2,0.0652769175442704,raw-within-metric
BPIC15_4,handover,ap,concentrated,learner+quality_level,2,0.014170985794819539,raw-within-metric
BPIC15_4,handover,ap,concentrated,learner+rung,2,0.12721925180550298,raw-within-metric
BPIC15_4,handover,ap,concentrated,split+quality_level,2,0.03238866733942616,raw-within-metric
BPIC15_4,handover,ap,concentrated,split+rung,2,0.05372358804817348,raw-within-metric
BPIC15_4,handover,ap,concentrated,quality_level+rung,2,0.005506891095886741,raw-within-metric
BPIC15_4,handover,ap,concentrated,learner+split+quality_level,3,0.009740937766704549,raw-within-metric
BPIC15_4,handover,ap,concentrated,learner+split+rung,3,0.0624862054497976,raw-within-metric
BPIC15_4,handover,ap,concentrated,learner+quality_level+rung,3,0.011428276864234652,raw-within-metric
BPIC15_4,handover,ap,concentrated,split+quality_level+rung,3,0.0038235691748886315,raw-within-metric
BPIC15_4,handover,ap,concentrated,learner+split+quality_level+rung,4,0.004445102596555465,raw-within-metric
BPIC15_4,handover,auc,concentrated,learner,1,0.15546301121077166,raw-within-metric
BPIC15_4,handover,auc,concentrated,split,1,0.18386224021357003,raw-within-metric
BPIC15_4,handover,auc,concentrated,quality_level,1,0.08538668768565544,raw-within-metric
BPIC15_4,handover,auc,concentrated,rung,1,0.13343873841775525,raw-within-metric
BPIC15_4,handover,auc,concentrated,learner+split,2,0.1945305649378226,raw-within-metric
BPIC15_4,handover,auc,concentrated,learner+quality_level,2,0.019244020614378708,raw-within-metric
BPIC15_4,handover,auc,concentrated,learner+rung,2,0.0651031614867728,raw-within-metric
BPIC15_4,handover,auc,concentrated,split+quality_level,2,0.04147002293093913,raw-within-metric
BPIC15_4,handover,auc,concentrated,split+rung,2,0.04098595380108041,raw-within-metric
BPIC15_4,handover,auc,concentrated,quality_level+rung,2,0.012106927709648519,raw-within-metric
BPIC15_4,handover,auc,concentrated,learner+split+quality_level,3,0.02297648951464036,raw-within-metric
BPIC15_4,handover,auc,concentrated,learner+split+rung,3,0.02567145958795383,raw-within-metric
BPIC15_4,handover,auc,concentrated,learner+quality_level+rung,3,0.007510913820983787,raw-within-metric
BPIC15_4,handover,auc,concentrated,split+quality_level+rung,3,0.006583801883352144,raw-within-metric
BPIC15_4,handover,auc,concentrated,learner+split+quality_level+rung,4,0.00566600618467529,raw-within-metric
BPIC15_4,handover,brier_skill,concentrated,learner,1,0.013833766403926421,raw-within-metric
BPIC15_4,handover,brier_skill,concentrated,split,1,0.20971224230509442,raw-within-metric
BPIC15_4,handover,brier_skill,concentrated,quality_level,1,0.004190662792142472,raw-within-metric
BPIC15_4,handover,brier_skill,concentrated,rung,1,0.055260210561445214,raw-within-metric
BPIC15_4,handover,brier_skill,concentrated,learner+split,2,0.17714784891729726,raw-within-metric
BPIC15_4,handover,brier_skill,concentrated,learner+quality_level,2,0.0064538317356700355,raw-within-metric
BPIC15_4,handover,brier_skill,concentrated,learner+rung,2,0.1600587779215389,raw-within-metric
BPIC15_4,handover,brier_skill,concentrated,split+quality_level,2,0.03133124145954845,raw-within-metric
BPIC15_4,handover,brier_skill,concentrated,split+rung,2,0.03579401498368149,raw-within-metric
BPIC15_4,handover,brier_skill,concentrated,quality_level+rung,2,0.005568839465096168,raw-within-metric
BPIC15_4,handover,brier_skill,concentrated,learner+split+quality_level,3,0.059797114836685976,raw-within-metric
BPIC15_4,handover,brier_skill,concentrated,learner+split+rung,3,0.18478108494978113,raw-within-metric
BPIC15_4,handover,brier_skill,concentrated,learner+quality_level+rung,3,0.02768531657021029,raw-within-metric
BPIC15_4,handover,brier_skill,concentrated,split+quality_level+rung,3,0.005525156471036822,raw-within-metric
BPIC15_4,handover,brier_skill,concentrated,learner+split+quality_level+rung,4,0.02285989062684497,raw-within-metric
BPIC15_4,handover,logloss_skill,concentrated,learner,1,0.28247408545210057,raw-within-metric
BPIC15_4,handover,logloss_skill,concentrated,split,1,0.05267357221449083,raw-within-metric
BPIC15_4,handover,logloss_skill,concentrated,quality_level,1,0.010655394315155952,raw-within-metric
BPIC15_4,handover,logloss_skill,concentrated,rung,1,0.06308688311993033,raw-within-metric
BPIC15_4,handover,logloss_skill,concentrated,learner+split,2,0.1435137087402393,raw-within-metric
BPIC15_4,handover,logloss_skill,concentrated,learner+quality_level,2,0.02988493227929947,raw-within-metric
BPIC15_4,handover,logloss_skill,concentrated,learner+rung,2,0.17270296754589004,raw-within-metric
BPIC15_4,handover,logloss_skill,concentrated,split+quality_level,2,0.011802384019664157,raw-within-metric
BPIC15_4,handover,logloss_skill,concentrated,split+rung,2,0.021623078945000804,raw-within-metric
BPIC15_4,handover,logloss_skill,concentrated,quality_level+rung,2,0.012426302529222378,raw-within-metric
BPIC15_4,handover,logloss_skill,concentrated,learner+split+quality_level,3,0.04685434164928448,raw-within-metric
BPIC15_4,handover,logloss_skill,concentrated,learner+split+rung,3,0.08347801937435667,raw-within-metric
BPIC15_4,handover,logloss_skill,concentrated,learner+quality_level+rung,3,0.046370145839944095,raw-within-metric
BPIC15_4,handover,logloss_skill,concentrated,split+quality_level+rung,3,0.004779790570796465,raw-within-metric
BPIC15_4,handover,logloss_skill,concentrated,learner+split+quality_level+rung,4,0.017674393404624487,raw-within-metric
BPIC15_4,handover,nagelkerke,concentrated,learner,1,0.029865623260953454,raw-within-metric
BPIC15_4,handover,nagelkerke,concentrated,split,1,0.030577269134276688,raw-within-metric
BPIC15_4,handover,nagelkerke,concentrated,quality_level,1,0.0028943622376897088,raw-within-metric
BPIC15_4,handover,nagelkerke,concentrated,rung,1,0.016189466756772446,raw-within-metric
BPIC15_4,handover,nagelkerke,concentrated,learner+split,2,0.09686858909127599,raw-within-metric
BPIC15_4,handover,nagelkerke,concentrated,learner+quality_level,2,0.0030236845823011253,raw-within-metric
BPIC15_4,handover,nagelkerke,concentrated,learner+rung,2,0.05989663302812594,raw-within-metric
BPIC15_4,handover,nagelkerke,concentrated,split+quality_level,2,0.06835142735231105,raw-within-metric
BPIC15_4,handover,nagelkerke,concentrated,split+rung,2,0.06827709964404927,raw-within-metric
BPIC15_4,handover,nagelkerke,concentrated,quality_level+rung,2,0.002660836581557016,raw-within-metric
BPIC15_4,handover,nagelkerke,concentrated,learner+split+quality_level,3,0.28374792495213086,raw-within-metric
BPIC15_4,handover,nagelkerke,concentrated,learner+split+rung,3,0.2775560992741829,raw-within-metric
BPIC15_4,handover,nagelkerke,concentrated,learner+quality_level+rung,3,0.009988516967019443,raw-within-metric
BPIC15_4,handover,nagelkerke,concentrated,split+quality_level+rung,3,0.00989663142471172,raw-within-metric
BPIC15_4,handover,nagelkerke,concentrated,learner+split+quality_level+rung,4,0.040205835712642364,raw-within-metric
BPIC15_5,duration,ap,concentrated,learner,1,0.00027303388559743837,raw-within-metric
BPIC15_5,duration,ap,concentrated,split,1,0.12313242806403521,raw-within-metric
BPIC15_5,duration,ap,concentrated,quality_level,1,0.012693233436141654,raw-within-metric
BPIC15_5,duration,ap,concentrated,rung,1,0.34058911996808566,raw-within-metric
BPIC15_5,duration,ap,concentrated,learner+split,2,0.11989148242434555,raw-within-metric
BPIC15_5,duration,ap,concentrated,learner+quality_level,2,0.0029034360833994676,raw-within-metric
BPIC15_5,duration,ap,concentrated,learner+rung,2,0.19434246727711788,raw-within-metric
BPIC15_5,duration,ap,concentrated,split+quality_level,2,0.03066117472290282,raw-within-metric
BPIC15_5,duration,ap,concentrated,split+rung,2,0.051930211481055255,raw-within-metric
BPIC15_5,duration,ap,concentrated,quality_level+rung,2,0.030357354831055533,raw-within-metric
BPIC15_5,duration,ap,concentrated,learner+split+quality_level,3,0.01487971106789358,raw-within-metric
BPIC15_5,duration,ap,concentrated,learner+split+rung,3,0.06522686049927844,raw-within-metric
BPIC15_5,duration,ap,concentrated,learner+quality_level+rung,3,0.003184746338580539,raw-within-metric
BPIC15_5,duration,ap,concentrated,split+quality_level+rung,3,0.008313315244188156,raw-within-metric
BPIC15_5,duration,ap,concentrated,learner+split+quality_level+rung,4,0.0016214246763227556,raw-within-metric
BPIC15_5,duration,auc,concentrated,learner,1,0.0004365053619820983,raw-within-metric
BPIC15_5,duration,auc,concentrated,split,1,0.018564477321600846,raw-within-metric
BPIC15_5,duration,auc,concentrated,quality_level,1,0.013816386359700008,raw-within-metric
BPIC15_5,duration,auc,concentrated,rung,1,0.1719348941184048,raw-within-metric
BPIC15_5,duration,auc,concentrated,learner+split,2,0.02271979771660149,raw-within-metric
BPIC15_5,duration,auc,concentrated,learner+quality_level,2,0.007036693336788214,raw-within-metric
BPIC15_5,duration,auc,concentrated,learner+rung,2,0.5197732212305468,raw-within-metric
BPIC15_5,duration,auc,concentrated,split+quality_level,2,0.011216011597155691,raw-within-metric
BPIC15_5,duration,auc,concentrated,split+rung,2,0.05666543993050852,raw-within-metric
BPIC15_5,duration,auc,concentrated,quality_level+rung,2,0.003990218277693962,raw-within-metric
BPIC15_5,duration,auc,concentrated,learner+split+quality_level,3,0.005521419302146237,raw-within-metric
BPIC15_5,duration,auc,concentrated,learner+split+rung,3,0.14977760255898082,raw-within-metric
BPIC15_5,duration,auc,concentrated,learner+quality_level+rung,3,0.01068131722175165,raw-within-metric
BPIC15_5,duration,auc,concentrated,split+quality_level+rung,3,0.0034718419161200082,raw-within-metric
BPIC15_5,duration,auc,concentrated,learner+split+quality_level+rung,4,0.004394173750018847,raw-within-metric
BPIC15_5,duration,brier_skill,concentrated,learner,1,0.012248072517004186,raw-within-metric
BPIC15_5,duration,brier_skill,concentrated,split,1,0.16914476563640704,raw-within-metric
BPIC15_5,duration,brier_skill,concentrated,quality_level,1,0.05698481538779032,raw-within-metric
BPIC15_5,duration,brier_skill,concentrated,rung,1,0.314115023077645,raw-within-metric
BPIC15_5,duration,brier_skill,concentrated,learner+split,2,0.052378520499900064,raw-within-metric
BPIC15_5,duration,brier_skill,concentrated,learner+quality_level,2,0.02875741116647023,raw-within-metric
BPIC15_5,duration,brier_skill,concentrated,learner+rung,2,0.1476203967375146,raw-within-metric
BPIC15_5,duration,brier_skill,concentrated,split+quality_level,2,0.02090220629820583,raw-within-metric
BPIC15_5,duration,brier_skill,concentrated,split+rung,2,0.08664374944362117,raw-within-metric
BPIC15_5,duration,brier_skill,concentrated,quality_level+rung,2,0.020914636279998625,raw-within-metric
BPIC15_5,duration,brier_skill,concentrated,learner+split+quality_level,3,0.01102467714849184,raw-within-metric
BPIC15_5,duration,brier_skill,concentrated,learner+split+rung,3,0.06631227582384737,raw-within-metric
BPIC15_5,duration,brier_skill,concentrated,learner+quality_level+rung,3,0.0030452596243672916,raw-within-metric
BPIC15_5,duration,brier_skill,concentrated,split+quality_level+rung,3,0.007771512912867984,raw-within-metric
BPIC15_5,duration,brier_skill,concentrated,learner+split+quality_level+rung,4,0.002136677445868412,raw-within-metric
BPIC15_5,duration,logloss_skill,concentrated,learner,1,0.3105271435188399,raw-within-metric
BPIC15_5,duration,logloss_skill,concentrated,split,1,0.15272131044217446,raw-within-metric
BPIC15_5,duration,logloss_skill,concentrated,quality_level,1,0.04936170388055324,raw-within-metric
BPIC15_5,duration,logloss_skill,concentrated,rung,1,0.18726135999024404,raw-within-metric
BPIC15_5,duration,logloss_skill,concentrated,learner+split,2,0.05034837379898372,raw-within-metric
BPIC15_5,duration,logloss_skill,concentrated,learner+quality_level,2,0.04071430718982777,raw-within-metric
BPIC15_5,duration,logloss_skill,concentrated,learner+rung,2,0.02904790638006538,raw-within-metric
BPIC15_5,duration,logloss_skill,concentrated,split+quality_level,2,0.018590303497527737,raw-within-metric
BPIC15_5,duration,logloss_skill,concentrated,split+rung,2,0.07535258969140023,raw-within-metric
BPIC15_5,duration,logloss_skill,concentrated,quality_level+rung,2,0.015069683402961396,raw-within-metric
BPIC15_5,duration,logloss_skill,concentrated,learner+split+quality_level,3,0.01672731081820835,raw-within-metric
BPIC15_5,duration,logloss_skill,concentrated,learner+split+rung,3,0.040917127010242894,raw-within-metric
BPIC15_5,duration,logloss_skill,concentrated,learner+quality_level+rung,3,0.004393492161625429,raw-within-metric
BPIC15_5,duration,logloss_skill,concentrated,split+quality_level+rung,3,0.006495376234930723,raw-within-metric
BPIC15_5,duration,logloss_skill,concentrated,learner+split+quality_level+rung,4,0.0024720119824148206,raw-within-metric
BPIC15_5,duration,nagelkerke,concentrated,learner,1,0.41145052148916683,raw-within-metric
BPIC15_5,duration,nagelkerke,concentrated,split,1,0.17213642813905586,raw-within-metric
BPIC15_5,duration,nagelkerke,concentrated,quality_level,1,0.027577696606556745,raw-within-metric
BPIC15_5,duration,nagelkerke,concentrated,rung,1,0.07984281723028118,raw-within-metric
BPIC15_5,duration,nagelkerke,concentrated,learner+split,2,0.05474212890057497,raw-within-metric
BPIC15_5,duration,nagelkerke,concentrated,learner+quality_level,2,0.05463627104685687,raw-within-metric
BPIC15_5,duration,nagelkerke,concentrated,learner+rung,2,0.024877419217153432,raw-within-metric
BPIC15_5,duration,nagelkerke,concentrated,split+quality_level,2,0.014304972910933715,raw-within-metric
BPIC15_5,duration,nagelkerke,concentrated,split+rung,2,0.07665693258515287,raw-within-metric
BPIC15_5,duration,nagelkerke,concentrated,quality_level+rung,2,0.007486555733834333,raw-within-metric
BPIC15_5,duration,nagelkerke,concentrated,learner+split+quality_level,3,0.018823556296836387,raw-within-metric
BPIC15_5,duration,nagelkerke,concentrated,learner+split+rung,3,0.04116399401972165,raw-within-metric
BPIC15_5,duration,nagelkerke,concentrated,learner+quality_level+rung,3,0.008673159454419703,raw-within-metric
BPIC15_5,duration,nagelkerke,concentrated,split+quality_level+rung,3,0.004041476513458645,raw-within-metric
BPIC15_5,duration,nagelkerke,concentrated,learner+split+quality_level+rung,4,0.0035860698559967707,raw-within-metric
BPIC17,duration,ap,concentrated,learner,1,0.025562639194198832,raw-within-metric
BPIC17,duration,ap,concentrated,split,1,0.16687367280409776,raw-within-metric
BPIC17,duration,ap,concentrated,quality_level,1,0.2271221012198599,raw-within-metric
BPIC17,duration,ap,concentrated,rung,1,0.39927682016599536,raw-within-metric
BPIC17,duration,ap,concentrated,learner+split,2,0.04847811507596384,raw-within-metric
BPIC17,duration,ap,concentrated,learner+quality_level,2,0.003402641376459958,raw-within-metric
BPIC17,duration,ap,concentrated,learner+rung,2,0.04642195462810359,raw-within-metric
BPIC17,duration,ap,concentrated,split+quality_level,2,0.009981180116558444,raw-within-metric
BPIC17,duration,ap,concentrated,split+rung,2,0.019650144765975448,raw-within-metric
BPIC17,duration,ap,concentrated,quality_level+rung,2,0.03235750240910586,raw-within-metric
BPIC17,duration,ap,concentrated,learner+split+quality_level,3,0.005997494740195531,raw-within-metric
BPIC17,duration,ap,concentrated,learner+split+rung,3,0.007385866637510176,raw-within-metric
BPIC17,duration,ap,concentrated,learner+quality_level+rung,3,0.002044380181940398,raw-within-metric
BPIC17,duration,ap,concentrated,split+quality_level+rung,3,0.0020944401955432534,raw-within-metric
BPIC17,duration,ap,concentrated,learner+split+quality_level+rung,4,0.0033510464884916238,raw-within-metric
BPIC17,duration,auc,concentrated,learner,1,0.0677779800755623,raw-within-metric
BPIC17,duration,auc,concentrated,split,1,0.10137819821403261,raw-within-metric
BPIC17,duration,auc,concentrated,quality_level,1,0.021247770137907986,raw-within-metric
BPIC17,duration,auc,concentrated,rung,1,0.6367941311735608,raw-within-metric
BPIC17,duration,auc,concentrated,learner+split,2,0.045066521505438245,raw-within-metric
BPIC17,duration,auc,concentrated,learner+quality_level,2,0.002016865920441775,raw-within-metric
BPIC17,duration,auc,concentrated,learner+rung,2,0.053692536520656156,raw-within-metric
BPIC17,duration,auc,concentrated,split+quality_level,2,0.0038218027956053893,raw-within-metric
BPIC17,duration,auc,concentrated,split+rung,2,0.025830219928063117,raw-within-metric
BPIC17,duration,auc,concentrated,quality_level+rung,2,0.02888786644443244,raw-within-metric
BPIC17,duration,auc,concentrated,learner+split+quality_level,3,0.002425893103560494,raw-within-metric
BPIC17,duration,auc,concentrated,learner+split+rung,3,0.007457646037707086,raw-within-metric
BPIC17,duration,auc,concentrated,learner+quality_level+rung,3,0.0008934687618724126,raw-within-metric
BPIC17,duration,auc,concentrated,split+quality_level+rung,3,0.0012249581231569921,raw-within-metric
BPIC17,duration,auc,concentrated,learner+split+quality_level+rung,4,0.001484141258002308,raw-within-metric
BPIC17,duration,brier_skill,concentrated,learner,1,0.40797751321884373,raw-within-metric
BPIC17,duration,brier_skill,concentrated,split,1,0.2677354877103922,raw-within-metric
BPIC17,duration,brier_skill,concentrated,quality_level,1,0.04715886728516352,raw-within-metric
BPIC17,duration,brier_skill,concentrated,rung,1,0.0023617629320334325,raw-within-metric
BPIC17,duration,brier_skill,concentrated,learner+split,2,0.10662422798856688,raw-within-metric
BPIC17,duration,brier_skill,concentrated,learner+quality_level,2,0.017813378932369565,raw-within-metric
BPIC17,duration,brier_skill,concentrated,learner+rung,2,0.07404118132948256,raw-within-metric
BPIC17,duration,brier_skill,concentrated,split+quality_level,2,0.015836331623472602,raw-within-metric
BPIC17,duration,brier_skill,concentrated,split+rung,2,0.027409450700600236,raw-within-metric
BPIC17,duration,brier_skill,concentrated,quality_level+rung,2,0.0007155043967915859,raw-within-metric
BPIC17,duration,brier_skill,concentrated,learner+split+quality_level,3,0.008280750748016296,raw-within-metric
BPIC17,duration,brier_skill,concentrated,learner+split+rung,3,0.017991265117134995,raw-within-metric
BPIC17,duration,brier_skill,concentrated,learner+quality_level+rung,3,0.0019008822151547942,raw-within-metric
BPIC17,duration,brier_skill,concentrated,split+quality_level+rung,3,0.0011306860095644682,raw-within-metric
BPIC17,duration,brier_skill,concentrated,learner+split+quality_level+rung,4,0.0030227097924131457,raw-within-metric
BPIC17,duration,logloss_skill,concentrated,learner,1,0.43895665121478905,raw-within-metric
BPIC17,duration,logloss_skill,concentrated,split,1,0.2503190018710467,raw-within-metric
BPIC17,duration,logloss_skill,concentrated,quality_level,1,0.05527847232669058,raw-within-metric
BPIC17,duration,logloss_skill,concentrated,rung,1,0.0020742655011392803,raw-within-metric
BPIC17,duration,logloss_skill,concentrated,learner+split,2,0.09935763962383821,raw-within-metric
BPIC17,duration,logloss_skill,concentrated,learner+quality_level,2,0.019227893748358163,raw-within-metric
BPIC17,duration,logloss_skill,concentrated,learner+rung,2,0.06667911957407247,raw-within-metric
BPIC17,duration,logloss_skill,concentrated,split+quality_level,2,0.015590633304916876,raw-within-metric
BPIC17,duration,logloss_skill,concentrated,split+rung,2,0.023569601801774635,raw-within-metric
BPIC17,duration,logloss_skill,concentrated,quality_level+rung,2,0.0005630490224051113,raw-within-metric
BPIC17,duration,logloss_skill,concentrated,learner+split+quality_level,3,0.007385990847434961,raw-within-metric
BPIC17,duration,logloss_skill,concentrated,learner+split+rung,3,0.015611207874067822,raw-within-metric
BPIC17,duration,logloss_skill,concentrated,learner+quality_level+rung,3,0.0016238405060081378,raw-within-metric
BPIC17,duration,logloss_skill,concentrated,split+quality_level+rung,3,0.0010378609662794341,raw-within-metric
BPIC17,duration,logloss_skill,concentrated,learner+split+quality_level+rung,4,0.00272477181717861,raw-within-metric
BPIC17,duration,nagelkerke,concentrated,learner,1,0.4379178932990561,raw-within-metric
BPIC17,duration,nagelkerke,concentrated,split,1,0.25103294732008025,raw-within-metric
BPIC17,duration,nagelkerke,concentrated,quality_level,1,0.05493482498965724,raw-within-metric
BPIC17,duration,nagelkerke,concentrated,rung,1,0.002121318744004367,raw-within-metric
BPIC17,duration,nagelkerke,concentrated,learner+split,2,0.09939300530084871,raw-within-metric
BPIC17,duration,nagelkerke,concentrated,learner+quality_level,2,0.01908895508233137,raw-within-metric
BPIC17,duration,nagelkerke,concentrated,learner+rung,2,0.06700708714110364,raw-within-metric
BPIC17,duration,nagelkerke,concentrated,split+quality_level,2,0.015610728316302579,raw-within-metric
BPIC17,duration,nagelkerke,concentrated,split+rung,2,0.02373887475393286,raw-within-metric
BPIC17,duration,nagelkerke,concentrated,quality_level+rung,2,0.0005556194068107573,raw-within-metric
BPIC17,duration,nagelkerke,concentrated,learner+split+quality_level,3,0.007370996610094573,raw-within-metric
BPIC17,duration,nagelkerke,concentrated,learner+split+rung,3,0.015803241347981663,raw-within-metric
BPIC17,duration,nagelkerke,concentrated,learner+quality_level+rung,3,0.0016342507314651027,raw-within-metric
BPIC17,duration,nagelkerke,concentrated,split+quality_level+rung,3,0.0010434754473858396,raw-within-metric
BPIC17,duration,nagelkerke,concentrated,learner+split+quality_level+rung,4,0.0027467815089448435,raw-within-metric
BPIC19,duration,ap,concentrated,learner,1,0.04713813334364622,raw-within-metric
BPIC19,duration,ap,concentrated,split,1,0.3503909717125311,raw-within-metric
BPIC19,duration,ap,concentrated,quality_level,1,0.028748799244550337,raw-within-metric
BPIC19,duration,ap,concentrated,rung,1,0.23083608644308803,raw-within-metric
BPIC19,duration,ap,concentrated,learner+split,2,0.013654121865794644,raw-within-metric
BPIC19,duration,ap,concentrated,learner+quality_level,2,0.006431498156026683,raw-within-metric
BPIC19,duration,ap,concentrated,learner+rung,2,0.011167559348390125,raw-within-metric
BPIC19,duration,ap,concentrated,split+quality_level,2,0.005438396049491325,raw-within-metric
BPIC19,duration,ap,concentrated,split+rung,2,0.28258184484911336,raw-within-metric
BPIC19,duration,ap,concentrated,quality_level+rung,2,0.008062738026320326,raw-within-metric
BPIC19,duration,ap,concentrated,learner+split+quality_level,3,0.0011777560384182947,raw-within-metric
BPIC19,duration,ap,concentrated,learner+split+rung,3,0.008445639468405713,raw-within-metric
BPIC19,duration,ap,concentrated,learner+quality_level+rung,3,0.0007956709257503582,raw-within-metric
BPIC19,duration,ap,concentrated,split+quality_level+rung,3,0.004745631428621534,raw-within-metric
BPIC19,duration,ap,concentrated,learner+split+quality_level+rung,4,0.0003851530998518933,raw-within-metric
BPIC19,duration,auc,concentrated,learner,1,0.09324935967289454,raw-within-metric
BPIC19,duration,auc,concentrated,split,1,0.14754276071624847,raw-within-metric
BPIC19,duration,auc,concentrated,quality_level,1,0.028883578904373076,raw-within-metric
BPIC19,duration,auc,concentrated,rung,1,0.32828649702747226,raw-within-metric
BPIC19,duration,auc,concentrated,learner+split,2,0.011931021326506447,raw-within-metric
BPIC19,duration,auc,concentrated,learner+quality_level,2,0.00866500844341071,raw-within-metric
BPIC19,duration,auc,concentrated,learner+rung,2,0.03135692431133507,raw-within-metric
BPIC19,duration,auc,concentrated,split+quality_level,2,0.01610077134163276,raw-within-metric
BPIC19,duration,auc,concentrated,split+rung,2,0.2708933958263329,raw-within-metric
BPIC19,duration,auc,concentrated,quality_level+rung,2,0.010670462158349568,raw-within-metric
BPIC19,duration,auc,concentrated,learner+split+quality_level,3,0.0023129204983287654,raw-within-metric
BPIC19,duration,auc,concentrated,learner+split+rung,3,0.022763073681751463,raw-within-metric
BPIC19,duration,auc,concentrated,learner+quality_level+rung,3,0.0026402113280981315,raw-within-metric
BPIC19,duration,auc,concentrated,split+quality_level+rung,3,0.023434175890814486,raw-within-metric
BPIC19,duration,auc,concentrated,learner+split+quality_level+rung,4,0.0012698388724513517,raw-within-metric
BPIC19,duration,brier_skill,concentrated,learner,1,0.10388204408936451,raw-within-metric
BPIC19,duration,brier_skill,concentrated,split,1,0.47860714418640876,raw-within-metric
BPIC19,duration,brier_skill,concentrated,quality_level,1,0.005816921681921756,raw-within-metric
BPIC19,duration,brier_skill,concentrated,rung,1,0.08423892154823907,raw-within-metric
BPIC19,duration,brier_skill,concentrated,learner+split,2,0.05086592642474,raw-within-metric
BPIC19,duration,brier_skill,concentrated,learner+quality_level,2,0.016049028131296862,raw-within-metric
BPIC19,duration,brier_skill,concentrated,learner+rung,2,0.07566849844473804,raw-within-metric
BPIC19,duration,brier_skill,concentrated,split+quality_level,2,0.013264825686882633,raw-within-metric
BPIC19,duration,brier_skill,concentrated,split+rung,2,0.12439471299052707,raw-within-metric
BPIC19,duration,brier_skill,concentrated,quality_level+rung,2,0.0014048801260022677,raw-within-metric
BPIC19,duration,brier_skill,concentrated,learner+split+quality_level,3,0.004050349551624203,raw-within-metric
BPIC19,duration,brier_skill,concentrated,learner+split+rung,3,0.030399612641996136,raw-within-metric
BPIC19,duration,brier_skill,concentrated,learner+quality_level+rung,3,0.006067837390634939,raw-within-metric
BPIC19,duration,brier_skill,concentrated,split+quality_level+rung,3,0.0034021261275102113,raw-within-metric
BPIC19,duration,brier_skill,concentrated,learner+split+quality_level+rung,4,0.0018871709781135549,raw-within-metric
BPIC19,duration,logloss_skill,concentrated,learner,1,0.06238400638976274,raw-within-metric
BPIC19,duration,logloss_skill,concentrated,split,1,0.6585218913331771,raw-within-metric
BPIC19,duration,logloss_skill,concentrated,quality_level,1,0.03287676582326368,raw-within-metric
BPIC19,duration,logloss_skill,concentrated,rung,1,0.017574812587500807,raw-within-metric
BPIC19,duration,logloss_skill,concentrated,learner+split,2,0.03420817000609627,raw-within-metric
BPIC19,duration,logloss_skill,concentrated,learner+quality_level,2,0.01921118592131152,raw-within-metric
BPIC19,duration,logloss_skill,concentrated,learner+rung,2,0.08021907069986027,raw-within-metric
BPIC19,duration,logloss_skill,concentrated,split+quality_level,2,0.014306844988721916,raw-within-metric
BPIC19,duration,logloss_skill,concentrated,split+rung,2,0.04121033372317058,raw-within-metric
BPIC19,duration,logloss_skill,concentrated,quality_level+rung,2,0.0010460843737138638,raw-within-metric
BPIC19,duration,logloss_skill,concentrated,learner+split+quality_level,3,0.004125413723442941,raw-within-metric
BPIC19,duration,logloss_skill,concentrated,learner+split+rung,3,0.023002074675382886,raw-within-metric
BPIC19,duration,logloss_skill,concentrated,learner+quality_level+rung,3,0.008096729478718806,raw-within-metric
BPIC19,duration,logloss_skill,concentrated,split+quality_level+rung,3,0.001336554723367665,raw-within-metric
BPIC19,duration,logloss_skill,concentrated,learner+split+quality_level+rung,4,0.0018800615525089038,raw-within-metric
BPIC19,duration,nagelkerke,concentrated,learner,1,0.12025939605974081,raw-within-metric
BPIC19,duration,nagelkerke,concentrated,split,1,0.49617570935415223,raw-within-metric
BPIC19,duration,nagelkerke,concentrated,quality_level,1,0.05194815893944309,raw-within-metric
BPIC19,duration,nagelkerke,concentrated,rung,1,0.017054499050194412,raw-within-metric
BPIC19,duration,nagelkerke,concentrated,learner+split,2,0.03773646495194102,raw-within-metric
BPIC19,duration,nagelkerke,concentrated,learner+quality_level,2,0.054009864148422584,raw-within-metric
BPIC19,duration,nagelkerke,concentrated,learner+rung,2,0.13030859836759676,raw-within-metric
BPIC19,duration,nagelkerke,concentrated,split+quality_level,2,0.012369027324785762,raw-within-metric
BPIC19,duration,nagelkerke,concentrated,split+rung,2,0.012143003555900367,raw-within-metric
BPIC19,duration,nagelkerke,concentrated,quality_level+rung,2,0.0019398704072011207,raw-within-metric
BPIC19,duration,nagelkerke,concentrated,learner+split+quality_level,3,0.012307039317968045,raw-within-metric
BPIC19,duration,nagelkerke,concentrated,learner+split+rung,3,0.030305722919191976,raw-within-metric
BPIC19,duration,nagelkerke,concentrated,learner+quality_level+rung,3,0.018581047441648277,raw-within-metric
BPIC19,duration,nagelkerke,concentrated,split+quality_level+rung,3,0.0007094577721689043,raw-within-metric
BPIC19,duration,nagelkerke,concentrated,learner+split+quality_level+rung,4,0.004152140389644606,raw-within-metric
Helpdesk,duration,ap,concentrated,learner,1,0.20120950553007033,raw-within-metric
Helpdesk,duration,ap,concentrated,split,1,0.12388593038547402,raw-within-metric
Helpdesk,duration,ap,concentrated,quality_level,1,0.10366905145069216,raw-within-metric
Helpdesk,duration,ap,concentrated,rung,1,0.14965231860546685,raw-within-metric
Helpdesk,duration,ap,concentrated,learner+split,2,0.19408015881092008,raw-within-metric
Helpdesk,duration,ap,concentrated,learner+quality_level,2,0.014233892059379354,raw-within-metric
Helpdesk,duration,ap,concentrated,learner+rung,2,0.09544837267395027,raw-within-metric
Helpdesk,duration,ap,concentrated,split+quality_level,2,0.024672150811932553,raw-within-metric
Helpdesk,duration,ap,concentrated,split+rung,2,0.0341646638589284,raw-within-metric
Helpdesk,duration,ap,concentrated,quality_level+rung,2,0.0014881362965070996,raw-within-metric
Helpdesk,duration,ap,concentrated,learner+split+quality_level,3,0.0134358063493185,raw-within-metric
Helpdesk,duration,ap,concentrated,learner+split+rung,3,0.01637592973344037,raw-within-metric
Helpdesk,duration,ap,concentrated,learner+quality_level+rung,3,0.018955920833929333,raw-within-metric
Helpdesk,duration,ap,concentrated,split+quality_level+rung,3,0.003611324907513192,raw-within-metric
Helpdesk,duration,ap,concentrated,learner+split+quality_level+rung,4,0.0051168376924775084,raw-within-metric
Helpdesk,duration,auc,concentrated,learner,1,0.10084370493591262,raw-within-metric
Helpdesk,duration,auc,concentrated,split,1,0.5788977239218349,raw-within-metric
Helpdesk,duration,auc,concentrated,quality_level,1,0.06337372633999519,raw-within-metric
Helpdesk,duration,auc,concentrated,rung,1,0.008282218017141088,raw-within-metric
Helpdesk,duration,auc,concentrated,learner+split,2,0.15387859126431158,raw-within-metric
Helpdesk,duration,auc,concentrated,learner+quality_level,2,0.00537845497373942,raw-within-metric
Helpdesk,duration,auc,concentrated,learner+rung,2,0.025044329494940395,raw-within-metric
Helpdesk,duration,auc,concentrated,split+quality_level,2,0.013761259646125781,raw-within-metric
Helpdesk,duration,auc,concentrated,split+rung,2,0.01565538775009138,raw-within-metric
Helpdesk,duration,auc,concentrated,quality_level+rung,2,0.0020486015790000733,raw-within-metric
Helpdesk,duration,auc,concentrated,learner+split+quality_level,3,0.011398906159327805,raw-within-metric
Helpdesk,duration,auc,concentrated,learner+split+rung,3,0.009177281290765003,raw-within-metric
Helpdesk,duration,auc,concentrated,learner+quality_level+rung,3,0.007633705703173607,raw-within-metric
Helpdesk,duration,auc,concentrated,split+quality_level+rung,3,0.0013302695926835993,raw-within-metric
Helpdesk,duration,auc,concentrated,learner+split+quality_level+rung,4,0.0032958393309576077,raw-within-metric
Helpdesk,duration,brier_skill,concentrated,learner,1,0.5418113733680898,raw-within-metric
Helpdesk,duration,brier_skill,concentrated,split,1,0.07772808493128151,raw-within-metric
Helpdesk,duration,brier_skill,concentrated,quality_level,1,0.11919600735973601,raw-within-metric
Helpdesk,duration,brier_skill,concentrated,rung,1,0.027614216186554418,raw-within-metric
Helpdesk,duration,brier_skill,concentrated,learner+split,2,0.06118799024009612,raw-within-metric
Helpdesk,duration,brier_skill,concentrated,learner+quality_level,2,0.012283365835792766,raw-within-metric
Helpdesk,duration,brier_skill,concentrated,learner+rung,2,0.10008754035791274,raw-within-metric
Helpdesk,duration,brier_skill,concentrated,split+quality_level,2,0.004182099414799787,raw-within-metric
Helpdesk,duration,brier_skill,concentrated,split+rung,2,0.004797689906780307,raw-within-metric
Helpdesk,duration,brier_skill,concentrated,quality_level+rung,2,0.0057908045614482205,raw-within-metric
Helpdesk,duration,brier_skill,concentrated,learner+split+quality_level,3,0.006236425347140732,raw-within-metric
Helpdesk,duration,brier_skill,concentrated,learner+split+rung,3,0.015139139646153469,raw-within-metric
Helpdesk,duration,brier_skill,concentrated,learner+quality_level+rung,3,0.017680977506105044,raw-within-metric
Helpdesk,duration,brier_skill,concentrated,split+quality_level+rung,3,0.0014630480999875098,raw-within-metric
Helpdesk,duration,brier_skill,concentrated,learner+split+quality_level+rung,4,0.004801237238121524,raw-within-metric
Helpdesk,duration,logloss_skill,concentrated,learner,1,0.7465323100813135,raw-within-metric
Helpdesk,duration,logloss_skill,concentrated,split,1,0.06134785000185646,raw-within-metric
Helpdesk,duration,logloss_skill,concentrated,quality_level,1,0.0623165981172272,raw-within-metric
Helpdesk,duration,logloss_skill,concentrated,rung,1,0.0035181588112519657,raw-within-metric
Helpdesk,duration,logloss_skill,concentrated,learner+split,2,0.07309933160802014,raw-within-metric
Helpdesk,duration,logloss_skill,concentrated,learner+quality_level,2,0.01296795070855005,raw-within-metric
Helpdesk,duration,logloss_skill,concentrated,learner+rung,2,0.01574611301371914,raw-within-metric
Helpdesk,duration,logloss_skill,concentrated,split+quality_level,2,0.0030023305369065454,raw-within-metric
Helpdesk,duration,logloss_skill,concentrated,split+rung,2,0.0017801269198727788,raw-within-metric
Helpdesk,duration,logloss_skill,concentrated,quality_level+rung,2,0.001017747175946943,raw-within-metric
Helpdesk,duration,logloss_skill,concentrated,learner+split+quality_level,3,0.006476040387223133,raw-within-metric
Helpdesk,duration,logloss_skill,concentrated,learner+split+rung,3,0.007996775181302967,raw-within-metric
Helpdesk,duration,logloss_skill,concentrated,learner+quality_level+rung,3,0.0028010970687176824,raw-within-metric
Helpdesk,duration,logloss_skill,concentrated,split+quality_level+rung,3,0.00033782648955743284,raw-within-metric
Helpdesk,duration,logloss_skill,concentrated,learner+split+quality_level+rung,4,0.0010597438985340923,raw-within-metric
Helpdesk,duration,nagelkerke,concentrated,learner,1,0.7597297043887036,raw-within-metric
Helpdesk,duration,nagelkerke,concentrated,split,1,0.061652081254344696,raw-within-metric
Helpdesk,duration,nagelkerke,concentrated,quality_level,1,0.052465016869251375,raw-within-metric
Helpdesk,duration,nagelkerke,concentrated,rung,1,0.0027575935823951044,raw-within-metric
Helpdesk,duration,nagelkerke,concentrated,learner+split,2,0.07142532502637243,raw-within-metric
Helpdesk,duration,nagelkerke,concentrated,learner+quality_level,2,0.014433647669693732,raw-within-metric
Helpdesk,duration,nagelkerke,concentrated,learner+rung,2,0.01316776001995652,raw-within-metric
Helpdesk,duration,nagelkerke,concentrated,split+quality_level,2,0.0028341423484888897,raw-within-metric
Helpdesk,duration,nagelkerke,concentrated,split+rung,2,0.0017765652738511684,raw-within-metric
Helpdesk,duration,nagelkerke,concentrated,quality_level+rung,2,0.0008825256792667834,raw-within-metric
Helpdesk,duration,nagelkerke,concentrated,learner+split+quality_level,3,0.007225327300860416,raw-within-metric
Helpdesk,duration,nagelkerke,concentrated,learner+split+rung,3,0.007535005672563396,raw-within-metric
Helpdesk,duration,nagelkerke,concentrated,learner+quality_level+rung,3,0.00270880840971906,raw-within-metric
Helpdesk,duration,nagelkerke,concentrated,split+quality_level+rung,3,0.0003298630052846192,raw-within-metric
Helpdesk,duration,nagelkerke,concentrated,learner+split+quality_level+rung,4,0.0010766334992481717,raw-within-metric
RoadFines,duration,ap,concentrated,learner,1,0.09503650598104868,raw-within-metric
RoadFines,duration,ap,concentrated,split,1,0.06545551364905977,raw-within-metric
RoadFines,duration,ap,concentrated,quality_level,1,0.3665972197203281,raw-within-metric
RoadFines,duration,ap,concentrated,rung,1,0.2720943069710056,raw-within-metric
RoadFines,duration,ap,concentrated,learner+split,2,0.02333490065533647,raw-within-metric
RoadFines,duration,ap,concentrated,learner+quality_level,2,0.005724065761418506,raw-within-metric
RoadFines,duration,ap,concentrated,learner+rung,2,0.049030320213093864,raw-within-metric
RoadFines,duration,ap,concentrated,split+quality_level,2,0.025642663026458453,raw-within-metric
RoadFines,duration,ap,concentrated,split+rung,2,0.04759440463385082,raw-within-metric
RoadFines,duration,ap,concentrated,quality_level+rung,2,0.02627948612382223,raw-within-metric
RoadFines,duration,ap,concentrated,learner+split+quality_level,3,0.001306873241746954,raw-within-metric
RoadFines,duration,ap,concentrated,learner+split+rung,3,0.014673510943718316,raw-within-metric
RoadFines,duration,ap,concentrated,learner+quality_level+rung,3,0.0010328222668450568,raw-within-metric
RoadFines,duration,ap,concentrated,split+quality_level+rung,3,0.005416634129125121,raw-within-metric
RoadFines,duration,ap,concentrated,learner+split+quality_level+rung,4,0.0007807726831421284,raw-within-metric
RoadFines,duration,auc,concentrated,learner,1,0.07020132906205201,raw-within-metric
RoadFines,duration,auc,concentrated,split,1,0.14036758077762462,raw-within-metric
RoadFines,duration,auc,concentrated,quality_level,1,0.2512551687756161,raw-within-metric
RoadFines,duration,auc,concentrated,rung,1,0.3558614873948712,raw-within-metric
RoadFines,duration,auc,concentrated,learner+split,2,0.019493865602130168,raw-within-metric
RoadFines,duration,auc,concentrated,learner+quality_level,2,0.01554387132321712,raw-within-metric
RoadFines,duration,auc,concentrated,learner+rung,2,0.023641211068845563,raw-within-metric
RoadFines,duration,auc,concentrated,split+quality_level,2,0.027764671899191684,raw-within-metric
RoadFines,duration,auc,concentrated,split+rung,2,0.05214558441382244,raw-within-metric
RoadFines,duration,auc,concentrated,quality_level+rung,2,0.015887725955194054,raw-within-metric
RoadFines,duration,auc,concentrated,learner+split+quality_level,3,0.0025351244876221733,raw-within-metric
RoadFines,duration,auc,concentrated,learner+split+rung,3,0.01407562935226341,raw-within-metric
RoadFines,duration,auc,concentrated,learner+quality_level+rung,3,0.002885187142946514,raw-within-metric
RoadFines,duration,auc,concentrated,split+quality_level+rung,3,0.007053567792406449,raw-within-metric
RoadFines,duration,auc,concentrated,learner+split+quality_level+rung,4,0.0012879949521965588,raw-within-metric
RoadFines,duration,brier_skill,concentrated,learner,1,0.07177873560828528,raw-within-metric
RoadFines,duration,brier_skill,concentrated,split,1,0.054731338769554064,raw-within-metric
RoadFines,duration,brier_skill,concentrated,quality_level,1,0.5415442813192867,raw-within-metric
RoadFines,duration,brier_skill,concentrated,rung,1,0.07553887326860782,raw-within-metric
RoadFines,duration,brier_skill,concentrated,learner+split,2,0.046349636886183605,raw-within-metric
RoadFines,duration,brier_skill,concentrated,learner+quality_level,2,0.004171005819051453,raw-within-metric
RoadFines,duration,brier_skill,concentrated,learner+rung,2,0.07566653379311201,raw-within-metric
RoadFines,duration,brier_skill,concentrated,split+quality_level,2,0.03766167933231659,raw-within-metric
RoadFines,duration,brier_skill,concentrated,split+rung,2,0.05844479467475462,raw-within-metric
RoadFines,duration,brier_skill,concentrated,quality_level+rung,2,0.006974025195139355,raw-within-metric
RoadFines,duration,brier_skill,concentrated,learner+split+quality_level,3,0.0018181173544043105,raw-within-metric
RoadFines,duration,brier_skill,concentrated,learner+split+rung,3,0.02311915480223435,raw-within-metric
RoadFines,duration,brier_skill,concentrated,learner+quality_level+rung,3,0.0005785892797079491,raw-within-metric
RoadFines,duration,brier_skill,concentrated,split+quality_level+rung,3,0.0010616536636090994,raw-within-metric
RoadFines,duration,brier_skill,concentrated,learner+split+quality_level+rung,4,0.0005615802337529151,raw-within-metric
RoadFines,duration,logloss_skill,concentrated,learner,1,0.02022622047379211,raw-within-metric
RoadFines,duration,logloss_skill,concentrated,split,1,0.04704378289813006,raw-within-metric
RoadFines,duration,logloss_skill,concentrated,quality_level,1,0.6036854011797288,raw-within-metric
RoadFines,duration,logloss_skill,concentrated,rung,1,0.07525358413838329,raw-within-metric
RoadFines,duration,logloss_skill,concentrated,learner+split,2,0.0441772015908337,raw-within-metric
RoadFines,duration,logloss_skill,concentrated,learner+quality_level,2,0.007327893762885014,raw-within-metric
RoadFines,duration,logloss_skill,concentrated,learner+rung,2,0.06148546386049505,raw-within-metric
RoadFines,duration,logloss_skill,concentrated,split+quality_level,2,0.04261452136130411,raw-within-metric
RoadFines,duration,logloss_skill,concentrated,split+rung,2,0.06283202046318137,raw-within-metric
RoadFines,duration,logloss_skill,concentrated,quality_level+rung,2,0.006031800362968334,raw-within-metric
RoadFines,duration,logloss_skill,concentrated,learner+split+quality_level,3,0.0016511054550817402,raw-within-metric
RoadFines,duration,logloss_skill,concentrated,learner+split+rung,3,0.025027468003838652,raw-within-metric
RoadFines,duration,logloss_skill,concentrated,learner+quality_level+rung,3,0.0005850356705283084,raw-within-metric
RoadFines,duration,logloss_skill,concentrated,split+quality_level+rung,3,0.001359027851742315,raw-within-metric
RoadFines,duration,logloss_skill,concentrated,learner+split+quality_level+rung,4,0.0006994729271071488,raw-within-metric
RoadFines,duration,nagelkerke,concentrated,learner,1,0.02023423211303875,raw-within-metric
RoadFines,duration,nagelkerke,concentrated,split,1,0.05409456125705843,raw-within-metric
RoadFines,duration,nagelkerke,concentrated,quality_level,1,0.5967533885754867,raw-within-metric
RoadFines,duration,nagelkerke,concentrated,rung,1,0.07446989716984079,raw-within-metric
RoadFines,duration,nagelkerke,concentrated,learner+split,2,0.04339334925092322,raw-within-metric
RoadFines,duration,nagelkerke,concentrated,learner+quality_level,2,0.007482714200542643,raw-within-metric
RoadFines,duration,nagelkerke,concentrated,learner+rung,2,0.06129547079102711,raw-within-metric
RoadFines,duration,nagelkerke,concentrated,split+quality_level,2,0.04271295612505897,raw-within-metric
RoadFines,duration,nagelkerke,concentrated,split+rung,2,0.06358585616270696,raw-within-metric
RoadFines,duration,nagelkerke,concentrated,quality_level+rung,2,0.00642711264357564,raw-within-metric
RoadFines,duration,nagelkerke,concentrated,learner+split+quality_level,3,0.0016916377489342648,raw-within-metric
RoadFines,duration,nagelkerke,concentrated,learner+split+rung,3,0.025159216853759155,raw-within-metric
RoadFines,duration,nagelkerke,concentrated,learner+quality_level+rung,3,0.000541795628924782,raw-within-metric
RoadFines,duration,nagelkerke,concentrated,split+quality_level+rung,3,0.0014426436264020153,raw-within-metric
RoadFines,duration,nagelkerke,concentrated,learner+split+quality_level+rung,4,0.0007151678527207148,raw-within-metric
Sepsis,duration,ap,concentrated,learner,1,0.031354798298172476,raw-within-metric
Sepsis,duration,ap,concentrated,split,1,0.04971956385489844,raw-within-metric
Sepsis,duration,ap,concentrated,quality_level,1,0.2254208466336003,raw-within-metric
Sepsis,duration,ap,concentrated,rung,1,0.4600221871723682,raw-within-metric
Sepsis,duration,ap,concentrated,learner+split,2,0.10344046468056796,raw-within-metric
Sepsis,duration,ap,concentrated,learner+quality_level,2,0.012475119345730295,raw-within-metric
Sepsis,duration,ap,concentrated,learner+rung,2,0.002318065430648556,raw-within-metric
Sepsis,duration,ap,concentrated,split+quality_level,2,0.021597092245653437,raw-within-metric
Sepsis,duration,ap,concentrated,split+rung,2,0.06186975561688415,raw-within-metric
Sepsis,duration,ap,concentrated,quality_level+rung,2,0.007394750417473222,raw-within-metric
Sepsis,duration,ap,concentrated,learner+split+quality_level,3,0.007311625571251731,raw-within-metric
Sepsis,duration,ap,concentrated,learner+split+rung,3,0.010541559407050368,raw-within-metric
Sepsis,duration,ap,concentrated,learner+quality_level+rung,3,0.0024242522201336153,raw-within-metric
Sepsis,duration,ap,concentrated,split+quality_level+rung,3,0.001574955772110231,raw-within-metric
Sepsis,duration,ap,concentrated,learner+split+quality_level+rung,4,0.002534963333457056,raw-within-metric
Sepsis,duration,auc,concentrated,learner,1,0.005034460380965638,raw-within-metric
Sepsis,duration,auc,concentrated,split,1,0.18761137328328353,raw-within-metric
Sepsis,duration,auc,concentrated,quality_level,1,0.18223449868316743,raw-within-metric
Sepsis,duration,auc,concentrated,rung,1,0.4624300027880186,raw-within-metric
Sepsis,duration,auc,concentrated,learner+split,2,0.054340111772374265,raw-within-metric
Sepsis,duration,auc,concentrated,learner+quality_level,2,0.006634958951002015,raw-within-metric
Sepsis,duration,auc,concentrated,learner+rung,2,0.0008201965562643204,raw-within-metric
Sepsis,duration,auc,concentrated,split+quality_level,2,0.011038598238221101,raw-within-metric
Sepsis,duration,auc,concentrated,split+rung,2,0.04779283842554602,raw-within-metric
Sepsis,duration,auc,concentrated,quality_level+rung,2,0.005728997692683004,raw-within-metric
Sepsis,duration,auc,concentrated,learner+split+quality_level,3,0.0042091608502392635,raw-within-metric
Sepsis,duration,auc,concentrated,learner+split+rung,3,0.02780877324762831,raw-within-metric
Sepsis,duration,auc,concentrated,learner+quality_level+rung,3,0.0008385443466604554,raw-within-metric
Sepsis,duration,auc,concentrated,split+quality_level+rung,3,0.0016994533842709825,raw-within-metric
Sepsis,duration,auc,concentrated,learner+split+quality_level+rung,4,0.0017780313996750292,raw-within-metric
Sepsis,duration,brier_skill,concentrated,learner,1,0.20383133282905602,raw-within-metric
Sepsis,duration,brier_skill,concentrated,split,1,0.16596575299451555,raw-within-metric
Sepsis,duration,brier_skill,concentrated,quality_level,1,0.2586120276516517,raw-within-metric
Sepsis,duration,brier_skill,concentrated,rung,1,0.09946510288757963,raw-within-metric
Sepsis,duration,brier_skill,concentrated,learner+split,2,0.09866215000430496,raw-within-metric
Sepsis,duration,brier_skill,concentrated,learner+quality_level,2,0.014455255703585636,raw-within-metric
Sepsis,duration,brier_skill,concentrated,learner+rung,2,0.010796481606834045,raw-within-metric
Sepsis,duration,brier_skill,concentrated,split+quality_level,2,0.019416475430726717,raw-within-metric
Sepsis,duration,brier_skill,concentrated,split+rung,2,0.04008836459270086,raw-within-metric
Sepsis,duration,brier_skill,concentrated,quality_level+rung,2,0.004460762909649085,raw-within-metric
Sepsis,duration,brier_skill,concentrated,learner+split+quality_level,3,0.01517895019229448,raw-within-metric
Sepsis,duration,brier_skill,concentrated,learner+split+rung,3,0.05799992024139642,raw-within-metric
Sepsis,duration,brier_skill,concentrated,learner+quality_level+rung,3,0.0028990306986744463,raw-within-metric
Sepsis,duration,brier_skill,concentrated,split+quality_level+rung,3,0.00229116843783409,raw-within-metric
Sepsis,duration,brier_skill,concentrated,learner+split+quality_level+rung,4,0.00587722381919628,raw-within-metric
Sepsis,duration,logloss_skill,concentrated,learner,1,0.6489546547508284,raw-within-metric
Sepsis,duration,logloss_skill,concentrated,split,1,0.03753377489936413,raw-within-metric
Sepsis,duration,logloss_skill,concentrated,quality_level,1,0.06058806510188583,raw-within-metric
Sepsis,duration,logloss_skill,concentrated,rung,1,0.047225208921119075,raw-within-metric
Sepsis,duration,logloss_skill,concentrated,learner+split,2,0.08808193636893256,raw-within-metric
Sepsis,duration,logloss_skill,concentrated,learner+quality_level,2,0.009356059193549471,raw-within-metric
Sepsis,duration,logloss_skill,concentrated,learner+rung,2,0.0417895697177036,raw-within-metric
Sepsis,duration,logloss_skill,concentrated,split+quality_level,2,0.005736888327135226,raw-within-metric
Sepsis,duration,logloss_skill,concentrated,split+rung,2,0.012951980291194772,raw-within-metric
Sepsis,duration,logloss_skill,concentrated,quality_level+rung,2,0.002145947249086393,raw-within-metric
Sepsis,duration,logloss_skill,concentrated,learner+split+quality_level,3,0.010575238578428807,raw-within-metric
Sepsis,duration,logloss_skill,concentrated,learner+split+rung,3,0.02710402654680606,raw-within-metric
Sepsis,duration,logloss_skill,concentrated,learner+quality_level+rung,3,0.004739373331889699,raw-within-metric
Sepsis,duration,logloss_skill,concentrated,split+quality_level+rung,3,0.0007510995211190759,raw-within-metric
Sepsis,duration,logloss_skill,concentrated,learner+split+quality_level+rung,4,0.0024661772009570327,raw-within-metric
Sepsis,duration,nagelkerke,concentrated,learner,1,0.5126250354882732,raw-within-metric
Sepsis,duration,nagelkerke,concentrated,split,1,0.05393032589557777,raw-within-metric
Sepsis,duration,nagelkerke,concentrated,quality_level,1,0.06355213933069842,raw-within-metric
Sepsis,duration,nagelkerke,concentrated,rung,1,0.050157797882037565,raw-within-metric
Sepsis,duration,nagelkerke,concentrated,learner+split,2,0.12051232922698057,raw-within-metric
Sepsis,duration,nagelkerke,concentrated,learner+quality_level,2,0.023496265134309222,raw-within-metric
Sepsis,duration,nagelkerke,concentrated,learner+rung,2,0.0688381407412505,raw-within-metric
Sepsis,duration,nagelkerke,concentrated,split+quality_level,2,0.008949157684045143,raw-within-metric
Sepsis,duration,nagelkerke,concentrated,split+rung,2,0.01665236257148944,raw-within-metric
Sepsis,duration,nagelkerke,concentrated,quality_level+rung,2,0.002871338940525913,raw-within-metric
Sepsis,duration,nagelkerke,concentrated,learner+split+quality_level,3,0.020204728383375167,raw-within-metric
Sepsis,duration,nagelkerke,concentrated,learner+split+rung,3,0.04533374553050897,raw-within-metric
Sepsis,duration,nagelkerke,concentrated,learner+quality_level+rung,3,0.008320888350023304,raw-within-metric
Sepsis,duration,nagelkerke,concentrated,split+quality_level+rung,3,0.0009736597168552728,raw-within-metric
Sepsis,duration,nagelkerke,concentrated,learner+split+quality_level+rung,4,0.003582085124049548,raw-within-metric
UCI498,duration,ap,concentrated,learner,1,0.007003948987709526,raw-within-metric
UCI498,duration,ap,concentrated,split,1,0.018760095780082472,raw-within-metric
UCI498,duration,ap,concentrated,quality_level,1,0.0048317512479621235,raw-within-metric
UCI498,duration,ap,concentrated,rung,1,0.8850878245423331,raw-within-metric
UCI498,duration,ap,concentrated,learner+split,2,0.006358191015395791,raw-within-metric
UCI498,duration,ap,concentrated,learner+quality_level,2,0.0009018195384954194,raw-within-metric
UCI498,duration,ap,concentrated,learner+rung,2,0.039123170291468175,raw-within-metric
UCI498,duration,ap,concentrated,split+quality_level,2,0.0015251217023171777,raw-within-metric
UCI498,duration,ap,concentrated,split+rung,2,0.012496982953694644,raw-within-metric
UCI498,duration,ap,concentrated,quality_level+rung,2,0.013554885944467465,raw-within-metric
UCI498,duration,ap,concentrated,learner+split+quality_level,3,0.0010166669941226213,raw-within-metric
UCI498,duration,ap,concentrated,learner+split+rung,3,0.007397168412928135,raw-within-metric
UCI498,duration,ap,concentrated,learner+quality_level+rung,3,0.0011004566920019916,raw-within-metric
UCI498,duration,ap,concentrated,split+quality_level+rung,3,0.0003594652535805318,raw-within-metric
UCI498,duration,ap,concentrated,learner+split+quality_level+rung,4,0.00048245064344071764,raw-within-metric
UCI498,duration,auc,concentrated,learner,1,0.010358978642775813,raw-within-metric
UCI498,duration,auc,concentrated,split,1,0.0032475099056062722,raw-within-metric
UCI498,duration,auc,concentrated,quality_level,1,0.003477199422740595,raw-within-metric
UCI498,duration,auc,concentrated,rung,1,0.937782532109137,raw-within-metric
UCI498,duration,auc,concentrated,learner+split,2,0.0007213469630251066,raw-within-metric
UCI498,duration,auc,concentrated,learner+quality_level,2,0.0007066869242180518,raw-within-metric
UCI498,duration,auc,concentrated,learner+rung,2,0.0025905119306348133,raw-within-metric
UCI498,duration,auc,concentrated,split+quality_level,2,0.0008539968884964489,raw-within-metric
UCI498,duration,auc,concentrated,split+rung,2,0.005138008204009358,raw-within-metric
UCI498,duration,auc,concentrated,quality_level+rung,2,0.03195842670680964,raw-within-metric
UCI498,duration,auc,concentrated,learner+split+quality_level,3,0.00026878965426767705,raw-within-metric
UCI498,duration,auc,concentrated,learner+split+rung,3,0.0016424392145816021,raw-within-metric
UCI498,duration,auc,concentrated,learner+quality_level+rung,3,0.0005764028426862606,raw-within-metric
UCI498,duration,auc,concentrated,split+quality_level+rung,3,0.00046466025521171156,raw-within-metric
UCI498,duration,auc,concentrated,learner+split+quality_level+rung,4,0.0002125103357996595,raw-within-metric
UCI498,duration,brier_skill,concentrated,learner,1,0.09737963734362136,raw-within-metric
UCI498,duration,brier_skill,concentrated,split,1,0.14330358472284185,raw-within-metric
UCI498,duration,brier_skill,concentrated,quality_level,1,0.13256418269411524,raw-within-metric
UCI498,duration,brier_skill,concentrated,rung,1,0.36947157781190926,raw-within-metric
UCI498,duration,brier_skill,concentrated,learner+split,2,0.036584120500324155,raw-within-metric
UCI498,duration,brier_skill,concentrated,learner+quality_level,2,0.014949101950725392,raw-within-metric
UCI498,duration,brier_skill,concentrated,learner+rung,2,0.034435138700998964,raw-within-metric
UCI498,duration,brier_skill,concentrated,split+quality_level,2,0.010393777372280269,raw-within-metric
UCI498,duration,brier_skill,concentrated,split+rung,2,0.11519339471086955,raw-within-metric
UCI498,duration,brier_skill,concentrated,quality_level+rung,2,0.007818569529335708,raw-within-metric
UCI498,duration,brier_skill,concentrated,learner+split+quality_level,3,0.00910463182714167,raw-within-metric
UCI498,duration,brier_skill,concentrated,learner+split+rung,3,0.018225317657267107,raw-within-metric
UCI498,duration,brier_skill,concentrated,learner+quality_level+rung,3,0.005251789425296675,raw-within-metric
UCI498,duration,brier_skill,concentrated,split+quality_level+rung,3,0.0015310196127161367,raw-within-metric
UCI498,duration,brier_skill,concentrated,learner+split+quality_level+rung,4,0.003794156140556613,raw-within-metric
UCI498,duration,logloss_skill,concentrated,learner,1,0.0702578622340514,raw-within-metric
UCI498,duration,logloss_skill,concentrated,split,1,0.1964118448607933,raw-within-metric
UCI498,duration,logloss_skill,concentrated,quality_level,1,0.12031846182898825,raw-within-metric
UCI498,duration,logloss_skill,concentrated,rung,1,0.3396803951756897,raw-within-metric
UCI498,duration,logloss_skill,concentrated,learner+split,2,0.05635000537565375,raw-within-metric
UCI498,duration,logloss_skill,concentrated,learner+quality_level,2,0.014537844450267179,raw-within-metric
UCI498,duration,logloss_skill,concentrated,learner+rung,2,0.048391472351763255,raw-within-metric
UCI498,duration,logloss_skill,concentrated,split+quality_level,2,0.008722739306172194,raw-within-metric
UCI498,duration,logloss_skill,concentrated,split+rung,2,0.09751022212482938,raw-within-metric
UCI498,duration,logloss_skill,concentrated,quality_level+rung,2,0.0098082724986328,raw-within-metric
UCI498,duration,logloss_skill,concentrated,learner+split+quality_level,3,0.007761579457245875,raw-within-metric
UCI498,duration,logloss_skill,concentrated,learner+split+rung,3,0.020614271508355108,raw-within-metric
UCI498,duration,logloss_skill,concentrated,learner+quality_level+rung,3,0.005376722468429331,raw-within-metric
UCI498,duration,logloss_skill,concentrated,split+quality_level+rung,3,0.0012349252493725135,raw-within-metric
UCI498,duration,logloss_skill,concentrated,learner+split+quality_level+rung,4,0.0030233811097559273,raw-within-metric
UCI498,duration,nagelkerke,concentrated,learner,1,0.06833835511381292,raw-within-metric
UCI498,duration,nagelkerke,concentrated,split,1,0.2305041746124404,raw-within-metric
UCI498,duration,nagelkerke,concentrated,quality_level,1,0.10819522393119169,raw-within-metric
UCI498,duration,nagelkerke,concentrated,rung,1,0.2916145174291306,raw-within-metric
UCI498,duration,nagelkerke,concentrated,learner+split,2,0.05693211175221241,raw-within-metric
UCI498,duration,nagelkerke,concentrated,learner+quality_level,2,0.012937779728291136,raw-within-metric
UCI498,duration,nagelkerke,concentrated,learner+rung,2,0.0420980243684539,raw-within-metric
UCI498,duration,nagelkerke,concentrated,split+quality_level,2,0.008105042544727652,raw-within-metric
UCI498,duration,nagelkerke,concentrated,split+rung,2,0.13724761633771257,raw-within-metric
UCI498,duration,nagelkerke,concentrated,quality_level+rung,2,0.009210607544122376,raw-within-metric
UCI498,duration,nagelkerke,concentrated,learner+split+quality_level,3,0.007392554735122277,raw-within-metric
UCI498,duration,nagelkerke,concentrated,learner+split+rung,3,0.017795581279314736,raw-within-metric
UCI498,duration,nagelkerke,concentrated,learner+quality_level+rung,3,0.0046478257202686515,raw-within-metric
UCI498,duration,nagelkerke,concentrated,split+quality_level+rung,3,0.001431421622694151,raw-within-metric
UCI498,duration,nagelkerke,concentrated,learner+split+quality_level+rung,4,0.003549163280504475,raw-within-metric
UCI498,handover,ap,concentrated,learner,1,0.008792439108045598,raw-within-metric
UCI498,handover,ap,concentrated,split,1,0.0023844235307825044,raw-within-metric
UCI498,handover,ap,concentrated,quality_level,1,0.002791370566590828,raw-within-metric
UCI498,handover,ap,concentrated,rung,1,0.8790714280797814,raw-within-metric
UCI498,handover,ap,concentrated,learner+split,2,0.002479351620119218,raw-within-metric
UCI498,handover,ap,concentrated,learner+quality_level,2,0.0006244469132567576,raw-within-metric
UCI498,handover,ap,concentrated,learner+rung,2,0.05387705133825559,raw-within-metric
UCI498,handover,ap,concentrated,split+quality_level,2,0.0004463234690435585,raw-within-metric
UCI498,handover,ap,concentrated,split+rung,2,0.031210565030076704,raw-within-metric
UCI498,handover,ap,concentrated,quality_level+rung,2,0.00794936857253965,raw-within-metric
UCI498,handover,ap,concentrated,learner+split+quality_level,3,0.0002058248441161444,raw-within-metric
UCI498,handover,ap,concentrated,learner+split+rung,3,0.0039483919237752445,raw-within-metric
UCI498,handover,ap,concentrated,learner+quality_level+rung,3,0.003862914123515087,raw-within-metric
UCI498,handover,ap,concentrated,split+quality_level+rung,3,0.0018565283361827959,raw-within-metric
UCI498,handover,ap,concentrated,learner+split+quality_level+rung,4,0.0004995725439187911,raw-within-metric
UCI498,handover,auc,concentrated,learner,1,0.008810738021737721,raw-within-metric
UCI498,handover,auc,concentrated,split,1,0.014696335243158559,raw-within-metric
UCI498,handover,auc,concentrated,quality_level,1,0.002803276877050635,raw-within-metric
UCI498,handover,auc,concentrated,rung,1,0.9100293459002022,raw-within-metric
UCI498,handover,auc,concentrated,learner+split,2,0.0027972336638838473,raw-within-metric
UCI498,handover,auc,concentrated,learner+quality_level,2,0.000541604525703623,raw-within-metric
UCI498,handover,auc,concentrated,learner+rung,2,0.014034310198996439,raw-within-metric
UCI498,handover,auc,concentrated,split+quality_level,2,0.0007472356008969003,raw-within-metric
UCI498,handover,auc,concentrated,split+rung,2,0.029148080212130018,raw-within-metric
UCI498,handover,auc,concentrated,quality_level+rung,2,0.0075468267554728045,raw-within-metric
UCI498,handover,auc,concentrated,learner+split+quality_level,3,0.0001823769282992564,raw-within-metric
UCI498,handover,auc,concentrated,learner+split+rung,3,0.0054956745792251035,raw-within-metric
UCI498,handover,auc,concentrated,learner+quality_level+rung,3,0.0008169089313724983,raw-within-metric
UCI498,handover,auc,concentrated,split+quality_level+rung,3,0.002035956575096511,raw-within-metric
UCI498,handover,auc,concentrated,learner+split+quality_level+rung,4,0.0003140959867738007,raw-within-metric
UCI498,handover,brier_skill,concentrated,learner,1,0.25980464065673525,raw-within-metric
UCI498,handover,brier_skill,concentrated,split,1,0.05855149718158549,raw-within-metric
UCI498,handover,brier_skill,concentrated,quality_level,1,0.06596626327376595,raw-within-metric
UCI498,handover,brier_skill,concentrated,rung,1,0.3917077587291871,raw-within-metric
UCI498,handover,brier_skill,concentrated,learner+split,2,0.008821203541889778,raw-within-metric
UCI498,handover,brier_skill,concentrated,learner+quality_level,2,0.012172208853925613,raw-within-metric
UCI498,handover,brier_skill,concentrated,learner+rung,2,0.08327752597347711,raw-within-metric
UCI498,handover,brier_skill,concentrated,split+quality_level,2,0.0014072483512280276,raw-within-metric
UCI498,handover,brier_skill,concentrated,split+rung,2,0.041809555195011484,raw-within-metric
UCI498,handover,brier_skill,concentrated,quality_level+rung,2,0.04590860029843531,raw-within-metric
UCI498,handover,brier_skill,concentrated,learner+split+quality_level,3,0.000811304838518072,raw-within-metric
UCI498,handover,brier_skill,concentrated,learner+split+rung,3,0.015797851899326858,raw-within-metric
UCI498,handover,brier_skill,concentrated,learner+quality_level+rung,3,0.010163091201488004,raw-within-metric
UCI498,handover,brier_skill,concentrated,split+quality_level+rung,3,0.0023811527548738497,raw-within-metric
UCI498,handover,brier_skill,concentrated,learner+split+quality_level+rung,4,0.0014200972505521163,raw-within-metric
UCI498,handover,logloss_skill,concentrated,learner,1,0.23524601142420193,raw-within-metric
UCI498,handover,logloss_skill,concentrated,split,1,0.07618669664051658,raw-within-metric
UCI498,handover,logloss_skill,concentrated,quality_level,1,0.07962282490652703,raw-within-metric
UCI498,handover,logloss_skill,concentrated,rung,1,0.3774415684419971,raw-within-metric
UCI498,handover,logloss_skill,concentrated,learner+split,2,0.018617926833190846,raw-within-metric
UCI498,handover,logloss_skill,concentrated,learner+quality_level,2,0.012021217899018267,raw-within-metric
UCI498,handover,logloss_skill,concentrated,learner+rung,2,0.07856277207495219,raw-within-metric
UCI498,handover,logloss_skill,concentrated,split+quality_level,2,0.0028176140038980546,raw-within-metric
UCI498,handover,logloss_skill,concentrated,split+rung,2,0.04986465730755397,raw-within-metric
UCI498,handover,logloss_skill,concentrated,quality_level+rung,2,0.042163296525667034,raw-within-metric
UCI498,handover,logloss_skill,concentrated,learner+split+quality_level,3,0.0016829935581452052,raw-within-metric
UCI498,handover,logloss_skill,concentrated,learner+split+rung,3,0.011646606893096339,raw-within-metric
UCI498,handover,logloss_skill,concentrated,learner+quality_level+rung,3,0.010480861265137632,raw-within-metric
UCI498,handover,logloss_skill,concentrated,split+quality_level+rung,3,0.0018498596420301913,raw-within-metric
UCI498,handover,logloss_skill,concentrated,learner+split+quality_level+rung,4,0.0017950925840676114,raw-within-metric
UCI498,handover,nagelkerke,concentrated,learner,1,0.1467973385962827,raw-within-metric
UCI498,handover,nagelkerke,concentrated,split,1,0.04194751863263888,raw-within-metric
UCI498,handover,nagelkerke,concentrated,quality_level,1,0.05373082444890761,raw-within-metric
UCI498,handover,nagelkerke,concentrated,rung,1,0.37664814437347266,raw-within-metric
UCI498,handover,nagelkerke,concentrated,learner+split,2,0.00955391963086011,raw-within-metric
UCI498,handover,nagelkerke,concentrated,learner+quality_level,2,0.008383085113167226,raw-within-metric
UCI498,handover,nagelkerke,concentrated,learner+rung,2,0.15658028395014398,raw-within-metric
UCI498,handover,nagelkerke,concentrated,split+quality_level,2,0.0014925421870345924,raw-within-metric
UCI498,handover,nagelkerke,concentrated,split+rung,2,0.08463290610830547,raw-within-metric
UCI498,handover,nagelkerke,concentrated,quality_level+rung,2,0.0826590989598311,raw-within-metric
UCI498,handover,nagelkerke,concentrated,learner+split+quality_level,3,0.0005917999354335252,raw-within-metric
UCI498,handover,nagelkerke,concentrated,learner+split+rung,3,0.016557179571352176,raw-within-metric
UCI498,handover,nagelkerke,concentrated,learner+quality_level+rung,3,0.015378683071832688,raw-within-metric
UCI498,handover,nagelkerke,concentrated,split+quality_level+rung,3,0.003017110956644729,raw-within-metric
UCI498,handover,nagelkerke,concentrated,learner+split+quality_level+rung,4,0.0020295644640924457,raw-within-metric
BPIC13_closed,handover,ALL_SCALAR,equal-level,learner,1,0.04759935466473859,headroom-metric-as-axis
BPIC13_closed,handover,ALL_SCALAR,equal-level,split,1,0.11068228317281281,headroom-metric-as-axis
BPIC13_closed,handover,ALL_SCALAR,equal-level,quality_level,1,0.014161978299756907,headroom-metric-as-axis
BPIC13_closed,handover,ALL_SCALAR,equal-level,rung,1,0.0389845921518363,headroom-metric-as-axis
BPIC13_closed,handover,ALL_SCALAR,equal-level,metric,1,0.1052428151530648,headroom-metric-as-axis
BPIC13_closed,handover,ALL_SCALAR,equal-level,learner+split,2,0.036288272510009455,headroom-metric-as-axis
BPIC13_closed,handover,ALL_SCALAR,equal-level,learner+quality_level,2,0.010993655534461185,headroom-metric-as-axis
BPIC13_closed,handover,ALL_SCALAR,equal-level,learner+rung,2,0.030285182522446025,headroom-metric-as-axis
BPIC13_closed,handover,ALL_SCALAR,equal-level,learner+metric,2,0.11262170598648526,headroom-metric-as-axis
BPIC13_closed,handover,ALL_SCALAR,equal-level,split+quality_level,2,0.035991335264138405,headroom-metric-as-axis
BPIC13_closed,handover,ALL_SCALAR,equal-level,split+rung,2,0.0078087821283255145,headroom-metric-as-axis
BPIC13_closed,handover,ALL_SCALAR,equal-level,split+metric,2,0.055546896131954605,headroom-metric-as-axis
BPIC13_closed,handover,ALL_SCALAR,equal-level,quality_level+rung,2,0.008145713562989125,headroom-metric-as-axis
BPIC13_closed,handover,ALL_SCALAR,equal-level,quality_level+metric,2,0.010207639181681494,headroom-metric-as-axis
BPIC13_closed,handover,ALL_SCALAR,equal-level,rung+metric,2,0.039455416731669746,headroom-metric-as-axis
BPIC13_closed,handover,ALL_SCALAR,equal-level,learner+split+quality_level,3,0.016611575726896075,headroom-metric-as-axis
BPIC13_closed,handover,ALL_SCALAR,equal-level,learner+split+rung,3,0.013650834419713546,headroom-metric-as-axis
BPIC13_closed,handover,ALL_SCALAR,equal-level,learner+split+metric,3,0.04796900643094961,headroom-metric-as-axis
BPIC13_closed,handover,ALL_SCALAR,equal-level,learner+quality_level+rung,3,0.007459599138517513,headroom-metric-as-axis
BPIC13_closed,handover,ALL_SCALAR,equal-level,learner+quality_level+metric,3,0.017943047820321297,headroom-metric-as-axis
BPIC13_closed,handover,ALL_SCALAR,equal-level,learner+rung+metric,3,0.0323660640070175,headroom-metric-as-axis
BPIC13_closed,handover,ALL_SCALAR,equal-level,split+quality_level+rung,3,0.01667483367358154,headroom-metric-as-axis
BPIC13_closed,handover,ALL_SCALAR,equal-level,split+quality_level+metric,3,0.019159476785227638,headroom-metric-as-axis
BPIC13_closed,handover,ALL_SCALAR,equal-level,split+rung+metric,3,0.04607505079008259,headroom-metric-as-axis
BPIC13_closed,handover,ALL_SCALAR,equal-level,quality_level+rung+metric,3,0.006739586385814744,headroom-metric-as-axis
BPIC13_closed,handover,ALL_SCALAR,equal-level,learner+split+quality_level+rung,4,0.01741493093069483,headroom-metric-as-axis
BPIC13_closed,handover,ALL_SCALAR,equal-level,learner+split+quality_level+metric,4,0.019006859461317686,headroom-metric-as-axis
BPIC13_closed,handover,ALL_SCALAR,equal-level,learner+split+rung+metric,4,0.03659168971917896,headroom-metric-as-axis
BPIC13_closed,handover,ALL_SCALAR,equal-level,learner+quality_level+rung+metric,4,0.00768190848852312,headroom-metric-as-axis
BPIC13_closed,handover,ALL_SCALAR,equal-level,split+quality_level+rung+metric,4,0.015448379491671407,headroom-metric-as-axis
BPIC13_closed,handover,ALL_SCALAR,equal-level,learner+split+quality_level+rung+metric,5,0.01519153373412169,headroom-metric-as-axis
BPIC13_incidents,duration,ALL_SCALAR,equal-level,learner,1,0.023054146281638915,headroom-metric-as-axis
BPIC13_incidents,duration,ALL_SCALAR,equal-level,split,1,0.1581073991838284,headroom-metric-as-axis
BPIC13_incidents,duration,ALL_SCALAR,equal-level,quality_level,1,0.011184784088504143,headroom-metric-as-axis
BPIC13_incidents,duration,ALL_SCALAR,equal-level,rung,1,0.003852946365900915,headroom-metric-as-axis
BPIC13_incidents,duration,ALL_SCALAR,equal-level,metric,1,0.07457208278168727,headroom-metric-as-axis
BPIC13_incidents,duration,ALL_SCALAR,equal-level,learner+split,2,0.03341079465269133,headroom-metric-as-axis
BPIC13_incidents,duration,ALL_SCALAR,equal-level,learner+quality_level,2,0.0021226192782080404,headroom-metric-as-axis
BPIC13_incidents,duration,ALL_SCALAR,equal-level,learner+rung,2,0.006689330507476187,headroom-metric-as-axis
BPIC13_incidents,duration,ALL_SCALAR,equal-level,learner+metric,2,0.028585085437606256,headroom-metric-as-axis
BPIC13_incidents,duration,ALL_SCALAR,equal-level,split+quality_level,2,0.01455732798491082,headroom-metric-as-axis
BPIC13_incidents,duration,ALL_SCALAR,equal-level,split+rung,2,0.06736068705103772,headroom-metric-as-axis
BPIC13_incidents,duration,ALL_SCALAR,equal-level,split+metric,2,0.19377262173422538,headroom-metric-as-axis
BPIC13_incidents,duration,ALL_SCALAR,equal-level,quality_level+rung,2,0.000215517380259619,headroom-metric-as-axis
BPIC13_incidents,duration,ALL_SCALAR,equal-level,quality_level+metric,2,0.009319902635792588,headroom-metric-as-axis
BPIC13_incidents,duration,ALL_SCALAR,equal-level,rung+metric,2,0.025706000600389564,headroom-metric-as-axis
BPIC13_incidents,duration,ALL_SCALAR,equal-level,learner+split+quality_level,3,0.015551030519697346,headroom-metric-as-axis
BPIC13_incidents,duration,ALL_SCALAR,equal-level,learner+split+rung,3,0.011665260683668952,headroom-metric-as-axis
BPIC13_incidents,duration,ALL_SCALAR,equal-level,learner+split+metric,3,0.0908835941434667,headroom-metric-as-axis
BPIC13_incidents,duration,ALL_SCALAR,equal-level,learner+quality_level+rung,3,0.00047971040297059694,headroom-metric-as-axis
BPIC13_incidents,duration,ALL_SCALAR,equal-level,learner+quality_level+metric,3,0.00836612822558277,headroom-metric-as-axis
BPIC13_incidents,duration,ALL_SCALAR,equal-level,learner+rung+metric,3,0.010583409330879544,headroom-metric-as-axis
BPIC13_incidents,duration,ALL_SCALAR,equal-level,split+quality_level+rung,3,0.0049752611349701764,headroom-metric-as-axis
BPIC13_incidents,duration,ALL_SCALAR,equal-level,split+quality_level+metric,3,0.04695366906782279,headroom-metric-as-axis
BPIC13_incidents,duration,ALL_SCALAR,equal-level,split+rung+metric,3,0.0674592268224661,headroom-metric-as-axis
BPIC13_incidents,duration,ALL_SCALAR,equal-level,quality_level+rung+metric,3,0.0020281360548026622,headroom-metric-as-axis
BPIC13_incidents,duration,ALL_SCALAR,equal-level,learner+split+quality_level+rung,4,0.0029987061992634637,headroom-metric-as-axis
BPIC13_incidents,duration,ALL_SCALAR,equal-level,learner+split+quality_level+metric,4,0.04228529113155684,headroom-metric-as-axis
BPIC13_incidents,duration,ALL_SCALAR,equal-level,learner+split+rung+metric,4,0.028638382199684134,headroom-metric-as-axis
BPIC13_incidents,duration,ALL_SCALAR,equal-level,learner+quality_level+rung+metric,4,0.0010506214200530742,headroom-metric-as-axis
BPIC13_incidents,duration,ALL_SCALAR,equal-level,split+quality_level+rung+metric,4,0.008099990841276255,headroom-metric-as-axis
BPIC13_incidents,duration,ALL_SCALAR,equal-level,learner+split+quality_level+rung+metric,5,0.00547033585768142,headroom-metric-as-axis
BPIC13_incidents,handover,ALL_SCALAR,equal-level,learner,1,0.01961372219955566,headroom-metric-as-axis
BPIC13_incidents,handover,ALL_SCALAR,equal-level,split,1,0.0944130856876403,headroom-metric-as-axis
BPIC13_incidents,handover,ALL_SCALAR,equal-level,quality_level,1,0.030705262243324413,headroom-metric-as-axis
BPIC13_incidents,handover,ALL_SCALAR,equal-level,rung,1,0.00731753645877245,headroom-metric-as-axis
BPIC13_incidents,handover,ALL_SCALAR,equal-level,metric,1,0.052980434950277315,headroom-metric-as-axis
BPIC13_incidents,handover,ALL_SCALAR,equal-level,learner+split,2,0.05692891565808108,headroom-metric-as-axis
BPIC13_incidents,handover,ALL_SCALAR,equal-level,learner+quality_level,2,0.0018619869209170155,headroom-metric-as-axis
BPIC13_incidents,handover,ALL_SCALAR,equal-level,learner+rung,2,0.004836630052081718,headroom-metric-as-axis
BPIC13_incidents,handover,ALL_SCALAR,equal-level,learner+metric,2,0.02091398577493994,headroom-metric-as-axis
BPIC13_incidents,handover,ALL_SCALAR,equal-level,split+quality_level,2,0.015723943567174492,headroom-metric-as-axis
BPIC13_incidents,handover,ALL_SCALAR,equal-level,split+rung,2,0.01435380015753527,headroom-metric-as-axis
BPIC13_incidents,handover,ALL_SCALAR,equal-level,split+metric,2,0.08743970057709885,headroom-metric-as-axis
BPIC13_incidents,handover,ALL_SCALAR,equal-level,quality_level+rung,2,0.009552196971480034,headroom-metric-as-axis
BPIC13_incidents,handover,ALL_SCALAR,equal-level,quality_level+metric,2,0.00860789790254413,headroom-metric-as-axis
BPIC13_incidents,handover,ALL_SCALAR,equal-level,rung+metric,2,0.0256729030049356,headroom-metric-as-axis
BPIC13_incidents,handover,ALL_SCALAR,equal-level,learner+split+quality_level,3,0.017982381839507792,headroom-metric-as-axis
BPIC13_incidents,handover,ALL_SCALAR,equal-level,learner+split+rung,3,0.00816419123352382,headroom-metric-as-axis
BPIC13_incidents,handover,ALL_SCALAR,equal-level,learner+split+metric,3,0.09002526736415477,headroom-metric-as-axis
BPIC13_incidents,handover,ALL_SCALAR,equal-level,learner+quality_level+rung,3,0.005195262703758438,headroom-metric-as-axis
BPIC13_incidents,handover,ALL_SCALAR,equal-level,learner+quality_level+metric,3,0.006866032637229775,headroom-metric-as-axis
BPIC13_incidents,handover,ALL_SCALAR,equal-level,learner+rung+metric,3,0.011066573915847255,headroom-metric-as-axis
BPIC13_incidents,handover,ALL_SCALAR,equal-level,split+quality_level+rung,3,0.027318418644637115,headroom-metric-as-axis
BPIC13_incidents,handover,ALL_SCALAR,equal-level,split+quality_level+metric,3,0.04501800889550406,headroom-metric-as-axis
BPIC13_incidents,handover,ALL_SCALAR,equal-level,split+rung+metric,3,0.03862035021953763,headroom-metric-as-axis
BPIC13_incidents,handover,ALL_SCALAR,equal-level,quality_level+rung+metric,3,0.015047162816911238,headroom-metric-as-axis
BPIC13_incidents,handover,ALL_SCALAR,equal-level,learner+split+quality_level+rung,4,0.02823975169447288,headroom-metric-as-axis
BPIC13_incidents,handover,ALL_SCALAR,equal-level,learner+split+quality_level+metric,4,0.0415623327464511,headroom-metric-as-axis
BPIC13_incidents,handover,ALL_SCALAR,equal-level,learner+split+rung+metric,4,0.03451849251217433,headroom-metric-as-axis
BPIC13_incidents,handover,ALL_SCALAR,equal-level,learner+quality_level+rung+metric,4,0.01546240666526491,headroom-metric-as-axis
BPIC13_incidents,handover,ALL_SCALAR,equal-level,split+quality_level+rung+metric,4,0.08204838454878635,headroom-metric-as-axis
BPIC13_incidents,handover,ALL_SCALAR,equal-level,learner+split+quality_level+rung+metric,5,0.08194297943588023,headroom-metric-as-axis
BPIC14,duration,ALL_SCALAR,equal-level,learner,1,0.09612606606139541,headroom-metric-as-axis
BPIC14,duration,ALL_SCALAR,equal-level,split,1,0.008495358483501388,headroom-metric-as-axis
BPIC14,duration,ALL_SCALAR,equal-level,quality_level,1,0.10350092147837821,headroom-metric-as-axis
BPIC14,duration,ALL_SCALAR,equal-level,rung,1,0.300752021004165,headroom-metric-as-axis
BPIC14,duration,ALL_SCALAR,equal-level,metric,1,0.24427549791915631,headroom-metric-as-axis
BPIC14,duration,ALL_SCALAR,equal-level,learner+split,2,0.0031285554274092793,headroom-metric-as-axis
BPIC14,duration,ALL_SCALAR,equal-level,learner+quality_level,2,0.014967869659966852,headroom-metric-as-axis
BPIC14,duration,ALL_SCALAR,equal-level,learner+rung,2,0.06361058084460024,headroom-metric-as-axis
BPIC14,duration,ALL_SCALAR,equal-level,learner+metric,2,0.005638188380238102,headroom-metric-as-axis
BPIC14,duration,ALL_SCALAR,equal-level,split+quality_level,2,0.0059355982824004574,headroom-metric-as-axis
BPIC14,duration,ALL_SCALAR,equal-level,split+rung,2,0.0023264470608734666,headroom-metric-as-axis
BPIC14,duration,ALL_SCALAR,equal-level,split+metric,2,0.0018027537389724943,headroom-metric-as-axis
BPIC14,duration,ALL_SCALAR,equal-level,quality_level+rung,2,0.02552858454363953,headroom-metric-as-axis
BPIC14,duration,ALL_SCALAR,equal-level,quality_level+metric,2,0.017292057184774653,headroom-metric-as-axis
BPIC14,duration,ALL_SCALAR,equal-level,rung+metric,2,0.06618695022265704,headroom-metric-as-axis
BPIC14,duration,ALL_SCALAR,equal-level,learner+split+quality_level,3,0.00612198676979713,headroom-metric-as-axis
BPIC14,duration,ALL_SCALAR,equal-level,learner+split+rung,3,0.0005132033582636253,headroom-metric-as-axis
BPIC14,duration,ALL_SCALAR,equal-level,learner+split+metric,3,0.002425951998288709,headroom-metric-as-axis
BPIC14,duration,ALL_SCALAR,equal-level,learner+quality_level+rung,3,0.007448500095905791,headroom-metric-as-axis
BPIC14,duration,ALL_SCALAR,equal-level,learner+quality_level+metric,3,0.0065162252822219425,headroom-metric-as-axis
BPIC14,duration,ALL_SCALAR,equal-level,learner+rung+metric,3,0.005375020003510783,headroom-metric-as-axis
BPIC14,duration,ALL_SCALAR,equal-level,split+quality_level+rung,3,0.0007375559593651407,headroom-metric-as-axis
BPIC14,duration,ALL_SCALAR,equal-level,split+quality_level+metric,3,0.0015948491445319205,headroom-metric-as-axis
BPIC14,duration,ALL_SCALAR,equal-level,split+rung+metric,3,0.0008636554894850158,headroom-metric-as-axis
BPIC14,duration,ALL_SCALAR,equal-level,quality_level+rung+metric,3,0.004354179152210902,headroom-metric-as-axis
BPIC14,duration,ALL_SCALAR,equal-level,learner+split+quality_level+rung,4,0.0006550783093368767,headroom-metric-as-axis
BPIC14,duration,ALL_SCALAR,equal-level,learner+split+quality_level+metric,4,0.0013412827876654568,headroom-metric-as-axis
BPIC14,duration,ALL_SCALAR,equal-level,learner+split+rung+metric,4,0.00041903105787106536,headroom-metric-as-axis
BPIC14,duration,ALL_SCALAR,equal-level,learner+quality_level+rung+metric,4,0.0013044639573310827,headroom-metric-as-axis
BPIC14,duration,ALL_SCALAR,equal-level,split+quality_level+rung+metric,4,0.00032033085391810833,headroom-metric-as-axis
BPIC14,duration,ALL_SCALAR,equal-level,learner+split+quality_level+rung+metric,5,0.000441235488168104,headroom-metric-as-axis
BPIC14,handover,ALL_SCALAR,equal-level,learner,1,0.31858122851047704,headroom-metric-as-axis
BPIC14,handover,ALL_SCALAR,equal-level,split,1,0.006998572749310042,headroom-metric-as-axis
BPIC14,handover,ALL_SCALAR,equal-level,quality_level,1,0.06493442028464881,headroom-metric-as-axis
BPIC14,handover,ALL_SCALAR,equal-level,rung,1,0.15440128777031198,headroom-metric-as-axis
BPIC14,handover,ALL_SCALAR,equal-level,metric,1,0.13939651076894116,headroom-metric-as-axis
BPIC14,handover,ALL_SCALAR,equal-level,learner+split,2,0.0014655477153406819,headroom-metric-as-axis
BPIC14,handover,ALL_SCALAR,equal-level,learner+quality_level,2,0.02979978385303834,headroom-metric-as-axis
BPIC14,handover,ALL_SCALAR,equal-level,learner+rung,2,0.07048204793713343,headroom-metric-as-axis
BPIC14,handover,ALL_SCALAR,equal-level,learner+metric,2,0.11695194930526158,headroom-metric-as-axis
BPIC14,handover,ALL_SCALAR,equal-level,split+quality_level,2,0.0023617608054917437,headroom-metric-as-axis
BPIC14,handover,ALL_SCALAR,equal-level,split+rung,2,0.0013435679888043374,headroom-metric-as-axis
BPIC14,handover,ALL_SCALAR,equal-level,split+metric,2,0.0022488656950023387,headroom-metric-as-axis
BPIC14,handover,ALL_SCALAR,equal-level,quality_level+rung,2,0.016435756045794423,headroom-metric-as-axis
BPIC14,handover,ALL_SCALAR,equal-level,quality_level+metric,2,0.005729500318517565,headroom-metric-as-axis
BPIC14,handover,ALL_SCALAR,equal-level,rung+metric,2,0.01960346663050392,headroom-metric-as-axis
BPIC14,handover,ALL_SCALAR,equal-level,learner+split+quality_level,3,0.0014621191798681761,headroom-metric-as-axis
BPIC14,handover,ALL_SCALAR,equal-level,learner+split+rung,3,0.0014686036276841926,headroom-metric-as-axis
BPIC14,handover,ALL_SCALAR,equal-level,learner+split+metric,3,0.0024100349027412734,headroom-metric-as-axis
BPIC14,handover,ALL_SCALAR,equal-level,learner+quality_level+rung,3,0.007739261634787344,headroom-metric-as-axis
BPIC14,handover,ALL_SCALAR,equal-level,learner+quality_level+metric,3,0.004815265283977069,headroom-metric-as-axis
BPIC14,handover,ALL_SCALAR,equal-level,learner+rung+metric,3,0.018040819662311733,headroom-metric-as-axis
BPIC14,handover,ALL_SCALAR,equal-level,split+quality_level+rung,3,0.0009016172964917026,headroom-metric-as-axis
BPIC14,handover,ALL_SCALAR,equal-level,split+quality_level+metric,3,0.0011380510446021546,headroom-metric-as-axis
BPIC14,handover,ALL_SCALAR,equal-level,split+rung+metric,3,0.0011462512060563923,headroom-metric-as-axis
BPIC14,handover,ALL_SCALAR,equal-level,quality_level+rung+metric,3,0.0016729131180890856,headroom-metric-as-axis
BPIC14,handover,ALL_SCALAR,equal-level,learner+split+quality_level+rung,4,0.001087403638824461,headroom-metric-as-axis
BPIC14,handover,ALL_SCALAR,equal-level,learner+split+quality_level+metric,4,0.0014554033840447184,headroom-metric-as-axis
BPIC14,handover,ALL_SCALAR,equal-level,learner+split+rung+metric,4,0.002088051244309,headroom-metric-as-axis
BPIC14,handover,ALL_SCALAR,equal-level,learner+quality_level+rung+metric,4,0.0020933326100874335,headroom-metric-as-axis
BPIC14,handover,ALL_SCALAR,equal-level,split+quality_level+rung+metric,4,0.0006043145403116301,headroom-metric-as-axis
BPIC14,handover,ALL_SCALAR,equal-level,learner+split+quality_level+rung+metric,5,0.0011422912472362002,headroom-metric-as-axis
BPIC15_1,duration,ALL_SCALAR,equal-level,learner,1,0.025138837222834776,headroom-metric-as-axis
BPIC15_1,duration,ALL_SCALAR,equal-level,split,1,0.1407178195791328,headroom-metric-as-axis
BPIC15_1,duration,ALL_SCALAR,equal-level,quality_level,1,0.005316952755673467,headroom-metric-as-axis
BPIC15_1,duration,ALL_SCALAR,equal-level,rung,1,0.033809333981308386,headroom-metric-as-axis
BPIC15_1,duration,ALL_SCALAR,equal-level,metric,1,0.10112951505469409,headroom-metric-as-axis
BPIC15_1,duration,ALL_SCALAR,equal-level,learner+split,2,0.04216083470108008,headroom-metric-as-axis
BPIC15_1,duration,ALL_SCALAR,equal-level,learner+quality_level,2,0.008093272733541896,headroom-metric-as-axis
BPIC15_1,duration,ALL_SCALAR,equal-level,learner+rung,2,0.03281240775804212,headroom-metric-as-axis
BPIC15_1,duration,ALL_SCALAR,equal-level,learner+metric,2,0.01366361818593667,headroom-metric-as-axis
BPIC15_1,duration,ALL_SCALAR,equal-level,split+quality_level,2,0.03918063449211053,headroom-metric-as-axis
BPIC15_1,duration,ALL_SCALAR,equal-level,split+rung,2,0.09979220350005116,headroom-metric-as-axis
BPIC15_1,duration,ALL_SCALAR,equal-level,split+metric,2,0.055866615443191464,headroom-metric-as-axis
BPIC15_1,duration,ALL_SCALAR,equal-level,quality_level+rung,2,0.0027240295216132177,headroom-metric-as-axis
BPIC15_1,duration,ALL_SCALAR,equal-level,quality_level+metric,2,0.028142580926187336,headroom-metric-as-axis
BPIC15_1,duration,ALL_SCALAR,equal-level,rung+metric,2,0.00519326095157125,headroom-metric-as-axis
BPIC15_1,duration,ALL_SCALAR,equal-level,learner+split+quality_level,3,0.04694607223810189,headroom-metric-as-axis
BPIC15_1,duration,ALL_SCALAR,equal-level,learner+split+rung,3,0.02132411995861508,headroom-metric-as-axis
BPIC15_1,duration,ALL_SCALAR,equal-level,learner+split+metric,3,0.04471718021272074,headroom-metric-as-axis
BPIC15_1,duration,ALL_SCALAR,equal-level,learner+quality_level+rung,3,0.01880357834098615,headroom-metric-as-axis
BPIC15_1,duration,ALL_SCALAR,equal-level,learner+quality_level+metric,3,0.009881029567420329,headroom-metric-as-axis
BPIC15_1,duration,ALL_SCALAR,equal-level,learner+rung+metric,3,0.014664016332064763,headroom-metric-as-axis
BPIC15_1,duration,ALL_SCALAR,equal-level,split+quality_level+rung,3,0.047560705140386794,headroom-metric-as-axis
BPIC15_1,duration,ALL_SCALAR,equal-level,split+quality_level+metric,3,0.023023555992112546,headroom-metric-as-axis
BPIC15_1,duration,ALL_SCALAR,equal-level,split+rung+metric,3,0.019903172890512476,headroom-metric-as-axis
BPIC15_1,duration,ALL_SCALAR,equal-level,quality_level+rung+metric,3,0.0017655665710274652,headroom-metric-as-axis
BPIC15_1,duration,ALL_SCALAR,equal-level,learner+split+quality_level+rung,4,0.015630126639867018,headroom-metric-as-axis
BPIC15_1,duration,ALL_SCALAR,equal-level,learner+split+quality_level+metric,4,0.023795483726388185,headroom-metric-as-axis
BPIC15_1,duration,ALL_SCALAR,equal-level,learner+split+rung+metric,4,0.04238897876478314,headroom-metric-as-axis
BPIC15_1,duration,ALL_SCALAR,equal-level,learner+quality_level+rung+metric,4,0.002309055268915616,headroom-metric-as-axis
BPIC15_1,duration,ALL_SCALAR,equal-level,split+quality_level+rung+metric,4,0.016307525487184338,headroom-metric-as-axis
BPIC15_1,duration,ALL_SCALAR,equal-level,learner+split+quality_level+rung+metric,5,0.01723791606194425,headroom-metric-as-axis
BPIC15_1,handover,ALL_SCALAR,equal-level,learner,1,0.0030294109051876563,headroom-metric-as-axis
BPIC15_1,handover,ALL_SCALAR,equal-level,split,1,0.060369810054013366,headroom-metric-as-axis
BPIC15_1,handover,ALL_SCALAR,equal-level,quality_level,1,0.027439258899489356,headroom-metric-as-axis
BPIC15_1,handover,ALL_SCALAR,equal-level,rung,1,0.004299837441325933,headroom-metric-as-axis
BPIC15_1,handover,ALL_SCALAR,equal-level,metric,1,0.036162454038813636,headroom-metric-as-axis
BPIC15_1,handover,ALL_SCALAR,equal-level,learner+split,2,0.02342259284822789,headroom-metric-as-axis
BPIC15_1,handover,ALL_SCALAR,equal-level,learner+quality_level,2,0.00804178465906213,headroom-metric-as-axis
BPIC15_1,handover,ALL_SCALAR,equal-level,learner+rung,2,0.040360977010092156,headroom-metric-as-axis
BPIC15_1,handover,ALL_SCALAR,equal-level,learner+metric,2,0.008226496577737556,headroom-metric-as-axis
BPIC15_1,handover,ALL_SCALAR,equal-level,split+quality_level,2,0.02214505628057403,headroom-metric-as-axis
BPIC15_1,handover,ALL_SCALAR,equal-level,split+rung,2,0.11347189337838393,headroom-metric-as-axis
BPIC15_1,handover,ALL_SCALAR,equal-level,split+metric,2,0.0509915226496055,headroom-metric-as-axis
BPIC15_1,handover,ALL_SCALAR,equal-level,quality_level+rung,2,0.007126147327742722,headroom-metric-as-axis
BPIC15_1,handover,ALL_SCALAR,equal-level,quality_level+metric,2,0.0027762564151206184,headroom-metric-as-axis
BPIC15_1,handover,ALL_SCALAR,equal-level,rung+metric,2,0.0694539167249442,headroom-metric-as-axis
BPIC15_1,handover,ALL_SCALAR,equal-level,learner+split+quality_level,3,0.014298442501895235,headroom-metric-as-axis
BPIC15_1,handover,ALL_SCALAR,equal-level,learner+split+rung,3,0.052979307952399655,headroom-metric-as-axis
BPIC15_1,handover,ALL_SCALAR,equal-level,learner+split+metric,3,0.05214729993983308,headroom-metric-as-axis
BPIC15_1,handover,ALL_SCALAR,equal-level,learner+quality_level+rung,3,0.011825198163060106,headroom-metric-as-axis
BPIC15_1,handover,ALL_SCALAR,equal-level,learner+quality_level+metric,3,0.0018877200019721538,headroom-metric-as-axis
BPIC15_1,handover,ALL_SCALAR,equal-level,learner+rung+metric,3,0.026817299446626176,headroom-metric-as-axis
BPIC15_1,handover,ALL_SCALAR,equal-level,split+quality_level+rung,3,0.024331503847885325,headroom-metric-as-axis
BPIC15_1,handover,ALL_SCALAR,equal-level,split+quality_level+metric,3,0.011035831076565248,headroom-metric-as-axis
BPIC15_1,handover,ALL_SCALAR,equal-level,split+rung+metric,3,0.12192443810748768,headroom-metric-as-axis
BPIC15_1,handover,ALL_SCALAR,equal-level,quality_level+rung+metric,3,0.006327959476851779,headroom-metric-as-axis
BPIC15_1,handover,ALL_SCALAR,equal-level,learner+split+quality_level+rung,4,0.017550213343686304,headroom-metric-as-axis
BPIC15_1,handover,ALL_SCALAR,equal-level,learner+split+quality_level+metric,4,0.008726945481958404,headroom-metric-as-axis
BPIC15_1,handover,ALL_SCALAR,equal-level,learner+split+rung+metric,4,0.12052835912740799,headroom-metric-as-axis
BPIC15_1,handover,ALL_SCALAR,equal-level,learner+quality_level+rung+metric,4,0.0056185450832421146,headroom-metric-as-axis
BPIC15_1,handover,ALL_SCALAR,equal-level,split+quality_level+rung+metric,4,0.024669428490319608,headroom-metric-as-axis
BPIC15_1,handover,ALL_SCALAR,equal-level,learner+split+quality_level+rung+metric,5,0.022014092748488503,headroom-metric-as-axis
BPIC15_3,duration,ALL_SCALAR,equal-level,learner,1,0.02570409791187543,headroom-metric-as-axis
BPIC15_3,duration,ALL_SCALAR,equal-level,split,1,0.18416552089861543,headroom-metric-as-axis
BPIC15_3,duration,ALL_SCALAR,equal-level,quality_level,1,0.0677092951146137,headroom-metric-as-axis
BPIC15_3,duration,ALL_SCALAR,equal-level,rung,1,0.001830810218716246,headroom-metric-as-axis
BPIC15_3,duration,ALL_SCALAR,equal-level,metric,1,0.07978919837851617,headroom-metric-as-axis
BPIC15_3,duration,ALL_SCALAR,equal-level,learner+split,2,0.053094030680585505,headroom-metric-as-axis
BPIC15_3,duration,ALL_SCALAR,equal-level,learner+quality_level,2,0.0022198144249447774,headroom-metric-as-axis
BPIC15_3,duration,ALL_SCALAR,equal-level,learner+rung,2,0.062369668522009064,headroom-metric-as-axis
BPIC15_3,duration,ALL_SCALAR,equal-level,learner+metric,2,0.017977169744144407,headroom-metric-as-axis
BPIC15_3,duration,ALL_SCALAR,equal-level,split+quality_level,2,0.06514574322411822,headroom-metric-as-axis
BPIC15_3,duration,ALL_SCALAR,equal-level,split+rung,2,0.0786392126213466,headroom-metric-as-axis
BPIC15_3,duration,ALL_SCALAR,equal-level,split+metric,2,0.02678598361006546,headroom-metric-as-axis
BPIC15_3,duration,ALL_SCALAR,equal-level,quality_level+rung,2,0.006530745641481179,headroom-metric-as-axis
BPIC15_3,duration,ALL_SCALAR,equal-level,quality_level+metric,2,0.0124873556308495,headroom-metric-as-axis
BPIC15_3,duration,ALL_SCALAR,equal-level,rung+metric,2,0.034163321264196356,headroom-metric-as-axis
BPIC15_3,duration,ALL_SCALAR,equal-level,learner+split+quality_level,3,0.03363253052304841,headroom-metric-as-axis
BPIC15_3,duration,ALL_SCALAR,equal-level,learner+split+rung,3,0.08734029982714489,headroom-metric-as-axis
BPIC15_3,duration,ALL_SCALAR,equal-level,learner+split+metric,3,0.019540847814238056,headroom-metric-as-axis
BPIC15_3,duration,ALL_SCALAR,equal-level,learner+quality_level+rung,3,0.005069775619024173,headroom-metric-as-axis
BPIC15_3,duration,ALL_SCALAR,equal-level,learner+quality_level+metric,3,0.004353922293987882,headroom-metric-as-axis
BPIC15_3,duration,ALL_SCALAR,equal-level,learner+rung+metric,3,0.005396547456352311,headroom-metric-as-axis
BPIC15_3,duration,ALL_SCALAR,equal-level,split+quality_level+rung,3,0.02576759121090637,headroom-metric-as-axis
BPIC15_3,duration,ALL_SCALAR,equal-level,split+quality_level+metric,3,0.015575727150824038,headroom-metric-as-axis
BPIC15_3,duration,ALL_SCALAR,equal-level,split+rung+metric,3,0.01265846058539979,headroom-metric-as-axis
BPIC15_3,duration,ALL_SCALAR,equal-level,quality_level+rung+metric,3,0.004802747016035546,headroom-metric-as-axis
BPIC15_3,duration,ALL_SCALAR,equal-level,learner+split+quality_level+rung,4,0.02164039384251959,headroom-metric-as-axis
BPIC15_3,duration,ALL_SCALAR,equal-level,learner+split+quality_level+metric,4,0.012660813504626327,headroom-metric-as-axis
BPIC15_3,duration,ALL_SCALAR,equal-level,learner+split+rung+metric,4,0.0127147060169519,headroom-metric-as-axis
BPIC15_3,duration,ALL_SCALAR,equal-level,learner+quality_level+rung+metric,4,0.0023234711114241335,headroom-metric-as-axis
BPIC15_3,duration,ALL_SCALAR,equal-level,split+quality_level+rung+metric,4,0.009156694953824443,headroom-metric-as-axis
BPIC15_3,duration,ALL_SCALAR,equal-level,learner+split+quality_level+rung+metric,5,0.008753503187614078,headroom-metric-as-axis
BPIC15_3,handover,ALL_SCALAR,equal-level,learner,1,0.005087341781154575,headroom-metric-as-axis
BPIC15_3,handover,ALL_SCALAR,equal-level,split,1,0.12469467442983469,headroom-metric-as-axis
BPIC15_3,handover,ALL_SCALAR,equal-level,quality_level,1,0.0012200532284322866,headroom-metric-as-axis
BPIC15_3,handover,ALL_SCALAR,equal-level,rung,1,0.018919543575710872,headroom-metric-as-axis
BPIC15_3,handover,ALL_SCALAR,equal-level,metric,1,0.0644293000449609,headroom-metric-as-axis
BPIC15_3,handover,ALL_SCALAR,equal-level,learner+split,2,0.05102886102247234,headroom-metric-as-axis
BPIC15_3,handover,ALL_SCALAR,equal-level,learner+quality_level,2,0.005335467041156947,headroom-metric-as-axis
BPIC15_3,handover,ALL_SCALAR,equal-level,learner+rung,2,0.03482718465688408,headroom-metric-as-axis
BPIC15_3,handover,ALL_SCALAR,equal-level,learner+metric,2,0.008950224328782078,headroom-metric-as-axis
BPIC15_3,handover,ALL_SCALAR,equal-level,split+quality_level,2,0.04582955396845397,headroom-metric-as-axis
BPIC15_3,handover,ALL_SCALAR,equal-level,split+rung,2,0.05378191083572231,headroom-metric-as-axis
BPIC15_3,handover,ALL_SCALAR,equal-level,split+metric,2,0.04044228311580652,headroom-metric-as-axis
BPIC15_3,handover,ALL_SCALAR,equal-level,quality_level+rung,2,0.008229547517552638,headroom-metric-as-axis
BPIC15_3,handover,ALL_SCALAR,equal-level,quality_level+metric,2,0.005509638215761418,headroom-metric-as-axis
BPIC15_3,handover,ALL_SCALAR,equal-level,rung+metric,2,0.07255231858684297,headroom-metric-as-axis
BPIC15_3,handover,ALL_SCALAR,equal-level,learner+split+quality_level,3,0.02164290490910752,headroom-metric-as-axis
BPIC15_3,handover,ALL_SCALAR,equal-level,learner+split+rung,3,0.07862530563462915,headroom-metric-as-axis
BPIC15_3,handover,ALL_SCALAR,equal-level,learner+split+metric,3,0.029741758701833994,headroom-metric-as-axis
BPIC15_3,handover,ALL_SCALAR,equal-level,learner+quality_level+rung,3,0.006357196022701551,headroom-metric-as-axis
BPIC15_3,handover,ALL_SCALAR,equal-level,learner+quality_level+metric,3,0.0028979923006768995,headroom-metric-as-axis
BPIC15_3,handover,ALL_SCALAR,equal-level,learner+rung+metric,3,0.05052862556156911,headroom-metric-as-axis
BPIC15_3,handover,ALL_SCALAR,equal-level,split+quality_level+rung,3,0.023928101752428012,headroom-metric-as-axis
BPIC15_3,handover,ALL_SCALAR,equal-level,split+quality_level+metric,3,0.017987063593313146,headroom-metric-as-axis
BPIC15_3,handover,ALL_SCALAR,equal-level,split+rung+metric,3,0.052325251089382914,headroom-metric-as-axis
BPIC15_3,handover,ALL_SCALAR,equal-level,quality_level+rung+metric,3,0.009408616136205429,headroom-metric-as-axis
BPIC15_3,handover,ALL_SCALAR,equal-level,learner+split+quality_level+rung,4,0.022657595856629152,headroom-metric-as-axis
BPIC15_3,handover,ALL_SCALAR,equal-level,learner+split+quality_level+metric,4,0.022665725913144814,headroom-metric-as-axis
BPIC15_3,handover,ALL_SCALAR,equal-level,learner+split+rung+metric,4,0.04359759535295334,headroom-metric-as-axis
BPIC15_3,handover,ALL_SCALAR,equal-level,learner+quality_level+rung+metric,4,0.008959607792387827,headroom-metric-as-axis
BPIC15_3,handover,ALL_SCALAR,equal-level,split+quality_level+rung+metric,4,0.03677956057767,headroom-metric-as-axis
BPIC15_3,handover,ALL_SCALAR,equal-level,learner+split+quality_level+rung+metric,5,0.031059196455838538,headroom-metric-as-axis
BPIC15_4,duration,ALL_SCALAR,equal-level,learner,1,0.028765220842839702,headroom-metric-as-axis
BPIC15_4,duration,ALL_SCALAR,equal-level,split,1,0.15602937753910567,headroom-metric-as-axis
BPIC15_4,duration,ALL_SCALAR,equal-level,quality_level,1,0.006723238233714222,headroom-metric-as-axis
BPIC15_4,duration,ALL_SCALAR,equal-level,rung,1,0.01157591287650101,headroom-metric-as-axis
BPIC15_4,duration,ALL_SCALAR,equal-level,metric,1,0.021385391002847625,headroom-metric-as-axis
BPIC15_4,duration,ALL_SCALAR,equal-level,learner+split,2,0.09600002352175219,headroom-metric-as-axis
BPIC15_4,duration,ALL_SCALAR,equal-level,learner+quality_level,2,0.014622631737401614,headroom-metric-as-axis
BPIC15_4,duration,ALL_SCALAR,equal-level,learner+rung,2,0.007848172422383221,headroom-metric-as-axis
BPIC15_4,duration,ALL_SCALAR,equal-level,learner+metric,2,0.018830243817772194,headroom-metric-as-axis
BPIC15_4,duration,ALL_SCALAR,equal-level,split+quality_level,2,0.057855407625385394,headroom-metric-as-axis
BPIC15_4,duration,ALL_SCALAR,equal-level,split+rung,2,0.1010968872077382,headroom-metric-as-axis
BPIC15_4,duration,ALL_SCALAR,equal-level,split+metric,2,0.05146896934007571,headroom-metric-as-axis
BPIC15_4,duration,ALL_SCALAR,equal-level,quality_level+rung,2,0.004211612300476331,headroom-metric-as-axis
BPIC15_4,duration,ALL_SCALAR,equal-level,quality_level+metric,2,0.008324370903158929,headroom-metric-as-axis
BPIC15_4,duration,ALL_SCALAR,equal-level,rung+metric,2,0.012426589267582486,headroom-metric-as-axis
BPIC15_4,duration,ALL_SCALAR,equal-level,learner+split+quality_level,3,0.05604169790892078,headroom-metric-as-axis
BPIC15_4,duration,ALL_SCALAR,equal-level,learner+split+rung,3,0.05611531084786179,headroom-metric-as-axis
BPIC15_4,duration,ALL_SCALAR,equal-level,learner+split+metric,3,0.04996052331943923,headroom-metric-as-axis
BPIC15_4,duration,ALL_SCALAR,equal-level,learner+quality_level+rung,3,0.0026586786910044635,headroom-metric-as-axis
BPIC15_4,duration,ALL_SCALAR,equal-level,learner+quality_level+metric,3,0.011575195886794927,headroom-metric-as-axis
BPIC15_4,duration,ALL_SCALAR,equal-level,learner+rung+metric,3,0.00793546243383996,headroom-metric-as-axis
BPIC15_4,duration,ALL_SCALAR,equal-level,split+quality_level+rung,3,0.015692860500107566,headroom-metric-as-axis
BPIC15_4,duration,ALL_SCALAR,equal-level,split+quality_level+metric,3,0.03637624212771583,headroom-metric-as-axis
BPIC15_4,duration,ALL_SCALAR,equal-level,split+rung+metric,3,0.057635576031715825,headroom-metric-as-axis
BPIC15_4,duration,ALL_SCALAR,equal-level,quality_level+rung+metric,3,0.0025561299594382427,headroom-metric-as-axis
BPIC15_4,duration,ALL_SCALAR,equal-level,learner+split+quality_level+rung,4,0.013097438468402018,headroom-metric-as-axis
BPIC15_4,duration,ALL_SCALAR,equal-level,learner+split+quality_level+metric,4,0.04266985427580179,headroom-metric-as-axis
BPIC15_4,duration,ALL_SCALAR,equal-level,learner+split+rung+metric,4,0.0164994402462491,headroom-metric-as-axis
BPIC15_4,duration,ALL_SCALAR,equal-level,learner+quality_level+rung+metric,4,0.004154472127670652,headroom-metric-as-axis
BPIC15_4,duration,ALL_SCALAR,equal-level,split+quality_level+rung+metric,4,0.012835389361482267,headroom-metric-as-axis
BPIC15_4,duration,ALL_SCALAR,equal-level,learner+split+quality_level+rung+metric,5,0.01703167917482105,headroom-metric-as-axis
BPIC15_4,handover,ALL_SCALAR,equal-level,learner,1,0.06438134518383444,headroom-metric-as-axis
BPIC15_4,handover,ALL_SCALAR,equal-level,split,1,0.016844495415575016,headroom-metric-as-axis
BPIC15_4,handover,ALL_SCALAR,equal-level,quality_level,1,0.03833643671609666,headroom-metric-as-axis
BPIC15_4,handover,ALL_SCALAR,equal-level,rung,1,0.00036481872778863116,headroom-metric-as-axis
BPIC15_4,handover,ALL_SCALAR,equal-level,metric,1,0.023878842282743267,headroom-metric-as-axis
BPIC15_4,handover,ALL_SCALAR,equal-level,learner+split,2,0.04423962641864656,headroom-metric-as-axis
BPIC15_4,handover,ALL_SCALAR,equal-level,learner+quality_level,2,0.020981650702161753,headroom-metric-as-axis
BPIC15_4,handover,ALL_SCALAR,equal-level,learner+rung,2,0.0018053555627988802,headroom-metric-as-axis
BPIC15_4,handover,ALL_SCALAR,equal-level,learner+metric,2,0.01975754938116973,headroom-metric-as-axis
BPIC15_4,handover,ALL_SCALAR,equal-level,split+quality_level,2,0.07468639789351436,headroom-metric-as-axis
BPIC15_4,handover,ALL_SCALAR,equal-level,split+rung,2,0.06041289958422417,headroom-metric-as-axis
BPIC15_4,handover,ALL_SCALAR,equal-level,split+metric,2,0.032007856321282675,headroom-metric-as-axis
BPIC15_4,handover,ALL_SCALAR,equal-level,quality_level+rung,2,0.006740025288348642,headroom-metric-as-axis
BPIC15_4,handover,ALL_SCALAR,equal-level,quality_level+metric,2,0.009113618034779242,headroom-metric-as-axis
BPIC15_4,handover,ALL_SCALAR,equal-level,rung+metric,2,0.04297333672172139,headroom-metric-as-axis
BPIC15_4,handover,ALL_SCALAR,equal-level,learner+split+quality_level,3,0.046905530364438876,headroom-metric-as-axis
BPIC15_4,handover,ALL_SCALAR,equal-level,learner+split+rung,3,0.05760728980800118,headroom-metric-as-axis
BPIC15_4,handover,ALL_SCALAR,equal-level,learner+split+metric,3,0.01874454099852377,headroom-metric-as-axis
BPIC15_4,handover,ALL_SCALAR,equal-level,learner+quality_level+rung,3,0.008968160469039728,headroom-metric-as-axis
BPIC15_4,handover,ALL_SCALAR,equal-level,learner+quality_level+metric,3,0.007082365609248215,headroom-metric-as-axis
BPIC15_4,handover,ALL_SCALAR,equal-level,learner+rung+metric,3,0.049159366081711384,headroom-metric-as-axis
BPIC15_4,handover,ALL_SCALAR,equal-level,split+quality_level+rung,3,0.03190295066745521,headroom-metric-as-axis
BPIC15_4,handover,ALL_SCALAR,equal-level,split+quality_level+metric,3,0.033001124686042826,headroom-metric-as-axis
BPIC15_4,handover,ALL_SCALAR,equal-level,split+rung+metric,3,0.07148778915182964,headroom-metric-as-axis
BPIC15_4,handover,ALL_SCALAR,equal-level,quality_level+rung+metric,3,0.007217438555898961,headroom-metric-as-axis
BPIC15_4,handover,ALL_SCALAR,equal-level,learner+split+quality_level+rung,4,0.03302943780903169,headroom-metric-as-axis
BPIC15_4,handover,ALL_SCALAR,equal-level,learner+split+quality_level+metric,4,0.03075381769050593,headroom-metric-as-axis
BPIC15_4,handover,ALL_SCALAR,equal-level,learner+split+rung+metric,4,0.08928461167813939,headroom-metric-as-axis
BPIC15_4,handover,ALL_SCALAR,equal-level,learner+quality_level+rung+metric,4,0.006499310625323357,headroom-metric-as-axis
BPIC15_4,handover,ALL_SCALAR,equal-level,split+quality_level+rung+metric,4,0.026573491769385612,headroom-metric-as-axis
BPIC15_4,handover,ALL_SCALAR,equal-level,learner+split+quality_level+rung+metric,5,0.025258519800738895,headroom-metric-as-axis
BPIC15_5,duration,ALL_SCALAR,equal-level,learner,1,0.09770260686118244,headroom-metric-as-axis
BPIC15_5,duration,ALL_SCALAR,equal-level,split,1,0.04301881471814198,headroom-metric-as-axis
BPIC15_5,duration,ALL_SCALAR,equal-level,quality_level,1,0.020131111683819904,headroom-metric-as-axis
BPIC15_5,duration,ALL_SCALAR,equal-level,rung,1,0.04297765835898161,headroom-metric-as-axis
BPIC15_5,duration,ALL_SCALAR,equal-level,metric,1,0.0907738050055812,headroom-metric-as-axis
BPIC15_5,duration,ALL_SCALAR,equal-level,learner+split,2,0.011150433240148637,headroom-metric-as-axis
BPIC15_5,duration,ALL_SCALAR,equal-level,learner+quality_level,2,0.023891497579518375,headroom-metric-as-axis
BPIC15_5,duration,ALL_SCALAR,equal-level,learner+rung,2,0.0009014853706767141,headroom-metric-as-axis
BPIC15_5,duration,ALL_SCALAR,equal-level,learner+metric,2,0.024576248302792647,headroom-metric-as-axis
BPIC15_5,duration,ALL_SCALAR,equal-level,split+quality_level,2,0.06790594096512442,headroom-metric-as-axis
BPIC15_5,duration,ALL_SCALAR,equal-level,split+rung,2,0.09842579139121811,headroom-metric-as-axis
BPIC15_5,duration,ALL_SCALAR,equal-level,split+metric,2,0.014756300557617785,headroom-metric-as-axis
BPIC15_5,duration,ALL_SCALAR,equal-level,quality_level+rung,2,0.001930216002355066,headroom-metric-as-axis
BPIC15_5,duration,ALL_SCALAR,equal-level,quality_level+metric,2,0.025994939663919907,headroom-metric-as-axis
BPIC15_5,duration,ALL_SCALAR,equal-level,rung+metric,2,0.00746463033112112,headroom-metric-as-axis
BPIC15_5,duration,ALL_SCALAR,equal-level,learner+split+quality_level,3,0.027486059425839777,headroom-metric-as-axis
BPIC15_5,duration,ALL_SCALAR,equal-level,learner+split+rung,3,0.09367385584243831,headroom-metric-as-axis
BPIC15_5,duration,ALL_SCALAR,equal-level,learner+split+metric,3,0.014349473072171017,headroom-metric-as-axis
BPIC15_5,duration,ALL_SCALAR,equal-level,learner+quality_level+rung,3,0.003976803451214493,headroom-metric-as-axis
BPIC15_5,duration,ALL_SCALAR,equal-level,learner+quality_level+metric,3,0.007212862118340909,headroom-metric-as-axis
BPIC15_5,duration,ALL_SCALAR,equal-level,learner+rung+metric,3,0.00898131979962152,headroom-metric-as-axis
BPIC15_5,duration,ALL_SCALAR,equal-level,split+quality_level+rung,3,0.037449686492685194,headroom-metric-as-axis
BPIC15_5,duration,ALL_SCALAR,equal-level,split+quality_level+metric,3,0.031179220381091072,headroom-metric-as-axis
BPIC15_5,duration,ALL_SCALAR,equal-level,split+rung+metric,3,0.0753150657323101,headroom-metric-as-axis
BPIC15_5,duration,ALL_SCALAR,equal-level,quality_level+rung+metric,3,0.0051558326410355085,headroom-metric-as-axis
BPIC15_5,duration,ALL_SCALAR,equal-level,learner+split+quality_level+rung,4,0.019618082708605142,headroom-metric-as-axis
BPIC15_5,duration,ALL_SCALAR,equal-level,learner+split+quality_level+metric,4,0.023299230752491237,headroom-metric-as-axis
BPIC15_5,duration,ALL_SCALAR,equal-level,learner+split+rung+metric,4,0.03627866550417003,headroom-metric-as-axis
BPIC15_5,duration,ALL_SCALAR,equal-level,learner+quality_level+rung+metric,4,0.003777211473688981,headroom-metric-as-axis
BPIC15_5,duration,ALL_SCALAR,equal-level,split+quality_level+rung+metric,4,0.02067772839589266,headroom-metric-as-axis
BPIC15_5,duration,ALL_SCALAR,equal-level,learner+split+quality_level+rung+metric,5,0.019967422176204206,headroom-metric-as-axis
BPIC17,duration,ALL_SCALAR,equal-level,learner,1,0.00501652743072421,headroom-metric-as-axis
BPIC17,duration,ALL_SCALAR,equal-level,split,1,0.08683020293613572,headroom-metric-as-axis
BPIC17,duration,ALL_SCALAR,equal-level,quality_level,1,0.04583812167383677,headroom-metric-as-axis
BPIC17,duration,ALL_SCALAR,equal-level,rung,1,0.062375401201606284,headroom-metric-as-axis
BPIC17,duration,ALL_SCALAR,equal-level,metric,1,0.3405824076821795,headroom-metric-as-axis
BPIC17,duration,ALL_SCALAR,equal-level,learner+split,2,0.018675898424251155,headroom-metric-as-axis
BPIC17,duration,ALL_SCALAR,equal-level,learner+quality_level,2,0.0005512980748933869,headroom-metric-as-axis
BPIC17,duration,ALL_SCALAR,equal-level,learner+rung,2,0.01815201182237249,headroom-metric-as-axis
BPIC17,duration,ALL_SCALAR,equal-level,learner+metric,2,0.008183658307055182,headroom-metric-as-axis
BPIC17,duration,ALL_SCALAR,equal-level,split+quality_level,2,0.017889669063710128,headroom-metric-as-axis
BPIC17,duration,ALL_SCALAR,equal-level,split+rung,2,0.023148568637785562,headroom-metric-as-axis
BPIC17,duration,ALL_SCALAR,equal-level,split+metric,2,0.049501420640541464,headroom-metric-as-axis
BPIC17,duration,ALL_SCALAR,equal-level,quality_level+rung,2,0.01125119315550781,headroom-metric-as-axis
BPIC17,duration,ALL_SCALAR,equal-level,quality_level+metric,2,0.06310347870002073,headroom-metric-as-axis
BPIC17,duration,ALL_SCALAR,equal-level,rung+metric,2,0.10869752943112813,headroom-metric-as-axis
BPIC17,duration,ALL_SCALAR,equal-level,learner+split+quality_level,3,0.008732246982233245,headroom-metric-as-axis
BPIC17,duration,ALL_SCALAR,equal-level,learner+split+rung,3,0.007722577061894565,headroom-metric-as-axis
BPIC17,duration,ALL_SCALAR,equal-level,learner+split+metric,3,0.011754777228638838,headroom-metric-as-axis
BPIC17,duration,ALL_SCALAR,equal-level,learner+quality_level+rung,3,0.002987066056657728,headroom-metric-as-axis
BPIC17,duration,ALL_SCALAR,equal-level,learner+quality_level+metric,3,0.000939472932052407,headroom-metric-as-axis
BPIC17,duration,ALL_SCALAR,equal-level,learner+rung+metric,3,0.012846937569635637,headroom-metric-as-axis
BPIC17,duration,ALL_SCALAR,equal-level,split+quality_level+rung,3,0.00717339628909292,headroom-metric-as-axis
BPIC17,duration,ALL_SCALAR,equal-level,split+quality_level+metric,3,0.012203695225020244,headroom-metric-as-axis
BPIC17,duration,ALL_SCALAR,equal-level,split+rung+metric,3,0.018963862186372013,headroom-metric-as-axis
BPIC17,duration,ALL_SCALAR,equal-level,quality_level+rung+metric,3,0.014406802209696508,headroom-metric-as-axis
BPIC17,duration,ALL_SCALAR,equal-level,learner+split+quality_level+rung,4,0.011395981291923792,headroom-metric-as-axis
BPIC17,duration,ALL_SCALAR,equal-level,learner+split+quality_level+metric,4,0.0052984021538865994,headroom-metric-as-axis
BPIC17,duration,ALL_SCALAR,equal-level,learner+split+rung+metric,4,0.005742183690054085,headroom-metric-as-axis
BPIC17,duration,ALL_SCALAR,equal-level,learner+quality_level+rung+metric,4,0.002082015716233376,headroom-metric-as-axis
BPIC17,duration,ALL_SCALAR,equal-level,split+quality_level+rung+metric,4,0.007999917420213803,headroom-metric-as-axis
BPIC17,duration,ALL_SCALAR,equal-level,learner+split+quality_level+rung+metric,5,0.009953278804645756,headroom-metric-as-axis
BPIC19,duration,ALL_SCALAR,equal-level,learner,1,0.010850921372966513,headroom-metric-as-axis
BPIC19,duration,ALL_SCALAR,equal-level,split,1,0.3738035241778747,headroom-metric-as-axis
BPIC19,duration,ALL_SCALAR,equal-level,quality_level,1,0.00999239875043813,headroom-metric-as-axis
BPIC19,duration,ALL_SCALAR,equal-level,rung,1,0.0067696655299098974,headroom-metric-as-axis
BPIC19,duration,ALL_SCALAR,equal-level,metric,1,0.14780981415569108,headroom-metric-as-axis
BPIC19,duration,ALL_SCALAR,equal-level,learner+split,2,0.11163808267827327,headroom-metric-as-axis
BPIC19,duration,ALL_SCALAR,equal-level,learner+quality_level,2,0.0037306694642768538,headroom-metric-as-axis
BPIC19,duration,ALL_SCALAR,equal-level,learner+rung,2,0.0005351286269991547,headroom-metric-as-axis
BPIC19,duration,ALL_SCALAR,equal-level,learner+metric,2,0.0343912846307466,headroom-metric-as-axis
BPIC19,duration,ALL_SCALAR,equal-level,split+quality_level,2,0.03216807697919631,headroom-metric-as-axis
BPIC19,duration,ALL_SCALAR,equal-level,split+rung,2,0.05828436400184956,headroom-metric-as-axis
BPIC19,duration,ALL_SCALAR,equal-level,split+metric,2,0.04690863590417663,headroom-metric-as-axis
BPIC19,duration,ALL_SCALAR,equal-level,quality_level+rung,2,0.0009530280017934349,headroom-metric-as-axis
BPIC19,duration,ALL_SCALAR,equal-level,quality_level+metric,2,0.0065504078809574704,headroom-metric-as-axis
BPIC19,duration,ALL_SCALAR,equal-level,rung+metric,2,0.017565047639230138,headroom-metric-as-axis
BPIC19,duration,ALL_SCALAR,equal-level,learner+split+quality_level,3,0.020950879204407333,headroom-metric-as-axis
BPIC19,duration,ALL_SCALAR,equal-level,learner+split+rung,3,0.025403581989843754,headroom-metric-as-axis
BPIC19,duration,ALL_SCALAR,equal-level,learner+split+metric,3,0.020077280584158707,headroom-metric-as-axis
BPIC19,duration,ALL_SCALAR,equal-level,learner+quality_level+rung,3,0.0010668443709876138,headroom-metric-as-axis
BPIC19,duration,ALL_SCALAR,equal-level,learner+quality_level+metric,3,0.005489804618855319,headroom-metric-as-axis
BPIC19,duration,ALL_SCALAR,equal-level,learner+rung+metric,3,0.0069481182358523625,headroom-metric-as-axis
BPIC19,duration,ALL_SCALAR,equal-level,split+quality_level+rung,3,0.005822429483756274,headroom-metric-as-axis
BPIC19,duration,ALL_SCALAR,equal-level,split+quality_level+metric,3,0.008636126051033442,headroom-metric-as-axis
BPIC19,duration,ALL_SCALAR,equal-level,split+rung+metric,3,0.007252742596781695,headroom-metric-as-axis
BPIC19,duration,ALL_SCALAR,equal-level,quality_level+rung+metric,3,0.0014196528754688328,headroom-metric-as-axis
BPIC19,duration,ALL_SCALAR,equal-level,learner+split+quality_level+rung,4,0.003274550765229855,headroom-metric-as-axis
BPIC19,duration,ALL_SCALAR,equal-level,learner+split+quality_level+metric,4,0.005237372393096301,headroom-metric-as-axis
BPIC19,duration,ALL_SCALAR,equal-level,learner+split+rung+metric,4,0.013328684041355374,headroom-metric-as-axis
BPIC19,duration,ALL_SCALAR,equal-level,learner+quality_level+rung+metric,4,0.0019307692200619603,headroom-metric-as-axis
BPIC19,duration,ALL_SCALAR,equal-level,split+quality_level+rung+metric,4,0.0068038821195627805,headroom-metric-as-axis
BPIC19,duration,ALL_SCALAR,equal-level,learner+split+quality_level+rung+metric,5,0.00440623165516861,headroom-metric-as-axis
Helpdesk,duration,ALL_SCALAR,equal-level,learner,1,0.13788083903241413,headroom-metric-as-axis
Helpdesk,duration,ALL_SCALAR,equal-level,split,1,0.15086614359462217,headroom-metric-as-axis
Helpdesk,duration,ALL_SCALAR,equal-level,quality_level,1,0.06510941747018101,headroom-metric-as-axis
Helpdesk,duration,ALL_SCALAR,equal-level,rung,1,0.00026713112020268503,headroom-metric-as-axis
Helpdesk,duration,ALL_SCALAR,equal-level,metric,1,0.21739001665033947,headroom-metric-as-axis
Helpdesk,duration,ALL_SCALAR,equal-level,learner+split,2,0.07005221385780189,headroom-metric-as-axis
Helpdesk,duration,ALL_SCALAR,equal-level,learner+quality_level,2,0.0071002120691584,headroom-metric-as-axis
Helpdesk,duration,ALL_SCALAR,equal-level,learner+rung,2,0.013157200306528928,headroom-metric-as-axis
Helpdesk,duration,ALL_SCALAR,equal-level,learner+metric,2,0.043613920953419774,headroom-metric-as-axis
Helpdesk,duration,ALL_SCALAR,equal-level,split+quality_level,2,0.032571677390458846,headroom-metric-as-axis
Helpdesk,duration,ALL_SCALAR,equal-level,split+rung,2,0.02547670094197092,headroom-metric-as-axis
Helpdesk,duration,ALL_SCALAR,equal-level,split+metric,2,0.04373498009588656,headroom-metric-as-axis
Helpdesk,duration,ALL_SCALAR,equal-level,quality_level+rung,2,0.001465786225125091,headroom-metric-as-axis
Helpdesk,duration,ALL_SCALAR,equal-level,quality_level+metric,2,0.010326252845631252,headroom-metric-as-axis
Helpdesk,duration,ALL_SCALAR,equal-level,rung+metric,2,0.02058337417830813,headroom-metric-as-axis
Helpdesk,duration,ALL_SCALAR,equal-level,learner+split+quality_level,3,0.02818217060504968,headroom-metric-as-axis
Helpdesk,duration,ALL_SCALAR,equal-level,learner+split+rung,3,0.02446945487401999,headroom-metric-as-axis
Helpdesk,duration,ALL_SCALAR,equal-level,learner+split+metric,3,0.029244980930077966,headroom-metric-as-axis
Helpdesk,duration,ALL_SCALAR,equal-level,learner+quality_level+rung,3,0.002051871773786306,headroom-metric-as-axis
Helpdesk,duration,ALL_SCALAR,equal-level,learner+quality_level+metric,3,0.002008613123868922,headroom-metric-as-axis
Helpdesk,duration,ALL_SCALAR,equal-level,learner+rung+metric,3,0.0006340025686023145,headroom-metric-as-axis
Helpdesk,duration,ALL_SCALAR,equal-level,split+quality_level+rung,3,0.009423445588420764,headroom-metric-as-axis
Helpdesk,duration,ALL_SCALAR,equal-level,split+quality_level+metric,3,0.01071531561068529,headroom-metric-as-axis
Helpdesk,duration,ALL_SCALAR,equal-level,split+rung+metric,3,0.011808795583438624,headroom-metric-as-axis
Helpdesk,duration,ALL_SCALAR,equal-level,quality_level+rung+metric,3,0.0020527193905124693,headroom-metric-as-axis
Helpdesk,duration,ALL_SCALAR,equal-level,learner+split+quality_level+rung,4,0.008914463054114483,headroom-metric-as-axis
Helpdesk,duration,ALL_SCALAR,equal-level,learner+split+quality_level+metric,4,0.010378434875224283,headroom-metric-as-axis
Helpdesk,duration,ALL_SCALAR,equal-level,learner+split+rung+metric,4,0.008254632181258046,headroom-metric-as-axis
Helpdesk,duration,ALL_SCALAR,equal-level,learner+quality_level+rung+metric,4,0.0008705076358338939,headroom-metric-as-axis
Helpdesk,duration,ALL_SCALAR,equal-level,split+quality_level+rung+metric,4,0.006061459656705075,headroom-metric-as-axis
Helpdesk,duration,ALL_SCALAR,equal-level,learner+split+quality_level+rung+metric,5,0.005333265816352757,headroom-metric-as-axis
RoadFines,duration,ALL_SCALAR,equal-level,learner,1,0.0020614930525911295,headroom-metric-as-axis
RoadFines,duration,ALL_SCALAR,equal-level,split,1,0.016064213786122848,headroom-metric-as-axis
RoadFines,duration,ALL_SCALAR,equal-level,quality_level,1,0.09016911283403456,headroom-metric-as-axis
RoadFines,duration,ALL_SCALAR,equal-level,rung,1,0.034528167617138575,headroom-metric-as-axis
RoadFines,duration,ALL_SCALAR,equal-level,metric,1,0.4969787757786338,headroom-metric-as-axis
RoadFines,duration,ALL_SCALAR,equal-level,learner+split,2,0.01070486848377551,headroom-metric-as-axis
RoadFines,duration,ALL_SCALAR,equal-level,learner+quality_level,2,0.0060090125122939314,headroom-metric-as-axis
RoadFines,duration,ALL_SCALAR,equal-level,learner+rung,2,0.0022865976043180583,headroom-metric-as-axis
RoadFines,duration,ALL_SCALAR,equal-level,learner+metric,2,0.0036807911145167564,headroom-metric-as-axis
RoadFines,duration,ALL_SCALAR,equal-level,split+quality_level,2,0.04959011638511527,headroom-metric-as-axis
RoadFines,duration,ALL_SCALAR,equal-level,split+rung,2,0.03097091881323688,headroom-metric-as-axis
RoadFines,duration,ALL_SCALAR,equal-level,split+metric,2,0.05474496679127053,headroom-metric-as-axis
RoadFines,duration,ALL_SCALAR,equal-level,quality_level+rung,2,0.0051660645711931455,headroom-metric-as-axis
RoadFines,duration,ALL_SCALAR,equal-level,quality_level+metric,2,0.021969998041706164,headroom-metric-as-axis
RoadFines,duration,ALL_SCALAR,equal-level,rung+metric,2,0.04539597570584653,headroom-metric-as-axis
RoadFines,duration,ALL_SCALAR,equal-level,learner+split+quality_level,3,0.010519014498859851,headroom-metric-as-axis
RoadFines,duration,ALL_SCALAR,equal-level,learner+split+rung,3,0.012910298921626697,headroom-metric-as-axis
RoadFines,duration,ALL_SCALAR,equal-level,learner+split+metric,3,0.010938792218396306,headroom-metric-as-axis
RoadFines,duration,ALL_SCALAR,equal-level,learner+quality_level+rung,3,0.0007655080032109808,headroom-metric-as-axis
RoadFines,duration,ALL_SCALAR,equal-level,learner+quality_level+metric,3,0.005500114112328135,headroom-metric-as-axis
RoadFines,duration,ALL_SCALAR,equal-level,learner+rung+metric,3,0.0016687178985877974,headroom-metric-as-axis
RoadFines,duration,ALL_SCALAR,equal-level,split+quality_level+rung,3,0.006593902301214474,headroom-metric-as-axis
RoadFines,duration,ALL_SCALAR,equal-level,split+quality_level+metric,3,0.025138905038593822,headroom-metric-as-axis
RoadFines,duration,ALL_SCALAR,equal-level,split+rung+metric,3,0.009226548768433495,headroom-metric-as-axis
RoadFines,duration,ALL_SCALAR,equal-level,quality_level+rung+metric,3,0.0036734057928790357,headroom-metric-as-axis
RoadFines,duration,ALL_SCALAR,equal-level,learner+split+quality_level+rung,4,0.004538496916627922,headroom-metric-as-axis
RoadFines,duration,ALL_SCALAR,equal-level,learner+split+quality_level+metric,4,0.013113184981654995,headroom-metric-as-axis
RoadFines,duration,ALL_SCALAR,equal-level,learner+split+rung+metric,4,0.010795393134277556,headroom-metric-as-axis
RoadFines,duration,ALL_SCALAR,equal-level,learner+quality_level+rung+metric,4,0.0013251551160024337,headroom-metric-as-axis
RoadFines,duration,ALL_SCALAR,equal-level,split+quality_level+rung+metric,4,0.007935850537156943,headroom-metric-as-axis
RoadFines,duration,ALL_SCALAR,equal-level,learner+split+quality_level+rung+metric,5,0.005035638668355764,headroom-metric-as-axis
Sepsis,duration,ALL_SCALAR,equal-level,learner,1,0.07487541019503419,headroom-metric-as-axis
Sepsis,duration,ALL_SCALAR,equal-level,split,1,0.06131153004903979,headroom-metric-as-axis
Sepsis,duration,ALL_SCALAR,equal-level,quality_level,1,0.07514054000538993,headroom-metric-as-axis
Sepsis,duration,ALL_SCALAR,equal-level,rung,1,0.00584515224028512,headroom-metric-as-axis
Sepsis,duration,ALL_SCALAR,equal-level,metric,1,0.2850489156161523,headroom-metric-as-axis
Sepsis,duration,ALL_SCALAR,equal-level,learner+split,2,0.07962535144902902,headroom-metric-as-axis
Sepsis,duration,ALL_SCALAR,equal-level,learner+quality_level,2,0.012977812924457603,headroom-metric-as-axis
Sepsis,duration,ALL_SCALAR,equal-level,learner+rung,2,0.0006707028680914203,headroom-metric-as-axis
Sepsis,duration,ALL_SCALAR,equal-level,learner+metric,2,0.029514082374408238,headroom-metric-as-axis
Sepsis,duration,ALL_SCALAR,equal-level,split+quality_level,2,0.04065185079612775,headroom-metric-as-axis
Sepsis,duration,ALL_SCALAR,equal-level,split+rung,2,0.0829311323997323,headroom-metric-as-axis
Sepsis,duration,ALL_SCALAR,equal-level,split+metric,2,0.023058622499989953,headroom-metric-as-axis
Sepsis,duration,ALL_SCALAR,equal-level,quality_level+rung,2,0.0018858726277430754,headroom-metric-as-axis
Sepsis,duration,ALL_SCALAR,equal-level,quality_level+metric,2,0.024058897679773133,headroom-metric-as-axis
Sepsis,duration,ALL_SCALAR,equal-level,rung+metric,2,0.0025161175707844935,headroom-metric-as-axis
Sepsis,duration,ALL_SCALAR,equal-level,learner+split+quality_level,3,0.027699467253703265,headroom-metric-as-axis
Sepsis,duration,ALL_SCALAR,equal-level,learner+split+rung,3,0.04568804650708972,headroom-metric-as-axis
Sepsis,duration,ALL_SCALAR,equal-level,learner+split+metric,3,0.0193112619344884,headroom-metric-as-axis
Sepsis,duration,ALL_SCALAR,equal-level,learner+quality_level+rung,3,0.0017354988946223547,headroom-metric-as-axis
Sepsis,duration,ALL_SCALAR,equal-level,learner+quality_level+metric,3,0.0052579018417661565,headroom-metric-as-axis
Sepsis,duration,ALL_SCALAR,equal-level,learner+rung+metric,3,0.00046613710413643427,headroom-metric-as-axis
Sepsis,duration,ALL_SCALAR,equal-level,split+quality_level+rung,3,0.018732681322999482,headroom-metric-as-axis
Sepsis,duration,ALL_SCALAR,equal-level,split+quality_level+metric,3,0.012575047093015846,headroom-metric-as-axis
Sepsis,duration,ALL_SCALAR,equal-level,split+rung+metric,3,0.012850753854087592,headroom-metric-as-axis
Sepsis,duration,ALL_SCALAR,equal-level,quality_level+rung+metric,3,0.0014626595019117386,headroom-metric-as-axis
Sepsis,duration,ALL_SCALAR,equal-level,learner+split+quality_level+rung,4,0.018513511935729494,headroom-metric-as-axis
Sepsis,duration,ALL_SCALAR,equal-level,learner+split+quality_level+metric,4,0.014930595239632473,headroom-metric-as-axis
Sepsis,duration,ALL_SCALAR,equal-level,learner+split+rung+metric,4,0.008696184860056907,headroom-metric-as-axis
Sepsis,duration,ALL_SCALAR,equal-level,learner+quality_level+rung+metric,4,0.0015538325700738132,headroom-metric-as-axis
Sepsis,duration,ALL_SCALAR,equal-level,split+quality_level+rung+metric,4,0.0045854864235235744,headroom-metric-as-axis
Sepsis,duration,ALL_SCALAR,equal-level,learner+split+quality_level+rung+metric,5,0.005828942367124387,headroom-metric-as-axis
UCI498,duration,ALL_SCALAR,equal-level,learner,1,0.019936045860968664,headroom-metric-as-axis
UCI498,duration,ALL_SCALAR,equal-level,split,1,0.1159750756109932,headroom-metric-as-axis
UCI498,duration,ALL_SCALAR,equal-level,quality_level,1,0.007940989826840985,headroom-metric-as-axis
UCI498,duration,ALL_SCALAR,equal-level,rung,1,0.16259758737511384,headroom-metric-as-axis
UCI498,duration,ALL_SCALAR,equal-level,metric,1,0.16070688536601532,headroom-metric-as-axis
UCI498,duration,ALL_SCALAR,equal-level,learner+split,2,0.016701024586828834,headroom-metric-as-axis
UCI498,duration,ALL_SCALAR,equal-level,learner+quality_level,2,0.004709012121319811,headroom-metric-as-axis
UCI498,duration,ALL_SCALAR,equal-level,learner+rung,2,0.013116542875749836,headroom-metric-as-axis
UCI498,duration,ALL_SCALAR,equal-level,learner+metric,2,0.0016511041707854073,headroom-metric-as-axis
UCI498,duration,ALL_SCALAR,equal-level,split+quality_level,2,0.008429504441312873,headroom-metric-as-axis
UCI498,duration,ALL_SCALAR,equal-level,split+rung,2,0.0371942495846931,headroom-metric-as-axis
UCI498,duration,ALL_SCALAR,equal-level,split+metric,2,0.011290971675371112,headroom-metric-as-axis
UCI498,duration,ALL_SCALAR,equal-level,quality_level+rung,2,0.029216681426433057,headroom-metric-as-axis
UCI498,duration,ALL_SCALAR,equal-level,quality_level+metric,2,0.011032812791422293,headroom-metric-as-axis
UCI498,duration,ALL_SCALAR,equal-level,rung+metric,2,0.2774444969801494,headroom-metric-as-axis
UCI498,duration,ALL_SCALAR,equal-level,learner+split+quality_level,3,0.0063641654590230615,headroom-metric-as-axis
UCI498,duration,ALL_SCALAR,equal-level,learner+split+rung,3,0.009856554101360656,headroom-metric-as-axis
UCI498,duration,ALL_SCALAR,equal-level,learner+split+metric,3,0.005947723605310966,headroom-metric-as-axis
UCI498,duration,ALL_SCALAR,equal-level,learner+quality_level+rung,3,0.0031219867953248643,headroom-metric-as-axis
UCI498,duration,ALL_SCALAR,equal-level,learner+quality_level+metric,3,0.001757715964991522,headroom-metric-as-axis
UCI498,duration,ALL_SCALAR,equal-level,learner+rung+metric,3,0.009000865708426177,headroom-metric-as-axis
UCI498,duration,ALL_SCALAR,equal-level,split+quality_level+rung,3,0.00907315258559331,headroom-metric-as-axis
UCI498,duration,ALL_SCALAR,equal-level,split+quality_level+metric,3,0.005652094893278202,headroom-metric-as-axis
UCI498,duration,ALL_SCALAR,equal-level,split+rung+metric,3,0.015424433913498103,headroom-metric-as-axis
UCI498,duration,ALL_SCALAR,equal-level,quality_level+rung+metric,3,0.032316494345351485,headroom-metric-as-axis
UCI498,duration,ALL_SCALAR,equal-level,learner+split+quality_level+rung,4,0.009391242987307655,headroom-metric-as-axis
UCI498,duration,ALL_SCALAR,equal-level,learner+split+quality_level+metric,4,0.0015872804565829435,headroom-metric-as-axis
UCI498,duration,ALL_SCALAR,equal-level,learner+split+rung+metric,4,0.0037476235673511776,headroom-metric-as-axis
UCI498,duration,ALL_SCALAR,equal-level,learner+quality_level+rung+metric,4,0.0015805963750912808,headroom-metric-as-axis
UCI498,duration,ALL_SCALAR,equal-level,split+quality_level+rung+metric,4,0.004103891834473452,headroom-metric-as-axis
UCI498,duration,ALL_SCALAR,equal-level,learner+split+quality_level+rung+metric,5,0.0031311927130374642,headroom-metric-as-axis
UCI498,handover,ALL_SCALAR,equal-level,learner,1,0.03997024175447829,headroom-metric-as-axis
UCI498,handover,ALL_SCALAR,equal-level,split,1,0.057052535012078666,headroom-metric-as-axis
UCI498,handover,ALL_SCALAR,equal-level,quality_level,1,0.025158416369514162,headroom-metric-as-axis
UCI498,handover,ALL_SCALAR,equal-level,rung,1,0.30796374162256784,headroom-metric-as-axis
UCI498,handover,ALL_SCALAR,equal-level,metric,1,0.07867486637807782,headroom-metric-as-axis
UCI498,handover,ALL_SCALAR,equal-level,learner+split,2,0.02761131075449453,headroom-metric-as-axis
UCI498,handover,ALL_SCALAR,equal-level,learner+quality_level,2,0.02399614703169772,headroom-metric-as-axis
UCI498,handover,ALL_SCALAR,equal-level,learner+rung,2,0.013506494683717831,headroom-metric-as-axis
UCI498,handover,ALL_SCALAR,equal-level,learner+metric,2,0.0013612175980316776,headroom-metric-as-axis
UCI498,handover,ALL_SCALAR,equal-level,split+quality_level,2,0.010002776616918195,headroom-metric-as-axis
UCI498,handover,ALL_SCALAR,equal-level,split+rung,2,0.061408749014918634,headroom-metric-as-axis
UCI498,handover,ALL_SCALAR,equal-level,split+metric,2,0.021552422600734873,headroom-metric-as-axis
UCI498,handover,ALL_SCALAR,equal-level,quality_level+rung,2,0.00797054448658324,headroom-metric-as-axis
UCI498,handover,ALL_SCALAR,equal-level,quality_level+metric,2,0.0033090991225604147,headroom-metric-as-axis
UCI498,handover,ALL_SCALAR,equal-level,rung+metric,2,0.15472399863737885,headroom-metric-as-axis
UCI498,handover,ALL_SCALAR,equal-level,learner+split+quality_level,3,0.006797992706339119,headroom-metric-as-axis
UCI498,handover,ALL_SCALAR,equal-level,learner+split+rung,3,0.024526634743912014,headroom-metric-as-axis
UCI498,handover,ALL_SCALAR,equal-level,learner+split+metric,3,0.006535179257949795,headroom-metric-as-axis
UCI498,handover,ALL_SCALAR,equal-level,learner+quality_level+rung,3,0.006563198245271591,headroom-metric-as-axis
UCI498,handover,ALL_SCALAR,equal-level,learner+quality_level+metric,3,0.0015404940165833951,headroom-metric-as-axis
UCI498,handover,ALL_SCALAR,equal-level,learner+rung+metric,3,0.015890013441933706,headroom-metric-as-axis
UCI498,handover,ALL_SCALAR,equal-level,split+quality_level+rung,3,0.017131044111731917,headroom-metric-as-axis
UCI498,handover,ALL_SCALAR,equal-level,split+quality_level+metric,3,0.004130407514206918,headroom-metric-as-axis
UCI498,handover,ALL_SCALAR,equal-level,split+rung+metric,3,0.02596648196057908,headroom-metric-as-axis
UCI498,handover,ALL_SCALAR,equal-level,quality_level+rung+metric,3,0.010481218622106754,headroom-metric-as-axis
UCI498,handover,ALL_SCALAR,equal-level,learner+split+quality_level+rung,4,0.008743501181351001,headroom-metric-as-axis
UCI498,handover,ALL_SCALAR,equal-level,learner+split+quality_level+metric,4,0.003448405823539855,headroom-metric-as-axis
UCI498,handover,ALL_SCALAR,equal-level,learner+split+rung+metric,4,0.016728319695579686,headroom-metric-as-axis
UCI498,handover,ALL_SCALAR,equal-level,learner+quality_level+rung+metric,4,0.005475708782872978,headroom-metric-as-axis
UCI498,handover,ALL_SCALAR,equal-level,split+quality_level+rung+metric,4,0.007435947301734929,headroom-metric-as-axis
UCI498,handover,ALL_SCALAR,equal-level,learner+split+quality_level+rung+metric,5,0.0043428909105545825,headroom-metric-as-axis
