log,target,metric,draw,interaction_total
BPIC13_closed,handover,ap,0,0.3817350774267043
BPIC13_closed,handover,ap,1,0.3432189636018077
BPIC13_closed,handover,ap,2,0.5578333880036993
BPIC13_closed,handover,ap,3,0.646831729994118
BPIC13_closed,handover,ap,4,0.4677112992566631
BPIC13_closed,handover,ap,5,0.851231131370067
BPIC13_closed,handover,ap,6,0.5980722572483435
BPIC13_closed,handover,ap,7,0.847948782385062
BPIC13_closed,handover,ap,8,0.5825860197542754
BPIC13_closed,handover,ap,9,0.84717165067799
BPIC13_closed,handover,ap,10,0.5211494084469124
BPIC13_closed,handover,ap,11,0.41481734040585416
BPIC13_closed,handover,ap,12,0.49241021841326604
BPIC13_closed,handover,ap,13,0.5142846528784525
BPIC13_closed,handover,ap,14,0.4197421824196065
BPIC13_closed,handover,ap,15,0.2584459143377392
BPIC13_closed,handover,ap,16,0.6798847784161335
BPIC13_closed,handover,ap,17,0.6098220484020942
BPIC13_closed,handover,ap,18,0.4188622601387477
BPIC13_closed,handover,ap,19,0.6268507445183286
BPIC13_closed,handover,ap,20,0.793253339078716
BPIC13_closed,handover,ap,21,0.9561053863503799
BPIC13_closed,handover,ap,22,0.2126454659041328
BPIC13_closed,handover,ap,23,0.903410750813415
BPIC13_closed,handover,ap,24,0.33266769764204385
BPIC13_closed,handover,ap,25,0.6634497100631952
BPIC13_closed,handover,ap,26,0.9176269680820464
BPIC13_closed,handover,ap,27,0.3056211989448586
BPIC13_closed,handover,ap,28,0.3643243049390452
BPIC13_closed,handover,ap,29,0.7580014685938465
BPIC13_closed,handover,ap,30,0.596308528499105
BPIC13_closed,handover,ap,31,0.7360873078298367
BPIC13_closed,handover,ap,32,0.4448860803239244
BPIC13_closed,handover,ap,33,0.42993275650799445
BPIC13_closed,handover,ap,34,0.487579789541453
BPIC13_closed,handover,ap,35,0.30580449503310314
BPIC13_closed,handover,ap,36,0.41887268859700577
BPIC13_closed,handover,ap,37,0.6784706859724183
BPIC13_closed,handover,ap,38,0.7895363387220806
BPIC13_closed,handover,ap,39,0.7509594547451588
BPIC13_closed,handover,ap,40,0.4772586332693941
BPIC13_closed,handover,ap,41,0.4669515902208583
BPIC13_closed,handover,ap,42,0.1912926784748762
BPIC13_closed,handover,ap,43,0.3521208724417102
BPIC13_closed,handover,ap,44,0.5491640866082854
BPIC13_closed,handover,ap,45,0.8278340057790919
BPIC13_closed,handover,ap,46,0.25947257915482436
BPIC13_closed,handover,ap,47,0.6065693783331965
BPIC13_closed,handover,ap,48,0.5900502641336256
BPIC13_closed,handover,ap,49,0.6303505662816038
BPIC13_closed,handover,ap,50,0.7967067730800255
BPIC13_closed,handover,ap,51,0.34992978186923474
BPIC13_closed,handover,ap,52,0.7155201376340316
BPIC13_closed,handover,ap,53,0.35090221009041256
BPIC13_closed,handover,ap,54,0.4281262209049208
BPIC13_closed,handover,ap,55,0.5889726700545352
BPIC13_closed,handover,ap,56,0.556597425244005
BPIC13_closed,handover,ap,57,0.6471785756871641
BPIC13_closed,handover,ap,58,0.4887682418777558
BPIC13_closed,handover,ap,59,0.6552273642742483
BPIC13_closed,handover,ap,60,0.48327125656650294
BPIC13_closed,handover,ap,61,0.46161384159726626
BPIC13_closed,handover,ap,62,0.38979268863947314
BPIC13_closed,handover,ap,63,0.4725102308298712
BPIC13_closed,handover,ap,64,0.9338996300663882
BPIC13_closed,handover,ap,65,0.4723319884637951
BPIC13_closed,handover,ap,66,0.5338806291418525
BPIC13_closed,handover,ap,67,0.4137942070799252
BPIC13_closed,handover,ap,68,0.49500032057207755
BPIC13_closed,handover,ap,69,0.27853571909154917
BPIC13_closed,handover,ap,70,0.6780171129488246
BPIC13_closed,handover,ap,71,0.8483989593407304
BPIC13_closed,handover,ap,72,0.8015929805175549
BPIC13_closed,handover,ap,73,0.8459212430990174
BPIC13_closed,handover,ap,74,0.536741554508901
BPIC13_closed,handover,ap,75,0.6010256884733981
BPIC13_closed,handover,ap,76,0.5788324209170363
BPIC13_closed,handover,ap,77,0.37957823945693403
BPIC13_closed,handover,ap,78,0.517185200914205
BPIC13_closed,handover,ap,79,0.7684199304554652
BPIC13_closed,handover,auc,0,0.5372874812363582
BPIC13_closed,handover,auc,1,0.6539366876109751
BPIC13_closed,handover,auc,2,0.5356638816388718
BPIC13_closed,handover,auc,3,0.6818125602260129
BPIC13_closed,handover,auc,4,0.514890098486076
BPIC13_closed,handover,auc,5,0.8476193569648114
BPIC13_closed,handover,auc,6,0.5703925652389052
BPIC13_closed,handover,auc,7,0.566361417513989
BPIC13_closed,handover,auc,8,0.5665500413388733
BPIC13_closed,handover,auc,9,0.4565196741472147
BPIC13_closed,handover,auc,10,0.5875051420612115
BPIC13_closed,handover,auc,11,0.6991356745465682
BPIC13_closed,handover,auc,12,0.6373474948527913
BPIC13_closed,handover,auc,13,0.3295807515025996
BPIC13_closed,handover,auc,14,0.710003809113101
BPIC13_closed,handover,auc,15,0.35090459813312724
BPIC13_closed,handover,auc,16,0.7344503113139604
BPIC13_closed,handover,auc,17,0.6565996801983661
BPIC13_closed,handover,auc,18,0.6922114230835046
BPIC13_closed,handover,auc,19,0.38510065066325017
BPIC13_closed,handover,auc,20,0.46030112983658955
BPIC13_closed,handover,auc,21,0.7968772888874702
BPIC13_closed,handover,auc,22,0.49198273041657214
BPIC13_closed,handover,auc,23,0.6188857002979846
BPIC13_closed,handover,auc,24,0.5231867129578427
BPIC13_closed,handover,auc,25,0.7087935949593098
BPIC13_closed,handover,auc,26,0.49839058669351444
BPIC13_closed,handover,auc,27,0.5038160955924009
BPIC13_closed,handover,auc,28,0.40085153937170215
BPIC13_closed,handover,auc,29,0.7290752536162687
BPIC13_closed,handover,auc,30,0.7146762304372816
BPIC13_closed,handover,auc,31,0.5403915242751691
BPIC13_closed,handover,auc,32,0.4654983816966567
BPIC13_closed,handover,auc,33,0.772552941807334
BPIC13_closed,handover,auc,34,0.42067469703276095
BPIC13_closed,handover,auc,35,0.7042526600067354
BPIC13_closed,handover,auc,36,0.48520730423493186
BPIC13_closed,handover,auc,37,0.5725088388881983
BPIC13_closed,handover,auc,38,0.837064348322288
BPIC13_closed,handover,auc,39,0.5524304862225007
BPIC13_closed,handover,auc,40,0.3471866924475099
BPIC13_closed,handover,auc,41,0.5527866953905758
BPIC13_closed,handover,auc,42,0.3174933438203267
BPIC13_closed,handover,auc,43,0.7348078469468453
BPIC13_closed,handover,auc,44,0.6139308581152857
BPIC13_closed,handover,auc,45,0.37270194951818114
BPIC13_closed,handover,auc,46,0.28225786765513683
BPIC13_closed,handover,auc,47,0.42777867496875654
BPIC13_closed,handover,auc,48,0.7529087207616424
BPIC13_closed,handover,auc,49,0.6624000345357527
BPIC13_closed,handover,auc,50,0.8460495255563463
BPIC13_closed,handover,auc,51,0.2819101239414563
BPIC13_closed,handover,auc,52,0.7695462729631526
BPIC13_closed,handover,auc,53,0.5710646657471077
BPIC13_closed,handover,auc,54,0.3964477193238476
BPIC13_closed,handover,auc,55,0.5373441905184163
BPIC13_closed,handover,auc,56,0.3058910536308098
BPIC13_closed,handover,auc,57,0.7438088361181288
BPIC13_closed,handover,auc,58,0.458608371799348
BPIC13_closed,handover,auc,59,0.7754972001924583
BPIC13_closed,handover,auc,60,0.5583653948528642
BPIC13_closed,handover,auc,61,0.5168096234925813
BPIC13_closed,handover,auc,62,0.5312912553679624
BPIC13_closed,handover,auc,63,0.7399204813773538
BPIC13_closed,handover,auc,64,0.7583915187674932
BPIC13_closed,handover,auc,65,0.8855724615267848
BPIC13_closed,handover,auc,66,0.6608467007751485
BPIC13_closed,handover,auc,67,0.4992021533846085
BPIC13_closed,handover,auc,68,0.5831676161849861
BPIC13_closed,handover,auc,69,0.5906556047261786
BPIC13_closed,handover,auc,70,0.5987047631199087
BPIC13_closed,handover,auc,71,0.5899768233265061
BPIC13_closed,handover,auc,72,0.8740744440635175
BPIC13_closed,handover,auc,73,0.6202086580594304
BPIC13_closed,handover,auc,74,0.6070075462304573
BPIC13_closed,handover,auc,75,0.8030271320899707
BPIC13_closed,handover,auc,76,0.3714103663488513
BPIC13_closed,handover,auc,77,0.5558931313732821
BPIC13_closed,handover,auc,78,0.7112787974479304
BPIC13_closed,handover,auc,79,0.4703817522614733
BPIC13_closed,handover,brier_skill,0,0.2712786490120265
BPIC13_closed,handover,brier_skill,1,0.5973746939350109
BPIC13_closed,handover,brier_skill,2,0.5167203025591284
BPIC13_closed,handover,brier_skill,3,0.4262182217616294
BPIC13_closed,handover,brier_skill,4,0.3700302691710008
BPIC13_closed,handover,brier_skill,5,0.6445409773339219
BPIC13_closed,handover,brier_skill,6,0.407418765340551
BPIC13_closed,handover,brier_skill,7,0.42638245056408863
BPIC13_closed,handover,brier_skill,8,0.6346432294231179
BPIC13_closed,handover,brier_skill,9,0.27213962001457337
BPIC13_closed,handover,brier_skill,10,0.5646215996907027
BPIC13_closed,handover,brier_skill,11,0.3635398341361953
BPIC13_closed,handover,brier_skill,12,0.35321189421976995
BPIC13_closed,handover,brier_skill,13,0.4084720693467777
BPIC13_closed,handover,brier_skill,14,0.3384135874846319
BPIC13_closed,handover,brier_skill,15,0.5483916444026303
BPIC13_closed,handover,brier_skill,16,0.5703543307796717
BPIC13_closed,handover,brier_skill,17,0.6230798528546652
BPIC13_closed,handover,brier_skill,18,0.49244623697256373
BPIC13_closed,handover,brier_skill,19,0.45628715463616965
BPIC13_closed,handover,brier_skill,20,0.8169071644776003
BPIC13_closed,handover,brier_skill,21,0.45579439696712254
BPIC13_closed,handover,brier_skill,22,0.8181148382717325
BPIC13_closed,handover,brier_skill,23,0.6040789284942601
BPIC13_closed,handover,brier_skill,24,0.3589333391074505
BPIC13_closed,handover,brier_skill,25,0.5867984798773371
BPIC13_closed,handover,brier_skill,26,0.5032349703685076
BPIC13_closed,handover,brier_skill,27,0.6394550571187699
BPIC13_closed,handover,brier_skill,28,0.9177728166006334
BPIC13_closed,handover,brier_skill,29,0.4750338955860778
BPIC13_closed,handover,brier_skill,30,0.6360195744978443
BPIC13_closed,handover,brier_skill,31,0.3644571302490899
BPIC13_closed,handover,brier_skill,32,0.3644160957329887
BPIC13_closed,handover,brier_skill,33,0.7243170261845131
BPIC13_closed,handover,brier_skill,34,0.2567823929113726
BPIC13_closed,handover,brier_skill,35,0.5265631553078445
BPIC13_closed,handover,brier_skill,36,0.23127895413826438
BPIC13_closed,handover,brier_skill,37,0.603654350206519
BPIC13_closed,handover,brier_skill,38,0.6624674417438863
BPIC13_closed,handover,brier_skill,39,0.32045109436664276
BPIC13_closed,handover,brier_skill,40,0.41204342952350226
BPIC13_closed,handover,brier_skill,41,0.48954898371412026
BPIC13_closed,handover,brier_skill,42,0.45561804250610627
BPIC13_closed,handover,brier_skill,43,0.4142829489278068
BPIC13_closed,handover,brier_skill,44,0.491659623938109
BPIC13_closed,handover,brier_skill,45,0.5298937941078234
BPIC13_closed,handover,brier_skill,46,0.3906450261957679
BPIC13_closed,handover,brier_skill,47,0.4622108174033216
BPIC13_closed,handover,brier_skill,48,0.5901714139337196
BPIC13_closed,handover,brier_skill,49,0.562049627988972
BPIC13_closed,handover,brier_skill,50,0.6649049478334789
BPIC13_closed,handover,brier_skill,51,0.2610663587165172
BPIC13_closed,handover,brier_skill,52,0.6800353406346704
BPIC13_closed,handover,brier_skill,53,0.7671667572269973
BPIC13_closed,handover,brier_skill,54,0.49015295491615507
BPIC13_closed,handover,brier_skill,55,0.4171324068094342
BPIC13_closed,handover,brier_skill,56,0.7322415978066328
BPIC13_closed,handover,brier_skill,57,0.5917698386923183
BPIC13_closed,handover,brier_skill,58,0.6512532450254545
BPIC13_closed,handover,brier_skill,59,0.23855133960641262
BPIC13_closed,handover,brier_skill,60,0.34683572310478605
BPIC13_closed,handover,brier_skill,61,0.5491938346701457
BPIC13_closed,handover,brier_skill,62,0.8878056497192316
BPIC13_closed,handover,brier_skill,63,0.4631104013580727
BPIC13_closed,handover,brier_skill,64,0.3319053861504718
BPIC13_closed,handover,brier_skill,65,0.5460634472548804
BPIC13_closed,handover,brier_skill,66,0.5722314931419821
BPIC13_closed,handover,brier_skill,67,0.5104661297832211
BPIC13_closed,handover,brier_skill,68,0.5163435535359446
BPIC13_closed,handover,brier_skill,69,0.7359131740594926
BPIC13_closed,handover,brier_skill,70,0.8420244435896913
BPIC13_closed,handover,brier_skill,71,0.5352926286277111
BPIC13_closed,handover,brier_skill,72,0.7788806720228836
BPIC13_closed,handover,brier_skill,73,0.3600473340316859
BPIC13_closed,handover,brier_skill,74,0.35029453801816435
BPIC13_closed,handover,brier_skill,75,0.41206073758196626
BPIC13_closed,handover,brier_skill,76,0.6870482131348713
BPIC13_closed,handover,brier_skill,77,0.4872311663470583
BPIC13_closed,handover,brier_skill,78,0.44244554448934026
BPIC13_closed,handover,brier_skill,79,0.606310807941279
BPIC13_closed,handover,logloss_skill,0,0.2943964353183246
BPIC13_closed,handover,logloss_skill,1,0.550446451496066
BPIC13_closed,handover,logloss_skill,2,0.5297845929659657
BPIC13_closed,handover,logloss_skill,3,0.3115392448410821
BPIC13_closed,handover,logloss_skill,4,0.41007561606223775
BPIC13_closed,handover,logloss_skill,5,0.6968920259896325
BPIC13_closed,handover,logloss_skill,6,0.3614685878293762
BPIC13_closed,handover,logloss_skill,7,0.3497650091594221
BPIC13_closed,handover,logloss_skill,8,0.5066809626861758
BPIC13_closed,handover,logloss_skill,9,0.39252112321294996
BPIC13_closed,handover,logloss_skill,10,0.6178679699253377
BPIC13_closed,handover,logloss_skill,11,0.3462471004453317
BPIC13_closed,handover,logloss_skill,12,0.25609104174094965
BPIC13_closed,handover,logloss_skill,13,0.43868039462889086
BPIC13_closed,handover,logloss_skill,14,0.3656865318330582
BPIC13_closed,handover,logloss_skill,15,0.4178650514719239
BPIC13_closed,handover,logloss_skill,16,0.31049427536333296
BPIC13_closed,handover,logloss_skill,17,0.40705718358675214
BPIC13_closed,handover,logloss_skill,18,0.5484617318060285
BPIC13_closed,handover,logloss_skill,19,0.4405231915731752
BPIC13_closed,handover,logloss_skill,20,0.5051419378584535
BPIC13_closed,handover,logloss_skill,21,0.38278411920604893
BPIC13_closed,handover,logloss_skill,22,0.5735935309668653
BPIC13_closed,handover,logloss_skill,23,0.5572141217010529
BPIC13_closed,handover,logloss_skill,24,0.3302646769506221
BPIC13_closed,handover,logloss_skill,25,0.34837594912038805
BPIC13_closed,handover,logloss_skill,26,0.45870786602863634
BPIC13_closed,handover,logloss_skill,27,0.34929408963671404
BPIC13_closed,handover,logloss_skill,28,0.6270648951281718
BPIC13_closed,handover,logloss_skill,29,0.35311743115890903
BPIC13_closed,handover,logloss_skill,30,0.41310625159735104
BPIC13_closed,handover,logloss_skill,31,0.3259756127107223
BPIC13_closed,handover,logloss_skill,32,0.32900542461538795
BPIC13_closed,handover,logloss_skill,33,0.5715431527431568
BPIC13_closed,handover,logloss_skill,34,0.25395458430365303
BPIC13_closed,handover,logloss_skill,35,0.4985693739758663
BPIC13_closed,handover,logloss_skill,36,0.27869379760155366
BPIC13_closed,handover,logloss_skill,37,0.5652664457388982
BPIC13_closed,handover,logloss_skill,38,0.5060899472473391
BPIC13_closed,handover,logloss_skill,39,0.38035577938458776
BPIC13_closed,handover,logloss_skill,40,0.4022108670554517
BPIC13_closed,handover,logloss_skill,41,0.39944329095579334
BPIC13_closed,handover,logloss_skill,42,0.46389333587361425
BPIC13_closed,handover,logloss_skill,43,0.34105679244081766
BPIC13_closed,handover,logloss_skill,44,0.3466854723731031
BPIC13_closed,handover,logloss_skill,45,0.5841463414269357
BPIC13_closed,handover,logloss_skill,46,0.3763353302728438
BPIC13_closed,handover,logloss_skill,47,0.5087391751476518
BPIC13_closed,handover,logloss_skill,48,0.4981668004755261
BPIC13_closed,handover,logloss_skill,49,0.4547171617419593
BPIC13_closed,handover,logloss_skill,50,0.5226702193361055
BPIC13_closed,handover,logloss_skill,51,0.25474552918876747
BPIC13_closed,handover,logloss_skill,52,0.4926054488050048
BPIC13_closed,handover,logloss_skill,53,0.6411211067113776
BPIC13_closed,handover,logloss_skill,54,0.4050038632876918
BPIC13_closed,handover,logloss_skill,55,0.3179697491237876
BPIC13_closed,handover,logloss_skill,56,0.6659146366046093
BPIC13_closed,handover,logloss_skill,57,0.6322289419406693
BPIC13_closed,handover,logloss_skill,58,0.6089810816221403
BPIC13_closed,handover,logloss_skill,59,0.23191290109113438
BPIC13_closed,handover,logloss_skill,60,0.3544133685668881
BPIC13_closed,handover,logloss_skill,61,0.6521921664644273
BPIC13_closed,handover,logloss_skill,62,0.5911830976498655
BPIC13_closed,handover,logloss_skill,63,0.4138612437763167
BPIC13_closed,handover,logloss_skill,64,0.3489011162742851
BPIC13_closed,handover,logloss_skill,65,0.45014946790732635
BPIC13_closed,handover,logloss_skill,66,0.3922633168846813
BPIC13_closed,handover,logloss_skill,67,0.34669342704391215
BPIC13_closed,handover,logloss_skill,68,0.3534275406309241
BPIC13_closed,handover,logloss_skill,69,0.5271577157179722
BPIC13_closed,handover,logloss_skill,70,0.6162628682214568
BPIC13_closed,handover,logloss_skill,71,0.36363221044623295
BPIC13_closed,handover,logloss_skill,72,0.6721969200541122
BPIC13_closed,handover,logloss_skill,73,0.3110796759340416
BPIC13_closed,handover,logloss_skill,74,0.369485759440338
BPIC13_closed,handover,logloss_skill,75,0.2622713673385113
BPIC13_closed,handover,logloss_skill,76,0.5986553589383768
BPIC13_closed,handover,logloss_skill,77,0.5692782052190009
BPIC13_closed,handover,logloss_skill,78,0.48639720534460795
BPIC13_closed,handover,logloss_skill,79,0.5555914975737511
BPIC13_closed,handover,nagelkerke,0,0.40964664333251
BPIC13_closed,handover,nagelkerke,1,0.55551014877221
BPIC13_closed,handover,nagelkerke,2,0.5506478361204912
BPIC13_closed,handover,nagelkerke,3,0.3035824480872078
BPIC13_closed,handover,nagelkerke,4,0.5517618161105531
BPIC13_closed,handover,nagelkerke,5,0.7220588768799544
BPIC13_closed,handover,nagelkerke,6,0.5119516691515726
BPIC13_closed,handover,nagelkerke,7,0.39167882565189316
BPIC13_closed,handover,nagelkerke,8,0.504203163014789
BPIC13_closed,handover,nagelkerke,9,0.37775178750799276
BPIC13_closed,handover,nagelkerke,10,0.6834527638838347
BPIC13_closed,handover,nagelkerke,11,0.37172850391601675
BPIC13_closed,handover,nagelkerke,12,0.2868088415421921
BPIC13_closed,handover,nagelkerke,13,0.45798643672569694
BPIC13_closed,handover,nagelkerke,14,0.4272046276434258
BPIC13_closed,handover,nagelkerke,15,0.47686492437392103
BPIC13_closed,handover,nagelkerke,16,0.3275745254176188
BPIC13_closed,handover,nagelkerke,17,0.4330902506268084
BPIC13_closed,handover,nagelkerke,18,0.5446888180447641
BPIC13_closed,handover,nagelkerke,19,0.5820570547876037
BPIC13_closed,handover,nagelkerke,20,0.5462492492599874
BPIC13_closed,handover,nagelkerke,21,0.3938617993392143
BPIC13_closed,handover,nagelkerke,22,0.6126024409969282
BPIC13_closed,handover,nagelkerke,23,0.6961633370819601
BPIC13_closed,handover,nagelkerke,24,0.3862054496462508
BPIC13_closed,handover,nagelkerke,25,0.3183195032858833
BPIC13_closed,handover,nagelkerke,26,0.4851661525581046
BPIC13_closed,handover,nagelkerke,27,0.4232029550986648
BPIC13_closed,handover,nagelkerke,28,0.5924556823816363
BPIC13_closed,handover,nagelkerke,29,0.454540180903216
BPIC13_closed,handover,nagelkerke,30,0.3942478148077442
BPIC13_closed,handover,nagelkerke,31,0.4359049682875549
BPIC13_closed,handover,nagelkerke,32,0.353298409856881
BPIC13_closed,handover,nagelkerke,33,0.5424000898214747
BPIC13_closed,handover,nagelkerke,34,0.33884726710701896
BPIC13_closed,handover,nagelkerke,35,0.458546613179861
BPIC13_closed,handover,nagelkerke,36,0.28593682925932906
BPIC13_closed,handover,nagelkerke,37,0.5989781849796605
BPIC13_closed,handover,nagelkerke,38,0.46366478588413707
BPIC13_closed,handover,nagelkerke,39,0.4312740419731277
BPIC13_closed,handover,nagelkerke,40,0.4480692266898312
BPIC13_closed,handover,nagelkerke,41,0.46318603964314864
BPIC13_closed,handover,nagelkerke,42,0.4964692016807355
BPIC13_closed,handover,nagelkerke,43,0.3518748571218093
BPIC13_closed,handover,nagelkerke,44,0.3890662419576485
BPIC13_closed,handover,nagelkerke,45,0.6320785610107484
BPIC13_closed,handover,nagelkerke,46,0.41770749162744336
BPIC13_closed,handover,nagelkerke,47,0.5791087062930347
BPIC13_closed,handover,nagelkerke,48,0.6049521461331797
BPIC13_closed,handover,nagelkerke,49,0.49233041673652134
BPIC13_closed,handover,nagelkerke,50,0.551645986202825
BPIC13_closed,handover,nagelkerke,51,0.31843584476113007
BPIC13_closed,handover,nagelkerke,52,0.4675846794922107
BPIC13_closed,handover,nagelkerke,53,0.641905698595617
BPIC13_closed,handover,nagelkerke,54,0.4943130191688918
BPIC13_closed,handover,nagelkerke,55,0.3370086739824818
BPIC13_closed,handover,nagelkerke,56,0.7235497778880431
BPIC13_closed,handover,nagelkerke,57,0.6288240851451128
BPIC13_closed,handover,nagelkerke,58,0.6026054194140211
BPIC13_closed,handover,nagelkerke,59,0.3479346001186634
BPIC13_closed,handover,nagelkerke,60,0.3928328915879291
BPIC13_closed,handover,nagelkerke,61,0.6431183929959211
BPIC13_closed,handover,nagelkerke,62,0.595135714428326
BPIC13_closed,handover,nagelkerke,63,0.4229807191434205
BPIC13_closed,handover,nagelkerke,64,0.47566481294179896
BPIC13_closed,handover,nagelkerke,65,0.41145174625927616
BPIC13_closed,handover,nagelkerke,66,0.4097786448313676
BPIC13_closed,handover,nagelkerke,67,0.3780595512171543
BPIC13_closed,handover,nagelkerke,68,0.42422377703522496
BPIC13_closed,handover,nagelkerke,69,0.5431547804564485
BPIC13_closed,handover,nagelkerke,70,0.588486706719362
BPIC13_closed,handover,nagelkerke,71,0.3831035847665738
BPIC13_closed,handover,nagelkerke,72,0.6206113662261178
BPIC13_closed,handover,nagelkerke,73,0.34719950082602313
BPIC13_closed,handover,nagelkerke,74,0.4795559236132041
BPIC13_closed,handover,nagelkerke,75,0.39913751098927197
BPIC13_closed,handover,nagelkerke,76,0.4807399700513838
BPIC13_closed,handover,nagelkerke,77,0.639256353567184
BPIC13_closed,handover,nagelkerke,78,0.5060588285438302
BPIC13_closed,handover,nagelkerke,79,0.5661338911740224
BPIC13_incidents,duration,ap,0,0.29865278594202627
BPIC13_incidents,duration,ap,1,0.10976269884935119
BPIC13_incidents,duration,ap,2,0.5648764691465992
BPIC13_incidents,duration,ap,3,0.49001371632810176
BPIC13_incidents,duration,ap,4,0.3426852086403861
BPIC13_incidents,duration,ap,5,0.23053936203095948
BPIC13_incidents,duration,ap,6,0.50087809121626
BPIC13_incidents,duration,ap,7,0.22839836862226903
BPIC13_incidents,duration,ap,8,0.20481407881620262
BPIC13_incidents,duration,ap,9,0.24183780451420822
BPIC13_incidents,duration,ap,10,0.20335202167124977
BPIC13_incidents,duration,ap,11,0.08543412207939205
BPIC13_incidents,duration,ap,12,0.31013797784788555
BPIC13_incidents,duration,ap,13,0.1892525984916127
BPIC13_incidents,duration,ap,14,0.3653295166456556
BPIC13_incidents,duration,ap,15,0.2327448672745298
BPIC13_incidents,duration,ap,16,0.3157072505002747
BPIC13_incidents,duration,ap,17,0.3409203241172698
BPIC13_incidents,duration,ap,18,0.35775660900436135
BPIC13_incidents,duration,ap,19,0.17430795356062867
BPIC13_incidents,duration,ap,20,0.3713509081607871
BPIC13_incidents,duration,ap,21,0.32100744401703585
BPIC13_incidents,duration,ap,22,0.5077830548722257
BPIC13_incidents,duration,ap,23,0.48637380372311445
BPIC13_incidents,duration,ap,24,0.3210889997945654
BPIC13_incidents,duration,ap,25,0.33808122119087614
BPIC13_incidents,duration,ap,26,0.19158687939837327
BPIC13_incidents,duration,ap,27,0.27717950949769454
BPIC13_incidents,duration,ap,28,0.4159241269319889
BPIC13_incidents,duration,ap,29,0.2673316674562711
BPIC13_incidents,duration,ap,30,0.10596499173775253
BPIC13_incidents,duration,ap,31,0.23714439186602632
BPIC13_incidents,duration,ap,32,0.5273206363682759
BPIC13_incidents,duration,ap,33,0.26459368885435874
BPIC13_incidents,duration,ap,34,0.22258327067040296
BPIC13_incidents,duration,ap,35,0.4972313164134492
BPIC13_incidents,duration,ap,36,0.35195616959493925
BPIC13_incidents,duration,ap,37,0.3638337963585476
BPIC13_incidents,duration,ap,38,0.23671083004706728
BPIC13_incidents,duration,ap,39,0.40827876041483724
BPIC13_incidents,duration,ap,40,0.3161810898216163
BPIC13_incidents,duration,ap,41,0.18443901095745152
BPIC13_incidents,duration,ap,42,0.3942146793582666
BPIC13_incidents,duration,ap,43,0.551375628683197
BPIC13_incidents,duration,ap,44,0.2827660390671194
BPIC13_incidents,duration,ap,45,0.15627955958484285
BPIC13_incidents,duration,ap,46,0.7896698468617556
BPIC13_incidents,duration,ap,47,0.15589929931711288
BPIC13_incidents,duration,ap,48,0.21447975536964348
BPIC13_incidents,duration,ap,49,0.39628277312685345
BPIC13_incidents,duration,ap,50,0.25114728306966283
BPIC13_incidents,duration,ap,51,0.3055785497485194
BPIC13_incidents,duration,ap,52,0.17934670749850812
BPIC13_incidents,duration,ap,53,0.32072238386787366
BPIC13_incidents,duration,ap,54,0.5188097655475653
BPIC13_incidents,duration,ap,55,0.19988619309717892
BPIC13_incidents,duration,ap,56,0.21742151735738502
BPIC13_incidents,duration,ap,57,0.13794244155982627
BPIC13_incidents,duration,ap,58,0.4099809869716686
BPIC13_incidents,duration,ap,59,0.5077287761255805
BPIC13_incidents,duration,ap,60,0.4002724147762218
BPIC13_incidents,duration,ap,61,0.43166283374985037
BPIC13_incidents,duration,ap,62,0.3413488228818037
BPIC13_incidents,duration,ap,63,0.31924133825427026
BPIC13_incidents,duration,ap,64,0.21740627163535975
BPIC13_incidents,duration,ap,65,0.24201390618776109
BPIC13_incidents,duration,ap,66,0.23831427020571216
BPIC13_incidents,duration,ap,67,0.38010514576605736
BPIC13_incidents,duration,ap,68,0.2246645529131056
BPIC13_incidents,duration,ap,69,0.1721970338006087
BPIC13_incidents,duration,ap,70,0.22037065992523108
BPIC13_incidents,duration,ap,71,0.1960468861579172
BPIC13_incidents,duration,ap,72,0.30441139053925403
BPIC13_incidents,duration,ap,73,0.15223201578191792
BPIC13_incidents,duration,ap,74,0.4591937049050957
BPIC13_incidents,duration,ap,75,0.3196385346166911
BPIC13_incidents,duration,ap,76,0.14148122576279654
BPIC13_incidents,duration,ap,77,0.33630224736194125
BPIC13_incidents,duration,ap,78,0.24225659825908386
BPIC13_incidents,duration,ap,79,0.28676537011847214
BPIC13_incidents,duration,auc,0,0.19222371353413048
BPIC13_incidents,duration,auc,1,0.1974234344407716
BPIC13_incidents,duration,auc,2,0.2354984126264721
BPIC13_incidents,duration,auc,3,0.16682334080564443
BPIC13_incidents,duration,auc,4,0.1896761993487327
BPIC13_incidents,duration,auc,5,0.13893175348120812
BPIC13_incidents,duration,auc,6,0.17222557966178398
BPIC13_incidents,duration,auc,7,0.22310970919319073
BPIC13_incidents,duration,auc,8,0.16659610188009466
BPIC13_incidents,duration,auc,9,0.1681742364303902
BPIC13_incidents,duration,auc,10,0.17009110609265266
BPIC13_incidents,duration,auc,11,0.06881780913159252
BPIC13_incidents,duration,auc,12,0.11177541051368434
BPIC13_incidents,duration,auc,13,0.11877838001731722
BPIC13_incidents,duration,auc,14,0.13599959905575176
BPIC13_incidents,duration,auc,15,0.21345533630826297
BPIC13_incidents,duration,auc,16,0.2079489630372604
BPIC13_incidents,duration,auc,17,0.2575237388111299
BPIC13_incidents,duration,auc,18,0.309018437870773
BPIC13_incidents,duration,auc,19,0.16757786432687594
BPIC13_incidents,duration,auc,20,0.3801585859704698
BPIC13_incidents,duration,auc,21,0.18910936999033467
BPIC13_incidents,duration,auc,22,0.23703085194903872
BPIC13_incidents,duration,auc,23,0.2801213354542116
BPIC13_incidents,duration,auc,24,0.2647325136483487
BPIC13_incidents,duration,auc,25,0.14508505564453378
BPIC13_incidents,duration,auc,26,0.11255433162080397
BPIC13_incidents,duration,auc,27,0.26481357936199756
BPIC13_incidents,duration,auc,28,0.309954120794214
BPIC13_incidents,duration,auc,29,0.25561886609146733
BPIC13_incidents,duration,auc,30,0.12617957004484004
BPIC13_incidents,duration,auc,31,0.3394382613739575
BPIC13_incidents,duration,auc,32,0.31205010487971985
BPIC13_incidents,duration,auc,33,0.13512108681617996
BPIC13_incidents,duration,auc,34,0.2209449422924582
BPIC13_incidents,duration,auc,35,0.19114807042699977
BPIC13_incidents,duration,auc,36,0.2795037068323293
BPIC13_incidents,duration,auc,37,0.4814493381999225
BPIC13_incidents,duration,auc,38,0.16443697806100377
BPIC13_incidents,duration,auc,39,0.19077157540664214
BPIC13_incidents,duration,auc,40,0.25315427798252155
BPIC13_incidents,duration,auc,41,0.14327662273635045
BPIC13_incidents,duration,auc,42,0.24564927981624907
BPIC13_incidents,duration,auc,43,0.2233180745182417
BPIC13_incidents,duration,auc,44,0.0957695503870104
BPIC13_incidents,duration,auc,45,0.14694665683541386
BPIC13_incidents,duration,auc,46,0.3542204302596479
BPIC13_incidents,duration,auc,47,0.15876514098481564
BPIC13_incidents,duration,auc,48,0.28910375449288217
BPIC13_incidents,duration,auc,49,0.18573591216818996
BPIC13_incidents,duration,auc,50,0.21619999664467193
BPIC13_incidents,duration,auc,51,0.5064149007135688
BPIC13_incidents,duration,auc,52,0.09439534629632496
BPIC13_incidents,duration,auc,53,0.15921939174889632
BPIC13_incidents,duration,auc,54,0.2161943842695827
BPIC13_incidents,duration,auc,55,0.15072089183960946
BPIC13_incidents,duration,auc,56,0.16098760336426876
BPIC13_incidents,duration,auc,57,0.18585991116696032
BPIC13_incidents,duration,auc,58,0.23445881165398075
BPIC13_incidents,duration,auc,59,0.17220168539077196
BPIC13_incidents,duration,auc,60,0.21578336352172334
BPIC13_incidents,duration,auc,61,0.2871208557446234
BPIC13_incidents,duration,auc,62,0.22814560098439163
BPIC13_incidents,duration,auc,63,0.27686667455643754
BPIC13_incidents,duration,auc,64,0.16821244741295038
BPIC13_incidents,duration,auc,65,0.19180845748801456
BPIC13_incidents,duration,auc,66,0.17256534658636813
BPIC13_incidents,duration,auc,67,0.1260168236088589
BPIC13_incidents,duration,auc,68,0.12103334405625144
BPIC13_incidents,duration,auc,69,0.09277694002826486
BPIC13_incidents,duration,auc,70,0.16367688659881785
BPIC13_incidents,duration,auc,71,0.17360124450827752
BPIC13_incidents,duration,auc,72,0.19155698073962202
BPIC13_incidents,duration,auc,73,0.17200092124695698
BPIC13_incidents,duration,auc,74,0.20900163649091286
BPIC13_incidents,duration,auc,75,0.23421413211696418
BPIC13_incidents,duration,auc,76,0.12572953109147933
BPIC13_incidents,duration,auc,77,0.16953283833378652
BPIC13_incidents,duration,auc,78,0.22941633090908797
BPIC13_incidents,duration,auc,79,0.21552939201678767
BPIC13_incidents,duration,brier_skill,0,0.5144383104357453
BPIC13_incidents,duration,brier_skill,1,0.4664970921816136
BPIC13_incidents,duration,brier_skill,2,0.9310387359930916
BPIC13_incidents,duration,brier_skill,3,0.6312062392639584
BPIC13_incidents,duration,brier_skill,4,0.4160720369753186
BPIC13_incidents,duration,brier_skill,5,0.2978479419056088
BPIC13_incidents,duration,brier_skill,6,0.47276052015670733
BPIC13_incidents,duration,brier_skill,7,0.5501380149123831
BPIC13_incidents,duration,brier_skill,8,0.47821734124270254
BPIC13_incidents,duration,brier_skill,9,0.9302714041723167
BPIC13_incidents,duration,brier_skill,10,0.7971666955518781
BPIC13_incidents,duration,brier_skill,11,0.616196936171922
BPIC13_incidents,duration,brier_skill,12,0.8035987751047586
BPIC13_incidents,duration,brier_skill,13,0.37252956998620124
BPIC13_incidents,duration,brier_skill,14,0.5013695362084505
BPIC13_incidents,duration,brier_skill,15,0.4873751852283976
BPIC13_incidents,duration,brier_skill,16,0.5129051512835192
BPIC13_incidents,duration,brier_skill,17,0.6689467290506215
BPIC13_incidents,duration,brier_skill,18,0.23652984738723015
BPIC13_incidents,duration,brier_skill,19,0.1795369520748833
BPIC13_incidents,duration,brier_skill,20,0.5989135876545502
BPIC13_incidents,duration,brier_skill,21,0.7076037187012485
BPIC13_incidents,duration,brier_skill,22,0.7067053234737345
BPIC13_incidents,duration,brier_skill,23,0.6918425473707218
BPIC13_incidents,duration,brier_skill,24,0.6195111768038061
BPIC13_incidents,duration,brier_skill,25,0.3573986044370333
BPIC13_incidents,duration,brier_skill,26,0.5762986202363318
BPIC13_incidents,duration,brier_skill,27,0.6957778951181002
BPIC13_incidents,duration,brier_skill,28,0.7199434968602363
BPIC13_incidents,duration,brier_skill,29,0.6899104083341703
BPIC13_incidents,duration,brier_skill,30,0.42921573356440146
BPIC13_incidents,duration,brier_skill,31,0.7496373241754493
BPIC13_incidents,duration,brier_skill,32,0.4205579001270844
BPIC13_incidents,duration,brier_skill,33,0.23743041808284915
BPIC13_incidents,duration,brier_skill,34,0.25032300060612456
BPIC13_incidents,duration,brier_skill,35,0.663467296402617
BPIC13_incidents,duration,brier_skill,36,0.6255222575760249
BPIC13_incidents,duration,brier_skill,37,0.3623997425326799
BPIC13_incidents,duration,brier_skill,38,0.2628140153932539
BPIC13_incidents,duration,brier_skill,39,0.40288619604926146
BPIC13_incidents,duration,brier_skill,40,0.5969215676988314
BPIC13_incidents,duration,brier_skill,41,0.7008710972250449
BPIC13_incidents,duration,brier_skill,42,0.6764066096385569
BPIC13_incidents,duration,brier_skill,43,0.8311535984546148
BPIC13_incidents,duration,brier_skill,44,0.5466749260455572
BPIC13_incidents,duration,brier_skill,45,0.43977993998445053
BPIC13_incidents,duration,brier_skill,46,0.5839230425646995
BPIC13_incidents,duration,brier_skill,47,0.4043291919933698
BPIC13_incidents,duration,brier_skill,48,0.4462707327989974
BPIC13_incidents,duration,brier_skill,49,0.2165574107159668
BPIC13_incidents,duration,brier_skill,50,0.6493495227522489
BPIC13_incidents,duration,brier_skill,51,0.5946338137904278
BPIC13_incidents,duration,brier_skill,52,0.49153944578098707
BPIC13_incidents,duration,brier_skill,53,0.5040420313545169
BPIC13_incidents,duration,brier_skill,54,0.885244029739563
BPIC13_incidents,duration,brier_skill,55,0.4698142534136336
BPIC13_incidents,duration,brier_skill,56,0.5980262808204225
BPIC13_incidents,duration,brier_skill,57,0.3061215853133705
BPIC13_incidents,duration,brier_skill,58,0.5548891520327174
BPIC13_incidents,duration,brier_skill,59,0.4629621428081889
BPIC13_incidents,duration,brier_skill,60,0.2723528929750292
BPIC13_incidents,duration,brier_skill,61,0.2598605001654196
BPIC13_incidents,duration,brier_skill,62,0.8297995010514042
BPIC13_incidents,duration,brier_skill,63,0.5009845256925032
BPIC13_incidents,duration,brier_skill,64,0.7619581064369643
BPIC13_incidents,duration,brier_skill,65,0.4046199929550057
BPIC13_incidents,duration,brier_skill,66,0.7838588708067618
BPIC13_incidents,duration,brier_skill,67,0.7979754385613295
BPIC13_incidents,duration,brier_skill,68,0.5816128736284915
BPIC13_incidents,duration,brier_skill,69,0.28567754200731144
BPIC13_incidents,duration,brier_skill,70,0.42911219869453643
BPIC13_incidents,duration,brier_skill,71,0.6315696828273265
BPIC13_incidents,duration,brier_skill,72,0.6159799505208301
BPIC13_incidents,duration,brier_skill,73,0.46564555665340135
BPIC13_incidents,duration,brier_skill,74,0.7634250949797203
BPIC13_incidents,duration,brier_skill,75,0.3090393133001844
BPIC13_incidents,duration,brier_skill,76,0.5731728544733212
BPIC13_incidents,duration,brier_skill,77,0.20409774511223389
BPIC13_incidents,duration,brier_skill,78,0.6602119298344145
BPIC13_incidents,duration,brier_skill,79,0.539361854599588
BPIC13_incidents,duration,logloss_skill,0,0.5953086471630591
BPIC13_incidents,duration,logloss_skill,1,0.4206482381013342
BPIC13_incidents,duration,logloss_skill,2,0.8957549607648688
BPIC13_incidents,duration,logloss_skill,3,0.5165838786108066
BPIC13_incidents,duration,logloss_skill,4,0.36845836105255236
BPIC13_incidents,duration,logloss_skill,5,0.39806842223173067
BPIC13_incidents,duration,logloss_skill,6,0.36755839219093767
BPIC13_incidents,duration,logloss_skill,7,0.5504509912035578
BPIC13_incidents,duration,logloss_skill,8,0.4063492675406829
BPIC13_incidents,duration,logloss_skill,9,0.8936395966206558
BPIC13_incidents,duration,logloss_skill,10,0.7044719754961156
BPIC13_incidents,duration,logloss_skill,11,0.47996134937861057
BPIC13_incidents,duration,logloss_skill,12,0.733589123277448
BPIC13_incidents,duration,logloss_skill,13,0.48587360811537095
BPIC13_incidents,duration,logloss_skill,14,0.48530744170681517
BPIC13_incidents,duration,logloss_skill,15,0.6230911684994711
BPIC13_incidents,duration,logloss_skill,16,0.43968213398944256
BPIC13_incidents,duration,logloss_skill,17,0.8380512589241189
BPIC13_incidents,duration,logloss_skill,18,0.623590087841575
BPIC13_incidents,duration,logloss_skill,19,0.15392264576473313
BPIC13_incidents,duration,logloss_skill,20,0.5799004818465641
BPIC13_incidents,duration,logloss_skill,21,0.6223196534033691
BPIC13_incidents,duration,logloss_skill,22,0.5834526472382076
BPIC13_incidents,duration,logloss_skill,23,0.5693864398569377
BPIC13_incidents,duration,logloss_skill,24,0.7244692846779527
BPIC13_incidents,duration,logloss_skill,25,0.4870606211098286
BPIC13_incidents,duration,logloss_skill,26,0.819278225725244
BPIC13_incidents,duration,logloss_skill,27,0.43789443608084944
BPIC13_incidents,duration,logloss_skill,28,0.781421643740313
BPIC13_incidents,duration,logloss_skill,29,0.6182362526621878
BPIC13_incidents,duration,logloss_skill,30,0.5624734048589267
BPIC13_incidents,duration,logloss_skill,31,0.6926987031718896
BPIC13_incidents,duration,logloss_skill,32,0.4587309282819083
BPIC13_incidents,duration,logloss_skill,33,0.34425752325423165
BPIC13_incidents,duration,logloss_skill,34,0.2870081536002559
BPIC13_incidents,duration,logloss_skill,35,0.570958177972793
BPIC13_incidents,duration,logloss_skill,36,0.5859552170047495
BPIC13_incidents,duration,logloss_skill,37,0.5389607581790127
BPIC13_incidents,duration,logloss_skill,38,0.26884256445252896
BPIC13_incidents,duration,logloss_skill,39,0.375684581322709
BPIC13_incidents,duration,logloss_skill,40,0.6255359152807578
BPIC13_incidents,duration,logloss_skill,41,0.5830050889798135
BPIC13_incidents,duration,logloss_skill,42,0.49429426342657345
BPIC13_incidents,duration,logloss_skill,43,0.7935757855777951
BPIC13_incidents,duration,logloss_skill,44,0.41441345597401424
BPIC13_incidents,duration,logloss_skill,45,0.5026645665542365
BPIC13_incidents,duration,logloss_skill,46,0.57632400382285
BPIC13_incidents,duration,logloss_skill,47,0.25868509895570035
BPIC13_incidents,duration,logloss_skill,48,0.42231265553772956
BPIC13_incidents,duration,logloss_skill,49,0.3424858281568678
BPIC13_incidents,duration,logloss_skill,50,0.7033332923785187
BPIC13_incidents,duration,logloss_skill,51,0.6527334466121772
BPIC13_incidents,duration,logloss_skill,52,0.6365484219310773
BPIC13_incidents,duration,logloss_skill,53,0.6261272393848869
BPIC13_incidents,duration,logloss_skill,54,0.7984405075515547
BPIC13_incidents,duration,logloss_skill,55,0.5315559804768075
BPIC13_incidents,duration,logloss_skill,56,0.6155198569235162
BPIC13_incidents,duration,logloss_skill,57,0.27933515781484863
BPIC13_incidents,duration,logloss_skill,58,0.5289250320466434
BPIC13_incidents,duration,logloss_skill,59,0.31616058216493426
BPIC13_incidents,duration,logloss_skill,60,0.2788648947398802
BPIC13_incidents,duration,logloss_skill,61,0.40354274986931815
BPIC13_incidents,duration,logloss_skill,62,0.7313480464060672
BPIC13_incidents,duration,logloss_skill,63,0.5671280966457521
BPIC13_incidents,duration,logloss_skill,64,0.7263746566960775
BPIC13_incidents,duration,logloss_skill,65,0.28954391271122537
BPIC13_incidents,duration,logloss_skill,66,0.547935322114379
BPIC13_incidents,duration,logloss_skill,67,0.7898295498313788
BPIC13_incidents,duration,logloss_skill,68,0.713121317046412
BPIC13_incidents,duration,logloss_skill,69,0.4015063388400467
BPIC13_incidents,duration,logloss_skill,70,0.42558226380225284
BPIC13_incidents,duration,logloss_skill,71,0.6060906269436686
BPIC13_incidents,duration,logloss_skill,72,0.5954961746404959
BPIC13_incidents,duration,logloss_skill,73,0.5546097477836014
BPIC13_incidents,duration,logloss_skill,74,0.6164495022660446
BPIC13_incidents,duration,logloss_skill,75,0.3112895505005401
BPIC13_incidents,duration,logloss_skill,76,0.563500977844221
BPIC13_incidents,duration,logloss_skill,77,0.2708860847232746
BPIC13_incidents,duration,logloss_skill,78,0.5050351442153002
BPIC13_incidents,duration,logloss_skill,79,0.6308900533529818
BPIC13_incidents,duration,nagelkerke,0,0.5991961522095267
BPIC13_incidents,duration,nagelkerke,1,0.412201476946913
BPIC13_incidents,duration,nagelkerke,2,0.8995419743304641
BPIC13_incidents,duration,nagelkerke,3,0.5278248343183836
BPIC13_incidents,duration,nagelkerke,4,0.40541492638406196
BPIC13_incidents,duration,nagelkerke,5,0.39918558037380336
BPIC13_incidents,duration,nagelkerke,6,0.36584373243525503
BPIC13_incidents,duration,nagelkerke,7,0.5567146000875662
BPIC13_incidents,duration,nagelkerke,8,0.4037180269657763
BPIC13_incidents,duration,nagelkerke,9,0.8909856334080271
BPIC13_incidents,duration,nagelkerke,10,0.6801369748877315
BPIC13_incidents,duration,nagelkerke,11,0.49064328262577905
BPIC13_incidents,duration,nagelkerke,12,0.7446735341417013
BPIC13_incidents,duration,nagelkerke,13,0.5308833909338061
BPIC13_incidents,duration,nagelkerke,14,0.470025946839436
BPIC13_incidents,duration,nagelkerke,15,0.6479521652800785
BPIC13_incidents,duration,nagelkerke,16,0.45139924218340266
BPIC13_incidents,duration,nagelkerke,17,0.8655522627652823
BPIC13_incidents,duration,nagelkerke,18,0.6289367479667836
BPIC13_incidents,duration,nagelkerke,19,0.16972362772291394
BPIC13_incidents,duration,nagelkerke,20,0.5996860989132842
BPIC13_incidents,duration,nagelkerke,21,0.6383954484572416
BPIC13_incidents,duration,nagelkerke,22,0.5836698490135882
BPIC13_incidents,duration,nagelkerke,23,0.607979654988378
BPIC13_incidents,duration,nagelkerke,24,0.7358464929901214
BPIC13_incidents,duration,nagelkerke,25,0.5189812140615585
BPIC13_incidents,duration,nagelkerke,26,0.8123446403040262
BPIC13_incidents,duration,nagelkerke,27,0.4456817860911524
BPIC13_incidents,duration,nagelkerke,28,0.7587002937234189
BPIC13_incidents,duration,nagelkerke,29,0.610065114773556
BPIC13_incidents,duration,nagelkerke,30,0.571758120926562
BPIC13_incidents,duration,nagelkerke,31,0.7099708767623845
BPIC13_incidents,duration,nagelkerke,32,0.4789457883666631
BPIC13_incidents,duration,nagelkerke,33,0.3974673418573491
BPIC13_incidents,duration,nagelkerke,34,0.2992526085941142
BPIC13_incidents,duration,nagelkerke,35,0.5716164014699308
BPIC13_incidents,duration,nagelkerke,36,0.5907216650722725
BPIC13_incidents,duration,nagelkerke,37,0.5401954235815105
BPIC13_incidents,duration,nagelkerke,38,0.29592782936529083
BPIC13_incidents,duration,nagelkerke,39,0.38836978649274534
BPIC13_incidents,duration,nagelkerke,40,0.6333919514801679
BPIC13_incidents,duration,nagelkerke,41,0.5850021781148051
BPIC13_incidents,duration,nagelkerke,42,0.4943766549776619
BPIC13_incidents,duration,nagelkerke,43,0.7265975544996036
BPIC13_incidents,duration,nagelkerke,44,0.4229203847708649
BPIC13_incidents,duration,nagelkerke,45,0.5200442797508057
BPIC13_incidents,duration,nagelkerke,46,0.5911201858822486
BPIC13_incidents,duration,nagelkerke,47,0.27790046064998175
BPIC13_incidents,duration,nagelkerke,48,0.4331395089258272
BPIC13_incidents,duration,nagelkerke,49,0.3543076781419684
BPIC13_incidents,duration,nagelkerke,50,0.6614726394560735
BPIC13_incidents,duration,nagelkerke,51,0.6217093155453816
BPIC13_incidents,duration,nagelkerke,52,0.6456384514608837
BPIC13_incidents,duration,nagelkerke,53,0.6244884537148829
BPIC13_incidents,duration,nagelkerke,54,0.7938194595306667
BPIC13_incidents,duration,nagelkerke,55,0.5483265858015139
BPIC13_incidents,duration,nagelkerke,56,0.6142777724155527
BPIC13_incidents,duration,nagelkerke,57,0.2640038582123937
BPIC13_incidents,duration,nagelkerke,58,0.5185548784347253
BPIC13_incidents,duration,nagelkerke,59,0.32111177406112557
BPIC13_incidents,duration,nagelkerke,60,0.28730723636644895
BPIC13_incidents,duration,nagelkerke,61,0.40717322478388984
BPIC13_incidents,duration,nagelkerke,62,0.738515247806379
BPIC13_incidents,duration,nagelkerke,63,0.5626189370843786
BPIC13_incidents,duration,nagelkerke,64,0.7243768540183374
BPIC13_incidents,duration,nagelkerke,65,0.27766018378917445
BPIC13_incidents,duration,nagelkerke,66,0.5354534797229596
BPIC13_incidents,duration,nagelkerke,67,0.7998447036457598
BPIC13_incidents,duration,nagelkerke,68,0.7094448356252441
BPIC13_incidents,duration,nagelkerke,69,0.41047979402989954
BPIC13_incidents,duration,nagelkerke,70,0.4363919481825981
BPIC13_incidents,duration,nagelkerke,71,0.5882008789153068
BPIC13_incidents,duration,nagelkerke,72,0.5813100845956546
BPIC13_incidents,duration,nagelkerke,73,0.5638365255833077
BPIC13_incidents,duration,nagelkerke,74,0.615940756330768
BPIC13_incidents,duration,nagelkerke,75,0.30804513911251763
BPIC13_incidents,duration,nagelkerke,76,0.5785689675128872
BPIC13_incidents,duration,nagelkerke,77,0.2575211437000453
BPIC13_incidents,duration,nagelkerke,78,0.5137912978770628
BPIC13_incidents,duration,nagelkerke,79,0.636570575862929
BPIC13_incidents,handover,ap,0,0.0531182301109655
BPIC13_incidents,handover,ap,1,0.045378483363575306
BPIC13_incidents,handover,ap,2,0.055692142755896845
BPIC13_incidents,handover,ap,3,0.051711393365283964
BPIC13_incidents,handover,ap,4,0.03489041318451824
BPIC13_incidents,handover,ap,5,0.0327011524228219
BPIC13_incidents,handover,ap,6,0.03041839878033692
BPIC13_incidents,handover,ap,7,0.03683727991460528
BPIC13_incidents,handover,ap,8,0.034289998638186825
BPIC13_incidents,handover,ap,9,0.05680461869002573
BPIC13_incidents,handover,ap,10,0.05974109138709127
BPIC13_incidents,handover,ap,11,0.03906506636646856
BPIC13_incidents,handover,ap,12,0.04981870590129556
BPIC13_incidents,handover,ap,13,0.03493442903734878
BPIC13_incidents,handover,ap,14,0.04331965532305293
BPIC13_incidents,handover,ap,15,0.05377402220066729
BPIC13_incidents,handover,ap,16,0.04403114226080529
BPIC13_incidents,handover,ap,17,0.06306333474621306
BPIC13_incidents,handover,ap,18,0.03874208580858152
BPIC13_incidents,handover,ap,19,0.07409241720212234
BPIC13_incidents,handover,ap,20,0.045785052749396815
BPIC13_incidents,handover,ap,21,0.04401019949520246
BPIC13_incidents,handover,ap,22,0.042793284995205516
BPIC13_incidents,handover,ap,23,0.04818527729616584
BPIC13_incidents,handover,ap,24,0.03233991111025203
BPIC13_incidents,handover,ap,25,0.04576335407869192
BPIC13_incidents,handover,ap,26,0.0463704673139439
BPIC13_incidents,handover,ap,27,0.032631384531991436
BPIC13_incidents,handover,ap,28,0.05228101406181318
BPIC13_incidents,handover,ap,29,0.0654016518478554
BPIC13_incidents,handover,ap,30,0.03924863717629545
BPIC13_incidents,handover,ap,31,0.047029315415861084
BPIC13_incidents,handover,ap,32,0.07740798786500036
BPIC13_incidents,handover,ap,33,0.05182975209861018
BPIC13_incidents,handover,ap,34,0.06335851952561311
BPIC13_incidents,handover,ap,35,0.047729231610501355
BPIC13_incidents,handover,ap,36,0.03241789257790628
BPIC13_incidents,handover,ap,37,0.05542210979093076
BPIC13_incidents,handover,ap,38,0.07546985078099677
BPIC13_incidents,handover,ap,39,0.05859969758781047
BPIC13_incidents,handover,ap,40,0.0419005734179807
BPIC13_incidents,handover,ap,41,0.06552182166024001
BPIC13_incidents,handover,ap,42,0.05451444671063976
BPIC13_incidents,handover,ap,43,0.04194137852369351
BPIC13_incidents,handover,ap,44,0.044274069410199623
BPIC13_incidents,handover,ap,45,0.05034032367453212
BPIC13_incidents,handover,ap,46,0.030888745143250573
BPIC13_incidents,handover,ap,47,0.03360227501064317
BPIC13_incidents,handover,ap,48,0.04545637573943884
BPIC13_incidents,handover,ap,49,0.050754840775163124
BPIC13_incidents,handover,ap,50,0.04463000006742468
BPIC13_incidents,handover,ap,51,0.04681387805522175
BPIC13_incidents,handover,ap,52,0.0900151090947221
BPIC13_incidents,handover,ap,53,0.02694353561143359
BPIC13_incidents,handover,ap,54,0.04270796356090112
BPIC13_incidents,handover,ap,55,0.09796477425932215
BPIC13_incidents,handover,ap,56,0.03913665699727131
BPIC13_incidents,handover,ap,57,0.12168785055593068
BPIC13_incidents,handover,ap,58,0.07818354403438266
BPIC13_incidents,handover,ap,59,0.07189092514009932
BPIC13_incidents,handover,ap,60,0.08103359136623856
BPIC13_incidents,handover,ap,61,0.036241818698904193
BPIC13_incidents,handover,ap,62,0.04103314860713736
BPIC13_incidents,handover,ap,63,0.04865738576701362
BPIC13_incidents,handover,ap,64,0.03747266754167422
BPIC13_incidents,handover,ap,65,0.04540359240367853
BPIC13_incidents,handover,ap,66,0.03575600981282723
BPIC13_incidents,handover,ap,67,0.05085812241755572
BPIC13_incidents,handover,ap,68,0.04008466213133888
BPIC13_incidents,handover,ap,69,0.033586052518014164
BPIC13_incidents,handover,ap,70,0.03146515093425528
BPIC13_incidents,handover,ap,71,0.04109478508402542
BPIC13_incidents,handover,ap,72,0.03902546983734845
BPIC13_incidents,handover,ap,73,0.049668016803848136
BPIC13_incidents,handover,ap,74,0.032027670720517154
BPIC13_incidents,handover,ap,75,0.03631458980577795
BPIC13_incidents,handover,ap,76,0.040698818019988536
BPIC13_incidents,handover,ap,77,0.06050594288762412
BPIC13_incidents,handover,ap,78,0.03934353175981431
BPIC13_incidents,handover,ap,79,0.04581442584953488
BPIC13_incidents,handover,auc,0,0.08749652131414087
BPIC13_incidents,handover,auc,1,0.07299098020936912
BPIC13_incidents,handover,auc,2,0.11105028469959
BPIC13_incidents,handover,auc,3,0.15284131612271556
BPIC13_incidents,handover,auc,4,0.05839631572936643
BPIC13_incidents,handover,auc,5,0.06738281324235396
BPIC13_incidents,handover,auc,6,0.05428990477077755
BPIC13_incidents,handover,auc,7,0.03666019769266837
BPIC13_incidents,handover,auc,8,0.08072982689353458
BPIC13_incidents,handover,auc,9,0.0905619223755213
BPIC13_incidents,handover,auc,10,0.14269391664122755
BPIC13_incidents,handover,auc,11,0.07700602092453579
BPIC13_incidents,handover,auc,12,0.08682387130903624
BPIC13_incidents,handover,auc,13,0.09464889694828027
BPIC13_incidents,handover,auc,14,0.09147621368465231
BPIC13_incidents,handover,auc,15,0.09817797149378449
BPIC13_incidents,handover,auc,16,0.06147532989022797
BPIC13_incidents,handover,auc,17,0.10190538024996154
BPIC13_incidents,handover,auc,18,0.08788442551134945
BPIC13_incidents,handover,auc,19,0.091726915904489
BPIC13_incidents,handover,auc,20,0.07738141993775738
BPIC13_incidents,handover,auc,21,0.09396188011132445
BPIC13_incidents,handover,auc,22,0.07912355287647643
BPIC13_incidents,handover,auc,23,0.07244520167728241
BPIC13_incidents,handover,auc,24,0.06747873997568388
BPIC13_incidents,handover,auc,25,0.07275179756723316
BPIC13_incidents,handover,auc,26,0.10216511980533594
BPIC13_incidents,handover,auc,27,0.047492711386065145
BPIC13_incidents,handover,auc,28,0.12243326826529699
BPIC13_incidents,handover,auc,29,0.12875259769158243
BPIC13_incidents,handover,auc,30,0.05447665854138817
BPIC13_incidents,handover,auc,31,0.12153613153337584
BPIC13_incidents,handover,auc,32,0.14487464515031312
BPIC13_incidents,handover,auc,33,0.09399972719106486
BPIC13_incidents,handover,auc,34,0.14896194346177805
BPIC13_incidents,handover,auc,35,0.07078953044791492
BPIC13_incidents,handover,auc,36,0.07262388191698255
BPIC13_incidents,handover,auc,37,0.062293027005387414
BPIC13_incidents,handover,auc,38,0.08481969388617205
BPIC13_incidents,handover,auc,39,0.10024664578636666
BPIC13_incidents,handover,auc,40,0.07705331564315099
BPIC13_incidents,handover,auc,41,0.0829256057160831
BPIC13_incidents,handover,auc,42,0.10463319944723626
BPIC13_incidents,handover,auc,43,0.10488195539927525
BPIC13_incidents,handover,auc,44,0.11239982195864218
BPIC13_incidents,handover,auc,45,0.06688758108805937
BPIC13_incidents,handover,auc,46,0.05719225547598639
BPIC13_incidents,handover,auc,47,0.04842718130631396
BPIC13_incidents,handover,auc,48,0.09607808926562045
BPIC13_incidents,handover,auc,49,0.07335150229144838
BPIC13_incidents,handover,auc,50,0.09843148662770085
BPIC13_incidents,handover,auc,51,0.07343332140003966
BPIC13_incidents,handover,auc,52,0.24943742819148207
BPIC13_incidents,handover,auc,53,0.05544250573061549
BPIC13_incidents,handover,auc,54,0.10954629410732997
BPIC13_incidents,handover,auc,55,0.11539916962734043
BPIC13_incidents,handover,auc,56,0.05029042687678187
BPIC13_incidents,handover,auc,57,0.2794727303120764
BPIC13_incidents,handover,auc,58,0.10330864678427842
BPIC13_incidents,handover,auc,59,0.13055198873923057
BPIC13_incidents,handover,auc,60,0.12097242628420246
BPIC13_incidents,handover,auc,61,0.04485541145237948
BPIC13_incidents,handover,auc,62,0.06622084402413597
BPIC13_incidents,handover,auc,63,0.07098866540696702
BPIC13_incidents,handover,auc,64,0.04843670246441922
BPIC13_incidents,handover,auc,65,0.04420535339071341
BPIC13_incidents,handover,auc,66,0.04812625911916801
BPIC13_incidents,handover,auc,67,0.1370196209340271
BPIC13_incidents,handover,auc,68,0.05981211757006788
BPIC13_incidents,handover,auc,69,0.08278885269829073
BPIC13_incidents,handover,auc,70,0.05629965660154723
BPIC13_incidents,handover,auc,71,0.09296162438930666
BPIC13_incidents,handover,auc,72,0.07381827186196221
BPIC13_incidents,handover,auc,73,0.10306417163343795
BPIC13_incidents,handover,auc,74,0.08309744273318564
BPIC13_incidents,handover,auc,75,0.06088423094713735
BPIC13_incidents,handover,auc,76,0.06598231547914857
BPIC13_incidents,handover,auc,77,0.059581542965813084
BPIC13_incidents,handover,auc,78,0.04947473639036204
BPIC13_incidents,handover,auc,79,0.12079782490358804
BPIC13_incidents,handover,brier_skill,0,0.5109998633649668
BPIC13_incidents,handover,brier_skill,1,0.3992099309406486
BPIC13_incidents,handover,brier_skill,2,0.38315916380860093
BPIC13_incidents,handover,brier_skill,3,0.24993419278830054
BPIC13_incidents,handover,brier_skill,4,0.09563748434025521
BPIC13_incidents,handover,brier_skill,5,0.21244780166553467
BPIC13_incidents,handover,brier_skill,6,0.3131074885802789
BPIC13_incidents,handover,brier_skill,7,0.09210115762645188
BPIC13_incidents,handover,brier_skill,8,0.08880475628940232
BPIC13_incidents,handover,brier_skill,9,0.15437617243209822
BPIC13_incidents,handover,brier_skill,10,0.2582054037365419
BPIC13_incidents,handover,brier_skill,11,0.1747749567012642
BPIC13_incidents,handover,brier_skill,12,0.10024675081952317
BPIC13_incidents,handover,brier_skill,13,0.32404398345517094
BPIC13_incidents,handover,brier_skill,14,0.3079416778835955
BPIC13_incidents,handover,brier_skill,15,0.4307790198093331
BPIC13_incidents,handover,brier_skill,16,0.15467026567120712
BPIC13_incidents,handover,brier_skill,17,0.13249747704163373
BPIC13_incidents,handover,brier_skill,18,0.14327121124341513
BPIC13_incidents,handover,brier_skill,19,0.1674476398523289
BPIC13_incidents,handover,brier_skill,20,0.31694816965396755
BPIC13_incidents,handover,brier_skill,21,0.2811793435944163
BPIC13_incidents,handover,brier_skill,22,0.28324327929381043
BPIC13_incidents,handover,brier_skill,23,0.17897416434652202
BPIC13_incidents,handover,brier_skill,24,0.07631324097152747
BPIC13_incidents,handover,brier_skill,25,0.06748538282058258
BPIC13_incidents,handover,brier_skill,26,0.3592027099854538
BPIC13_incidents,handover,brier_skill,27,0.03545123078995993
BPIC13_incidents,handover,brier_skill,28,0.48910334810711187
BPIC13_incidents,handover,brier_skill,29,0.19504423509112956
BPIC13_incidents,handover,brier_skill,30,0.04979348324992117
BPIC13_incidents,handover,brier_skill,31,0.12492170134702607
BPIC13_incidents,handover,brier_skill,32,0.13058472854681535
BPIC13_incidents,handover,brier_skill,33,0.1785472539687032
BPIC13_incidents,handover,brier_skill,34,0.15677842808026488
BPIC13_incidents,handover,brier_skill,35,0.11408916838023808
BPIC13_incidents,handover,brier_skill,36,0.17607316518916505
BPIC13_incidents,handover,brier_skill,37,0.11461786708119437
BPIC13_incidents,handover,brier_skill,38,0.22890314758814667
BPIC13_incidents,handover,brier_skill,39,0.315992812021479
BPIC13_incidents,handover,brier_skill,40,0.6129745150611369
BPIC13_incidents,handover,brier_skill,41,0.14969739502033674
BPIC13_incidents,handover,brier_skill,42,0.4252755618888747
BPIC13_incidents,handover,brier_skill,43,0.15786456468186816
BPIC13_incidents,handover,brier_skill,44,0.23831658778487563
BPIC13_incidents,handover,brier_skill,45,0.0876408707334948
BPIC13_incidents,handover,brier_skill,46,0.12578598592347212
BPIC13_incidents,handover,brier_skill,47,0.1553037924320323
BPIC13_incidents,handover,brier_skill,48,0.12133668225045935
BPIC13_incidents,handover,brier_skill,49,0.1323418138945769
BPIC13_incidents,handover,brier_skill,50,0.1857764351637473
BPIC13_incidents,handover,brier_skill,51,0.32583516429173576
BPIC13_incidents,handover,brier_skill,52,0.40302554141451374
BPIC13_incidents,handover,brier_skill,53,0.13346621207749343
BPIC13_incidents,handover,brier_skill,54,0.23136194085734385
BPIC13_incidents,handover,brier_skill,55,0.38053729386594826
BPIC13_incidents,handover,brier_skill,56,0.09287547853212308
BPIC13_incidents,handover,brier_skill,57,0.4969657168265331
BPIC13_incidents,handover,brier_skill,58,0.2599784379024339
BPIC13_incidents,handover,brier_skill,59,0.27150443914335376
BPIC13_incidents,handover,brier_skill,60,0.35250746838812774
BPIC13_incidents,handover,brier_skill,61,0.07803786527535284
BPIC13_incidents,handover,brier_skill,62,0.27120041256136074
BPIC13_incidents,handover,brier_skill,63,0.14971973711561914
BPIC13_incidents,handover,brier_skill,64,0.15799141402827455
BPIC13_incidents,handover,brier_skill,65,0.12370846076900643
BPIC13_incidents,handover,brier_skill,66,0.1301869376104995
BPIC13_incidents,handover,brier_skill,67,0.5109765045362749
BPIC13_incidents,handover,brier_skill,68,0.08567383538842377
BPIC13_incidents,handover,brier_skill,69,0.23642352889054852
BPIC13_incidents,handover,brier_skill,70,0.14150804112819748
BPIC13_incidents,handover,brier_skill,71,0.11768618507338968
BPIC13_incidents,handover,brier_skill,72,0.2052674547577873
BPIC13_incidents,handover,brier_skill,73,0.1905015048478309
BPIC13_incidents,handover,brier_skill,74,0.6035620166338445
BPIC13_incidents,handover,brier_skill,75,0.0880784570421802
BPIC13_incidents,handover,brier_skill,76,0.16119342812821413
BPIC13_incidents,handover,brier_skill,77,0.19259058365368464
BPIC13_incidents,handover,brier_skill,78,0.058196930668790614
BPIC13_incidents,handover,brier_skill,79,0.4493971272242022
BPIC13_incidents,handover,logloss_skill,0,0.6720535986611891
BPIC13_incidents,handover,logloss_skill,1,0.5938549608479824
BPIC13_incidents,handover,logloss_skill,2,0.42099875040001755
BPIC13_incidents,handover,logloss_skill,3,0.5762934685979939
BPIC13_incidents,handover,logloss_skill,4,0.42809675416161075
BPIC13_incidents,handover,logloss_skill,5,0.6296656224179034
BPIC13_incidents,handover,logloss_skill,6,0.6052869079241154
BPIC13_incidents,handover,logloss_skill,7,0.2722880995367415
BPIC13_incidents,handover,logloss_skill,8,0.3704393585114023
BPIC13_incidents,handover,logloss_skill,9,0.5578216451098365
BPIC13_incidents,handover,logloss_skill,10,0.5363960233513596
BPIC13_incidents,handover,logloss_skill,11,0.36527747345981265
BPIC13_incidents,handover,logloss_skill,12,0.31160015484517223
BPIC13_incidents,handover,logloss_skill,13,0.5798312926297755
BPIC13_incidents,handover,logloss_skill,14,0.46173439272041983
BPIC13_incidents,handover,logloss_skill,15,0.557993088051202
BPIC13_incidents,handover,logloss_skill,16,0.7437258111461499
BPIC13_incidents,handover,logloss_skill,17,0.40920386958020527
BPIC13_incidents,handover,logloss_skill,18,0.4175622553774494
BPIC13_incidents,handover,logloss_skill,19,0.44001180920911154
BPIC13_incidents,handover,logloss_skill,20,0.5421201883156233
BPIC13_incidents,handover,logloss_skill,21,0.498389714415315
BPIC13_incidents,handover,logloss_skill,22,0.570830029667585
BPIC13_incidents,handover,logloss_skill,23,0.4371544699887242
BPIC13_incidents,handover,logloss_skill,24,0.3835070670288875
BPIC13_incidents,handover,logloss_skill,25,0.31519427077747864
BPIC13_incidents,handover,logloss_skill,26,0.568873527868268
BPIC13_incidents,handover,logloss_skill,27,0.16530786002249986
BPIC13_incidents,handover,logloss_skill,28,0.6218218330041158
BPIC13_incidents,handover,logloss_skill,29,0.4231944762058574
BPIC13_incidents,handover,logloss_skill,30,0.20773182574488536
BPIC13_incidents,handover,logloss_skill,31,0.17839870088498477
BPIC13_incidents,handover,logloss_skill,32,0.4444543725599045
BPIC13_incidents,handover,logloss_skill,33,0.3482398322642808
BPIC13_incidents,handover,logloss_skill,34,0.29101610750828877
BPIC13_incidents,handover,logloss_skill,35,0.36169475260714234
BPIC13_incidents,handover,logloss_skill,36,0.49247989425998595
BPIC13_incidents,handover,logloss_skill,37,0.5050766841660601
BPIC13_incidents,handover,logloss_skill,38,0.5249625157292845
BPIC13_incidents,handover,logloss_skill,39,0.6137169301532629
BPIC13_incidents,handover,logloss_skill,40,0.7579695849148604
BPIC13_incidents,handover,logloss_skill,41,0.3248569828262303
BPIC13_incidents,handover,logloss_skill,42,0.40110106384768685
BPIC13_incidents,handover,logloss_skill,43,0.41619098826260637
BPIC13_incidents,handover,logloss_skill,44,0.397990606427566
BPIC13_incidents,handover,logloss_skill,45,0.32648842654042975
BPIC13_incidents,handover,logloss_skill,46,0.3949246549391312
BPIC13_incidents,handover,logloss_skill,47,0.5013493683435869
BPIC13_incidents,handover,logloss_skill,48,0.6816317251925099
BPIC13_incidents,handover,logloss_skill,49,0.23405206708369708
BPIC13_incidents,handover,logloss_skill,50,0.45746431331395265
BPIC13_incidents,handover,logloss_skill,51,0.6239900646489951
BPIC13_incidents,handover,logloss_skill,52,0.5760494173052859
BPIC13_incidents,handover,logloss_skill,53,0.270136549962122
BPIC13_incidents,handover,logloss_skill,54,0.7780428190222815
BPIC13_incidents,handover,logloss_skill,55,0.5451419971865431
BPIC13_incidents,handover,logloss_skill,56,0.41833715519108816
BPIC13_incidents,handover,logloss_skill,57,0.6588856647533232
BPIC13_incidents,handover,logloss_skill,58,0.46745262093123074
BPIC13_incidents,handover,logloss_skill,59,0.48257928168955877
BPIC13_incidents,handover,logloss_skill,60,0.4835401834650246
BPIC13_incidents,handover,logloss_skill,61,0.11709003855734457
BPIC13_incidents,handover,logloss_skill,62,0.5424233610215281
BPIC13_incidents,handover,logloss_skill,63,0.5350564551156458
BPIC13_incidents,handover,logloss_skill,64,0.26932786459161373
BPIC13_incidents,handover,logloss_skill,65,0.26659318241846086
BPIC13_incidents,handover,logloss_skill,66,0.2631266280209086
BPIC13_incidents,handover,logloss_skill,67,0.7068133329778539
BPIC13_incidents,handover,logloss_skill,68,0.39286226324910944
BPIC13_incidents,handover,logloss_skill,69,0.3534341924186124
BPIC13_incidents,handover,logloss_skill,70,0.4431945384060293
BPIC13_incidents,handover,logloss_skill,71,0.3687978617171427
BPIC13_incidents,handover,logloss_skill,72,0.48080880312604934
BPIC13_incidents,handover,logloss_skill,73,0.5341295141535148
BPIC13_incidents,handover,logloss_skill,74,0.68279710515331
BPIC13_incidents,handover,logloss_skill,75,0.31203475743830245
BPIC13_incidents,handover,logloss_skill,76,0.41432726150000887
BPIC13_incidents,handover,logloss_skill,77,0.4735960767236729
BPIC13_incidents,handover,logloss_skill,78,0.17959106015282533
BPIC13_incidents,handover,logloss_skill,79,0.5890807762600957
BPIC13_incidents,handover,nagelkerke,0,0.6711373062108398
BPIC13_incidents,handover,nagelkerke,1,0.6342838174596388
BPIC13_incidents,handover,nagelkerke,2,0.4664992485263285
BPIC13_incidents,handover,nagelkerke,3,0.6136774368557234
BPIC13_incidents,handover,nagelkerke,4,0.48154071634026085
BPIC13_incidents,handover,nagelkerke,5,0.6872256984776671
BPIC13_incidents,handover,nagelkerke,6,0.6381765308727247
BPIC13_incidents,handover,nagelkerke,7,0.3183113174667106
BPIC13_incidents,handover,nagelkerke,8,0.3715979818369608
BPIC13_incidents,handover,nagelkerke,9,0.593101228700294
BPIC13_incidents,handover,nagelkerke,10,0.5724543741358916
BPIC13_incidents,handover,nagelkerke,11,0.3749549512809278
BPIC13_incidents,handover,nagelkerke,12,0.3274060322875998
BPIC13_incidents,handover,nagelkerke,13,0.5629153349114968
BPIC13_incidents,handover,nagelkerke,14,0.45980383345213527
BPIC13_incidents,handover,nagelkerke,15,0.5835906365168912
BPIC13_incidents,handover,nagelkerke,16,0.7682741065300625
BPIC13_incidents,handover,nagelkerke,17,0.4259207200910776
BPIC13_incidents,handover,nagelkerke,18,0.46060885257029505
BPIC13_incidents,handover,nagelkerke,19,0.4673751966450371
BPIC13_incidents,handover,nagelkerke,20,0.5914920835156635
BPIC13_incidents,handover,nagelkerke,21,0.5607798068700199
BPIC13_incidents,handover,nagelkerke,22,0.602389166944572
BPIC13_incidents,handover,nagelkerke,23,0.46991631813546786
BPIC13_incidents,handover,nagelkerke,24,0.3925215454888118
BPIC13_incidents,handover,nagelkerke,25,0.3432841325075551
BPIC13_incidents,handover,nagelkerke,26,0.6186395238197249
BPIC13_incidents,handover,nagelkerke,27,0.18570603624473392
BPIC13_incidents,handover,nagelkerke,28,0.6290996704913223
BPIC13_incidents,handover,nagelkerke,29,0.42854145256420617
BPIC13_incidents,handover,nagelkerke,30,0.19886057298026205
BPIC13_incidents,handover,nagelkerke,31,0.20181888465942033
BPIC13_incidents,handover,nagelkerke,32,0.41238864887773774
BPIC13_incidents,handover,nagelkerke,33,0.3601862705519172
BPIC13_incidents,handover,nagelkerke,34,0.30658732248163734
BPIC13_incidents,handover,nagelkerke,35,0.38876041333571276
BPIC13_incidents,handover,nagelkerke,36,0.5794769558371764
BPIC13_incidents,handover,nagelkerke,37,0.5025463464802842
BPIC13_incidents,handover,nagelkerke,38,0.5655202341999992
BPIC13_incidents,handover,nagelkerke,39,0.6288037321558064
BPIC13_incidents,handover,nagelkerke,40,0.7430356517286126
BPIC13_incidents,handover,nagelkerke,41,0.4464986284421598
BPIC13_incidents,handover,nagelkerke,42,0.4478842174307397
BPIC13_incidents,handover,nagelkerke,43,0.46131298901929574
BPIC13_incidents,handover,nagelkerke,44,0.43717950441847453
BPIC13_incidents,handover,nagelkerke,45,0.3335147485706923
BPIC13_incidents,handover,nagelkerke,46,0.39670840980650524
BPIC13_incidents,handover,nagelkerke,47,0.531264886418318
BPIC13_incidents,handover,nagelkerke,48,0.6825311760286203
BPIC13_incidents,handover,nagelkerke,49,0.23903753534555672
BPIC13_incidents,handover,nagelkerke,50,0.5295753675568782
BPIC13_incidents,handover,nagelkerke,51,0.7066528845419464
BPIC13_incidents,handover,nagelkerke,52,0.5767886910582742
BPIC13_incidents,handover,nagelkerke,53,0.2682528727969078
BPIC13_incidents,handover,nagelkerke,54,0.8428816878415055
BPIC13_incidents,handover,nagelkerke,55,0.5768699144742695
BPIC13_incidents,handover,nagelkerke,56,0.4367445831234288
BPIC13_incidents,handover,nagelkerke,57,0.6524756124187231
BPIC13_incidents,handover,nagelkerke,58,0.5222187841094363
BPIC13_incidents,handover,nagelkerke,59,0.499588700971762
BPIC13_incidents,handover,nagelkerke,60,0.4907070073859964
BPIC13_incidents,handover,nagelkerke,61,0.11010435503027549
BPIC13_incidents,handover,nagelkerke,62,0.5943787299117983
BPIC13_incidents,handover,nagelkerke,63,0.567543506992237
BPIC13_incidents,handover,nagelkerke,64,0.27749924272290394
BPIC13_incidents,handover,nagelkerke,65,0.26229248447681386
BPIC13_incidents,handover,nagelkerke,66,0.3348711031027236
BPIC13_incidents,handover,nagelkerke,67,0.7477771611137617
BPIC13_incidents,handover,nagelkerke,68,0.42161001868332093
BPIC13_incidents,handover,nagelkerke,69,0.35339942910439415
BPIC13_incidents,handover,nagelkerke,70,0.4960800617748182
BPIC13_incidents,handover,nagelkerke,71,0.3811481661672905
BPIC13_incidents,handover,nagelkerke,72,0.45774354549955154
BPIC13_incidents,handover,nagelkerke,73,0.5976442556215084
BPIC13_incidents,handover,nagelkerke,74,0.6732720415835973
BPIC13_incidents,handover,nagelkerke,75,0.3030362061426004
BPIC13_incidents,handover,nagelkerke,76,0.4749024905154944
BPIC13_incidents,handover,nagelkerke,77,0.5144325086823549
BPIC13_incidents,handover,nagelkerke,78,0.20026177757864005
BPIC13_incidents,handover,nagelkerke,79,0.6597414311318615
BPIC14,duration,ap,0,0.15419689363335765
BPIC14,duration,ap,1,0.1650299784873539
BPIC14,duration,ap,2,0.17696993876330058
BPIC14,duration,ap,3,0.16681640497765793
BPIC14,duration,ap,4,0.17229343769702088
BPIC14,duration,ap,5,0.15418913570911075
BPIC14,duration,ap,6,0.1853696411654424
BPIC14,duration,ap,7,0.1555500202359188
BPIC14,duration,ap,8,0.16527061842315305
BPIC14,duration,ap,9,0.15290239033681996
BPIC14,duration,ap,10,0.1562462740255992
BPIC14,duration,ap,11,0.16913728391628657
BPIC14,duration,ap,12,0.17114155226668437
BPIC14,duration,ap,13,0.1489237474242645
BPIC14,duration,ap,14,0.16535470833591193
BPIC14,duration,ap,15,0.1516093823546053
BPIC14,duration,ap,16,0.1666475190236142
BPIC14,duration,ap,17,0.16173840988886834
BPIC14,duration,ap,18,0.18210088680531067
BPIC14,duration,ap,19,0.15367124524408982
BPIC14,duration,ap,20,0.15676357100532257
BPIC14,duration,ap,21,0.16488679844330623
BPIC14,duration,ap,22,0.1746930853130222
BPIC14,duration,ap,23,0.1475946446179297
BPIC14,duration,ap,24,0.17131538044612016
BPIC14,duration,ap,25,0.2037714746762117
BPIC14,duration,ap,26,0.15837647610406558
BPIC14,duration,ap,27,0.18734413462576294
BPIC14,duration,ap,28,0.18492008922837333
BPIC14,duration,ap,29,0.16166262567641765
BPIC14,duration,ap,30,0.18184526846773308
BPIC14,duration,ap,31,0.14153337551601441
BPIC14,duration,ap,32,0.1469642817944501
BPIC14,duration,ap,33,0.16635210999545624
BPIC14,duration,ap,34,0.1733508980353755
BPIC14,duration,ap,35,0.1673376307664478
BPIC14,duration,ap,36,0.16648383410690426
BPIC14,duration,ap,37,0.15363067325172441
BPIC14,duration,ap,38,0.15739167091951622
BPIC14,duration,ap,39,0.16426879242951098
BPIC14,duration,ap,40,0.1683869237843707
BPIC14,duration,ap,41,0.15674652487287388
BPIC14,duration,ap,42,0.1570020446055691
BPIC14,duration,ap,43,0.1817027942319478
BPIC14,duration,ap,44,0.16701196569399124
BPIC14,duration,ap,45,0.17410863002190746
BPIC14,duration,ap,46,0.14509084413879114
BPIC14,duration,ap,47,0.16667217949168756
BPIC14,duration,ap,48,0.1619319289513239
BPIC14,duration,ap,49,0.19467158954298824
BPIC14,duration,ap,50,0.14784054657719048
BPIC14,duration,ap,51,0.17846085845710424
BPIC14,duration,ap,52,0.19728612366287857
BPIC14,duration,ap,53,0.14477550982130927
BPIC14,duration,ap,54,0.17069967629601823
BPIC14,duration,ap,55,0.1753488433867907
BPIC14,duration,ap,56,0.15533046195672673
BPIC14,duration,ap,57,0.19152061953795596
BPIC14,duration,ap,58,0.17039039635227238
BPIC14,duration,ap,59,0.1826703418039648
BPIC14,duration,ap,60,0.15982796188769854
BPIC14,duration,ap,61,0.1558133962031445
BPIC14,duration,ap,62,0.15391498014698024
BPIC14,duration,ap,63,0.16366238584829573
BPIC14,duration,ap,64,0.19364532770493104
BPIC14,duration,ap,65,0.1551273438737002
BPIC14,duration,ap,66,0.18289811323743477
BPIC14,duration,ap,67,0.18453110380382787
BPIC14,duration,ap,68,0.15629356603251798
BPIC14,duration,ap,69,0.17319805966402801
BPIC14,duration,ap,70,0.15860997977093894
BPIC14,duration,ap,71,0.15471910801864142
BPIC14,duration,ap,72,0.1532308843689385
BPIC14,duration,ap,73,0.14864044999445136
BPIC14,duration,ap,74,0.1810342680807766
BPIC14,duration,ap,75,0.15778744761253616
BPIC14,duration,ap,76,0.18844389413570628
BPIC14,duration,ap,77,0.1889999425175215
BPIC14,duration,ap,78,0.16611011041202373
BPIC14,duration,ap,79,0.15595001223212068
BPIC14,duration,ap,80,0.19677028620092019
BPIC14,duration,ap,81,0.16780343626965355
BPIC14,duration,ap,82,0.17679225954987643
BPIC14,duration,ap,83,0.14467056896050645
BPIC14,duration,ap,84,0.1843828886514769
BPIC14,duration,ap,85,0.1792938420607718
BPIC14,duration,ap,86,0.19335071499986534
BPIC14,duration,ap,87,0.18405411310011555
BPIC14,duration,ap,88,0.1622388649005564
BPIC14,duration,ap,89,0.18084438830736838
BPIC14,duration,ap,90,0.15267308159699156
BPIC14,duration,ap,91,0.15415279401389947
BPIC14,duration,ap,92,0.1764465400946844
BPIC14,duration,ap,93,0.16009753887993583
BPIC14,duration,ap,94,0.15379610349277828
BPIC14,duration,ap,95,0.1750320074650954
BPIC14,duration,ap,96,0.175080000878288
BPIC14,duration,ap,97,0.17620105468318215
BPIC14,duration,ap,98,0.16860085858224005
BPIC14,duration,ap,99,0.1758371735676243
BPIC14,duration,ap,100,0.14620697291621343
BPIC14,duration,ap,101,0.19255098255512704
BPIC14,duration,ap,102,0.16097685686247787
BPIC14,duration,ap,103,0.174107648744258
BPIC14,duration,ap,104,0.16115560570730048
BPIC14,duration,ap,105,0.16417333897714914
BPIC14,duration,ap,106,0.1736166172928365
BPIC14,duration,ap,107,0.15447240429564568
BPIC14,duration,ap,108,0.174118151927094
BPIC14,duration,ap,109,0.16996608017866133
BPIC14,duration,ap,110,0.1692866243865052
BPIC14,duration,ap,111,0.17354750826191168
BPIC14,duration,ap,112,0.1814007527679704
BPIC14,duration,ap,113,0.17407367379400807
BPIC14,duration,ap,114,0.1726500739172978
BPIC14,duration,ap,115,0.16695782679814264
BPIC14,duration,ap,116,0.16649895400617543
BPIC14,duration,ap,117,0.1676284222031772
BPIC14,duration,ap,118,0.15514534896280185
BPIC14,duration,ap,119,0.16781464633461352
BPIC14,duration,ap,120,0.160297562554493
BPIC14,duration,ap,121,0.16576273537902497
BPIC14,duration,ap,122,0.1707034656801758
BPIC14,duration,ap,123,0.1472850501833406
BPIC14,duration,ap,124,0.16396563762043304
BPIC14,duration,ap,125,0.18442313479426375
BPIC14,duration,ap,126,0.15225483873125845
BPIC14,duration,ap,127,0.19324910086536695
BPIC14,duration,ap,128,0.16791233141378448
BPIC14,duration,ap,129,0.19828749408129998
BPIC14,duration,ap,130,0.1614233364584905
BPIC14,duration,ap,131,0.1608078475102851
BPIC14,duration,ap,132,0.15908789368701992
BPIC14,duration,ap,133,0.15587222547148705
BPIC14,duration,ap,134,0.1587048087824302
BPIC14,duration,ap,135,0.1530128821466299
BPIC14,duration,ap,136,0.16685673586309258
BPIC14,duration,ap,137,0.15496955895304776
BPIC14,duration,ap,138,0.18305421157968116
BPIC14,duration,ap,139,0.15790778824951524
BPIC14,duration,ap,140,0.1588717489615692
BPIC14,duration,ap,141,0.14938010372957644
BPIC14,duration,ap,142,0.15893216475091243
BPIC14,duration,ap,143,0.17096018629995902
BPIC14,duration,ap,144,0.13261176866097157
BPIC14,duration,ap,145,0.14432147354345992
BPIC14,duration,ap,146,0.16231826824501594
BPIC14,duration,ap,147,0.15281428757327165
BPIC14,duration,ap,148,0.15067612678738307
BPIC14,duration,ap,149,0.17355322070101165
BPIC14,duration,auc,0,0.12187323578453058
BPIC14,duration,auc,1,0.13270820515804982
BPIC14,duration,auc,2,0.13511581697277564
BPIC14,duration,auc,3,0.14121202940524036
BPIC14,duration,auc,4,0.1304745976810382
BPIC14,duration,auc,5,0.11455088679930103
BPIC14,duration,auc,6,0.15027710905154668
BPIC14,duration,auc,7,0.14050446859605137
BPIC14,duration,auc,8,0.12663613730255896
BPIC14,duration,auc,9,0.11731878111333227
BPIC14,duration,auc,10,0.12960778900246006
BPIC14,duration,auc,11,0.1245813691745935
BPIC14,duration,auc,12,0.11541512337587889
BPIC14,duration,auc,13,0.12966161044248992
BPIC14,duration,auc,14,0.1530035279735925
BPIC14,duration,auc,15,0.13817317871919743
BPIC14,duration,auc,16,0.13349963328435444
BPIC14,duration,auc,17,0.14471974159304568
BPIC14,duration,auc,18,0.13668091338709154
BPIC14,duration,auc,19,0.1127251542935751
BPIC14,duration,auc,20,0.11885941167973257
BPIC14,duration,auc,21,0.12133366138802015
BPIC14,duration,auc,22,0.13854685204195172
BPIC14,duration,auc,23,0.10418691547087966
BPIC14,duration,auc,24,0.1567051650537069
BPIC14,duration,auc,25,0.1512484308484907
BPIC14,duration,auc,26,0.13509634354172173
BPIC14,duration,auc,27,0.14557578249639525
BPIC14,duration,auc,28,0.1383310471302973
BPIC14,duration,auc,29,0.12024162384374126
BPIC14,duration,auc,30,0.1278617002652107
BPIC14,duration,auc,31,0.11930788692968153
BPIC14,duration,auc,32,0.12169060336794124
BPIC14,duration,auc,33,0.11940858932046305
BPIC14,duration,auc,34,0.1323848491651679
BPIC14,duration,auc,35,0.1407956224890924
BPIC14,duration,auc,36,0.1307638560469233
BPIC14,duration,auc,37,0.11353158140568675
BPIC14,duration,auc,38,0.12416974640967982
BPIC14,duration,auc,39,0.12245448833034123
BPIC14,duration,auc,40,0.1383895930166068
BPIC14,duration,auc,41,0.12532742265666919
BPIC14,duration,auc,42,0.11020731772641224
BPIC14,duration,auc,43,0.1489129483500946
BPIC14,duration,auc,44,0.11946193311164133
BPIC14,duration,auc,45,0.12067487408354594
BPIC14,duration,auc,46,0.12332022650328156
BPIC14,duration,auc,47,0.12372999367761317
BPIC14,duration,auc,48,0.1279629410681592
BPIC14,duration,auc,49,0.14135827025339298
BPIC14,duration,auc,50,0.11718037185207675
BPIC14,duration,auc,51,0.12921048943846303
BPIC14,duration,auc,52,0.17544511203333546
BPIC14,duration,auc,53,0.1305405149283897
BPIC14,duration,auc,54,0.1330428747519945
BPIC14,duration,auc,55,0.12485930056169348
BPIC14,duration,auc,56,0.14469124354356622
BPIC14,duration,auc,57,0.12294602379720276
BPIC14,duration,auc,58,0.14102855416212623
BPIC14,duration,auc,59,0.1336885892569506
BPIC14,duration,auc,60,0.11153782738737772
BPIC14,duration,auc,61,0.1154708454445903
BPIC14,duration,auc,62,0.1456350181492886
BPIC14,duration,auc,63,0.13311252072900892
BPIC14,duration,auc,64,0.1442185670602758
BPIC14,duration,auc,65,0.1352772626004728
BPIC14,duration,auc,66,0.13676708776315805
BPIC14,duration,auc,67,0.14463792989499114
BPIC14,duration,auc,68,0.11988803990295005
BPIC14,duration,auc,69,0.12627403124775494
BPIC14,duration,auc,70,0.10354428557343442
BPIC14,duration,auc,71,0.12973703078282983
BPIC14,duration,auc,72,0.12290920698383578
BPIC14,duration,auc,73,0.1261566175290849
BPIC14,duration,auc,74,0.15734831239832892
BPIC14,duration,auc,75,0.12901718472459922
BPIC14,duration,auc,76,0.13541651176191793
BPIC14,duration,auc,77,0.14012169027304933
BPIC14,duration,auc,78,0.1537630322916389
BPIC14,duration,auc,79,0.11717220556869146
BPIC14,duration,auc,80,0.15284485967858907
BPIC14,duration,auc,81,0.12206934710065598
BPIC14,duration,auc,82,0.11655565898116049
BPIC14,duration,auc,83,0.12002476120701167
BPIC14,duration,auc,84,0.145793244800955
BPIC14,duration,auc,85,0.14358771090493505
BPIC14,duration,auc,86,0.16223877817254362
BPIC14,duration,auc,87,0.13976654255898302
BPIC14,duration,auc,88,0.14411399290130789
BPIC14,duration,auc,89,0.1422149936094479
BPIC14,duration,auc,90,0.12713754577472158
BPIC14,duration,auc,91,0.11757950714860976
BPIC14,duration,auc,92,0.1242148933759677
BPIC14,duration,auc,93,0.1180479364211271
BPIC14,duration,auc,94,0.12146415068104055
BPIC14,duration,auc,95,0.12008100229303886
BPIC14,duration,auc,96,0.13479257793292798
BPIC14,duration,auc,97,0.1366914584174177
BPIC14,duration,auc,98,0.14407881272081358
BPIC14,duration,auc,99,0.13543675788326515
BPIC14,duration,auc,100,0.11735458543750688
BPIC14,duration,auc,101,0.161226992737719
BPIC14,duration,auc,102,0.14093300956361332
BPIC14,duration,auc,103,0.11839283866167705
BPIC14,duration,auc,104,0.13428682960560945
BPIC14,duration,auc,105,0.11981479543558249
BPIC14,duration,auc,106,0.13953760874528398
BPIC14,duration,auc,107,0.12469881541231476
BPIC14,duration,auc,108,0.1402481248464854
BPIC14,duration,auc,109,0.14289184679626354
BPIC14,duration,auc,110,0.14322254334278317
BPIC14,duration,auc,111,0.12243854486548866
BPIC14,duration,auc,112,0.15543567454901863
BPIC14,duration,auc,113,0.1200294731858067
BPIC14,duration,auc,114,0.1405165840999978
BPIC14,duration,auc,115,0.124564530812184
BPIC14,duration,auc,116,0.10315631055241914
BPIC14,duration,auc,117,0.1402990780289355
BPIC14,duration,auc,118,0.11763612172700966
BPIC14,duration,auc,119,0.13093745022713144
BPIC14,duration,auc,120,0.12521967807336754
BPIC14,duration,auc,121,0.15373464420131477
BPIC14,duration,auc,122,0.1434294715305522
BPIC14,duration,auc,123,0.13457230357931727
BPIC14,duration,auc,124,0.11849742895681725
BPIC14,duration,auc,125,0.14966969475916359
BPIC14,duration,auc,126,0.11617857784610786
BPIC14,duration,auc,127,0.11917473589673422
BPIC14,duration,auc,128,0.14203365014847724
BPIC14,duration,auc,129,0.14117433200612584
BPIC14,duration,auc,130,0.14367320892818813
BPIC14,duration,auc,131,0.12231616869000905
BPIC14,duration,auc,132,0.12373189512895544
BPIC14,duration,auc,133,0.13609685158598084
BPIC14,duration,auc,134,0.13955349560323316
BPIC14,duration,auc,135,0.11165022631461663
BPIC14,duration,auc,136,0.13643783638798346
BPIC14,duration,auc,137,0.11768658047571101
BPIC14,duration,auc,138,0.12066505822343476
BPIC14,duration,auc,139,0.12040721601846194
BPIC14,duration,auc,140,0.11429264786603432
BPIC14,duration,auc,141,0.1212888014889455
BPIC14,duration,auc,142,0.12228036415773857
BPIC14,duration,auc,143,0.12932071087253816
BPIC14,duration,auc,144,0.12941331004297918
BPIC14,duration,auc,145,0.10414137263531165
BPIC14,duration,auc,146,0.13306360751587065
BPIC14,duration,auc,147,0.14945030717721974
BPIC14,duration,auc,148,0.12251793357608864
BPIC14,duration,auc,149,0.11990993138396644
BPIC14,duration,brier_skill,0,0.1933354728247103
BPIC14,duration,brier_skill,1,0.18730957165659212
BPIC14,duration,brier_skill,2,0.19729494876217002
BPIC14,duration,brier_skill,3,0.2014010698040758
BPIC14,duration,brier_skill,4,0.19202014267258583
BPIC14,duration,brier_skill,5,0.18944778174544163
BPIC14,duration,brier_skill,6,0.19820367075659462
BPIC14,duration,brier_skill,7,0.19004693453414445
BPIC14,duration,brier_skill,8,0.20661965308040275
BPIC14,duration,brier_skill,9,0.17654247235601406
BPIC14,duration,brier_skill,10,0.18676227976981608
BPIC14,duration,brier_skill,11,0.19764557377531788
BPIC14,duration,brier_skill,12,0.2022613763529224
BPIC14,duration,brier_skill,13,0.1872490702313062
BPIC14,duration,brier_skill,14,0.20496777337161998
BPIC14,duration,brier_skill,15,0.18980169354004417
BPIC14,duration,brier_skill,16,0.2067436121300945
BPIC14,duration,brier_skill,17,0.19731565470549994
BPIC14,duration,brier_skill,18,0.20214255869926545
BPIC14,duration,brier_skill,19,0.20434188997459024
BPIC14,duration,brier_skill,20,0.18721646686919358
BPIC14,duration,brier_skill,21,0.19800824373265957
BPIC14,duration,brier_skill,22,0.20949827785211594
BPIC14,duration,brier_skill,23,0.1899747381547936
BPIC14,duration,brier_skill,24,0.20111638052818548
BPIC14,duration,brier_skill,25,0.21945570117793578
BPIC14,duration,brier_skill,26,0.19151717276369407
BPIC14,duration,brier_skill,27,0.22053577068058872
BPIC14,duration,brier_skill,28,0.21195270558632173
BPIC14,duration,brier_skill,29,0.2072784794301663
BPIC14,duration,brier_skill,30,0.2172185324087097
BPIC14,duration,brier_skill,31,0.19235146106811052
BPIC14,duration,brier_skill,32,0.17853442175774825
BPIC14,duration,brier_skill,33,0.1960853704532166
BPIC14,duration,brier_skill,34,0.20381368188956417
BPIC14,duration,brier_skill,35,0.20308907058973236
BPIC14,duration,brier_skill,36,0.21107061028583518
BPIC14,duration,brier_skill,37,0.18676493600568334
BPIC14,duration,brier_skill,38,0.18629518269200718
BPIC14,duration,brier_skill,39,0.21387755587209878
BPIC14,duration,brier_skill,40,0.1909776612782288
BPIC14,duration,brier_skill,41,0.20204860693174997
BPIC14,duration,brier_skill,42,0.19698849875396274
BPIC14,duration,brier_skill,43,0.20172786614027827
BPIC14,duration,brier_skill,44,0.20250767796680402
BPIC14,duration,brier_skill,45,0.21673320812051278
BPIC14,duration,brier_skill,46,0.1921579266237169
BPIC14,duration,brier_skill,47,0.20665400928670152
BPIC14,duration,brier_skill,48,0.20232256281901417
BPIC14,duration,brier_skill,49,0.2151343008572597
BPIC14,duration,brier_skill,50,0.1806162839080847
BPIC14,duration,brier_skill,51,0.20010987482093046
BPIC14,duration,brier_skill,52,0.22544983623392367
BPIC14,duration,brier_skill,53,0.18965562340994357
BPIC14,duration,brier_skill,54,0.2019938828908877
BPIC14,duration,brier_skill,55,0.2165930543082739
BPIC14,duration,brier_skill,56,0.19742081008412193
BPIC14,duration,brier_skill,57,0.20601127625439875
BPIC14,duration,brier_skill,58,0.19067994117620035
BPIC14,duration,brier_skill,59,0.21363082133331768
BPIC14,duration,brier_skill,60,0.19256968546863273
BPIC14,duration,brier_skill,61,0.20273778464556025
BPIC14,duration,brier_skill,62,0.19820660441648164
BPIC14,duration,brier_skill,63,0.20842840291777565
BPIC14,duration,brier_skill,64,0.21291295169955415
BPIC14,duration,brier_skill,65,0.19409375512362737
BPIC14,duration,brier_skill,66,0.203476464733782
BPIC14,duration,brier_skill,67,0.2142882939766786
BPIC14,duration,brier_skill,68,0.19056834938641187
BPIC14,duration,brier_skill,69,0.20530177047398634
BPIC14,duration,brier_skill,70,0.1930436213888176
BPIC14,duration,brier_skill,71,0.20061163765277024
BPIC14,duration,brier_skill,72,0.1940682335401096
BPIC14,duration,brier_skill,73,0.1988028963220495
BPIC14,duration,brier_skill,74,0.20231785537177638
BPIC14,duration,brier_skill,75,0.19552475844462514
BPIC14,duration,brier_skill,76,0.20879005855191912
BPIC14,duration,brier_skill,77,0.20715025011839305
BPIC14,duration,brier_skill,78,0.19574922937326245
BPIC14,duration,brier_skill,79,0.18527402001012883
BPIC14,duration,brier_skill,80,0.21816923879912908
BPIC14,duration,brier_skill,81,0.1944300700729127
BPIC14,duration,brier_skill,82,0.2052397388122278
BPIC14,duration,brier_skill,83,0.17836226591123483
BPIC14,duration,brier_skill,84,0.19646170056536283
BPIC14,duration,brier_skill,85,0.20034435361572123
BPIC14,duration,brier_skill,86,0.21172544099209367
BPIC14,duration,brier_skill,87,0.2040138884162377
BPIC14,duration,brier_skill,88,0.20353327563359325
BPIC14,duration,brier_skill,89,0.20762535458664355
BPIC14,duration,brier_skill,90,0.18250724420875952
BPIC14,duration,brier_skill,91,0.19718144280654037
BPIC14,duration,brier_skill,92,0.20139276166489128
BPIC14,duration,brier_skill,93,0.19244225287740357
BPIC14,duration,brier_skill,94,0.1871035275007249
BPIC14,duration,brier_skill,95,0.19591703869549348
BPIC14,duration,brier_skill,96,0.19846041232930023
BPIC14,duration,brier_skill,97,0.21352678920891555
BPIC14,duration,brier_skill,98,0.19559167928537313
BPIC14,duration,brier_skill,99,0.19566978326057183
BPIC14,duration,brier_skill,100,0.18113858002134997
BPIC14,duration,brier_skill,101,0.2054069445649177
BPIC14,duration,brier_skill,102,0.19333412550385998
BPIC14,duration,brier_skill,103,0.1996603992006425
BPIC14,duration,brier_skill,104,0.1930364098022972
BPIC14,duration,brier_skill,105,0.20163932019182362
BPIC14,duration,brier_skill,106,0.19653368614273958
BPIC14,duration,brier_skill,107,0.18360083000116978
BPIC14,duration,brier_skill,108,0.20586870171326743
BPIC14,duration,brier_skill,109,0.1987928056698005
BPIC14,duration,brier_skill,110,0.20712140937655565
BPIC14,duration,brier_skill,111,0.1957660500149565
BPIC14,duration,brier_skill,112,0.2106844202956233
BPIC14,duration,brier_skill,113,0.198333906124875
BPIC14,duration,brier_skill,114,0.19909884120570842
BPIC14,duration,brier_skill,115,0.19523972554587798
BPIC14,duration,brier_skill,116,0.20191799200554927
BPIC14,duration,brier_skill,117,0.20960136700112875
BPIC14,duration,brier_skill,118,0.19276872774395248
BPIC14,duration,brier_skill,119,0.1999238714567333
BPIC14,duration,brier_skill,120,0.19037068890850395
BPIC14,duration,brier_skill,121,0.19929306065248142
BPIC14,duration,brier_skill,122,0.20452802345778887
BPIC14,duration,brier_skill,123,0.19993441529638467
BPIC14,duration,brier_skill,124,0.1945176929925977
BPIC14,duration,brier_skill,125,0.209954755197451
BPIC14,duration,brier_skill,126,0.1909152074760898
BPIC14,duration,brier_skill,127,0.2217024302296382
BPIC14,duration,brier_skill,128,0.21169958455459248
BPIC14,duration,brier_skill,129,0.20496653574227786
BPIC14,duration,brier_skill,130,0.1975676508934442
BPIC14,duration,brier_skill,131,0.19368127188592166
BPIC14,duration,brier_skill,132,0.19740549256441542
BPIC14,duration,brier_skill,133,0.1905148801568204
BPIC14,duration,brier_skill,134,0.18680208642401785
BPIC14,duration,brier_skill,135,0.19323853667411361
BPIC14,duration,brier_skill,136,0.2153327256504649
BPIC14,duration,brier_skill,137,0.18389061178805233
BPIC14,duration,brier_skill,138,0.2097629599426747
BPIC14,duration,brier_skill,139,0.18824325835609212
BPIC14,duration,brier_skill,140,0.19014445613189224
BPIC14,duration,brier_skill,141,0.18953879506818683
BPIC14,duration,brier_skill,142,0.19701524902713774
BPIC14,duration,brier_skill,143,0.20908888069266385
BPIC14,duration,brier_skill,144,0.1826491460004277
BPIC14,duration,brier_skill,145,0.19248686502367973
BPIC14,duration,brier_skill,146,0.209341574164141
BPIC14,duration,brier_skill,147,0.18729837102726454
BPIC14,duration,brier_skill,148,0.19124282959000016
BPIC14,duration,brier_skill,149,0.1985034293048582
BPIC14,duration,logloss_skill,0,0.19498767092757574
BPIC14,duration,logloss_skill,1,0.1896440134739381
BPIC14,duration,logloss_skill,2,0.19213690069010503
BPIC14,duration,logloss_skill,3,0.20200140208966566
BPIC14,duration,logloss_skill,4,0.1862272312677128
BPIC14,duration,logloss_skill,5,0.19033606310362894
BPIC14,duration,logloss_skill,6,0.193465786201248
BPIC14,duration,logloss_skill,7,0.1823913695000665
BPIC14,duration,logloss_skill,8,0.20770380604345517
BPIC14,duration,logloss_skill,9,0.17232995618494118
BPIC14,duration,logloss_skill,10,0.18657817580380587
BPIC14,duration,logloss_skill,11,0.1985260712127186
BPIC14,duration,logloss_skill,12,0.20138133084271626
BPIC14,duration,logloss_skill,13,0.18742122737073008
BPIC14,duration,logloss_skill,14,0.19791494190920222
BPIC14,duration,logloss_skill,15,0.19271873285682073
BPIC14,duration,logloss_skill,16,0.20710995114325437
BPIC14,duration,logloss_skill,17,0.19410464283663997
BPIC14,duration,logloss_skill,18,0.19332155951393992
BPIC14,duration,logloss_skill,19,0.20186354671846085
BPIC14,duration,logloss_skill,20,0.18430566565597606
BPIC14,duration,logloss_skill,21,0.1951804106834718
BPIC14,duration,logloss_skill,22,0.20240681390353177
BPIC14,duration,logloss_skill,23,0.19512261444899925
BPIC14,duration,logloss_skill,24,0.20113329950788816
BPIC14,duration,logloss_skill,25,0.21502246039972173
BPIC14,duration,logloss_skill,26,0.18549710588193435
BPIC14,duration,logloss_skill,27,0.21297256819392651
BPIC14,duration,logloss_skill,28,0.20681011155883855
BPIC14,duration,logloss_skill,29,0.2055962930040116
BPIC14,duration,logloss_skill,30,0.2128582616061938
BPIC14,duration,logloss_skill,31,0.19556608645107487
BPIC14,duration,logloss_skill,32,0.1799658098996222
BPIC14,duration,logloss_skill,33,0.1934749317449953
BPIC14,duration,logloss_skill,34,0.20736932632757132
BPIC14,duration,logloss_skill,35,0.19805185011422388
BPIC14,duration,logloss_skill,36,0.2054110317690202
BPIC14,duration,logloss_skill,37,0.1866568002638438
BPIC14,duration,logloss_skill,38,0.18784888241556774
BPIC14,duration,logloss_skill,39,0.20346724663742433
BPIC14,duration,logloss_skill,40,0.18498672231977897
BPIC14,duration,logloss_skill,41,0.2032408010052198
BPIC14,duration,logloss_skill,42,0.19533583864163195
BPIC14,duration,logloss_skill,43,0.19865582550455263
BPIC14,duration,logloss_skill,44,0.20447410695973467
BPIC14,duration,logloss_skill,45,0.21362560507980233
BPIC14,duration,logloss_skill,46,0.19255342722064306
BPIC14,duration,logloss_skill,47,0.20751099885726565
BPIC14,duration,logloss_skill,48,0.2084482829694072
BPIC14,duration,logloss_skill,49,0.21276058943726328
BPIC14,duration,logloss_skill,50,0.1763622216775924
BPIC14,duration,logloss_skill,51,0.19989525928993368
BPIC14,duration,logloss_skill,52,0.21400733723504828
BPIC14,duration,logloss_skill,53,0.18403316224779576
BPIC14,duration,logloss_skill,54,0.19371240784461974
BPIC14,duration,logloss_skill,55,0.21330661748853008
BPIC14,duration,logloss_skill,56,0.18883384828022043
BPIC14,duration,logloss_skill,57,0.2025966311946148
BPIC14,duration,logloss_skill,58,0.18626753948346653
BPIC14,duration,logloss_skill,59,0.2218476357054483
BPIC14,duration,logloss_skill,60,0.1933095543822978
BPIC14,duration,logloss_skill,61,0.20323949089994375
BPIC14,duration,logloss_skill,62,0.19550069517638868
BPIC14,duration,logloss_skill,63,0.20089779477903524
BPIC14,duration,logloss_skill,64,0.20901084175809181
BPIC14,duration,logloss_skill,65,0.19159783011462506
BPIC14,duration,logloss_skill,66,0.2007432490473896
BPIC14,duration,logloss_skill,67,0.21232638495038803
BPIC14,duration,logloss_skill,68,0.1881381196487144
BPIC14,duration,logloss_skill,69,0.20799237191419984
BPIC14,duration,logloss_skill,70,0.18814795058403333
BPIC14,duration,logloss_skill,71,0.20628078260996485
BPIC14,duration,logloss_skill,72,0.19015740777029788
BPIC14,duration,logloss_skill,73,0.20023733576592972
BPIC14,duration,logloss_skill,74,0.19847064321941454
BPIC14,duration,logloss_skill,75,0.19090671340433318
BPIC14,duration,logloss_skill,76,0.21240471418407303
BPIC14,duration,logloss_skill,77,0.21231899178052105
BPIC14,duration,logloss_skill,78,0.19215019967770974
BPIC14,duration,logloss_skill,79,0.18274714589562657
BPIC14,duration,logloss_skill,80,0.2179371957211651
BPIC14,duration,logloss_skill,81,0.19787052759337254
BPIC14,duration,logloss_skill,82,0.2029541554180001
BPIC14,duration,logloss_skill,83,0.17260143643574466
BPIC14,duration,logloss_skill,84,0.19327674731586242
BPIC14,duration,logloss_skill,85,0.1968406370067315
BPIC14,duration,logloss_skill,86,0.20536736097931807
BPIC14,duration,logloss_skill,87,0.19772712064334608
BPIC14,duration,logloss_skill,88,0.2060479407791478
BPIC14,duration,logloss_skill,89,0.20544579813540453
BPIC14,duration,logloss_skill,90,0.18173062859864797
BPIC14,duration,logloss_skill,91,0.20144671247365342
BPIC14,duration,logloss_skill,92,0.1944836523997333
BPIC14,duration,logloss_skill,93,0.20159228095964343
BPIC14,duration,logloss_skill,94,0.1849613685012541
BPIC14,duration,logloss_skill,95,0.19315000404178284
BPIC14,duration,logloss_skill,96,0.1983548540201736
BPIC14,duration,logloss_skill,97,0.22775007280908532
BPIC14,duration,logloss_skill,98,0.19444539612313672
BPIC14,duration,logloss_skill,99,0.19399777071796165
BPIC14,duration,logloss_skill,100,0.18263572878807832
BPIC14,duration,logloss_skill,101,0.202727931040527
BPIC14,duration,logloss_skill,102,0.18992064264014918
BPIC14,duration,logloss_skill,103,0.19228756750273612
BPIC14,duration,logloss_skill,104,0.19221620898814473
BPIC14,duration,logloss_skill,105,0.20120866721161734
BPIC14,duration,logloss_skill,106,0.19504581598373316
BPIC14,duration,logloss_skill,107,0.18499655331971843
BPIC14,duration,logloss_skill,108,0.1993543599059775
BPIC14,duration,logloss_skill,109,0.20151175628560325
BPIC14,duration,logloss_skill,110,0.20746143685987484
BPIC14,duration,logloss_skill,111,0.19384516631231263
BPIC14,duration,logloss_skill,112,0.20612869454591398
BPIC14,duration,logloss_skill,113,0.19293906499175728
BPIC14,duration,logloss_skill,114,0.1927182526789486
BPIC14,duration,logloss_skill,115,0.1959429704888097
BPIC14,duration,logloss_skill,116,0.200641595840805
BPIC14,duration,logloss_skill,117,0.2053227322984772
BPIC14,duration,logloss_skill,118,0.1862658900699603
BPIC14,duration,logloss_skill,119,0.20471700550268634
BPIC14,duration,logloss_skill,120,0.18190318808499195
BPIC14,duration,logloss_skill,121,0.19281143820170454
BPIC14,duration,logloss_skill,122,0.2059690601593982
BPIC14,duration,logloss_skill,123,0.20397992023215372
BPIC14,duration,logloss_skill,124,0.19721324634590676
BPIC14,duration,logloss_skill,125,0.20842536414146973
BPIC14,duration,logloss_skill,126,0.19243073343712336
BPIC14,duration,logloss_skill,127,0.22419005473682874
BPIC14,duration,logloss_skill,128,0.2088630749331576
BPIC14,duration,logloss_skill,129,0.20202747111685726
BPIC14,duration,logloss_skill,130,0.19588117149431872
BPIC14,duration,logloss_skill,131,0.18974646183324673
BPIC14,duration,logloss_skill,132,0.1986980730148653
BPIC14,duration,logloss_skill,133,0.18535697409478624
BPIC14,duration,logloss_skill,134,0.1845008890627322
BPIC14,duration,logloss_skill,135,0.19119354369073205
BPIC14,duration,logloss_skill,136,0.2124335526090415
BPIC14,duration,logloss_skill,137,0.18295720095120882
BPIC14,duration,logloss_skill,138,0.2061080251427787
BPIC14,duration,logloss_skill,139,0.18234594768829737
BPIC14,duration,logloss_skill,140,0.18335814064017464
BPIC14,duration,logloss_skill,141,0.18897557049913083
BPIC14,duration,logloss_skill,142,0.19452013745716068
BPIC14,duration,logloss_skill,143,0.20575757282785734
BPIC14,duration,logloss_skill,144,0.18377577602256312
BPIC14,duration,logloss_skill,145,0.19529531807061196
BPIC14,duration,logloss_skill,146,0.2121669561415005
BPIC14,duration,logloss_skill,147,0.182854148418643
BPIC14,duration,logloss_skill,148,0.1889182218795411
BPIC14,duration,logloss_skill,149,0.19507942813192092
BPIC14,duration,nagelkerke,0,0.19333520938376414
BPIC14,duration,nagelkerke,1,0.18807123851524454
BPIC14,duration,nagelkerke,2,0.19030712670178418
BPIC14,duration,nagelkerke,3,0.1996010684640428
BPIC14,duration,nagelkerke,4,0.18537522045967925
BPIC14,duration,nagelkerke,5,0.18873575374778162
BPIC14,duration,nagelkerke,6,0.19239003646619235
BPIC14,duration,nagelkerke,7,0.1810909004637693
BPIC14,duration,nagelkerke,8,0.20135593752617775
BPIC14,duration,nagelkerke,9,0.1719409851998558
BPIC14,duration,nagelkerke,10,0.1847904327545804
BPIC14,duration,nagelkerke,11,0.19725094408280908
BPIC14,duration,nagelkerke,12,0.1981505542350932
BPIC14,duration,nagelkerke,13,0.18559100492064495
BPIC14,duration,nagelkerke,14,0.19766628885419713
BPIC14,duration,nagelkerke,15,0.19217034077386907
BPIC14,duration,nagelkerke,16,0.20456824743594348
BPIC14,duration,nagelkerke,17,0.19127559785384607
BPIC14,duration,nagelkerke,18,0.19137718351279187
BPIC14,duration,nagelkerke,19,0.20029401842356398
BPIC14,duration,nagelkerke,20,0.18423617294338446
BPIC14,duration,nagelkerke,21,0.19388976193498397
BPIC14,duration,nagelkerke,22,0.20097868699869603
BPIC14,duration,nagelkerke,23,0.1924656372922846
BPIC14,duration,nagelkerke,24,0.2007170599006849
BPIC14,duration,nagelkerke,25,0.21140287833240334
BPIC14,duration,nagelkerke,26,0.18420398035391605
BPIC14,duration,nagelkerke,27,0.2119344229038953
BPIC14,duration,nagelkerke,28,0.2054751904065958
BPIC14,duration,nagelkerke,29,0.20239762362953995
BPIC14,duration,nagelkerke,30,0.20841462000348532
BPIC14,duration,nagelkerke,31,0.19335221656488022
BPIC14,duration,nagelkerke,32,0.17861387776184134
BPIC14,duration,nagelkerke,33,0.19210647815299275
BPIC14,duration,nagelkerke,34,0.20459796967180888
BPIC14,duration,nagelkerke,35,0.19767410393728357
BPIC14,duration,nagelkerke,36,0.20341302122424365
BPIC14,duration,nagelkerke,37,0.18511733518583506
BPIC14,duration,nagelkerke,38,0.18512299180407954
BPIC14,duration,nagelkerke,39,0.20025868908440625
BPIC14,duration,nagelkerke,40,0.18424936559823268
BPIC14,duration,nagelkerke,41,0.20225215765817517
BPIC14,duration,nagelkerke,42,0.1933392745194884
BPIC14,duration,nagelkerke,43,0.1966836811957735
BPIC14,duration,nagelkerke,44,0.20223360709870897
BPIC14,duration,nagelkerke,45,0.21123435203647656
BPIC14,duration,nagelkerke,46,0.19150107354903168
BPIC14,duration,nagelkerke,47,0.20629986718577042
BPIC14,duration,nagelkerke,48,0.20518913221709867
BPIC14,duration,nagelkerke,49,0.21046357296455964
BPIC14,duration,nagelkerke,50,0.1761023176690858
BPIC14,duration,nagelkerke,51,0.19829603833012932
BPIC14,duration,nagelkerke,52,0.21076736451729716
BPIC14,duration,nagelkerke,53,0.18236235659106015
BPIC14,duration,nagelkerke,54,0.19309129655756363
BPIC14,duration,nagelkerke,55,0.2127257987727078
BPIC14,duration,nagelkerke,56,0.1863313272508338
BPIC14,duration,nagelkerke,57,0.2009039535488042
BPIC14,duration,nagelkerke,58,0.18570379840212126
BPIC14,duration,nagelkerke,59,0.2159658395252987
BPIC14,duration,nagelkerke,60,0.1936913494283512
BPIC14,duration,nagelkerke,61,0.20266280722611907
BPIC14,duration,nagelkerke,62,0.19382983028058032
BPIC14,duration,nagelkerke,63,0.20123955023951523
BPIC14,duration,nagelkerke,64,0.20596631351182748
BPIC14,duration,nagelkerke,65,0.19025653931335196
BPIC14,duration,nagelkerke,66,0.19866249695783522
BPIC14,duration,nagelkerke,67,0.21032143780772938
BPIC14,duration,nagelkerke,68,0.18639163632621925
BPIC14,duration,nagelkerke,69,0.206271290791046
BPIC14,duration,nagelkerke,70,0.1884988561604879
BPIC14,duration,nagelkerke,71,0.20597883467528832
BPIC14,duration,nagelkerke,72,0.18880717214864806
BPIC14,duration,nagelkerke,73,0.19740190866994212
BPIC14,duration,nagelkerke,74,0.1959353066079963
BPIC14,duration,nagelkerke,75,0.1897455234194272
BPIC14,duration,nagelkerke,76,0.2098344723932014
BPIC14,duration,nagelkerke,77,0.2075802688587034
BPIC14,duration,nagelkerke,78,0.19156608410401754
BPIC14,duration,nagelkerke,79,0.18113023050299248
BPIC14,duration,nagelkerke,80,0.21420749619603785
BPIC14,duration,nagelkerke,81,0.1959168534218808
BPIC14,duration,nagelkerke,82,0.20061589161193316
BPIC14,duration,nagelkerke,83,0.17124413329795085
BPIC14,duration,nagelkerke,84,0.19187855613171234
BPIC14,duration,nagelkerke,85,0.1944518266281613
BPIC14,duration,nagelkerke,86,0.202747262895977
BPIC14,duration,nagelkerke,87,0.19604422269177535
BPIC14,duration,nagelkerke,88,0.20259293819496405
BPIC14,duration,nagelkerke,89,0.2031324573853801
BPIC14,duration,nagelkerke,90,0.17945497277032452
BPIC14,duration,nagelkerke,91,0.19853539632917916
BPIC14,duration,nagelkerke,92,0.19139930414560746
BPIC14,duration,nagelkerke,93,0.199210893588877
BPIC14,duration,nagelkerke,94,0.18350615395732128
BPIC14,duration,nagelkerke,95,0.19093639580713662
BPIC14,duration,nagelkerke,96,0.19693620069270157
BPIC14,duration,nagelkerke,97,0.22310919987975697
BPIC14,duration,nagelkerke,98,0.19167540974960273
BPIC14,duration,nagelkerke,99,0.19276451242153814
BPIC14,duration,nagelkerke,100,0.1811532374959527
BPIC14,duration,nagelkerke,101,0.20269895239469138
BPIC14,duration,nagelkerke,102,0.1891141703133865
BPIC14,duration,nagelkerke,103,0.19131866493300498
BPIC14,duration,nagelkerke,104,0.18939725339024394
BPIC14,duration,nagelkerke,105,0.1994313761389057
BPIC14,duration,nagelkerke,106,0.19391556207072247
BPIC14,duration,nagelkerke,107,0.18380312310902003
BPIC14,duration,nagelkerke,108,0.19599300466010017
BPIC14,duration,nagelkerke,109,0.19853052606495858
BPIC14,duration,nagelkerke,110,0.20356418943476218
BPIC14,duration,nagelkerke,111,0.1931054352310202
BPIC14,duration,nagelkerke,112,0.20466766522900404
BPIC14,duration,nagelkerke,113,0.19140896167392252
BPIC14,duration,nagelkerke,114,0.1903086194233683
BPIC14,duration,nagelkerke,115,0.19407494264303304
BPIC14,duration,nagelkerke,116,0.20031717204769106
BPIC14,duration,nagelkerke,117,0.204021973062408
BPIC14,duration,nagelkerke,118,0.1833929158711034
BPIC14,duration,nagelkerke,119,0.2006091530777816
BPIC14,duration,nagelkerke,120,0.18097074613981068
BPIC14,duration,nagelkerke,121,0.19269581763232324
BPIC14,duration,nagelkerke,122,0.2046369914231636
BPIC14,duration,nagelkerke,123,0.20013651987109227
BPIC14,duration,nagelkerke,124,0.19558664653844826
BPIC14,duration,nagelkerke,125,0.20390231837633022
BPIC14,duration,nagelkerke,126,0.19095127013558266
BPIC14,duration,nagelkerke,127,0.2212216808408789
BPIC14,duration,nagelkerke,128,0.20418791062788877
BPIC14,duration,nagelkerke,129,0.1989119876064822
BPIC14,duration,nagelkerke,130,0.1938020071637745
BPIC14,duration,nagelkerke,131,0.18808859571751246
BPIC14,duration,nagelkerke,132,0.1965157271712521
BPIC14,duration,nagelkerke,133,0.1830598549262683
BPIC14,duration,nagelkerke,134,0.18366993796699238
BPIC14,duration,nagelkerke,135,0.19002834228460386
BPIC14,duration,nagelkerke,136,0.2096503685733042
BPIC14,duration,nagelkerke,137,0.18170894763873124
BPIC14,duration,nagelkerke,138,0.20310448821272442
BPIC14,duration,nagelkerke,139,0.1811518322799669
BPIC14,duration,nagelkerke,140,0.18257216507061236
BPIC14,duration,nagelkerke,141,0.18722789394099348
BPIC14,duration,nagelkerke,142,0.19316174636048378
BPIC14,duration,nagelkerke,143,0.20338538701727038
BPIC14,duration,nagelkerke,144,0.18314330635534404
BPIC14,duration,nagelkerke,145,0.1935488388451
BPIC14,duration,nagelkerke,146,0.20933954415646805
BPIC14,duration,nagelkerke,147,0.18155876924473624
BPIC14,duration,nagelkerke,148,0.1869988169468686
BPIC14,duration,nagelkerke,149,0.19332032328359738
BPIC14,handover,ap,0,0.20844955675567511
BPIC14,handover,ap,1,0.19633260020473642
BPIC14,handover,ap,2,0.1921160872970682
BPIC14,handover,ap,3,0.20242006564646053
BPIC14,handover,ap,4,0.1857134908371717
BPIC14,handover,ap,5,0.20471357427977654
BPIC14,handover,ap,6,0.21542111026960997
BPIC14,handover,ap,7,0.24222582927575442
BPIC14,handover,ap,8,0.21229474684261396
BPIC14,handover,ap,9,0.19387806995817147
BPIC14,handover,ap,10,0.21857308648595875
BPIC14,handover,ap,11,0.18247255786119188
BPIC14,handover,ap,12,0.2015184474189995
BPIC14,handover,ap,13,0.20271841069235808
BPIC14,handover,ap,14,0.22115860063009485
BPIC14,handover,ap,15,0.2229786499426688
BPIC14,handover,ap,16,0.194495948320055
BPIC14,handover,ap,17,0.21518719952275578
BPIC14,handover,ap,18,0.17257657500756562
BPIC14,handover,ap,19,0.21499586014403138
BPIC14,handover,ap,20,0.20611312890561495
BPIC14,handover,ap,21,0.18662869129102644
BPIC14,handover,ap,22,0.22332269934143933
BPIC14,handover,ap,23,0.20298268667683417
BPIC14,handover,ap,24,0.18275351380505622
BPIC14,handover,ap,25,0.2138178160126737
BPIC14,handover,ap,26,0.24997280887238071
BPIC14,handover,ap,27,0.190176408208949
BPIC14,handover,ap,28,0.1928024117752929
BPIC14,handover,ap,29,0.19796739804701258
BPIC14,handover,ap,30,0.20157333142685685
BPIC14,handover,ap,31,0.1977281656644846
BPIC14,handover,ap,32,0.18173387929581897
BPIC14,handover,ap,33,0.18391731198679162
BPIC14,handover,ap,34,0.2137924305711142
BPIC14,handover,ap,35,0.1704425837746918
BPIC14,handover,ap,36,0.20241249873417377
BPIC14,handover,ap,37,0.2030447171451888
BPIC14,handover,ap,38,0.21323890959471958
BPIC14,handover,ap,39,0.20691362561530524
BPIC14,handover,ap,40,0.207333272681132
BPIC14,handover,ap,41,0.20964312610356184
BPIC14,handover,ap,42,0.20139162389338972
BPIC14,handover,ap,43,0.2006215897235165
BPIC14,handover,ap,44,0.2125223911033539
BPIC14,handover,ap,45,0.2399542696170085
BPIC14,handover,ap,46,0.1971208486291005
BPIC14,handover,ap,47,0.2125933705447387
BPIC14,handover,ap,48,0.19329888948741714
BPIC14,handover,ap,49,0.21736973094329604
BPIC14,handover,ap,50,0.20068713989165365
BPIC14,handover,ap,51,0.2503660167277816
BPIC14,handover,ap,52,0.24842813183291623
BPIC14,handover,ap,53,0.2219851028178601
BPIC14,handover,ap,54,0.1992940236600118
BPIC14,handover,ap,55,0.20106050492997762
BPIC14,handover,ap,56,0.18760859514444705
BPIC14,handover,ap,57,0.22497915943990343
BPIC14,handover,ap,58,0.22104527164652876
BPIC14,handover,ap,59,0.1838270233206305
BPIC14,handover,ap,60,0.19093823410945843
BPIC14,handover,ap,61,0.19016156400643702
BPIC14,handover,ap,62,0.24609263935069214
BPIC14,handover,ap,63,0.1928371839584342
BPIC14,handover,ap,64,0.1999777347680758
BPIC14,handover,ap,65,0.19858866747451276
BPIC14,handover,ap,66,0.19199773681305832
BPIC14,handover,ap,67,0.19442311374757093
BPIC14,handover,ap,68,0.19759759563946433
BPIC14,handover,ap,69,0.19081129497610283
BPIC14,handover,ap,70,0.19549666233469232
BPIC14,handover,ap,71,0.18334893929668983
BPIC14,handover,ap,72,0.20417019103199352
BPIC14,handover,ap,73,0.19226252949295608
BPIC14,handover,ap,74,0.2634816206157108
BPIC14,handover,ap,75,0.26877390860602424
BPIC14,handover,ap,76,0.2602401792202792
BPIC14,handover,ap,77,0.18682141837735933
BPIC14,handover,ap,78,0.19630428651149368
BPIC14,handover,ap,79,0.1982342780915386
BPIC14,handover,ap,80,0.2223999696962089
BPIC14,handover,ap,81,0.21408285934585924
BPIC14,handover,ap,82,0.22097811524302302
BPIC14,handover,ap,83,0.20973837949412588
BPIC14,handover,ap,84,0.21128576736379823
BPIC14,handover,ap,85,0.17917650286648823
BPIC14,handover,ap,86,0.1789322104397384
BPIC14,handover,ap,87,0.21220176584245776
BPIC14,handover,ap,88,0.2040368183303497
BPIC14,handover,ap,89,0.2106028039949227
BPIC14,handover,ap,90,0.1928602708947028
BPIC14,handover,ap,91,0.21617146626560113
BPIC14,handover,ap,92,0.28066056045926047
BPIC14,handover,ap,93,0.2099748799243335
BPIC14,handover,ap,94,0.20574827561522535
BPIC14,handover,ap,95,0.206319873569343
BPIC14,handover,ap,96,0.22688130038191123
BPIC14,handover,ap,97,0.1781027296700468
BPIC14,handover,ap,98,0.28027784251520393
BPIC14,handover,ap,99,0.20359053542137473
BPIC14,handover,ap,100,0.19944508638100655
BPIC14,handover,ap,101,0.20237111530206908
BPIC14,handover,ap,102,0.2111401977391264
BPIC14,handover,ap,103,0.17749043909901796
BPIC14,handover,ap,104,0.21229940751271514
BPIC14,handover,ap,105,0.18126305856066005
BPIC14,handover,ap,106,0.2375561347479478
BPIC14,handover,ap,107,0.18190042486068103
BPIC14,handover,ap,108,0.1915965830855365
BPIC14,handover,ap,109,0.2539879624632353
BPIC14,handover,ap,110,0.2029326213157976
BPIC14,handover,ap,111,0.21816982464833323
BPIC14,handover,ap,112,0.24157714568088517
BPIC14,handover,ap,113,0.17295065159632128
BPIC14,handover,ap,114,0.20927308662555832
BPIC14,handover,ap,115,0.21963818292124537
BPIC14,handover,ap,116,0.2276482324247322
BPIC14,handover,ap,117,0.19562267866874317
BPIC14,handover,ap,118,0.1841502991833215
BPIC14,handover,ap,119,0.19540985491854002
BPIC14,handover,ap,120,0.19726635270492243
BPIC14,handover,ap,121,0.19072396429631988
BPIC14,handover,ap,122,0.21351225953262642
BPIC14,handover,ap,123,0.18106951129374704
BPIC14,handover,ap,124,0.20440133854417852
BPIC14,handover,ap,125,0.20105978300880967
BPIC14,handover,ap,126,0.19839293876878838
BPIC14,handover,ap,127,0.19976583224894173
BPIC14,handover,ap,128,0.19599606920654522
BPIC14,handover,ap,129,0.22780738965657266
BPIC14,handover,ap,130,0.20294078654573178
BPIC14,handover,ap,131,0.21085709315558465
BPIC14,handover,ap,132,0.21063955035133053
BPIC14,handover,ap,133,0.20393615838508083
BPIC14,handover,ap,134,0.18769638008358203
BPIC14,handover,ap,135,0.20740854978256917
BPIC14,handover,ap,136,0.21257135533095728
BPIC14,handover,ap,137,0.205878672835489
BPIC14,handover,ap,138,0.19519805097042509
BPIC14,handover,ap,139,0.23028920095193062
BPIC14,handover,ap,140,0.20017505529153146
BPIC14,handover,ap,141,0.19076505704206803
BPIC14,handover,ap,142,0.2354801094472425
BPIC14,handover,ap,143,0.20473648000139422
BPIC14,handover,ap,144,0.20880807061136786
BPIC14,handover,ap,145,0.1991564307687983
BPIC14,handover,ap,146,0.19624391614358483
BPIC14,handover,ap,147,0.2016725285443577
BPIC14,handover,ap,148,0.2160886267633756
BPIC14,handover,ap,149,0.21162671046154058
BPIC14,handover,auc,0,0.20743981143871704
BPIC14,handover,auc,1,0.19672316994667804
BPIC14,handover,auc,2,0.21161422385121864
BPIC14,handover,auc,3,0.21033892518040354
BPIC14,handover,auc,4,0.1930431540640838
BPIC14,handover,auc,5,0.19718593460724776
BPIC14,handover,auc,6,0.18907402461495404
BPIC14,handover,auc,7,0.22874013414680805
BPIC14,handover,auc,8,0.21699452665107632
BPIC14,handover,auc,9,0.20162886404196878
BPIC14,handover,auc,10,0.20730782104977852
BPIC14,handover,auc,11,0.18736360794628215
BPIC14,handover,auc,12,0.19975811457026127
BPIC14,handover,auc,13,0.2020596297567615
BPIC14,handover,auc,14,0.2122765160497665
BPIC14,handover,auc,15,0.22704161331910577
BPIC14,handover,auc,16,0.19324905421086802
BPIC14,handover,auc,17,0.19933767199177832
BPIC14,handover,auc,18,0.1892992593447621
BPIC14,handover,auc,19,0.20433663010280412
BPIC14,handover,auc,20,0.19409680768819249
BPIC14,handover,auc,21,0.18925931105669758
BPIC14,handover,auc,22,0.20082749149940804
BPIC14,handover,auc,23,0.1924688987699854
BPIC14,handover,auc,24,0.17931476069152152
BPIC14,handover,auc,25,0.19746058503309916
BPIC14,handover,auc,26,0.23527034757768728
BPIC14,handover,auc,27,0.1911926853442375
BPIC14,handover,auc,28,0.19313967161393508
BPIC14,handover,auc,29,0.19900275478968354
BPIC14,handover,auc,30,0.19542976106710386
BPIC14,handover,auc,31,0.19465199450278514
BPIC14,handover,auc,32,0.18458320059186173
BPIC14,handover,auc,33,0.1747919914106293
BPIC14,handover,auc,34,0.20087784961808763
BPIC14,handover,auc,35,0.17873522952725496
BPIC14,handover,auc,36,0.19176462811403838
BPIC14,handover,auc,37,0.202721741791708
BPIC14,handover,auc,38,0.20169550453139795
BPIC14,handover,auc,39,0.19809133446808302
BPIC14,handover,auc,40,0.19352129331865153
BPIC14,handover,auc,41,0.1976253834170617
BPIC14,handover,auc,42,0.21103985917297008
BPIC14,handover,auc,43,0.1997753503154105
BPIC14,handover,auc,44,0.20299017535275565
BPIC14,handover,auc,45,0.2244438165380105
BPIC14,handover,auc,46,0.19273699224323793
BPIC14,handover,auc,47,0.19555017553363596
BPIC14,handover,auc,48,0.18957219693082972
BPIC14,handover,auc,49,0.22991965819676308
BPIC14,handover,auc,50,0.19530029520439152
BPIC14,handover,auc,51,0.2365297738447708
BPIC14,handover,auc,52,0.2343660102882641
BPIC14,handover,auc,53,0.2146590963826447
BPIC14,handover,auc,54,0.19027230468292766
BPIC14,handover,auc,55,0.19630275323268198
BPIC14,handover,auc,56,0.18335344391007813
BPIC14,handover,auc,57,0.22752882205484315
BPIC14,handover,auc,58,0.22359088042982056
BPIC14,handover,auc,59,0.1902992263944414
BPIC14,handover,auc,60,0.19463411374510708
BPIC14,handover,auc,61,0.19742928718793085
BPIC14,handover,auc,62,0.24048961839594984
BPIC14,handover,auc,63,0.19027083291835567
BPIC14,handover,auc,64,0.19807143923021697
BPIC14,handover,auc,65,0.20981871668163832
BPIC14,handover,auc,66,0.19819197727091142
BPIC14,handover,auc,67,0.1944504528049773
BPIC14,handover,auc,68,0.18856501861094088
BPIC14,handover,auc,69,0.18792117593289825
BPIC14,handover,auc,70,0.20759592212199662
BPIC14,handover,auc,71,0.18783259192342538
BPIC14,handover,auc,72,0.21144243845623023
BPIC14,handover,auc,73,0.1924507748164923
BPIC14,handover,auc,74,0.25285604950680285
BPIC14,handover,auc,75,0.24409958098200013
BPIC14,handover,auc,76,0.238208974490294
BPIC14,handover,auc,77,0.1860205005759894
BPIC14,handover,auc,78,0.19902321039762016
BPIC14,handover,auc,79,0.19149423198076454
BPIC14,handover,auc,80,0.2288957774655085
BPIC14,handover,auc,81,0.2028460878648517
BPIC14,handover,auc,82,0.19789847660972626
BPIC14,handover,auc,83,0.1963212021774623
BPIC14,handover,auc,84,0.21592098466261922
BPIC14,handover,auc,85,0.17854769974226414
BPIC14,handover,auc,86,0.1882471886817476
BPIC14,handover,auc,87,0.20734009356040328
BPIC14,handover,auc,88,0.18661868258195313
BPIC14,handover,auc,89,0.19908344882937845
BPIC14,handover,auc,90,0.19146003083643004
BPIC14,handover,auc,91,0.20027502068951208
BPIC14,handover,auc,92,0.2504303724907815
BPIC14,handover,auc,93,0.20442603297376927
BPIC14,handover,auc,94,0.20413766015775692
BPIC14,handover,auc,95,0.19480676887824422
BPIC14,handover,auc,96,0.22982882941024996
BPIC14,handover,auc,97,0.1789135360451639
BPIC14,handover,auc,98,0.2536196348340586
BPIC14,handover,auc,99,0.19074942487863633
BPIC14,handover,auc,100,0.18605932846510798
BPIC14,handover,auc,101,0.2086097447354498
BPIC14,handover,auc,102,0.1960779791045304
BPIC14,handover,auc,103,0.17172500306947902
BPIC14,handover,auc,104,0.2127785874180803
BPIC14,handover,auc,105,0.19059133058757105
BPIC14,handover,auc,106,0.2243569052512977
BPIC14,handover,auc,107,0.18191671452146152
BPIC14,handover,auc,108,0.19099207803684448
BPIC14,handover,auc,109,0.23696913412408405
BPIC14,handover,auc,110,0.20221319842468333
BPIC14,handover,auc,111,0.20453849574456562
BPIC14,handover,auc,112,0.22156231771229096
BPIC14,handover,auc,113,0.18689925763229587
BPIC14,handover,auc,114,0.19864480521730687
BPIC14,handover,auc,115,0.2206760032912619
BPIC14,handover,auc,116,0.2207124854492204
BPIC14,handover,auc,117,0.1873161846783329
BPIC14,handover,auc,118,0.1849588803192509
BPIC14,handover,auc,119,0.19747572011143144
BPIC14,handover,auc,120,0.20337055459784925
BPIC14,handover,auc,121,0.18682679703577743
BPIC14,handover,auc,122,0.21901165794005872
BPIC14,handover,auc,123,0.18537725704627606
BPIC14,handover,auc,124,0.19833978187809542
BPIC14,handover,auc,125,0.19362682266902675
BPIC14,handover,auc,126,0.19098384598544782
BPIC14,handover,auc,127,0.18241289032126284
BPIC14,handover,auc,128,0.1900905044212422
BPIC14,handover,auc,129,0.22081398643617178
BPIC14,handover,auc,130,0.19231464077594507
BPIC14,handover,auc,131,0.19466477253814585
BPIC14,handover,auc,132,0.19783483349084174
BPIC14,handover,auc,133,0.19684198979807965
BPIC14,handover,auc,134,0.18921730285219995
BPIC14,handover,auc,135,0.19198298470661812
BPIC14,handover,auc,136,0.18646204939943667
BPIC14,handover,auc,137,0.19881802522594794
BPIC14,handover,auc,138,0.18237331479735408
BPIC14,handover,auc,139,0.21793574841513286
BPIC14,handover,auc,140,0.19604761163285
BPIC14,handover,auc,141,0.18695346549081382
BPIC14,handover,auc,142,0.23472648002317764
BPIC14,handover,auc,143,0.20407517276484066
BPIC14,handover,auc,144,0.18986183221997055
BPIC14,handover,auc,145,0.21108527438581348
BPIC14,handover,auc,146,0.20747050010246904
BPIC14,handover,auc,147,0.1901257659795612
BPIC14,handover,auc,148,0.21048810564651488
BPIC14,handover,auc,149,0.2003019983822223
BPIC14,handover,brier_skill,0,0.19046299468302352
BPIC14,handover,brier_skill,1,0.17912384575454532
BPIC14,handover,brier_skill,2,0.2000008734319102
BPIC14,handover,brier_skill,3,0.1970052219483256
BPIC14,handover,brier_skill,4,0.18820533872566814
BPIC14,handover,brier_skill,5,0.20659730317079017
BPIC14,handover,brier_skill,6,0.18779140965134622
BPIC14,handover,brier_skill,7,0.21244523537113635
BPIC14,handover,brier_skill,8,0.1797952255286619
BPIC14,handover,brier_skill,9,0.2037636291673911
BPIC14,handover,brier_skill,10,0.18874071314155616
BPIC14,handover,brier_skill,11,0.1997382926823439
BPIC14,handover,brier_skill,12,0.20165774623587884
BPIC14,handover,brier_skill,13,0.18136776948530597
BPIC14,handover,brier_skill,14,0.18946853979919498
BPIC14,handover,brier_skill,15,0.19257150664316014
BPIC14,handover,brier_skill,16,0.19887212499527873
BPIC14,handover,brier_skill,17,0.1938675026139869
BPIC14,handover,brier_skill,18,0.19469765925487315
BPIC14,handover,brier_skill,19,0.18552097314385796
BPIC14,handover,brier_skill,20,0.18923173814369332
BPIC14,handover,brier_skill,21,0.19493323645381233
BPIC14,handover,brier_skill,22,0.1879975020941893
BPIC14,handover,brier_skill,23,0.18446799651147783
BPIC14,handover,brier_skill,24,0.18945577108970146
BPIC14,handover,brier_skill,25,0.1953475550866477
BPIC14,handover,brier_skill,26,0.1955093907707668
BPIC14,handover,brier_skill,27,0.19555658171835633
BPIC14,handover,brier_skill,28,0.1931307791773701
BPIC14,handover,brier_skill,29,0.18588601141029348
BPIC14,handover,brier_skill,30,0.18888841976817472
BPIC14,handover,brier_skill,31,0.20456290707182245
BPIC14,handover,brier_skill,32,0.19267986431610828
BPIC14,handover,brier_skill,33,0.18399073476170957
BPIC14,handover,brier_skill,34,0.21047161128138636
BPIC14,handover,brier_skill,35,0.18810652375447767
BPIC14,handover,brier_skill,36,0.19763517667177144
BPIC14,handover,brier_skill,37,0.19229072220053967
BPIC14,handover,brier_skill,38,0.18406500061125586
BPIC14,handover,brier_skill,39,0.19305989895554598
BPIC14,handover,brier_skill,40,0.19580026595666955
BPIC14,handover,brier_skill,41,0.18528726835207965
BPIC14,handover,brier_skill,42,0.20552834530902309
BPIC14,handover,brier_skill,43,0.18441750835798953
BPIC14,handover,brier_skill,44,0.18777510744362214
BPIC14,handover,brier_skill,45,0.190739198412187
BPIC14,handover,brier_skill,46,0.2054659779127439
BPIC14,handover,brier_skill,47,0.18483135732123213
BPIC14,handover,brier_skill,48,0.20362765082822487
BPIC14,handover,brier_skill,49,0.19059712557517305
BPIC14,handover,brier_skill,50,0.18201930823679002
BPIC14,handover,brier_skill,51,0.19361140826916845
BPIC14,handover,brier_skill,52,0.19006794469277555
BPIC14,handover,brier_skill,53,0.1961962851248522
BPIC14,handover,brier_skill,54,0.1856497852742811
BPIC14,handover,brier_skill,55,0.19963300083859992
BPIC14,handover,brier_skill,56,0.20200744645788116
BPIC14,handover,brier_skill,57,0.17901941007907696
BPIC14,handover,brier_skill,58,0.18782295203651755
BPIC14,handover,brier_skill,59,0.19195613361511454
BPIC14,handover,brier_skill,60,0.18822339220457462
BPIC14,handover,brier_skill,61,0.18863065920232547
BPIC14,handover,brier_skill,62,0.19210764636711253
BPIC14,handover,brier_skill,63,0.20208285197199172
BPIC14,handover,brier_skill,64,0.18505290937660634
BPIC14,handover,brier_skill,65,0.2028764429420007
BPIC14,handover,brier_skill,66,0.184930289866154
BPIC14,handover,brier_skill,67,0.19146988889746042
BPIC14,handover,brier_skill,68,0.1840323797594876
BPIC14,handover,brier_skill,69,0.193820521392555
BPIC14,handover,brier_skill,70,0.20079741080729918
BPIC14,handover,brier_skill,71,0.19220223719853147
BPIC14,handover,brier_skill,72,0.19549464243417403
BPIC14,handover,brier_skill,73,0.19434299317821535
BPIC14,handover,brier_skill,74,0.20710237567278766
BPIC14,handover,brier_skill,75,0.18886483343168248
BPIC14,handover,brier_skill,76,0.19572734220361954
BPIC14,handover,brier_skill,77,0.1887604795013984
BPIC14,handover,brier_skill,78,0.19358330472995944
BPIC14,handover,brier_skill,79,0.18261273515421683
BPIC14,handover,brier_skill,80,0.19010675546858447
BPIC14,handover,brier_skill,81,0.19400576755312748
BPIC14,handover,brier_skill,82,0.19805371854921883
BPIC14,handover,brier_skill,83,0.1930939057714527
BPIC14,handover,brier_skill,84,0.18390584368833873
BPIC14,handover,brier_skill,85,0.18751427811618804
BPIC14,handover,brier_skill,86,0.19123697295785014
BPIC14,handover,brier_skill,87,0.1949944012220084
BPIC14,handover,brier_skill,88,0.18437914448391513
BPIC14,handover,brier_skill,89,0.18898297191496993
BPIC14,handover,brier_skill,90,0.18045297632255797
BPIC14,handover,brier_skill,91,0.1949337236444343
BPIC14,handover,brier_skill,92,0.1879359338897688
BPIC14,handover,brier_skill,93,0.19516443452091958
BPIC14,handover,brier_skill,94,0.20323396617007772
BPIC14,handover,brier_skill,95,0.18928902603473374
BPIC14,handover,brier_skill,96,0.184565066328783
BPIC14,handover,brier_skill,97,0.18973977878665105
BPIC14,handover,brier_skill,98,0.18203425625493574
BPIC14,handover,brier_skill,99,0.1803186908568456
BPIC14,handover,brier_skill,100,0.19131740529618013
BPIC14,handover,brier_skill,101,0.21270143583373635
BPIC14,handover,brier_skill,102,0.17700974792649604
BPIC14,handover,brier_skill,103,0.17631197952950228
BPIC14,handover,brier_skill,104,0.18452121900314244
BPIC14,handover,brier_skill,105,0.19926252569106329
BPIC14,handover,brier_skill,106,0.18274525223144122
BPIC14,handover,brier_skill,107,0.19426102777817156
BPIC14,handover,brier_skill,108,0.1902526886636957
BPIC14,handover,brier_skill,109,0.19127616804750636
BPIC14,handover,brier_skill,110,0.19712912292277118
BPIC14,handover,brier_skill,111,0.19289656878477546
BPIC14,handover,brier_skill,112,0.1876502072391779
BPIC14,handover,brier_skill,113,0.18740950111918764
BPIC14,handover,brier_skill,114,0.21291760067264842
BPIC14,handover,brier_skill,115,0.19607409131053288
BPIC14,handover,brier_skill,116,0.18790494439020278
BPIC14,handover,brier_skill,117,0.1749095182564835
BPIC14,handover,brier_skill,118,0.18783319258089015
BPIC14,handover,brier_skill,119,0.21664690526089858
BPIC14,handover,brier_skill,120,0.19315165561618386
BPIC14,handover,brier_skill,121,0.18396389364725563
BPIC14,handover,brier_skill,122,0.17878458449419043
BPIC14,handover,brier_skill,123,0.17705006691065095
BPIC14,handover,brier_skill,124,0.1866905819959731
BPIC14,handover,brier_skill,125,0.17030784435934743
BPIC14,handover,brier_skill,126,0.18841027082245798
BPIC14,handover,brier_skill,127,0.18360278205641323
BPIC14,handover,brier_skill,128,0.1752138213579707
BPIC14,handover,brier_skill,129,0.1909953617745921
BPIC14,handover,brier_skill,130,0.19040758450378414
BPIC14,handover,brier_skill,131,0.19410737374191367
BPIC14,handover,brier_skill,132,0.20083223830484298
BPIC14,handover,brier_skill,133,0.1888650454408859
BPIC14,handover,brier_skill,134,0.17739236370225653
BPIC14,handover,brier_skill,135,0.19511883551720777
BPIC14,handover,brier_skill,136,0.19379539593053108
BPIC14,handover,brier_skill,137,0.1785444772214888
BPIC14,handover,brier_skill,138,0.18683076021431477
BPIC14,handover,brier_skill,139,0.18333894245377325
BPIC14,handover,brier_skill,140,0.19721588805397294
BPIC14,handover,brier_skill,141,0.18516109615875787
BPIC14,handover,brier_skill,142,0.1833618622007589
BPIC14,handover,brier_skill,143,0.2074472585168219
BPIC14,handover,brier_skill,144,0.18388293419913682
BPIC14,handover,brier_skill,145,0.18959361431916355
BPIC14,handover,brier_skill,146,0.18408596917283027
BPIC14,handover,brier_skill,147,0.1855769529132153
BPIC14,handover,brier_skill,148,0.1898295305442126
BPIC14,handover,brier_skill,149,0.18485423742147555
BPIC14,handover,logloss_skill,0,0.18669321896173208
BPIC14,handover,logloss_skill,1,0.17191639281694404
BPIC14,handover,logloss_skill,2,0.19751926837793088
BPIC14,handover,logloss_skill,3,0.1818556139931472
BPIC14,handover,logloss_skill,4,0.17642979922068736
BPIC14,handover,logloss_skill,5,0.21033987056747927
BPIC14,handover,logloss_skill,6,0.17565149251755563
BPIC14,handover,logloss_skill,7,0.19168680751621558
BPIC14,handover,logloss_skill,8,0.17536662817537718
BPIC14,handover,logloss_skill,9,0.18355174009095454
BPIC14,handover,logloss_skill,10,0.1783921729948338
BPIC14,handover,logloss_skill,11,0.18734533060705094
BPIC14,handover,logloss_skill,12,0.1918274530721138
BPIC14,handover,logloss_skill,13,0.19271009824810403
BPIC14,handover,logloss_skill,14,0.18194618513305838
BPIC14,handover,logloss_skill,15,0.1841663401487803
BPIC14,handover,logloss_skill,16,0.18106749314513193
BPIC14,handover,logloss_skill,17,0.17885225324470433
BPIC14,handover,logloss_skill,18,0.19283980255853994
BPIC14,handover,logloss_skill,19,0.1773550711387415
BPIC14,handover,logloss_skill,20,0.17808279488778245
BPIC14,handover,logloss_skill,21,0.1871639514587018
BPIC14,handover,logloss_skill,22,0.1782948186592057
BPIC14,handover,logloss_skill,23,0.1972677389900077
BPIC14,handover,logloss_skill,24,0.1759571242555631
BPIC14,handover,logloss_skill,25,0.18068263135849505
BPIC14,handover,logloss_skill,26,0.1838638910846524
BPIC14,handover,logloss_skill,27,0.18328790088879365
BPIC14,handover,logloss_skill,28,0.17810829717158772
BPIC14,handover,logloss_skill,29,0.178403088897647
BPIC14,handover,logloss_skill,30,0.1829186301727015
BPIC14,handover,logloss_skill,31,0.1867403984360103
BPIC14,handover,logloss_skill,32,0.1767082198558817
BPIC14,handover,logloss_skill,33,0.17486101149376498
BPIC14,handover,logloss_skill,34,0.19178146720693234
BPIC14,handover,logloss_skill,35,0.17503540134370255
BPIC14,handover,logloss_skill,36,0.17956086844641228
BPIC14,handover,logloss_skill,37,0.18312429262818397
BPIC14,handover,logloss_skill,38,0.1757611750052337
BPIC14,handover,logloss_skill,39,0.18131953779206866
BPIC14,handover,logloss_skill,40,0.18313155155478733
BPIC14,handover,logloss_skill,41,0.17753945926963444
BPIC14,handover,logloss_skill,42,0.18655313981773491
BPIC14,handover,logloss_skill,43,0.17640340309720393
BPIC14,handover,logloss_skill,44,0.17783751835899808
BPIC14,handover,logloss_skill,45,0.17257438814807857
BPIC14,handover,logloss_skill,46,0.1867266501165914
BPIC14,handover,logloss_skill,47,0.1768393970234261
BPIC14,handover,logloss_skill,48,0.18427131752138448
BPIC14,handover,logloss_skill,49,0.1913253863225387
BPIC14,handover,logloss_skill,50,0.17859253274426634
BPIC14,handover,logloss_skill,51,0.18589320647051122
BPIC14,handover,logloss_skill,52,0.20864018705605036
BPIC14,handover,logloss_skill,53,0.18608313450540748
BPIC14,handover,logloss_skill,54,0.17960318554910149
BPIC14,handover,logloss_skill,55,0.18014581547902775
BPIC14,handover,logloss_skill,56,0.1843839057208443
BPIC14,handover,logloss_skill,57,0.1739817595916039
BPIC14,handover,logloss_skill,58,0.18176231130643716
BPIC14,handover,logloss_skill,59,0.1783586508732552
BPIC14,handover,logloss_skill,60,0.3629845729027328
BPIC14,handover,logloss_skill,61,0.17929756565223776
BPIC14,handover,logloss_skill,62,0.18376088581028227
BPIC14,handover,logloss_skill,63,0.2014482101355054
BPIC14,handover,logloss_skill,64,0.17530827545672834
BPIC14,handover,logloss_skill,65,0.19328282230806104
BPIC14,handover,logloss_skill,66,0.1788214883471133
BPIC14,handover,logloss_skill,67,0.17359215665056116
BPIC14,handover,logloss_skill,68,0.17574942631039958
BPIC14,handover,logloss_skill,69,0.17591334361093613
BPIC14,handover,logloss_skill,70,0.18449549626789463
BPIC14,handover,logloss_skill,71,0.18059017291871782
BPIC14,handover,logloss_skill,72,0.18756180844025083
BPIC14,handover,logloss_skill,73,0.1852409270753126
BPIC14,handover,logloss_skill,74,0.21938781348020098
BPIC14,handover,logloss_skill,75,0.18131774038977677
BPIC14,handover,logloss_skill,76,0.18712100969846623
BPIC14,handover,logloss_skill,77,0.17883271118678334
BPIC14,handover,logloss_skill,78,0.17687175047212333
BPIC14,handover,logloss_skill,79,0.17479801370856618
BPIC14,handover,logloss_skill,80,0.178529657545746
BPIC14,handover,logloss_skill,81,0.2006812484579923
BPIC14,handover,logloss_skill,82,0.19422693586829975
BPIC14,handover,logloss_skill,83,0.18029659979755197
BPIC14,handover,logloss_skill,84,0.18483916845256365
BPIC14,handover,logloss_skill,85,0.1774331911810424
BPIC14,handover,logloss_skill,86,0.18249057761220344
BPIC14,handover,logloss_skill,87,0.1887008842567517
BPIC14,handover,logloss_skill,88,0.17453328804214463
BPIC14,handover,logloss_skill,89,0.18362380696480973
BPIC14,handover,logloss_skill,90,0.18196857715802184
BPIC14,handover,logloss_skill,91,0.18852230498836198
BPIC14,handover,logloss_skill,92,0.18856820077355596
BPIC14,handover,logloss_skill,93,0.18887159405076193
BPIC14,handover,logloss_skill,94,0.19297081939840643
BPIC14,handover,logloss_skill,95,0.1783040100253841
BPIC14,handover,logloss_skill,96,0.19097614916061667
BPIC14,handover,logloss_skill,97,0.18285846828723873
BPIC14,handover,logloss_skill,98,0.1792024128706352
BPIC14,handover,logloss_skill,99,0.16845766406138518
BPIC14,handover,logloss_skill,100,0.1861863892316612
BPIC14,handover,logloss_skill,101,0.19292093063571603
BPIC14,handover,logloss_skill,102,0.17058758937219798
BPIC14,handover,logloss_skill,103,0.16808544906109923
BPIC14,handover,logloss_skill,104,0.1750720579865268
BPIC14,handover,logloss_skill,105,0.2010453198421598
BPIC14,handover,logloss_skill,106,0.18457251560129562
BPIC14,handover,logloss_skill,107,0.18904302577220378
BPIC14,handover,logloss_skill,108,0.17861029208850976
BPIC14,handover,logloss_skill,109,0.1897215840500439
BPIC14,handover,logloss_skill,110,0.18703143871176742
BPIC14,handover,logloss_skill,111,0.18923248831036332
BPIC14,handover,logloss_skill,112,0.17961360480700828
BPIC14,handover,logloss_skill,113,0.17737339453733925
BPIC14,handover,logloss_skill,114,0.19229667670696626
BPIC14,handover,logloss_skill,115,0.18154645381902723
BPIC14,handover,logloss_skill,116,0.179060354022043
BPIC14,handover,logloss_skill,117,0.17081415940270417
BPIC14,handover,logloss_skill,118,0.1750725322865987
BPIC14,handover,logloss_skill,119,0.18632994246447665
BPIC14,handover,logloss_skill,120,0.1846616636904257
BPIC14,handover,logloss_skill,121,0.1788304021416205
BPIC14,handover,logloss_skill,122,0.17702608735475145
BPIC14,handover,logloss_skill,123,0.17094190245248264
BPIC14,handover,logloss_skill,124,0.17696052162156883
BPIC14,handover,logloss_skill,125,0.17483361095020578
BPIC14,handover,logloss_skill,126,0.17473004284594773
BPIC14,handover,logloss_skill,127,0.17081317561359155
BPIC14,handover,logloss_skill,128,0.17211828108876537
BPIC14,handover,logloss_skill,129,0.18547712703921526
BPIC14,handover,logloss_skill,130,0.17878589872400819
BPIC14,handover,logloss_skill,131,0.18081323192388155
BPIC14,handover,logloss_skill,132,0.1831181820918243
BPIC14,handover,logloss_skill,133,0.18125822286788318
BPIC14,handover,logloss_skill,134,0.1692921177518374
BPIC14,handover,logloss_skill,135,0.18696827316798414
BPIC14,handover,logloss_skill,136,0.18613145395935682
BPIC14,handover,logloss_skill,137,0.16970884510692508
BPIC14,handover,logloss_skill,138,0.17524678312142195
BPIC14,handover,logloss_skill,139,0.17889619038652516
BPIC14,handover,logloss_skill,140,0.1821445443705627
BPIC14,handover,logloss_skill,141,0.18237922144235408
BPIC14,handover,logloss_skill,142,0.18286762733007667
BPIC14,handover,logloss_skill,143,0.19220511517172423
BPIC14,handover,logloss_skill,144,0.18004365522192978
BPIC14,handover,logloss_skill,145,0.2304184657623083
BPIC14,handover,logloss_skill,146,0.18135257759345236
BPIC14,handover,logloss_skill,147,0.17691095019341385
BPIC14,handover,logloss_skill,148,0.1880916473098786
BPIC14,handover,logloss_skill,149,0.17726247720910093
BPIC14,handover,nagelkerke,0,0.18545348973488085
BPIC14,handover,nagelkerke,1,0.17147043576063625
BPIC14,handover,nagelkerke,2,0.1946929800704782
BPIC14,handover,nagelkerke,3,0.1813994367239098
BPIC14,handover,nagelkerke,4,0.1760024459215619
BPIC14,handover,nagelkerke,5,0.20633499808449574
BPIC14,handover,nagelkerke,6,0.17453371574823195
BPIC14,handover,nagelkerke,7,0.18981673245163888
BPIC14,handover,nagelkerke,8,0.1748702902214201
BPIC14,handover,nagelkerke,9,0.18231811961109146
BPIC14,handover,nagelkerke,10,0.17744474206213878
BPIC14,handover,nagelkerke,11,0.18411316519542598
BPIC14,handover,nagelkerke,12,0.19006678596214455
BPIC14,handover,nagelkerke,13,0.19024926926804409
BPIC14,handover,nagelkerke,14,0.18155255942993243
BPIC14,handover,nagelkerke,15,0.18333099515783935
BPIC14,handover,nagelkerke,16,0.17959303843394325
BPIC14,handover,nagelkerke,17,0.1778202430248681
BPIC14,handover,nagelkerke,18,0.18994138086411094
BPIC14,handover,nagelkerke,19,0.17623407048522988
BPIC14,handover,nagelkerke,20,0.17657540114534642
BPIC14,handover,nagelkerke,21,0.18662778555506498
BPIC14,handover,nagelkerke,22,0.1775127231947451
BPIC14,handover,nagelkerke,23,0.19406484631046705
BPIC14,handover,nagelkerke,24,0.17434562673219878
BPIC14,handover,nagelkerke,25,0.1796406692029877
BPIC14,handover,nagelkerke,26,0.18392113508072638
BPIC14,handover,nagelkerke,27,0.18213183637800956
BPIC14,handover,nagelkerke,28,0.1766648970816076
BPIC14,handover,nagelkerke,29,0.17671504585051168
BPIC14,handover,nagelkerke,30,0.18170134873115196
BPIC14,handover,nagelkerke,31,0.18595786558267924
BPIC14,handover,nagelkerke,32,0.1757710146251653
BPIC14,handover,nagelkerke,33,0.1733526727929724
BPIC14,handover,nagelkerke,34,0.19079604087006086
BPIC14,handover,nagelkerke,35,0.17373670611878234
BPIC14,handover,nagelkerke,36,0.1786780829823741
BPIC14,handover,nagelkerke,37,0.18215610602016974
BPIC14,handover,nagelkerke,38,0.17555423029966866
BPIC14,handover,nagelkerke,39,0.1797794026459234
BPIC14,handover,nagelkerke,40,0.18169935462060427
BPIC14,handover,nagelkerke,41,0.1760291775384113
BPIC14,handover,nagelkerke,42,0.18565105836372275
BPIC14,handover,nagelkerke,43,0.17489579161139512
BPIC14,handover,nagelkerke,44,0.1767357512727039
BPIC14,handover,nagelkerke,45,0.17227505391573117
BPIC14,handover,nagelkerke,46,0.1854234568498172
BPIC14,handover,nagelkerke,47,0.17591879355167528
BPIC14,handover,nagelkerke,48,0.18270783361104292
BPIC14,handover,nagelkerke,49,0.1904319282247462
BPIC14,handover,nagelkerke,50,0.17747606907355662
BPIC14,handover,nagelkerke,51,0.18180891031777513
BPIC14,handover,nagelkerke,52,0.21430791076948297
BPIC14,handover,nagelkerke,53,0.18598428529491395
BPIC14,handover,nagelkerke,54,0.17756081542066116
BPIC14,handover,nagelkerke,55,0.17950256305790036
BPIC14,handover,nagelkerke,56,0.182506770514531
BPIC14,handover,nagelkerke,57,0.17366204753803627
BPIC14,handover,nagelkerke,58,0.1800190629220514
BPIC14,handover,nagelkerke,59,0.17692901749373724
BPIC14,handover,nagelkerke,60,0.40132692263058256
BPIC14,handover,nagelkerke,61,0.17837007391175108
BPIC14,handover,nagelkerke,62,0.1829698212187053
BPIC14,handover,nagelkerke,63,0.20309939620065487
BPIC14,handover,nagelkerke,64,0.1744272555302926
BPIC14,handover,nagelkerke,65,0.19437554243457145
BPIC14,handover,nagelkerke,66,0.17699372651326017
BPIC14,handover,nagelkerke,67,0.17312133594613366
BPIC14,handover,nagelkerke,68,0.17423430004730456
BPIC14,handover,nagelkerke,69,0.17362979258876687
BPIC14,handover,nagelkerke,70,0.18536588533087672
BPIC14,handover,nagelkerke,71,0.17936731188217037
BPIC14,handover,nagelkerke,72,0.1878373003835463
BPIC14,handover,nagelkerke,73,0.18352966030934437
BPIC14,handover,nagelkerke,74,0.2245588164483434
BPIC14,handover,nagelkerke,75,0.1813874018928081
BPIC14,handover,nagelkerke,76,0.1874610352091317
BPIC14,handover,nagelkerke,77,0.17748008139881288
BPIC14,handover,nagelkerke,78,0.17583712486971415
BPIC14,handover,nagelkerke,79,0.17392533879110927
BPIC14,handover,nagelkerke,80,0.17818084599441297
BPIC14,handover,nagelkerke,81,0.19690448994493848
BPIC14,handover,nagelkerke,82,0.194016899157886
BPIC14,handover,nagelkerke,83,0.179281982574228
BPIC14,handover,nagelkerke,84,0.18750665403052946
BPIC14,handover,nagelkerke,85,0.17642063593075763
BPIC14,handover,nagelkerke,86,0.18101516004371876
BPIC14,handover,nagelkerke,87,0.18711854743663592
BPIC14,handover,nagelkerke,88,0.17277576920781756
BPIC14,handover,nagelkerke,89,0.1823998421389339
BPIC14,handover,nagelkerke,90,0.18070467165324255
BPIC14,handover,nagelkerke,91,0.1867087704481264
BPIC14,handover,nagelkerke,92,0.1868799614753096
BPIC14,handover,nagelkerke,93,0.18913316051270057
BPIC14,handover,nagelkerke,94,0.1909572039995885
BPIC14,handover,nagelkerke,95,0.1776299398832486
BPIC14,handover,nagelkerke,96,0.19088739885087425
BPIC14,handover,nagelkerke,97,0.18092537742459114
BPIC14,handover,nagelkerke,98,0.18190403031667435
BPIC14,handover,nagelkerke,99,0.1678052170893769
BPIC14,handover,nagelkerke,100,0.1842257137367327
BPIC14,handover,nagelkerke,101,0.19201691528434595
BPIC14,handover,nagelkerke,102,0.17033691158271047
BPIC14,handover,nagelkerke,103,0.16711043701606165
BPIC14,handover,nagelkerke,104,0.17373985865930175
BPIC14,handover,nagelkerke,105,0.2002470981358071
BPIC14,handover,nagelkerke,106,0.1836885423486384
BPIC14,handover,nagelkerke,107,0.18467925992912404
BPIC14,handover,nagelkerke,108,0.17787856800636703
BPIC14,handover,nagelkerke,109,0.18979564032133434
BPIC14,handover,nagelkerke,110,0.1855852859528142
BPIC14,handover,nagelkerke,111,0.1879075405996159
BPIC14,handover,nagelkerke,112,0.17855588002124378
BPIC14,handover,nagelkerke,113,0.17586466134072176
BPIC14,handover,nagelkerke,114,0.1917244851348765
BPIC14,handover,nagelkerke,115,0.18098213832461396
BPIC14,handover,nagelkerke,116,0.17910249709933979
BPIC14,handover,nagelkerke,117,0.16949516270897003
BPIC14,handover,nagelkerke,118,0.17429017377029576
BPIC14,handover,nagelkerke,119,0.18521710838690686
BPIC14,handover,nagelkerke,120,0.18384154951482667
BPIC14,handover,nagelkerke,121,0.17676703458601106
BPIC14,handover,nagelkerke,122,0.17595033947393535
BPIC14,handover,nagelkerke,123,0.1701909175682218
BPIC14,handover,nagelkerke,124,0.17594874579374298
BPIC14,handover,nagelkerke,125,0.17299156184339726
BPIC14,handover,nagelkerke,126,0.17396995022479778
BPIC14,handover,nagelkerke,127,0.1698397187036167
BPIC14,handover,nagelkerke,128,0.17122280735380002
BPIC14,handover,nagelkerke,129,0.1851480957547742
BPIC14,handover,nagelkerke,130,0.17577075383277674
BPIC14,handover,nagelkerke,131,0.1796213894018377
BPIC14,handover,nagelkerke,132,0.18110205961978276
BPIC14,handover,nagelkerke,133,0.18047285323990947
BPIC14,handover,nagelkerke,134,0.16889532142024466
BPIC14,handover,nagelkerke,135,0.18566293848304505
BPIC14,handover,nagelkerke,136,0.18471640009102375
BPIC14,handover,nagelkerke,137,0.16958583818950146
BPIC14,handover,nagelkerke,138,0.1746421712833468
BPIC14,handover,nagelkerke,139,0.17714243269761365
BPIC14,handover,nagelkerke,140,0.18148538516510526
BPIC14,handover,nagelkerke,141,0.18069827222257373
BPIC14,handover,nagelkerke,142,0.18335778169157546
BPIC14,handover,nagelkerke,143,0.1915750329707968
BPIC14,handover,nagelkerke,144,0.17834963806096882
BPIC14,handover,nagelkerke,145,0.2388966321669138
BPIC14,handover,nagelkerke,146,0.17991757933278107
BPIC14,handover,nagelkerke,147,0.1760671513064338
BPIC14,handover,nagelkerke,148,0.18641155203010862
BPIC14,handover,nagelkerke,149,0.17614868601705336
BPIC15_1,duration,ap,0,0.2473760636530662
BPIC15_1,duration,ap,1,0.4655125813792673
BPIC15_1,duration,ap,2,0.533409012004953
BPIC15_1,duration,ap,3,0.4623817306880179
BPIC15_1,duration,ap,4,0.697278299805869
BPIC15_1,duration,ap,5,0.33262866243444167
BPIC15_1,duration,ap,6,0.49344146868995686
BPIC15_1,duration,ap,7,0.48167471104303716
BPIC15_1,duration,ap,8,0.3005972704464266
BPIC15_1,duration,ap,9,0.5815515013472198
BPIC15_1,duration,ap,10,0.48321543112070364
BPIC15_1,duration,ap,11,0.16010919092177556
BPIC15_1,duration,ap,12,0.5460129759902386
BPIC15_1,duration,ap,13,0.6563400323666022
BPIC15_1,duration,ap,14,0.631376531174384
BPIC15_1,duration,ap,15,0.6442580794420145
BPIC15_1,duration,ap,16,0.37742446189819934
BPIC15_1,duration,ap,17,0.6750196056105192
BPIC15_1,duration,ap,18,0.7430809394966704
BPIC15_1,duration,ap,19,0.5602871409152242
BPIC15_1,duration,ap,20,0.42243583476028057
BPIC15_1,duration,ap,21,0.49926997072342905
BPIC15_1,duration,ap,22,0.5840677938221466
BPIC15_1,duration,ap,23,0.6885243630573792
BPIC15_1,duration,ap,24,0.7971378315227606
BPIC15_1,duration,ap,25,0.6600916795056361
BPIC15_1,duration,ap,26,0.5758172481627929
BPIC15_1,duration,ap,27,0.5106883866421907
BPIC15_1,duration,ap,28,0.7089470420896762
BPIC15_1,duration,ap,29,0.8194262251144409
BPIC15_1,duration,ap,30,0.8277732236236744
BPIC15_1,duration,ap,31,0.4893226182569601
BPIC15_1,duration,ap,32,0.32778497486685365
BPIC15_1,duration,ap,33,0.535342198505112
BPIC15_1,duration,ap,34,0.6882748339621418
BPIC15_1,duration,ap,35,0.46395609108369806
BPIC15_1,duration,ap,36,0.462947917371513
BPIC15_1,duration,ap,37,0.4462905377076658
BPIC15_1,duration,ap,38,0.6249584352616177
BPIC15_1,duration,ap,39,0.7072079554817382
BPIC15_1,duration,ap,40,0.5581552771268088
BPIC15_1,duration,ap,41,0.6162743111717289
BPIC15_1,duration,ap,42,0.5774268588138924
BPIC15_1,duration,ap,43,0.7187360895040795
BPIC15_1,duration,ap,44,0.7820071056274105
BPIC15_1,duration,ap,45,0.5674016690004436
BPIC15_1,duration,ap,46,0.722963105680738
BPIC15_1,duration,ap,47,0.33910717384151545
BPIC15_1,duration,ap,48,0.8677652923010517
BPIC15_1,duration,ap,49,0.6817138555499379
BPIC15_1,duration,ap,50,0.2302476851637678
BPIC15_1,duration,ap,51,0.16380998843180472
BPIC15_1,duration,ap,52,0.6056828338013658
BPIC15_1,duration,ap,53,0.5997852808533943
BPIC15_1,duration,ap,54,0.39302515581061925
BPIC15_1,duration,ap,55,0.646292664640563
BPIC15_1,duration,ap,56,0.19168448639163926
BPIC15_1,duration,ap,57,0.8191143057892778
BPIC15_1,duration,ap,58,0.7285121163796886
BPIC15_1,duration,ap,59,0.5650559668360391
BPIC15_1,duration,ap,60,0.5661970769046272
BPIC15_1,duration,ap,61,0.3230548257757021
BPIC15_1,duration,ap,62,0.6863213135933989
BPIC15_1,duration,ap,63,0.4061017633678927
BPIC15_1,duration,ap,64,0.7373770441052359
BPIC15_1,duration,ap,65,0.47607087187831076
BPIC15_1,duration,ap,66,0.7076401730585327
BPIC15_1,duration,ap,67,0.40476413877552353
BPIC15_1,duration,ap,68,0.6980595503699991
BPIC15_1,duration,ap,69,0.5675909285691088
BPIC15_1,duration,ap,70,0.7691296179494773
BPIC15_1,duration,ap,71,0.30889628840669514
BPIC15_1,duration,ap,72,0.4260410712468018
BPIC15_1,duration,ap,73,0.5270754241627489
BPIC15_1,duration,ap,74,0.5585057094442775
BPIC15_1,duration,ap,75,0.39713419536413286
BPIC15_1,duration,ap,76,0.421290950589584
BPIC15_1,duration,ap,77,0.46175988996706807
BPIC15_1,duration,ap,78,0.7852830085902376
BPIC15_1,duration,ap,79,0.23009764222050078
BPIC15_1,duration,auc,0,0.45867081509226215
BPIC15_1,duration,auc,1,0.21857986442361776
BPIC15_1,duration,auc,2,0.5587943751963934
BPIC15_1,duration,auc,3,0.7290412615788695
BPIC15_1,duration,auc,4,0.7320056365500631
BPIC15_1,duration,auc,5,0.5324361552200049
BPIC15_1,duration,auc,6,0.5960001337737973
BPIC15_1,duration,auc,7,0.35510338631910543
BPIC15_1,duration,auc,8,0.3502841196032589
BPIC15_1,duration,auc,9,0.8749046519752564
BPIC15_1,duration,auc,10,0.5216317683451999
BPIC15_1,duration,auc,11,0.3844436080109481
BPIC15_1,duration,auc,12,0.6083169424640211
BPIC15_1,duration,auc,13,0.47310414925298616
BPIC15_1,duration,auc,14,0.6014015323811773
BPIC15_1,duration,auc,15,0.3810069227360431
BPIC15_1,duration,auc,16,0.24237470985073073
BPIC15_1,duration,auc,17,0.39365928100239045
BPIC15_1,duration,auc,18,0.6056556226117
BPIC15_1,duration,auc,19,0.5503052455213954
BPIC15_1,duration,auc,20,0.4028139748171603
BPIC15_1,duration,auc,21,0.481520726790052
BPIC15_1,duration,auc,22,0.8769348437794869
BPIC15_1,duration,auc,23,0.5803955286300877
BPIC15_1,duration,auc,24,0.7521413143997099
BPIC15_1,duration,auc,25,0.6063369930458273
BPIC15_1,duration,auc,26,0.4251933974470462
BPIC15_1,duration,auc,27,0.8221289127357774
BPIC15_1,duration,auc,28,0.46006684132927833
BPIC15_1,duration,auc,29,0.8228785726064964
BPIC15_1,duration,auc,30,0.7441070308497666
BPIC15_1,duration,auc,31,0.4893448222060711
BPIC15_1,duration,auc,32,0.3243343064712789
BPIC15_1,duration,auc,33,0.8592815233842076
BPIC15_1,duration,auc,34,0.6311153739407411
BPIC15_1,duration,auc,35,0.6599683315254053
BPIC15_1,duration,auc,36,0.18994744878017067
BPIC15_1,duration,auc,37,0.5130886818498781
BPIC15_1,duration,auc,38,0.5123342667873675
BPIC15_1,duration,auc,39,0.9557652449566029
BPIC15_1,duration,auc,40,0.5187819541097267
BPIC15_1,duration,auc,41,0.7388283771034101
BPIC15_1,duration,auc,42,0.5982838467945882
BPIC15_1,duration,auc,43,0.3374874661266828
BPIC15_1,duration,auc,44,0.4790364067610432
BPIC15_1,duration,auc,45,0.7391954815942976
BPIC15_1,duration,auc,46,0.6854692662876878
BPIC15_1,duration,auc,47,0.6446110845890476
BPIC15_1,duration,auc,48,0.4545918481968836
BPIC15_1,duration,auc,49,0.8535020081938879
BPIC15_1,duration,auc,50,0.24697800500888323
BPIC15_1,duration,auc,51,0.5501932319226295
BPIC15_1,duration,auc,52,0.7975650923885964
BPIC15_1,duration,auc,53,0.6846216890641937
BPIC15_1,duration,auc,54,0.34527568916959495
BPIC15_1,duration,auc,55,0.548926190315512
BPIC15_1,duration,auc,56,0.1811345008544739
BPIC15_1,duration,auc,57,0.8182688849208981
BPIC15_1,duration,auc,58,0.5740328792700011
BPIC15_1,duration,auc,59,0.8373508858509544
BPIC15_1,duration,auc,60,0.8080102860434872
BPIC15_1,duration,auc,61,0.4382298837398969
BPIC15_1,duration,auc,62,0.5045190265313709
BPIC15_1,duration,auc,63,0.47724252879177886
BPIC15_1,duration,auc,64,0.6038455442765915
BPIC15_1,duration,auc,65,0.49108362650858717
BPIC15_1,duration,auc,66,0.6538770707502325
BPIC15_1,duration,auc,67,0.3252756546849801
BPIC15_1,duration,auc,68,0.6189151349139075
BPIC15_1,duration,auc,69,0.514146327132607
BPIC15_1,duration,auc,70,0.8489552440729005
BPIC15_1,duration,auc,71,0.2584993906018742
BPIC15_1,duration,auc,72,0.47239843585942776
BPIC15_1,duration,auc,73,0.4949882071095335
BPIC15_1,duration,auc,74,0.8484236323033281
BPIC15_1,duration,auc,75,0.36705684837260144
BPIC15_1,duration,auc,76,0.3188416107251415
BPIC15_1,duration,auc,77,0.8607352075639492
BPIC15_1,duration,auc,78,0.6300073302781708
BPIC15_1,duration,auc,79,0.31106088212538774
BPIC15_1,duration,brier_skill,0,0.5748966212891302
BPIC15_1,duration,brier_skill,1,0.47497954738410186
BPIC15_1,duration,brier_skill,2,0.7070157658412948
BPIC15_1,duration,brier_skill,3,0.7998567308837945
BPIC15_1,duration,brier_skill,4,0.25199256311359564
BPIC15_1,duration,brier_skill,5,0.4369759013718958
BPIC15_1,duration,brier_skill,6,0.5826117480762008
BPIC15_1,duration,brier_skill,7,0.657701356202581
BPIC15_1,duration,brier_skill,8,0.3914359862815172
BPIC15_1,duration,brier_skill,9,0.6701344033747223
BPIC15_1,duration,brier_skill,10,0.4227548922549391
BPIC15_1,duration,brier_skill,11,0.4966669661009051
BPIC15_1,duration,brier_skill,12,0.35913539623972546
BPIC15_1,duration,brier_skill,13,0.7506149331243985
BPIC15_1,duration,brier_skill,14,0.48933342893833787
BPIC15_1,duration,brier_skill,15,0.3529202094121855
BPIC15_1,duration,brier_skill,16,0.7642843421728078
BPIC15_1,duration,brier_skill,17,0.8053729875206165
BPIC15_1,duration,brier_skill,18,0.6915586194473011
BPIC15_1,duration,brier_skill,19,0.5156922279198777
BPIC15_1,duration,brier_skill,20,0.4315459380881882
BPIC15_1,duration,brier_skill,21,0.5940880955582069
BPIC15_1,duration,brier_skill,22,0.5212400367496592
BPIC15_1,duration,brier_skill,23,0.3582171291177839
BPIC15_1,duration,brier_skill,24,0.6530795539557966
BPIC15_1,duration,brier_skill,25,0.7084309826962182
BPIC15_1,duration,brier_skill,26,0.7639761605868612
BPIC15_1,duration,brier_skill,27,0.8272183604172406
BPIC15_1,duration,brier_skill,28,0.9691855264092966
BPIC15_1,duration,brier_skill,29,0.557491250425175
BPIC15_1,duration,brier_skill,30,0.6921119957355726
BPIC15_1,duration,brier_skill,31,0.43134521128763703
BPIC15_1,duration,brier_skill,32,0.4699823692764452
BPIC15_1,duration,brier_skill,33,0.6508505818125594
BPIC15_1,duration,brier_skill,34,0.6728425587638411
BPIC15_1,duration,brier_skill,35,0.6558528209177862
BPIC15_1,duration,brier_skill,36,0.4406222495851625
BPIC15_1,duration,brier_skill,37,0.6675857744085534
BPIC15_1,duration,brier_skill,38,0.5936421838250395
BPIC15_1,duration,brier_skill,39,0.7470868680206191
BPIC15_1,duration,brier_skill,40,0.690541679258375
BPIC15_1,duration,brier_skill,41,0.33111307719830374
BPIC15_1,duration,brier_skill,42,0.5431178893465166
BPIC15_1,duration,brier_skill,43,0.3689038073308408
BPIC15_1,duration,brier_skill,44,0.45083764033757645
BPIC15_1,duration,brier_skill,45,0.532074030903151
BPIC15_1,duration,brier_skill,46,0.46675491515087164
BPIC15_1,duration,brier_skill,47,0.6122762473029938
BPIC15_1,duration,brier_skill,48,0.4948744465496029
BPIC15_1,duration,brier_skill,49,0.7301677391946793
BPIC15_1,duration,brier_skill,50,0.4921300222440049
BPIC15_1,duration,brier_skill,51,0.7371298254537886
BPIC15_1,duration,brier_skill,52,0.7071831278767384
BPIC15_1,duration,brier_skill,53,0.6160365911965011
BPIC15_1,duration,brier_skill,54,0.502977137013925
BPIC15_1,duration,brier_skill,55,0.7463669555102558
BPIC15_1,duration,brier_skill,56,0.3213227133322286
BPIC15_1,duration,brier_skill,57,0.7423448972704729
BPIC15_1,duration,brier_skill,58,0.4563494073767609
BPIC15_1,duration,brier_skill,59,0.5550039260293879
BPIC15_1,duration,brier_skill,60,0.4253539964971297
BPIC15_1,duration,brier_skill,61,0.5562965222049899
BPIC15_1,duration,brier_skill,62,0.7405946995816448
BPIC15_1,duration,brier_skill,63,0.6492437538622706
BPIC15_1,duration,brier_skill,64,0.6547327353929371
BPIC15_1,duration,brier_skill,65,0.6934482580347934
BPIC15_1,duration,brier_skill,66,0.6236132062678071
BPIC15_1,duration,brier_skill,67,0.3599110628449389
BPIC15_1,duration,brier_skill,68,0.656046422812117
BPIC15_1,duration,brier_skill,69,0.31233940194138043
BPIC15_1,duration,brier_skill,70,0.6409639582482409
BPIC15_1,duration,brier_skill,71,0.6432044244286091
BPIC15_1,duration,brier_skill,72,0.4337874938380093
BPIC15_1,duration,brier_skill,73,0.3771373732784946
BPIC15_1,duration,brier_skill,74,0.7632342861068269
BPIC15_1,duration,brier_skill,75,0.37993215364034805
BPIC15_1,duration,brier_skill,76,0.5798234975897356
BPIC15_1,duration,brier_skill,77,0.8038204612156068
BPIC15_1,duration,brier_skill,78,0.6793955713799542
BPIC15_1,duration,brier_skill,79,0.48126754795633686
BPIC15_1,duration,logloss_skill,0,0.4928153098115501
BPIC15_1,duration,logloss_skill,1,0.2994405485043562
BPIC15_1,duration,logloss_skill,2,0.5815390675680026
BPIC15_1,duration,logloss_skill,3,0.6387823569129633
BPIC15_1,duration,logloss_skill,4,0.19613727922404478
BPIC15_1,duration,logloss_skill,5,0.4460437634749598
BPIC15_1,duration,logloss_skill,6,0.2543576877463958
BPIC15_1,duration,logloss_skill,7,0.4610013263915087
BPIC15_1,duration,logloss_skill,8,0.4721274475664927
BPIC15_1,duration,logloss_skill,9,0.33116454303966014
BPIC15_1,duration,logloss_skill,10,0.4610522690086388
BPIC15_1,duration,logloss_skill,11,0.33072653353587445
BPIC15_1,duration,logloss_skill,12,0.33412302640484626
BPIC15_1,duration,logloss_skill,13,0.492894896880431
BPIC15_1,duration,logloss_skill,14,0.5321143981490486
BPIC15_1,duration,logloss_skill,15,0.36936127635274274
BPIC15_1,duration,logloss_skill,16,0.7220087758222394
BPIC15_1,duration,logloss_skill,17,0.7043823467865561
BPIC15_1,duration,logloss_skill,18,0.7390705766178236
BPIC15_1,duration,logloss_skill,19,0.5421712552145038
BPIC15_1,duration,logloss_skill,20,0.49638601364239954
BPIC15_1,duration,logloss_skill,21,0.6026290389280864
BPIC15_1,duration,logloss_skill,22,0.48610929382014934
BPIC15_1,duration,logloss_skill,23,0.31824613187815964
BPIC15_1,duration,logloss_skill,24,0.5572677439390327
BPIC15_1,duration,logloss_skill,25,0.8333265591376154
BPIC15_1,duration,logloss_skill,26,0.6155260678676518
BPIC15_1,duration,logloss_skill,27,0.6664545366275032
BPIC15_1,duration,logloss_skill,28,0.8141232287834913
BPIC15_1,duration,logloss_skill,29,0.5703305466595711
BPIC15_1,duration,logloss_skill,30,0.7437955197509949
BPIC15_1,duration,logloss_skill,31,0.40761272435649976
BPIC15_1,duration,logloss_skill,32,0.32557022127842583
BPIC15_1,duration,logloss_skill,33,0.60481220636371
BPIC15_1,duration,logloss_skill,34,0.33550800059074304
BPIC15_1,duration,logloss_skill,35,0.37609669945168656
BPIC15_1,duration,logloss_skill,36,0.43595821868682794
BPIC15_1,duration,logloss_skill,37,0.6365098200331767
BPIC15_1,duration,logloss_skill,38,0.6013022094790053
BPIC15_1,duration,logloss_skill,39,0.719990662508792
BPIC15_1,duration,logloss_skill,40,0.7149309561308013
BPIC15_1,duration,logloss_skill,41,0.35877619269195415
BPIC15_1,duration,logloss_skill,42,0.49867023563644564
BPIC15_1,duration,logloss_skill,43,0.4058439761061722
BPIC15_1,duration,logloss_skill,44,0.559060607144743
BPIC15_1,duration,logloss_skill,45,0.4228802039832381
BPIC15_1,duration,logloss_skill,46,0.572121847528625
BPIC15_1,duration,logloss_skill,47,0.5608391102112869
BPIC15_1,duration,logloss_skill,48,0.43564258243824183
BPIC15_1,duration,logloss_skill,49,0.6751731068537562
BPIC15_1,duration,logloss_skill,50,0.3945049752001941
BPIC15_1,duration,logloss_skill,51,0.5232480022377672
BPIC15_1,duration,logloss_skill,52,0.5290496498426646
BPIC15_1,duration,logloss_skill,53,0.5507980694613764
BPIC15_1,duration,logloss_skill,54,0.4263607515478416
BPIC15_1,duration,logloss_skill,55,0.7103635407799924
BPIC15_1,duration,logloss_skill,56,0.4633270462425877
BPIC15_1,duration,logloss_skill,57,0.7248482269753395
BPIC15_1,duration,logloss_skill,58,0.49706151529880416
BPIC15_1,duration,logloss_skill,59,0.46273433903591077
BPIC15_1,duration,logloss_skill,60,0.4414348310563261
BPIC15_1,duration,logloss_skill,61,0.44111569512074444
BPIC15_1,duration,logloss_skill,62,0.49864907122183755
BPIC15_1,duration,logloss_skill,63,0.7148063330466957
BPIC15_1,duration,logloss_skill,64,0.5915583468314444
BPIC15_1,duration,logloss_skill,65,0.7476813242263582
BPIC15_1,duration,logloss_skill,66,0.4478441472087773
BPIC15_1,duration,logloss_skill,67,0.35880683514576883
BPIC15_1,duration,logloss_skill,68,0.5667108095807557
BPIC15_1,duration,logloss_skill,69,0.3669527422452038
BPIC15_1,duration,logloss_skill,70,0.3714632032306797
BPIC15_1,duration,logloss_skill,71,0.5775582375842363
BPIC15_1,duration,logloss_skill,72,0.448866145947873
BPIC15_1,duration,logloss_skill,73,0.3327386197337008
BPIC15_1,duration,logloss_skill,74,0.8879113204856549
BPIC15_1,duration,logloss_skill,75,0.3907470886836705
BPIC15_1,duration,logloss_skill,76,0.46673195501715004
BPIC15_1,duration,logloss_skill,77,0.4021615235093843
BPIC15_1,duration,logloss_skill,78,0.5989727362327444
BPIC15_1,duration,logloss_skill,79,0.47802050353126024
BPIC15_1,duration,nagelkerke,0,0.577735365135946
BPIC15_1,duration,nagelkerke,1,0.3134388087252278
BPIC15_1,duration,nagelkerke,2,0.5769753364432615
BPIC15_1,duration,nagelkerke,3,0.586352545009619
BPIC15_1,duration,nagelkerke,4,0.1992260605260493
BPIC15_1,duration,nagelkerke,5,0.45537566260865403
BPIC15_1,duration,nagelkerke,6,0.2556390630261388
BPIC15_1,duration,nagelkerke,7,0.48619944047867036
BPIC15_1,duration,nagelkerke,8,0.5192101378547225
BPIC15_1,duration,nagelkerke,9,0.43133872478148816
BPIC15_1,duration,nagelkerke,10,0.6222929144713859
BPIC15_1,duration,nagelkerke,11,0.30453688276266344
BPIC15_1,duration,nagelkerke,12,0.36788131370240595
BPIC15_1,duration,nagelkerke,13,0.4656453082458242
BPIC15_1,duration,nagelkerke,14,0.5388919890167325
BPIC15_1,duration,nagelkerke,15,0.3998335779895714
BPIC15_1,duration,nagelkerke,16,0.7064092033522222
BPIC15_1,duration,nagelkerke,17,0.7409268078407011
BPIC15_1,duration,nagelkerke,18,0.7180401777898401
BPIC15_1,duration,nagelkerke,19,0.5728971090463342
BPIC15_1,duration,nagelkerke,20,0.536532902328831
BPIC15_1,duration,nagelkerke,21,0.6184547310600604
BPIC15_1,duration,nagelkerke,22,0.5033703193624436
BPIC15_1,duration,nagelkerke,23,0.3688549931489664
BPIC15_1,duration,nagelkerke,24,0.5913244868827555
BPIC15_1,duration,nagelkerke,25,0.8221371727440181
BPIC15_1,duration,nagelkerke,26,0.5973628133393161
BPIC15_1,duration,nagelkerke,27,0.6135858657893452
BPIC15_1,duration,nagelkerke,28,0.7967315550582574
BPIC15_1,duration,nagelkerke,29,0.5450371983706177
BPIC15_1,duration,nagelkerke,30,0.7314302859449276
BPIC15_1,duration,nagelkerke,31,0.3736200424760351
BPIC15_1,duration,nagelkerke,32,0.40160716294687526
BPIC15_1,duration,nagelkerke,33,0.626174074492758
BPIC15_1,duration,nagelkerke,34,0.32105162812354915
BPIC15_1,duration,nagelkerke,35,0.4133766575278045
BPIC15_1,duration,nagelkerke,36,0.5316022907444404
BPIC15_1,duration,nagelkerke,37,0.6500597086525949
BPIC15_1,duration,nagelkerke,38,0.6394783654889722
BPIC15_1,duration,nagelkerke,39,0.7264474339287474
BPIC15_1,duration,nagelkerke,40,0.7747482790436748
BPIC15_1,duration,nagelkerke,41,0.45788987134788195
BPIC15_1,duration,nagelkerke,42,0.5043281027984481
BPIC15_1,duration,nagelkerke,43,0.4350750281212442
BPIC15_1,duration,nagelkerke,44,0.589514250247503
BPIC15_1,duration,nagelkerke,45,0.4499979265625843
BPIC15_1,duration,nagelkerke,46,0.6067757913693869
BPIC15_1,duration,nagelkerke,47,0.5627196784028164
BPIC15_1,duration,nagelkerke,48,0.515654629392442
BPIC15_1,duration,nagelkerke,49,0.7388084725444797
BPIC15_1,duration,nagelkerke,50,0.43922229187917705
BPIC15_1,duration,nagelkerke,51,0.5332396724893853
BPIC15_1,duration,nagelkerke,52,0.4992273927826162
BPIC15_1,duration,nagelkerke,53,0.5249665367775911
BPIC15_1,duration,nagelkerke,54,0.4132256136047203
BPIC15_1,duration,nagelkerke,55,0.718017477846074
BPIC15_1,duration,nagelkerke,56,0.5542124185778495
BPIC15_1,duration,nagelkerke,57,0.7074334829554839
BPIC15_1,duration,nagelkerke,58,0.5389469620498208
BPIC15_1,duration,nagelkerke,59,0.5467918944638896
BPIC15_1,duration,nagelkerke,60,0.43172601805687494
BPIC15_1,duration,nagelkerke,61,0.5867467528330412
BPIC15_1,duration,nagelkerke,62,0.5019507256714251
BPIC15_1,duration,nagelkerke,63,0.7168579839360399
BPIC15_1,duration,nagelkerke,64,0.6301164774163237
BPIC15_1,duration,nagelkerke,65,0.7476384520310535
BPIC15_1,duration,nagelkerke,66,0.5754451699410048
BPIC15_1,duration,nagelkerke,67,0.3398242226470777
BPIC15_1,duration,nagelkerke,68,0.6013742730987508
BPIC15_1,duration,nagelkerke,69,0.40050252949220466
BPIC15_1,duration,nagelkerke,70,0.37882346285214874
BPIC15_1,duration,nagelkerke,71,0.5915902811276268
BPIC15_1,duration,nagelkerke,72,0.5797873167356433
BPIC15_1,duration,nagelkerke,73,0.3668162576524746
BPIC15_1,duration,nagelkerke,74,0.9129267198292634
BPIC15_1,duration,nagelkerke,75,0.43927844844618535
BPIC15_1,duration,nagelkerke,76,0.4695390284528548
BPIC15_1,duration,nagelkerke,77,0.3854217711862119
BPIC15_1,duration,nagelkerke,78,0.629749022839937
BPIC15_1,duration,nagelkerke,79,0.5240843548720818
BPIC15_1,handover,ap,0,0.45864509562832045
BPIC15_1,handover,ap,1,0.733694716818291
BPIC15_1,handover,ap,2,0.45588148343510926
BPIC15_1,handover,ap,3,0.8143218664751912
BPIC15_1,handover,ap,4,0.5712850348480373
BPIC15_1,handover,ap,5,0.5006673046642321
BPIC15_1,handover,ap,6,0.5985277972574028
BPIC15_1,handover,ap,7,0.9700715186869899
BPIC15_1,handover,ap,8,0.4649420241797859
BPIC15_1,handover,ap,9,0.584578206072294
BPIC15_1,handover,ap,10,0.72017250076135
BPIC15_1,handover,ap,11,0.40300831792077385
BPIC15_1,handover,ap,12,0.6297346412184504
BPIC15_1,handover,ap,13,0.08078169397245716
BPIC15_1,handover,ap,14,0.5338275132336485
BPIC15_1,handover,ap,15,0.7513752658027756
BPIC15_1,handover,ap,16,0.2620846364953695
BPIC15_1,handover,ap,17,0.7780623730447349
BPIC15_1,handover,ap,18,0.81494146508594
BPIC15_1,handover,ap,19,0.5037901352346925
BPIC15_1,handover,ap,20,0.42304216793639404
BPIC15_1,handover,ap,21,0.6182488580822936
BPIC15_1,handover,ap,22,0.4878498536187814
BPIC15_1,handover,ap,23,0.38131115048177433
BPIC15_1,handover,ap,24,0.8821892470493208
BPIC15_1,handover,ap,25,0.5606131372677979
BPIC15_1,handover,ap,26,0.2750903842180943
BPIC15_1,handover,ap,27,0.23764239578251234
BPIC15_1,handover,ap,28,0.7798309275467136
BPIC15_1,handover,ap,29,0.16724721832639278
BPIC15_1,handover,ap,30,0.422922430880989
BPIC15_1,handover,ap,31,0.45770158090996116
BPIC15_1,handover,ap,32,0.14360577660015494
BPIC15_1,handover,ap,33,0.6347109649849085
BPIC15_1,handover,ap,34,0.19365221442210845
BPIC15_1,handover,ap,35,0.2524082630115939
BPIC15_1,handover,ap,36,0.8089531424447274
BPIC15_1,handover,ap,37,0.2623395054204579
BPIC15_1,handover,ap,38,0.6089077812196363
BPIC15_1,handover,ap,39,0.46557686813509247
BPIC15_1,handover,ap,40,0.4048010348805986
BPIC15_1,handover,ap,41,0.6740608826549871
BPIC15_1,handover,ap,42,0.2349792727587413
BPIC15_1,handover,ap,43,0.7526878343720442
BPIC15_1,handover,ap,44,0.5430438350752425
BPIC15_1,handover,ap,45,0.5061589889608518
BPIC15_1,handover,ap,46,0.6479466064293009
BPIC15_1,handover,ap,47,0.3273779402290413
BPIC15_1,handover,ap,48,0.8072664010123777
BPIC15_1,handover,ap,49,0.7634313881207759
BPIC15_1,handover,ap,50,0.8189528831430073
BPIC15_1,handover,ap,51,0.7992331521668743
BPIC15_1,handover,ap,52,0.16242551593425858
BPIC15_1,handover,ap,53,0.6396422880499337
BPIC15_1,handover,ap,54,0.4622896072109892
BPIC15_1,handover,ap,55,0.15696433977923974
BPIC15_1,handover,ap,56,0.26868617826357
BPIC15_1,handover,ap,57,0.82758646720508
BPIC15_1,handover,ap,58,0.690840286139109
BPIC15_1,handover,ap,59,0.982968630680528
BPIC15_1,handover,ap,60,0.6372001624798204
BPIC15_1,handover,ap,61,0.21567292587142162
BPIC15_1,handover,ap,62,0.37629872491966243
BPIC15_1,handover,ap,63,0.4480848203510154
BPIC15_1,handover,ap,64,0.19404776092896303
BPIC15_1,handover,ap,65,0.7223761707376146
BPIC15_1,handover,ap,66,0.6139308943363694
BPIC15_1,handover,ap,67,0.5309566744354779
BPIC15_1,handover,ap,68,0.6596797963474452
BPIC15_1,handover,ap,69,0.9413846725382763
BPIC15_1,handover,ap,70,0.8652716702588459
BPIC15_1,handover,ap,71,0.875651670124247
BPIC15_1,handover,ap,72,0.5891034258972194
BPIC15_1,handover,ap,73,0.8851545233640518
BPIC15_1,handover,ap,74,0.922835407247794
BPIC15_1,handover,ap,75,0.6368024082067838
BPIC15_1,handover,ap,76,0.7022113995230965
BPIC15_1,handover,ap,77,0.5764109094394251
BPIC15_1,handover,ap,78,0.8060470869811204
BPIC15_1,handover,ap,79,0.5675574620709354
BPIC15_1,handover,auc,0,0.5899695480137807
BPIC15_1,handover,auc,1,0.8232056208994434
BPIC15_1,handover,auc,2,0.5060857271158599
BPIC15_1,handover,auc,3,0.8169621836019253
BPIC15_1,handover,auc,4,0.7891981795148504
BPIC15_1,handover,auc,5,0.7382175663080413
BPIC15_1,handover,auc,6,0.48050597735922906
BPIC15_1,handover,auc,7,0.8774227482897126
BPIC15_1,handover,auc,8,0.5527507854032985
BPIC15_1,handover,auc,9,0.500190051071574
BPIC15_1,handover,auc,10,0.6692723197913348
BPIC15_1,handover,auc,11,0.40359607947362097
BPIC15_1,handover,auc,12,0.7252693778808164
BPIC15_1,handover,auc,13,0.25085577948792326
BPIC15_1,handover,auc,14,0.6257742810030267
BPIC15_1,handover,auc,15,0.5309700175812644
BPIC15_1,handover,auc,16,0.6729127298418451
BPIC15_1,handover,auc,17,0.6639722932232026
BPIC15_1,handover,auc,18,0.7727766248190715
BPIC15_1,handover,auc,19,0.6625476386139348
BPIC15_1,handover,auc,20,0.6499545863119194
BPIC15_1,handover,auc,21,0.7942199095525159
BPIC15_1,handover,auc,22,0.5617755949304152
BPIC15_1,handover,auc,23,0.41031025064729854
BPIC15_1,handover,auc,24,0.7898898541508573
BPIC15_1,handover,auc,25,0.4531489067951783
BPIC15_1,handover,auc,26,0.31332803204073734
BPIC15_1,handover,auc,27,0.6418126065906017
BPIC15_1,handover,auc,28,0.6470734744360657
BPIC15_1,handover,auc,29,0.21745200175233959
BPIC15_1,handover,auc,30,0.5705240789572392
BPIC15_1,handover,auc,31,0.4142336624811547
BPIC15_1,handover,auc,32,0.20708670531217743
BPIC15_1,handover,auc,33,0.5879375229196132
BPIC15_1,handover,auc,34,0.4659213243754323
BPIC15_1,handover,auc,35,0.4390984151617494
BPIC15_1,handover,auc,36,0.8434884751332343
BPIC15_1,handover,auc,37,0.4848474703782113
BPIC15_1,handover,auc,38,0.7834451108573123
BPIC15_1,handover,auc,39,0.3032265663370257
BPIC15_1,handover,auc,40,0.5449901640619327
BPIC15_1,handover,auc,41,0.6469392037561328
BPIC15_1,handover,auc,42,0.27083104691384174
BPIC15_1,handover,auc,43,0.7126653778523089
BPIC15_1,handover,auc,44,0.5163997118053546
BPIC15_1,handover,auc,45,0.4267309249786604
BPIC15_1,handover,auc,46,0.7368488855482636
BPIC15_1,handover,auc,47,0.4537134912928493
BPIC15_1,handover,auc,48,0.6948489720436387
BPIC15_1,handover,auc,49,0.7168905976980305
BPIC15_1,handover,auc,50,0.7975846518519314
BPIC15_1,handover,auc,51,0.8425058054962076
BPIC15_1,handover,auc,52,0.23979272255191986
BPIC15_1,handover,auc,53,0.5187648418786367
BPIC15_1,handover,auc,54,0.45580372744533193
BPIC15_1,handover,auc,55,0.2099407501274213
BPIC15_1,handover,auc,56,0.5567315180031509
BPIC15_1,handover,auc,57,0.9247217430223834
BPIC15_1,handover,auc,58,0.7343399659705094
BPIC15_1,handover,auc,59,0.9588098187998343
BPIC15_1,handover,auc,60,0.5937305983409344
BPIC15_1,handover,auc,61,0.3482227470439092
BPIC15_1,handover,auc,62,0.6227345064090936
BPIC15_1,handover,auc,63,0.6845682108866301
BPIC15_1,handover,auc,64,0.3608438117776599
BPIC15_1,handover,auc,65,0.6476328609764249
BPIC15_1,handover,auc,66,0.6092148547205145
BPIC15_1,handover,auc,67,0.7569563154464473
BPIC15_1,handover,auc,68,0.637972966438159
BPIC15_1,handover,auc,69,0.9577386774492163
BPIC15_1,handover,auc,70,0.8116181831772789
BPIC15_1,handover,auc,71,0.8040548803169615
BPIC15_1,handover,auc,72,0.6541279908957567
BPIC15_1,handover,auc,73,0.8914351512109153
BPIC15_1,handover,auc,74,0.7584469156276366
BPIC15_1,handover,auc,75,0.6350976634077431
BPIC15_1,handover,auc,76,0.6715650918066269
BPIC15_1,handover,auc,77,0.6608958291897546
BPIC15_1,handover,auc,78,0.8855994298474159
BPIC15_1,handover,auc,79,0.5434170073991246
BPIC15_1,handover,brier_skill,0,0.6722038450932453
BPIC15_1,handover,brier_skill,1,0.5407865165445442
BPIC15_1,handover,brier_skill,2,0.442320488466571
BPIC15_1,handover,brier_skill,3,0.5474540247384088
BPIC15_1,handover,brier_skill,4,0.854937939912956
BPIC15_1,handover,brier_skill,5,0.5746731600423032
BPIC15_1,handover,brier_skill,6,0.732904627274145
BPIC15_1,handover,brier_skill,7,0.6852466309327343
BPIC15_1,handover,brier_skill,8,0.4176306373230666
BPIC15_1,handover,brier_skill,9,0.39976685462607797
BPIC15_1,handover,brier_skill,10,0.5390649018793037
BPIC15_1,handover,brier_skill,11,0.49321324311109294
BPIC15_1,handover,brier_skill,12,0.5258156525116827
BPIC15_1,handover,brier_skill,13,0.2602449659347128
BPIC15_1,handover,brier_skill,14,0.44610391146286754
BPIC15_1,handover,brier_skill,15,0.5396858267377411
BPIC15_1,handover,brier_skill,16,0.42937128295920257
BPIC15_1,handover,brier_skill,17,0.4189593605847207
BPIC15_1,handover,brier_skill,18,0.5562711919965149
BPIC15_1,handover,brier_skill,19,0.7242222083079377
BPIC15_1,handover,brier_skill,20,0.542317307282983
BPIC15_1,handover,brier_skill,21,0.40857754011463776
BPIC15_1,handover,brier_skill,22,0.4422044996237655
BPIC15_1,handover,brier_skill,23,0.40100730460370304
BPIC15_1,handover,brier_skill,24,0.4105593480956452
BPIC15_1,handover,brier_skill,25,0.596831490590445
BPIC15_1,handover,brier_skill,26,0.4960868144836199
BPIC15_1,handover,brier_skill,27,0.40579579503076524
BPIC15_1,handover,brier_skill,28,0.7112022838449292
BPIC15_1,handover,brier_skill,29,0.40678707901247213
BPIC15_1,handover,brier_skill,30,0.7712315085641287
BPIC15_1,handover,brier_skill,31,0.484818949153197
BPIC15_1,handover,brier_skill,32,0.5018353027626621
BPIC15_1,handover,brier_skill,33,0.5475395548693889
BPIC15_1,handover,brier_skill,34,0.5157251046507225
BPIC15_1,handover,brier_skill,35,0.5574292763304427
BPIC15_1,handover,brier_skill,36,0.3938374603092606
BPIC15_1,handover,brier_skill,37,0.7976111600391308
BPIC15_1,handover,brier_skill,38,0.5380203944603437
BPIC15_1,handover,brier_skill,39,0.6533584684315741
BPIC15_1,handover,brier_skill,40,0.6403721091427693
BPIC15_1,handover,brier_skill,41,0.6093690141451187
BPIC15_1,handover,brier_skill,42,0.5540963728960714
BPIC15_1,handover,brier_skill,43,0.5568803620610376
BPIC15_1,handover,brier_skill,44,0.2650698891331449
BPIC15_1,handover,brier_skill,45,0.5030164246242835
BPIC15_1,handover,brier_skill,46,0.4694506799107042
BPIC15_1,handover,brier_skill,47,0.5328341879199963
BPIC15_1,handover,brier_skill,48,0.7694143613749682
BPIC15_1,handover,brier_skill,49,0.6648393178304571
BPIC15_1,handover,brier_skill,50,0.5600739337318534
BPIC15_1,handover,brier_skill,51,0.5845371757123929
BPIC15_1,handover,brier_skill,52,0.5331332071175795
BPIC15_1,handover,brier_skill,53,0.5125383355466543
BPIC15_1,handover,brier_skill,54,0.3908359774449788
BPIC15_1,handover,brier_skill,55,0.6427980290995225
BPIC15_1,handover,brier_skill,56,0.33695999743190164
BPIC15_1,handover,brier_skill,57,0.5340132479115445
BPIC15_1,handover,brier_skill,58,0.23425371190830813
BPIC15_1,handover,brier_skill,59,0.9237142239069299
BPIC15_1,handover,brier_skill,60,0.4167813542721964
BPIC15_1,handover,brier_skill,61,0.8539321557798611
BPIC15_1,handover,brier_skill,62,0.44773768953681325
BPIC15_1,handover,brier_skill,63,0.48127499042775024
BPIC15_1,handover,brier_skill,64,0.6630404977201241
BPIC15_1,handover,brier_skill,65,0.5898375468479778
BPIC15_1,handover,brier_skill,66,0.6629161158419569
BPIC15_1,handover,brier_skill,67,0.508099795711086
BPIC15_1,handover,brier_skill,68,0.49371346873054733
BPIC15_1,handover,brier_skill,69,0.9304558858798001
BPIC15_1,handover,brier_skill,70,0.38026954877111585
BPIC15_1,handover,brier_skill,71,0.4980301366134934
BPIC15_1,handover,brier_skill,72,0.5579103633838486
BPIC15_1,handover,brier_skill,73,0.6194725599682064
BPIC15_1,handover,brier_skill,74,0.4494998894844465
BPIC15_1,handover,brier_skill,75,0.7201123938253693
BPIC15_1,handover,brier_skill,76,0.6524900993372256
BPIC15_1,handover,brier_skill,77,0.5703146286086327
BPIC15_1,handover,brier_skill,78,0.6279594122758546
BPIC15_1,handover,brier_skill,79,0.658545163636445
BPIC15_1,handover,logloss_skill,0,0.6898931688903925
BPIC15_1,handover,logloss_skill,1,0.7564220735948051
BPIC15_1,handover,logloss_skill,2,0.9325159822732185
BPIC15_1,handover,logloss_skill,3,0.8515201613692999
BPIC15_1,handover,logloss_skill,4,0.5786439157159095
BPIC15_1,handover,logloss_skill,5,0.5479932560002508
BPIC15_1,handover,logloss_skill,6,0.6421574887215385
BPIC15_1,handover,logloss_skill,7,0.6487827014822074
BPIC15_1,handover,logloss_skill,8,0.5843027501256283
BPIC15_1,handover,logloss_skill,9,0.45843635187647913
BPIC15_1,handover,logloss_skill,10,0.6215903332422662
BPIC15_1,handover,logloss_skill,11,0.72674574888533
BPIC15_1,handover,logloss_skill,12,0.7500819093627658
BPIC15_1,handover,logloss_skill,13,0.7572803127430411
BPIC15_1,handover,logloss_skill,14,0.621678736627187
BPIC15_1,handover,logloss_skill,15,0.6859415923131797
BPIC15_1,handover,logloss_skill,16,0.5084854639007627
BPIC15_1,handover,logloss_skill,17,0.43951614922819515
BPIC15_1,handover,logloss_skill,18,0.6837812359384443
BPIC15_1,handover,logloss_skill,19,0.760637337020275
BPIC15_1,handover,logloss_skill,20,0.8826628817900357
BPIC15_1,handover,logloss_skill,21,0.7393865613987403
BPIC15_1,handover,logloss_skill,22,0.595676133135066
BPIC15_1,handover,logloss_skill,23,0.580640209879941
BPIC15_1,handover,logloss_skill,24,0.5646801391164926
BPIC15_1,handover,logloss_skill,25,0.41012548864745657
BPIC15_1,handover,logloss_skill,26,0.7028379432429974
BPIC15_1,handover,logloss_skill,27,0.5237299033184275
BPIC15_1,handover,logloss_skill,28,0.763522545437923
BPIC15_1,handover,logloss_skill,29,0.6244214074192294
BPIC15_1,handover,logloss_skill,30,0.6649144268289944
BPIC15_1,handover,logloss_skill,31,0.7581072840240711
BPIC15_1,handover,logloss_skill,32,0.8904592685768253
BPIC15_1,handover,logloss_skill,33,0.5698200058031853
BPIC15_1,handover,logloss_skill,34,0.5728006116149709
BPIC15_1,handover,logloss_skill,35,0.5638266663143114
BPIC15_1,handover,logloss_skill,36,0.4078178136684082
BPIC15_1,handover,logloss_skill,37,0.8786210491531016
BPIC15_1,handover,logloss_skill,38,0.6197983248444453
BPIC15_1,handover,logloss_skill,39,0.6105338411040442
BPIC15_1,handover,logloss_skill,40,0.7077072610105873
BPIC15_1,handover,logloss_skill,41,0.5514887910649882
BPIC15_1,handover,logloss_skill,42,0.5214928146060042
BPIC15_1,handover,logloss_skill,43,0.7415648198376974
BPIC15_1,handover,logloss_skill,44,0.38639067360619317
BPIC15_1,handover,logloss_skill,45,0.6148158233167041
BPIC15_1,handover,logloss_skill,46,0.5411489173446824
BPIC15_1,handover,logloss_skill,47,0.4134992236637969
BPIC15_1,handover,logloss_skill,48,0.6729014672870708
BPIC15_1,handover,logloss_skill,49,0.7036800449724122
BPIC15_1,handover,logloss_skill,50,0.5242296157703628
BPIC15_1,handover,logloss_skill,51,0.6316308209580939
BPIC15_1,handover,logloss_skill,52,0.5969722007437561
BPIC15_1,handover,logloss_skill,53,0.5979690509329945
BPIC15_1,handover,logloss_skill,54,0.7133480889028613
BPIC15_1,handover,logloss_skill,55,0.6308214321713786
BPIC15_1,handover,logloss_skill,56,0.5723882877135722
BPIC15_1,handover,logloss_skill,57,0.7511710313495898
BPIC15_1,handover,logloss_skill,58,0.6064330950880098
BPIC15_1,handover,logloss_skill,59,0.6065754343145926
BPIC15_1,handover,logloss_skill,60,0.6854338508824925
BPIC15_1,handover,logloss_skill,61,0.7673366055753059
BPIC15_1,handover,logloss_skill,62,0.615627617951375
BPIC15_1,handover,logloss_skill,63,0.8835063155553606
BPIC15_1,handover,logloss_skill,64,0.6351976470282851
BPIC15_1,handover,logloss_skill,65,0.8583728943308833
BPIC15_1,handover,logloss_skill,66,0.618808216429302
BPIC15_1,handover,logloss_skill,67,0.6984124291137754
BPIC15_1,handover,logloss_skill,68,0.7347159188163934
BPIC15_1,handover,logloss_skill,69,0.709430578701479
BPIC15_1,handover,logloss_skill,70,0.6605018458180781
BPIC15_1,handover,logloss_skill,71,0.6916822823276314
BPIC15_1,handover,logloss_skill,72,0.6573820362710889
BPIC15_1,handover,logloss_skill,73,0.635542206631569
BPIC15_1,handover,logloss_skill,74,0.5785876528312451
BPIC15_1,handover,logloss_skill,75,0.7600457589672491
BPIC15_1,handover,logloss_skill,76,0.47235869658752927
BPIC15_1,handover,logloss_skill,77,0.7149648663863966
BPIC15_1,handover,logloss_skill,78,0.8342805717314872
BPIC15_1,handover,logloss_skill,79,0.5727008553030024
BPIC15_1,handover,nagelkerke,0,0.6997664856895155
BPIC15_1,handover,nagelkerke,1,0.7122124124030723
BPIC15_1,handover,nagelkerke,2,0.8166982479467186
BPIC15_1,handover,nagelkerke,3,0.8065920409828071
BPIC15_1,handover,nagelkerke,4,0.7007978491916932
BPIC15_1,handover,nagelkerke,5,0.6222642107688297
BPIC15_1,handover,nagelkerke,6,0.6635649414211777
BPIC15_1,handover,nagelkerke,7,0.7258573259679795
BPIC15_1,handover,nagelkerke,8,0.7083533557112124
BPIC15_1,handover,nagelkerke,9,0.6890968350629276
BPIC15_1,handover,nagelkerke,10,0.662025504077405
BPIC15_1,handover,nagelkerke,11,0.686236009384444
BPIC15_1,handover,nagelkerke,12,0.6979357617766749
BPIC15_1,handover,nagelkerke,13,0.7465671578407121
BPIC15_1,handover,nagelkerke,14,0.8963106614573696
BPIC15_1,handover,nagelkerke,15,0.6657069519660701
BPIC15_1,handover,nagelkerke,16,0.6826882559531682
BPIC15_1,handover,nagelkerke,17,0.6669056990041505
BPIC15_1,handover,nagelkerke,18,0.7204719727789195
BPIC15_1,handover,nagelkerke,19,0.7752942857693563
BPIC15_1,handover,nagelkerke,20,0.8756528264703822
BPIC15_1,handover,nagelkerke,21,0.7676713831139408
BPIC15_1,handover,nagelkerke,22,0.7179179365404293
BPIC15_1,handover,nagelkerke,23,0.6143021936587615
BPIC15_1,handover,nagelkerke,24,0.6942738031764351
BPIC15_1,handover,nagelkerke,25,0.5459326172701061
BPIC15_1,handover,nagelkerke,26,0.711254647019381
BPIC15_1,handover,nagelkerke,27,0.6341055265123272
BPIC15_1,handover,nagelkerke,28,0.6984631208381914
BPIC15_1,handover,nagelkerke,29,0.7338247628492425
BPIC15_1,handover,nagelkerke,30,0.6482570805040239
BPIC15_1,handover,nagelkerke,31,0.7678648486829421
BPIC15_1,handover,nagelkerke,32,0.9504692371752568
BPIC15_1,handover,nagelkerke,33,0.671699726046129
BPIC15_1,handover,nagelkerke,34,0.6707356720647122
BPIC15_1,handover,nagelkerke,35,0.6090086176058112
BPIC15_1,handover,nagelkerke,36,0.624144025017772
BPIC15_1,handover,nagelkerke,37,0.8201861800064301
BPIC15_1,handover,nagelkerke,38,0.6686897524292899
BPIC15_1,handover,nagelkerke,39,0.5840534024177815
BPIC15_1,handover,nagelkerke,40,0.7310374774583385
BPIC15_1,handover,nagelkerke,41,0.59046007243436
BPIC15_1,handover,nagelkerke,42,0.5419679119666114
BPIC15_1,handover,nagelkerke,43,0.8009097687544198
BPIC15_1,handover,nagelkerke,44,0.456258977277216
BPIC15_1,handover,nagelkerke,45,0.718636078178277
BPIC15_1,handover,nagelkerke,46,0.5698548650949655
BPIC15_1,handover,nagelkerke,47,0.41357042333136695
BPIC15_1,handover,nagelkerke,48,0.6915224678313571
BPIC15_1,handover,nagelkerke,49,0.730755013005761
BPIC15_1,handover,nagelkerke,50,0.5876690878609494
BPIC15_1,handover,nagelkerke,51,0.6926681977520316
BPIC15_1,handover,nagelkerke,52,0.8373516106106815
BPIC15_1,handover,nagelkerke,53,0.6083839337930143
BPIC15_1,handover,nagelkerke,54,0.8265409349163858
BPIC15_1,handover,nagelkerke,55,0.6362463970792991
BPIC15_1,handover,nagelkerke,56,0.5703713151038102
BPIC15_1,handover,nagelkerke,57,0.7046917475826127
BPIC15_1,handover,nagelkerke,58,0.6449874843701328
BPIC15_1,handover,nagelkerke,59,0.7095859022204054
BPIC15_1,handover,nagelkerke,60,0.7113308606292971
BPIC15_1,handover,nagelkerke,61,0.7430915273152106
BPIC15_1,handover,nagelkerke,62,0.7014027072618789
BPIC15_1,handover,nagelkerke,63,0.9056502818492068
BPIC15_1,handover,nagelkerke,64,0.7506406178459543
BPIC15_1,handover,nagelkerke,65,0.8534147249262416
BPIC15_1,handover,nagelkerke,66,0.6959528415677476
BPIC15_1,handover,nagelkerke,67,0.6772603566931792
BPIC15_1,handover,nagelkerke,68,0.6273042630696537
BPIC15_1,handover,nagelkerke,69,0.7075650417721291
BPIC15_1,handover,nagelkerke,70,0.7146615975854841
BPIC15_1,handover,nagelkerke,71,0.71881779777482
BPIC15_1,handover,nagelkerke,72,0.6407997157789939
BPIC15_1,handover,nagelkerke,73,0.7043481578596429
BPIC15_1,handover,nagelkerke,74,0.671159181118679
BPIC15_1,handover,nagelkerke,75,0.7443156155958484
BPIC15_1,handover,nagelkerke,76,0.5756726070076901
BPIC15_1,handover,nagelkerke,77,0.7389586483408771
BPIC15_1,handover,nagelkerke,78,0.8204962541558772
BPIC15_1,handover,nagelkerke,79,0.5833448890814146
BPIC15_3,duration,ap,0,0.24274731593208376
BPIC15_3,duration,ap,1,0.18991647630639197
BPIC15_3,duration,ap,2,0.34018873822620466
BPIC15_3,duration,ap,3,0.626977995422882
BPIC15_3,duration,ap,4,0.8705645929942317
BPIC15_3,duration,ap,5,0.6167101887265473
BPIC15_3,duration,ap,6,0.34284762441688654
BPIC15_3,duration,ap,7,0.270663529589552
BPIC15_3,duration,ap,8,0.3826438921731725
BPIC15_3,duration,ap,9,0.2745717835050402
BPIC15_3,duration,ap,10,0.5478779839255115
BPIC15_3,duration,ap,11,0.23475588498598132
BPIC15_3,duration,ap,12,0.34272186669847204
BPIC15_3,duration,ap,13,0.14736437769547261
BPIC15_3,duration,ap,14,0.5727043208617822
BPIC15_3,duration,ap,15,0.20666227097709655
BPIC15_3,duration,ap,16,0.19620678245930567
BPIC15_3,duration,ap,17,0.3316900565724783
BPIC15_3,duration,ap,18,0.5043515497915172
BPIC15_3,duration,ap,19,0.45076209079934715
BPIC15_3,duration,ap,20,0.22266913721100012
BPIC15_3,duration,ap,21,0.7083619493505777
BPIC15_3,duration,ap,22,0.30384056176228924
BPIC15_3,duration,ap,23,0.6630196529338135
BPIC15_3,duration,ap,24,0.4136646361996219
BPIC15_3,duration,ap,25,0.6251432277860396
BPIC15_3,duration,ap,26,0.42633586566465786
BPIC15_3,duration,ap,27,0.43856685875330437
BPIC15_3,duration,ap,28,0.14564843269354344
BPIC15_3,duration,ap,29,0.09415039649463464
BPIC15_3,duration,ap,30,0.4802498252342655
BPIC15_3,duration,ap,31,0.13139729335437844
BPIC15_3,duration,ap,32,0.22891056112856267
BPIC15_3,duration,ap,33,0.20830921945241554
BPIC15_3,duration,ap,34,0.31122566708759913
BPIC15_3,duration,ap,35,0.9100867493706323
BPIC15_3,duration,ap,36,0.5194206962059136
BPIC15_3,duration,ap,37,0.4283276062117407
BPIC15_3,duration,ap,38,0.3407029314894662
BPIC15_3,duration,ap,39,0.22164928301752163
BPIC15_3,duration,ap,40,0.6198158836282099
BPIC15_3,duration,ap,41,0.509866559492224
BPIC15_3,duration,ap,42,0.34797638045062884
BPIC15_3,duration,ap,43,0.5492015797428702
BPIC15_3,duration,ap,44,0.30323414437570806
BPIC15_3,duration,ap,45,0.26699677957074663
BPIC15_3,duration,ap,46,0.2578319462525298
BPIC15_3,duration,ap,47,0.3651786940902264
BPIC15_3,duration,ap,48,0.3246633071972669
BPIC15_3,duration,ap,49,0.2296952405817635
BPIC15_3,duration,ap,50,0.47138601520370504
BPIC15_3,duration,ap,51,0.20913677725759183
BPIC15_3,duration,ap,52,0.7599482127427445
BPIC15_3,duration,ap,53,0.6076811662493359
BPIC15_3,duration,ap,54,0.643013075262526
BPIC15_3,duration,ap,55,0.4107097844453027
BPIC15_3,duration,ap,56,0.21149685821186182
BPIC15_3,duration,ap,57,0.3270348457037564
BPIC15_3,duration,ap,58,0.5325875399322091
BPIC15_3,duration,ap,59,0.26764094034847563
BPIC15_3,duration,ap,60,0.24998951604731
BPIC15_3,duration,ap,61,0.21672104587933827
BPIC15_3,duration,ap,62,0.3164360657433902
BPIC15_3,duration,ap,63,0.12656534292592903
BPIC15_3,duration,ap,64,0.3648470308341538
BPIC15_3,duration,ap,65,0.26519317950490007
BPIC15_3,duration,ap,66,0.2725493328186348
BPIC15_3,duration,ap,67,0.2419142269903054
BPIC15_3,duration,ap,68,0.5095304767847364
BPIC15_3,duration,ap,69,0.2635829772895476
BPIC15_3,duration,ap,70,0.14822789744129605
BPIC15_3,duration,ap,71,0.3997356541576472
BPIC15_3,duration,ap,72,0.08850348851468537
BPIC15_3,duration,ap,73,0.25572159496019586
BPIC15_3,duration,ap,74,0.21072577817707638
BPIC15_3,duration,ap,75,0.19326030637088465
BPIC15_3,duration,ap,76,0.39447747248048093
BPIC15_3,duration,ap,77,0.10140662009581103
BPIC15_3,duration,ap,78,0.35651788588312794
BPIC15_3,duration,ap,79,0.6036486943479559
BPIC15_3,duration,auc,0,0.36394114334629446
BPIC15_3,duration,auc,1,0.2689606721149823
BPIC15_3,duration,auc,2,0.27251025279300367
BPIC15_3,duration,auc,3,0.44818438677947614
BPIC15_3,duration,auc,4,0.9157038562134617
BPIC15_3,duration,auc,5,0.5267024533932629
BPIC15_3,duration,auc,6,0.49515458620014774
BPIC15_3,duration,auc,7,0.40896224046447704
BPIC15_3,duration,auc,8,0.773965706638051
BPIC15_3,duration,auc,9,0.3123899818129726
BPIC15_3,duration,auc,10,0.8821816039677519
BPIC15_3,duration,auc,11,0.2346912114214993
BPIC15_3,duration,auc,12,0.5151745636196724
BPIC15_3,duration,auc,13,0.16591994503778018
BPIC15_3,duration,auc,14,0.6821778292219409
BPIC15_3,duration,auc,15,0.2576839410878732
BPIC15_3,duration,auc,16,0.28128461265785376
BPIC15_3,duration,auc,17,0.31995761574375103
BPIC15_3,duration,auc,18,0.6086565840706453
BPIC15_3,duration,auc,19,0.30827124289217034
BPIC15_3,duration,auc,20,0.17663225426345086
BPIC15_3,duration,auc,21,0.8615322082371689
BPIC15_3,duration,auc,22,0.2751719029960875
BPIC15_3,duration,auc,23,0.6582363820878102
BPIC15_3,duration,auc,24,0.40503357687122565
BPIC15_3,duration,auc,25,0.6771814623752379
BPIC15_3,duration,auc,26,0.4746094896251577
BPIC15_3,duration,auc,27,0.7753304570445817
BPIC15_3,duration,auc,28,0.24705002851763103
BPIC15_3,duration,auc,29,0.204440158509114
BPIC15_3,duration,auc,30,0.29571507612152736
BPIC15_3,duration,auc,31,0.19857553495385238
BPIC15_3,duration,auc,32,0.27137074976240494
BPIC15_3,duration,auc,33,0.6454074507010917
BPIC15_3,duration,auc,34,0.39383920979859965
BPIC15_3,duration,auc,35,0.8217580272279308
BPIC15_3,duration,auc,36,0.5054918853664017
BPIC15_3,duration,auc,37,0.494916432175582
BPIC15_3,duration,auc,38,0.43797515340203375
BPIC15_3,duration,auc,39,0.4423982929119683
BPIC15_3,duration,auc,40,0.5679769169342982
BPIC15_3,duration,auc,41,0.3743281495844494
BPIC15_3,duration,auc,42,0.45701278613788965
BPIC15_3,duration,auc,43,0.5892234906463046
BPIC15_3,duration,auc,44,0.41263273437210113
BPIC15_3,duration,auc,45,0.38581460062005524
BPIC15_3,duration,auc,46,0.2977607459933367
BPIC15_3,duration,auc,47,0.35748970893691445
BPIC15_3,duration,auc,48,0.39183559289746406
BPIC15_3,duration,auc,49,0.16767633357863443
BPIC15_3,duration,auc,50,0.463847937444384
BPIC15_3,duration,auc,51,0.27669065848769725
BPIC15_3,duration,auc,52,0.7139819776128455
BPIC15_3,duration,auc,53,0.7285542377553795
BPIC15_3,duration,auc,54,0.5997943310631073
BPIC15_3,duration,auc,55,0.41089664974791407
BPIC15_3,duration,auc,56,0.3701345308172269
BPIC15_3,duration,auc,57,0.5424218642322708
BPIC15_3,duration,auc,58,0.39414486360426015
BPIC15_3,duration,auc,59,0.3591147195533464
BPIC15_3,duration,auc,60,0.5568404245648289
BPIC15_3,duration,auc,61,0.2508761182007868
BPIC15_3,duration,auc,62,0.33903511266321174
BPIC15_3,duration,auc,63,0.14623755413503892
BPIC15_3,duration,auc,64,0.30253661374633944
BPIC15_3,duration,auc,65,0.12626758093091162
BPIC15_3,duration,auc,66,0.385594251098226
BPIC15_3,duration,auc,67,0.4194102398472911
BPIC15_3,duration,auc,68,0.5321457372738003
BPIC15_3,duration,auc,69,0.21144420371279882
BPIC15_3,duration,auc,70,0.14633722193581966
BPIC15_3,duration,auc,71,0.3673134349713001
BPIC15_3,duration,auc,72,0.20725840695558106
BPIC15_3,duration,auc,73,0.4490342957543938
BPIC15_3,duration,auc,74,0.50329906577415
BPIC15_3,duration,auc,75,0.24337919430686528
BPIC15_3,duration,auc,76,0.23802912366271123
BPIC15_3,duration,auc,77,0.14415149307883923
BPIC15_3,duration,auc,78,0.31539522111781504
BPIC15_3,duration,auc,79,0.8347469258330112
BPIC15_3,duration,brier_skill,0,0.37902439687799194
BPIC15_3,duration,brier_skill,1,0.2853291894347725
BPIC15_3,duration,brier_skill,2,0.6411376398281211
BPIC15_3,duration,brier_skill,3,0.5438412809923187
BPIC15_3,duration,brier_skill,4,0.8849259593353408
BPIC15_3,duration,brier_skill,5,0.7168903275067554
BPIC15_3,duration,brier_skill,6,0.38151736722035623
BPIC15_3,duration,brier_skill,7,0.4618104568631576
BPIC15_3,duration,brier_skill,8,0.41342734892768085
BPIC15_3,duration,brier_skill,9,0.6264759616230374
BPIC15_3,duration,brier_skill,10,0.7226749222681913
BPIC15_3,duration,brier_skill,11,0.5831496839097241
BPIC15_3,duration,brier_skill,12,0.28501889470689035
BPIC15_3,duration,brier_skill,13,0.648474648880969
BPIC15_3,duration,brier_skill,14,0.6217490187030046
BPIC15_3,duration,brier_skill,15,0.4233523544097705
BPIC15_3,duration,brier_skill,16,0.3211400505890525
BPIC15_3,duration,brier_skill,17,0.32367927757270976
BPIC15_3,duration,brier_skill,18,0.6655007059339764
BPIC15_3,duration,brier_skill,19,0.2953149147064038
BPIC15_3,duration,brier_skill,20,0.2622793019031625
BPIC15_3,duration,brier_skill,21,0.5711666912575046
BPIC15_3,duration,brier_skill,22,0.5323560508001879
BPIC15_3,duration,brier_skill,23,0.4675556434091864
BPIC15_3,duration,brier_skill,24,0.18044782506672497
BPIC15_3,duration,brier_skill,25,0.8287265550834575
BPIC15_3,duration,brier_skill,26,0.7858612898337821
BPIC15_3,duration,brier_skill,27,0.533805944785457
BPIC15_3,duration,brier_skill,28,0.27638928890635395
BPIC15_3,duration,brier_skill,29,0.43701454394659456
BPIC15_3,duration,brier_skill,30,0.813573192434627
BPIC15_3,duration,brier_skill,31,0.3040533801879517
BPIC15_3,duration,brier_skill,32,0.4336500869543298
BPIC15_3,duration,brier_skill,33,0.7435271651373128
BPIC15_3,duration,brier_skill,34,0.46651276680400566
BPIC15_3,duration,brier_skill,35,0.8754412705216769
BPIC15_3,duration,brier_skill,36,0.47803675982005933
BPIC15_3,duration,brier_skill,37,0.5153589825725085
BPIC15_3,duration,brier_skill,38,0.5570909084416749
BPIC15_3,duration,brier_skill,39,0.6435430921490016
BPIC15_3,duration,brier_skill,40,0.45659184016802645
BPIC15_3,duration,brier_skill,41,0.4290345436827375
BPIC15_3,duration,brier_skill,42,0.5425320351683995
BPIC15_3,duration,brier_skill,43,0.7872482625684059
BPIC15_3,duration,brier_skill,44,0.28529237863025103
BPIC15_3,duration,brier_skill,45,0.7751371890771661
BPIC15_3,duration,brier_skill,46,0.3314270450976624
BPIC15_3,duration,brier_skill,47,0.353811961875963
BPIC15_3,duration,brier_skill,48,0.5991899952999538
BPIC15_3,duration,brier_skill,49,0.3614761781658622
BPIC15_3,duration,brier_skill,50,0.5750100377557593
BPIC15_3,duration,brier_skill,51,0.5261964723285877
BPIC15_3,duration,brier_skill,52,0.9376955998583735
BPIC15_3,duration,brier_skill,53,0.5606881697302624
BPIC15_3,duration,brier_skill,54,0.6065951298386122
BPIC15_3,duration,brier_skill,55,0.41232434190487266
BPIC15_3,duration,brier_skill,56,0.6843418646091193
BPIC15_3,duration,brier_skill,57,0.6266919363159582
BPIC15_3,duration,brier_skill,58,0.4972254052354016
BPIC15_3,duration,brier_skill,59,0.18031967569923057
BPIC15_3,duration,brier_skill,60,0.7767828283156205
BPIC15_3,duration,brier_skill,61,0.5039610691942056
BPIC15_3,duration,brier_skill,62,0.305359480749133
BPIC15_3,duration,brier_skill,63,0.1808119619298031
BPIC15_3,duration,brier_skill,64,0.44198832708815794
BPIC15_3,duration,brier_skill,65,0.4585741779943483
BPIC15_3,duration,brier_skill,66,0.29605759309578894
BPIC15_3,duration,brier_skill,67,0.49679129172636916
BPIC15_3,duration,brier_skill,68,0.6136210202175081
BPIC15_3,duration,brier_skill,69,0.3927494042855786
BPIC15_3,duration,brier_skill,70,0.3766086547746371
BPIC15_3,duration,brier_skill,71,0.2856692081825569
BPIC15_3,duration,brier_skill,72,0.1686295886673299
BPIC15_3,duration,brier_skill,73,0.24633503709144322
BPIC15_3,duration,brier_skill,74,0.4631131425194597
BPIC15_3,duration,brier_skill,75,0.4519280550519681
BPIC15_3,duration,brier_skill,76,0.4948379146378189
BPIC15_3,duration,brier_skill,77,0.31040863073573655
BPIC15_3,duration,brier_skill,78,0.8322217437652535
BPIC15_3,duration,brier_skill,79,0.6162861632146664
BPIC15_3,duration,logloss_skill,0,0.3635554065604899
BPIC15_3,duration,logloss_skill,1,0.2871404742978586
BPIC15_3,duration,logloss_skill,2,0.5417038942397198
BPIC15_3,duration,logloss_skill,3,0.4673786059636881
BPIC15_3,duration,logloss_skill,4,0.5714192040950822
BPIC15_3,duration,logloss_skill,5,0.6697670487351057
BPIC15_3,duration,logloss_skill,6,0.42797471744895366
BPIC15_3,duration,logloss_skill,7,0.34064832117584243
BPIC15_3,duration,logloss_skill,8,0.5998209707130975
BPIC15_3,duration,logloss_skill,9,0.7415081230470502
BPIC15_3,duration,logloss_skill,10,0.5623832338215193
BPIC15_3,duration,logloss_skill,11,0.7877931754744756
BPIC15_3,duration,logloss_skill,12,0.26475343308929766
BPIC15_3,duration,logloss_skill,13,0.745955022322774
BPIC15_3,duration,logloss_skill,14,0.41972603965884114
BPIC15_3,duration,logloss_skill,15,0.3462554648412094
BPIC15_3,duration,logloss_skill,16,0.2282301432733399
BPIC15_3,duration,logloss_skill,17,0.3389647493133927
BPIC15_3,duration,logloss_skill,18,0.5719096872083138
BPIC15_3,duration,logloss_skill,19,0.29104130186250876
BPIC15_3,duration,logloss_skill,20,0.16797329832061114
BPIC15_3,duration,logloss_skill,21,0.38884776789262754
BPIC15_3,duration,logloss_skill,22,0.64073544968666
BPIC15_3,duration,logloss_skill,23,0.5801059707093571
BPIC15_3,duration,logloss_skill,24,0.23440687063871712
BPIC15_3,duration,logloss_skill,25,0.6184609285753703
BPIC15_3,duration,logloss_skill,26,0.5630481651041528
BPIC15_3,duration,logloss_skill,27,0.7305349176535054
BPIC15_3,duration,logloss_skill,28,0.2591149325612322
BPIC15_3,duration,logloss_skill,29,0.4357823611480789
BPIC15_3,duration,logloss_skill,30,0.4617420242670901
BPIC15_3,duration,logloss_skill,31,0.3210853633542332
BPIC15_3,duration,logloss_skill,32,0.4642523083705844
BPIC15_3,duration,logloss_skill,33,0.38058522892162616
BPIC15_3,duration,logloss_skill,34,0.5846838003468253
BPIC15_3,duration,logloss_skill,35,0.7823109982748502
BPIC15_3,duration,logloss_skill,36,0.5018158832291926
BPIC15_3,duration,logloss_skill,37,0.6377994748076009
BPIC15_3,duration,logloss_skill,38,0.28909413000598183
BPIC15_3,duration,logloss_skill,39,0.27590969781574537
BPIC15_3,duration,logloss_skill,40,0.5546339504062523
BPIC15_3,duration,logloss_skill,41,0.5878642463507637
BPIC15_3,duration,logloss_skill,42,0.4763709589495002
BPIC15_3,duration,logloss_skill,43,0.6061305395419734
BPIC15_3,duration,logloss_skill,44,0.25114734925918114
BPIC15_3,duration,logloss_skill,45,0.7223199911936862
BPIC15_3,duration,logloss_skill,46,0.3927576905452518
BPIC15_3,duration,logloss_skill,47,0.24248849724843358
BPIC15_3,duration,logloss_skill,48,0.609523045520146
BPIC15_3,duration,logloss_skill,49,0.41252299139588533
BPIC15_3,duration,logloss_skill,50,0.3353904567222007
BPIC15_3,duration,logloss_skill,51,0.43764221899406497
BPIC15_3,duration,logloss_skill,52,0.7432692028277985
BPIC15_3,duration,logloss_skill,53,0.3184306791606273
BPIC15_3,duration,logloss_skill,54,0.7645040526060565
BPIC15_3,duration,logloss_skill,55,0.2914458474272432
BPIC15_3,duration,logloss_skill,56,0.6760132623730145
BPIC15_3,duration,logloss_skill,57,0.6857959170863119
BPIC15_3,duration,logloss_skill,58,0.5386918047312312
BPIC15_3,duration,logloss_skill,59,0.2299136883172367
BPIC15_3,duration,logloss_skill,60,0.5874836875518703
BPIC15_3,duration,logloss_skill,61,0.4686242230634201
BPIC15_3,duration,logloss_skill,62,0.34654274136494356
BPIC15_3,duration,logloss_skill,63,0.1959833268123553
BPIC15_3,duration,logloss_skill,64,0.4536834106346491
BPIC15_3,duration,logloss_skill,65,0.31476897862713493
BPIC15_3,duration,logloss_skill,66,0.42343654934290376
BPIC15_3,duration,logloss_skill,67,0.18439740238524338
BPIC15_3,duration,logloss_skill,68,0.4488675456282669
BPIC15_3,duration,logloss_skill,69,0.2352478531139165
BPIC15_3,duration,logloss_skill,70,0.33701982751940907
BPIC15_3,duration,logloss_skill,71,0.2819772306524022
BPIC15_3,duration,logloss_skill,72,0.34154019410113745
BPIC15_3,duration,logloss_skill,73,0.29743299962358116
BPIC15_3,duration,logloss_skill,74,0.4959497514167496
BPIC15_3,duration,logloss_skill,75,0.8156158146491667
BPIC15_3,duration,logloss_skill,76,0.4457014935768938
BPIC15_3,duration,logloss_skill,77,0.3272405382379566
BPIC15_3,duration,logloss_skill,78,0.8070330506574669
BPIC15_3,duration,logloss_skill,79,0.636901348640477
BPIC15_3,duration,nagelkerke,0,0.4654396260325342
BPIC15_3,duration,nagelkerke,1,0.34494314760057176
BPIC15_3,duration,nagelkerke,2,0.5995258664809028
BPIC15_3,duration,nagelkerke,3,0.6566313080782048
BPIC15_3,duration,nagelkerke,4,0.671928705482692
BPIC15_3,duration,nagelkerke,5,0.7025442072071223
BPIC15_3,duration,nagelkerke,6,0.6246449674818118
BPIC15_3,duration,nagelkerke,7,0.39939864808896497
BPIC15_3,duration,nagelkerke,8,0.7016288553669048
BPIC15_3,duration,nagelkerke,9,0.7615883580263723
BPIC15_3,duration,nagelkerke,10,0.6735091711875315
BPIC15_3,duration,nagelkerke,11,0.7861418604659741
BPIC15_3,duration,nagelkerke,12,0.341948955491991
BPIC15_3,duration,nagelkerke,13,0.7396172773140532
BPIC15_3,duration,nagelkerke,14,0.5344850183651247
BPIC15_3,duration,nagelkerke,15,0.42120031796005664
BPIC15_3,duration,nagelkerke,16,0.2386899617395024
BPIC15_3,duration,nagelkerke,17,0.437455720146568
BPIC15_3,duration,nagelkerke,18,0.5625259644531071
BPIC15_3,duration,nagelkerke,19,0.32738578543389807
BPIC15_3,duration,nagelkerke,20,0.21512077158656284
BPIC15_3,duration,nagelkerke,21,0.4568416699818285
BPIC15_3,duration,nagelkerke,22,0.6989354831660091
BPIC15_3,duration,nagelkerke,23,0.5204573794244377
BPIC15_3,duration,nagelkerke,24,0.25830560047752504
BPIC15_3,duration,nagelkerke,25,0.5044631253971787
BPIC15_3,duration,nagelkerke,26,0.6152494570580465
BPIC15_3,duration,nagelkerke,27,0.6523521170702591
BPIC15_3,duration,nagelkerke,28,0.330106274818164
BPIC15_3,duration,nagelkerke,29,0.5391890177279555
BPIC15_3,duration,nagelkerke,30,0.6399301476123277
BPIC15_3,duration,nagelkerke,31,0.34475649224361016
BPIC15_3,duration,nagelkerke,32,0.539336206748699
BPIC15_3,duration,nagelkerke,33,0.46500305139332954
BPIC15_3,duration,nagelkerke,34,0.5795529414978238
BPIC15_3,duration,nagelkerke,35,0.5889587833780943
BPIC15_3,duration,nagelkerke,36,0.705593929926192
BPIC15_3,duration,nagelkerke,37,0.7077065538186771
BPIC15_3,duration,nagelkerke,38,0.3997346471210912
BPIC15_3,duration,nagelkerke,39,0.32678351778362935
BPIC15_3,duration,nagelkerke,40,0.6403667740121547
BPIC15_3,duration,nagelkerke,41,0.6968164651987676
BPIC15_3,duration,nagelkerke,42,0.5845969325410552
BPIC15_3,duration,nagelkerke,43,0.6545338087794657
BPIC15_3,duration,nagelkerke,44,0.31686613118320583
BPIC15_3,duration,nagelkerke,45,0.7436484497444871
BPIC15_3,duration,nagelkerke,46,0.5220331115405982
BPIC15_3,duration,nagelkerke,47,0.38691794792107403
BPIC15_3,duration,nagelkerke,48,0.6333950053490824
BPIC15_3,duration,nagelkerke,49,0.5097512979056766
BPIC15_3,duration,nagelkerke,50,0.4349878792237465
BPIC15_3,duration,nagelkerke,51,0.4936545112758608
BPIC15_3,duration,nagelkerke,52,0.7632466583563781
BPIC15_3,duration,nagelkerke,53,0.32997458327840046
BPIC15_3,duration,nagelkerke,54,0.7769991785805621
BPIC15_3,duration,nagelkerke,55,0.30338051246861675
BPIC15_3,duration,nagelkerke,56,0.7370498168303792
BPIC15_3,duration,nagelkerke,57,0.7269603416852382
BPIC15_3,duration,nagelkerke,58,0.7074866859571671
BPIC15_3,duration,nagelkerke,59,0.2536242877357183
BPIC15_3,duration,nagelkerke,60,0.7113986511068505
BPIC15_3,duration,nagelkerke,61,0.7164927010799788
BPIC15_3,duration,nagelkerke,62,0.5516013637851085
BPIC15_3,duration,nagelkerke,63,0.28401104368582053
BPIC15_3,duration,nagelkerke,64,0.550871519185324
BPIC15_3,duration,nagelkerke,65,0.4033391246126129
BPIC15_3,duration,nagelkerke,66,0.5641112071503744
BPIC15_3,duration,nagelkerke,67,0.23394854973616908
BPIC15_3,duration,nagelkerke,68,0.47256953742700203
BPIC15_3,duration,nagelkerke,69,0.3542904022439254
BPIC15_3,duration,nagelkerke,70,0.37266046318123225
BPIC15_3,duration,nagelkerke,71,0.33387856526383297
BPIC15_3,duration,nagelkerke,72,0.607495219818809
BPIC15_3,duration,nagelkerke,73,0.44607964590148885
BPIC15_3,duration,nagelkerke,74,0.5986134718870837
BPIC15_3,duration,nagelkerke,75,0.6894587115796076
BPIC15_3,duration,nagelkerke,76,0.659693460966708
BPIC15_3,duration,nagelkerke,77,0.40903575234322087
BPIC15_3,duration,nagelkerke,78,0.8195713681308412
BPIC15_3,duration,nagelkerke,79,0.5893465888045979
BPIC15_3,handover,ap,0,0.625543033453869
BPIC15_3,handover,ap,1,0.28244909249583805
BPIC15_3,handover,ap,2,0.7226096415070705
BPIC15_3,handover,ap,3,0.7502888583086297
BPIC15_3,handover,ap,4,0.4112567673114177
BPIC15_3,handover,ap,5,0.4171647718126108
BPIC15_3,handover,ap,6,0.5768227288130473
BPIC15_3,handover,ap,7,0.5047550505736325
BPIC15_3,handover,ap,8,0.6062657444987456
BPIC15_3,handover,ap,9,0.7020511936493226
BPIC15_3,handover,ap,10,0.547429397765216
BPIC15_3,handover,ap,11,0.8272416338060481
BPIC15_3,handover,ap,12,0.4918296465115548
BPIC15_3,handover,ap,13,0.2971495892789353
BPIC15_3,handover,ap,14,0.44859934605131424
BPIC15_3,handover,ap,15,0.18838749670534927
BPIC15_3,handover,ap,16,0.4832015863691823
BPIC15_3,handover,ap,17,0.1880799529743935
BPIC15_3,handover,ap,18,0.34020863847324745
BPIC15_3,handover,ap,19,0.21396093988303355
BPIC15_3,handover,ap,20,0.6891429226034337
BPIC15_3,handover,ap,21,0.8423946179152044
BPIC15_3,handover,ap,22,0.4390304542926169
BPIC15_3,handover,ap,23,0.49763983689512936
BPIC15_3,handover,ap,24,0.9118001988488172
BPIC15_3,handover,ap,25,0.8577700196779381
BPIC15_3,handover,ap,26,0.27630164631408294
BPIC15_3,handover,ap,27,0.3897452295596985
BPIC15_3,handover,ap,28,0.410989895570231
BPIC15_3,handover,ap,29,0.42274597706108497
BPIC15_3,handover,ap,30,0.6821806905965744
BPIC15_3,handover,ap,31,0.5453447117461209
BPIC15_3,handover,ap,32,0.2812032744221049
BPIC15_3,handover,ap,33,0.19041291291837625
BPIC15_3,handover,ap,34,0.25064161634160087
BPIC15_3,handover,ap,35,0.8158416901548201
BPIC15_3,handover,ap,36,0.7434176157643113
BPIC15_3,handover,ap,37,0.6571740599436631
BPIC15_3,handover,ap,38,0.6558554044837087
BPIC15_3,handover,ap,39,0.3359064044664488
BPIC15_3,handover,ap,40,0.7051857150206671
BPIC15_3,handover,ap,41,0.4667970214620276
BPIC15_3,handover,ap,42,0.4900906303606495
BPIC15_3,handover,ap,43,0.8418218819688732
BPIC15_3,handover,ap,44,0.36333563271529146
BPIC15_3,handover,ap,45,0.2938437077642734
BPIC15_3,handover,ap,46,0.8445059854744635
BPIC15_3,handover,ap,47,0.6701301997875
BPIC15_3,handover,ap,48,0.672937607485266
BPIC15_3,handover,ap,49,0.5213294707473785
BPIC15_3,handover,ap,50,0.302819607827729
BPIC15_3,handover,ap,51,0.5473060737572274
BPIC15_3,handover,ap,52,0.4743509469980425
BPIC15_3,handover,ap,53,0.6998833380333205
BPIC15_3,handover,ap,54,0.38766429455534535
BPIC15_3,handover,ap,55,0.8049544005625184
BPIC15_3,handover,ap,56,0.5409124426293623
BPIC15_3,handover,ap,57,0.7641592105199542
BPIC15_3,handover,ap,58,0.4904769702942351
BPIC15_3,handover,ap,59,0.8743353639981128
BPIC15_3,handover,ap,60,0.25227809333518336
BPIC15_3,handover,ap,61,0.5461641839582054
BPIC15_3,handover,ap,62,0.5113283170081095
BPIC15_3,handover,ap,63,0.7283039727953856
BPIC15_3,handover,ap,64,0.6527198565942488
BPIC15_3,handover,ap,65,0.37581102711988223
BPIC15_3,handover,ap,66,0.3362868494071032
BPIC15_3,handover,ap,67,0.2828785306745233
BPIC15_3,handover,ap,68,0.5982082892270072
BPIC15_3,handover,ap,69,0.38697370509481477
BPIC15_3,handover,ap,70,0.4909759420383013
BPIC15_3,handover,ap,71,0.6242329347873848
BPIC15_3,handover,ap,72,0.40782499804557104
BPIC15_3,handover,ap,73,0.783760306770977
BPIC15_3,handover,ap,74,0.6668334284983491
BPIC15_3,handover,ap,75,0.4024231892342629
BPIC15_3,handover,ap,76,0.7582459931293871
BPIC15_3,handover,ap,77,0.6812534317407091
BPIC15_3,handover,ap,78,0.688731847721954
BPIC15_3,handover,ap,79,0.9080094714922358
BPIC15_3,handover,auc,0,0.33134683420515265
BPIC15_3,handover,auc,1,0.26432384704472844
BPIC15_3,handover,auc,2,0.6240700813566398
BPIC15_3,handover,auc,3,0.5690218651440148
BPIC15_3,handover,auc,4,0.342455760853275
BPIC15_3,handover,auc,5,0.4146884137974076
BPIC15_3,handover,auc,6,0.6928613263328773
BPIC15_3,handover,auc,7,0.6239514770452617
BPIC15_3,handover,auc,8,0.3934499406004205
BPIC15_3,handover,auc,9,0.8714208575689468
BPIC15_3,handover,auc,10,0.833020730560009
BPIC15_3,handover,auc,11,0.7054985494069266
BPIC15_3,handover,auc,12,0.621714443275195
BPIC15_3,handover,auc,13,0.3541623271347112
BPIC15_3,handover,auc,14,0.5702371876478394
BPIC15_3,handover,auc,15,0.13217366145019294
BPIC15_3,handover,auc,16,0.6588042239276855
BPIC15_3,handover,auc,17,0.10323781247244523
BPIC15_3,handover,auc,18,0.33279099503019816
BPIC15_3,handover,auc,19,0.3017400257405771
BPIC15_3,handover,auc,20,0.7244677372628564
BPIC15_3,handover,auc,21,0.6464271799948108
BPIC15_3,handover,auc,22,0.4955275432501295
BPIC15_3,handover,auc,23,0.7069080740762095
BPIC15_3,handover,auc,24,0.8088738248983829
BPIC15_3,handover,auc,25,0.9097310095813308
BPIC15_3,handover,auc,26,0.4232261334061842
BPIC15_3,handover,auc,27,0.3195801510859737
BPIC15_3,handover,auc,28,0.6485772545509747
BPIC15_3,handover,auc,29,0.4395570370513552
BPIC15_3,handover,auc,30,0.5744205231045958
BPIC15_3,handover,auc,31,0.45272143977899393
BPIC15_3,handover,auc,32,0.30500999196560064
BPIC15_3,handover,auc,33,0.3568653512870359
BPIC15_3,handover,auc,34,0.15775904750851644
BPIC15_3,handover,auc,35,0.8419326255284761
BPIC15_3,handover,auc,36,0.7295151393093144
BPIC15_3,handover,auc,37,0.7858475304843078
BPIC15_3,handover,auc,38,0.8678716723836507
BPIC15_3,handover,auc,39,0.49075645193567896
BPIC15_3,handover,auc,40,0.6395777747650184
BPIC15_3,handover,auc,41,0.5488814916667261
BPIC15_3,handover,auc,42,0.3880945541542602
BPIC15_3,handover,auc,43,0.5283393153313113
BPIC15_3,handover,auc,44,0.43572102432887794
BPIC15_3,handover,auc,45,0.4815702013646922
BPIC15_3,handover,auc,46,0.654697671136791
BPIC15_3,handover,auc,47,0.5258101763236827
BPIC15_3,handover,auc,48,0.8290054272492302
BPIC15_3,handover,auc,49,0.5879827112609031
BPIC15_3,handover,auc,50,0.17834886410624384
BPIC15_3,handover,auc,51,0.38641604825802733
BPIC15_3,handover,auc,52,0.4104975783512903
BPIC15_3,handover,auc,53,0.6206468365503361
BPIC15_3,handover,auc,54,0.49595724803049235
BPIC15_3,handover,auc,55,0.7621808019363056
BPIC15_3,handover,auc,56,0.3928653686404606
BPIC15_3,handover,auc,57,0.7756507982134536
BPIC15_3,handover,auc,58,0.5155261747498251
BPIC15_3,handover,auc,59,0.924965524284302
BPIC15_3,handover,auc,60,0.4353609207392153
BPIC15_3,handover,auc,61,0.6363105995616298
BPIC15_3,handover,auc,62,0.5632237863702738
BPIC15_3,handover,auc,63,0.8123369386685827
BPIC15_3,handover,auc,64,0.6685901604624305
BPIC15_3,handover,auc,65,0.5385516777270186
BPIC15_3,handover,auc,66,0.13316105809211343
BPIC15_3,handover,auc,67,0.2723331550857807
BPIC15_3,handover,auc,68,0.3996561895339483
BPIC15_3,handover,auc,69,0.40723234263559027
BPIC15_3,handover,auc,70,0.6598144121953208
BPIC15_3,handover,auc,71,0.9654174472184109
BPIC15_3,handover,auc,72,0.398726064091414
BPIC15_3,handover,auc,73,0.743108521797202
BPIC15_3,handover,auc,74,0.6595048976187612
BPIC15_3,handover,auc,75,0.34698753789032555
BPIC15_3,handover,auc,76,0.7642683163230812
BPIC15_3,handover,auc,77,0.8441254824241821
BPIC15_3,handover,auc,78,0.9167491730776923
BPIC15_3,handover,auc,79,0.7118845750875216
BPIC15_3,handover,brier_skill,0,0.8354755499374911
BPIC15_3,handover,brier_skill,1,0.3763988399836202
BPIC15_3,handover,brier_skill,2,0.6981739622610974
BPIC15_3,handover,brier_skill,3,0.55923011970436
BPIC15_3,handover,brier_skill,4,0.47391610363603165
BPIC15_3,handover,brier_skill,5,0.7541958722250839
BPIC15_3,handover,brier_skill,6,0.4646506438017063
BPIC15_3,handover,brier_skill,7,0.6382381733240954
BPIC15_3,handover,brier_skill,8,0.8402562762511099
BPIC15_3,handover,brier_skill,9,0.5239362446818355
BPIC15_3,handover,brier_skill,10,0.48501344989978623
BPIC15_3,handover,brier_skill,11,0.6227514958557969
BPIC15_3,handover,brier_skill,12,0.5921095026612022
BPIC15_3,handover,brier_skill,13,0.6283886982475602
BPIC15_3,handover,brier_skill,14,0.7035875626188132
BPIC15_3,handover,brier_skill,15,0.5499537142893892
BPIC15_3,handover,brier_skill,16,0.8498485519866481
BPIC15_3,handover,brier_skill,17,0.9456463591895607
BPIC15_3,handover,brier_skill,18,0.5707144459881688
BPIC15_3,handover,brier_skill,19,0.722364011916041
BPIC15_3,handover,brier_skill,20,0.42841152912308156
BPIC15_3,handover,brier_skill,21,0.6638066457844207
BPIC15_3,handover,brier_skill,22,0.680149047960954
BPIC15_3,handover,brier_skill,23,0.5074909417032285
BPIC15_3,handover,brier_skill,24,0.6964407828630053
BPIC15_3,handover,brier_skill,25,0.6445501619446564
BPIC15_3,handover,brier_skill,26,0.4448040870349462
BPIC15_3,handover,brier_skill,27,0.7904879163368991
BPIC15_3,handover,brier_skill,28,0.3696375168314897
BPIC15_3,handover,brier_skill,29,0.5113332298250992
BPIC15_3,handover,brier_skill,30,0.4899596731934859
BPIC15_3,handover,brier_skill,31,0.6159200015954964
BPIC15_3,handover,brier_skill,32,0.7651782404781406
BPIC15_3,handover,brier_skill,33,0.5748660217270385
BPIC15_3,handover,brier_skill,34,0.6983195769438661
BPIC15_3,handover,brier_skill,35,0.5490734410329643
BPIC15_3,handover,brier_skill,36,0.41765296431691157
BPIC15_3,handover,brier_skill,37,0.8180309379207868
BPIC15_3,handover,brier_skill,38,0.3369284477568648
BPIC15_3,handover,brier_skill,39,0.5270733411471447
BPIC15_3,handover,brier_skill,40,0.31046805347270645
BPIC15_3,handover,brier_skill,41,0.4149027702622967
BPIC15_3,handover,brier_skill,42,0.9468916041039925
BPIC15_3,handover,brier_skill,43,0.3540370892213657
BPIC15_3,handover,brier_skill,44,0.33669934892115005
BPIC15_3,handover,brier_skill,45,0.5140850824350492
BPIC15_3,handover,brier_skill,46,0.4537867915302325
BPIC15_3,handover,brier_skill,47,0.6707299913964949
BPIC15_3,handover,brier_skill,48,0.3294286321499267
BPIC15_3,handover,brier_skill,49,0.589971516556604
BPIC15_3,handover,brier_skill,50,0.8545387830962965
BPIC15_3,handover,brier_skill,51,0.5853063878099863
BPIC15_3,handover,brier_skill,52,0.7433419549956852
BPIC15_3,handover,brier_skill,53,0.42542781169462895
BPIC15_3,handover,brier_skill,54,0.5837356987293916
BPIC15_3,handover,brier_skill,55,0.6631244870657418
BPIC15_3,handover,brier_skill,56,0.5805685386779627
BPIC15_3,handover,brier_skill,57,0.6488391343481694
BPIC15_3,handover,brier_skill,58,0.4959300202716317
BPIC15_3,handover,brier_skill,59,0.83211888483653
BPIC15_3,handover,brier_skill,60,0.7337910116425512
BPIC15_3,handover,brier_skill,61,0.44787156675072404
BPIC15_3,handover,brier_skill,62,0.6806191050395584
BPIC15_3,handover,brier_skill,63,0.5096412356495805
BPIC15_3,handover,brier_skill,64,0.4835550769755341
BPIC15_3,handover,brier_skill,65,0.3038550459370005
BPIC15_3,handover,brier_skill,66,0.5399404327214798
BPIC15_3,handover,brier_skill,67,0.37695982739049305
BPIC15_3,handover,brier_skill,68,0.7696516007818456
BPIC15_3,handover,brier_skill,69,0.4730896056302726
BPIC15_3,handover,brier_skill,70,0.5446233521892607
BPIC15_3,handover,brier_skill,71,0.6188563465459892
BPIC15_3,handover,brier_skill,72,0.7747512259087221
BPIC15_3,handover,brier_skill,73,0.5300767768046943
BPIC15_3,handover,brier_skill,74,0.4595639730324641
BPIC15_3,handover,brier_skill,75,0.43067477098695917
BPIC15_3,handover,brier_skill,76,0.5940639964603678
BPIC15_3,handover,brier_skill,77,0.4114173993734709
BPIC15_3,handover,brier_skill,78,0.38596527301057226
BPIC15_3,handover,brier_skill,79,0.8023307233963697
BPIC15_3,handover,logloss_skill,0,0.7115430303382109
BPIC15_3,handover,logloss_skill,1,0.445502296875661
BPIC15_3,handover,logloss_skill,2,0.8114415380303291
BPIC15_3,handover,logloss_skill,3,0.7060905641607822
BPIC15_3,handover,logloss_skill,4,0.45707497394827146
BPIC15_3,handover,logloss_skill,5,0.648297690212776
BPIC15_3,handover,logloss_skill,6,0.5706297274324619
BPIC15_3,handover,logloss_skill,7,0.6078931034427983
BPIC15_3,handover,logloss_skill,8,0.7454762218546229
BPIC15_3,handover,logloss_skill,9,0.4511909529375696
BPIC15_3,handover,logloss_skill,10,0.6731733613652366
BPIC15_3,handover,logloss_skill,11,0.4211135610859702
BPIC15_3,handover,logloss_skill,12,0.5864391250907228
BPIC15_3,handover,logloss_skill,13,0.6491299921555493
BPIC15_3,handover,logloss_skill,14,0.7699376852585271
BPIC15_3,handover,logloss_skill,15,0.6025624693177902
BPIC15_3,handover,logloss_skill,16,0.5905592760451979
BPIC15_3,handover,logloss_skill,17,0.8120178710711401
BPIC15_3,handover,logloss_skill,18,0.572226892670809
BPIC15_3,handover,logloss_skill,19,0.5932741992577617
BPIC15_3,handover,logloss_skill,20,0.44749221872174927
BPIC15_3,handover,logloss_skill,21,0.4841517447764744
BPIC15_3,handover,logloss_skill,22,0.7528086265200414
BPIC15_3,handover,logloss_skill,23,0.5192547844077188
BPIC15_3,handover,logloss_skill,24,0.7939069034811868
BPIC15_3,handover,logloss_skill,25,0.4226942548411825
BPIC15_3,handover,logloss_skill,26,0.3498583422161994
BPIC15_3,handover,logloss_skill,27,0.6493420585380485
BPIC15_3,handover,logloss_skill,28,0.522119597115869
BPIC15_3,handover,logloss_skill,29,0.3376485946206156
BPIC15_3,handover,logloss_skill,30,0.6840724497967583
BPIC15_3,handover,logloss_skill,31,0.7903258142030267
BPIC15_3,handover,logloss_skill,32,0.3775708728366668
BPIC15_3,handover,logloss_skill,33,0.49777485763603335
BPIC15_3,handover,logloss_skill,34,0.8020577380806028
BPIC15_3,handover,logloss_skill,35,0.5610631092295577
BPIC15_3,handover,logloss_skill,36,0.5962839281845722
BPIC15_3,handover,logloss_skill,37,0.498402108230694
BPIC15_3,handover,logloss_skill,38,0.41645745016346125
BPIC15_3,handover,logloss_skill,39,0.6555308717147524
BPIC15_3,handover,logloss_skill,40,0.47233805406523044
BPIC15_3,handover,logloss_skill,41,0.5813244086443577
BPIC15_3,handover,logloss_skill,42,0.7053101598814526
BPIC15_3,handover,logloss_skill,43,0.3409212486815849
BPIC15_3,handover,logloss_skill,44,0.508354141595574
BPIC15_3,handover,logloss_skill,45,0.5591986110876331
BPIC15_3,handover,logloss_skill,46,0.5363432245126758
BPIC15_3,handover,logloss_skill,47,0.666396089574821
BPIC15_3,handover,logloss_skill,48,0.5020360859523401
BPIC15_3,handover,logloss_skill,49,0.4903291828658449
BPIC15_3,handover,logloss_skill,50,0.5607304883232693
BPIC15_3,handover,logloss_skill,51,0.6360161274895346
BPIC15_3,handover,logloss_skill,52,0.6604113966678522
BPIC15_3,handover,logloss_skill,53,0.4647907747337775
BPIC15_3,handover,logloss_skill,54,0.4897651895911779
BPIC15_3,handover,logloss_skill,55,0.6189545163879375
BPIC15_3,handover,logloss_skill,56,0.6750455446154396
BPIC15_3,handover,logloss_skill,57,0.6124701192039217
BPIC15_3,handover,logloss_skill,58,0.6264418287595265
BPIC15_3,handover,logloss_skill,59,0.6265691533256585
BPIC15_3,handover,logloss_skill,60,0.5677112488223955
BPIC15_3,handover,logloss_skill,61,0.48563590529478906
BPIC15_3,handover,logloss_skill,62,0.76375112139263
BPIC15_3,handover,logloss_skill,63,0.5633634241813182
BPIC15_3,handover,logloss_skill,64,0.6536805558508099
BPIC15_3,handover,logloss_skill,65,0.3022120237910173
BPIC15_3,handover,logloss_skill,66,0.43989303269593627
BPIC15_3,handover,logloss_skill,67,0.3476356579029458
BPIC15_3,handover,logloss_skill,68,0.5836462751080838
BPIC15_3,handover,logloss_skill,69,0.5253102837291235
BPIC15_3,handover,logloss_skill,70,0.6318546172040865
BPIC15_3,handover,logloss_skill,71,0.7413103904172925
BPIC15_3,handover,logloss_skill,72,0.5509477894109962
BPIC15_3,handover,logloss_skill,73,0.5030727804115877
BPIC15_3,handover,logloss_skill,74,0.5097057494146079
BPIC15_3,handover,logloss_skill,75,0.5898876737197796
BPIC15_3,handover,logloss_skill,76,0.4999916017075766
BPIC15_3,handover,logloss_skill,77,0.3940403061885258
BPIC15_3,handover,logloss_skill,78,0.5431432826725984
BPIC15_3,handover,logloss_skill,79,0.8036140411446665
BPIC15_3,handover,nagelkerke,0,0.657708683601143
BPIC15_3,handover,nagelkerke,1,0.5268876714306029
BPIC15_3,handover,nagelkerke,2,0.7982638726786845
BPIC15_3,handover,nagelkerke,3,0.7208619987979976
BPIC15_3,handover,nagelkerke,4,0.49633613259899023
BPIC15_3,handover,nagelkerke,5,0.6951649979933223
BPIC15_3,handover,nagelkerke,6,0.5861896011426053
BPIC15_3,handover,nagelkerke,7,0.6420772984513667
BPIC15_3,handover,nagelkerke,8,0.7030067202986567
BPIC15_3,handover,nagelkerke,9,0.45293815367586476
BPIC15_3,handover,nagelkerke,10,0.6759782417760817
BPIC15_3,handover,nagelkerke,11,0.4542725651178321
BPIC15_3,handover,nagelkerke,12,0.5924208895655588
BPIC15_3,handover,nagelkerke,13,0.6096946164742725
BPIC15_3,handover,nagelkerke,14,0.7577494684429413
BPIC15_3,handover,nagelkerke,15,0.6062575680129414
BPIC15_3,handover,nagelkerke,16,0.612738968285346
BPIC15_3,handover,nagelkerke,17,0.7967567368664676
BPIC15_3,handover,nagelkerke,18,0.6005085598286488
BPIC15_3,handover,nagelkerke,19,0.5369737231883807
BPIC15_3,handover,nagelkerke,20,0.5116143543835341
BPIC15_3,handover,nagelkerke,21,0.5423223625498932
BPIC15_3,handover,nagelkerke,22,0.8070334097752427
BPIC15_3,handover,nagelkerke,23,0.6047279258735219
BPIC15_3,handover,nagelkerke,24,0.7772010672154626
BPIC15_3,handover,nagelkerke,25,0.4318627253858349
BPIC15_3,handover,nagelkerke,26,0.35884197189243905
BPIC15_3,handover,nagelkerke,27,0.6509101813748386
BPIC15_3,handover,nagelkerke,28,0.5258676593325893
BPIC15_3,handover,nagelkerke,29,0.39368145528383613
BPIC15_3,handover,nagelkerke,30,0.7200374895022024
BPIC15_3,handover,nagelkerke,31,0.7792194297386769
BPIC15_3,handover,nagelkerke,32,0.3995457927719748
BPIC15_3,handover,nagelkerke,33,0.5586285999825338
BPIC15_3,handover,nagelkerke,34,0.7498465031682975
BPIC15_3,handover,nagelkerke,35,0.6269527699642417
BPIC15_3,handover,nagelkerke,36,0.6767129838220665
BPIC15_3,handover,nagelkerke,37,0.5555055544332582
BPIC15_3,handover,nagelkerke,38,0.444080592529422
BPIC15_3,handover,nagelkerke,39,0.6998331186248181
BPIC15_3,handover,nagelkerke,40,0.5266886423121652
BPIC15_3,handover,nagelkerke,41,0.6240780165417352
BPIC15_3,handover,nagelkerke,42,0.6520372922473752
BPIC15_3,handover,nagelkerke,43,0.3819902720727
BPIC15_3,handover,nagelkerke,44,0.5609205823647183
BPIC15_3,handover,nagelkerke,45,0.5901559729137671
BPIC15_3,handover,nagelkerke,46,0.5723213299200178
BPIC15_3,handover,nagelkerke,47,0.647105574965074
BPIC15_3,handover,nagelkerke,48,0.6845773311448309
BPIC15_3,handover,nagelkerke,49,0.5257186703486263
BPIC15_3,handover,nagelkerke,50,0.5085245173976387
BPIC15_3,handover,nagelkerke,51,0.647926198469458
BPIC15_3,handover,nagelkerke,52,0.6370494192574343
BPIC15_3,handover,nagelkerke,53,0.4587518187205918
BPIC15_3,handover,nagelkerke,54,0.4437233001329811
BPIC15_3,handover,nagelkerke,55,0.6702076901754686
BPIC15_3,handover,nagelkerke,56,0.6986708988974548
BPIC15_3,handover,nagelkerke,57,0.6472679788289109
BPIC15_3,handover,nagelkerke,58,0.6332613947129472
BPIC15_3,handover,nagelkerke,59,0.6871475380223577
BPIC15_3,handover,nagelkerke,60,0.5742484745593949
BPIC15_3,handover,nagelkerke,61,0.5073796074357522
BPIC15_3,handover,nagelkerke,62,0.7584107541345153
BPIC15_3,handover,nagelkerke,63,0.6127192023838499
BPIC15_3,handover,nagelkerke,64,0.7217844104621464
BPIC15_3,handover,nagelkerke,65,0.3144288063947176
BPIC15_3,handover,nagelkerke,66,0.48250783658712904
BPIC15_3,handover,nagelkerke,67,0.3401116208453143
BPIC15_3,handover,nagelkerke,68,0.6055484380390258
BPIC15_3,handover,nagelkerke,69,0.5035108000309998
BPIC15_3,handover,nagelkerke,70,0.6603184836683088
BPIC15_3,handover,nagelkerke,71,0.7413396558005159
BPIC15_3,handover,nagelkerke,72,0.657209954768764
BPIC15_3,handover,nagelkerke,73,0.5609686771304978
BPIC15_3,handover,nagelkerke,74,0.5378094646120202
BPIC15_3,handover,nagelkerke,75,0.632051741552929
BPIC15_3,handover,nagelkerke,76,0.46317774167107717
BPIC15_3,handover,nagelkerke,77,0.4180231586424521
BPIC15_3,handover,nagelkerke,78,0.5702825261264024
BPIC15_3,handover,nagelkerke,79,0.7989325290183498
BPIC15_4,duration,ap,0,0.5178531149426051
BPIC15_4,duration,ap,1,0.45523856225567993
BPIC15_4,duration,ap,2,0.48245842060324373
BPIC15_4,duration,ap,3,0.7226080180819175
BPIC15_4,duration,ap,4,0.5918448630826179
BPIC15_4,duration,ap,5,0.6622551403352226
BPIC15_4,duration,ap,6,0.6056094913173007
BPIC15_4,duration,ap,7,0.7754002628596741
BPIC15_4,duration,ap,8,0.6682570401046689
BPIC15_4,duration,ap,9,0.8546202311771037
BPIC15_4,duration,ap,10,0.6637738899594464
BPIC15_4,duration,ap,11,0.7186758659252641
BPIC15_4,duration,ap,12,0.6484631166299053
BPIC15_4,duration,ap,13,0.677665958244918
BPIC15_4,duration,ap,14,0.2058695414324747
BPIC15_4,duration,ap,15,0.7482782671835971
BPIC15_4,duration,ap,16,0.5434321590048377
BPIC15_4,duration,ap,17,0.6944294193298398
BPIC15_4,duration,ap,18,0.5190008708261367
BPIC15_4,duration,ap,19,0.4639765867981346
BPIC15_4,duration,ap,20,0.4633686213951751
BPIC15_4,duration,ap,21,0.6437148920776756
BPIC15_4,duration,ap,22,0.8572175575717235
BPIC15_4,duration,ap,23,0.8320571872171576
BPIC15_4,duration,ap,24,0.6738834410189067
BPIC15_4,duration,ap,25,0.40447608972828997
BPIC15_4,duration,ap,26,0.6577434881463324
BPIC15_4,duration,ap,27,0.6224590305792298
BPIC15_4,duration,ap,28,0.7824773026158476
BPIC15_4,duration,ap,29,0.8242142611769805
BPIC15_4,duration,ap,30,0.704996312018042
BPIC15_4,duration,ap,31,0.38745248819221356
BPIC15_4,duration,ap,32,0.37851433071038654
BPIC15_4,duration,ap,33,0.25819181707438743
BPIC15_4,duration,ap,34,0.5381815002178487
BPIC15_4,duration,ap,35,0.4426602950076326
BPIC15_4,duration,ap,36,0.4927078695503775
BPIC15_4,duration,ap,37,0.6517208172050539
BPIC15_4,duration,ap,38,0.4270427412100425
BPIC15_4,duration,ap,39,0.6426199488138928
BPIC15_4,duration,ap,40,0.8051217888131244
BPIC15_4,duration,ap,41,0.5741251375821674
BPIC15_4,duration,ap,42,0.6407392477757446
BPIC15_4,duration,ap,43,0.7347210263031634
BPIC15_4,duration,ap,44,0.48290275580232755
BPIC15_4,duration,ap,45,0.4005370407146567
BPIC15_4,duration,ap,46,0.4689108789217594
BPIC15_4,duration,ap,47,0.602064338044451
BPIC15_4,duration,ap,48,0.595658453012724
BPIC15_4,duration,ap,49,0.7014633256745783
BPIC15_4,duration,ap,50,0.3438135349159719
BPIC15_4,duration,ap,51,0.46680847473668896
BPIC15_4,duration,ap,52,0.43851854907282206
BPIC15_4,duration,ap,53,0.5658613808367742
BPIC15_4,duration,ap,54,0.6865727424567785
BPIC15_4,duration,ap,55,0.8227190520199281
BPIC15_4,duration,ap,56,0.6980372543257292
BPIC15_4,duration,ap,57,0.6756359505296695
BPIC15_4,duration,ap,58,0.6640753784011841
BPIC15_4,duration,ap,59,0.5847519083897428
BPIC15_4,duration,ap,60,0.55702781295932
BPIC15_4,duration,ap,61,0.5314808401661619
BPIC15_4,duration,ap,62,0.6870992551546165
BPIC15_4,duration,ap,63,0.4861373187419834
BPIC15_4,duration,ap,64,0.7841655045572872
BPIC15_4,duration,ap,65,0.7711915843097314
BPIC15_4,duration,ap,66,0.8820815766185398
BPIC15_4,duration,ap,67,0.539803341426119
BPIC15_4,duration,ap,68,0.5825958782571589
BPIC15_4,duration,ap,69,0.8287948597291325
BPIC15_4,duration,ap,70,0.6183702283768345
BPIC15_4,duration,ap,71,0.4752857503516461
BPIC15_4,duration,ap,72,0.6247365270766623
BPIC15_4,duration,ap,73,0.6590914073439389
BPIC15_4,duration,ap,74,0.779485090591526
BPIC15_4,duration,ap,75,0.48267288644395745
BPIC15_4,duration,ap,76,0.5906010858448246
BPIC15_4,duration,ap,77,0.7053215991201655
BPIC15_4,duration,ap,78,0.48578392626108646
BPIC15_4,duration,ap,79,0.6260463292565994
BPIC15_4,duration,ap,80,0.6783792411981577
BPIC15_4,duration,ap,81,0.4334694165872077
BPIC15_4,duration,ap,82,0.608301814817637
BPIC15_4,duration,ap,83,0.514330492195721
BPIC15_4,duration,ap,84,0.674574822180533
BPIC15_4,duration,ap,85,0.6595755476755601
BPIC15_4,duration,ap,86,0.21352267505112987
BPIC15_4,duration,ap,87,0.3072762587064237
BPIC15_4,duration,ap,88,0.33666242018198844
BPIC15_4,duration,ap,89,0.36855353547471936
BPIC15_4,duration,ap,90,0.7367027418916711
BPIC15_4,duration,ap,91,0.6239198155764164
BPIC15_4,duration,ap,92,0.6379987480588157
BPIC15_4,duration,ap,93,0.46980499541441323
BPIC15_4,duration,ap,94,0.39289065327480843
BPIC15_4,duration,ap,95,0.7650928545988742
BPIC15_4,duration,ap,96,0.4193186521428728
BPIC15_4,duration,ap,97,0.27196114982057973
BPIC15_4,duration,ap,98,0.46589883565353274
BPIC15_4,duration,ap,99,0.796128248199663
BPIC15_4,duration,ap,100,0.7569456358749863
BPIC15_4,duration,ap,101,0.5626735470110086
BPIC15_4,duration,ap,102,0.6544835807518203
BPIC15_4,duration,ap,103,0.6080412586012247
BPIC15_4,duration,ap,104,0.4738041186442964
BPIC15_4,duration,ap,105,0.49122518215475364
BPIC15_4,duration,ap,106,0.8365951386287176
BPIC15_4,duration,ap,107,0.515391767469507
BPIC15_4,duration,ap,108,0.745356830040152
BPIC15_4,duration,ap,109,0.6280276455569359
BPIC15_4,duration,ap,110,0.6404986635156185
BPIC15_4,duration,ap,111,0.5854441790345053
BPIC15_4,duration,ap,112,0.6279262680984137
BPIC15_4,duration,ap,113,0.3939529217027614
BPIC15_4,duration,ap,114,0.5944767983866637
BPIC15_4,duration,ap,115,0.7342586447841906
BPIC15_4,duration,ap,116,0.753515066295326
BPIC15_4,duration,ap,117,0.7044657494965528
BPIC15_4,duration,ap,118,0.9440088821523959
BPIC15_4,duration,ap,119,0.5246778246188626
BPIC15_4,duration,ap,120,0.32418135046866114
BPIC15_4,duration,ap,121,0.4012461676805805
BPIC15_4,duration,ap,122,0.7001441852229129
BPIC15_4,duration,ap,123,0.7950686374434768
BPIC15_4,duration,ap,124,0.5947382716516013
BPIC15_4,duration,ap,125,0.500964492258049
BPIC15_4,duration,ap,126,0.751606223189905
BPIC15_4,duration,ap,127,0.5702546857075488
BPIC15_4,duration,ap,128,0.3997836848388757
BPIC15_4,duration,ap,129,0.6496647747690338
BPIC15_4,duration,ap,130,0.4175382941689102
BPIC15_4,duration,ap,131,0.5954296544617532
BPIC15_4,duration,ap,132,0.7156750752037164
BPIC15_4,duration,ap,133,0.6778071211832258
BPIC15_4,duration,ap,134,0.796982337043113
BPIC15_4,duration,ap,135,0.5827135347563448
BPIC15_4,duration,ap,136,0.6031132518487532
BPIC15_4,duration,ap,137,0.657472837811198
BPIC15_4,duration,ap,138,0.4777792627562567
BPIC15_4,duration,ap,139,0.7543294198617727
BPIC15_4,duration,ap,140,0.48984606657160046
BPIC15_4,duration,ap,141,0.5029092167208786
BPIC15_4,duration,ap,142,0.9729281552193096
BPIC15_4,duration,ap,143,0.44712554148345873
BPIC15_4,duration,ap,144,0.9734155921682118
BPIC15_4,duration,ap,145,0.620613786404852
BPIC15_4,duration,ap,146,0.5043116255573619
BPIC15_4,duration,ap,147,0.19237717583241432
BPIC15_4,duration,ap,148,0.6828556423990009
BPIC15_4,duration,ap,149,0.3271367407069693
BPIC15_4,duration,auc,0,0.5769578774687443
BPIC15_4,duration,auc,1,0.44093798735751055
BPIC15_4,duration,auc,2,0.3789001623464021
BPIC15_4,duration,auc,3,0.7281038706481104
BPIC15_4,duration,auc,4,0.7290476167696139
BPIC15_4,duration,auc,5,0.8670539619892632
BPIC15_4,duration,auc,6,0.5105071970998928
BPIC15_4,duration,auc,7,0.7851076904522631
BPIC15_4,duration,auc,8,0.6074758284611276
BPIC15_4,duration,auc,9,0.4074873089732217
BPIC15_4,duration,auc,10,0.5374467660422219
BPIC15_4,duration,auc,11,0.7892482988724723
BPIC15_4,duration,auc,12,0.7237336687772559
BPIC15_4,duration,auc,13,0.5922928952362343
BPIC15_4,duration,auc,14,0.4632997485139585
BPIC15_4,duration,auc,15,0.629393663872976
BPIC15_4,duration,auc,16,0.7502272658190263
BPIC15_4,duration,auc,17,0.6247994688688439
BPIC15_4,duration,auc,18,0.5762308182082563
BPIC15_4,duration,auc,19,0.703702738853938
BPIC15_4,duration,auc,20,0.5035688653232924
BPIC15_4,duration,auc,21,0.563930629465669
BPIC15_4,duration,auc,22,0.4252101355621378
BPIC15_4,duration,auc,23,0.7153712033433075
BPIC15_4,duration,auc,24,0.46786878307637925
BPIC15_4,duration,auc,25,0.3403067437203531
BPIC15_4,duration,auc,26,0.3997756706550649
BPIC15_4,duration,auc,27,0.5324126481819894
BPIC15_4,duration,auc,28,0.609968481454783
BPIC15_4,duration,auc,29,0.7940733211961266
BPIC15_4,duration,auc,30,0.6400635515029115
BPIC15_4,duration,auc,31,0.5197387506475872
BPIC15_4,duration,auc,32,0.5802684441196942
BPIC15_4,duration,auc,33,0.5624524768501393
BPIC15_4,duration,auc,34,0.3094522607655831
BPIC15_4,duration,auc,35,0.4053451282857711
BPIC15_4,duration,auc,36,0.638617138729522
BPIC15_4,duration,auc,37,0.7037687839653695
BPIC15_4,duration,auc,38,0.44550805987875675
BPIC15_4,duration,auc,39,0.6041862587771613
BPIC15_4,duration,auc,40,0.7681215263054381
BPIC15_4,duration,auc,41,0.7419869418721362
BPIC15_4,duration,auc,42,0.6499835259119162
BPIC15_4,duration,auc,43,0.6945045998214125
BPIC15_4,duration,auc,44,0.4154679890628079
BPIC15_4,duration,auc,45,0.8428914802055937
BPIC15_4,duration,auc,46,0.46941360720096903
BPIC15_4,duration,auc,47,0.485947822715702
BPIC15_4,duration,auc,48,0.781732195350705
BPIC15_4,duration,auc,49,0.5715344150294016
BPIC15_4,duration,auc,50,0.2842237871070359
BPIC15_4,duration,auc,51,0.4232937654077976
BPIC15_4,duration,auc,52,0.9181838158009011
BPIC15_4,duration,auc,53,0.458539244675892
BPIC15_4,duration,auc,54,0.6770799860690653
BPIC15_4,duration,auc,55,0.9229257438094903
BPIC15_4,duration,auc,56,0.49339437690651233
BPIC15_4,duration,auc,57,0.5573924858765338
BPIC15_4,duration,auc,58,0.6165022794953978
BPIC15_4,duration,auc,59,0.6096920896172485
BPIC15_4,duration,auc,60,0.6246223926582354
BPIC15_4,duration,auc,61,0.7598664066004011
BPIC15_4,duration,auc,62,0.6047626502514251
BPIC15_4,duration,auc,63,0.4790129027154554
BPIC15_4,duration,auc,64,0.6691921064111204
BPIC15_4,duration,auc,65,0.6968090148244591
BPIC15_4,duration,auc,66,0.5225810843355121
BPIC15_4,duration,auc,67,0.517134822266797
BPIC15_4,duration,auc,68,0.6490983586720622
BPIC15_4,duration,auc,69,0.6410531970841983
BPIC15_4,duration,auc,70,0.5083832596293978
BPIC15_4,duration,auc,71,0.7311415926697782
BPIC15_4,duration,auc,72,0.4015037899734807
BPIC15_4,duration,auc,73,0.5442904751950746
BPIC15_4,duration,auc,74,0.883008569439999
BPIC15_4,duration,auc,75,0.8625386197898645
BPIC15_4,duration,auc,76,0.5049963472925045
BPIC15_4,duration,auc,77,0.8372143013762646
BPIC15_4,duration,auc,78,0.5803978062175079
BPIC15_4,duration,auc,79,0.5332894517241435
BPIC15_4,duration,auc,80,0.5617824132649589
BPIC15_4,duration,auc,81,0.520480273430163
BPIC15_4,duration,auc,82,0.8400539051127812
BPIC15_4,duration,auc,83,0.45428598979260904
BPIC15_4,duration,auc,84,0.6167508205681302
BPIC15_4,duration,auc,85,0.5376363397026641
BPIC15_4,duration,auc,86,0.6651810851269624
BPIC15_4,duration,auc,87,0.49603355468605237
BPIC15_4,duration,auc,88,0.5402271380216472
BPIC15_4,duration,auc,89,0.43831378194201565
BPIC15_4,duration,auc,90,0.6492363092916593
BPIC15_4,duration,auc,91,0.5578217656151864
BPIC15_4,duration,auc,92,0.5847617014427389
BPIC15_4,duration,auc,93,0.6332358854873468
BPIC15_4,duration,auc,94,0.4445715999681856
BPIC15_4,duration,auc,95,0.5241242297486272
BPIC15_4,duration,auc,96,0.654573696154027
BPIC15_4,duration,auc,97,0.5050331599302929
BPIC15_4,duration,auc,98,0.3440975187583739
BPIC15_4,duration,auc,99,0.681065845200716
BPIC15_4,duration,auc,100,0.4220167081437709
BPIC15_4,duration,auc,101,0.436787372804742
BPIC15_4,duration,auc,102,0.6804764043594248
BPIC15_4,duration,auc,103,0.6578765684239095
BPIC15_4,duration,auc,104,0.5227341160486723
BPIC15_4,duration,auc,105,0.4143190788078265
BPIC15_4,duration,auc,106,0.8786252216907466
BPIC15_4,duration,auc,107,0.5921674560978205
BPIC15_4,duration,auc,108,0.468498708003526
BPIC15_4,duration,auc,109,0.6332080350421199
BPIC15_4,duration,auc,110,0.3619270935704071
BPIC15_4,duration,auc,111,0.5710994981096704
BPIC15_4,duration,auc,112,0.5287726711157934
BPIC15_4,duration,auc,113,0.8808499296220622
BPIC15_4,duration,auc,114,0.40500255361770665
BPIC15_4,duration,auc,115,0.41533741232069266
BPIC15_4,duration,auc,116,0.8073084498159494
BPIC15_4,duration,auc,117,0.8404463126470492
BPIC15_4,duration,auc,118,0.7594224056840573
BPIC15_4,duration,auc,119,0.6554611943347978
BPIC15_4,duration,auc,120,0.2639686647479986
BPIC15_4,duration,auc,121,0.2503501831103271
BPIC15_4,duration,auc,122,0.5435697326413278
BPIC15_4,duration,auc,123,0.7916710489281694
BPIC15_4,duration,auc,124,0.4238815502433593
BPIC15_4,duration,auc,125,0.624753312838537
BPIC15_4,duration,auc,126,0.41322925230171004
BPIC15_4,duration,auc,127,0.5169431629212198
BPIC15_4,duration,auc,128,0.6563292088465287
BPIC15_4,duration,auc,129,0.708392914665224
BPIC15_4,duration,auc,130,0.5583008165052357
BPIC15_4,duration,auc,131,0.3023813193457048
BPIC15_4,duration,auc,132,0.4104394776899787
BPIC15_4,duration,auc,133,0.7469743596521286
BPIC15_4,duration,auc,134,0.8147311026864672
BPIC15_4,duration,auc,135,0.2915613449060337
BPIC15_4,duration,auc,136,0.613313485077208
BPIC15_4,duration,auc,137,0.6645936395960828
BPIC15_4,duration,auc,138,0.5576971025415423
BPIC15_4,duration,auc,139,0.9133581404177223
BPIC15_4,duration,auc,140,0.5037579377004272
BPIC15_4,duration,auc,141,0.5540309712066214
BPIC15_4,duration,auc,142,0.6340959115265691
BPIC15_4,duration,auc,143,0.5500579939604261
BPIC15_4,duration,auc,144,0.5296718765032419
BPIC15_4,duration,auc,145,0.8103844840808813
BPIC15_4,duration,auc,146,0.6321536913285027
BPIC15_4,duration,auc,147,0.46118628328620637
BPIC15_4,duration,auc,148,0.8183145252585563
BPIC15_4,duration,auc,149,0.5543511409352498
BPIC15_4,duration,brier_skill,0,0.3975690495257096
BPIC15_4,duration,brier_skill,1,0.47045957303565666
BPIC15_4,duration,brier_skill,2,0.5946656398852028
BPIC15_4,duration,brier_skill,3,0.7247980974122271
BPIC15_4,duration,brier_skill,4,0.34551668786100187
BPIC15_4,duration,brier_skill,5,0.7475121417444524
BPIC15_4,duration,brier_skill,6,0.5901993492781964
BPIC15_4,duration,brier_skill,7,0.6878426440368426
BPIC15_4,duration,brier_skill,8,0.6413281661085741
BPIC15_4,duration,brier_skill,9,0.5375259830838921
BPIC15_4,duration,brier_skill,10,0.4894355155658835
BPIC15_4,duration,brier_skill,11,0.7019438122907709
BPIC15_4,duration,brier_skill,12,0.9403884604144314
BPIC15_4,duration,brier_skill,13,0.2630534462364662
BPIC15_4,duration,brier_skill,14,0.44119356159630463
BPIC15_4,duration,brier_skill,15,0.2394105517404792
BPIC15_4,duration,brier_skill,16,0.5149680033030098
BPIC15_4,duration,brier_skill,17,0.7772502893985692
BPIC15_4,duration,brier_skill,18,0.4766538725943792
BPIC15_4,duration,brier_skill,19,0.7874378242818141
BPIC15_4,duration,brier_skill,20,0.4921848083437461
BPIC15_4,duration,brier_skill,21,0.498458064216887
BPIC15_4,duration,brier_skill,22,0.4185715014560545
BPIC15_4,duration,brier_skill,23,0.7109694950500332
BPIC15_4,duration,brier_skill,24,0.43472192315924885
BPIC15_4,duration,brier_skill,25,0.7733406615075893
BPIC15_4,duration,brier_skill,26,0.4370613790348712
BPIC15_4,duration,brier_skill,27,0.6944602099313724
BPIC15_4,duration,brier_skill,28,0.5898435267301269
BPIC15_4,duration,brier_skill,29,0.8924602072017014
BPIC15_4,duration,brier_skill,30,0.413024354422067
BPIC15_4,duration,brier_skill,31,0.7210611764496356
BPIC15_4,duration,brier_skill,32,0.40646017857668193
BPIC15_4,duration,brier_skill,33,0.510803072269196
BPIC15_4,duration,brier_skill,34,0.40337207572270406
BPIC15_4,duration,brier_skill,35,0.5245676378253803
BPIC15_4,duration,brier_skill,36,0.3609230684851821
BPIC15_4,duration,brier_skill,37,0.7054490966852958
BPIC15_4,duration,brier_skill,38,0.4040622888519131
BPIC15_4,duration,brier_skill,39,0.6691050670032951
BPIC15_4,duration,brier_skill,40,0.7264189960163275
BPIC15_4,duration,brier_skill,41,0.4528837774979063
BPIC15_4,duration,brier_skill,42,0.7128182731322446
BPIC15_4,duration,brier_skill,43,0.7956777857072403
BPIC15_4,duration,brier_skill,44,0.40506525859805376
BPIC15_4,duration,brier_skill,45,0.84878902860399
BPIC15_4,duration,brier_skill,46,0.6375350574738123
BPIC15_4,duration,brier_skill,47,0.49974541474519407
BPIC15_4,duration,brier_skill,48,0.5346420371792286
BPIC15_4,duration,brier_skill,49,0.43463273722431384
BPIC15_4,duration,brier_skill,50,0.6695352836587032
BPIC15_4,duration,brier_skill,51,0.47252562187003155
BPIC15_4,duration,brier_skill,52,0.4102026557173668
BPIC15_4,duration,brier_skill,53,0.5341373236919926
BPIC15_4,duration,brier_skill,54,0.5316833122090072
BPIC15_4,duration,brier_skill,55,0.5642913349278542
BPIC15_4,duration,brier_skill,56,0.6638234749177688
BPIC15_4,duration,brier_skill,57,0.5343503853409005
BPIC15_4,duration,brier_skill,58,0.8827326242187559
BPIC15_4,duration,brier_skill,59,0.8760555565065838
BPIC15_4,duration,brier_skill,60,0.5820514960268692
BPIC15_4,duration,brier_skill,61,0.78539845339263
BPIC15_4,duration,brier_skill,62,0.5052400277843467
BPIC15_4,duration,brier_skill,63,0.3469420708891521
BPIC15_4,duration,brier_skill,64,0.6588815144904344
BPIC15_4,duration,brier_skill,65,0.7567873744501188
BPIC15_4,duration,brier_skill,66,0.6140672002541712
BPIC15_4,duration,brier_skill,67,0.3261043837608353
BPIC15_4,duration,brier_skill,68,0.5364887398209975
BPIC15_4,duration,brier_skill,69,0.7008057171841897
BPIC15_4,duration,brier_skill,70,0.6458503525429868
BPIC15_4,duration,brier_skill,71,0.44291015179404947
BPIC15_4,duration,brier_skill,72,0.7567103773405599
BPIC15_4,duration,brier_skill,73,0.5349825178686418
BPIC15_4,duration,brier_skill,74,0.3716265860648257
BPIC15_4,duration,brier_skill,75,0.48554254353370385
BPIC15_4,duration,brier_skill,76,0.6949125157679668
BPIC15_4,duration,brier_skill,77,0.6646244961178522
BPIC15_4,duration,brier_skill,78,0.6452941764300921
BPIC15_4,duration,brier_skill,79,0.7956946252419239
BPIC15_4,duration,brier_skill,80,0.4964302848647758
BPIC15_4,duration,brier_skill,81,0.44794275170744
BPIC15_4,duration,brier_skill,82,0.6012388119086594
BPIC15_4,duration,brier_skill,83,0.17251077689362038
BPIC15_4,duration,brier_skill,84,0.2552833486206776
BPIC15_4,duration,brier_skill,85,0.4155033884753623
BPIC15_4,duration,brier_skill,86,0.7845547644677462
BPIC15_4,duration,brier_skill,87,0.5933056115749471
BPIC15_4,duration,brier_skill,88,0.42604394719559724
BPIC15_4,duration,brier_skill,89,0.4004542639731238
BPIC15_4,duration,brier_skill,90,0.5249978606243932
BPIC15_4,duration,brier_skill,91,0.3615054833393644
BPIC15_4,duration,brier_skill,92,0.3447173891491847
BPIC15_4,duration,brier_skill,93,0.7149298746398712
BPIC15_4,duration,brier_skill,94,0.7172920881049194
BPIC15_4,duration,brier_skill,95,0.9015475050502095
BPIC15_4,duration,brier_skill,96,0.6372020682081472
BPIC15_4,duration,brier_skill,97,0.6185576358603964
BPIC15_4,duration,brier_skill,98,0.6233678888125864
BPIC15_4,duration,brier_skill,99,0.45351623154084597
BPIC15_4,duration,brier_skill,100,0.7282559144462083
BPIC15_4,duration,brier_skill,101,0.6892225239444354
BPIC15_4,duration,brier_skill,102,0.5516894156059089
BPIC15_4,duration,brier_skill,103,0.43593896725983006
BPIC15_4,duration,brier_skill,104,0.6335671037341148
BPIC15_4,duration,brier_skill,105,0.2809043395059234
BPIC15_4,duration,brier_skill,106,0.8328983587087767
BPIC15_4,duration,brier_skill,107,0.62133649659308
BPIC15_4,duration,brier_skill,108,0.564312386742943
BPIC15_4,duration,brier_skill,109,0.40865450386044855
BPIC15_4,duration,brier_skill,110,0.7675059931300507
BPIC15_4,duration,brier_skill,111,0.4397997791307239
BPIC15_4,duration,brier_skill,112,0.32813583983828665
BPIC15_4,duration,brier_skill,113,0.5482090906004162
BPIC15_4,duration,brier_skill,114,0.5998263735788876
BPIC15_4,duration,brier_skill,115,0.4120887981853735
BPIC15_4,duration,brier_skill,116,0.6924957130888472
BPIC15_4,duration,brier_skill,117,0.6098058895922859
BPIC15_4,duration,brier_skill,118,0.7046153987432513
BPIC15_4,duration,brier_skill,119,0.649694255371092
BPIC15_4,duration,brier_skill,120,0.5195839424066484
BPIC15_4,duration,brier_skill,121,0.6457561931838656
BPIC15_4,duration,brier_skill,122,0.5375496809484042
BPIC15_4,duration,brier_skill,123,0.36893490950895036
BPIC15_4,duration,brier_skill,124,0.6930473237782404
BPIC15_4,duration,brier_skill,125,0.5295599764941035
BPIC15_4,duration,brier_skill,126,0.4439185988274964
BPIC15_4,duration,brier_skill,127,0.7469959566094158
BPIC15_4,duration,brier_skill,128,0.6956523335713372
BPIC15_4,duration,brier_skill,129,0.5707997245268583
BPIC15_4,duration,brier_skill,130,0.5515284321374515
BPIC15_4,duration,brier_skill,131,0.6028812609700456
BPIC15_4,duration,brier_skill,132,0.8318983668405706
BPIC15_4,duration,brier_skill,133,0.8181472688965897
BPIC15_4,duration,brier_skill,134,0.43913896848789236
BPIC15_4,duration,brier_skill,135,0.3119385769476237
BPIC15_4,duration,brier_skill,136,0.3777474219408503
BPIC15_4,duration,brier_skill,137,0.6579633623637342
BPIC15_4,duration,brier_skill,138,0.5674565277800393
BPIC15_4,duration,brier_skill,139,0.5814004436845046
BPIC15_4,duration,brier_skill,140,0.5253159482866105
BPIC15_4,duration,brier_skill,141,0.5944448500136638
BPIC15_4,duration,brier_skill,142,0.56826301359218
BPIC15_4,duration,brier_skill,143,0.7234799225860493
BPIC15_4,duration,brier_skill,144,0.6364877154568985
BPIC15_4,duration,brier_skill,145,0.49026160726238155
BPIC15_4,duration,brier_skill,146,0.604269645345687
BPIC15_4,duration,brier_skill,147,0.26474210619195226
BPIC15_4,duration,brier_skill,148,0.48904776809932127
BPIC15_4,duration,brier_skill,149,0.8567547958432609
BPIC15_4,duration,logloss_skill,0,0.3199278490510157
BPIC15_4,duration,logloss_skill,1,0.4802647569081002
BPIC15_4,duration,logloss_skill,2,0.6744816645954008
BPIC15_4,duration,logloss_skill,3,0.6476400260007049
BPIC15_4,duration,logloss_skill,4,0.3342131781058123
BPIC15_4,duration,logloss_skill,5,0.5785709008290211
BPIC15_4,duration,logloss_skill,6,0.5364307498114773
BPIC15_4,duration,logloss_skill,7,0.6500551675992131
BPIC15_4,duration,logloss_skill,8,0.6292837886188806
BPIC15_4,duration,logloss_skill,9,0.43075773120982663
BPIC15_4,duration,logloss_skill,10,0.5648373866517173
BPIC15_4,duration,logloss_skill,11,0.7232799489701787
BPIC15_4,duration,logloss_skill,12,0.6925495652988193
BPIC15_4,duration,logloss_skill,13,0.23853086156042402
BPIC15_4,duration,logloss_skill,14,0.44457236001414346
BPIC15_4,duration,logloss_skill,15,0.23075576215272742
BPIC15_4,duration,logloss_skill,16,0.4058193747603507
BPIC15_4,duration,logloss_skill,17,0.7489750287866088
BPIC15_4,duration,logloss_skill,18,0.4475959940367523
BPIC15_4,duration,logloss_skill,19,0.7845785458103762
BPIC15_4,duration,logloss_skill,20,0.4509472467484752
BPIC15_4,duration,logloss_skill,21,0.43723018451738893
BPIC15_4,duration,logloss_skill,22,0.48843820221783085
BPIC15_4,duration,logloss_skill,23,0.6130266241906399
BPIC15_4,duration,logloss_skill,24,0.506963160227966
BPIC15_4,duration,logloss_skill,25,0.6119750197930982
BPIC15_4,duration,logloss_skill,26,0.714235251821157
BPIC15_4,duration,logloss_skill,27,0.7394657311654944
BPIC15_4,duration,logloss_skill,28,0.7215493696795865
BPIC15_4,duration,logloss_skill,29,0.8790791027385211
BPIC15_4,duration,logloss_skill,30,0.4843490615345578
BPIC15_4,duration,logloss_skill,31,0.830023706581256
BPIC15_4,duration,logloss_skill,32,0.49567797238589484
BPIC15_4,duration,logloss_skill,33,0.45234284871578945
BPIC15_4,duration,logloss_skill,34,0.5140247149273729
BPIC15_4,duration,logloss_skill,35,0.5901728017266974
BPIC15_4,duration,logloss_skill,36,0.3936411252074512
BPIC15_4,duration,logloss_skill,37,0.5406943804095419
BPIC15_4,duration,logloss_skill,38,0.35989241454591325
BPIC15_4,duration,logloss_skill,39,0.7339659853076077
BPIC15_4,duration,logloss_skill,40,0.782799299614619
BPIC15_4,duration,logloss_skill,41,0.5327866583596974
BPIC15_4,duration,logloss_skill,42,0.6954976803615314
BPIC15_4,duration,logloss_skill,43,0.6203771425530618
BPIC15_4,duration,logloss_skill,44,0.5662455158401649
BPIC15_4,duration,logloss_skill,45,0.8643024228118722
BPIC15_4,duration,logloss_skill,46,0.6717126885223781
BPIC15_4,duration,logloss_skill,47,0.5325551224328662
BPIC15_4,duration,logloss_skill,48,0.5925000540366219
BPIC15_4,duration,logloss_skill,49,0.5319225060895092
BPIC15_4,duration,logloss_skill,50,0.5325839961948546
BPIC15_4,duration,logloss_skill,51,0.46424180884980304
BPIC15_4,duration,logloss_skill,52,0.4764084597098547
BPIC15_4,duration,logloss_skill,53,0.5770328574213824
BPIC15_4,duration,logloss_skill,54,0.5554942483756264
BPIC15_4,duration,logloss_skill,55,0.4459772516855153
BPIC15_4,duration,logloss_skill,56,0.7518572216121475
BPIC15_4,duration,logloss_skill,57,0.6305659442053082
BPIC15_4,duration,logloss_skill,58,0.7910021083142117
BPIC15_4,duration,logloss_skill,59,0.8218044791269786
BPIC15_4,duration,logloss_skill,60,0.5721613570186213
BPIC15_4,duration,logloss_skill,61,0.7078890272059946
BPIC15_4,duration,logloss_skill,62,0.5511830346711065
BPIC15_4,duration,logloss_skill,63,0.2763513652754962
BPIC15_4,duration,logloss_skill,64,0.702599085159805
BPIC15_4,duration,logloss_skill,65,0.8719034967179472
BPIC15_4,duration,logloss_skill,66,0.5919971869017295
BPIC15_4,duration,logloss_skill,67,0.5869826903829908
BPIC15_4,duration,logloss_skill,68,0.5248457286836707
BPIC15_4,duration,logloss_skill,69,0.7078470562769335
BPIC15_4,duration,logloss_skill,70,0.583868761303328
BPIC15_4,duration,logloss_skill,71,0.4910925984448249
BPIC15_4,duration,logloss_skill,72,0.7988877887038484
BPIC15_4,duration,logloss_skill,73,0.5808959917042265
BPIC15_4,duration,logloss_skill,74,0.38858014326955226
BPIC15_4,duration,logloss_skill,75,0.4064672408362683
BPIC15_4,duration,logloss_skill,76,0.6442341839541743
BPIC15_4,duration,logloss_skill,77,0.6827584676515409
BPIC15_4,duration,logloss_skill,78,0.5770292904434156
BPIC15_4,duration,logloss_skill,79,0.6693305256154118
BPIC15_4,duration,logloss_skill,80,0.407787329997922
BPIC15_4,duration,logloss_skill,81,0.5410729804611818
BPIC15_4,duration,logloss_skill,82,0.6310867157355043
BPIC15_4,duration,logloss_skill,83,0.06058370704916005
BPIC15_4,duration,logloss_skill,84,0.4189421114681894
BPIC15_4,duration,logloss_skill,85,0.6237558496726101
BPIC15_4,duration,logloss_skill,86,0.6943620628195248
BPIC15_4,duration,logloss_skill,87,0.6070319651038381
BPIC15_4,duration,logloss_skill,88,0.5759502788818769
BPIC15_4,duration,logloss_skill,89,0.5317538941904375
BPIC15_4,duration,logloss_skill,90,0.5427690011201757
BPIC15_4,duration,logloss_skill,91,0.40653210250437133
BPIC15_4,duration,logloss_skill,92,0.3817751465998558
BPIC15_4,duration,logloss_skill,93,0.7151325593558728
BPIC15_4,duration,logloss_skill,94,0.5582376038626992
BPIC15_4,duration,logloss_skill,95,0.7401113580723571
BPIC15_4,duration,logloss_skill,96,0.5344309308421414
BPIC15_4,duration,logloss_skill,97,0.6574213648792133
BPIC15_4,duration,logloss_skill,98,0.5629492396685645
BPIC15_4,duration,logloss_skill,99,0.38895890049423365
BPIC15_4,duration,logloss_skill,100,0.7706678773398891
BPIC15_4,duration,logloss_skill,101,0.5939376615675167
BPIC15_4,duration,logloss_skill,102,0.675699784225217
BPIC15_4,duration,logloss_skill,103,0.44845869651401715
BPIC15_4,duration,logloss_skill,104,0.6026732735807558
BPIC15_4,duration,logloss_skill,105,0.4140233393310593
BPIC15_4,duration,logloss_skill,106,0.7665344761902552
BPIC15_4,duration,logloss_skill,107,0.6105853555570607
BPIC15_4,duration,logloss_skill,108,0.5356381342675618
BPIC15_4,duration,logloss_skill,109,0.4483975903578157
BPIC15_4,duration,logloss_skill,110,0.7425828793537893
BPIC15_4,duration,logloss_skill,111,0.4792258637384772
BPIC15_4,duration,logloss_skill,112,0.36531884317528474
BPIC15_4,duration,logloss_skill,113,0.40641292568921306
BPIC15_4,duration,logloss_skill,114,0.49079562024388945
BPIC15_4,duration,logloss_skill,115,0.42669441154896126
BPIC15_4,duration,logloss_skill,116,0.6609007863076641
BPIC15_4,duration,logloss_skill,117,0.6456537525761283
BPIC15_4,duration,logloss_skill,118,0.5072946989922275
BPIC15_4,duration,logloss_skill,119,0.5474914365907524
BPIC15_4,duration,logloss_skill,120,0.4797607947330613
BPIC15_4,duration,logloss_skill,121,0.49565615186870915
BPIC15_4,duration,logloss_skill,122,0.6285543982086569
BPIC15_4,duration,logloss_skill,123,0.3461798401808761
BPIC15_4,duration,logloss_skill,124,0.659091385930112
BPIC15_4,duration,logloss_skill,125,0.4870555658923711
BPIC15_4,duration,logloss_skill,126,0.4686660316019009
BPIC15_4,duration,logloss_skill,127,0.80153487829119
BPIC15_4,duration,logloss_skill,128,0.5247134554145446
BPIC15_4,duration,logloss_skill,129,0.5005566273340124
BPIC15_4,duration,logloss_skill,130,0.42686184054290943
BPIC15_4,duration,logloss_skill,131,0.6322619853252857
BPIC15_4,duration,logloss_skill,132,0.756266834526416
BPIC15_4,duration,logloss_skill,133,0.6230809726294335
BPIC15_4,duration,logloss_skill,134,0.43820897762702127
BPIC15_4,duration,logloss_skill,135,0.29427089957717545
BPIC15_4,duration,logloss_skill,136,0.3638358073327729
BPIC15_4,duration,logloss_skill,137,0.4702290051999316
BPIC15_4,duration,logloss_skill,138,0.5399138501259307
BPIC15_4,duration,logloss_skill,139,0.5282949139281572
BPIC15_4,duration,logloss_skill,140,0.49493827385408506
BPIC15_4,duration,logloss_skill,141,0.6898744211185939
BPIC15_4,duration,logloss_skill,142,0.5322534469484761
BPIC15_4,duration,logloss_skill,143,0.6680013431556868
BPIC15_4,duration,logloss_skill,144,0.6112791948490989
BPIC15_4,duration,logloss_skill,145,0.7532293880148885
BPIC15_4,duration,logloss_skill,146,0.15770184516506702
BPIC15_4,duration,logloss_skill,147,0.14952531561554772
BPIC15_4,duration,logloss_skill,148,0.4276862702915597
BPIC15_4,duration,logloss_skill,149,0.73181846442701
BPIC15_4,duration,nagelkerke,0,0.46212357754317024
BPIC15_4,duration,nagelkerke,1,0.5933564453166982
BPIC15_4,duration,nagelkerke,2,0.7419953384527717
BPIC15_4,duration,nagelkerke,3,0.5540753893825554
BPIC15_4,duration,nagelkerke,4,0.3092344909497857
BPIC15_4,duration,nagelkerke,5,0.6660574996990201
BPIC15_4,duration,nagelkerke,6,0.5853863031540081
BPIC15_4,duration,nagelkerke,7,0.7032722386041599
BPIC15_4,duration,nagelkerke,8,0.6866028013654178
BPIC15_4,duration,nagelkerke,9,0.4718088609945721
BPIC15_4,duration,nagelkerke,10,0.48046293891144665
BPIC15_4,duration,nagelkerke,11,0.6990002540249582
BPIC15_4,duration,nagelkerke,12,0.5626241243845965
BPIC15_4,duration,nagelkerke,13,0.3750480251162902
BPIC15_4,duration,nagelkerke,14,0.48603845041576754
BPIC15_4,duration,nagelkerke,15,0.3751105938382405
BPIC15_4,duration,nagelkerke,16,0.583373379205909
BPIC15_4,duration,nagelkerke,17,0.6168758609166147
BPIC15_4,duration,nagelkerke,18,0.5849272939568864
BPIC15_4,duration,nagelkerke,19,0.877680839887626
BPIC15_4,duration,nagelkerke,20,0.6756380810856943
BPIC15_4,duration,nagelkerke,21,0.46219579410591305
BPIC15_4,duration,nagelkerke,22,0.5443206995788992
BPIC15_4,duration,nagelkerke,23,0.7778686050654864
BPIC15_4,duration,nagelkerke,24,0.6393265903122978
BPIC15_4,duration,nagelkerke,25,0.5622441374448521
BPIC15_4,duration,nagelkerke,26,0.7642212737690421
BPIC15_4,duration,nagelkerke,27,0.738654079747149
BPIC15_4,duration,nagelkerke,28,0.6301139447310171
BPIC15_4,duration,nagelkerke,29,0.7887896429146087
BPIC15_4,duration,nagelkerke,30,0.7287626697106107
BPIC15_4,duration,nagelkerke,31,0.8429214130706069
BPIC15_4,duration,nagelkerke,32,0.7660817406461182
BPIC15_4,duration,nagelkerke,33,0.47468158135659766
BPIC15_4,duration,nagelkerke,34,0.5902031039940578
BPIC15_4,duration,nagelkerke,35,0.5928094306920275
BPIC15_4,duration,nagelkerke,36,0.4238097419516367
BPIC15_4,duration,nagelkerke,37,0.5515003786317471
BPIC15_4,duration,nagelkerke,38,0.47730458991951563
BPIC15_4,duration,nagelkerke,39,0.7247827683554215
BPIC15_4,duration,nagelkerke,40,0.7712042260505401
BPIC15_4,duration,nagelkerke,41,0.6185228449338147
BPIC15_4,duration,nagelkerke,42,0.5722653169697801
BPIC15_4,duration,nagelkerke,43,0.5089506280417326
BPIC15_4,duration,nagelkerke,44,0.8027819001997525
BPIC15_4,duration,nagelkerke,45,0.8726583373979612
BPIC15_4,duration,nagelkerke,46,0.6871724769780052
BPIC15_4,duration,nagelkerke,47,0.4992018256022961
BPIC15_4,duration,nagelkerke,48,0.7155213149277253
BPIC15_4,duration,nagelkerke,49,0.6721435185130327
BPIC15_4,duration,nagelkerke,50,0.6516131413380282
BPIC15_4,duration,nagelkerke,51,0.5165498314503394
BPIC15_4,duration,nagelkerke,52,0.5194200846522739
BPIC15_4,duration,nagelkerke,53,0.6073040707652421
BPIC15_4,duration,nagelkerke,54,0.4384664095311084
BPIC15_4,duration,nagelkerke,55,0.4246927235615967
BPIC15_4,duration,nagelkerke,56,0.7353913102817036
BPIC15_4,duration,nagelkerke,57,0.6902102124196772
BPIC15_4,duration,nagelkerke,58,0.6215985029458103
BPIC15_4,duration,nagelkerke,59,0.7077286184452782
BPIC15_4,duration,nagelkerke,60,0.5824607592141071
BPIC15_4,duration,nagelkerke,61,0.5555239802944748
BPIC15_4,duration,nagelkerke,62,0.7302457115205794
BPIC15_4,duration,nagelkerke,63,0.47188560628255904
BPIC15_4,duration,nagelkerke,64,0.7654032727676181
BPIC15_4,duration,nagelkerke,65,0.8395319384391273
BPIC15_4,duration,nagelkerke,66,0.7138942277553209
BPIC15_4,duration,nagelkerke,67,0.7330034428118717
BPIC15_4,duration,nagelkerke,68,0.5072232935754123
BPIC15_4,duration,nagelkerke,69,0.6233173608621401
BPIC15_4,duration,nagelkerke,70,0.7149207363769847
BPIC15_4,duration,nagelkerke,71,0.5223532553564737
BPIC15_4,duration,nagelkerke,72,0.7529442729270991
BPIC15_4,duration,nagelkerke,73,0.6611706555997128
BPIC15_4,duration,nagelkerke,74,0.41878612482364974
BPIC15_4,duration,nagelkerke,75,0.5151708728642097
BPIC15_4,duration,nagelkerke,76,0.6680727252998714
BPIC15_4,duration,nagelkerke,77,0.7032647785444319
BPIC15_4,duration,nagelkerke,78,0.6127374896825215
BPIC15_4,duration,nagelkerke,79,0.7226962747713541
BPIC15_4,duration,nagelkerke,80,0.42214060991844105
BPIC15_4,duration,nagelkerke,81,0.70980170035409
BPIC15_4,duration,nagelkerke,82,0.6198671643078008
BPIC15_4,duration,nagelkerke,83,0.18978852448895656
BPIC15_4,duration,nagelkerke,84,0.6492946577285681
BPIC15_4,duration,nagelkerke,85,0.7524804371282211
BPIC15_4,duration,nagelkerke,86,0.6203365380826749
BPIC15_4,duration,nagelkerke,87,0.6458778552537325
BPIC15_4,duration,nagelkerke,88,0.6720327091644018
BPIC15_4,duration,nagelkerke,89,0.6090619586197841
BPIC15_4,duration,nagelkerke,90,0.7821814214135139
BPIC15_4,duration,nagelkerke,91,0.668460508632547
BPIC15_4,duration,nagelkerke,92,0.5953492525346199
BPIC15_4,duration,nagelkerke,93,0.6622923118866352
BPIC15_4,duration,nagelkerke,94,0.6218330166329673
BPIC15_4,duration,nagelkerke,95,0.5862133337604223
BPIC15_4,duration,nagelkerke,96,0.5123172086213879
BPIC15_4,duration,nagelkerke,97,0.7114371025553202
BPIC15_4,duration,nagelkerke,98,0.6108114678291263
BPIC15_4,duration,nagelkerke,99,0.4750303012120678
BPIC15_4,duration,nagelkerke,100,0.6206681900813434
BPIC15_4,duration,nagelkerke,101,0.5052206187798017
BPIC15_4,duration,nagelkerke,102,0.7901142257596683
BPIC15_4,duration,nagelkerke,103,0.507471802467327
BPIC15_4,duration,nagelkerke,104,0.5687524742025962
BPIC15_4,duration,nagelkerke,105,0.6954593749888476
BPIC15_4,duration,nagelkerke,106,0.7008172649069856
BPIC15_4,duration,nagelkerke,107,0.5621622474679162
BPIC15_4,duration,nagelkerke,108,0.48377803531720454
BPIC15_4,duration,nagelkerke,109,0.4406888621638596
BPIC15_4,duration,nagelkerke,110,0.7489825608697213
BPIC15_4,duration,nagelkerke,111,0.4371977631008429
BPIC15_4,duration,nagelkerke,112,0.5519034361217645
BPIC15_4,duration,nagelkerke,113,0.2725012164995385
BPIC15_4,duration,nagelkerke,114,0.4536815966863045
BPIC15_4,duration,nagelkerke,115,0.492358446794368
BPIC15_4,duration,nagelkerke,116,0.5411996249562456
BPIC15_4,duration,nagelkerke,117,0.6367111786559396
BPIC15_4,duration,nagelkerke,118,0.5255055071086051
BPIC15_4,duration,nagelkerke,119,0.5153531233572866
BPIC15_4,duration,nagelkerke,120,0.4729721388124557
BPIC15_4,duration,nagelkerke,121,0.5994965385917179
BPIC15_4,duration,nagelkerke,122,0.6828731846565284
BPIC15_4,duration,nagelkerke,123,0.48594926700845675
BPIC15_4,duration,nagelkerke,124,0.6416029868102652
BPIC15_4,duration,nagelkerke,125,0.4174308476634079
BPIC15_4,duration,nagelkerke,126,0.38039909262335503
BPIC15_4,duration,nagelkerke,127,0.7708799580165129
BPIC15_4,duration,nagelkerke,128,0.6956792185440399
BPIC15_4,duration,nagelkerke,129,0.49948219512758296
BPIC15_4,duration,nagelkerke,130,0.47743048784784325
BPIC15_4,duration,nagelkerke,131,0.7229816188246911
BPIC15_4,duration,nagelkerke,132,0.637612771763235
BPIC15_4,duration,nagelkerke,133,0.5810223318584615
BPIC15_4,duration,nagelkerke,134,0.4702466441190576
BPIC15_4,duration,nagelkerke,135,0.46363667328720015
BPIC15_4,duration,nagelkerke,136,0.4908030933097678
BPIC15_4,duration,nagelkerke,137,0.5060720844472615
BPIC15_4,duration,nagelkerke,138,0.5655883741437737
BPIC15_4,duration,nagelkerke,139,0.7244196455069207
BPIC15_4,duration,nagelkerke,140,0.4387801769938289
BPIC15_4,duration,nagelkerke,141,0.731734970619996
BPIC15_4,duration,nagelkerke,142,0.5027662264666231
BPIC15_4,duration,nagelkerke,143,0.7001898087073287
BPIC15_4,duration,nagelkerke,144,0.6296444673920945
BPIC15_4,duration,nagelkerke,145,0.9042340489634598
BPIC15_4,duration,nagelkerke,146,0.34273637560748804
BPIC15_4,duration,nagelkerke,147,0.161706433234433
BPIC15_4,duration,nagelkerke,148,0.496136356746819
BPIC15_4,duration,nagelkerke,149,0.5719172058675266
BPIC15_4,handover,ap,0,0.3039048165593149
BPIC15_4,handover,ap,1,0.5427962286342083
BPIC15_4,handover,ap,2,0.6617296401126678
BPIC15_4,handover,ap,3,0.388118760817592
BPIC15_4,handover,ap,4,0.8109595248636756
BPIC15_4,handover,ap,5,0.6582505971471859
BPIC15_4,handover,ap,6,0.7335410448167876
BPIC15_4,handover,ap,7,0.5605163983151443
BPIC15_4,handover,ap,8,0.6005216058265341
BPIC15_4,handover,ap,9,0.8299516491292773
BPIC15_4,handover,ap,10,0.8338194248712811
BPIC15_4,handover,ap,11,0.512498028896357
BPIC15_4,handover,ap,12,0.7440747389395346
BPIC15_4,handover,ap,13,0.3688155464902366
BPIC15_4,handover,ap,14,0.6537020027928717
BPIC15_4,handover,ap,15,0.5586055006274107
BPIC15_4,handover,ap,16,0.661312166311296
BPIC15_4,handover,ap,17,0.6724759738236066
BPIC15_4,handover,ap,18,0.7133486707876162
BPIC15_4,handover,ap,19,0.7788367734918996
BPIC15_4,handover,ap,20,0.5420699393168622
BPIC15_4,handover,ap,21,0.5986280069804274
BPIC15_4,handover,ap,22,0.648296810603996
BPIC15_4,handover,ap,23,0.5852178876788753
BPIC15_4,handover,ap,24,0.7850126393524407
BPIC15_4,handover,ap,25,0.59652785608505
BPIC15_4,handover,ap,26,0.47578250580287995
BPIC15_4,handover,ap,27,0.8637414957733169
BPIC15_4,handover,ap,28,0.5295953433098103
BPIC15_4,handover,ap,29,0.5553030259109926
BPIC15_4,handover,ap,30,0.6860777600558312
BPIC15_4,handover,ap,31,0.9313925193447569
BPIC15_4,handover,ap,32,0.6827805343335852
BPIC15_4,handover,ap,33,0.7142628343740569
BPIC15_4,handover,ap,34,0.7713731031479509
BPIC15_4,handover,ap,35,0.5999293840362434
BPIC15_4,handover,ap,36,0.8554167039037269
BPIC15_4,handover,ap,37,0.7122579170378585
BPIC15_4,handover,ap,38,0.4289636098064171
BPIC15_4,handover,ap,39,0.3784677804940755
BPIC15_4,handover,ap,40,0.8166921062783865
BPIC15_4,handover,ap,41,0.35474950344966805
BPIC15_4,handover,ap,42,0.7393119473400689
BPIC15_4,handover,ap,43,0.8341951488810564
BPIC15_4,handover,ap,44,0.7145573445855807
BPIC15_4,handover,ap,45,0.5997503335066954
BPIC15_4,handover,ap,46,0.48952348867296824
BPIC15_4,handover,ap,47,0.7161752621175701
BPIC15_4,handover,ap,48,0.6024931482428776
BPIC15_4,handover,ap,49,0.7079547403014472
BPIC15_4,handover,ap,50,0.32436806869327983
BPIC15_4,handover,ap,51,0.7698754887928734
BPIC15_4,handover,ap,52,0.8500478556152944
BPIC15_4,handover,ap,53,0.8558711943144545
BPIC15_4,handover,ap,54,0.34803328509946774
BPIC15_4,handover,ap,55,0.716956153074866
BPIC15_4,handover,ap,56,0.8412587903299348
BPIC15_4,handover,ap,57,0.6050862952332847
BPIC15_4,handover,ap,58,0.5013194001724862
BPIC15_4,handover,ap,59,0.672671589567448
BPIC15_4,handover,ap,60,0.3961639463170924
BPIC15_4,handover,ap,61,0.7012133982380573
BPIC15_4,handover,ap,62,0.8036029444878454
BPIC15_4,handover,ap,63,0.6959939380677698
BPIC15_4,handover,ap,64,0.48703267449860455
BPIC15_4,handover,ap,65,0.7166261338641513
BPIC15_4,handover,ap,66,0.5076732914167972
BPIC15_4,handover,ap,67,0.24872348981453385
BPIC15_4,handover,ap,68,0.7161512377350417
BPIC15_4,handover,ap,69,0.5725571490900089
BPIC15_4,handover,ap,70,0.5328090293489441
BPIC15_4,handover,ap,71,0.46060778656297763
BPIC15_4,handover,ap,72,0.4578118292652321
BPIC15_4,handover,ap,73,0.6936778248092342
BPIC15_4,handover,ap,74,0.5469590091909224
BPIC15_4,handover,ap,75,0.6867353561229168
BPIC15_4,handover,ap,76,0.7629970402929043
BPIC15_4,handover,ap,77,0.8307264569732262
BPIC15_4,handover,ap,78,0.6833636736880819
BPIC15_4,handover,ap,79,0.7467680123289198
BPIC15_4,handover,ap,80,0.5102203662470278
BPIC15_4,handover,ap,81,0.6957361556526005
BPIC15_4,handover,ap,82,0.4370245245309755
BPIC15_4,handover,ap,83,0.6581200057349021
BPIC15_4,handover,ap,84,0.7725696519660996
BPIC15_4,handover,ap,85,0.573473865702927
BPIC15_4,handover,ap,86,0.22032924484596828
BPIC15_4,handover,ap,87,0.578390936337599
BPIC15_4,handover,ap,88,0.6636897637671313
BPIC15_4,handover,ap,89,0.537796713585537
BPIC15_4,handover,ap,90,0.854158044812864
BPIC15_4,handover,ap,91,0.49779695259364076
BPIC15_4,handover,ap,92,0.6102740836676244
BPIC15_4,handover,ap,93,0.5058807254799313
BPIC15_4,handover,ap,94,0.6873985174954544
BPIC15_4,handover,ap,95,0.7588918146323806
BPIC15_4,handover,ap,96,0.8442414979467182
BPIC15_4,handover,ap,97,0.4254202873976378
BPIC15_4,handover,ap,98,0.19731356611970807
BPIC15_4,handover,ap,99,0.4796225799523349
BPIC15_4,handover,ap,100,0.6461897033088919
BPIC15_4,handover,ap,101,0.9217773713313425
BPIC15_4,handover,ap,102,0.3843511242174563
BPIC15_4,handover,ap,103,0.41116211556887805
BPIC15_4,handover,ap,104,0.3440940277306459
BPIC15_4,handover,ap,105,0.5413250864013905
BPIC15_4,handover,ap,106,0.5526616121357056
BPIC15_4,handover,ap,107,0.5162720910663003
BPIC15_4,handover,ap,108,0.7424282280480659
BPIC15_4,handover,ap,109,0.7512646391520221
BPIC15_4,handover,ap,110,0.6381747796071268
BPIC15_4,handover,ap,111,0.8059594940354075
BPIC15_4,handover,ap,112,0.8675874110169645
BPIC15_4,handover,ap,113,0.8095314961159407
BPIC15_4,handover,ap,114,0.7279415649622578
BPIC15_4,handover,ap,115,0.42759924784719916
BPIC15_4,handover,ap,116,0.674599750215073
BPIC15_4,handover,ap,117,0.7821214548613433
BPIC15_4,handover,ap,118,0.850644125131621
BPIC15_4,handover,ap,119,0.5916551665710661
BPIC15_4,handover,ap,120,0.7752605753365737
BPIC15_4,handover,ap,121,0.5514217233986574
BPIC15_4,handover,ap,122,0.3797847729896645
BPIC15_4,handover,ap,123,0.6175700372691436
BPIC15_4,handover,ap,124,0.41812116700360114
BPIC15_4,handover,ap,125,0.6472410583257568
BPIC15_4,handover,ap,126,0.18363518590195138
BPIC15_4,handover,ap,127,0.8723813633059696
BPIC15_4,handover,ap,128,0.5583062900802519
BPIC15_4,handover,ap,129,0.5921703231596953
BPIC15_4,handover,ap,130,0.583607281912068
BPIC15_4,handover,ap,131,0.33178601712988054
BPIC15_4,handover,ap,132,0.5847045226109235
BPIC15_4,handover,ap,133,0.5228989500792114
BPIC15_4,handover,ap,134,0.47193057038129504
BPIC15_4,handover,ap,135,0.537624959622969
BPIC15_4,handover,ap,136,0.6071069259598101
BPIC15_4,handover,ap,137,0.8309476079306306
BPIC15_4,handover,ap,138,0.6654160378112985
BPIC15_4,handover,ap,139,0.6413773066325428
BPIC15_4,handover,ap,140,0.7488478293905214
BPIC15_4,handover,ap,141,0.9488056435456043
BPIC15_4,handover,ap,142,0.7934672474150727
BPIC15_4,handover,ap,143,0.8715619254860743
BPIC15_4,handover,ap,144,0.492915833462064
BPIC15_4,handover,ap,145,0.828395292907668
BPIC15_4,handover,ap,146,0.4609581351253177
BPIC15_4,handover,ap,147,0.9147497448948935
BPIC15_4,handover,ap,148,0.8027831470556547
BPIC15_4,handover,ap,149,0.601613112103639
BPIC15_4,handover,auc,0,0.39626395907875
BPIC15_4,handover,auc,1,0.5328502098625103
BPIC15_4,handover,auc,2,0.6498271711630321
BPIC15_4,handover,auc,3,0.43697193286408076
BPIC15_4,handover,auc,4,0.7998508876197152
BPIC15_4,handover,auc,5,0.579633032461031
BPIC15_4,handover,auc,6,0.73082927819629
BPIC15_4,handover,auc,7,0.54277590362988
BPIC15_4,handover,auc,8,0.7914654437442792
BPIC15_4,handover,auc,9,0.7084697017451984
BPIC15_4,handover,auc,10,0.6301028266450845
BPIC15_4,handover,auc,11,0.6498998358852202
BPIC15_4,handover,auc,12,0.6456311977052143
BPIC15_4,handover,auc,13,0.29710274262876346
BPIC15_4,handover,auc,14,0.5954001510113494
BPIC15_4,handover,auc,15,0.557947559655783
BPIC15_4,handover,auc,16,0.7152201752028182
BPIC15_4,handover,auc,17,0.8315295213696119
BPIC15_4,handover,auc,18,0.5494810209407708
BPIC15_4,handover,auc,19,0.84413098328446
BPIC15_4,handover,auc,20,0.5652154619123808
BPIC15_4,handover,auc,21,0.7448125431943915
BPIC15_4,handover,auc,22,0.678415214088232
BPIC15_4,handover,auc,23,0.48838975520894934
BPIC15_4,handover,auc,24,0.8558447964424082
BPIC15_4,handover,auc,25,0.44945629873735804
BPIC15_4,handover,auc,26,0.48645279436626243
BPIC15_4,handover,auc,27,0.9031278828290719
BPIC15_4,handover,auc,28,0.4308956693107846
BPIC15_4,handover,auc,29,0.46527368766246535
BPIC15_4,handover,auc,30,0.7546804684554833
BPIC15_4,handover,auc,31,0.8020310714793044
BPIC15_4,handover,auc,32,0.7473265538111244
BPIC15_4,handover,auc,33,0.5770798515684018
BPIC15_4,handover,auc,34,0.5172864241019967
BPIC15_4,handover,auc,35,0.646314968774482
BPIC15_4,handover,auc,36,0.5999139676554333
BPIC15_4,handover,auc,37,0.6273804749433445
BPIC15_4,handover,auc,38,0.4583814304471141
BPIC15_4,handover,auc,39,0.3629647949589764
BPIC15_4,handover,auc,40,0.7579351007390395
BPIC15_4,handover,auc,41,0.5221995228093873
BPIC15_4,handover,auc,42,0.6095706258606277
BPIC15_4,handover,auc,43,0.7407389923235832
BPIC15_4,handover,auc,44,0.5774458036026625
BPIC15_4,handover,auc,45,0.531032538133611
BPIC15_4,handover,auc,46,0.48871348809876614
BPIC15_4,handover,auc,47,0.482091831826174
BPIC15_4,handover,auc,48,0.7673176082698073
BPIC15_4,handover,auc,49,0.5627838180380413
BPIC15_4,handover,auc,50,0.3027831365219583
BPIC15_4,handover,auc,51,0.6959856060588536
BPIC15_4,handover,auc,52,0.7291718871984123
BPIC15_4,handover,auc,53,0.7707224844729424
BPIC15_4,handover,auc,54,0.34449141914390957
BPIC15_4,handover,auc,55,0.5739312533584174
BPIC15_4,handover,auc,56,0.4157621646037053
BPIC15_4,handover,auc,57,0.4994000030335325
BPIC15_4,handover,auc,58,0.41503530177600934
BPIC15_4,handover,auc,59,0.6114034665329557
BPIC15_4,handover,auc,60,0.33629278784515826
BPIC15_4,handover,auc,61,0.6952709036982517
BPIC15_4,handover,auc,62,0.6690015031153969
BPIC15_4,handover,auc,63,0.6658277938935219
BPIC15_4,handover,auc,64,0.3991761811812665
BPIC15_4,handover,auc,65,0.49674095930375906
BPIC15_4,handover,auc,66,0.35351633612506084
BPIC15_4,handover,auc,67,0.2296786029836173
BPIC15_4,handover,auc,68,0.7171216992940188
BPIC15_4,handover,auc,69,0.4788805199564805
BPIC15_4,handover,auc,70,0.36340182202537386
BPIC15_4,handover,auc,71,0.47549956549580175
BPIC15_4,handover,auc,72,0.495807077435646
BPIC15_4,handover,auc,73,0.8550228405873566
BPIC15_4,handover,auc,74,0.46626545868725955
BPIC15_4,handover,auc,75,0.7886847519267114
BPIC15_4,handover,auc,76,0.7930341940474416
BPIC15_4,handover,auc,77,0.8297630717519116
BPIC15_4,handover,auc,78,0.8237674014278442
BPIC15_4,handover,auc,79,0.5069770213106737
BPIC15_4,handover,auc,80,0.4505610058691524
BPIC15_4,handover,auc,81,0.4882990647284262
BPIC15_4,handover,auc,82,0.45941476237732903
BPIC15_4,handover,auc,83,0.6575913920186894
BPIC15_4,handover,auc,84,0.6702122380244906
BPIC15_4,handover,auc,85,0.5467469079456605
BPIC15_4,handover,auc,86,0.5158440787849206
BPIC15_4,handover,auc,87,0.557134313947995
BPIC15_4,handover,auc,88,0.683287848261201
BPIC15_4,handover,auc,89,0.5430295025115506
BPIC15_4,handover,auc,90,0.9103633955901049
BPIC15_4,handover,auc,91,0.4998747942643951
BPIC15_4,handover,auc,92,0.6612759531628181
BPIC15_4,handover,auc,93,0.4082991551755797
BPIC15_4,handover,auc,94,0.8306901705654255
BPIC15_4,handover,auc,95,0.5985012719713775
BPIC15_4,handover,auc,96,0.8264892862195372
BPIC15_4,handover,auc,97,0.3675580266582271
BPIC15_4,handover,auc,98,0.30207942031219703
BPIC15_4,handover,auc,99,0.3809147272288659
BPIC15_4,handover,auc,100,0.8169916832358028
BPIC15_4,handover,auc,101,0.8084502264110585
BPIC15_4,handover,auc,102,0.3952703832024542
BPIC15_4,handover,auc,103,0.424441160805865
BPIC15_4,handover,auc,104,0.39894416866941373
BPIC15_4,handover,auc,105,0.6461577262174683
BPIC15_4,handover,auc,106,0.6651452286559622
BPIC15_4,handover,auc,107,0.6887833560753625
BPIC15_4,handover,auc,108,0.6145196014838035
BPIC15_4,handover,auc,109,0.768210230329128
BPIC15_4,handover,auc,110,0.4771017821404674
BPIC15_4,handover,auc,111,0.7349907310958347
BPIC15_4,handover,auc,112,0.8550673950216539
BPIC15_4,handover,auc,113,0.8950783484488002
BPIC15_4,handover,auc,114,0.9544535744555314
BPIC15_4,handover,auc,115,0.47904298536912093
BPIC15_4,handover,auc,116,0.8331197710128377
BPIC15_4,handover,auc,117,0.7379826825655724
BPIC15_4,handover,auc,118,0.7822643403502691
BPIC15_4,handover,auc,119,0.22927947063463217
BPIC15_4,handover,auc,120,0.6650033723919874
BPIC15_4,handover,auc,121,0.503054644968864
BPIC15_4,handover,auc,122,0.3862010441201996
BPIC15_4,handover,auc,123,0.5621927462788678
BPIC15_4,handover,auc,124,0.6207602837783401
BPIC15_4,handover,auc,125,0.5367987853229791
BPIC15_4,handover,auc,126,0.1328870927138739
BPIC15_4,handover,auc,127,0.8648602058912194
BPIC15_4,handover,auc,128,0.4568694584336652
BPIC15_4,handover,auc,129,0.5661553085588954
BPIC15_4,handover,auc,130,0.2510717811415417
BPIC15_4,handover,auc,131,0.18224937473780767
BPIC15_4,handover,auc,132,0.6097583069882135
BPIC15_4,handover,auc,133,0.44280560241329314
BPIC15_4,handover,auc,134,0.6429914073613511
BPIC15_4,handover,auc,135,0.7015234940657834
BPIC15_4,handover,auc,136,0.6642259674097313
BPIC15_4,handover,auc,137,0.6877324740816937
BPIC15_4,handover,auc,138,0.6628633905086018
BPIC15_4,handover,auc,139,0.3632044304594674
BPIC15_4,handover,auc,140,0.8240081422121991
BPIC15_4,handover,auc,141,0.864052307658668
BPIC15_4,handover,auc,142,0.7830038981614553
BPIC15_4,handover,auc,143,0.8370375430410396
BPIC15_4,handover,auc,144,0.3487432461729768
BPIC15_4,handover,auc,145,0.901186962202951
BPIC15_4,handover,auc,146,0.3886474238256028
BPIC15_4,handover,auc,147,0.9243032341122525
BPIC15_4,handover,auc,148,0.396891741999823
BPIC15_4,handover,auc,149,0.5599900693708519
BPIC15_4,handover,brier_skill,0,0.6054530045914246
BPIC15_4,handover,brier_skill,1,0.6796901185913424
BPIC15_4,handover,brier_skill,2,0.5028174646821133
BPIC15_4,handover,brier_skill,3,0.6808560832783854
BPIC15_4,handover,brier_skill,4,0.9633520400721772
BPIC15_4,handover,brier_skill,5,0.5954952834106924
BPIC15_4,handover,brier_skill,6,0.6387840518372891
BPIC15_4,handover,brier_skill,7,0.7799563336827788
BPIC15_4,handover,brier_skill,8,0.5388970828811152
BPIC15_4,handover,brier_skill,9,0.5055198015322794
BPIC15_4,handover,brier_skill,10,0.7057395799855207
BPIC15_4,handover,brier_skill,11,0.42064553487054857
BPIC15_4,handover,brier_skill,12,0.4049033152837396
BPIC15_4,handover,brier_skill,13,0.8123580755345418
BPIC15_4,handover,brier_skill,14,0.7077972018513019
BPIC15_4,handover,brier_skill,15,0.6504649420975928
BPIC15_4,handover,brier_skill,16,0.6074762245677544
BPIC15_4,handover,brier_skill,17,0.5493633322047836
BPIC15_4,handover,brier_skill,18,0.6537524478648327
BPIC15_4,handover,brier_skill,19,0.6878171789772277
BPIC15_4,handover,brier_skill,20,0.5909305897425834
BPIC15_4,handover,brier_skill,21,0.5664226505527319
BPIC15_4,handover,brier_skill,22,0.6817770929525007
BPIC15_4,handover,brier_skill,23,0.5440452007861416
BPIC15_4,handover,brier_skill,24,0.34236805472452303
BPIC15_4,handover,brier_skill,25,0.7300016830653246
BPIC15_4,handover,brier_skill,26,0.5012604738943549
BPIC15_4,handover,brier_skill,27,0.7420725679071111
BPIC15_4,handover,brier_skill,28,0.5444123039971381
BPIC15_4,handover,brier_skill,29,0.729358648477424
BPIC15_4,handover,brier_skill,30,0.5773419184275875
BPIC15_4,handover,brier_skill,31,0.576012565854952
BPIC15_4,handover,brier_skill,32,0.7381477858254909
BPIC15_4,handover,brier_skill,33,0.5778022608537141
BPIC15_4,handover,brier_skill,34,0.763452944966736
BPIC15_4,handover,brier_skill,35,0.7012603153737229
BPIC15_4,handover,brier_skill,36,0.736300448884617
BPIC15_4,handover,brier_skill,37,0.46306423701826716
BPIC15_4,handover,brier_skill,38,0.5288460384537917
BPIC15_4,handover,brier_skill,39,0.311366836641651
BPIC15_4,handover,brier_skill,40,0.8624114046314998
BPIC15_4,handover,brier_skill,41,0.3475825076128293
BPIC15_4,handover,brier_skill,42,0.8674832957488965
BPIC15_4,handover,brier_skill,43,0.5407754454096845
BPIC15_4,handover,brier_skill,44,0.7760098150237166
BPIC15_4,handover,brier_skill,45,0.4130003328059926
BPIC15_4,handover,brier_skill,46,0.5797350050291578
BPIC15_4,handover,brier_skill,47,0.6573522062290319
BPIC15_4,handover,brier_skill,48,0.7305161749178256
BPIC15_4,handover,brier_skill,49,0.7669510392132738
BPIC15_4,handover,brier_skill,50,0.7353667934561172
BPIC15_4,handover,brier_skill,51,0.6036139280065962
BPIC15_4,handover,brier_skill,52,0.53659562669861
BPIC15_4,handover,brier_skill,53,0.7207367112266615
BPIC15_4,handover,brier_skill,54,0.2868660463376054
BPIC15_4,handover,brier_skill,55,0.6936980493775828
BPIC15_4,handover,brier_skill,56,0.7719963110022398
BPIC15_4,handover,brier_skill,57,0.596048163953256
BPIC15_4,handover,brier_skill,58,0.7994130445924645
BPIC15_4,handover,brier_skill,59,0.7793448606009901
BPIC15_4,handover,brier_skill,60,0.44433659889595734
BPIC15_4,handover,brier_skill,61,0.504526438100714
BPIC15_4,handover,brier_skill,62,0.7521495718434084
BPIC15_4,handover,brier_skill,63,0.6068635804485207
BPIC15_4,handover,brier_skill,64,0.8155960864968883
BPIC15_4,handover,brier_skill,65,0.5503781868641375
BPIC15_4,handover,brier_skill,66,0.8815375216356522
BPIC15_4,handover,brier_skill,67,0.6409065492487274
BPIC15_4,handover,brier_skill,68,0.5140294231048546
BPIC15_4,handover,brier_skill,69,0.4477331943595565
BPIC15_4,handover,brier_skill,70,0.6455694154476865
BPIC15_4,handover,brier_skill,71,0.6440647462248569
BPIC15_4,handover,brier_skill,72,0.948883258424748
BPIC15_4,handover,brier_skill,73,0.7792444726664416
BPIC15_4,handover,brier_skill,74,0.57250471337903
BPIC15_4,handover,brier_skill,75,0.6620672074784563
BPIC15_4,handover,brier_skill,76,0.667108364313791
BPIC15_4,handover,brier_skill,77,0.6656930269519082
BPIC15_4,handover,brier_skill,78,0.7127103771206362
BPIC15_4,handover,brier_skill,79,0.764610857726907
BPIC15_4,handover,brier_skill,80,0.7509405359949539
BPIC15_4,handover,brier_skill,81,0.5620957281944798
BPIC15_4,handover,brier_skill,82,0.8023984824324792
BPIC15_4,handover,brier_skill,83,0.4660163009233731
BPIC15_4,handover,brier_skill,84,0.35428886617621036
BPIC15_4,handover,brier_skill,85,0.7191120292910387
BPIC15_4,handover,brier_skill,86,0.7892141914574855
BPIC15_4,handover,brier_skill,87,0.5640707842522654
BPIC15_4,handover,brier_skill,88,0.7010806407410999
BPIC15_4,handover,brier_skill,89,0.6722838845754745
BPIC15_4,handover,brier_skill,90,0.6497230682074295
BPIC15_4,handover,brier_skill,91,0.40763721450818813
BPIC15_4,handover,brier_skill,92,0.72106081765818
BPIC15_4,handover,brier_skill,93,0.7050683263746105
BPIC15_4,handover,brier_skill,94,0.7564566844483581
BPIC15_4,handover,brier_skill,95,0.7680399912142837
BPIC15_4,handover,brier_skill,96,0.5979152460552423
BPIC15_4,handover,brier_skill,97,0.5814120934588518
BPIC15_4,handover,brier_skill,98,0.6149707646170367
BPIC15_4,handover,brier_skill,99,0.7472446307142403
BPIC15_4,handover,brier_skill,100,0.7573943755916299
BPIC15_4,handover,brier_skill,101,0.5930787446733563
BPIC15_4,handover,brier_skill,102,0.5796269839688007
BPIC15_4,handover,brier_skill,103,0.8058812279707792
BPIC15_4,handover,brier_skill,104,0.5640375581223441
BPIC15_4,handover,brier_skill,105,0.7561654658149874
BPIC15_4,handover,brier_skill,106,0.5014575095082157
BPIC15_4,handover,brier_skill,107,0.686441043140809
BPIC15_4,handover,brier_skill,108,0.8416049328485964
BPIC15_4,handover,brier_skill,109,0.34395357876102484
BPIC15_4,handover,brier_skill,110,0.4132469917296673
BPIC15_4,handover,brier_skill,111,0.6582034392359277
BPIC15_4,handover,brier_skill,112,0.7435374383961904
BPIC15_4,handover,brier_skill,113,0.6248915998407454
BPIC15_4,handover,brier_skill,114,0.6100761803523356
BPIC15_4,handover,brier_skill,115,0.6451743828378002
BPIC15_4,handover,brier_skill,116,0.9847565006614615
BPIC15_4,handover,brier_skill,117,0.49769434224567155
BPIC15_4,handover,brier_skill,118,0.43770211816978444
BPIC15_4,handover,brier_skill,119,0.44078054993957094
BPIC15_4,handover,brier_skill,120,0.538545877940221
BPIC15_4,handover,brier_skill,121,0.7308105101949443
BPIC15_4,handover,brier_skill,122,0.7747518465198735
BPIC15_4,handover,brier_skill,123,0.6993695038479066
BPIC15_4,handover,brier_skill,124,0.6737089540052014
BPIC15_4,handover,brier_skill,125,0.6021793873175101
BPIC15_4,handover,brier_skill,126,0.667616077895316
BPIC15_4,handover,brier_skill,127,0.7416345864163973
BPIC15_4,handover,brier_skill,128,0.6566026583894231
BPIC15_4,handover,brier_skill,129,0.3161351525746151
BPIC15_4,handover,brier_skill,130,0.6719641580724504
BPIC15_4,handover,brier_skill,131,0.45483131175383384
BPIC15_4,handover,brier_skill,132,0.5487145618854027
BPIC15_4,handover,brier_skill,133,0.6522699073751081
BPIC15_4,handover,brier_skill,134,0.4333664193495088
BPIC15_4,handover,brier_skill,135,0.6060166045011344
BPIC15_4,handover,brier_skill,136,0.17893566469194833
BPIC15_4,handover,brier_skill,137,0.2727975020605934
BPIC15_4,handover,brier_skill,138,0.6263541575537958
BPIC15_4,handover,brier_skill,139,0.5955132665176692
BPIC15_4,handover,brier_skill,140,0.6155953204833315
BPIC15_4,handover,brier_skill,141,0.764088382012376
BPIC15_4,handover,brier_skill,142,0.8256739551413272
BPIC15_4,handover,brier_skill,143,0.5315143100581476
BPIC15_4,handover,brier_skill,144,0.7808507953786304
BPIC15_4,handover,brier_skill,145,0.7691263868455345
BPIC15_4,handover,brier_skill,146,0.7890708975471247
BPIC15_4,handover,brier_skill,147,0.5786911882861605
BPIC15_4,handover,brier_skill,148,0.5120775412316496
BPIC15_4,handover,brier_skill,149,0.5972119411671637
BPIC15_4,handover,logloss_skill,0,0.7626798246217603
BPIC15_4,handover,logloss_skill,1,0.7512963133823604
BPIC15_4,handover,logloss_skill,2,0.6385363634628982
BPIC15_4,handover,logloss_skill,3,0.4052352772863008
BPIC15_4,handover,logloss_skill,4,0.6983134014622632
BPIC15_4,handover,logloss_skill,5,0.8968198660813034
BPIC15_4,handover,logloss_skill,6,0.7494259179531124
BPIC15_4,handover,logloss_skill,7,0.8714097506542701
BPIC15_4,handover,logloss_skill,8,0.6266481551359675
BPIC15_4,handover,logloss_skill,9,0.6590397810012653
BPIC15_4,handover,logloss_skill,10,0.6724879982905441
BPIC15_4,handover,logloss_skill,11,0.45807931577246064
BPIC15_4,handover,logloss_skill,12,0.7742635618935911
BPIC15_4,handover,logloss_skill,13,0.40566235408646256
BPIC15_4,handover,logloss_skill,14,0.7847417821785115
BPIC15_4,handover,logloss_skill,15,0.5022997114416385
BPIC15_4,handover,logloss_skill,16,0.3698475937438609
BPIC15_4,handover,logloss_skill,17,0.7619909916296661
BPIC15_4,handover,logloss_skill,18,0.6269083430499649
BPIC15_4,handover,logloss_skill,19,0.5864565186363679
BPIC15_4,handover,logloss_skill,20,0.701190733645717
BPIC15_4,handover,logloss_skill,21,0.7829877792115972
BPIC15_4,handover,logloss_skill,22,0.5329632908613295
BPIC15_4,handover,logloss_skill,23,0.8993684094063203
BPIC15_4,handover,logloss_skill,24,0.4145817630315517
BPIC15_4,handover,logloss_skill,25,0.4448543545098945
BPIC15_4,handover,logloss_skill,26,0.31586760979614137
BPIC15_4,handover,logloss_skill,27,0.623120356643273
BPIC15_4,handover,logloss_skill,28,0.5328789780193506
BPIC15_4,handover,logloss_skill,29,0.5648338094924152
BPIC15_4,handover,logloss_skill,30,0.8946072264744471
BPIC15_4,handover,logloss_skill,31,0.7011915808153275
BPIC15_4,handover,logloss_skill,32,0.6993024886276888
BPIC15_4,handover,logloss_skill,33,0.5542827002317714
BPIC15_4,handover,logloss_skill,34,0.9502920336908889
BPIC15_4,handover,logloss_skill,35,0.7964941408446806
BPIC15_4,handover,logloss_skill,36,0.807658641015401
BPIC15_4,handover,logloss_skill,37,0.5908350918760903
BPIC15_4,handover,logloss_skill,38,0.665420000484443
BPIC15_4,handover,logloss_skill,39,0.7740719218991385
BPIC15_4,handover,logloss_skill,40,0.9418014809458408
BPIC15_4,handover,logloss_skill,41,0.584819125219697
BPIC15_4,handover,logloss_skill,42,0.7461855118703908
BPIC15_4,handover,logloss_skill,43,0.6151849249326341
BPIC15_4,handover,logloss_skill,44,0.6770180252681732
BPIC15_4,handover,logloss_skill,45,0.6745024977974635
BPIC15_4,handover,logloss_skill,46,0.5325074082054926
BPIC15_4,handover,logloss_skill,47,0.47170687656995913
BPIC15_4,handover,logloss_skill,48,0.6049923081084229
BPIC15_4,handover,logloss_skill,49,0.6714848805947482
BPIC15_4,handover,logloss_skill,50,0.3593357444999816
BPIC15_4,handover,logloss_skill,51,0.7121017883803032
BPIC15_4,handover,logloss_skill,52,0.6863089611314153
BPIC15_4,handover,logloss_skill,53,0.646279388352289
BPIC15_4,handover,logloss_skill,54,0.6968097406068285
BPIC15_4,handover,logloss_skill,55,0.6363533530783061
BPIC15_4,handover,logloss_skill,56,0.30981659802083983
BPIC15_4,handover,logloss_skill,57,0.7237929644204799
BPIC15_4,handover,logloss_skill,58,0.5463485314226438
BPIC15_4,handover,logloss_skill,59,0.8565542224925763
BPIC15_4,handover,logloss_skill,60,0.4537879404613705
BPIC15_4,handover,logloss_skill,61,0.5962516908753903
BPIC15_4,handover,logloss_skill,62,0.5822866051827977
BPIC15_4,handover,logloss_skill,63,0.7280760332294773
BPIC15_4,handover,logloss_skill,64,0.4418478696771069
BPIC15_4,handover,logloss_skill,65,0.4593996656326015
BPIC15_4,handover,logloss_skill,66,0.7754294401610107
BPIC15_4,handover,logloss_skill,67,0.5431545563122478
BPIC15_4,handover,logloss_skill,68,0.6865398555386484
BPIC15_4,handover,logloss_skill,69,0.6125207586447822
BPIC15_4,handover,logloss_skill,70,0.6786388828907415
BPIC15_4,handover,logloss_skill,71,0.5295187529153571
BPIC15_4,handover,logloss_skill,72,0.4750596683212268
BPIC15_4,handover,logloss_skill,73,0.6205766866642763
BPIC15_4,handover,logloss_skill,74,0.5367208109780263
BPIC15_4,handover,logloss_skill,75,0.5921125455850547
BPIC15_4,handover,logloss_skill,76,0.7413352187650261
BPIC15_4,handover,logloss_skill,77,0.7617546228213403
BPIC15_4,handover,logloss_skill,78,0.6695488452093429
BPIC15_4,handover,logloss_skill,79,0.5428987522020915
BPIC15_4,handover,logloss_skill,80,0.8709877457321717
BPIC15_4,handover,logloss_skill,81,0.6579821786520015
BPIC15_4,handover,logloss_skill,82,0.9434482800461266
BPIC15_4,handover,logloss_skill,83,0.7385915289955968
BPIC15_4,handover,logloss_skill,84,0.39401266480659325
BPIC15_4,handover,logloss_skill,85,0.5601680813347498
BPIC15_4,handover,logloss_skill,86,0.7729588602997608
BPIC15_4,handover,logloss_skill,87,0.5952429599244105
BPIC15_4,handover,logloss_skill,88,0.5911467494923023
BPIC15_4,handover,logloss_skill,89,0.5582226925899205
BPIC15_4,handover,logloss_skill,90,0.8734336025149247
BPIC15_4,handover,logloss_skill,91,0.513979482973222
BPIC15_4,handover,logloss_skill,92,0.7366340043764332
BPIC15_4,handover,logloss_skill,93,0.6090061025040576
BPIC15_4,handover,logloss_skill,94,0.7399398112895582
BPIC15_4,handover,logloss_skill,95,0.6261757390639098
BPIC15_4,handover,logloss_skill,96,0.6298211625325731
BPIC15_4,handover,logloss_skill,97,0.661905711627547
BPIC15_4,handover,logloss_skill,98,0.8129712074725757
BPIC15_4,handover,logloss_skill,99,0.41768792685571277
BPIC15_4,handover,logloss_skill,100,0.6475452519871678
BPIC15_4,handover,logloss_skill,101,0.8108827967146497
BPIC15_4,handover,logloss_skill,102,0.5733668101868237
BPIC15_4,handover,logloss_skill,103,0.513161823177946
BPIC15_4,handover,logloss_skill,104,0.5996228300692417
BPIC15_4,handover,logloss_skill,105,0.5890891878447041
BPIC15_4,handover,logloss_skill,106,0.6644858798729276
BPIC15_4,handover,logloss_skill,107,0.8384555882070648
BPIC15_4,handover,logloss_skill,108,0.66168599463919
BPIC15_4,handover,logloss_skill,109,0.5593440741657495
BPIC15_4,handover,logloss_skill,110,0.5164356943149951
BPIC15_4,handover,logloss_skill,111,0.6156527180309426
BPIC15_4,handover,logloss_skill,112,0.7855850824607453
BPIC15_4,handover,logloss_skill,113,0.7353764897109866
BPIC15_4,handover,logloss_skill,114,0.6498480315212369
BPIC15_4,handover,logloss_skill,115,0.841436338759275
BPIC15_4,handover,logloss_skill,116,0.6202277160357852
BPIC15_4,handover,logloss_skill,117,0.8217942731086073
BPIC15_4,handover,logloss_skill,118,0.5234257946015854
BPIC15_4,handover,logloss_skill,119,0.4892184272809682
BPIC15_4,handover,logloss_skill,120,0.70882732982055
BPIC15_4,handover,logloss_skill,121,0.46571396778569285
BPIC15_4,handover,logloss_skill,122,0.8238252407935316
BPIC15_4,handover,logloss_skill,123,0.7269379993106696
BPIC15_4,handover,logloss_skill,124,0.6759708051680058
BPIC15_4,handover,logloss_skill,125,0.5734680857428142
BPIC15_4,handover,logloss_skill,126,0.3872448842165289
BPIC15_4,handover,logloss_skill,127,0.6091803896287566
BPIC15_4,handover,logloss_skill,128,0.6019467325650545
BPIC15_4,handover,logloss_skill,129,0.6076613313260735
BPIC15_4,handover,logloss_skill,130,0.7953306454754867
BPIC15_4,handover,logloss_skill,131,0.55255543308612
BPIC15_4,handover,logloss_skill,132,0.5521961973583369
BPIC15_4,handover,logloss_skill,133,0.7503412285959858
BPIC15_4,handover,logloss_skill,134,0.6801741244881627
BPIC15_4,handover,logloss_skill,135,0.6067097807819144
BPIC15_4,handover,logloss_skill,136,0.5860930422115647
BPIC15_4,handover,logloss_skill,137,0.6447074672592136
BPIC15_4,handover,logloss_skill,138,0.4769260651831688
BPIC15_4,handover,logloss_skill,139,0.3452485093087011
BPIC15_4,handover,logloss_skill,140,0.5573263381341143
BPIC15_4,handover,logloss_skill,141,0.764995617690527
BPIC15_4,handover,logloss_skill,142,0.7178733502563339
BPIC15_4,handover,logloss_skill,143,0.7774800919388781
BPIC15_4,handover,logloss_skill,144,0.6867247135254646
BPIC15_4,handover,logloss_skill,145,0.49850471054593926
BPIC15_4,handover,logloss_skill,146,0.7773671691550802
BPIC15_4,handover,logloss_skill,147,0.6667213383614163
BPIC15_4,handover,logloss_skill,148,0.7452936898137882
BPIC15_4,handover,logloss_skill,149,0.6540020271202557
BPIC15_4,handover,nagelkerke,0,0.7046370332255953
BPIC15_4,handover,nagelkerke,1,0.643640126045429
BPIC15_4,handover,nagelkerke,2,0.698350697854193
BPIC15_4,handover,nagelkerke,3,0.3456498635657581
BPIC15_4,handover,nagelkerke,4,0.8268282395154674
BPIC15_4,handover,nagelkerke,5,0.8793958058477572
BPIC15_4,handover,nagelkerke,6,0.7087877344411881
BPIC15_4,handover,nagelkerke,7,0.7710444395011299
BPIC15_4,handover,nagelkerke,8,0.6403886748728811
BPIC15_4,handover,nagelkerke,9,0.5709808982431762
BPIC15_4,handover,nagelkerke,10,0.776297762219325
BPIC15_4,handover,nagelkerke,11,0.5305685461744594
BPIC15_4,handover,nagelkerke,12,0.7351078779393371
BPIC15_4,handover,nagelkerke,13,0.47236216171822376
BPIC15_4,handover,nagelkerke,14,0.7102979624496268
BPIC15_4,handover,nagelkerke,15,0.6219486409579034
BPIC15_4,handover,nagelkerke,16,0.5364710038408355
BPIC15_4,handover,nagelkerke,17,0.7201439993247394
BPIC15_4,handover,nagelkerke,18,0.7504391923821222
BPIC15_4,handover,nagelkerke,19,0.7192475455540717
BPIC15_4,handover,nagelkerke,20,0.702437388944367
BPIC15_4,handover,nagelkerke,21,0.7710586028979338
BPIC15_4,handover,nagelkerke,22,0.40448093600914914
BPIC15_4,handover,nagelkerke,23,0.7594397438423848
BPIC15_4,handover,nagelkerke,24,0.7863548468674266
BPIC15_4,handover,nagelkerke,25,0.5708505839754898
BPIC15_4,handover,nagelkerke,26,0.3675202059082082
BPIC15_4,handover,nagelkerke,27,0.7889116437742916
BPIC15_4,handover,nagelkerke,28,0.5465918221547639
BPIC15_4,handover,nagelkerke,29,0.6924506167076478
BPIC15_4,handover,nagelkerke,30,0.8758716632848396
BPIC15_4,handover,nagelkerke,31,0.5543222145588856
BPIC15_4,handover,nagelkerke,32,0.5478969060652557
BPIC15_4,handover,nagelkerke,33,0.5497402758803267
BPIC15_4,handover,nagelkerke,34,0.8787767928605543
BPIC15_4,handover,nagelkerke,35,0.6839588801305627
BPIC15_4,handover,nagelkerke,36,0.7774336034555466
BPIC15_4,handover,nagelkerke,37,0.6405619181776334
BPIC15_4,handover,nagelkerke,38,0.6488384035801598
BPIC15_4,handover,nagelkerke,39,0.8023033709869781
BPIC15_4,handover,nagelkerke,40,0.8263370525372311
BPIC15_4,handover,nagelkerke,41,0.7375913267150905
BPIC15_4,handover,nagelkerke,42,0.6387252032579831
BPIC15_4,handover,nagelkerke,43,0.550874366438085
BPIC15_4,handover,nagelkerke,44,0.7522276942380384
BPIC15_4,handover,nagelkerke,45,0.7255280190793738
BPIC15_4,handover,nagelkerke,46,0.7097855279331562
BPIC15_4,handover,nagelkerke,47,0.5696065193934088
BPIC15_4,handover,nagelkerke,48,0.6876772050403481
BPIC15_4,handover,nagelkerke,49,0.7451415547461411
BPIC15_4,handover,nagelkerke,50,0.49278439920952655
BPIC15_4,handover,nagelkerke,51,0.6508602425047556
BPIC15_4,handover,nagelkerke,52,0.7555307316526815
BPIC15_4,handover,nagelkerke,53,0.7422942187387644
BPIC15_4,handover,nagelkerke,54,0.753948062227618
BPIC15_4,handover,nagelkerke,55,0.6149648605600506
BPIC15_4,handover,nagelkerke,56,0.40147813189421233
BPIC15_4,handover,nagelkerke,57,0.7639449602166286
BPIC15_4,handover,nagelkerke,58,0.5399717710567025
BPIC15_4,handover,nagelkerke,59,0.7903938296960825
BPIC15_4,handover,nagelkerke,60,0.5443865781609145
BPIC15_4,handover,nagelkerke,61,0.489246583776595
BPIC15_4,handover,nagelkerke,62,0.597508037959248
BPIC15_4,handover,nagelkerke,63,0.6657252644872161
BPIC15_4,handover,nagelkerke,64,0.5676788029483515
BPIC15_4,handover,nagelkerke,65,0.5216183348694742
BPIC15_4,handover,nagelkerke,66,0.7751834801242147
BPIC15_4,handover,nagelkerke,67,0.6188479096582381
BPIC15_4,handover,nagelkerke,68,0.6792217095164697
BPIC15_4,handover,nagelkerke,69,0.780746152531754
BPIC15_4,handover,nagelkerke,70,0.8084577074925132
BPIC15_4,handover,nagelkerke,71,0.6879526921391057
BPIC15_4,handover,nagelkerke,72,0.7827741007944997
BPIC15_4,handover,nagelkerke,73,0.674939404224473
BPIC15_4,handover,nagelkerke,74,0.6111913080685307
BPIC15_4,handover,nagelkerke,75,0.72192198604582
BPIC15_4,handover,nagelkerke,76,0.673717327782817
BPIC15_4,handover,nagelkerke,77,0.8653113414188722
BPIC15_4,handover,nagelkerke,78,0.540664854507448
BPIC15_4,handover,nagelkerke,79,0.7535434443201585
BPIC15_4,handover,nagelkerke,80,0.8548075862270788
BPIC15_4,handover,nagelkerke,81,0.7749454394156309
BPIC15_4,handover,nagelkerke,82,0.6849181522683494
BPIC15_4,handover,nagelkerke,83,0.7890046731720226
BPIC15_4,handover,nagelkerke,84,0.5969348125577807
BPIC15_4,handover,nagelkerke,85,0.533632838381163
BPIC15_4,handover,nagelkerke,86,0.708941820098977
BPIC15_4,handover,nagelkerke,87,0.541953369293632
BPIC15_4,handover,nagelkerke,88,0.4939304937210215
BPIC15_4,handover,nagelkerke,89,0.6559114779303442
BPIC15_4,handover,nagelkerke,90,0.8049331782675658
BPIC15_4,handover,nagelkerke,91,0.5446205017312726
BPIC15_4,handover,nagelkerke,92,0.787195936246494
BPIC15_4,handover,nagelkerke,93,0.6868178152084186
BPIC15_4,handover,nagelkerke,94,0.6650272294675412
BPIC15_4,handover,nagelkerke,95,0.6144657805812836
BPIC15_4,handover,nagelkerke,96,0.7164388516811306
BPIC15_4,handover,nagelkerke,97,0.5918420211865072
BPIC15_4,handover,nagelkerke,98,0.7929599753825961
BPIC15_4,handover,nagelkerke,99,0.4481838517779304
BPIC15_4,handover,nagelkerke,100,0.4566862982347796
BPIC15_4,handover,nagelkerke,101,0.8146917043335518
BPIC15_4,handover,nagelkerke,102,0.6584588632820222
BPIC15_4,handover,nagelkerke,103,0.6379816007519458
BPIC15_4,handover,nagelkerke,104,0.7108706481271343
BPIC15_4,handover,nagelkerke,105,0.4953581149837203
BPIC15_4,handover,nagelkerke,106,0.6798237374003276
BPIC15_4,handover,nagelkerke,107,0.8721894298838606
BPIC15_4,handover,nagelkerke,108,0.758070421867097
BPIC15_4,handover,nagelkerke,109,0.6541053873491961
BPIC15_4,handover,nagelkerke,110,0.6537094954946083
BPIC15_4,handover,nagelkerke,111,0.7869647371599731
BPIC15_4,handover,nagelkerke,112,0.7183703002050816
BPIC15_4,handover,nagelkerke,113,0.7677885135874905
BPIC15_4,handover,nagelkerke,114,0.6416998219177139
BPIC15_4,handover,nagelkerke,115,0.8043882951390086
BPIC15_4,handover,nagelkerke,116,0.6103531984007151
BPIC15_4,handover,nagelkerke,117,0.7423810524079105
BPIC15_4,handover,nagelkerke,118,0.6127528695757078
BPIC15_4,handover,nagelkerke,119,0.48785513850688245
BPIC15_4,handover,nagelkerke,120,0.7833365444650051
BPIC15_4,handover,nagelkerke,121,0.4936013638607628
BPIC15_4,handover,nagelkerke,122,0.8717295584065595
BPIC15_4,handover,nagelkerke,123,0.7276101864040834
BPIC15_4,handover,nagelkerke,124,0.7379230319420037
BPIC15_4,handover,nagelkerke,125,0.6667210088920549
BPIC15_4,handover,nagelkerke,126,0.5156620601361283
BPIC15_4,handover,nagelkerke,127,0.6299211119743556
BPIC15_4,handover,nagelkerke,128,0.6169212971080963
BPIC15_4,handover,nagelkerke,129,0.7400095193955923
BPIC15_4,handover,nagelkerke,130,0.7492513167044408
BPIC15_4,handover,nagelkerke,131,0.5498998469137288
BPIC15_4,handover,nagelkerke,132,0.5566906686537854
BPIC15_4,handover,nagelkerke,133,0.7488640306412744
BPIC15_4,handover,nagelkerke,134,0.7102272550901073
BPIC15_4,handover,nagelkerke,135,0.5599197700749374
BPIC15_4,handover,nagelkerke,136,0.6111074687245741
BPIC15_4,handover,nagelkerke,137,0.8672375332174256
BPIC15_4,handover,nagelkerke,138,0.5843084824853201
BPIC15_4,handover,nagelkerke,139,0.726950633280446
BPIC15_4,handover,nagelkerke,140,0.6563422800401193
BPIC15_4,handover,nagelkerke,141,0.7985326452438564
BPIC15_4,handover,nagelkerke,142,0.611077563904704
BPIC15_4,handover,nagelkerke,143,0.7491728081115729
BPIC15_4,handover,nagelkerke,144,0.7171273641355929
BPIC15_4,handover,nagelkerke,145,0.5191372359633148
BPIC15_4,handover,nagelkerke,146,0.6753602927867107
BPIC15_4,handover,nagelkerke,147,0.7465678404594192
BPIC15_4,handover,nagelkerke,148,0.742580318088585
BPIC15_4,handover,nagelkerke,149,0.6095354196638902
BPIC15_5,duration,ap,0,0.49165783908407124
BPIC15_5,duration,ap,1,0.4421886835989206
BPIC15_5,duration,ap,2,0.6049663035745765
BPIC15_5,duration,ap,3,0.49038821737040095
BPIC15_5,duration,ap,4,0.2555220718451282
BPIC15_5,duration,ap,5,0.30160236648158445
BPIC15_5,duration,ap,6,0.5135305041689148
BPIC15_5,duration,ap,7,0.6362654414194772
BPIC15_5,duration,ap,8,0.6452852585143272
BPIC15_5,duration,ap,9,0.5121097584613328
BPIC15_5,duration,ap,10,0.6781436598130322
BPIC15_5,duration,ap,11,0.71146059912488
BPIC15_5,duration,ap,12,0.9385995684038146
BPIC15_5,duration,ap,13,0.30088000446296737
BPIC15_5,duration,ap,14,0.7006893839807745
BPIC15_5,duration,ap,15,0.46036205960070276
BPIC15_5,duration,ap,16,0.5782397080796129
BPIC15_5,duration,ap,17,0.38559669741951486
BPIC15_5,duration,ap,18,0.4348558754281231
BPIC15_5,duration,ap,19,0.3599550906250959
BPIC15_5,duration,ap,20,0.2834138693756211
BPIC15_5,duration,ap,21,0.7154374238140432
BPIC15_5,duration,ap,22,0.26020127633416
BPIC15_5,duration,ap,23,0.16712302114145228
BPIC15_5,duration,ap,24,0.36313774927880704
BPIC15_5,duration,ap,25,0.7329448773103056
BPIC15_5,duration,ap,26,0.5334126360547673
BPIC15_5,duration,ap,27,0.5414574269089467
BPIC15_5,duration,ap,28,0.2461470202292909
BPIC15_5,duration,ap,29,0.3952213592648588
BPIC15_5,duration,ap,30,0.5724575915941978
BPIC15_5,duration,ap,31,0.6419746236590865
BPIC15_5,duration,ap,32,0.3410573710121343
BPIC15_5,duration,ap,33,0.606485034123117
BPIC15_5,duration,ap,34,0.45268664967328376
BPIC15_5,duration,ap,35,0.8260742658785918
BPIC15_5,duration,ap,36,0.4072488477948295
BPIC15_5,duration,ap,37,0.5168799628781305
BPIC15_5,duration,ap,38,0.4633577543823244
BPIC15_5,duration,ap,39,0.3929760574542085
BPIC15_5,duration,ap,40,0.366306820616237
BPIC15_5,duration,ap,41,0.48934988318916206
BPIC15_5,duration,ap,42,0.6681062911189983
BPIC15_5,duration,ap,43,0.4166074845215033
BPIC15_5,duration,ap,44,0.5031214280157357
BPIC15_5,duration,ap,45,0.7953008889071709
BPIC15_5,duration,ap,46,0.31205387946529006
BPIC15_5,duration,ap,47,0.49029561993517523
BPIC15_5,duration,ap,48,0.5145259359766252
BPIC15_5,duration,ap,49,0.3503325324539116
BPIC15_5,duration,ap,50,0.7002220433195439
BPIC15_5,duration,ap,51,0.46298348197205874
BPIC15_5,duration,ap,52,0.3965597583373641
BPIC15_5,duration,ap,53,0.5548204625529903
BPIC15_5,duration,ap,54,0.42673800857078936
BPIC15_5,duration,ap,55,0.6030032231095829
BPIC15_5,duration,ap,56,0.6422727825833072
BPIC15_5,duration,ap,57,0.40190651427864177
BPIC15_5,duration,ap,58,0.6812832251764954
BPIC15_5,duration,ap,59,0.8222589758393688
BPIC15_5,duration,ap,60,0.4688551207180389
BPIC15_5,duration,ap,61,0.5123255061975883
BPIC15_5,duration,ap,62,0.8172340302230209
BPIC15_5,duration,ap,63,0.5636216879044575
BPIC15_5,duration,ap,64,0.23412675427656637
BPIC15_5,duration,ap,65,0.24016262375678088
BPIC15_5,duration,ap,66,0.23731094967672273
BPIC15_5,duration,ap,67,0.7515904369331563
BPIC15_5,duration,ap,68,0.3283844467018543
BPIC15_5,duration,ap,69,0.5889844646772162
BPIC15_5,duration,ap,70,0.5768719488046739
BPIC15_5,duration,ap,71,0.39702364329428097
BPIC15_5,duration,ap,72,0.6086613103686526
BPIC15_5,duration,ap,73,0.43138929249416935
BPIC15_5,duration,ap,74,0.4704006467049461
BPIC15_5,duration,ap,75,0.6516084399124841
BPIC15_5,duration,ap,76,0.52094201374616
BPIC15_5,duration,ap,77,0.5032040681093535
BPIC15_5,duration,ap,78,0.7725189968326414
BPIC15_5,duration,ap,79,0.4747631701229411
BPIC15_5,duration,ap,80,0.589833803579954
BPIC15_5,duration,ap,81,0.3734470356229207
BPIC15_5,duration,ap,82,0.7618608912266405
BPIC15_5,duration,ap,83,0.4723087987682806
BPIC15_5,duration,ap,84,0.6446740885517734
BPIC15_5,duration,ap,85,0.3887938884213089
BPIC15_5,duration,ap,86,0.6811639510942706
BPIC15_5,duration,ap,87,0.5095988598164196
BPIC15_5,duration,ap,88,0.5881588369912041
BPIC15_5,duration,ap,89,0.8065043203036223
BPIC15_5,duration,ap,90,0.8608125853450628
BPIC15_5,duration,ap,91,0.647894350904676
BPIC15_5,duration,ap,92,0.2086645659395553
BPIC15_5,duration,ap,93,0.43762733996554404
BPIC15_5,duration,ap,94,0.6082895918340906
BPIC15_5,duration,ap,95,0.5071656010086729
BPIC15_5,duration,ap,96,0.7179924592852109
BPIC15_5,duration,ap,97,0.7421113114813261
BPIC15_5,duration,ap,98,0.6219551476119507
BPIC15_5,duration,ap,99,0.7217474841123712
BPIC15_5,duration,ap,100,0.6012114473369303
BPIC15_5,duration,ap,101,0.4417592882622239
BPIC15_5,duration,ap,102,0.5506240999658869
BPIC15_5,duration,ap,103,0.8777702187075177
BPIC15_5,duration,ap,104,0.5572281297437603
BPIC15_5,duration,ap,105,0.7585744128481016
BPIC15_5,duration,ap,106,0.7599321054043131
BPIC15_5,duration,ap,107,0.2997077312926104
BPIC15_5,duration,ap,108,0.4526903464882922
BPIC15_5,duration,ap,109,0.3125755204653733
BPIC15_5,duration,ap,110,0.4909334439524389
BPIC15_5,duration,ap,111,0.5644389066686308
BPIC15_5,duration,ap,112,0.4813533453173372
BPIC15_5,duration,ap,113,0.5751016474067157
BPIC15_5,duration,ap,114,0.6234406621334998
BPIC15_5,duration,ap,115,0.6861270406872471
BPIC15_5,duration,ap,116,0.4989146100664339
BPIC15_5,duration,ap,117,0.2566015761973681
BPIC15_5,duration,ap,118,0.47847852266473967
BPIC15_5,duration,ap,119,0.6127694155253772
BPIC15_5,duration,ap,120,0.5488298850595873
BPIC15_5,duration,ap,121,0.37338687869583953
BPIC15_5,duration,ap,122,0.47368526843811753
BPIC15_5,duration,ap,123,0.6585183653834201
BPIC15_5,duration,ap,124,0.428220982286702
BPIC15_5,duration,ap,125,0.3082288023031228
BPIC15_5,duration,ap,126,0.6626057170376088
BPIC15_5,duration,ap,127,0.29082092197255816
BPIC15_5,duration,ap,128,0.7052399432500014
BPIC15_5,duration,ap,129,0.44002504475352056
BPIC15_5,duration,ap,130,0.3969208340480147
BPIC15_5,duration,ap,131,0.5990345662597385
BPIC15_5,duration,ap,132,0.5252912839711519
BPIC15_5,duration,ap,133,0.4327519168437657
BPIC15_5,duration,ap,134,0.8539807255242267
BPIC15_5,duration,ap,135,0.4483193649632534
BPIC15_5,duration,ap,136,0.5421454187236339
BPIC15_5,duration,ap,137,0.7457472274044246
BPIC15_5,duration,ap,138,0.44673490372271096
BPIC15_5,duration,ap,139,0.7380048775297989
BPIC15_5,duration,ap,140,0.2711862263711067
BPIC15_5,duration,ap,141,0.5915041215948216
BPIC15_5,duration,ap,142,0.6293979547767583
BPIC15_5,duration,ap,143,0.2596432837302324
BPIC15_5,duration,ap,144,0.2629349511695295
BPIC15_5,duration,ap,145,0.6708139986113119
BPIC15_5,duration,ap,146,0.434653233100882
BPIC15_5,duration,ap,147,0.4778008848688189
BPIC15_5,duration,ap,148,0.6176594154703349
BPIC15_5,duration,ap,149,0.47312400601443305
BPIC15_5,duration,auc,0,0.9514305997936724
BPIC15_5,duration,auc,1,0.59343721961483
BPIC15_5,duration,auc,2,0.8921158210352885
BPIC15_5,duration,auc,3,0.5367937682501531
BPIC15_5,duration,auc,4,0.18887122155645542
BPIC15_5,duration,auc,5,0.3485373283386157
BPIC15_5,duration,auc,6,0.5560527632847445
BPIC15_5,duration,auc,7,0.48670848373743136
BPIC15_5,duration,auc,8,0.2659063454767091
BPIC15_5,duration,auc,9,0.6978349901096611
BPIC15_5,duration,auc,10,0.7941233332188111
BPIC15_5,duration,auc,11,0.5537249187877331
BPIC15_5,duration,auc,12,0.699645154631854
BPIC15_5,duration,auc,13,0.3932413970701899
BPIC15_5,duration,auc,14,0.9337402867862927
BPIC15_5,duration,auc,15,0.7150963353438776
BPIC15_5,duration,auc,16,0.5023404743545193
BPIC15_5,duration,auc,17,0.5310506133457288
BPIC15_5,duration,auc,18,0.7252102791618749
BPIC15_5,duration,auc,19,0.33686008442897963
BPIC15_5,duration,auc,20,0.5061328999885047
BPIC15_5,duration,auc,21,0.8743615116563208
BPIC15_5,duration,auc,22,0.36314239434651086
BPIC15_5,duration,auc,23,0.19772493714714034
BPIC15_5,duration,auc,24,0.7497030423707445
BPIC15_5,duration,auc,25,0.37190720128125654
BPIC15_5,duration,auc,26,0.6382456497957425
BPIC15_5,duration,auc,27,0.41642635837834807
BPIC15_5,duration,auc,28,0.6362406436205419
BPIC15_5,duration,auc,29,0.510181896294736
BPIC15_5,duration,auc,30,0.8956009063133813
BPIC15_5,duration,auc,31,0.6126433343346784
BPIC15_5,duration,auc,32,0.42843695247243374
BPIC15_5,duration,auc,33,0.6451167855343595
BPIC15_5,duration,auc,34,0.3329791501154101
BPIC15_5,duration,auc,35,0.4530770106696089
BPIC15_5,duration,auc,36,0.4010758561783718
BPIC15_5,duration,auc,37,0.6838249558187637
BPIC15_5,duration,auc,38,0.5121127423594545
BPIC15_5,duration,auc,39,0.599817513036665
BPIC15_5,duration,auc,40,0.23929818904705547
BPIC15_5,duration,auc,41,0.33300314168851475
BPIC15_5,duration,auc,42,0.4809942201466184
BPIC15_5,duration,auc,43,0.4369094456438285
BPIC15_5,duration,auc,44,0.5644670198424215
BPIC15_5,duration,auc,45,0.8710776878217379
BPIC15_5,duration,auc,46,0.18296148406862223
BPIC15_5,duration,auc,47,0.6278259307242186
BPIC15_5,duration,auc,48,0.6250792437309678
BPIC15_5,duration,auc,49,0.6151552777282008
BPIC15_5,duration,auc,50,0.8457485292620477
BPIC15_5,duration,auc,51,0.5464468243189023
BPIC15_5,duration,auc,52,0.2760150488530163
BPIC15_5,duration,auc,53,0.3758338901094682
BPIC15_5,duration,auc,54,0.45966739419453684
BPIC15_5,duration,auc,55,0.7022785227343438
BPIC15_5,duration,auc,56,0.8172059490326565
BPIC15_5,duration,auc,57,0.8468347768264526
BPIC15_5,duration,auc,58,0.7370817716521286
BPIC15_5,duration,auc,59,0.8592860332135676
BPIC15_5,duration,auc,60,0.23783875156555112
BPIC15_5,duration,auc,61,0.6456866883517766
BPIC15_5,duration,auc,62,0.7628848784559277
BPIC15_5,duration,auc,63,0.3165996931087933
BPIC15_5,duration,auc,64,0.4908785283997198
BPIC15_5,duration,auc,65,0.44588916686709656
BPIC15_5,duration,auc,66,0.49388401355337086
BPIC15_5,duration,auc,67,0.8670605706375464
BPIC15_5,duration,auc,68,0.4745374704355365
BPIC15_5,duration,auc,69,0.5095074975468381
BPIC15_5,duration,auc,70,0.6154344142176529
BPIC15_5,duration,auc,71,0.7767014419733317
BPIC15_5,duration,auc,72,0.44631801053840836
BPIC15_5,duration,auc,73,0.8443673557080027
BPIC15_5,duration,auc,74,0.5891839154753353
BPIC15_5,duration,auc,75,0.755823104484106
BPIC15_5,duration,auc,76,0.6916218413384332
BPIC15_5,duration,auc,77,0.7695675111424887
BPIC15_5,duration,auc,78,0.5101479450104549
BPIC15_5,duration,auc,79,0.5887374177027278
BPIC15_5,duration,auc,80,0.6090949051040631
BPIC15_5,duration,auc,81,0.7679665273985201
BPIC15_5,duration,auc,82,0.7205936600796554
BPIC15_5,duration,auc,83,0.6622540734413016
BPIC15_5,duration,auc,84,0.8201996768398263
BPIC15_5,duration,auc,85,0.18286795463246852
BPIC15_5,duration,auc,86,0.44533370135292005
BPIC15_5,duration,auc,87,0.8061652774624778
BPIC15_5,duration,auc,88,0.7856660996702286
BPIC15_5,duration,auc,89,0.8940558253612731
BPIC15_5,duration,auc,90,0.8784295875231104
BPIC15_5,duration,auc,91,0.4079725778928125
BPIC15_5,duration,auc,92,0.40283638379760056
BPIC15_5,duration,auc,93,0.3708563925776881
BPIC15_5,duration,auc,94,0.17875358832521993
BPIC15_5,duration,auc,95,0.5525850146028246
BPIC15_5,duration,auc,96,0.8015900994488333
BPIC15_5,duration,auc,97,0.8108350032920262
BPIC15_5,duration,auc,98,0.7610301615800856
BPIC15_5,duration,auc,99,0.7608962360764726
BPIC15_5,duration,auc,100,0.6931159129783758
BPIC15_5,duration,auc,101,0.5874728844600243
BPIC15_5,duration,auc,102,0.45924379727521514
BPIC15_5,duration,auc,103,0.365981216487549
BPIC15_5,duration,auc,104,0.70096467972385
BPIC15_5,duration,auc,105,0.7532655933352159
BPIC15_5,duration,auc,106,0.3521318641551727
BPIC15_5,duration,auc,107,0.5965110140374592
BPIC15_5,duration,auc,108,0.5951360309668148
BPIC15_5,duration,auc,109,0.6312626920718801
BPIC15_5,duration,auc,110,0.46005606618708295
BPIC15_5,duration,auc,111,0.636602203200201
BPIC15_5,duration,auc,112,0.5998697106646695
BPIC15_5,duration,auc,113,0.4830659349965627
BPIC15_5,duration,auc,114,0.6100201300261405
BPIC15_5,duration,auc,115,0.7745979823322262
BPIC15_5,duration,auc,116,0.6677158822793267
BPIC15_5,duration,auc,117,0.45207280084682466
BPIC15_5,duration,auc,118,0.47547993450401804
BPIC15_5,duration,auc,119,0.298529969567328
BPIC15_5,duration,auc,120,0.5204717496791957
BPIC15_5,duration,auc,121,0.6537977037177345
BPIC15_5,duration,auc,122,0.49910552645028883
BPIC15_5,duration,auc,123,0.5865188393228551
BPIC15_5,duration,auc,124,0.6341700720640779
BPIC15_5,duration,auc,125,0.3326268828595903
BPIC15_5,duration,auc,126,0.588710914821532
BPIC15_5,duration,auc,127,0.6021552039972977
BPIC15_5,duration,auc,128,0.6176705615446791
BPIC15_5,duration,auc,129,0.3911017181204762
BPIC15_5,duration,auc,130,0.2580841311546054
BPIC15_5,duration,auc,131,0.8123631890294153
BPIC15_5,duration,auc,132,0.4064966480939902
BPIC15_5,duration,auc,133,0.3400290931584997
BPIC15_5,duration,auc,134,0.8710348321448028
BPIC15_5,duration,auc,135,0.5965320187993713
BPIC15_5,duration,auc,136,0.5648032712840307
BPIC15_5,duration,auc,137,0.8517409365903936
BPIC15_5,duration,auc,138,0.655221672163563
BPIC15_5,duration,auc,139,0.6969929302672306
BPIC15_5,duration,auc,140,0.2512210239239153
BPIC15_5,duration,auc,141,0.7283176783752772
BPIC15_5,duration,auc,142,0.8665230899726163
BPIC15_5,duration,auc,143,0.2809583875988315
BPIC15_5,duration,auc,144,0.5169759345081514
BPIC15_5,duration,auc,145,0.7661915865223756
BPIC15_5,duration,auc,146,0.641049196548549
BPIC15_5,duration,auc,147,0.6045731346196006
BPIC15_5,duration,auc,148,0.20428088253996557
BPIC15_5,duration,auc,149,0.714708665379812
BPIC15_5,duration,brier_skill,0,0.7497941996973619
BPIC15_5,duration,brier_skill,1,0.3468467298514458
BPIC15_5,duration,brier_skill,2,0.6199383117853288
BPIC15_5,duration,brier_skill,3,0.464769557038349
BPIC15_5,duration,brier_skill,4,0.5521607893964263
BPIC15_5,duration,brier_skill,5,0.7031623128609282
BPIC15_5,duration,brier_skill,6,0.37649862935952616
BPIC15_5,duration,brier_skill,7,0.5967786763698627
BPIC15_5,duration,brier_skill,8,0.7047561898575759
BPIC15_5,duration,brier_skill,9,0.24767034195029602
BPIC15_5,duration,brier_skill,10,0.3779651558992636
BPIC15_5,duration,brier_skill,11,0.7887372633696196
BPIC15_5,duration,brier_skill,12,0.6855059390434205
BPIC15_5,duration,brier_skill,13,0.6223920599238506
BPIC15_5,duration,brier_skill,14,0.5803601620442137
BPIC15_5,duration,brier_skill,15,0.48544217604341455
BPIC15_5,duration,brier_skill,16,0.3852111215514977
BPIC15_5,duration,brier_skill,17,0.49870752496306725
BPIC15_5,duration,brier_skill,18,0.632934652958149
BPIC15_5,duration,brier_skill,19,0.2984974462029517
BPIC15_5,duration,brier_skill,20,0.43356377057410234
BPIC15_5,duration,brier_skill,21,0.8526603696905551
BPIC15_5,duration,brier_skill,22,0.4505055917722023
BPIC15_5,duration,brier_skill,23,0.2120922032522432
BPIC15_5,duration,brier_skill,24,0.2593305833304822
BPIC15_5,duration,brier_skill,25,0.6591693611437789
BPIC15_5,duration,brier_skill,26,0.36173026700715494
BPIC15_5,duration,brier_skill,27,0.4271294855608957
BPIC15_5,duration,brier_skill,28,0.7421835169658122
BPIC15_5,duration,brier_skill,29,0.6260360792162364
BPIC15_5,duration,brier_skill,30,0.695337935414385
BPIC15_5,duration,brier_skill,31,0.2286121475539531
BPIC15_5,duration,brier_skill,32,0.3898182603033753
BPIC15_5,duration,brier_skill,33,0.3046143824410833
BPIC15_5,duration,brier_skill,34,0.46883027184162973
BPIC15_5,duration,brier_skill,35,0.24025795145000073
BPIC15_5,duration,brier_skill,36,0.8578495354616161
BPIC15_5,duration,brier_skill,37,0.5491643225969948
BPIC15_5,duration,brier_skill,38,0.6134899284121826
BPIC15_5,duration,brier_skill,39,0.5189962098585328
BPIC15_5,duration,brier_skill,40,0.329085589099985
BPIC15_5,duration,brier_skill,41,0.6453493982416736
BPIC15_5,duration,brier_skill,42,0.37446960750334335
BPIC15_5,duration,brier_skill,43,0.4815916694786999
BPIC15_5,duration,brier_skill,44,0.3080441143751339
BPIC15_5,duration,brier_skill,45,0.5820602045332467
BPIC15_5,duration,brier_skill,46,0.715391140587414
BPIC15_5,duration,brier_skill,47,0.6525737764938598
BPIC15_5,duration,brier_skill,48,0.2531730147509085
BPIC15_5,duration,brier_skill,49,0.38105352898949185
BPIC15_5,duration,brier_skill,50,0.6082187418903252
BPIC15_5,duration,brier_skill,51,0.9624548832972175
BPIC15_5,duration,brier_skill,52,0.35223488788960455
BPIC15_5,duration,brier_skill,53,0.40184528366413597
BPIC15_5,duration,brier_skill,54,0.5384649181521463
BPIC15_5,duration,brier_skill,55,0.30175669896623714
BPIC15_5,duration,brier_skill,56,0.5072504411621992
BPIC15_5,duration,brier_skill,57,0.2318624462466855
BPIC15_5,duration,brier_skill,58,0.31391870303743785
BPIC15_5,duration,brier_skill,59,0.33129541838455445
BPIC15_5,duration,brier_skill,60,0.5458408148023078
BPIC15_5,duration,brier_skill,61,0.3326993718854362
BPIC15_5,duration,brier_skill,62,0.39312140435444654
BPIC15_5,duration,brier_skill,63,0.8723502109418413
BPIC15_5,duration,brier_skill,64,0.4649260197562044
BPIC15_5,duration,brier_skill,65,0.6007346779419642
BPIC15_5,duration,brier_skill,66,0.5861671742247794
BPIC15_5,duration,brier_skill,67,0.5137779094230686
BPIC15_5,duration,brier_skill,68,0.9284015049358837
BPIC15_5,duration,brier_skill,69,0.31108298587162664
BPIC15_5,duration,brier_skill,70,0.4437468265290847
BPIC15_5,duration,brier_skill,71,0.44126864100613716
BPIC15_5,duration,brier_skill,72,0.7079920257612227
BPIC15_5,duration,brier_skill,73,0.7292684203838677
BPIC15_5,duration,brier_skill,74,0.6063599622201783
BPIC15_5,duration,brier_skill,75,0.48259222726939377
BPIC15_5,duration,brier_skill,76,0.6469217173060055
BPIC15_5,duration,brier_skill,77,0.7099824430027144
BPIC15_5,duration,brier_skill,78,0.3937642267971375
BPIC15_5,duration,brier_skill,79,0.22797399029266652
BPIC15_5,duration,brier_skill,80,0.27176811838947124
BPIC15_5,duration,brier_skill,81,0.7596299225847961
BPIC15_5,duration,brier_skill,82,0.5588876306657036
BPIC15_5,duration,brier_skill,83,0.7031581083467281
BPIC15_5,duration,brier_skill,84,0.538991054689161
BPIC15_5,duration,brier_skill,85,0.3146357175402905
BPIC15_5,duration,brier_skill,86,0.4846872034563404
BPIC15_5,duration,brier_skill,87,0.6381173416873804
BPIC15_5,duration,brier_skill,88,0.47821943838770653
BPIC15_5,duration,brier_skill,89,0.41000743001263873
BPIC15_5,duration,brier_skill,90,0.7015147565540992
BPIC15_5,duration,brier_skill,91,0.5896015098190726
BPIC15_5,duration,brier_skill,92,0.4045247006609789
BPIC15_5,duration,brier_skill,93,0.6080871171610112
BPIC15_5,duration,brier_skill,94,0.3293847817784096
BPIC15_5,duration,brier_skill,95,0.2735108675100496
BPIC15_5,duration,brier_skill,96,0.5249299578955481
BPIC15_5,duration,brier_skill,97,0.40662793763807503
BPIC15_5,duration,brier_skill,98,0.7681689728698883
BPIC15_5,duration,brier_skill,99,0.7603273363815639
BPIC15_5,duration,brier_skill,100,0.2109109043933879
BPIC15_5,duration,brier_skill,101,0.9127634456449473
BPIC15_5,duration,brier_skill,102,0.231077698356418
BPIC15_5,duration,brier_skill,103,0.4772459621237446
BPIC15_5,duration,brier_skill,104,0.8965753046046993
BPIC15_5,duration,brier_skill,105,0.4514518271553931
BPIC15_5,duration,brier_skill,106,0.6900722741208072
BPIC15_5,duration,brier_skill,107,0.6318383520713695
BPIC15_5,duration,brier_skill,108,0.657813818261571
BPIC15_5,duration,brier_skill,109,0.4126480719777058
BPIC15_5,duration,brier_skill,110,0.8082838686127514
BPIC15_5,duration,brier_skill,111,0.5166998936622351
BPIC15_5,duration,brier_skill,112,0.39893232140863677
BPIC15_5,duration,brier_skill,113,0.26462512474576416
BPIC15_5,duration,brier_skill,114,0.405254734248893
BPIC15_5,duration,brier_skill,115,0.6949552609281162
BPIC15_5,duration,brier_skill,116,0.5595730834786949
BPIC15_5,duration,brier_skill,117,0.40161944951414796
BPIC15_5,duration,brier_skill,118,0.45295985319501075
BPIC15_5,duration,brier_skill,119,0.4195295592999835
BPIC15_5,duration,brier_skill,120,0.5497282368949126
BPIC15_5,duration,brier_skill,121,0.5672453507463275
BPIC15_5,duration,brier_skill,122,0.6957660853515171
BPIC15_5,duration,brier_skill,123,0.5933720902483963
BPIC15_5,duration,brier_skill,124,0.28195987669896216
BPIC15_5,duration,brier_skill,125,0.583465197963046
BPIC15_5,duration,brier_skill,126,0.5858629810453599
BPIC15_5,duration,brier_skill,127,0.6662650210516096
BPIC15_5,duration,brier_skill,128,0.4528595426909028
BPIC15_5,duration,brier_skill,129,0.5259028481764563
BPIC15_5,duration,brier_skill,130,0.47061469389443733
BPIC15_5,duration,brier_skill,131,0.7860685998395799
BPIC15_5,duration,brier_skill,132,0.6693076809366877
BPIC15_5,duration,brier_skill,133,0.48356392531898473
BPIC15_5,duration,brier_skill,134,0.5478327737599331
BPIC15_5,duration,brier_skill,135,0.7116961677710829
BPIC15_5,duration,brier_skill,136,0.6499852683570742
BPIC15_5,duration,brier_skill,137,0.5861937645949916
BPIC15_5,duration,brier_skill,138,0.23864338525742224
BPIC15_5,duration,brier_skill,139,0.6673435037069685
BPIC15_5,duration,brier_skill,140,0.5001457692118416
BPIC15_5,duration,brier_skill,141,0.6087553288848333
BPIC15_5,duration,brier_skill,142,0.5893660467904196
BPIC15_5,duration,brier_skill,143,0.4042165746868066
BPIC15_5,duration,brier_skill,144,0.576730643049308
BPIC15_5,duration,brier_skill,145,0.6402314497200701
BPIC15_5,duration,brier_skill,146,0.4130360859139458
BPIC15_5,duration,brier_skill,147,0.34683245805902996
BPIC15_5,duration,brier_skill,148,0.4126526155919543
BPIC15_5,duration,brier_skill,149,0.39641209605346006
BPIC15_5,duration,logloss_skill,0,0.7772079987038476
BPIC15_5,duration,logloss_skill,1,0.1865615575214724
BPIC15_5,duration,logloss_skill,2,0.41254359363093807
BPIC15_5,duration,logloss_skill,3,0.3644202319990473
BPIC15_5,duration,logloss_skill,4,0.4008237218048072
BPIC15_5,duration,logloss_skill,5,0.6341696618712981
BPIC15_5,duration,logloss_skill,6,0.4403502423542297
BPIC15_5,duration,logloss_skill,7,0.401075479439408
BPIC15_5,duration,logloss_skill,8,0.7613272701843106
BPIC15_5,duration,logloss_skill,9,0.30178934195328155
BPIC15_5,duration,logloss_skill,10,0.31810833456148613
BPIC15_5,duration,logloss_skill,11,0.6446445582421729
BPIC15_5,duration,logloss_skill,12,0.28818298148039767
BPIC15_5,duration,logloss_skill,13,0.3454138734119182
BPIC15_5,duration,logloss_skill,14,0.6763701310022955
BPIC15_5,duration,logloss_skill,15,0.4273104586000622
BPIC15_5,duration,logloss_skill,16,0.46413843046415504
BPIC15_5,duration,logloss_skill,17,0.22415449139690025
BPIC15_5,duration,logloss_skill,18,0.5292792906269483
BPIC15_5,duration,logloss_skill,19,0.270724623522274
BPIC15_5,duration,logloss_skill,20,0.23819393613889484
BPIC15_5,duration,logloss_skill,21,0.928888778342209
BPIC15_5,duration,logloss_skill,22,0.48537138841284
BPIC15_5,duration,logloss_skill,23,0.2526838159218958
BPIC15_5,duration,logloss_skill,24,0.28589004715360056
BPIC15_5,duration,logloss_skill,25,0.5189378277938039
BPIC15_5,duration,logloss_skill,26,0.2982144040589946
BPIC15_5,duration,logloss_skill,27,0.35199796419264107
BPIC15_5,duration,logloss_skill,28,0.6854138975501779
BPIC15_5,duration,logloss_skill,29,0.7169778495409806
BPIC15_5,duration,logloss_skill,30,0.38474880396136446
BPIC15_5,duration,logloss_skill,31,0.3326162075741743
BPIC15_5,duration,logloss_skill,32,0.40562916068230015
BPIC15_5,duration,logloss_skill,33,0.28157879462254276
BPIC15_5,duration,logloss_skill,34,0.33775951356440725
BPIC15_5,duration,logloss_skill,35,0.2088030957147573
BPIC15_5,duration,logloss_skill,36,0.5387558031500018
BPIC15_5,duration,logloss_skill,37,0.6264527296057234
BPIC15_5,duration,logloss_skill,38,0.4288448724361472
BPIC15_5,duration,logloss_skill,39,0.6229240578366174
BPIC15_5,duration,logloss_skill,40,0.317198248912096
BPIC15_5,duration,logloss_skill,41,0.4253325086768107
BPIC15_5,duration,logloss_skill,42,0.27885477349036736
BPIC15_5,duration,logloss_skill,43,0.5007894398212904
BPIC15_5,duration,logloss_skill,44,0.28236710847165924
BPIC15_5,duration,logloss_skill,45,0.3692987651265077
BPIC15_5,duration,logloss_skill,46,0.6431730064364953
BPIC15_5,duration,logloss_skill,47,0.7428782119171629
BPIC15_5,duration,logloss_skill,48,0.31333314841333004
BPIC15_5,duration,logloss_skill,49,0.37285586869900356
BPIC15_5,duration,logloss_skill,50,0.38623533041865876
BPIC15_5,duration,logloss_skill,51,0.829941478045761
BPIC15_5,duration,logloss_skill,52,0.2168313268274239
BPIC15_5,duration,logloss_skill,53,0.3939665445512698
BPIC15_5,duration,logloss_skill,54,0.5256026514862029
BPIC15_5,duration,logloss_skill,55,0.2784137742573083
BPIC15_5,duration,logloss_skill,56,0.43208831765770017
BPIC15_5,duration,logloss_skill,57,0.27504436947293875
BPIC15_5,duration,logloss_skill,58,0.31966271688482606
BPIC15_5,duration,logloss_skill,59,0.33304925292581666
BPIC15_5,duration,logloss_skill,60,0.3975888782342869
BPIC15_5,duration,logloss_skill,61,0.3258142898655332
BPIC15_5,duration,logloss_skill,62,0.28643186959751343
BPIC15_5,duration,logloss_skill,63,0.788813611353609
BPIC15_5,duration,logloss_skill,64,0.2976748770285589
BPIC15_5,duration,logloss_skill,65,0.46158202732226206
BPIC15_5,duration,logloss_skill,66,0.4937485824146408
BPIC15_5,duration,logloss_skill,67,0.330176180331063
BPIC15_5,duration,logloss_skill,68,0.8802958987485078
BPIC15_5,duration,logloss_skill,69,0.3707216880931291
BPIC15_5,duration,logloss_skill,70,0.3093818668081386
BPIC15_5,duration,logloss_skill,71,0.2411901755290724
BPIC15_5,duration,logloss_skill,72,0.434414423955666
BPIC15_5,duration,logloss_skill,73,0.5230301803012896
BPIC15_5,duration,logloss_skill,74,0.6199965808857834
BPIC15_5,duration,logloss_skill,75,0.3822936309478957
BPIC15_5,duration,logloss_skill,76,0.6799080457579794
BPIC15_5,duration,logloss_skill,77,0.537237201486975
BPIC15_5,duration,logloss_skill,78,0.34315602203551143
BPIC15_5,duration,logloss_skill,79,0.3315323127555265
BPIC15_5,duration,logloss_skill,80,0.32663504184598446
BPIC15_5,duration,logloss_skill,81,0.5076617171315089
BPIC15_5,duration,logloss_skill,82,0.47201867949644527
BPIC15_5,duration,logloss_skill,83,0.6731482786737152
BPIC15_5,duration,logloss_skill,84,0.3978154849218931
BPIC15_5,duration,logloss_skill,85,0.2609336685132382
BPIC15_5,duration,logloss_skill,86,0.3870632975660261
BPIC15_5,duration,logloss_skill,87,0.496442187938115
BPIC15_5,duration,logloss_skill,88,0.38403713489927815
BPIC15_5,duration,logloss_skill,89,0.25090253728814116
BPIC15_5,duration,logloss_skill,90,0.6433913690320932
BPIC15_5,duration,logloss_skill,91,0.5857633734912786
BPIC15_5,duration,logloss_skill,92,0.4589732259939565
BPIC15_5,duration,logloss_skill,93,0.4892815219324097
BPIC15_5,duration,logloss_skill,94,0.3155933724602753
BPIC15_5,duration,logloss_skill,95,0.15293222772988546
BPIC15_5,duration,logloss_skill,96,0.6565449895838338
BPIC15_5,duration,logloss_skill,97,0.2557920242844025
BPIC15_5,duration,logloss_skill,98,0.46762168955482264
BPIC15_5,duration,logloss_skill,99,0.7411202899809235
BPIC15_5,duration,logloss_skill,100,0.4043371867961749
BPIC15_5,duration,logloss_skill,101,0.8455423792233312
BPIC15_5,duration,logloss_skill,102,0.2740857346371862
BPIC15_5,duration,logloss_skill,103,0.4096153749286219
BPIC15_5,duration,logloss_skill,104,0.7169047413020805
BPIC15_5,duration,logloss_skill,105,0.45372403396447913
BPIC15_5,duration,logloss_skill,106,0.4621675162545197
BPIC15_5,duration,logloss_skill,107,0.5465327932223416
BPIC15_5,duration,logloss_skill,108,0.5495687857426241
BPIC15_5,duration,logloss_skill,109,0.4607770476249712
BPIC15_5,duration,logloss_skill,110,0.8027148641699156
BPIC15_5,duration,logloss_skill,111,0.4232691034872881
BPIC15_5,duration,logloss_skill,112,0.5863011957731492
BPIC15_5,duration,logloss_skill,113,0.2842556598168742
BPIC15_5,duration,logloss_skill,114,0.321719505219778
BPIC15_5,duration,logloss_skill,115,0.6774606075781068
BPIC15_5,duration,logloss_skill,116,0.6490590839923842
BPIC15_5,duration,logloss_skill,117,0.48065363743885525
BPIC15_5,duration,logloss_skill,118,0.5355914166541125
BPIC15_5,duration,logloss_skill,119,0.3930965505256957
BPIC15_5,duration,logloss_skill,120,0.5563206288457911
BPIC15_5,duration,logloss_skill,121,0.4560911461097771
BPIC15_5,duration,logloss_skill,122,0.38428517715361266
BPIC15_5,duration,logloss_skill,123,0.5862137142509776
BPIC15_5,duration,logloss_skill,124,0.3431720142890491
BPIC15_5,duration,logloss_skill,125,0.46444813596236045
BPIC15_5,duration,logloss_skill,126,0.5743840130757594
BPIC15_5,duration,logloss_skill,127,0.43412879964828033
BPIC15_5,duration,logloss_skill,128,0.3688423344018631
BPIC15_5,duration,logloss_skill,129,0.4674377894753048
BPIC15_5,duration,logloss_skill,130,0.37813143864640686
BPIC15_5,duration,logloss_skill,131,0.871827458196235
BPIC15_5,duration,logloss_skill,132,0.768074617677937
BPIC15_5,duration,logloss_skill,133,0.306115047419649
BPIC15_5,duration,logloss_skill,134,0.36224702330096004
BPIC15_5,duration,logloss_skill,135,0.6306847438801582
BPIC15_5,duration,logloss_skill,136,0.7034077155783001
BPIC15_5,duration,logloss_skill,137,0.4330016639363016
BPIC15_5,duration,logloss_skill,138,0.23993846873562374
BPIC15_5,duration,logloss_skill,139,0.6098969700405052
BPIC15_5,duration,logloss_skill,140,0.5403493124022803
BPIC15_5,duration,logloss_skill,141,0.4321298926288637
BPIC15_5,duration,logloss_skill,142,0.18642278070872842
BPIC15_5,duration,logloss_skill,143,0.35507986780260603
BPIC15_5,duration,logloss_skill,144,0.5634798991208689
BPIC15_5,duration,logloss_skill,145,0.45376815888701005
BPIC15_5,duration,logloss_skill,146,0.33526212014417334
BPIC15_5,duration,logloss_skill,147,0.2830898553598131
BPIC15_5,duration,logloss_skill,148,0.32775822795329457
BPIC15_5,duration,logloss_skill,149,0.2284079706172507
BPIC15_5,duration,nagelkerke,0,0.7880830928695401
BPIC15_5,duration,nagelkerke,1,0.29972212273113097
BPIC15_5,duration,nagelkerke,2,0.5653535607064919
BPIC15_5,duration,nagelkerke,3,0.39111187725860086
BPIC15_5,duration,nagelkerke,4,0.4207603776307939
BPIC15_5,duration,nagelkerke,5,0.6537015029170721
BPIC15_5,duration,nagelkerke,6,0.6176836985203861
BPIC15_5,duration,nagelkerke,7,0.3952112709676725
BPIC15_5,duration,nagelkerke,8,0.7599254597236567
BPIC15_5,duration,nagelkerke,9,0.49333262427191826
BPIC15_5,duration,nagelkerke,10,0.5287854562466764
BPIC15_5,duration,nagelkerke,11,0.654434933013613
BPIC15_5,duration,nagelkerke,12,0.2943976002944836
BPIC15_5,duration,nagelkerke,13,0.43784447756735645
BPIC15_5,duration,nagelkerke,14,0.651458364147405
BPIC15_5,duration,nagelkerke,15,0.5358808710539051
BPIC15_5,duration,nagelkerke,16,0.6637199854565308
BPIC15_5,duration,nagelkerke,17,0.34616947213937865
BPIC15_5,duration,nagelkerke,18,0.6047418239965264
BPIC15_5,duration,nagelkerke,19,0.3595215872655674
BPIC15_5,duration,nagelkerke,20,0.4075812909764045
BPIC15_5,duration,nagelkerke,21,0.7849973085829207
BPIC15_5,duration,nagelkerke,22,0.5439500342907686
BPIC15_5,duration,nagelkerke,23,0.2697634021065132
BPIC15_5,duration,nagelkerke,24,0.4117187844628867
BPIC15_5,duration,nagelkerke,25,0.6466403554301141
BPIC15_5,duration,nagelkerke,26,0.480973833208601
BPIC15_5,duration,nagelkerke,27,0.43045033578906866
BPIC15_5,duration,nagelkerke,28,0.6508625653241074
BPIC15_5,duration,nagelkerke,29,0.7271332311766506
BPIC15_5,duration,nagelkerke,30,0.6549461109041119
BPIC15_5,duration,nagelkerke,31,0.4063145740228985
BPIC15_5,duration,nagelkerke,32,0.5296709910405386
BPIC15_5,duration,nagelkerke,33,0.4725199384670802
BPIC15_5,duration,nagelkerke,34,0.4895677169270203
BPIC15_5,duration,nagelkerke,35,0.33989067256062844
BPIC15_5,duration,nagelkerke,36,0.489287887060043
BPIC15_5,duration,nagelkerke,37,0.6771361047166529
BPIC15_5,duration,nagelkerke,38,0.5591042511577398
BPIC15_5,duration,nagelkerke,39,0.6554985774280708
BPIC15_5,duration,nagelkerke,40,0.4685302863060662
BPIC15_5,duration,nagelkerke,41,0.49459710725944694
BPIC15_5,duration,nagelkerke,42,0.41356648147330843
BPIC15_5,duration,nagelkerke,43,0.5114209846721401
BPIC15_5,duration,nagelkerke,44,0.4361179070579233
BPIC15_5,duration,nagelkerke,45,0.6232256090750382
BPIC15_5,duration,nagelkerke,46,0.707425343155451
BPIC15_5,duration,nagelkerke,47,0.7533728935866787
BPIC15_5,duration,nagelkerke,48,0.5069359752829908
BPIC15_5,duration,nagelkerke,49,0.6552542600688309
BPIC15_5,duration,nagelkerke,50,0.5757797901142304
BPIC15_5,duration,nagelkerke,51,0.8393204049786946
BPIC15_5,duration,nagelkerke,52,0.30881188660017567
BPIC15_5,duration,nagelkerke,53,0.6586429580473773
BPIC15_5,duration,nagelkerke,54,0.5194039653007461
BPIC15_5,duration,nagelkerke,55,0.3277821929963426
BPIC15_5,duration,nagelkerke,56,0.4533783521336264
BPIC15_5,duration,nagelkerke,57,0.5420652801053587
BPIC15_5,duration,nagelkerke,58,0.5528208040681123
BPIC15_5,duration,nagelkerke,59,0.49719300448403003
BPIC15_5,duration,nagelkerke,60,0.609954758578523
BPIC15_5,duration,nagelkerke,61,0.4824575482774328
BPIC15_5,duration,nagelkerke,62,0.4667005999075866
BPIC15_5,duration,nagelkerke,63,0.7780069252017873
BPIC15_5,duration,nagelkerke,64,0.37801233393184186
BPIC15_5,duration,nagelkerke,65,0.4483641278669601
BPIC15_5,duration,nagelkerke,66,0.6177502471266724
BPIC15_5,duration,nagelkerke,67,0.39565502765939364
BPIC15_5,duration,nagelkerke,68,0.8128457961285503
BPIC15_5,duration,nagelkerke,69,0.513200755853934
BPIC15_5,duration,nagelkerke,70,0.45650268615553513
BPIC15_5,duration,nagelkerke,71,0.6221780403238539
BPIC15_5,duration,nagelkerke,72,0.38388719288258
BPIC15_5,duration,nagelkerke,73,0.6910652181799759
BPIC15_5,duration,nagelkerke,74,0.6984289502097277
BPIC15_5,duration,nagelkerke,75,0.5072222410337968
BPIC15_5,duration,nagelkerke,76,0.6516013139913138
BPIC15_5,duration,nagelkerke,77,0.6054414937143731
BPIC15_5,duration,nagelkerke,78,0.5489777994738542
BPIC15_5,duration,nagelkerke,79,0.3323887603197363
BPIC15_5,duration,nagelkerke,80,0.555529637031962
BPIC15_5,duration,nagelkerke,81,0.6591441161527201
BPIC15_5,duration,nagelkerke,82,0.627344475048517
BPIC15_5,duration,nagelkerke,83,0.5993190109657259
BPIC15_5,duration,nagelkerke,84,0.4668820836512053
BPIC15_5,duration,nagelkerke,85,0.2969921742143997
BPIC15_5,duration,nagelkerke,86,0.5333739770902581
BPIC15_5,duration,nagelkerke,87,0.504731800551199
BPIC15_5,duration,nagelkerke,88,0.4178063983914486
BPIC15_5,duration,nagelkerke,89,0.38268588877032395
BPIC15_5,duration,nagelkerke,90,0.5681053485664119
BPIC15_5,duration,nagelkerke,91,0.6300538417265393
BPIC15_5,duration,nagelkerke,92,0.7258338948595787
BPIC15_5,duration,nagelkerke,93,0.4927599874922728
BPIC15_5,duration,nagelkerke,94,0.40106872389742976
BPIC15_5,duration,nagelkerke,95,0.3186886236404537
BPIC15_5,duration,nagelkerke,96,0.6812485821103427
BPIC15_5,duration,nagelkerke,97,0.3228426095518214
BPIC15_5,duration,nagelkerke,98,0.4396218551383908
BPIC15_5,duration,nagelkerke,99,0.7356929126720613
BPIC15_5,duration,nagelkerke,100,0.5322328081885104
BPIC15_5,duration,nagelkerke,101,0.780621806760917
BPIC15_5,duration,nagelkerke,102,0.5224548354369165
BPIC15_5,duration,nagelkerke,103,0.4932893169450143
BPIC15_5,duration,nagelkerke,104,0.8967869255034605
BPIC15_5,duration,nagelkerke,105,0.6368552849227773
BPIC15_5,duration,nagelkerke,106,0.4453343524562632
BPIC15_5,duration,nagelkerke,107,0.6107013202158579
BPIC15_5,duration,nagelkerke,108,0.6606878247174539
BPIC15_5,duration,nagelkerke,109,0.6912980087904317
BPIC15_5,duration,nagelkerke,110,0.8990130618710863
BPIC15_5,duration,nagelkerke,111,0.6445118182644376
BPIC15_5,duration,nagelkerke,112,0.6596929221339343
BPIC15_5,duration,nagelkerke,113,0.6432970732244471
BPIC15_5,duration,nagelkerke,114,0.43288530524123714
BPIC15_5,duration,nagelkerke,115,0.7110562850840102
BPIC15_5,duration,nagelkerke,116,0.6719450239513194
BPIC15_5,duration,nagelkerke,117,0.5459364347314056
BPIC15_5,duration,nagelkerke,118,0.6496394046379304
BPIC15_5,duration,nagelkerke,119,0.500375581791388
BPIC15_5,duration,nagelkerke,120,0.6349958463757458
BPIC15_5,duration,nagelkerke,121,0.45833301066377274
BPIC15_5,duration,nagelkerke,122,0.5520946712227869
BPIC15_5,duration,nagelkerke,123,0.5916783062363056
BPIC15_5,duration,nagelkerke,124,0.5043609670001301
BPIC15_5,duration,nagelkerke,125,0.5446732061174762
BPIC15_5,duration,nagelkerke,126,0.6446805142102976
BPIC15_5,duration,nagelkerke,127,0.47473624408857684
BPIC15_5,duration,nagelkerke,128,0.6579424329070085
BPIC15_5,duration,nagelkerke,129,0.5476640681486687
BPIC15_5,duration,nagelkerke,130,0.46871663606909497
BPIC15_5,duration,nagelkerke,131,0.7817984148601251
BPIC15_5,duration,nagelkerke,132,0.7563084481225874
BPIC15_5,duration,nagelkerke,133,0.544006249659461
BPIC15_5,duration,nagelkerke,134,0.43808362754118824
BPIC15_5,duration,nagelkerke,135,0.6881114277344157
BPIC15_5,duration,nagelkerke,136,0.7151063798445911
BPIC15_5,duration,nagelkerke,137,0.576133758335476
BPIC15_5,duration,nagelkerke,138,0.36063787024005267
BPIC15_5,duration,nagelkerke,139,0.5618164165112554
BPIC15_5,duration,nagelkerke,140,0.746969032654251
BPIC15_5,duration,nagelkerke,141,0.4982734031355943
BPIC15_5,duration,nagelkerke,142,0.3630793974222667
BPIC15_5,duration,nagelkerke,143,0.4046625225530267
BPIC15_5,duration,nagelkerke,144,0.5727140721633162
BPIC15_5,duration,nagelkerke,145,0.5128078531954647
BPIC15_5,duration,nagelkerke,146,0.339660635937891
BPIC15_5,duration,nagelkerke,147,0.25378849187684305
BPIC15_5,duration,nagelkerke,148,0.3602551295930211
BPIC15_5,duration,nagelkerke,149,0.407166036427146
BPIC17,duration,ap,0,0.6505137762326599
BPIC17,duration,ap,1,0.44331906955521416
BPIC17,duration,ap,2,0.29956284367095654
BPIC17,duration,ap,3,0.3643926501903365
BPIC17,duration,ap,4,0.30836852781739454
BPIC17,duration,ap,5,0.3934094352384073
BPIC17,duration,ap,6,0.2020867220115229
BPIC17,duration,ap,7,0.23846462547603575
BPIC17,duration,ap,8,0.1534462037973714
BPIC17,duration,ap,9,0.45737851920794204
BPIC17,duration,ap,10,0.20775871716225214
BPIC17,duration,ap,11,0.35741620484004
BPIC17,duration,ap,12,0.20676558633552122
BPIC17,duration,ap,13,0.27228902205722505
BPIC17,duration,ap,14,0.28000169330150126
BPIC17,duration,ap,15,0.19866819729906005
BPIC17,duration,ap,16,0.27386893033708637
BPIC17,duration,ap,17,0.45198992186125164
BPIC17,duration,ap,18,0.44271194230166167
BPIC17,duration,ap,19,0.44965775822616216
BPIC17,duration,ap,20,0.22874610757150493
BPIC17,duration,ap,21,0.4820532909662678
BPIC17,duration,ap,22,0.33065663117199584
BPIC17,duration,ap,23,0.17051618872522123
BPIC17,duration,ap,24,0.2348066082418271
BPIC17,duration,ap,25,0.2154183371490498
BPIC17,duration,ap,26,0.398196536276735
BPIC17,duration,ap,27,0.6656992278163396
BPIC17,duration,ap,28,0.4240394124351965
BPIC17,duration,ap,29,0.16971201393511082
BPIC17,duration,ap,30,0.19030081304722635
BPIC17,duration,ap,31,0.26011889357487683
BPIC17,duration,ap,32,0.37930376273392774
BPIC17,duration,ap,33,0.4056669541340524
BPIC17,duration,ap,34,0.264105609557871
BPIC17,duration,ap,35,0.3869164577879599
BPIC17,duration,ap,36,0.21294282597653735
BPIC17,duration,ap,37,0.5269425187267122
BPIC17,duration,ap,38,0.31269455487334674
BPIC17,duration,ap,39,0.4372431561609319
BPIC17,duration,ap,40,0.2756378886625599
BPIC17,duration,ap,41,0.21420716740602153
BPIC17,duration,ap,42,0.2634989780911241
BPIC17,duration,ap,43,0.11873855480067341
BPIC17,duration,ap,44,0.29770497503029514
BPIC17,duration,ap,45,0.19900063177015004
BPIC17,duration,ap,46,0.264313424171581
BPIC17,duration,ap,47,0.42510800728971443
BPIC17,duration,ap,48,0.19345180232389525
BPIC17,duration,ap,49,0.1436199204983979
BPIC17,duration,ap,50,0.43380184442038217
BPIC17,duration,ap,51,0.3480098247814445
BPIC17,duration,ap,52,0.38722390909176907
BPIC17,duration,ap,53,0.28396504354983954
BPIC17,duration,ap,54,0.3040666077311034
BPIC17,duration,ap,55,0.49803056304007487
BPIC17,duration,ap,56,0.37881754086591957
BPIC17,duration,ap,57,0.6060599056768492
BPIC17,duration,ap,58,0.39346564541163875
BPIC17,duration,ap,59,0.24575585123081656
BPIC17,duration,ap,60,0.35969817099621304
BPIC17,duration,ap,61,0.17510030173014246
BPIC17,duration,ap,62,0.2879871479124454
BPIC17,duration,ap,63,0.4921171127758821
BPIC17,duration,ap,64,0.2610870750145535
BPIC17,duration,ap,65,0.1525005973133725
BPIC17,duration,ap,66,0.316584856937121
BPIC17,duration,ap,67,0.3750861490418649
BPIC17,duration,ap,68,0.5353844363367147
BPIC17,duration,ap,69,0.2983882202026906
BPIC17,duration,ap,70,0.5631398361498385
BPIC17,duration,ap,71,0.13462601677184427
BPIC17,duration,ap,72,0.27544575667176485
BPIC17,duration,ap,73,0.3674655918526488
BPIC17,duration,ap,74,0.29520417472071525
BPIC17,duration,ap,75,0.5648508341532728
BPIC17,duration,ap,76,0.3791237290979681
BPIC17,duration,ap,77,0.3831479661324255
BPIC17,duration,ap,78,0.24323009200663237
BPIC17,duration,ap,79,0.39963695625168016
BPIC17,duration,auc,0,0.5585544473705107
BPIC17,duration,auc,1,0.6076275749713416
BPIC17,duration,auc,2,0.24129298335527005
BPIC17,duration,auc,3,0.29074965803843233
BPIC17,duration,auc,4,0.29560409018098976
BPIC17,duration,auc,5,0.21924662122869387
BPIC17,duration,auc,6,0.24701533966730616
BPIC17,duration,auc,7,0.28540573687925597
BPIC17,duration,auc,8,0.1749043050935023
BPIC17,duration,auc,9,0.2606557068262936
BPIC17,duration,auc,10,0.09925331431085627
BPIC17,duration,auc,11,0.27679225908972227
BPIC17,duration,auc,12,0.2323067690472853
BPIC17,duration,auc,13,0.2060211403084643
BPIC17,duration,auc,14,0.217553918534523
BPIC17,duration,auc,15,0.19139665180354992
BPIC17,duration,auc,16,0.3132110540452395
BPIC17,duration,auc,17,0.3215808251282213
BPIC17,duration,auc,18,0.3273419301157192
BPIC17,duration,auc,19,0.3246189605556917
BPIC17,duration,auc,20,0.309321108437945
BPIC17,duration,auc,21,0.2311815235681841
BPIC17,duration,auc,22,0.22733348287445465
BPIC17,duration,auc,23,0.14237678678660148
BPIC17,duration,auc,24,0.16378976399842227
BPIC17,duration,auc,25,0.3097973005648377
BPIC17,duration,auc,26,0.5318357814702904
BPIC17,duration,auc,27,0.6671237096930132
BPIC17,duration,auc,28,0.49233516544987577
BPIC17,duration,auc,29,0.38717415274881617
BPIC17,duration,auc,30,0.16908609386804196
BPIC17,duration,auc,31,0.1865449024039294
BPIC17,duration,auc,32,0.18996647847126114
BPIC17,duration,auc,33,0.44722667720548537
BPIC17,duration,auc,34,0.17246083278449276
BPIC17,duration,auc,35,0.2126333468785685
BPIC17,duration,auc,36,0.15951371782878399
BPIC17,duration,auc,37,0.44108496458983437
BPIC17,duration,auc,38,0.3512353653311072
BPIC17,duration,auc,39,0.38520716245608433
BPIC17,duration,auc,40,0.3150333943768966
BPIC17,duration,auc,41,0.168423042603552
BPIC17,duration,auc,42,0.20363314249742848
BPIC17,duration,auc,43,0.14595328714035827
BPIC17,duration,auc,44,0.3461339082819409
BPIC17,duration,auc,45,0.44954483665411493
BPIC17,duration,auc,46,0.2541305932770781
BPIC17,duration,auc,47,0.3190799846336334
BPIC17,duration,auc,48,0.34259545040479356
BPIC17,duration,auc,49,0.2467029787203635
BPIC17,duration,auc,50,0.23291135499530258
BPIC17,duration,auc,51,0.30215460236140257
BPIC17,duration,auc,52,0.4589239912767811
BPIC17,duration,auc,53,0.24878053861120408
BPIC17,duration,auc,54,0.19854658880381937
BPIC17,duration,auc,55,0.6256030667886627
BPIC17,duration,auc,56,0.2686551596727327
BPIC17,duration,auc,57,0.374291453356157
BPIC17,duration,auc,58,0.2592302830693771
BPIC17,duration,auc,59,0.18127050064249195
BPIC17,duration,auc,60,0.2522565714894147
BPIC17,duration,auc,61,0.3290916648190687
BPIC17,duration,auc,62,0.37036851952254524
BPIC17,duration,auc,63,0.4300942620848208
BPIC17,duration,auc,64,0.24535648958112
BPIC17,duration,auc,65,0.159767893447595
BPIC17,duration,auc,66,0.16631380019761943
BPIC17,duration,auc,67,0.3345715053045494
BPIC17,duration,auc,68,0.46322620799615355
BPIC17,duration,auc,69,0.37651561269348155
BPIC17,duration,auc,70,0.5473020435267133
BPIC17,duration,auc,71,0.15967143870180056
BPIC17,duration,auc,72,0.2805103895209148
BPIC17,duration,auc,73,0.23305558464046072
BPIC17,duration,auc,74,0.3535961776538824
BPIC17,duration,auc,75,0.5471450867796271
BPIC17,duration,auc,76,0.3360184972511242
BPIC17,duration,auc,77,0.19648309644537143
BPIC17,duration,auc,78,0.34371759183591866
BPIC17,duration,auc,79,0.4234788180570166
BPIC17,duration,brier_skill,0,0.28090834044861934
BPIC17,duration,brier_skill,1,0.27236710026874866
BPIC17,duration,brier_skill,2,0.48096192555332506
BPIC17,duration,brier_skill,3,0.1938606614739521
BPIC17,duration,brier_skill,4,0.21071661220915472
BPIC17,duration,brier_skill,5,0.20194077013253697
BPIC17,duration,brier_skill,6,0.151631292454536
BPIC17,duration,brier_skill,7,0.18398255140214403
BPIC17,duration,brier_skill,8,0.16036876637101583
BPIC17,duration,brier_skill,9,0.5583804452202193
BPIC17,duration,brier_skill,10,0.04768747557137909
BPIC17,duration,brier_skill,11,0.12416000036831976
BPIC17,duration,brier_skill,12,0.16635990070612316
BPIC17,duration,brier_skill,13,0.2072726061183151
BPIC17,duration,brier_skill,14,0.1292566992904014
BPIC17,duration,brier_skill,15,0.08710555260094077
BPIC17,duration,brier_skill,16,0.1680800065919339
BPIC17,duration,brier_skill,17,0.17619618841156304
BPIC17,duration,brier_skill,18,0.1553022039070142
BPIC17,duration,brier_skill,19,0.23005114074008515
BPIC17,duration,brier_skill,20,0.22123364093770947
BPIC17,duration,brier_skill,21,0.16474381030288976
BPIC17,duration,brier_skill,22,0.07071854233952157
BPIC17,duration,brier_skill,23,0.21990366582323473
BPIC17,duration,brier_skill,24,0.1455391531256225
BPIC17,duration,brier_skill,25,0.47869570204685075
BPIC17,duration,brier_skill,26,0.2925208977706081
BPIC17,duration,brier_skill,27,0.38015564447453043
BPIC17,duration,brier_skill,28,0.3917867924050593
BPIC17,duration,brier_skill,29,0.19167473122682566
BPIC17,duration,brier_skill,30,0.22627315321737984
BPIC17,duration,brier_skill,31,0.19937980705924996
BPIC17,duration,brier_skill,32,0.15243062723604928
BPIC17,duration,brier_skill,33,0.40168530477629183
BPIC17,duration,brier_skill,34,0.3918566851345998
BPIC17,duration,brier_skill,35,0.23025794135153377
BPIC17,duration,brier_skill,36,0.07028712085409572
BPIC17,duration,brier_skill,37,0.31919877588421186
BPIC17,duration,brier_skill,38,0.20207314430426992
BPIC17,duration,brier_skill,39,0.18846881716704333
BPIC17,duration,brier_skill,40,0.17394706849391384
BPIC17,duration,brier_skill,41,0.10778482009001755
BPIC17,duration,brier_skill,42,0.1436849067687228
BPIC17,duration,brier_skill,43,0.07399208366690058
BPIC17,duration,brier_skill,44,0.3906035595433762
BPIC17,duration,brier_skill,45,0.35554460110477193
BPIC17,duration,brier_skill,46,0.16722400067179588
BPIC17,duration,brier_skill,47,0.09797208548848402
BPIC17,duration,brier_skill,48,0.16822172633483468
BPIC17,duration,brier_skill,49,0.15424335685860113
BPIC17,duration,brier_skill,50,0.11172681548117669
BPIC17,duration,brier_skill,51,0.12197900879310619
BPIC17,duration,brier_skill,52,0.14887634247593584
BPIC17,duration,brier_skill,53,0.14035793646191908
BPIC17,duration,brier_skill,54,0.2069288367606088
BPIC17,duration,brier_skill,55,0.311873336495364
BPIC17,duration,brier_skill,56,0.5730859064448204
BPIC17,duration,brier_skill,57,0.1965423108382789
BPIC17,duration,brier_skill,58,0.20419229810749873
BPIC17,duration,brier_skill,59,0.21658882091262865
BPIC17,duration,brier_skill,60,0.21706286557638188
BPIC17,duration,brier_skill,61,0.4222604254965485
BPIC17,duration,brier_skill,62,0.21143868583726755
BPIC17,duration,brier_skill,63,0.09685895347355822
BPIC17,duration,brier_skill,64,0.22817644009175653
BPIC17,duration,brier_skill,65,0.16882942951190127
BPIC17,duration,brier_skill,66,0.11841511536790617
BPIC17,duration,brier_skill,67,0.19768864129153985
BPIC17,duration,brier_skill,68,0.13636111910313886
BPIC17,duration,brier_skill,69,0.1339281525998739
BPIC17,duration,brier_skill,70,0.20388890446612373
BPIC17,duration,brier_skill,71,0.1775770029222049
BPIC17,duration,brier_skill,72,0.11326714173756758
BPIC17,duration,brier_skill,73,0.19028871658703705
BPIC17,duration,brier_skill,74,0.2661675257952827
BPIC17,duration,brier_skill,75,0.08919716966571478
BPIC17,duration,brier_skill,76,0.48849231161013273
BPIC17,duration,brier_skill,77,0.19711526119955947
BPIC17,duration,brier_skill,78,0.19030357677169807
BPIC17,duration,brier_skill,79,0.16858712543722099
BPIC17,duration,logloss_skill,0,0.2834119678723387
BPIC17,duration,logloss_skill,1,0.26586240827752383
BPIC17,duration,logloss_skill,2,0.39072363133461807
BPIC17,duration,logloss_skill,3,0.1538925553694902
BPIC17,duration,logloss_skill,4,0.21665147793510808
BPIC17,duration,logloss_skill,5,0.1590077746049655
BPIC17,duration,logloss_skill,6,0.14107782156687698
BPIC17,duration,logloss_skill,7,0.20715727130997597
BPIC17,duration,logloss_skill,8,0.24219325915887935
BPIC17,duration,logloss_skill,9,0.5308452576805083
BPIC17,duration,logloss_skill,10,0.05186923592449744
BPIC17,duration,logloss_skill,11,0.1230993318015089
BPIC17,duration,logloss_skill,12,0.20123580698147736
BPIC17,duration,logloss_skill,13,0.17123257433883965
BPIC17,duration,logloss_skill,14,0.10028415615211406
BPIC17,duration,logloss_skill,15,0.08494793284851432
BPIC17,duration,logloss_skill,16,0.16872126495019335
BPIC17,duration,logloss_skill,17,0.1627263336678999
BPIC17,duration,logloss_skill,18,0.18566357070382755
BPIC17,duration,logloss_skill,19,0.22009076775606706
BPIC17,duration,logloss_skill,20,0.22335528299199148
BPIC17,duration,logloss_skill,21,0.17091470288100052
BPIC17,duration,logloss_skill,22,0.05949301253068928
BPIC17,duration,logloss_skill,23,0.2124723478249344
BPIC17,duration,logloss_skill,24,0.16169228090063836
BPIC17,duration,logloss_skill,25,0.47639721143252656
BPIC17,duration,logloss_skill,26,0.2902387400869587
BPIC17,duration,logloss_skill,27,0.35904517333245156
BPIC17,duration,logloss_skill,28,0.270193560793632
BPIC17,duration,logloss_skill,29,0.1574295677893175
BPIC17,duration,logloss_skill,30,0.21401669228996534
BPIC17,duration,logloss_skill,31,0.17083154126876776
BPIC17,duration,logloss_skill,32,0.12866796557729465
BPIC17,duration,logloss_skill,33,0.3673724728016503
BPIC17,duration,logloss_skill,34,0.3143465320985891
BPIC17,duration,logloss_skill,35,0.2113724743717219
BPIC17,duration,logloss_skill,36,0.11549133986021232
BPIC17,duration,logloss_skill,37,0.2842872457151042
BPIC17,duration,logloss_skill,38,0.2182973045568739
BPIC17,duration,logloss_skill,39,0.17334395352728593
BPIC17,duration,logloss_skill,40,0.16448929943099078
BPIC17,duration,logloss_skill,41,0.11910108176470524
BPIC17,duration,logloss_skill,42,0.15755164317273695
BPIC17,duration,logloss_skill,43,0.08688926847990908
BPIC17,duration,logloss_skill,44,0.3842491986146206
BPIC17,duration,logloss_skill,45,0.34794578483644567
BPIC17,duration,logloss_skill,46,0.18738031642560105
BPIC17,duration,logloss_skill,47,0.08483450541859205
BPIC17,duration,logloss_skill,48,0.1660387315699916
BPIC17,duration,logloss_skill,49,0.2094806404749675
BPIC17,duration,logloss_skill,50,0.11749767364043484
BPIC17,duration,logloss_skill,51,0.1281954922004529
BPIC17,duration,logloss_skill,52,0.13469582476615505
BPIC17,duration,logloss_skill,53,0.16026653012471614
BPIC17,duration,logloss_skill,54,0.201760841277562
BPIC17,duration,logloss_skill,55,0.31768503424012484
BPIC17,duration,logloss_skill,56,0.5264321721716895
BPIC17,duration,logloss_skill,57,0.20967339840147647
BPIC17,duration,logloss_skill,58,0.19880790363686784
BPIC17,duration,logloss_skill,59,0.21531258449782065
BPIC17,duration,logloss_skill,60,0.21143802685330348
BPIC17,duration,logloss_skill,61,0.4110468411840663
BPIC17,duration,logloss_skill,62,0.23187696157288562
BPIC17,duration,logloss_skill,63,0.08698549276709899
BPIC17,duration,logloss_skill,64,0.20585122040120696
BPIC17,duration,logloss_skill,65,0.15791343453636075
BPIC17,duration,logloss_skill,66,0.14850916438538875
BPIC17,duration,logloss_skill,67,0.18507844728777312
BPIC17,duration,logloss_skill,68,0.11118300576227569
BPIC17,duration,logloss_skill,69,0.15369457367322614
BPIC17,duration,logloss_skill,70,0.21020374927359797
BPIC17,duration,logloss_skill,71,0.17736522132601906
BPIC17,duration,logloss_skill,72,0.12343946019642482
BPIC17,duration,logloss_skill,73,0.1846013279027492
BPIC17,duration,logloss_skill,74,0.28022085808335095
BPIC17,duration,logloss_skill,75,0.07102379343844123
BPIC17,duration,logloss_skill,76,0.4524525252264723
BPIC17,duration,logloss_skill,77,0.18657483820266718
BPIC17,duration,logloss_skill,78,0.18758363164874647
BPIC17,duration,logloss_skill,79,0.17235927356571323
BPIC17,duration,nagelkerke,0,0.2853741439477865
BPIC17,duration,nagelkerke,1,0.26564272912747566
BPIC17,duration,nagelkerke,2,0.3918392221340048
BPIC17,duration,nagelkerke,3,0.15458319172239143
BPIC17,duration,nagelkerke,4,0.21752572390359493
BPIC17,duration,nagelkerke,5,0.1606797815827785
BPIC17,duration,nagelkerke,6,0.14250424169233022
BPIC17,duration,nagelkerke,7,0.21071530832913865
BPIC17,duration,nagelkerke,8,0.24239286914829128
BPIC17,duration,nagelkerke,9,0.5306828690378129
BPIC17,duration,nagelkerke,10,0.05288990363299384
BPIC17,duration,nagelkerke,11,0.12410541996452373
BPIC17,duration,nagelkerke,12,0.2042618481270685
BPIC17,duration,nagelkerke,13,0.1734530943779422
BPIC17,duration,nagelkerke,14,0.09996419204741847
BPIC17,duration,nagelkerke,15,0.08482034437737995
BPIC17,duration,nagelkerke,16,0.16943108527105433
BPIC17,duration,nagelkerke,17,0.16401373480351733
BPIC17,duration,nagelkerke,18,0.1883240426578463
BPIC17,duration,nagelkerke,19,0.22102637714356932
BPIC17,duration,nagelkerke,20,0.226345548419708
BPIC17,duration,nagelkerke,21,0.17154535004946214
BPIC17,duration,nagelkerke,22,0.059873757512644454
BPIC17,duration,nagelkerke,23,0.2120219055417878
BPIC17,duration,nagelkerke,24,0.16312560832828193
BPIC17,duration,nagelkerke,25,0.47810174054507215
BPIC17,duration,nagelkerke,26,0.2917619823749431
BPIC17,duration,nagelkerke,27,0.3593271798393053
BPIC17,duration,nagelkerke,28,0.2709571843862135
BPIC17,duration,nagelkerke,29,0.16100195855282595
BPIC17,duration,nagelkerke,30,0.2154260200424163
BPIC17,duration,nagelkerke,31,0.17025799141706865
BPIC17,duration,nagelkerke,32,0.1293611161152387
BPIC17,duration,nagelkerke,33,0.3677670159971971
BPIC17,duration,nagelkerke,34,0.31476866102605994
BPIC17,duration,nagelkerke,35,0.21360509440428888
BPIC17,duration,nagelkerke,36,0.1177818193425032
BPIC17,duration,nagelkerke,37,0.28504458632060437
BPIC17,duration,nagelkerke,38,0.21979617525634643
BPIC17,duration,nagelkerke,39,0.17484395132043562
BPIC17,duration,nagelkerke,40,0.1658814654881534
BPIC17,duration,nagelkerke,41,0.12044113505900567
BPIC17,duration,nagelkerke,42,0.15861848686546498
BPIC17,duration,nagelkerke,43,0.08801430619606299
BPIC17,duration,nagelkerke,44,0.38536859508122057
BPIC17,duration,nagelkerke,45,0.3463584008056213
BPIC17,duration,nagelkerke,46,0.1879582126587317
BPIC17,duration,nagelkerke,47,0.08661105856666695
BPIC17,duration,nagelkerke,48,0.1662958793715733
BPIC17,duration,nagelkerke,49,0.21272405819521234
BPIC17,duration,nagelkerke,50,0.1201967118190369
BPIC17,duration,nagelkerke,51,0.12888607687096465
BPIC17,duration,nagelkerke,52,0.13521329683923344
BPIC17,duration,nagelkerke,53,0.16261110772060416
BPIC17,duration,nagelkerke,54,0.20294068232494455
BPIC17,duration,nagelkerke,55,0.3193053181967892
BPIC17,duration,nagelkerke,56,0.5270736155266701
BPIC17,duration,nagelkerke,57,0.21210421592335071
BPIC17,duration,nagelkerke,58,0.2009900380547035
BPIC17,duration,nagelkerke,59,0.2171833950957398
BPIC17,duration,nagelkerke,60,0.2130483393561654
BPIC17,duration,nagelkerke,61,0.4130234645095068
BPIC17,duration,nagelkerke,62,0.23467457116248358
BPIC17,duration,nagelkerke,63,0.08632060533658736
BPIC17,duration,nagelkerke,64,0.2086214224673475
BPIC17,duration,nagelkerke,65,0.157578411666226
BPIC17,duration,nagelkerke,66,0.14923024387350758
BPIC17,duration,nagelkerke,67,0.18751082578201916
BPIC17,duration,nagelkerke,68,0.11237700105985005
BPIC17,duration,nagelkerke,69,0.15671363794627058
BPIC17,duration,nagelkerke,70,0.21034200460307595
BPIC17,duration,nagelkerke,71,0.17724812959515612
BPIC17,duration,nagelkerke,72,0.12438341804824604
BPIC17,duration,nagelkerke,73,0.18511704362157944
BPIC17,duration,nagelkerke,74,0.28116137133345465
BPIC17,duration,nagelkerke,75,0.07161428101627343
BPIC17,duration,nagelkerke,76,0.4521878932899971
BPIC17,duration,nagelkerke,77,0.18744359525514975
BPIC17,duration,nagelkerke,78,0.18970648516720345
BPIC17,duration,nagelkerke,79,0.1737036804544151
BPIC19,duration,ap,0,0.7370835270639926
BPIC19,duration,ap,1,0.7181849030367957
BPIC19,duration,ap,2,0.7529282779080405
BPIC19,duration,ap,3,0.6773810448940806
BPIC19,duration,ap,4,0.7687718682870133
BPIC19,duration,ap,5,0.6727559238896506
BPIC19,duration,ap,6,0.6294446606942252
BPIC19,duration,ap,7,0.6267016665187026
BPIC19,duration,ap,8,0.6986231802957967
BPIC19,duration,ap,9,0.654847383615371
BPIC19,duration,ap,10,0.7062511879403117
BPIC19,duration,ap,11,0.4683903104180148
BPIC19,duration,ap,12,0.685954235657817
BPIC19,duration,ap,13,0.6559910043364963
BPIC19,duration,ap,14,0.6780502560804327
BPIC19,duration,ap,15,0.7061657125147845
BPIC19,duration,ap,16,0.6351219072463061
BPIC19,duration,ap,17,0.7070162533908455
BPIC19,duration,ap,18,0.6370369224634622
BPIC19,duration,ap,19,0.7014928511548107
BPIC19,duration,ap,20,0.6891261666032276
BPIC19,duration,ap,21,0.7467618402052164
BPIC19,duration,ap,22,0.7062486396853953
BPIC19,duration,ap,23,0.6559524211750767
BPIC19,duration,ap,24,0.7187597699877983
BPIC19,duration,ap,25,0.6893157273038859
BPIC19,duration,ap,26,0.7664425276616991
BPIC19,duration,ap,27,0.5615340270228315
BPIC19,duration,ap,28,0.6998010892101632
BPIC19,duration,ap,29,0.7096970947009762
BPIC19,duration,ap,30,0.7098679774996686
BPIC19,duration,ap,31,0.6892675194026096
BPIC19,duration,ap,32,0.774208331521335
BPIC19,duration,ap,33,0.756660127276157
BPIC19,duration,ap,34,0.7875558838220245
BPIC19,duration,ap,35,0.6833028436842893
BPIC19,duration,ap,36,0.7664120683134776
BPIC19,duration,ap,37,0.670403251768224
BPIC19,duration,ap,38,0.7027466676629615
BPIC19,duration,ap,39,0.7110635111760625
BPIC19,duration,auc,0,0.8437795263331432
BPIC19,duration,auc,1,0.8703743312695659
BPIC19,duration,auc,2,0.799553717509499
BPIC19,duration,auc,3,0.8988458089013813
BPIC19,duration,auc,4,0.8803266953378245
BPIC19,duration,auc,5,0.8197339407630091
BPIC19,duration,auc,6,0.7951597106426831
BPIC19,duration,auc,7,0.7835404733440763
BPIC19,duration,auc,8,0.8387308545143136
BPIC19,duration,auc,9,0.7839336753989566
BPIC19,duration,auc,10,0.5084031418877246
BPIC19,duration,auc,11,0.349506275430733
BPIC19,duration,auc,12,0.8401967686884785
BPIC19,duration,auc,13,0.7854136895620898
BPIC19,duration,auc,14,0.7725480120672692
BPIC19,duration,auc,15,0.8106300666865062
BPIC19,duration,auc,16,0.8587324436552952
BPIC19,duration,auc,17,0.8364355118772587
BPIC19,duration,auc,18,0.8200257978926989
BPIC19,duration,auc,19,0.6465837796549683
BPIC19,duration,auc,20,0.4969155338718162
BPIC19,duration,auc,21,0.8384150596690252
BPIC19,duration,auc,22,0.8276284232296822
BPIC19,duration,auc,23,0.7774962802626774
BPIC19,duration,auc,24,0.6383470315096362
BPIC19,duration,auc,25,0.8012445295015895
BPIC19,duration,auc,26,0.5615259478250485
BPIC19,duration,auc,27,0.35190694524244637
BPIC19,duration,auc,28,0.48580578920433615
BPIC19,duration,auc,29,0.7870434983331324
BPIC19,duration,auc,30,0.8209272638883268
BPIC19,duration,auc,31,0.8449748358367757
BPIC19,duration,auc,32,0.5895080586673692
BPIC19,duration,auc,33,0.8102264959136953
BPIC19,duration,auc,34,0.8072464252297704
BPIC19,duration,auc,35,0.870594865343894
BPIC19,duration,auc,36,0.6103052641708722
BPIC19,duration,auc,37,0.8718770329183508
BPIC19,duration,auc,38,0.7857038131715393
BPIC19,duration,auc,39,0.6003194920620689
BPIC19,duration,brier_skill,0,0.2678434118864855
BPIC19,duration,brier_skill,1,0.18504820310437342
BPIC19,duration,brier_skill,2,0.2199451747095198
BPIC19,duration,brier_skill,3,0.24555793478332
BPIC19,duration,brier_skill,4,0.29199511762219343
BPIC19,duration,brier_skill,5,0.23133979410884953
BPIC19,duration,brier_skill,6,0.2262079295236996
BPIC19,duration,brier_skill,7,0.23089020854240916
BPIC19,duration,brier_skill,8,0.1881693202772048
BPIC19,duration,brier_skill,9,0.2819029623860234
BPIC19,duration,brier_skill,10,0.3722369371109633
BPIC19,duration,brier_skill,11,0.2579007684589143
BPIC19,duration,brier_skill,12,0.24612960121694616
BPIC19,duration,brier_skill,13,0.2230340424650894
BPIC19,duration,brier_skill,14,0.22749271576004093
BPIC19,duration,brier_skill,15,0.16672369158917366
BPIC19,duration,brier_skill,16,0.3425481548680259
BPIC19,duration,brier_skill,17,0.19034925812714087
BPIC19,duration,brier_skill,18,0.25489079145459725
BPIC19,duration,brier_skill,19,0.27543025272183264
BPIC19,duration,brier_skill,20,0.2884405313061228
BPIC19,duration,brier_skill,21,0.26628414126914013
BPIC19,duration,brier_skill,22,0.23124309148588895
BPIC19,duration,brier_skill,23,0.21436592845606084
BPIC19,duration,brier_skill,24,0.25738648488141325
BPIC19,duration,brier_skill,25,0.2168900156178053
BPIC19,duration,brier_skill,26,0.327747843328134
BPIC19,duration,brier_skill,27,0.3119662978391007
BPIC19,duration,brier_skill,28,0.29316726511863556
BPIC19,duration,brier_skill,29,0.24266820025214186
BPIC19,duration,brier_skill,30,0.2990501614516573
BPIC19,duration,brier_skill,31,0.24168047845145657
BPIC19,duration,brier_skill,32,0.2414050120588448
BPIC19,duration,brier_skill,33,0.23392221939986935
BPIC19,duration,brier_skill,34,0.2304281152478861
BPIC19,duration,brier_skill,35,0.2082920515404445
BPIC19,duration,brier_skill,36,0.287682208962872
BPIC19,duration,brier_skill,37,0.28616517995783086
BPIC19,duration,brier_skill,38,0.23747181372574133
BPIC19,duration,brier_skill,39,0.22931529979998733
BPIC19,duration,logloss_skill,0,0.2660877459878992
BPIC19,duration,logloss_skill,1,0.17239502414883945
BPIC19,duration,logloss_skill,2,0.26729556090064854
BPIC19,duration,logloss_skill,3,0.2698596376799488
BPIC19,duration,logloss_skill,4,0.28857322175026423
BPIC19,duration,logloss_skill,5,0.28422600501896156
BPIC19,duration,logloss_skill,6,0.2240422683064791
BPIC19,duration,logloss_skill,7,0.26443987136501657
BPIC19,duration,logloss_skill,8,0.2600923757283229
BPIC19,duration,logloss_skill,9,0.2247218697519191
BPIC19,duration,logloss_skill,10,0.2947797558320766
BPIC19,duration,logloss_skill,11,0.24878311648167462
BPIC19,duration,logloss_skill,12,0.23713814785293108
BPIC19,duration,logloss_skill,13,0.25403411427359435
BPIC19,duration,logloss_skill,14,0.24895509818742845
BPIC19,duration,logloss_skill,15,0.23520603249616878
BPIC19,duration,logloss_skill,16,0.2821995022218502
BPIC19,duration,logloss_skill,17,0.20707324346017542
BPIC19,duration,logloss_skill,18,0.2727541340204799
BPIC19,duration,logloss_skill,19,0.2768158049278192
BPIC19,duration,logloss_skill,20,0.27860709127478955
BPIC19,duration,logloss_skill,21,0.31980534258399085
BPIC19,duration,logloss_skill,22,0.27745262209915866
BPIC19,duration,logloss_skill,23,0.27695684455598724
BPIC19,duration,logloss_skill,24,0.2887178963043959
BPIC19,duration,logloss_skill,25,0.24188691513939842
BPIC19,duration,logloss_skill,26,0.3028590817743352
BPIC19,duration,logloss_skill,27,0.23649557114710285
BPIC19,duration,logloss_skill,28,0.2769234274329303
BPIC19,duration,logloss_skill,29,0.289427642755713
BPIC19,duration,logloss_skill,30,0.29120791226520015
BPIC19,duration,logloss_skill,31,0.21420027665044894
BPIC19,duration,logloss_skill,32,0.22856681595577777
BPIC19,duration,logloss_skill,33,0.2339276620192352
BPIC19,duration,logloss_skill,34,0.23135323042182288
BPIC19,duration,logloss_skill,35,0.26213320728510536
BPIC19,duration,logloss_skill,36,0.2710154710908006
BPIC19,duration,logloss_skill,37,0.24600167636774006
BPIC19,duration,logloss_skill,38,0.29671264188329693
BPIC19,duration,logloss_skill,39,0.25288744195773827
BPIC19,duration,nagelkerke,0,0.6232353407767212
BPIC19,duration,nagelkerke,1,0.354557841679611
BPIC19,duration,nagelkerke,2,0.5646438366270339
BPIC19,duration,nagelkerke,3,0.6166818812423429
BPIC19,duration,nagelkerke,4,0.49197306229117943
BPIC19,duration,nagelkerke,5,0.6531091844713235
BPIC19,duration,nagelkerke,6,0.4715050526472543
BPIC19,duration,nagelkerke,7,0.5791806246161748
BPIC19,duration,nagelkerke,8,0.5418624497448912
BPIC19,duration,nagelkerke,9,0.3892544357981904
BPIC19,duration,nagelkerke,10,0.5189676707278356
BPIC19,duration,nagelkerke,11,0.5551429540559332
BPIC19,duration,nagelkerke,12,0.46449839511861424
BPIC19,duration,nagelkerke,13,0.5933630891766505
BPIC19,duration,nagelkerke,14,0.6553704698279472
BPIC19,duration,nagelkerke,15,0.567905036828515
BPIC19,duration,nagelkerke,16,0.4965538227438152
BPIC19,duration,nagelkerke,17,0.4484843034441597
BPIC19,duration,nagelkerke,18,0.598345960650698
BPIC19,duration,nagelkerke,19,0.5906846008231047
BPIC19,duration,nagelkerke,20,0.558045011358161
BPIC19,duration,nagelkerke,21,0.6432263322195024
BPIC19,duration,nagelkerke,22,0.6165610795211751
BPIC19,duration,nagelkerke,23,0.6040421239324292
BPIC19,duration,nagelkerke,24,0.635625024549782
BPIC19,duration,nagelkerke,25,0.5650685253752856
BPIC19,duration,nagelkerke,26,0.6318165740499129
BPIC19,duration,nagelkerke,27,0.44293780133335037
BPIC19,duration,nagelkerke,28,0.556876690435441
BPIC19,duration,nagelkerke,29,0.6029164771962715
BPIC19,duration,nagelkerke,30,0.5745332963001777
BPIC19,duration,nagelkerke,31,0.4743765352261844
BPIC19,duration,nagelkerke,32,0.5088888039869497
BPIC19,duration,nagelkerke,33,0.5026877693440674
BPIC19,duration,nagelkerke,34,0.500496112847783
BPIC19,duration,nagelkerke,35,0.6005083945083634
BPIC19,duration,nagelkerke,36,0.5270549510946052
BPIC19,duration,nagelkerke,37,0.4646808872124464
BPIC19,duration,nagelkerke,38,0.6892703896721951
BPIC19,duration,nagelkerke,39,0.4685148475939719
Helpdesk,duration,ap,0,0.36336037773058105
Helpdesk,duration,ap,1,0.7731954063064228
Helpdesk,duration,ap,2,0.23537227628831658
Helpdesk,duration,ap,3,0.33995890101608117
Helpdesk,duration,ap,4,0.21126339267968297
Helpdesk,duration,ap,5,0.44988898656221743
Helpdesk,duration,ap,6,0.5671844091078876
Helpdesk,duration,ap,7,0.37057020757473613
Helpdesk,duration,ap,8,0.6965388936375451
Helpdesk,duration,ap,9,0.7338259858749947
Helpdesk,duration,ap,10,0.41300231643264496
Helpdesk,duration,ap,11,0.7293563615968865
Helpdesk,duration,ap,12,0.4659119470543921
Helpdesk,duration,ap,13,0.7174953660129847
Helpdesk,duration,ap,14,0.5466967184511258
Helpdesk,duration,ap,15,0.4739829780699262
Helpdesk,duration,ap,16,0.21164066041258667
Helpdesk,duration,ap,17,0.39709111915131645
Helpdesk,duration,ap,18,0.35443988022569206
Helpdesk,duration,ap,19,0.5249904895881421
Helpdesk,duration,ap,20,0.898057020329583
Helpdesk,duration,ap,21,0.4332757799596595
Helpdesk,duration,ap,22,0.6862682114851748
Helpdesk,duration,ap,23,0.30774365497870804
Helpdesk,duration,ap,24,0.5796969446349167
Helpdesk,duration,ap,25,0.6810202231742035
Helpdesk,duration,ap,26,0.44588185846583384
Helpdesk,duration,ap,27,0.42100252939917493
Helpdesk,duration,ap,28,0.6042079553058918
Helpdesk,duration,ap,29,0.6227931803747072
Helpdesk,duration,ap,30,0.3813220761118252
Helpdesk,duration,ap,31,0.3428032117802745
Helpdesk,duration,ap,32,0.767193831443112
Helpdesk,duration,ap,33,0.41913823384481885
Helpdesk,duration,ap,34,0.47224829761368126
Helpdesk,duration,ap,35,0.2186722474621533
Helpdesk,duration,ap,36,0.5195220924967229
Helpdesk,duration,ap,37,0.38879326069862596
Helpdesk,duration,ap,38,0.2690643767840102
Helpdesk,duration,ap,39,0.7023515580318275
Helpdesk,duration,ap,40,0.43744866197324395
Helpdesk,duration,ap,41,0.6384682272846162
Helpdesk,duration,ap,42,0.19803735705308512
Helpdesk,duration,ap,43,0.8695157476250555
Helpdesk,duration,ap,44,0.3244926607711426
Helpdesk,duration,ap,45,0.36568963813938904
Helpdesk,duration,ap,46,0.6471280606300792
Helpdesk,duration,ap,47,0.3139251582052205
Helpdesk,duration,ap,48,0.6588550513399993
Helpdesk,duration,ap,49,0.3029454435883737
Helpdesk,duration,ap,50,0.32775430308187015
Helpdesk,duration,ap,51,0.6247095988552381
Helpdesk,duration,ap,52,0.34562802492000677
Helpdesk,duration,ap,53,0.30184232920511744
Helpdesk,duration,ap,54,0.5598306956894874
Helpdesk,duration,ap,55,0.29023169576603336
Helpdesk,duration,ap,56,0.13548299676550335
Helpdesk,duration,ap,57,0.5695860880361046
Helpdesk,duration,ap,58,0.3169146613708731
Helpdesk,duration,ap,59,0.30931178059917297
Helpdesk,duration,ap,60,0.31513381484835823
Helpdesk,duration,ap,61,0.6988441401152188
Helpdesk,duration,ap,62,0.2991091730210643
Helpdesk,duration,ap,63,0.613889767255444
Helpdesk,duration,ap,64,0.768535171326625
Helpdesk,duration,ap,65,0.4102473028207023
Helpdesk,duration,ap,66,0.6559608845223648
Helpdesk,duration,ap,67,0.6161882830251426
Helpdesk,duration,ap,68,0.4709796306053148
Helpdesk,duration,ap,69,0.1720103154846877
Helpdesk,duration,ap,70,0.49536548640393696
Helpdesk,duration,ap,71,0.6446269951516962
Helpdesk,duration,ap,72,0.29711050898217817
Helpdesk,duration,ap,73,0.5030876090980217
Helpdesk,duration,ap,74,0.27753921235396584
Helpdesk,duration,ap,75,0.5199958923595821
Helpdesk,duration,ap,76,0.7901590681315178
Helpdesk,duration,ap,77,0.5767458940156248
Helpdesk,duration,ap,78,0.7435040139553046
Helpdesk,duration,ap,79,0.1322789527079593
Helpdesk,duration,auc,0,0.5953089995257099
Helpdesk,duration,auc,1,0.31428127204365475
Helpdesk,duration,auc,2,0.4928670282302088
Helpdesk,duration,auc,3,0.9151773066954679
Helpdesk,duration,auc,4,0.4244746292838155
Helpdesk,duration,auc,5,0.7995777095542976
Helpdesk,duration,auc,6,0.43778015842954854
Helpdesk,duration,auc,7,0.17723492008259945
Helpdesk,duration,auc,8,0.7291917623091511
Helpdesk,duration,auc,9,0.5070637614270902
Helpdesk,duration,auc,10,0.37320100576844983
Helpdesk,duration,auc,11,0.5736911290292481
Helpdesk,duration,auc,12,0.6046651110028742
Helpdesk,duration,auc,13,0.568481142217762
Helpdesk,duration,auc,14,0.41803484125412826
Helpdesk,duration,auc,15,0.6963056664346212
Helpdesk,duration,auc,16,0.3179365671485892
Helpdesk,duration,auc,17,0.5508272273257908
Helpdesk,duration,auc,18,0.39970703847220335
Helpdesk,duration,auc,19,0.7371089875473311
Helpdesk,duration,auc,20,0.5739138904766148
Helpdesk,duration,auc,21,0.6188148349754028
Helpdesk,duration,auc,22,0.8508483646268119
Helpdesk,duration,auc,23,0.26785988287213447
Helpdesk,duration,auc,24,0.6732050185984408
Helpdesk,duration,auc,25,0.7410628573960232
Helpdesk,duration,auc,26,0.31417889871646465
Helpdesk,duration,auc,27,0.6386396728363261
Helpdesk,duration,auc,28,0.501035115110964
Helpdesk,duration,auc,29,0.4138758008741674
Helpdesk,duration,auc,30,0.3793969063798992
Helpdesk,duration,auc,31,0.3600367428356809
Helpdesk,duration,auc,32,0.6219887535605355
Helpdesk,duration,auc,33,0.6174510585863147
Helpdesk,duration,auc,34,0.35744755259161476
Helpdesk,duration,auc,35,0.19726559499751795
Helpdesk,duration,auc,36,0.6608644484902275
Helpdesk,duration,auc,37,0.4223640292109435
Helpdesk,duration,auc,38,0.3255895462348676
Helpdesk,duration,auc,39,0.676540494655107
Helpdesk,duration,auc,40,0.5493716492824918
Helpdesk,duration,auc,41,0.6000561166766594
Helpdesk,duration,auc,42,0.37514973237828775
Helpdesk,duration,auc,43,0.5444992389134982
Helpdesk,duration,auc,44,0.44760042118527943
Helpdesk,duration,auc,45,0.44049284787084986
Helpdesk,duration,auc,46,0.8709584265570076
Helpdesk,duration,auc,47,0.22479342653697454
Helpdesk,duration,auc,48,0.6488951361926173
Helpdesk,duration,auc,49,0.25990958624389116
Helpdesk,duration,auc,50,0.5351479934465169
Helpdesk,duration,auc,51,0.5968819483456529
Helpdesk,duration,auc,52,0.3715874260112608
Helpdesk,duration,auc,53,0.3124010192361857
Helpdesk,duration,auc,54,0.5909916768588028
Helpdesk,duration,auc,55,0.2801539237946711
Helpdesk,duration,auc,56,0.2411997579527977
Helpdesk,duration,auc,57,0.41231249663761804
Helpdesk,duration,auc,58,0.20875748551860296
Helpdesk,duration,auc,59,0.614012483426263
Helpdesk,duration,auc,60,0.5316857653688309
Helpdesk,duration,auc,61,0.6156187455163409
Helpdesk,duration,auc,62,0.5590691899702682
Helpdesk,duration,auc,63,0.7397973746963662
Helpdesk,duration,auc,64,0.6364865735441486
Helpdesk,duration,auc,65,0.5649005323856067
Helpdesk,duration,auc,66,0.7525381775833531
Helpdesk,duration,auc,67,0.6251352783486424
Helpdesk,duration,auc,68,0.4568357794789959
Helpdesk,duration,auc,69,0.22316100607278921
Helpdesk,duration,auc,70,0.7994959033033553
Helpdesk,duration,auc,71,0.5344875382039684
Helpdesk,duration,auc,72,0.7115398252778031
Helpdesk,duration,auc,73,0.5941906633746594
Helpdesk,duration,auc,74,0.38719608166275765
Helpdesk,duration,auc,75,0.5089935463575964
Helpdesk,duration,auc,76,0.8980099403377622
Helpdesk,duration,auc,77,0.2888661806304055
Helpdesk,duration,auc,78,0.772395952708557
Helpdesk,duration,auc,79,0.25464133996093286
Helpdesk,duration,brier_skill,0,0.3918125787002076
Helpdesk,duration,brier_skill,1,0.4826530953772705
Helpdesk,duration,brier_skill,2,0.2241681252139116
Helpdesk,duration,brier_skill,3,0.41296118377685154
Helpdesk,duration,brier_skill,4,0.1784268242044541
Helpdesk,duration,brier_skill,5,0.21125661495273074
Helpdesk,duration,brier_skill,6,0.39777402316243216
Helpdesk,duration,brier_skill,7,0.31478572404714944
Helpdesk,duration,brier_skill,8,0.49971010842798846
Helpdesk,duration,brier_skill,9,0.2474420969900587
Helpdesk,duration,brier_skill,10,0.22951476740763166
Helpdesk,duration,brier_skill,11,0.38214422173952567
Helpdesk,duration,brier_skill,12,0.1843709147493765
Helpdesk,duration,brier_skill,13,0.3625388453914147
Helpdesk,duration,brier_skill,14,0.3351456506698427
Helpdesk,duration,brier_skill,15,0.368276323718312
Helpdesk,duration,brier_skill,16,0.2480461260648854
Helpdesk,duration,brier_skill,17,0.26016567333917195
Helpdesk,duration,brier_skill,18,0.2621395272738518
Helpdesk,duration,brier_skill,19,0.48696673609394514
Helpdesk,duration,brier_skill,20,0.1761825861531322
Helpdesk,duration,brier_skill,21,0.27441570894828027
Helpdesk,duration,brier_skill,22,0.5970228526046562
Helpdesk,duration,brier_skill,23,0.18365986940038848
Helpdesk,duration,brier_skill,24,0.34419600262859107
Helpdesk,duration,brier_skill,25,0.1863416086985663
Helpdesk,duration,brier_skill,26,0.3265206448001208
Helpdesk,duration,brier_skill,27,0.36424650997218677
Helpdesk,duration,brier_skill,28,0.23540872870432006
Helpdesk,duration,brier_skill,29,0.2487874310963606
Helpdesk,duration,brier_skill,30,0.3548117693015841
Helpdesk,duration,brier_skill,31,0.23454874337542764
Helpdesk,duration,brier_skill,32,0.5443081895433488
Helpdesk,duration,brier_skill,33,0.4402979228803422
Helpdesk,duration,brier_skill,34,0.3054085609870656
Helpdesk,duration,brier_skill,35,0.1697506352103002
Helpdesk,duration,brier_skill,36,0.4425727489230008
Helpdesk,duration,brier_skill,37,0.20197488269941888
Helpdesk,duration,brier_skill,38,0.2931097911001803
Helpdesk,duration,brier_skill,39,0.19584733821092182
Helpdesk,duration,brier_skill,40,0.24095810518315086
Helpdesk,duration,brier_skill,41,0.6435333410516862
Helpdesk,duration,brier_skill,42,0.3231695603083047
Helpdesk,duration,brier_skill,43,0.5375418441843762
Helpdesk,duration,brier_skill,44,0.2486938670034069
Helpdesk,duration,brier_skill,45,0.24158293751123705
Helpdesk,duration,brier_skill,46,0.6080135045048903
Helpdesk,duration,brier_skill,47,0.2346020452284312
Helpdesk,duration,brier_skill,48,0.5159844268056937
Helpdesk,duration,brier_skill,49,0.14511657422294832
Helpdesk,duration,brier_skill,50,0.4659477114374726
Helpdesk,duration,brier_skill,51,0.4185844841675589
Helpdesk,duration,brier_skill,52,0.19658768409038108
Helpdesk,duration,brier_skill,53,0.3712705145400874
Helpdesk,duration,brier_skill,54,0.3487512600123216
Helpdesk,duration,brier_skill,55,0.15579085825599348
Helpdesk,duration,brier_skill,56,0.13962210656730045
Helpdesk,duration,brier_skill,57,0.5785698080307999
Helpdesk,duration,brier_skill,58,0.32816402967908287
Helpdesk,duration,brier_skill,59,0.292858624920068
Helpdesk,duration,brier_skill,60,0.2658230299978168
Helpdesk,duration,brier_skill,61,0.39839672530906656
Helpdesk,duration,brier_skill,62,0.15786993609915778
Helpdesk,duration,brier_skill,63,0.2346555426074205
Helpdesk,duration,brier_skill,64,0.4612611429576575
Helpdesk,duration,brier_skill,65,0.5418955356314255
Helpdesk,duration,brier_skill,66,0.4637433108871254
Helpdesk,duration,brier_skill,67,0.35358179929901323
Helpdesk,duration,brier_skill,68,0.2379526807631287
Helpdesk,duration,brier_skill,69,0.5039704627665187
Helpdesk,duration,brier_skill,70,0.6102325909957389
Helpdesk,duration,brier_skill,71,0.4525724328064248
Helpdesk,duration,brier_skill,72,0.7629259890669543
Helpdesk,duration,brier_skill,73,0.14917427829923646
Helpdesk,duration,brier_skill,74,0.19366550537661675
Helpdesk,duration,brier_skill,75,0.408847630715763
Helpdesk,duration,brier_skill,76,0.7158977226639567
Helpdesk,duration,brier_skill,77,0.35104686134919794
Helpdesk,duration,brier_skill,78,0.3340256093881414
Helpdesk,duration,brier_skill,79,0.17391451030726235
Helpdesk,duration,logloss_skill,0,0.4707052833651959
Helpdesk,duration,logloss_skill,1,0.35439276450234647
Helpdesk,duration,logloss_skill,2,0.18394893129378342
Helpdesk,duration,logloss_skill,3,0.33055015955844824
Helpdesk,duration,logloss_skill,4,0.13844587487898252
Helpdesk,duration,logloss_skill,5,0.23460192247956058
Helpdesk,duration,logloss_skill,6,0.38937000067286753
Helpdesk,duration,logloss_skill,7,0.35092826206810346
Helpdesk,duration,logloss_skill,8,0.42675320201960876
Helpdesk,duration,logloss_skill,9,0.19630545691491652
Helpdesk,duration,logloss_skill,10,0.26273262356437366
Helpdesk,duration,logloss_skill,11,0.401022152670241
Helpdesk,duration,logloss_skill,12,0.2111693369385148
Helpdesk,duration,logloss_skill,13,0.31039800444974275
Helpdesk,duration,logloss_skill,14,0.20805696221777648
Helpdesk,duration,logloss_skill,15,0.2499998464117743
Helpdesk,duration,logloss_skill,16,0.3421525865098848
Helpdesk,duration,logloss_skill,17,0.26726739214520634
Helpdesk,duration,logloss_skill,18,0.26266036838936213
Helpdesk,duration,logloss_skill,19,0.2802819808817111
Helpdesk,duration,logloss_skill,20,0.13540779005637005
Helpdesk,duration,logloss_skill,21,0.24418325210208525
Helpdesk,duration,logloss_skill,22,0.5496929116740821
Helpdesk,duration,logloss_skill,23,0.20775947350961255
Helpdesk,duration,logloss_skill,24,0.28826629175751195
Helpdesk,duration,logloss_skill,25,0.19857944240754843
Helpdesk,duration,logloss_skill,26,0.31961166107898564
Helpdesk,duration,logloss_skill,27,0.31915223110583824
Helpdesk,duration,logloss_skill,28,0.22849270891268847
Helpdesk,duration,logloss_skill,29,0.271162605741915
Helpdesk,duration,logloss_skill,30,0.21493332819340794
Helpdesk,duration,logloss_skill,31,0.2348028872064739
Helpdesk,duration,logloss_skill,32,0.37599179423905515
Helpdesk,duration,logloss_skill,33,0.31061384138004533
Helpdesk,duration,logloss_skill,34,0.24271503528637184
Helpdesk,duration,logloss_skill,35,0.23282364168969238
Helpdesk,duration,logloss_skill,36,0.314306952345095
Helpdesk,duration,logloss_skill,37,0.12106105365055086
Helpdesk,duration,logloss_skill,38,0.24759900799890822
Helpdesk,duration,logloss_skill,39,0.1823998840280131
Helpdesk,duration,logloss_skill,40,0.26294849413925914
Helpdesk,duration,logloss_skill,41,0.5236621223537989
Helpdesk,duration,logloss_skill,42,0.33837913921139195
Helpdesk,duration,logloss_skill,43,0.5617455844851478
Helpdesk,duration,logloss_skill,44,0.25809561513112556
Helpdesk,duration,logloss_skill,45,0.20336449920716504
Helpdesk,duration,logloss_skill,46,0.37022637257865054
Helpdesk,duration,logloss_skill,47,0.26957468527144357
Helpdesk,duration,logloss_skill,48,0.4817162095018729
Helpdesk,duration,logloss_skill,49,0.17310120657439831
Helpdesk,duration,logloss_skill,50,0.4981728497315936
Helpdesk,duration,logloss_skill,51,0.32625978245926746
Helpdesk,duration,logloss_skill,52,0.1755834201197476
Helpdesk,duration,logloss_skill,53,0.46217015641876413
Helpdesk,duration,logloss_skill,54,0.31256604660507636
Helpdesk,duration,logloss_skill,55,0.16599766396410676
Helpdesk,duration,logloss_skill,56,0.1428284680817964
Helpdesk,duration,logloss_skill,57,0.44284168099615395
Helpdesk,duration,logloss_skill,58,0.30636576171317387
Helpdesk,duration,logloss_skill,59,0.35902404969696555
Helpdesk,duration,logloss_skill,60,0.23025324496641575
Helpdesk,duration,logloss_skill,61,0.3908706565789073
Helpdesk,duration,logloss_skill,62,0.14922701558981033
Helpdesk,duration,logloss_skill,63,0.1905021353358276
Helpdesk,duration,logloss_skill,64,0.36981850239667025
Helpdesk,duration,logloss_skill,65,0.29827647691383996
Helpdesk,duration,logloss_skill,66,0.35692534519312225
Helpdesk,duration,logloss_skill,67,0.38051849457607134
Helpdesk,duration,logloss_skill,68,0.23428964180201983
Helpdesk,duration,logloss_skill,69,0.45903664493923557
Helpdesk,duration,logloss_skill,70,0.43123114564784226
Helpdesk,duration,logloss_skill,71,0.4110884106661086
Helpdesk,duration,logloss_skill,72,0.7251289519837922
Helpdesk,duration,logloss_skill,73,0.13330880149734947
Helpdesk,duration,logloss_skill,74,0.20522823922391698
Helpdesk,duration,logloss_skill,75,0.24926676378015022
Helpdesk,duration,logloss_skill,76,0.606739145665778
Helpdesk,duration,logloss_skill,77,0.3712243755585479
Helpdesk,duration,logloss_skill,78,0.1585790209818464
Helpdesk,duration,logloss_skill,79,0.18294855831516665
Helpdesk,duration,nagelkerke,0,0.49341262600973335
Helpdesk,duration,nagelkerke,1,0.359856141265503
Helpdesk,duration,nagelkerke,2,0.1975190100298001
Helpdesk,duration,nagelkerke,3,0.33056345803255016
Helpdesk,duration,nagelkerke,4,0.14270518943707122
Helpdesk,duration,nagelkerke,5,0.23649356775550556
Helpdesk,duration,nagelkerke,6,0.3922662804016497
Helpdesk,duration,nagelkerke,7,0.35967626893464344
Helpdesk,duration,nagelkerke,8,0.4405101461519906
Helpdesk,duration,nagelkerke,9,0.19245601709284532
Helpdesk,duration,nagelkerke,10,0.26791437032037824
Helpdesk,duration,nagelkerke,11,0.4010502217390266
Helpdesk,duration,nagelkerke,12,0.21424981155939182
Helpdesk,duration,nagelkerke,13,0.31867686355109737
Helpdesk,duration,nagelkerke,14,0.19205750956253487
Helpdesk,duration,nagelkerke,15,0.24241773600325012
Helpdesk,duration,nagelkerke,16,0.40415575426522465
Helpdesk,duration,nagelkerke,17,0.3114844251691671
Helpdesk,duration,nagelkerke,18,0.2823130244297849
Helpdesk,duration,nagelkerke,19,0.25764151529020873
Helpdesk,duration,nagelkerke,20,0.15103725468277784
Helpdesk,duration,nagelkerke,21,0.2594346328280772
Helpdesk,duration,nagelkerke,22,0.5503425121680583
Helpdesk,duration,nagelkerke,23,0.21114345786866073
Helpdesk,duration,nagelkerke,24,0.28336080985895484
Helpdesk,duration,nagelkerke,25,0.2158708794024511
Helpdesk,duration,nagelkerke,26,0.34883031532191333
Helpdesk,duration,nagelkerke,27,0.3164151576284503
Helpdesk,duration,nagelkerke,28,0.2246853104232649
Helpdesk,duration,nagelkerke,29,0.29311464612110283
Helpdesk,duration,nagelkerke,30,0.21645291253623977
Helpdesk,duration,nagelkerke,31,0.2683882176651452
Helpdesk,duration,nagelkerke,32,0.33527812509402155
Helpdesk,duration,nagelkerke,33,0.30710305208055166
Helpdesk,duration,nagelkerke,34,0.2479744735025794
Helpdesk,duration,nagelkerke,35,0.2662289638965354
Helpdesk,duration,nagelkerke,36,0.3249993425616413
Helpdesk,duration,nagelkerke,37,0.11878702961406062
Helpdesk,duration,nagelkerke,38,0.22671274047675938
Helpdesk,duration,nagelkerke,39,0.1801578881746123
Helpdesk,duration,nagelkerke,40,0.2592255608932442
Helpdesk,duration,nagelkerke,41,0.5144444823848247
Helpdesk,duration,nagelkerke,42,0.3639514434984825
Helpdesk,duration,nagelkerke,43,0.5938267427555288
Helpdesk,duration,nagelkerke,44,0.25949691549180387
Helpdesk,duration,nagelkerke,45,0.20543991173458254
Helpdesk,duration,nagelkerke,46,0.37721405450298484
Helpdesk,duration,nagelkerke,47,0.29413872377031414
Helpdesk,duration,nagelkerke,48,0.4761374303349939
Helpdesk,duration,nagelkerke,49,0.18423434929909022
Helpdesk,duration,nagelkerke,50,0.5210826609212851
Helpdesk,duration,nagelkerke,51,0.3393488699904468
Helpdesk,duration,nagelkerke,52,0.1923499677069379
Helpdesk,duration,nagelkerke,53,0.5123933960547403
Helpdesk,duration,nagelkerke,54,0.2856013768269958
Helpdesk,duration,nagelkerke,55,0.18529557723975598
Helpdesk,duration,nagelkerke,56,0.16956761216740524
Helpdesk,duration,nagelkerke,57,0.43827111122588347
Helpdesk,duration,nagelkerke,58,0.33056768437465156
Helpdesk,duration,nagelkerke,59,0.3867563601412203
Helpdesk,duration,nagelkerke,60,0.2507361298853543
Helpdesk,duration,nagelkerke,61,0.4067666075108378
Helpdesk,duration,nagelkerke,62,0.1587957060333871
Helpdesk,duration,nagelkerke,63,0.1911324757953773
Helpdesk,duration,nagelkerke,64,0.36854054000604475
Helpdesk,duration,nagelkerke,65,0.28477352089075303
Helpdesk,duration,nagelkerke,66,0.34357014249834983
Helpdesk,duration,nagelkerke,67,0.36714360839566196
Helpdesk,duration,nagelkerke,68,0.2194662430084816
Helpdesk,duration,nagelkerke,69,0.47711095261222813
Helpdesk,duration,nagelkerke,70,0.43559972527546087
Helpdesk,duration,nagelkerke,71,0.39778495928788404
Helpdesk,duration,nagelkerke,72,0.7689086816225623
Helpdesk,duration,nagelkerke,73,0.13699406984013762
Helpdesk,duration,nagelkerke,74,0.2074659554770788
Helpdesk,duration,nagelkerke,75,0.23895419936935836
Helpdesk,duration,nagelkerke,76,0.6057365214907695
Helpdesk,duration,nagelkerke,77,0.3818382365039805
Helpdesk,duration,nagelkerke,78,0.16805140986144695
Helpdesk,duration,nagelkerke,79,0.1943070511088164
RoadFines,duration,ap,0,0.23097374696005024
RoadFines,duration,ap,1,0.23495174631294768
RoadFines,duration,ap,2,0.22237210110055772
RoadFines,duration,ap,3,0.24486701877445927
RoadFines,duration,ap,4,0.1892506347073254
RoadFines,duration,ap,5,0.23838601051231767
RoadFines,duration,ap,6,0.2894263269967481
RoadFines,duration,ap,7,0.22517797436646325
RoadFines,duration,ap,8,0.13085798809776794
RoadFines,duration,ap,9,0.31923802302494064
RoadFines,duration,ap,10,0.29492959844833155
RoadFines,duration,ap,11,0.11431561759027575
RoadFines,duration,ap,12,0.30020753176027093
RoadFines,duration,ap,13,0.24725502805995148
RoadFines,duration,ap,14,0.4185918202461676
RoadFines,duration,ap,15,0.13313470374954062
RoadFines,duration,ap,16,0.3477782730758594
RoadFines,duration,ap,17,0.0968447060637242
RoadFines,duration,ap,18,0.372932134639262
RoadFines,duration,ap,19,0.3260364608034948
RoadFines,duration,ap,20,0.3018436928979811
RoadFines,duration,ap,21,0.30468753039545227
RoadFines,duration,ap,22,0.1629633190674693
RoadFines,duration,ap,23,0.28913078649903823
RoadFines,duration,ap,24,0.3633988144472402
RoadFines,duration,ap,25,0.244680982184314
RoadFines,duration,ap,26,0.3312938456790696
RoadFines,duration,ap,27,0.2772252477219639
RoadFines,duration,ap,28,0.12360847597566682
RoadFines,duration,ap,29,0.2763896714894507
RoadFines,duration,ap,30,0.35427283632005246
RoadFines,duration,ap,31,0.24740938956044767
RoadFines,duration,ap,32,0.3650649296712183
RoadFines,duration,ap,33,0.37016787936971274
RoadFines,duration,ap,34,0.24350412918833597
RoadFines,duration,ap,35,0.2522056905252874
RoadFines,duration,ap,36,0.3283030113218791
RoadFines,duration,ap,37,0.46920690119548714
RoadFines,duration,ap,38,0.29632477645227984
RoadFines,duration,ap,39,0.37791583975307896
RoadFines,duration,auc,0,0.20200016692346012
RoadFines,duration,auc,1,0.17099301572880565
RoadFines,duration,auc,2,0.19547601976143159
RoadFines,duration,auc,3,0.27162654576107537
RoadFines,duration,auc,4,0.16346979684815321
RoadFines,duration,auc,5,0.22379890052025486
RoadFines,duration,auc,6,0.31428371157242907
RoadFines,duration,auc,7,0.1713344357476435
RoadFines,duration,auc,8,0.15065481865248742
RoadFines,duration,auc,9,0.29816030225517
RoadFines,duration,auc,10,0.2708719021924053
RoadFines,duration,auc,11,0.11153591076316927
RoadFines,duration,auc,12,0.24923901164872142
RoadFines,duration,auc,13,0.20275833524378584
RoadFines,duration,auc,14,0.5373085545905358
RoadFines,duration,auc,15,0.2535226787843238
RoadFines,duration,auc,16,0.39836144338802226
RoadFines,duration,auc,17,0.10312505426036278
RoadFines,duration,auc,18,0.44413532122982946
RoadFines,duration,auc,19,0.3516536586750163
RoadFines,duration,auc,20,0.36272161452500207
RoadFines,duration,auc,21,0.3773175183561326
RoadFines,duration,auc,22,0.3124427862845175
RoadFines,duration,auc,23,0.23596209804795865
RoadFines,duration,auc,24,0.3757627955472085
RoadFines,duration,auc,25,0.3789465187903063
RoadFines,duration,auc,26,0.36173981241133135
RoadFines,duration,auc,27,0.27639533270813055
RoadFines,duration,auc,28,0.17771755965007097
RoadFines,duration,auc,29,0.36355294124052495
RoadFines,duration,auc,30,0.37053787505586533
RoadFines,duration,auc,31,0.29189544423736113
RoadFines,duration,auc,32,0.3899928197502993
RoadFines,duration,auc,33,0.46489452035855927
RoadFines,duration,auc,34,0.25393736350837126
RoadFines,duration,auc,35,0.2874865397637558
RoadFines,duration,auc,36,0.29557612821596546
RoadFines,duration,auc,37,0.5779069092612037
RoadFines,duration,auc,38,0.32041460439702185
RoadFines,duration,auc,39,0.35704852975034096
RoadFines,duration,brier_skill,0,0.1625581268237264
RoadFines,duration,brier_skill,1,0.1979422068979324
RoadFines,duration,brier_skill,2,0.22823763777304062
RoadFines,duration,brier_skill,3,0.23899894348105355
RoadFines,duration,brier_skill,4,0.18996291752111083
RoadFines,duration,brier_skill,5,0.18253105767398314
RoadFines,duration,brier_skill,6,0.23094832711261604
RoadFines,duration,brier_skill,7,0.23724207940890762
RoadFines,duration,brier_skill,8,0.2211791640568057
RoadFines,duration,brier_skill,9,0.22310486764775428
RoadFines,duration,brier_skill,10,0.2612589158220393
RoadFines,duration,brier_skill,11,0.21436763256982672
RoadFines,duration,brier_skill,12,0.20951225922344396
RoadFines,duration,brier_skill,13,0.2573894819212248
RoadFines,duration,brier_skill,14,0.18376943718048633
RoadFines,duration,brier_skill,15,0.20299606696074968
RoadFines,duration,brier_skill,16,0.22340634152507022
RoadFines,duration,brier_skill,17,0.20248881790527318
RoadFines,duration,brier_skill,18,0.24101606963039734
RoadFines,duration,brier_skill,19,0.26772550263556705
RoadFines,duration,brier_skill,20,0.2364447655717774
RoadFines,duration,brier_skill,21,0.19031824318990975
RoadFines,duration,brier_skill,22,0.2500947171175196
RoadFines,duration,brier_skill,23,0.3122197915317265
RoadFines,duration,brier_skill,24,0.21811114355422467
RoadFines,duration,brier_skill,25,0.2117218366869883
RoadFines,duration,brier_skill,26,0.19913601378043122
RoadFines,duration,brier_skill,27,0.2059606856748648
RoadFines,duration,brier_skill,28,0.1922082192773793
RoadFines,duration,brier_skill,29,0.18520745033397268
RoadFines,duration,brier_skill,30,0.23545733828839643
RoadFines,duration,brier_skill,31,0.17551140834058587
RoadFines,duration,brier_skill,32,0.2972927230114475
RoadFines,duration,brier_skill,33,0.17591249791638675
RoadFines,duration,brier_skill,34,0.18963360348707303
RoadFines,duration,brier_skill,35,0.26533647268618965
RoadFines,duration,brier_skill,36,0.22849471738094573
RoadFines,duration,brier_skill,37,0.24096554702722284
RoadFines,duration,brier_skill,38,0.21147296504296864
RoadFines,duration,brier_skill,39,0.27319190878904065
RoadFines,duration,logloss_skill,0,0.1269596173760945
RoadFines,duration,logloss_skill,1,0.20061484469376933
RoadFines,duration,logloss_skill,2,0.18971794341016246
RoadFines,duration,logloss_skill,3,0.23673076961163975
RoadFines,duration,logloss_skill,4,0.1345441953541715
RoadFines,duration,logloss_skill,5,0.16332863389174634
RoadFines,duration,logloss_skill,6,0.18796365067654497
RoadFines,duration,logloss_skill,7,0.19962301524937587
RoadFines,duration,logloss_skill,8,0.16278972845923734
RoadFines,duration,logloss_skill,9,0.2206148846075251
RoadFines,duration,logloss_skill,10,0.24566466119867136
RoadFines,duration,logloss_skill,11,0.16376872352853566
RoadFines,duration,logloss_skill,12,0.20503525345976814
RoadFines,duration,logloss_skill,13,0.20315143278258074
RoadFines,duration,logloss_skill,14,0.13836919574524953
RoadFines,duration,logloss_skill,15,0.18196222825312147
RoadFines,duration,logloss_skill,16,0.2182682337776184
RoadFines,duration,logloss_skill,17,0.17587069703901603
RoadFines,duration,logloss_skill,18,0.21247181952480476
RoadFines,duration,logloss_skill,19,0.24578715847661825
RoadFines,duration,logloss_skill,20,0.19106007432759275
RoadFines,duration,logloss_skill,21,0.1576172513584141
RoadFines,duration,logloss_skill,22,0.1827674085535338
RoadFines,duration,logloss_skill,23,0.2937697497677745
RoadFines,duration,logloss_skill,24,0.19269537154221306
RoadFines,duration,logloss_skill,25,0.16672851398710264
RoadFines,duration,logloss_skill,26,0.15524802476384136
RoadFines,duration,logloss_skill,27,0.15642023801360683
RoadFines,duration,logloss_skill,28,0.14781401389794968
RoadFines,duration,logloss_skill,29,0.1705477865452838
RoadFines,duration,logloss_skill,30,0.20308795689079173
RoadFines,duration,logloss_skill,31,0.1432444741291582
RoadFines,duration,logloss_skill,32,0.3089089506446667
RoadFines,duration,logloss_skill,33,0.16380311275085058
RoadFines,duration,logloss_skill,34,0.14217416003975492
RoadFines,duration,logloss_skill,35,0.18229300702311846
RoadFines,duration,logloss_skill,36,0.23198251998757513
RoadFines,duration,logloss_skill,37,0.2382706944807178
RoadFines,duration,logloss_skill,38,0.18665377724654064
RoadFines,duration,logloss_skill,39,0.25436800457160014
RoadFines,duration,nagelkerke,0,0.12795349590377336
RoadFines,duration,nagelkerke,1,0.20043631313776145
RoadFines,duration,nagelkerke,2,0.19088868163681272
RoadFines,duration,nagelkerke,3,0.23631485390619122
RoadFines,duration,nagelkerke,4,0.13647655442750817
RoadFines,duration,nagelkerke,5,0.16340332831236193
RoadFines,duration,nagelkerke,6,0.19006273233224813
RoadFines,duration,nagelkerke,7,0.19925640184216564
RoadFines,duration,nagelkerke,8,0.16223569795347914
RoadFines,duration,nagelkerke,9,0.21990722007148644
RoadFines,duration,nagelkerke,10,0.24487434927037766
RoadFines,duration,nagelkerke,11,0.16359217642628754
RoadFines,duration,nagelkerke,12,0.20581724572758509
RoadFines,duration,nagelkerke,13,0.2038620180265318
RoadFines,duration,nagelkerke,14,0.14093477340444682
RoadFines,duration,nagelkerke,15,0.18234395909051204
RoadFines,duration,nagelkerke,16,0.21887142257249426
RoadFines,duration,nagelkerke,17,0.17673175997607005
RoadFines,duration,nagelkerke,18,0.21395593105237531
RoadFines,duration,nagelkerke,19,0.24611938406073686
RoadFines,duration,nagelkerke,20,0.19050706275397433
RoadFines,duration,nagelkerke,21,0.15903623942340273
RoadFines,duration,nagelkerke,22,0.1827327023913985
RoadFines,duration,nagelkerke,23,0.2940303366008046
RoadFines,duration,nagelkerke,24,0.1958690054648372
RoadFines,duration,nagelkerke,25,0.16703376852758667
RoadFines,duration,nagelkerke,26,0.1569888822861083
RoadFines,duration,nagelkerke,27,0.15844113946243066
RoadFines,duration,nagelkerke,28,0.14782336120003858
RoadFines,duration,nagelkerke,29,0.1713163629003578
RoadFines,duration,nagelkerke,30,0.20592403767303524
RoadFines,duration,nagelkerke,31,0.1439953349405262
RoadFines,duration,nagelkerke,32,0.3082886565418569
RoadFines,duration,nagelkerke,33,0.16611510322238143
RoadFines,duration,nagelkerke,34,0.14299021891225228
RoadFines,duration,nagelkerke,35,0.18353079451969512
RoadFines,duration,nagelkerke,36,0.23102756236671929
RoadFines,duration,nagelkerke,37,0.23962857298897822
RoadFines,duration,nagelkerke,38,0.1884440832658053
RoadFines,duration,nagelkerke,39,0.2538348503737633
Sepsis,duration,ap,0,0.29164867545880635
Sepsis,duration,ap,1,0.4273754963801242
Sepsis,duration,ap,2,0.25321265475798704
Sepsis,duration,ap,3,0.3826136104818738
Sepsis,duration,ap,4,0.20911858098698966
Sepsis,duration,ap,5,0.3264191190891026
Sepsis,duration,ap,6,0.24876012346143206
Sepsis,duration,ap,7,0.27130098302986305
Sepsis,duration,ap,8,0.6968383596906864
Sepsis,duration,ap,9,0.21913960197381066
Sepsis,duration,ap,10,0.2665149280336878
Sepsis,duration,ap,11,0.2367584894094621
Sepsis,duration,ap,12,0.47262599969403485
Sepsis,duration,ap,13,0.3313536578235625
Sepsis,duration,ap,14,0.4709179146049751
Sepsis,duration,ap,15,0.39508069855126515
Sepsis,duration,ap,16,0.14183975739856902
Sepsis,duration,ap,17,0.1966646387379959
Sepsis,duration,ap,18,0.16684910575516587
Sepsis,duration,ap,19,0.3710548818217463
Sepsis,duration,ap,20,0.22591785598914926
Sepsis,duration,ap,21,0.34326985072815774
Sepsis,duration,ap,22,0.3058784326987364
Sepsis,duration,ap,23,0.2560614913774871
Sepsis,duration,ap,24,0.8351904116876151
Sepsis,duration,ap,25,0.2018210317196888
Sepsis,duration,ap,26,0.22418787188386624
Sepsis,duration,ap,27,0.1563898425821797
Sepsis,duration,ap,28,0.22205534519106707
Sepsis,duration,ap,29,0.3828535530338869
Sepsis,duration,ap,30,0.4890751998476668
Sepsis,duration,ap,31,0.2872225774801308
Sepsis,duration,ap,32,0.30318940972402986
Sepsis,duration,ap,33,0.31374325962963523
Sepsis,duration,ap,34,0.24447076411155877
Sepsis,duration,ap,35,0.21731066954237188
Sepsis,duration,ap,36,0.27692232308659137
Sepsis,duration,ap,37,0.48543061752542027
Sepsis,duration,ap,38,0.6918272923308271
Sepsis,duration,ap,39,0.5487684956696404
Sepsis,duration,ap,40,0.32402241494732154
Sepsis,duration,ap,41,0.7008471587123082
Sepsis,duration,ap,42,0.1578731029445012
Sepsis,duration,ap,43,0.3560350552897291
Sepsis,duration,ap,44,0.22241376798929058
Sepsis,duration,ap,45,0.1707211450273296
Sepsis,duration,ap,46,0.3047430896722736
Sepsis,duration,ap,47,0.4113954787405121
Sepsis,duration,ap,48,0.19734955383754627
Sepsis,duration,ap,49,0.1401604009863009
Sepsis,duration,ap,50,0.4838182667390073
Sepsis,duration,ap,51,0.57247685378391
Sepsis,duration,ap,52,0.11650096092416518
Sepsis,duration,ap,53,0.10143175915008673
Sepsis,duration,ap,54,0.2750517949728608
Sepsis,duration,ap,55,0.38407568353945876
Sepsis,duration,ap,56,0.26133383586062675
Sepsis,duration,ap,57,0.25199146271286454
Sepsis,duration,ap,58,0.28641935758904835
Sepsis,duration,ap,59,0.5063635849900385
Sepsis,duration,ap,60,0.3530343468816063
Sepsis,duration,ap,61,0.3006516496658471
Sepsis,duration,ap,62,0.4484402083417187
Sepsis,duration,ap,63,0.14825355909080473
Sepsis,duration,ap,64,0.1323931492466548
Sepsis,duration,ap,65,0.3086253860372923
Sepsis,duration,ap,66,0.4337377063939768
Sepsis,duration,ap,67,0.18775132489322233
Sepsis,duration,ap,68,0.35199054150931186
Sepsis,duration,ap,69,0.25028606608645854
Sepsis,duration,ap,70,0.19408527831665623
Sepsis,duration,ap,71,0.3996979829985119
Sepsis,duration,ap,72,0.1980734100223457
Sepsis,duration,ap,73,0.18264423598594437
Sepsis,duration,ap,74,0.1792632899837442
Sepsis,duration,ap,75,0.3485095804635965
Sepsis,duration,ap,76,0.25634326893886894
Sepsis,duration,ap,77,0.24362467621707207
Sepsis,duration,ap,78,0.13717186461825692
Sepsis,duration,ap,79,0.28959111865665765
Sepsis,duration,ap,80,0.40915967521131114
Sepsis,duration,ap,81,0.14368652984285823
Sepsis,duration,ap,82,0.290136800647385
Sepsis,duration,ap,83,0.42399401101847545
Sepsis,duration,ap,84,0.22987580576365385
Sepsis,duration,ap,85,0.39619113561495
Sepsis,duration,ap,86,0.2028435551449782
Sepsis,duration,ap,87,0.49428640262312795
Sepsis,duration,ap,88,0.38837482806754187
Sepsis,duration,ap,89,0.46063390617874256
Sepsis,duration,ap,90,0.16985311673882153
Sepsis,duration,ap,91,0.6423499025388139
Sepsis,duration,ap,92,0.31614366229692437
Sepsis,duration,ap,93,0.3313019736885542
Sepsis,duration,ap,94,0.5109305888895788
Sepsis,duration,ap,95,0.3131943433801545
Sepsis,duration,ap,96,0.5571941044794586
Sepsis,duration,ap,97,0.12402558420643695
Sepsis,duration,ap,98,0.3892580304067441
Sepsis,duration,ap,99,0.17375121764745094
Sepsis,duration,ap,100,0.3130356674112229
Sepsis,duration,ap,101,0.40904862743152826
Sepsis,duration,ap,102,0.1835257019095322
Sepsis,duration,ap,103,0.559160727824399
Sepsis,duration,ap,104,0.30698298360555176
Sepsis,duration,ap,105,0.36243993389122264
Sepsis,duration,ap,106,0.355744916336306
Sepsis,duration,ap,107,0.2752991815115674
Sepsis,duration,ap,108,0.1403437003544339
Sepsis,duration,ap,109,0.55148340084772
Sepsis,duration,ap,110,0.26762224945690816
Sepsis,duration,ap,111,0.1775309068569878
Sepsis,duration,ap,112,0.21568879986108924
Sepsis,duration,ap,113,0.19196953636711278
Sepsis,duration,ap,114,0.22806424504168588
Sepsis,duration,ap,115,0.15434845942115039
Sepsis,duration,ap,116,0.39948851162562393
Sepsis,duration,ap,117,0.2576579650014822
Sepsis,duration,ap,118,0.3220444658179047
Sepsis,duration,ap,119,0.17474039624742121
Sepsis,duration,ap,120,0.2967018244783082
Sepsis,duration,ap,121,0.4638893951636991
Sepsis,duration,ap,122,0.2583442873806241
Sepsis,duration,ap,123,0.15937383318392895
Sepsis,duration,ap,124,0.35065963898265173
Sepsis,duration,ap,125,0.42598881397171495
Sepsis,duration,ap,126,0.483002504688837
Sepsis,duration,ap,127,0.197456465617163
Sepsis,duration,ap,128,0.29587442776490414
Sepsis,duration,ap,129,0.14879579267086485
Sepsis,duration,ap,130,0.27494822437456756
Sepsis,duration,ap,131,0.37463287626319763
Sepsis,duration,ap,132,0.2527698557682273
Sepsis,duration,ap,133,0.5916483500296597
Sepsis,duration,ap,134,0.2713046653268023
Sepsis,duration,ap,135,0.28963146420022123
Sepsis,duration,ap,136,0.5111668724486685
Sepsis,duration,ap,137,0.13046430618752014
Sepsis,duration,ap,138,0.4898818305568464
Sepsis,duration,ap,139,0.3511633250534725
Sepsis,duration,ap,140,0.28521941132427253
Sepsis,duration,ap,141,0.2932172422016778
Sepsis,duration,ap,142,0.4496311497249609
Sepsis,duration,ap,143,0.17618099848496016
Sepsis,duration,ap,144,0.10997190430639658
Sepsis,duration,ap,145,0.26550231227635734
Sepsis,duration,ap,146,0.3005813264930798
Sepsis,duration,ap,147,0.4738317647893142
Sepsis,duration,ap,148,0.2802375583732001
Sepsis,duration,ap,149,0.37185512615085214
Sepsis,duration,auc,0,0.2757177713093075
Sepsis,duration,auc,1,0.5665900425873017
Sepsis,duration,auc,2,0.24865160731344071
Sepsis,duration,auc,3,0.4246954139919993
Sepsis,duration,auc,4,0.2019285351006962
Sepsis,duration,auc,5,0.43332058947251895
Sepsis,duration,auc,6,0.0976937654957708
Sepsis,duration,auc,7,0.4475125597324169
Sepsis,duration,auc,8,0.8295337511629379
Sepsis,duration,auc,9,0.11558229891643879
Sepsis,duration,auc,10,0.2724257106395592
Sepsis,duration,auc,11,0.16691609290847342
Sepsis,duration,auc,12,0.18189513744569608
Sepsis,duration,auc,13,0.15771341344575407
Sepsis,duration,auc,14,0.7194077405637308
Sepsis,duration,auc,15,0.1488193377182676
Sepsis,duration,auc,16,0.15887249761932742
Sepsis,duration,auc,17,0.21382342932835008
Sepsis,duration,auc,18,0.11784557700178588
Sepsis,duration,auc,19,0.28929038978055843
Sepsis,duration,auc,20,0.5368181193776698
Sepsis,duration,auc,21,0.3738551552491417
Sepsis,duration,auc,22,0.2158604399527616
Sepsis,duration,auc,23,0.39999600042631334
Sepsis,duration,auc,24,0.6067185446978135
Sepsis,duration,auc,25,0.2152210199687008
Sepsis,duration,auc,26,0.2498843218067417
Sepsis,duration,auc,27,0.4365884019627979
Sepsis,duration,auc,28,0.17199130325226442
Sepsis,duration,auc,29,0.4052228266410467
Sepsis,duration,auc,30,0.5621255841491213
Sepsis,duration,auc,31,0.14126711382735557
Sepsis,duration,auc,32,0.25980368803356557
Sepsis,duration,auc,33,0.478860362647763
Sepsis,duration,auc,34,0.10783392708165007
Sepsis,duration,auc,35,0.4924603956815221
Sepsis,duration,auc,36,0.43230900163918473
Sepsis,duration,auc,37,0.7937182383147894
Sepsis,duration,auc,38,0.29307090228575894
Sepsis,duration,auc,39,0.5775240086728131
Sepsis,duration,auc,40,0.14728765102255426
Sepsis,duration,auc,41,0.7366559629320453
Sepsis,duration,auc,42,0.5085444140737969
Sepsis,duration,auc,43,0.5214141196429968
Sepsis,duration,auc,44,0.1890933972313138
Sepsis,duration,auc,45,0.7721490219506968
Sepsis,duration,auc,46,0.2756958004307799
Sepsis,duration,auc,47,0.3990666075267364
Sepsis,duration,auc,48,0.13732425859959263
Sepsis,duration,auc,49,0.17291989715095157
Sepsis,duration,auc,50,0.9430826437802659
Sepsis,duration,auc,51,0.36637311616746904
Sepsis,duration,auc,52,0.21314471225340093
Sepsis,duration,auc,53,0.0671050655788491
Sepsis,duration,auc,54,0.31928641920225376
Sepsis,duration,auc,55,0.5186322174529776
Sepsis,duration,auc,56,0.30250462622871166
Sepsis,duration,auc,57,0.21161985193758936
Sepsis,duration,auc,58,0.21991387316494992
Sepsis,duration,auc,59,0.4379588906025267
Sepsis,duration,auc,60,0.33326220314144406
Sepsis,duration,auc,61,0.12132812843454677
Sepsis,duration,auc,62,0.5828529507877143
Sepsis,duration,auc,63,0.1736798938748404
Sepsis,duration,auc,64,0.09408197439798105
Sepsis,duration,auc,65,0.5196316479904357
Sepsis,duration,auc,66,0.5655696605764852
Sepsis,duration,auc,67,0.3269638605598473
Sepsis,duration,auc,68,0.5190664865636438
Sepsis,duration,auc,69,0.5594713726183386
Sepsis,duration,auc,70,0.2965490860738511
Sepsis,duration,auc,71,0.8396407918679074
Sepsis,duration,auc,72,0.3077213264800698
Sepsis,duration,auc,73,0.25979004497831015
Sepsis,duration,auc,74,0.41044232639433287
Sepsis,duration,auc,75,0.3125575891060093
Sepsis,duration,auc,76,0.4673983886801326
Sepsis,duration,auc,77,0.1274143583854126
Sepsis,duration,auc,78,0.16644749857740315
Sepsis,duration,auc,79,0.19291366694388756
Sepsis,duration,auc,80,0.40675176064616825
Sepsis,duration,auc,81,0.20551494565162465
Sepsis,duration,auc,82,0.5489827795654659
Sepsis,duration,auc,83,0.7712374301459549
Sepsis,duration,auc,84,0.5305867247136125
Sepsis,duration,auc,85,0.5059291838187622
Sepsis,duration,auc,86,0.3229458631078077
Sepsis,duration,auc,87,0.5606490321161901
Sepsis,duration,auc,88,0.5490169014341981
Sepsis,duration,auc,89,0.6427588689920191
Sepsis,duration,auc,90,0.14197625266843228
Sepsis,duration,auc,91,0.5238764181807867
Sepsis,duration,auc,92,0.2287888759926332
Sepsis,duration,auc,93,0.3787322196555679
Sepsis,duration,auc,94,0.47814724838501066
Sepsis,duration,auc,95,0.14965759527087552
Sepsis,duration,auc,96,0.28020057220471195
Sepsis,duration,auc,97,0.029464905669269292
Sepsis,duration,auc,98,0.4200712031225926
Sepsis,duration,auc,99,0.19227344137835656
Sepsis,duration,auc,100,0.315852607636784
Sepsis,duration,auc,101,0.5447668565548573
Sepsis,duration,auc,102,0.512918047141182
Sepsis,duration,auc,103,0.2769584931789306
Sepsis,duration,auc,104,0.1315602278673892
Sepsis,duration,auc,105,0.3136925856833228
Sepsis,duration,auc,106,0.2700829537114222
Sepsis,duration,auc,107,0.24012324513395533
Sepsis,duration,auc,108,0.5403493603551028
Sepsis,duration,auc,109,0.6172793587346572
Sepsis,duration,auc,110,0.3803036630201928
Sepsis,duration,auc,111,0.15585810235015085
Sepsis,duration,auc,112,0.3211078416720444
Sepsis,duration,auc,113,0.02682708837500114
Sepsis,duration,auc,114,0.3229775344436526
Sepsis,duration,auc,115,0.22079154237692278
Sepsis,duration,auc,116,0.21111236253216537
Sepsis,duration,auc,117,0.18891771107299826
Sepsis,duration,auc,118,0.16459267134596123
Sepsis,duration,auc,119,0.31250008721763556
Sepsis,duration,auc,120,0.24790033568858894
Sepsis,duration,auc,121,0.33462467290716136
Sepsis,duration,auc,122,0.21761451895249395
Sepsis,duration,auc,123,0.18528840248404044
Sepsis,duration,auc,124,0.21581995871359505
Sepsis,duration,auc,125,0.4830633364981287
Sepsis,duration,auc,126,0.38261608317018014
Sepsis,duration,auc,127,0.43304616515751826
Sepsis,duration,auc,128,0.1420567268240549
Sepsis,duration,auc,129,0.05759820472634547
Sepsis,duration,auc,130,0.6654186991633835
Sepsis,duration,auc,131,0.3372442986920736
Sepsis,duration,auc,132,0.20838270807916182
Sepsis,duration,auc,133,0.7191632981590383
Sepsis,duration,auc,134,0.28100912468868056
Sepsis,duration,auc,135,0.7680341500292291
Sepsis,duration,auc,136,0.4100494391173889
Sepsis,duration,auc,137,0.21579392126042984
Sepsis,duration,auc,138,0.5308869514059747
Sepsis,duration,auc,139,0.41931381277213264
Sepsis,duration,auc,140,0.24982314985071552
Sepsis,duration,auc,141,0.14441495792958636
Sepsis,duration,auc,142,0.5594092922669194
Sepsis,duration,auc,143,0.2106017414205713
Sepsis,duration,auc,144,0.11573266081783251
Sepsis,duration,auc,145,0.3824388918493993
Sepsis,duration,auc,146,0.8130161217078751
Sepsis,duration,auc,147,0.3276478082811578
Sepsis,duration,auc,148,0.25284869810535204
Sepsis,duration,auc,149,0.2739554883716553
Sepsis,duration,brier_skill,0,0.6558729696800703
Sepsis,duration,brier_skill,1,0.4802033036756532
Sepsis,duration,brier_skill,2,0.9200874734543444
Sepsis,duration,brier_skill,3,0.9531589625579755
Sepsis,duration,brier_skill,4,0.3310521420913427
Sepsis,duration,brier_skill,5,0.5965264804028027
Sepsis,duration,brier_skill,6,0.24840664344520302
Sepsis,duration,brier_skill,7,0.955247294212749
Sepsis,duration,brier_skill,8,0.46424403253685653
Sepsis,duration,brier_skill,9,0.346040582107769
Sepsis,duration,brier_skill,10,0.8286910106577039
Sepsis,duration,brier_skill,11,0.6543967596822754
Sepsis,duration,brier_skill,12,0.29487787255799836
Sepsis,duration,brier_skill,13,0.31001881479391535
Sepsis,duration,brier_skill,14,0.5775109541688593
Sepsis,duration,brier_skill,15,0.5821821403023705
Sepsis,duration,brier_skill,16,0.48484998179191696
Sepsis,duration,brier_skill,17,0.7105599500195461
Sepsis,duration,brier_skill,18,0.21128132467267324
Sepsis,duration,brier_skill,19,0.25084092540137404
Sepsis,duration,brier_skill,20,0.6514701222011088
Sepsis,duration,brier_skill,21,0.2748173991163829
Sepsis,duration,brier_skill,22,0.22096647002732683
Sepsis,duration,brier_skill,23,0.35273293420647467
Sepsis,duration,brier_skill,24,0.6746440157503157
Sepsis,duration,brier_skill,25,0.4541166591747672
Sepsis,duration,brier_skill,26,0.4871807040718813
Sepsis,duration,brier_skill,27,0.733317101105252
Sepsis,duration,brier_skill,28,0.7817753758886563
Sepsis,duration,brier_skill,29,0.6123736861465419
Sepsis,duration,brier_skill,30,0.7282691004057138
Sepsis,duration,brier_skill,31,0.4942449036600105
Sepsis,duration,brier_skill,32,0.24600392425172712
Sepsis,duration,brier_skill,33,0.6388291989487016
Sepsis,duration,brier_skill,34,0.5854697533607609
Sepsis,duration,brier_skill,35,0.8607916068406687
Sepsis,duration,brier_skill,36,0.6146044120506469
Sepsis,duration,brier_skill,37,0.5489348141468025
Sepsis,duration,brier_skill,38,0.21928908337965247
Sepsis,duration,brier_skill,39,0.7968423715172104
Sepsis,duration,brier_skill,40,0.43618187759759297
Sepsis,duration,brier_skill,41,0.7520356044866233
Sepsis,duration,brier_skill,42,0.3914515222055496
Sepsis,duration,brier_skill,43,0.8145906027438992
Sepsis,duration,brier_skill,44,0.7185933962980271
Sepsis,duration,brier_skill,45,0.4920481513523114
Sepsis,duration,brier_skill,46,0.7488709665856259
Sepsis,duration,brier_skill,47,0.3589295079296927
Sepsis,duration,brier_skill,48,0.3575831427419146
Sepsis,duration,brier_skill,49,0.734359565642527
Sepsis,duration,brier_skill,50,0.739501819696925
Sepsis,duration,brier_skill,51,0.6770932442384033
Sepsis,duration,brier_skill,52,0.8217949859639501
Sepsis,duration,brier_skill,53,0.24321143140012635
Sepsis,duration,brier_skill,54,0.4522283708034912
Sepsis,duration,brier_skill,55,0.8254332925818777
Sepsis,duration,brier_skill,56,0.6943397657464067
Sepsis,duration,brier_skill,57,0.21477364284103995
Sepsis,duration,brier_skill,58,0.18936288269052992
Sepsis,duration,brier_skill,59,0.6945749687394082
Sepsis,duration,brier_skill,60,0.6513001827843752
Sepsis,duration,brier_skill,61,0.7576094791410882
Sepsis,duration,brier_skill,62,0.4415462525543413
Sepsis,duration,brier_skill,63,0.1736036455448987
Sepsis,duration,brier_skill,64,0.3776700455803099
Sepsis,duration,brier_skill,65,0.3656559509466639
Sepsis,duration,brier_skill,66,0.8374821248801751
Sepsis,duration,brier_skill,67,0.6100325683376835
Sepsis,duration,brier_skill,68,0.4607671488129862
Sepsis,duration,brier_skill,69,0.5602409305485465
Sepsis,duration,brier_skill,70,0.5668002213273396
Sepsis,duration,brier_skill,71,0.4402173182643988
Sepsis,duration,brier_skill,72,0.4986559716215715
Sepsis,duration,brier_skill,73,0.5163091219063622
Sepsis,duration,brier_skill,74,0.6948504924936784
Sepsis,duration,brier_skill,75,0.46173224343103725
Sepsis,duration,brier_skill,76,0.22837012253662214
Sepsis,duration,brier_skill,77,0.5780890474366048
Sepsis,duration,brier_skill,78,0.42914951058722883
Sepsis,duration,brier_skill,79,0.5486317300329232
Sepsis,duration,brier_skill,80,0.6208117193690558
Sepsis,duration,brier_skill,81,0.5783668858295201
Sepsis,duration,brier_skill,82,0.6067657060244042
Sepsis,duration,brier_skill,83,0.5894771068620589
Sepsis,duration,brier_skill,84,0.7577321120078551
Sepsis,duration,brier_skill,85,0.6098794244922792
Sepsis,duration,brier_skill,86,0.49206175842914757
Sepsis,duration,brier_skill,87,0.5739395863472201
Sepsis,duration,brier_skill,88,0.7392134768907862
Sepsis,duration,brier_skill,89,0.6790621081786989
Sepsis,duration,brier_skill,90,0.6050042636586686
Sepsis,duration,brier_skill,91,0.43813256062617567
Sepsis,duration,brier_skill,92,0.4216364507218515
Sepsis,duration,brier_skill,93,0.5223037628180482
Sepsis,duration,brier_skill,94,0.5584249525625844
Sepsis,duration,brier_skill,95,0.32074611884165394
Sepsis,duration,brier_skill,96,0.4129138344182224
Sepsis,duration,brier_skill,97,0.24325656599238854
Sepsis,duration,brier_skill,98,0.3728129318124922
Sepsis,duration,brier_skill,99,0.6310232209144668
Sepsis,duration,brier_skill,100,0.6530139572703588
Sepsis,duration,brier_skill,101,0.414297740153739
Sepsis,duration,brier_skill,102,0.5751378695304529
Sepsis,duration,brier_skill,103,0.6308856712393186
Sepsis,duration,brier_skill,104,0.4777845949065197
Sepsis,duration,brier_skill,105,0.4672650804731393
Sepsis,duration,brier_skill,106,0.49034268457978536
Sepsis,duration,brier_skill,107,0.4539026655164259
Sepsis,duration,brier_skill,108,0.8500766952928847
Sepsis,duration,brier_skill,109,0.7733083097457526
Sepsis,duration,brier_skill,110,0.37297273941358045
Sepsis,duration,brier_skill,111,0.4550516018023646
Sepsis,duration,brier_skill,112,0.6911273419079679
Sepsis,duration,brier_skill,113,0.3234049478735658
Sepsis,duration,brier_skill,114,0.4655531159295715
Sepsis,duration,brier_skill,115,0.22906510992947526
Sepsis,duration,brier_skill,116,0.3780179449415807
Sepsis,duration,brier_skill,117,0.39904385853567204
Sepsis,duration,brier_skill,118,0.2047134387928934
Sepsis,duration,brier_skill,119,0.6113521346929661
Sepsis,duration,brier_skill,120,0.4653802222278084
Sepsis,duration,brier_skill,121,0.3784006033145122
Sepsis,duration,brier_skill,122,0.5891124328486892
Sepsis,duration,brier_skill,123,0.8559933789809605
Sepsis,duration,brier_skill,124,0.6599982766331669
Sepsis,duration,brier_skill,125,0.5831493038667781
Sepsis,duration,brier_skill,126,0.20773049422548506
Sepsis,duration,brier_skill,127,0.5546318215709531
Sepsis,duration,brier_skill,128,0.6587936608703071
Sepsis,duration,brier_skill,129,0.22662298435779404
Sepsis,duration,brier_skill,130,0.8393144787643081
Sepsis,duration,brier_skill,131,0.8376064121840173
Sepsis,duration,brier_skill,132,0.2730507326278704
Sepsis,duration,brier_skill,133,0.7735715132614044
Sepsis,duration,brier_skill,134,0.34168247803455154
Sepsis,duration,brier_skill,135,0.8197389867349505
Sepsis,duration,brier_skill,136,0.49957799350537113
Sepsis,duration,brier_skill,137,0.6006589496941692
Sepsis,duration,brier_skill,138,0.29273553892506965
Sepsis,duration,brier_skill,139,0.4606948172830243
Sepsis,duration,brier_skill,140,0.38650420911160577
Sepsis,duration,brier_skill,141,0.2291759690291807
Sepsis,duration,brier_skill,142,0.8085380796087474
Sepsis,duration,brier_skill,143,0.31306033806823763
Sepsis,duration,brier_skill,144,0.30026006489745116
Sepsis,duration,brier_skill,145,0.6821593986954699
Sepsis,duration,brier_skill,146,0.5444326989404725
Sepsis,duration,brier_skill,147,0.830582361733307
Sepsis,duration,brier_skill,148,0.7614096376686064
Sepsis,duration,brier_skill,149,0.5922980845214022
Sepsis,duration,logloss_skill,0,0.5297055638738298
Sepsis,duration,logloss_skill,1,0.40449715583107027
Sepsis,duration,logloss_skill,2,0.8621999247261449
Sepsis,duration,logloss_skill,3,0.4034240959412927
Sepsis,duration,logloss_skill,4,0.31141439655146175
Sepsis,duration,logloss_skill,5,0.4822843333751856
Sepsis,duration,logloss_skill,6,0.42627174256805866
Sepsis,duration,logloss_skill,7,0.19533530391453713
Sepsis,duration,logloss_skill,8,0.24935155731199654
Sepsis,duration,logloss_skill,9,0.25940971358222586
Sepsis,duration,logloss_skill,10,0.231884577484346
Sepsis,duration,logloss_skill,11,0.3188382579401412
Sepsis,duration,logloss_skill,12,0.1764013359339648
Sepsis,duration,logloss_skill,13,0.3302653276953038
Sepsis,duration,logloss_skill,14,0.25363504828127204
Sepsis,duration,logloss_skill,15,0.4223517051125557
Sepsis,duration,logloss_skill,16,0.3041096471605227
Sepsis,duration,logloss_skill,17,0.1364533410290727
Sepsis,duration,logloss_skill,18,0.36155269773702325
Sepsis,duration,logloss_skill,19,0.2983728322289434
Sepsis,duration,logloss_skill,20,0.2781102247047359
Sepsis,duration,logloss_skill,21,0.25405247109782103
Sepsis,duration,logloss_skill,22,0.3832876931362891
Sepsis,duration,logloss_skill,23,0.18623342908545815
Sepsis,duration,logloss_skill,24,0.4411702950823806
Sepsis,duration,logloss_skill,25,0.31491107762067316
Sepsis,duration,logloss_skill,26,0.5474340819276065
Sepsis,duration,logloss_skill,27,0.23110419960258421
Sepsis,duration,logloss_skill,28,0.4784888325028702
Sepsis,duration,logloss_skill,29,0.2182229167734171
Sepsis,duration,logloss_skill,30,0.2512708383288157
Sepsis,duration,logloss_skill,31,0.4057705720944299
Sepsis,duration,logloss_skill,32,0.22134886573009627
Sepsis,duration,logloss_skill,33,0.2634359020975897
Sepsis,duration,logloss_skill,34,0.5161977655959058
Sepsis,duration,logloss_skill,35,0.3430756694196231
Sepsis,duration,logloss_skill,36,0.34545034104863315
Sepsis,duration,logloss_skill,37,0.3936128265937624
Sepsis,duration,logloss_skill,38,0.19087542943347946
Sepsis,duration,logloss_skill,39,0.4640070681650832
Sepsis,duration,logloss_skill,40,0.5186522061827887
Sepsis,duration,logloss_skill,41,0.32507216700322084
Sepsis,duration,logloss_skill,42,0.14770593032054025
Sepsis,duration,logloss_skill,43,0.2754671422455549
Sepsis,duration,logloss_skill,44,0.8801217639611617
Sepsis,duration,logloss_skill,45,0.3399610381102759
Sepsis,duration,logloss_skill,46,0.40698934395352837
Sepsis,duration,logloss_skill,47,0.2915003601808601
Sepsis,duration,logloss_skill,48,0.3451883292106005
Sepsis,duration,logloss_skill,49,0.3280214436849871
Sepsis,duration,logloss_skill,50,0.30579222478685
Sepsis,duration,logloss_skill,51,0.43343837527986817
Sepsis,duration,logloss_skill,52,0.638220872729163
Sepsis,duration,logloss_skill,53,0.3253868078428255
Sepsis,duration,logloss_skill,54,0.6110731726141878
Sepsis,duration,logloss_skill,55,0.3558237733820727
Sepsis,duration,logloss_skill,56,0.2647263183520453
Sepsis,duration,logloss_skill,57,0.38707256618116226
Sepsis,duration,logloss_skill,58,0.4140698415671106
Sepsis,duration,logloss_skill,59,0.4493149383922682
Sepsis,duration,logloss_skill,60,0.5436689430657784
Sepsis,duration,logloss_skill,61,0.5545994357861037
Sepsis,duration,logloss_skill,62,0.3605546152622888
Sepsis,duration,logloss_skill,63,0.19742667506443268
Sepsis,duration,logloss_skill,64,0.24651637594277964
Sepsis,duration,logloss_skill,65,0.22530889158310785
Sepsis,duration,logloss_skill,66,0.23157123563127413
Sepsis,duration,logloss_skill,67,0.49312599671630986
Sepsis,duration,logloss_skill,68,0.5651273759283882
Sepsis,duration,logloss_skill,69,0.3666402657561654
Sepsis,duration,logloss_skill,70,0.2504407415430685
Sepsis,duration,logloss_skill,71,0.25665755518193
Sepsis,duration,logloss_skill,72,0.17712985837511164
Sepsis,duration,logloss_skill,73,0.3176365593261936
Sepsis,duration,logloss_skill,74,0.49150151901779127
Sepsis,duration,logloss_skill,75,0.21765768061995672
Sepsis,duration,logloss_skill,76,0.32088504563028797
Sepsis,duration,logloss_skill,77,0.4132379527914193
Sepsis,duration,logloss_skill,78,0.3295307044299437
Sepsis,duration,logloss_skill,79,0.5254576258066573
Sepsis,duration,logloss_skill,80,0.5544588994615125
Sepsis,duration,logloss_skill,81,0.2627890372894738
Sepsis,duration,logloss_skill,82,0.4829724038108901
Sepsis,duration,logloss_skill,83,0.2556287521902266
Sepsis,duration,logloss_skill,84,0.699099529187363
Sepsis,duration,logloss_skill,85,0.3777637746490562
Sepsis,duration,logloss_skill,86,0.3208696904709045
Sepsis,duration,logloss_skill,87,0.327591245750144
Sepsis,duration,logloss_skill,88,0.5507227957321936
Sepsis,duration,logloss_skill,89,0.34763851581581284
Sepsis,duration,logloss_skill,90,0.5849481312386342
Sepsis,duration,logloss_skill,91,0.4263482077666556
Sepsis,duration,logloss_skill,92,0.29858690255722475
Sepsis,duration,logloss_skill,93,0.38768026315006976
Sepsis,duration,logloss_skill,94,0.32185626127604494
Sepsis,duration,logloss_skill,95,0.40621108727717603
Sepsis,duration,logloss_skill,96,0.2990011243755033
Sepsis,duration,logloss_skill,97,0.21299955302709828
Sepsis,duration,logloss_skill,98,0.23875505998006052
Sepsis,duration,logloss_skill,99,0.23128040158875018
Sepsis,duration,logloss_skill,100,0.41782389272731635
Sepsis,duration,logloss_skill,101,0.30764005565312014
Sepsis,duration,logloss_skill,102,0.29523412216192624
Sepsis,duration,logloss_skill,103,0.30079428455114476
Sepsis,duration,logloss_skill,104,0.46966713548465233
Sepsis,duration,logloss_skill,105,0.5044175738171888
Sepsis,duration,logloss_skill,106,0.4524100720368397
Sepsis,duration,logloss_skill,107,0.3904754769016149
Sepsis,duration,logloss_skill,108,0.5485629773706786
Sepsis,duration,logloss_skill,109,0.20420681943000352
Sepsis,duration,logloss_skill,110,0.4091892652267448
Sepsis,duration,logloss_skill,111,0.4653631513265991
Sepsis,duration,logloss_skill,112,0.236241330674533
Sepsis,duration,logloss_skill,113,0.36463088420057366
Sepsis,duration,logloss_skill,114,0.21015543804118209
Sepsis,duration,logloss_skill,115,0.3378951434303391
Sepsis,duration,logloss_skill,116,0.4516505359182268
Sepsis,duration,logloss_skill,117,0.2822046061429072
Sepsis,duration,logloss_skill,118,0.2998624351782522
Sepsis,duration,logloss_skill,119,0.42704836665139867
Sepsis,duration,logloss_skill,120,0.4108873216778868
Sepsis,duration,logloss_skill,121,0.2048601530032763
Sepsis,duration,logloss_skill,122,0.3094369485406864
Sepsis,duration,logloss_skill,123,0.5056558168024703
Sepsis,duration,logloss_skill,124,0.18053937374923845
Sepsis,duration,logloss_skill,125,0.37494296971977503
Sepsis,duration,logloss_skill,126,0.22341723973867433
Sepsis,duration,logloss_skill,127,0.22742987810538773
Sepsis,duration,logloss_skill,128,0.4161766954591908
Sepsis,duration,logloss_skill,129,0.4013818341032691
Sepsis,duration,logloss_skill,130,0.4273319550178528
Sepsis,duration,logloss_skill,131,0.3606341714678667
Sepsis,duration,logloss_skill,132,0.1973275234432259
Sepsis,duration,logloss_skill,133,0.6091709194449637
Sepsis,duration,logloss_skill,134,0.31806517127223133
Sepsis,duration,logloss_skill,135,0.31775111415325885
Sepsis,duration,logloss_skill,136,0.2601657336045202
Sepsis,duration,logloss_skill,137,0.361533252443653
Sepsis,duration,logloss_skill,138,0.5708904186414692
Sepsis,duration,logloss_skill,139,0.26239854928590656
Sepsis,duration,logloss_skill,140,0.2537775918683678
Sepsis,duration,logloss_skill,141,0.1495602645152544
Sepsis,duration,logloss_skill,142,0.38376594357702687
Sepsis,duration,logloss_skill,143,0.268000772568334
Sepsis,duration,logloss_skill,144,0.3433823872578249
Sepsis,duration,logloss_skill,145,0.5798615054592835
Sepsis,duration,logloss_skill,146,0.3172994047168535
Sepsis,duration,logloss_skill,147,0.7255116496229689
Sepsis,duration,logloss_skill,148,0.3427038660095725
Sepsis,duration,logloss_skill,149,0.2904997167128436
Sepsis,duration,nagelkerke,0,0.5861263711239255
Sepsis,duration,nagelkerke,1,0.5420534315881704
Sepsis,duration,nagelkerke,2,0.6911860580652355
Sepsis,duration,nagelkerke,3,0.5116719908588592
Sepsis,duration,nagelkerke,4,0.4835652005507727
Sepsis,duration,nagelkerke,5,0.6245774272826667
Sepsis,duration,nagelkerke,6,0.5030287505240469
Sepsis,duration,nagelkerke,7,0.2839874189452233
Sepsis,duration,nagelkerke,8,0.4489297750899439
Sepsis,duration,nagelkerke,9,0.4202429977656589
Sepsis,duration,nagelkerke,10,0.36599363085001624
Sepsis,duration,nagelkerke,11,0.44475562573557614
Sepsis,duration,nagelkerke,12,0.3511050970457804
Sepsis,duration,nagelkerke,13,0.468180348395417
Sepsis,duration,nagelkerke,14,0.3029566857134812
Sepsis,duration,nagelkerke,15,0.49722849316050366
Sepsis,duration,nagelkerke,16,0.49697495185794116
Sepsis,duration,nagelkerke,17,0.2804097105114368
Sepsis,duration,nagelkerke,18,0.50026436058472
Sepsis,duration,nagelkerke,19,0.47168168376313035
Sepsis,duration,nagelkerke,20,0.4333604528629782
Sepsis,duration,nagelkerke,21,0.3323169176266193
Sepsis,duration,nagelkerke,22,0.5225003786884566
Sepsis,duration,nagelkerke,23,0.3479927689872997
Sepsis,duration,nagelkerke,24,0.5987492898881537
Sepsis,duration,nagelkerke,25,0.48776626784189725
Sepsis,duration,nagelkerke,26,0.4351469203399577
Sepsis,duration,nagelkerke,27,0.3998498876304146
Sepsis,duration,nagelkerke,28,0.6180369449487584
Sepsis,duration,nagelkerke,29,0.3485413112798863
Sepsis,duration,nagelkerke,30,0.4182863958233366
Sepsis,duration,nagelkerke,31,0.5300076583676633
Sepsis,duration,nagelkerke,32,0.41399934874804245
Sepsis,duration,nagelkerke,33,0.34526942913739966
Sepsis,duration,nagelkerke,34,0.7081951264266519
Sepsis,duration,nagelkerke,35,0.4285640914481821
Sepsis,duration,nagelkerke,36,0.5628440292711245
Sepsis,duration,nagelkerke,37,0.489015655905512
Sepsis,duration,nagelkerke,38,0.33567647271741385
Sepsis,duration,nagelkerke,39,0.6106992172525848
Sepsis,duration,nagelkerke,40,0.6423198360420534
Sepsis,duration,nagelkerke,41,0.5228381265464277
Sepsis,duration,nagelkerke,42,0.3973276638018415
Sepsis,duration,nagelkerke,43,0.4049323362757036
Sepsis,duration,nagelkerke,44,0.8694021868764534
Sepsis,duration,nagelkerke,45,0.41281580462309353
Sepsis,duration,nagelkerke,46,0.5534069677985847
Sepsis,duration,nagelkerke,47,0.5004515142340047
Sepsis,duration,nagelkerke,48,0.41731329812579787
Sepsis,duration,nagelkerke,49,0.4353715523765418
Sepsis,duration,nagelkerke,50,0.4463171572248672
Sepsis,duration,nagelkerke,51,0.5389599165867158
Sepsis,duration,nagelkerke,52,0.6488672113091369
Sepsis,duration,nagelkerke,53,0.4159470774525028
Sepsis,duration,nagelkerke,54,0.7429420472494388
Sepsis,duration,nagelkerke,55,0.47718933298260224
Sepsis,duration,nagelkerke,56,0.4361476452807991
Sepsis,duration,nagelkerke,57,0.4987630318157813
Sepsis,duration,nagelkerke,58,0.5014598995109256
Sepsis,duration,nagelkerke,59,0.5352491173975008
Sepsis,duration,nagelkerke,60,0.625351731072014
Sepsis,duration,nagelkerke,61,0.7021687264412888
Sepsis,duration,nagelkerke,62,0.41133795971370823
Sepsis,duration,nagelkerke,63,0.37496744568066553
Sepsis,duration,nagelkerke,64,0.34652283487351354
Sepsis,duration,nagelkerke,65,0.35907659965436745
Sepsis,duration,nagelkerke,66,0.38017828469984183
Sepsis,duration,nagelkerke,67,0.6123621144224836
Sepsis,duration,nagelkerke,68,0.6146781131384542
Sepsis,duration,nagelkerke,69,0.5088629336316908
Sepsis,duration,nagelkerke,70,0.3801415403531213
Sepsis,duration,nagelkerke,71,0.37566486266952126
Sepsis,duration,nagelkerke,72,0.2642496098872258
Sepsis,duration,nagelkerke,73,0.551642863698645
Sepsis,duration,nagelkerke,74,0.6263318814435925
Sepsis,duration,nagelkerke,75,0.27947542303166817
Sepsis,duration,nagelkerke,76,0.5630245431238219
Sepsis,duration,nagelkerke,77,0.49398530755255377
Sepsis,duration,nagelkerke,78,0.39804057408793636
Sepsis,duration,nagelkerke,79,0.6750009200788412
Sepsis,duration,nagelkerke,80,0.6613169759104167
Sepsis,duration,nagelkerke,81,0.46116313262618747
Sepsis,duration,nagelkerke,82,0.8011516415749343
Sepsis,duration,nagelkerke,83,0.4728174837266045
Sepsis,duration,nagelkerke,84,0.4299552954819281
Sepsis,duration,nagelkerke,85,0.5496377882044517
Sepsis,duration,nagelkerke,86,0.5196439298484479
Sepsis,duration,nagelkerke,87,0.39359283220654306
Sepsis,duration,nagelkerke,88,0.645744994643213
Sepsis,duration,nagelkerke,89,0.4771291353142417
Sepsis,duration,nagelkerke,90,0.6771910700328925
Sepsis,duration,nagelkerke,91,0.5639113015982979
Sepsis,duration,nagelkerke,92,0.5297412767161185
Sepsis,duration,nagelkerke,93,0.5603398561699179
Sepsis,duration,nagelkerke,94,0.5188530620194829
Sepsis,duration,nagelkerke,95,0.4549774980319613
Sepsis,duration,nagelkerke,96,0.5066951219624214
Sepsis,duration,nagelkerke,97,0.3564863157868646
Sepsis,duration,nagelkerke,98,0.33571596818790816
Sepsis,duration,nagelkerke,99,0.32501754304259967
Sepsis,duration,nagelkerke,100,0.6389625028980748
Sepsis,duration,nagelkerke,101,0.44250305502479614
Sepsis,duration,nagelkerke,102,0.3873492799793222
Sepsis,duration,nagelkerke,103,0.44583752551939737
Sepsis,duration,nagelkerke,104,0.6399023423218183
Sepsis,duration,nagelkerke,105,0.6401629746308843
Sepsis,duration,nagelkerke,106,0.6022351308146229
Sepsis,duration,nagelkerke,107,0.5946840304771317
Sepsis,duration,nagelkerke,108,0.7335087836463097
Sepsis,duration,nagelkerke,109,0.5327326399392879
Sepsis,duration,nagelkerke,110,0.5736213795579295
Sepsis,duration,nagelkerke,111,0.566245341886991
Sepsis,duration,nagelkerke,112,0.3507184015496626
Sepsis,duration,nagelkerke,113,0.5071305505739141
Sepsis,duration,nagelkerke,114,0.43433909450326924
Sepsis,duration,nagelkerke,115,0.46664004071584586
Sepsis,duration,nagelkerke,116,0.5901400945697609
Sepsis,duration,nagelkerke,117,0.43091988833958517
Sepsis,duration,nagelkerke,118,0.5257519680167106
Sepsis,duration,nagelkerke,119,0.5460467075184495
Sepsis,duration,nagelkerke,120,0.6264669931543394
Sepsis,duration,nagelkerke,121,0.41868530853606956
Sepsis,duration,nagelkerke,122,0.5110509578984179
Sepsis,duration,nagelkerke,123,0.6429977911316809
Sepsis,duration,nagelkerke,124,0.336747674815028
Sepsis,duration,nagelkerke,125,0.5242615688608312
Sepsis,duration,nagelkerke,126,0.43948801681365346
Sepsis,duration,nagelkerke,127,0.4287661757122321
Sepsis,duration,nagelkerke,128,0.5006011101964896
Sepsis,duration,nagelkerke,129,0.6184529605782395
Sepsis,duration,nagelkerke,130,0.5218159947178889
Sepsis,duration,nagelkerke,131,0.4506051307968647
Sepsis,duration,nagelkerke,132,0.41648549680556257
Sepsis,duration,nagelkerke,133,0.7116850273066593
Sepsis,duration,nagelkerke,134,0.4282664654753766
Sepsis,duration,nagelkerke,135,0.4089962010426733
Sepsis,duration,nagelkerke,136,0.33685751432472955
Sepsis,duration,nagelkerke,137,0.5371144441004361
Sepsis,duration,nagelkerke,138,0.566919576004523
Sepsis,duration,nagelkerke,139,0.49217986182077744
Sepsis,duration,nagelkerke,140,0.33069783009158293
Sepsis,duration,nagelkerke,141,0.3170715282985621
Sepsis,duration,nagelkerke,142,0.426701396822216
Sepsis,duration,nagelkerke,143,0.36810894021071894
Sepsis,duration,nagelkerke,144,0.5316024637608218
Sepsis,duration,nagelkerke,145,0.7540593508510791
Sepsis,duration,nagelkerke,146,0.4488303778051318
Sepsis,duration,nagelkerke,147,0.6045360864799793
Sepsis,duration,nagelkerke,148,0.5091491451884949
Sepsis,duration,nagelkerke,149,0.4648367449725519
UCI498,duration,ap,0,0.15676914186045865
UCI498,duration,ap,1,0.07254263001988182
UCI498,duration,ap,2,0.1065035825268148
UCI498,duration,ap,3,0.13770850368699628
UCI498,duration,ap,4,0.16388446538910617
UCI498,duration,ap,5,0.12819503797659737
UCI498,duration,ap,6,0.12279495508549987
UCI498,duration,ap,7,0.088308389887511
UCI498,duration,ap,8,0.22222942664627665
UCI498,duration,ap,9,0.162816247337641
UCI498,duration,ap,10,0.09924940188419007
UCI498,duration,ap,11,0.10171504767202899
UCI498,duration,ap,12,0.13896998015754392
UCI498,duration,ap,13,0.07670431120320098
UCI498,duration,ap,14,0.11513317308695581
UCI498,duration,ap,15,0.25353590882001176
UCI498,duration,ap,16,0.08072531620914625
UCI498,duration,ap,17,0.1890509486816605
UCI498,duration,ap,18,0.1681684607694136
UCI498,duration,ap,19,0.10824563120606867
UCI498,duration,ap,20,0.17023708386622805
UCI498,duration,ap,21,0.14026310369725647
UCI498,duration,ap,22,0.11948974510103849
UCI498,duration,ap,23,0.11788820727196381
UCI498,duration,ap,24,0.10249444006040609
UCI498,duration,ap,25,0.1211687235822676
UCI498,duration,ap,26,0.1201244455488768
UCI498,duration,ap,27,0.07792505653673565
UCI498,duration,ap,28,0.0737020953812969
UCI498,duration,ap,29,0.22102323737889695
UCI498,duration,ap,30,0.11931947198015547
UCI498,duration,ap,31,0.14945518241970468
UCI498,duration,ap,32,0.16307993456811354
UCI498,duration,ap,33,0.1462999498261548
UCI498,duration,ap,34,0.06284772558000462
UCI498,duration,ap,35,0.10299167599636727
UCI498,duration,ap,36,0.14784635157382198
UCI498,duration,ap,37,0.12913596702744645
UCI498,duration,ap,38,0.15620441830199683
UCI498,duration,ap,39,0.18411633934929406
UCI498,duration,ap,40,0.10634457718150014
UCI498,duration,ap,41,0.07387317218638279
UCI498,duration,ap,42,0.1375183147300867
UCI498,duration,ap,43,0.05886390131045205
UCI498,duration,ap,44,0.22274352228233074
UCI498,duration,ap,45,0.10207126536088429
UCI498,duration,ap,46,0.133487079056684
UCI498,duration,ap,47,0.25721779684748636
UCI498,duration,ap,48,0.12646286105622317
UCI498,duration,ap,49,0.06282567725192911
UCI498,duration,ap,50,0.1212082529500691
UCI498,duration,ap,51,0.10419215250113312
UCI498,duration,ap,52,0.13274074388230894
UCI498,duration,ap,53,0.16084180033675088
UCI498,duration,ap,54,0.10970887732815193
UCI498,duration,ap,55,0.10543112851601055
UCI498,duration,ap,56,0.1014536914966161
UCI498,duration,ap,57,0.19987995054232743
UCI498,duration,ap,58,0.09013606737017721
UCI498,duration,ap,59,0.19991134073542205
UCI498,duration,ap,60,0.12441029281509663
UCI498,duration,ap,61,0.11659125743262921
UCI498,duration,ap,62,0.15277005785496345
UCI498,duration,ap,63,0.15381975754578958
UCI498,duration,ap,64,0.2596747483003289
UCI498,duration,ap,65,0.1338531698715465
UCI498,duration,ap,66,0.14533685648451844
UCI498,duration,ap,67,0.0834499190001472
UCI498,duration,ap,68,0.18805239093987547
UCI498,duration,ap,69,0.16170494921946332
UCI498,duration,ap,70,0.06239205403768122
UCI498,duration,ap,71,0.14492396307466082
UCI498,duration,ap,72,0.14205235369922176
UCI498,duration,ap,73,0.15054047142889992
UCI498,duration,ap,74,0.14545826377218762
UCI498,duration,ap,75,0.13894078600616755
UCI498,duration,ap,76,0.08761392579674743
UCI498,duration,ap,77,0.11132257961117853
UCI498,duration,ap,78,0.21002904056255356
UCI498,duration,ap,79,0.18531598504832425
UCI498,duration,auc,0,0.19096625079655316
UCI498,duration,auc,1,0.12157640978971618
UCI498,duration,auc,2,0.1707024885080729
UCI498,duration,auc,3,0.1251081863431135
UCI498,duration,auc,4,0.12427188755673102
UCI498,duration,auc,5,0.1360925473368625
UCI498,duration,auc,6,0.09743536107294803
UCI498,duration,auc,7,0.07836840266984435
UCI498,duration,auc,8,0.12481905311488084
UCI498,duration,auc,9,0.19115130176782302
UCI498,duration,auc,10,0.12881321740168905
UCI498,duration,auc,11,0.06367034303216512
UCI498,duration,auc,12,0.13091907580161388
UCI498,duration,auc,13,0.09751153359174491
UCI498,duration,auc,14,0.13238562758816086
UCI498,duration,auc,15,0.17274205803771703
UCI498,duration,auc,16,0.1618854142645113
UCI498,duration,auc,17,0.17265862892843642
UCI498,duration,auc,18,0.14819724131263357
UCI498,duration,auc,19,0.1418661686756736
UCI498,duration,auc,20,0.14469418840475667
UCI498,duration,auc,21,0.23556122531008294
UCI498,duration,auc,22,0.16882886755452853
UCI498,duration,auc,23,0.14920922748268295
UCI498,duration,auc,24,0.10391478005310084
UCI498,duration,auc,25,0.16037472576857925
UCI498,duration,auc,26,0.13924721810434948
UCI498,duration,auc,27,0.10195798570713888
UCI498,duration,auc,28,0.09125266381091002
UCI498,duration,auc,29,0.1469480585899552
UCI498,duration,auc,30,0.09828901628176312
UCI498,duration,auc,31,0.1061645849753482
UCI498,duration,auc,32,0.111402281820834
UCI498,duration,auc,33,0.11421420170789087
UCI498,duration,auc,34,0.1248144521411022
UCI498,duration,auc,35,0.058200289066512756
UCI498,duration,auc,36,0.1137377590928893
UCI498,duration,auc,37,0.08297384862850765
UCI498,duration,auc,38,0.157931682218581
UCI498,duration,auc,39,0.25864689392368456
UCI498,duration,auc,40,0.15145774463795958
UCI498,duration,auc,41,0.11917393634123541
UCI498,duration,auc,42,0.14692803848944336
UCI498,duration,auc,43,0.14000350126296413
UCI498,duration,auc,44,0.22302165904939653
UCI498,duration,auc,45,0.18994374918292745
UCI498,duration,auc,46,0.1109186101408629
UCI498,duration,auc,47,0.16086020228231435
UCI498,duration,auc,48,0.1285625419466041
UCI498,duration,auc,49,0.09423882162847397
UCI498,duration,auc,50,0.108912043602585
UCI498,duration,auc,51,0.14550890696671526
UCI498,duration,auc,52,0.053595758140654426
UCI498,duration,auc,53,0.1213143090105564
UCI498,duration,auc,54,0.07940459395318067
UCI498,duration,auc,55,0.18456489217384942
UCI498,duration,auc,56,0.12126927265696075
UCI498,duration,auc,57,0.11657696846446974
UCI498,duration,auc,58,0.13078905226262216
UCI498,duration,auc,59,0.07846131327461814
UCI498,duration,auc,60,0.13942090115678163
UCI498,duration,auc,61,0.08266242280260272
UCI498,duration,auc,62,0.18279918494907166
UCI498,duration,auc,63,0.14650790800446245
UCI498,duration,auc,64,0.14074943936561468
UCI498,duration,auc,65,0.15484036644752408
UCI498,duration,auc,66,0.09831121948401456
UCI498,duration,auc,67,0.17814789191287073
UCI498,duration,auc,68,0.1587150533567071
UCI498,duration,auc,69,0.09037927297640458
UCI498,duration,auc,70,0.09845598648360876
UCI498,duration,auc,71,0.1303084332414306
UCI498,duration,auc,72,0.08902689433412103
UCI498,duration,auc,73,0.11161530685174803
UCI498,duration,auc,74,0.11570860141178385
UCI498,duration,auc,75,0.1715994058448933
UCI498,duration,auc,76,0.09366308013520774
UCI498,duration,auc,77,0.12585117508506993
UCI498,duration,auc,78,0.1736166007398795
UCI498,duration,auc,79,0.12476115987723357
UCI498,duration,brier_skill,0,0.26268340083503605
UCI498,duration,brier_skill,1,0.19849726470484663
UCI498,duration,brier_skill,2,0.4701783263676367
UCI498,duration,brier_skill,3,0.21776874958258807
UCI498,duration,brier_skill,4,0.2750749763465048
UCI498,duration,brier_skill,5,0.29082490587765786
UCI498,duration,brier_skill,6,0.40291480296297155
UCI498,duration,brier_skill,7,0.30389232606015437
UCI498,duration,brier_skill,8,0.2891015032128571
UCI498,duration,brier_skill,9,0.2947827853574332
UCI498,duration,brier_skill,10,0.2930510389759895
UCI498,duration,brier_skill,11,0.20349861121088653
UCI498,duration,brier_skill,12,0.3768458114802381
UCI498,duration,brier_skill,13,0.2126010635754937
UCI498,duration,brier_skill,14,0.2911702251416505
UCI498,duration,brier_skill,15,0.31373736754961623
UCI498,duration,brier_skill,16,0.26583957794188895
UCI498,duration,brier_skill,17,0.29800722294639204
UCI498,duration,brier_skill,18,0.2052921149900161
UCI498,duration,brier_skill,19,0.7166961178927731
UCI498,duration,brier_skill,20,0.32147748315572844
UCI498,duration,brier_skill,21,0.2895463437799082
UCI498,duration,brier_skill,22,0.27734641883515376
UCI498,duration,brier_skill,23,0.20433629728675884
UCI498,duration,brier_skill,24,0.23633946170918585
UCI498,duration,brier_skill,25,0.2430025453944641
UCI498,duration,brier_skill,26,0.29355189719237507
UCI498,duration,brier_skill,27,0.2434215330162356
UCI498,duration,brier_skill,28,0.24377787069094392
UCI498,duration,brier_skill,29,0.38890740046845695
UCI498,duration,brier_skill,30,0.19128169823946373
UCI498,duration,brier_skill,31,0.2646548216160002
UCI498,duration,brier_skill,32,0.15725968368253218
UCI498,duration,brier_skill,33,0.24962324152424098
UCI498,duration,brier_skill,34,0.31186176526210496
UCI498,duration,brier_skill,35,0.19554658264711022
UCI498,duration,brier_skill,36,0.22270523121458263
UCI498,duration,brier_skill,37,0.3435915782961718
UCI498,duration,brier_skill,38,0.2625198224422096
UCI498,duration,brier_skill,39,0.21504266143694906
UCI498,duration,brier_skill,40,0.2907663857157612
UCI498,duration,brier_skill,41,0.2204314333101891
UCI498,duration,brier_skill,42,0.24194994850258122
UCI498,duration,brier_skill,43,0.2489827773067912
UCI498,duration,brier_skill,44,0.20602768773882219
UCI498,duration,brier_skill,45,0.24052254250065142
UCI498,duration,brier_skill,46,0.21952006413892022
UCI498,duration,brier_skill,47,0.23316430989919734
UCI498,duration,brier_skill,48,0.19945039791833719
UCI498,duration,brier_skill,49,0.25431648558299824
UCI498,duration,brier_skill,50,0.18179915906796296
UCI498,duration,brier_skill,51,0.3619388384886537
UCI498,duration,brier_skill,52,0.2533303530122428
UCI498,duration,brier_skill,53,0.30940640868722036
UCI498,duration,brier_skill,54,0.1837067420195576
UCI498,duration,brier_skill,55,0.2457542071576614
UCI498,duration,brier_skill,56,0.24005237494541387
UCI498,duration,brier_skill,57,0.29557058640961653
UCI498,duration,brier_skill,58,0.22519378147811608
UCI498,duration,brier_skill,59,0.23438348716501445
UCI498,duration,brier_skill,60,0.2445233647623578
UCI498,duration,brier_skill,61,0.1565273688649147
UCI498,duration,brier_skill,62,0.24815570516430174
UCI498,duration,brier_skill,63,0.2372278762882183
UCI498,duration,brier_skill,64,0.2887944927443935
UCI498,duration,brier_skill,65,0.31322857285691297
UCI498,duration,brier_skill,66,0.23840919607390476
UCI498,duration,brier_skill,67,0.236540032299545
UCI498,duration,brier_skill,68,0.31045166223663445
UCI498,duration,brier_skill,69,0.2889758417695204
UCI498,duration,brier_skill,70,0.21743543575664426
UCI498,duration,brier_skill,71,0.21615774658911735
UCI498,duration,brier_skill,72,0.2466567668990738
UCI498,duration,brier_skill,73,0.21819864361741215
UCI498,duration,brier_skill,74,0.40472479805315664
UCI498,duration,brier_skill,75,0.348142410477817
UCI498,duration,brier_skill,76,0.2693114202086596
UCI498,duration,brier_skill,77,0.3245510895058602
UCI498,duration,brier_skill,78,0.3379038435844054
UCI498,duration,brier_skill,79,0.2014446670213772
UCI498,duration,logloss_skill,0,0.3328035667755025
UCI498,duration,logloss_skill,1,0.21946756538273637
UCI498,duration,logloss_skill,2,0.49887470086985053
UCI498,duration,logloss_skill,3,0.27086877073317017
UCI498,duration,logloss_skill,4,0.2998858086513514
UCI498,duration,logloss_skill,5,0.3097742496003595
UCI498,duration,logloss_skill,6,0.4163626320991284
UCI498,duration,logloss_skill,7,0.32677301023630956
UCI498,duration,logloss_skill,8,0.29785028750659115
UCI498,duration,logloss_skill,9,0.344407841259567
UCI498,duration,logloss_skill,10,0.32102562788266653
UCI498,duration,logloss_skill,11,0.22222814474726282
UCI498,duration,logloss_skill,12,0.3447667045057702
UCI498,duration,logloss_skill,13,0.2421444807171801
UCI498,duration,logloss_skill,14,0.31825797275152734
UCI498,duration,logloss_skill,15,0.352893577315448
UCI498,duration,logloss_skill,16,0.2998968239753208
UCI498,duration,logloss_skill,17,0.35213472331708606
UCI498,duration,logloss_skill,18,0.2502449062396238
UCI498,duration,logloss_skill,19,0.6190532151824651
UCI498,duration,logloss_skill,20,0.34542418623771676
UCI498,duration,logloss_skill,21,0.3345123080750918
UCI498,duration,logloss_skill,22,0.28549040864817676
UCI498,duration,logloss_skill,23,0.24151178494862335
UCI498,duration,logloss_skill,24,0.3095360266873881
UCI498,duration,logloss_skill,25,0.2723615896310526
UCI498,duration,logloss_skill,26,0.335938023154839
UCI498,duration,logloss_skill,27,0.24004521618939056
UCI498,duration,logloss_skill,28,0.288466159239512
UCI498,duration,logloss_skill,29,0.39047400656699494
UCI498,duration,logloss_skill,30,0.22790976916468286
UCI498,duration,logloss_skill,31,0.29828093310908543
UCI498,duration,logloss_skill,32,0.23648379120275276
UCI498,duration,logloss_skill,33,0.2787865914261384
UCI498,duration,logloss_skill,34,0.3203284203332111
UCI498,duration,logloss_skill,35,0.22579498959184152
UCI498,duration,logloss_skill,36,0.259493014340924
UCI498,duration,logloss_skill,37,0.3802049071666901
UCI498,duration,logloss_skill,38,0.28916512131119265
UCI498,duration,logloss_skill,39,0.23919975263861437
UCI498,duration,logloss_skill,40,0.2721801960994037
UCI498,duration,logloss_skill,41,0.23763495781088384
UCI498,duration,logloss_skill,42,0.32025621916364433
UCI498,duration,logloss_skill,43,0.26939585718722114
UCI498,duration,logloss_skill,44,0.2269207531807922
UCI498,duration,logloss_skill,45,0.22465911132624705
UCI498,duration,logloss_skill,46,0.2417511603620599
UCI498,duration,logloss_skill,47,0.2987715801658033
UCI498,duration,logloss_skill,48,0.22183247820362417
UCI498,duration,logloss_skill,49,0.29816044913445916
UCI498,duration,logloss_skill,50,0.18613212815098867
UCI498,duration,logloss_skill,51,0.38235719045377714
UCI498,duration,logloss_skill,52,0.295912819555317
UCI498,duration,logloss_skill,53,0.33748213357813084
UCI498,duration,logloss_skill,54,0.21564815351542588
UCI498,duration,logloss_skill,55,0.28475456335209537
UCI498,duration,logloss_skill,56,0.2863541392156659
UCI498,duration,logloss_skill,57,0.3084848365809101
UCI498,duration,logloss_skill,58,0.2675217584029176
UCI498,duration,logloss_skill,59,0.25111827354381244
UCI498,duration,logloss_skill,60,0.29413829350469345
UCI498,duration,logloss_skill,61,0.18658026543328066
UCI498,duration,logloss_skill,62,0.28390318617346655
UCI498,duration,logloss_skill,63,0.24441794264443928
UCI498,duration,logloss_skill,64,0.3119284785167661
UCI498,duration,logloss_skill,65,0.3511946114632243
UCI498,duration,logloss_skill,66,0.2777486858737659
UCI498,duration,logloss_skill,67,0.2696667319429459
UCI498,duration,logloss_skill,68,0.35322600446131514
UCI498,duration,logloss_skill,69,0.31584384720351866
UCI498,duration,logloss_skill,70,0.23967393584929886
UCI498,duration,logloss_skill,71,0.23221178824999522
UCI498,duration,logloss_skill,72,0.28522237235521364
UCI498,duration,logloss_skill,73,0.26048402613674393
UCI498,duration,logloss_skill,74,0.4029155828950759
UCI498,duration,logloss_skill,75,0.3594703645171917
UCI498,duration,logloss_skill,76,0.32319466999272506
UCI498,duration,logloss_skill,77,0.3174267687814658
UCI498,duration,logloss_skill,78,0.47293941367772263
UCI498,duration,logloss_skill,79,0.25283613826670515
UCI498,duration,nagelkerke,0,0.32246497566027
UCI498,duration,nagelkerke,1,0.2175123752849324
UCI498,duration,nagelkerke,2,0.5138300291712171
UCI498,duration,nagelkerke,3,0.2723845266566891
UCI498,duration,nagelkerke,4,0.30138748339919474
UCI498,duration,nagelkerke,5,0.3218070997137976
UCI498,duration,nagelkerke,6,0.40777947570541906
UCI498,duration,nagelkerke,7,0.32433929076054646
UCI498,duration,nagelkerke,8,0.3030938499201722
UCI498,duration,nagelkerke,9,0.33627268830005674
UCI498,duration,nagelkerke,10,0.31295642620073394
UCI498,duration,nagelkerke,11,0.2337401932652624
UCI498,duration,nagelkerke,12,0.3801555472189917
UCI498,duration,nagelkerke,13,0.23577096445011247
UCI498,duration,nagelkerke,14,0.3271703849827864
UCI498,duration,nagelkerke,15,0.33913337705363
UCI498,duration,nagelkerke,16,0.305169631820149
UCI498,duration,nagelkerke,17,0.35134007988263505
UCI498,duration,nagelkerke,18,0.22483693352570444
UCI498,duration,nagelkerke,19,0.6888119005267503
UCI498,duration,nagelkerke,20,0.3412275659273786
UCI498,duration,nagelkerke,21,0.3338620047748011
UCI498,duration,nagelkerke,22,0.29137218740887083
UCI498,duration,nagelkerke,23,0.25458475762916677
UCI498,duration,nagelkerke,24,0.2961007662239499
UCI498,duration,nagelkerke,25,0.26294470064403386
UCI498,duration,nagelkerke,26,0.32557631690238975
UCI498,duration,nagelkerke,27,0.24839111037306594
UCI498,duration,nagelkerke,28,0.2884029974404724
UCI498,duration,nagelkerke,29,0.40072587162314277
UCI498,duration,nagelkerke,30,0.24654035252807538
UCI498,duration,nagelkerke,31,0.3000156825926058
UCI498,duration,nagelkerke,32,0.21237794256654985
UCI498,duration,nagelkerke,33,0.28473677999283376
UCI498,duration,nagelkerke,34,0.3447830343488153
UCI498,duration,nagelkerke,35,0.2357019421317923
UCI498,duration,nagelkerke,36,0.26755763260338705
UCI498,duration,nagelkerke,37,0.4049783217343058
UCI498,duration,nagelkerke,38,0.28054403983861287
UCI498,duration,nagelkerke,39,0.24607051234549515
UCI498,duration,nagelkerke,40,0.28785086886605105
UCI498,duration,nagelkerke,41,0.2326466753583305
UCI498,duration,nagelkerke,42,0.3187584791878635
UCI498,duration,nagelkerke,43,0.2870446693888128
UCI498,duration,nagelkerke,44,0.2164294150769399
UCI498,duration,nagelkerke,45,0.24717354241412348
UCI498,duration,nagelkerke,46,0.2548093958688832
UCI498,duration,nagelkerke,47,0.2863053837449884
UCI498,duration,nagelkerke,48,0.2232703130188738
UCI498,duration,nagelkerke,49,0.3137499581881087
UCI498,duration,nagelkerke,50,0.20547667273673076
UCI498,duration,nagelkerke,51,0.39993741366171576
UCI498,duration,nagelkerke,52,0.3105276604150079
UCI498,duration,nagelkerke,53,0.34507076990926777
UCI498,duration,nagelkerke,54,0.21925515891326464
UCI498,duration,nagelkerke,55,0.2773217581093015
UCI498,duration,nagelkerke,56,0.28534857794012247
UCI498,duration,nagelkerke,57,0.31591780692180804
UCI498,duration,nagelkerke,58,0.26636290204972535
UCI498,duration,nagelkerke,59,0.258847017045448
UCI498,duration,nagelkerke,60,0.2862902099598146
UCI498,duration,nagelkerke,61,0.20137350457365544
UCI498,duration,nagelkerke,62,0.2819779195784724
UCI498,duration,nagelkerke,63,0.2463626190685001
UCI498,duration,nagelkerke,64,0.32791931597929824
UCI498,duration,nagelkerke,65,0.34331069935110303
UCI498,duration,nagelkerke,66,0.29703353380594577
UCI498,duration,nagelkerke,67,0.24807496058366674
UCI498,duration,nagelkerke,68,0.33840390722150226
UCI498,duration,nagelkerke,69,0.3263294783573727
UCI498,duration,nagelkerke,70,0.24126705880971622
UCI498,duration,nagelkerke,71,0.2504717652943145
UCI498,duration,nagelkerke,72,0.2790120088647118
UCI498,duration,nagelkerke,73,0.2561867965023631
UCI498,duration,nagelkerke,74,0.4285950081276222
UCI498,duration,nagelkerke,75,0.36372246740613845
UCI498,duration,nagelkerke,76,0.3320034067520108
UCI498,duration,nagelkerke,77,0.32956698367551585
UCI498,duration,nagelkerke,78,0.4546844045415652
UCI498,duration,nagelkerke,79,0.23358561304691805
UCI498,handover,ap,0,0.12589240398938084
UCI498,handover,ap,1,0.2554038752347759
UCI498,handover,ap,2,0.0992067431040684
UCI498,handover,ap,3,0.10584856432795542
UCI498,handover,ap,4,0.1663900550259867
UCI498,handover,ap,5,0.17023564317707462
UCI498,handover,ap,6,0.24723850627128774
UCI498,handover,ap,7,0.05416976219101455
UCI498,handover,ap,8,0.17656390387174903
UCI498,handover,ap,9,0.11510762788732964
UCI498,handover,ap,10,0.08406697271774621
UCI498,handover,ap,11,0.08781129173156133
UCI498,handover,ap,12,0.0957861883759018
UCI498,handover,ap,13,0.19871383073823012
UCI498,handover,ap,14,0.11578831347480112
UCI498,handover,ap,15,0.17877274667829446
UCI498,handover,ap,16,0.13871303611157526
UCI498,handover,ap,17,0.11116202314749046
UCI498,handover,ap,18,0.10688517218810811
UCI498,handover,ap,19,0.20303890644429812
UCI498,handover,ap,20,0.15714532871297981
UCI498,handover,ap,21,0.06948748993235843
UCI498,handover,ap,22,0.10018144074471858
UCI498,handover,ap,23,0.0795028061762233
UCI498,handover,ap,24,0.07153765172693038
UCI498,handover,ap,25,0.08855686766094883
UCI498,handover,ap,26,0.09655705723200392
UCI498,handover,ap,27,0.16224663255184946
UCI498,handover,ap,28,0.05178154962801784
UCI498,handover,ap,29,0.08753256000611231
UCI498,handover,ap,30,0.10561767248079246
UCI498,handover,ap,31,0.1478677200638554
UCI498,handover,ap,32,0.1126348510820202
UCI498,handover,ap,33,0.11492352194893107
UCI498,handover,ap,34,0.07266608966670762
UCI498,handover,ap,35,0.11844804426795719
UCI498,handover,ap,36,0.16648700475929923
UCI498,handover,ap,37,0.10856760486300598
UCI498,handover,ap,38,0.08103245958424643
UCI498,handover,ap,39,0.1784664301430472
UCI498,handover,ap,40,0.17744521676571412
UCI498,handover,ap,41,0.16547657866387855
UCI498,handover,ap,42,0.08997545888935454
UCI498,handover,ap,43,0.16674342072029646
UCI498,handover,ap,44,0.11908797416162564
UCI498,handover,ap,45,0.11157043307842485
UCI498,handover,ap,46,0.06706249327090907
UCI498,handover,ap,47,0.10436850102815143
UCI498,handover,ap,48,0.15091648006213565
UCI498,handover,ap,49,0.10236976527126473
UCI498,handover,ap,50,0.15879720269220388
UCI498,handover,ap,51,0.10201858167542033
UCI498,handover,ap,52,0.08628024538069401
UCI498,handover,ap,53,0.20335747858703435
UCI498,handover,ap,54,0.14580425006731712
UCI498,handover,ap,55,0.12097788204143423
UCI498,handover,ap,56,0.1514768867060815
UCI498,handover,ap,57,0.1088475227198702
UCI498,handover,ap,58,0.1279537980800185
UCI498,handover,ap,59,0.11621431219692258
UCI498,handover,ap,60,0.1535000134293425
UCI498,handover,ap,61,0.10665499479158158
UCI498,handover,ap,62,0.16299777169505658
UCI498,handover,ap,63,0.13260933422984222
UCI498,handover,ap,64,0.09473653899192713
UCI498,handover,ap,65,0.05584243814608392
UCI498,handover,ap,66,0.12591415952342988
UCI498,handover,ap,67,0.12178095250495313
UCI498,handover,ap,68,0.05762219426163684
UCI498,handover,ap,69,0.15156676364169708
UCI498,handover,ap,70,0.07090176172389118
UCI498,handover,ap,71,0.11388250249800613
UCI498,handover,ap,72,0.10122698216729109
UCI498,handover,ap,73,0.12472194634007527
UCI498,handover,ap,74,0.09041531844530792
UCI498,handover,ap,75,0.08105837404904392
UCI498,handover,ap,76,0.18224312720723712
UCI498,handover,ap,77,0.05795765381684237
UCI498,handover,ap,78,0.08315914580284667
UCI498,handover,ap,79,0.11362024284508232
UCI498,handover,auc,0,0.06762538709183452
UCI498,handover,auc,1,0.205504862715158
UCI498,handover,auc,2,0.054700247602743945
UCI498,handover,auc,3,0.11464523313189945
UCI498,handover,auc,4,0.05489078380024326
UCI498,handover,auc,5,0.07810548437137621
UCI498,handover,auc,6,0.1581287882532284
UCI498,handover,auc,7,0.06791974996270977
UCI498,handover,auc,8,0.19342573474719038
UCI498,handover,auc,9,0.18791739419058107
UCI498,handover,auc,10,0.08630602082568561
UCI498,handover,auc,11,0.0900294757499207
UCI498,handover,auc,12,0.2192415712746889
UCI498,handover,auc,13,0.21074011011088434
UCI498,handover,auc,14,0.07990132897257718
UCI498,handover,auc,15,0.16043356235151518
UCI498,handover,auc,16,0.09384024377172817
UCI498,handover,auc,17,0.14741493518576965
UCI498,handover,auc,18,0.1354706891474099
UCI498,handover,auc,19,0.206089053345758
UCI498,handover,auc,20,0.20691795583767025
UCI498,handover,auc,21,0.060664361535143985
UCI498,handover,auc,22,0.10966816520779599
UCI498,handover,auc,23,0.0778842644386295
UCI498,handover,auc,24,0.07674040500459389
UCI498,handover,auc,25,0.044101483002878084
UCI498,handover,auc,26,0.09123399800982912
UCI498,handover,auc,27,0.2353242923031479
UCI498,handover,auc,28,0.1525886144008326
UCI498,handover,auc,29,0.09290011917310803
UCI498,handover,auc,30,0.21314532877055647
UCI498,handover,auc,31,0.0739661680462177
UCI498,handover,auc,32,0.11336877678685642
UCI498,handover,auc,33,0.10218331140518466
UCI498,handover,auc,34,0.049283254564350565
UCI498,handover,auc,35,0.12013430103491607
UCI498,handover,auc,36,0.3228719096976491
UCI498,handover,auc,37,0.10939721164347882
UCI498,handover,auc,38,0.04985046136298199
UCI498,handover,auc,39,0.2543538562057651
UCI498,handover,auc,40,0.10871091323197912
UCI498,handover,auc,41,0.1239970926327032
UCI498,handover,auc,42,0.09934264199968457
UCI498,handover,auc,43,0.13575467454572387
UCI498,handover,auc,44,0.22151161700142818
UCI498,handover,auc,45,0.18677621006348333
UCI498,handover,auc,46,0.0403315433253536
UCI498,handover,auc,47,0.09832533434358193
UCI498,handover,auc,48,0.12475876702017386
UCI498,handover,auc,49,0.10508764719839236
UCI498,handover,auc,50,0.19604659710487793
UCI498,handover,auc,51,0.09428649827923175
UCI498,handover,auc,52,0.15762087548343895
UCI498,handover,auc,53,0.1507038845557257
UCI498,handover,auc,54,0.13792108945432213
UCI498,handover,auc,55,0.10460960390101925
UCI498,handover,auc,56,0.12658484816001647
UCI498,handover,auc,57,0.06916490172261625
UCI498,handover,auc,58,0.08755476360047676
UCI498,handover,auc,59,0.07114855567241996
UCI498,handover,auc,60,0.06549357184937521
UCI498,handover,auc,61,0.09405771111120209
UCI498,handover,auc,62,0.15203726171945398
UCI498,handover,auc,63,0.0955231715093755
UCI498,handover,auc,64,0.12145047044811197
UCI498,handover,auc,65,0.09806465846713519
UCI498,handover,auc,66,0.08650960044477785
UCI498,handover,auc,67,0.07136119731767221
UCI498,handover,auc,68,0.06310767802208572
UCI498,handover,auc,69,0.10245827688584885
UCI498,handover,auc,70,0.07253656474175985
UCI498,handover,auc,71,0.06213855043079519
UCI498,handover,auc,72,0.09726899300632874
UCI498,handover,auc,73,0.10529214570983658
UCI498,handover,auc,74,0.13425327625327688
UCI498,handover,auc,75,0.062435606885128836
UCI498,handover,auc,76,0.22541803890176326
UCI498,handover,auc,77,0.07131380878143523
UCI498,handover,auc,78,0.11155317044486468
UCI498,handover,auc,79,0.07793424855114128
UCI498,handover,brier_skill,0,0.25493478567055583
UCI498,handover,brier_skill,1,0.252520174047574
UCI498,handover,brier_skill,2,0.2486473317361254
UCI498,handover,brier_skill,3,0.2833947879950982
UCI498,handover,brier_skill,4,0.25127708955275174
UCI498,handover,brier_skill,5,0.27303505951899876
UCI498,handover,brier_skill,6,0.30950763319844343
UCI498,handover,brier_skill,7,0.2646562171530744
UCI498,handover,brier_skill,8,0.3412546766361969
UCI498,handover,brier_skill,9,0.2867811622426466
UCI498,handover,brier_skill,10,0.28804010807886693
UCI498,handover,brier_skill,11,0.27734272748225586
UCI498,handover,brier_skill,12,0.27929888614672316
UCI498,handover,brier_skill,13,0.3276965495800168
UCI498,handover,brier_skill,14,0.3302196381364735
UCI498,handover,brier_skill,15,0.2901709152051253
UCI498,handover,brier_skill,16,0.2360214542295207
UCI498,handover,brier_skill,17,0.2975605971719959
UCI498,handover,brier_skill,18,0.23635219531050966
UCI498,handover,brier_skill,19,0.23743022509727119
UCI498,handover,brier_skill,20,0.3066976259640447
UCI498,handover,brier_skill,21,0.3204288242592559
UCI498,handover,brier_skill,22,0.27527397566323253
UCI498,handover,brier_skill,23,0.2440029413037197
UCI498,handover,brier_skill,24,0.2485108513291433
UCI498,handover,brier_skill,25,0.30097865479197483
UCI498,handover,brier_skill,26,0.2781652771802615
UCI498,handover,brier_skill,27,0.2932518747337345
UCI498,handover,brier_skill,28,0.2767178407375177
UCI498,handover,brier_skill,29,0.26462836080202834
UCI498,handover,brier_skill,30,0.31715149850931523
UCI498,handover,brier_skill,31,0.2557492372568084
UCI498,handover,brier_skill,32,0.2725349606244234
UCI498,handover,brier_skill,33,0.31321459292976683
UCI498,handover,brier_skill,34,0.2561651180950668
UCI498,handover,brier_skill,35,0.2907221906740036
UCI498,handover,brier_skill,36,0.2679693313871905
UCI498,handover,brier_skill,37,0.2892572599765426
UCI498,handover,brier_skill,38,0.2817975338803025
UCI498,handover,brier_skill,39,0.29428892967246134
UCI498,handover,brier_skill,40,0.3366059960318988
UCI498,handover,brier_skill,41,0.24359149655716694
UCI498,handover,brier_skill,42,0.331576172338941
UCI498,handover,brier_skill,43,0.29698644793278883
UCI498,handover,brier_skill,44,0.2580075699481319
UCI498,handover,brier_skill,45,0.2353065620669601
UCI498,handover,brier_skill,46,0.3208147047063059
UCI498,handover,brier_skill,47,0.3044300128548232
UCI498,handover,brier_skill,48,0.25427364384987805
UCI498,handover,brier_skill,49,0.25816353478433907
UCI498,handover,brier_skill,50,0.3114533808203417
UCI498,handover,brier_skill,51,0.19481547476623873
UCI498,handover,brier_skill,52,0.33564710387480057
UCI498,handover,brier_skill,53,0.3605778344234961
UCI498,handover,brier_skill,54,0.2686070251407
UCI498,handover,brier_skill,55,0.24462581349511692
UCI498,handover,brier_skill,56,0.3039386106292117
UCI498,handover,brier_skill,57,0.24808956632386558
UCI498,handover,brier_skill,58,0.3647145966573131
UCI498,handover,brier_skill,59,0.3074021072276599
UCI498,handover,brier_skill,60,0.24301652850745104
UCI498,handover,brier_skill,61,0.2657377087700138
UCI498,handover,brier_skill,62,0.25083374882734066
UCI498,handover,brier_skill,63,0.25620758340577043
UCI498,handover,brier_skill,64,0.3176225549480174
UCI498,handover,brier_skill,65,0.3178875133142848
UCI498,handover,brier_skill,66,0.30113322781981355
UCI498,handover,brier_skill,67,0.2717127280913654
UCI498,handover,brier_skill,68,0.2610562930091108
UCI498,handover,brier_skill,69,0.2944213429070601
UCI498,handover,brier_skill,70,0.2974456595057652
UCI498,handover,brier_skill,71,0.23883583529562702
UCI498,handover,brier_skill,72,0.29147680924024844
UCI498,handover,brier_skill,73,0.2919974231799214
UCI498,handover,brier_skill,74,0.30109869944450807
UCI498,handover,brier_skill,75,0.27292405262800146
UCI498,handover,brier_skill,76,0.274209491887492
UCI498,handover,brier_skill,77,0.2630201416932878
UCI498,handover,brier_skill,78,0.27111111866237747
UCI498,handover,brier_skill,79,0.32391895394827075
UCI498,handover,logloss_skill,0,0.2730981956519142
UCI498,handover,logloss_skill,1,0.27241371302216777
UCI498,handover,logloss_skill,2,0.25493727218969975
UCI498,handover,logloss_skill,3,0.2509044505525351
UCI498,handover,logloss_skill,4,0.2566021187339095
UCI498,handover,logloss_skill,5,0.2671392121270927
UCI498,handover,logloss_skill,6,0.29128737119363546
UCI498,handover,logloss_skill,7,0.26802272563824725
UCI498,handover,logloss_skill,8,0.3434026504221108
UCI498,handover,logloss_skill,9,0.27392519239938096
UCI498,handover,logloss_skill,10,0.2801917219380232
UCI498,handover,logloss_skill,11,0.29471068739014283
UCI498,handover,logloss_skill,12,0.28708360368840014
UCI498,handover,logloss_skill,13,0.3251165953571147
UCI498,handover,logloss_skill,14,0.29683018449784715
UCI498,handover,logloss_skill,15,0.2855164389942705
UCI498,handover,logloss_skill,16,0.23614813031343673
UCI498,handover,logloss_skill,17,0.314053789144047
UCI498,handover,logloss_skill,18,0.23136162858778075
UCI498,handover,logloss_skill,19,0.23447211726044348
UCI498,handover,logloss_skill,20,0.2972702667283742
UCI498,handover,logloss_skill,21,0.31532925312573434
UCI498,handover,logloss_skill,22,0.28241475605742605
UCI498,handover,logloss_skill,23,0.26020584929416846
UCI498,handover,logloss_skill,24,0.2388387144713453
UCI498,handover,logloss_skill,25,0.29131951828734937
UCI498,handover,logloss_skill,26,0.26702390308980817
UCI498,handover,logloss_skill,27,0.2759857504495564
UCI498,handover,logloss_skill,28,0.24836678265540146
UCI498,handover,logloss_skill,29,0.2871736728665166
UCI498,handover,logloss_skill,30,0.3188068734001056
UCI498,handover,logloss_skill,31,0.2431736385269383
UCI498,handover,logloss_skill,32,0.2806574372128562
UCI498,handover,logloss_skill,33,0.3467904050527826
UCI498,handover,logloss_skill,34,0.27617910585401273
UCI498,handover,logloss_skill,35,0.29401709298213863
UCI498,handover,logloss_skill,36,0.24879449103780593
UCI498,handover,logloss_skill,37,0.34073643766192474
UCI498,handover,logloss_skill,38,0.2832680594819227
UCI498,handover,logloss_skill,39,0.2767599994044825
UCI498,handover,logloss_skill,40,0.34099334893298083
UCI498,handover,logloss_skill,41,0.2660694352175681
UCI498,handover,logloss_skill,42,0.37403075257437457
UCI498,handover,logloss_skill,43,0.26800205821749756
UCI498,handover,logloss_skill,44,0.24069992468079238
UCI498,handover,logloss_skill,45,0.22547404618754263
UCI498,handover,logloss_skill,46,0.28708693288439324
UCI498,handover,logloss_skill,47,0.3026562745988297
UCI498,handover,logloss_skill,48,0.28574676654318243
UCI498,handover,logloss_skill,49,0.24442477566392773
UCI498,handover,logloss_skill,50,0.32106275314766664
UCI498,handover,logloss_skill,51,0.19380359283096094
UCI498,handover,logloss_skill,52,0.337881498832167
UCI498,handover,logloss_skill,53,0.3814096879895714
UCI498,handover,logloss_skill,54,0.2721408002403264
UCI498,handover,logloss_skill,55,0.25188248917152556
UCI498,handover,logloss_skill,56,0.32945736222553035
UCI498,handover,logloss_skill,57,0.2434467528587787
UCI498,handover,logloss_skill,58,0.3750354405213828
UCI498,handover,logloss_skill,59,0.30595209830104186
UCI498,handover,logloss_skill,60,0.23280603771660902
UCI498,handover,logloss_skill,61,0.25372629920935974
UCI498,handover,logloss_skill,62,0.2733200206999511
UCI498,handover,logloss_skill,63,0.2420784337685038
UCI498,handover,logloss_skill,64,0.3318911807550339
UCI498,handover,logloss_skill,65,0.2996021956418691
UCI498,handover,logloss_skill,66,0.2857905277460363
UCI498,handover,logloss_skill,67,0.2682190838627665
UCI498,handover,logloss_skill,68,0.2885798508093962
UCI498,handover,logloss_skill,69,0.32644414747209693
UCI498,handover,logloss_skill,70,0.2803647103029231
UCI498,handover,logloss_skill,71,0.24022041414378892
UCI498,handover,logloss_skill,72,0.33976688429108715
UCI498,handover,logloss_skill,73,0.28747355356929805
UCI498,handover,logloss_skill,74,0.2942723760163102
UCI498,handover,logloss_skill,75,0.2618637014788531
UCI498,handover,logloss_skill,76,0.2922096470045764
UCI498,handover,logloss_skill,77,0.24970668872618895
UCI498,handover,logloss_skill,78,0.24497649074743566
UCI498,handover,logloss_skill,79,0.3241591277534859
UCI498,handover,nagelkerke,0,0.34192966151073323
UCI498,handover,nagelkerke,1,0.34118568037302355
UCI498,handover,nagelkerke,2,0.318769627139205
UCI498,handover,nagelkerke,3,0.32120074949463395
UCI498,handover,nagelkerke,4,0.3268539082780303
UCI498,handover,nagelkerke,5,0.3122369457939913
UCI498,handover,nagelkerke,6,0.3146666277782728
UCI498,handover,nagelkerke,7,0.341549987184393
UCI498,handover,nagelkerke,8,0.38583870642891804
UCI498,handover,nagelkerke,9,0.28796816818078974
UCI498,handover,nagelkerke,10,0.32218047633597635
UCI498,handover,nagelkerke,11,0.32304710948654236
UCI498,handover,nagelkerke,12,0.3177488663513548
UCI498,handover,nagelkerke,13,0.36159148494185867
UCI498,handover,nagelkerke,14,0.35653178074749503
UCI498,handover,nagelkerke,15,0.33358760314483993
UCI498,handover,nagelkerke,16,0.3026511734534446
UCI498,handover,nagelkerke,17,0.3936024572043232
UCI498,handover,nagelkerke,18,0.2856627480034988
UCI498,handover,nagelkerke,19,0.27714865430343383
UCI498,handover,nagelkerke,20,0.34507686741209165
UCI498,handover,nagelkerke,21,0.3423397413746372
UCI498,handover,nagelkerke,22,0.3471694275142695
UCI498,handover,nagelkerke,23,0.3089646546628817
UCI498,handover,nagelkerke,24,0.2926971076470213
UCI498,handover,nagelkerke,25,0.3626184886630084
UCI498,handover,nagelkerke,26,0.3240774254679821
UCI498,handover,nagelkerke,27,0.32453900421690607
UCI498,handover,nagelkerke,28,0.3309174076155317
UCI498,handover,nagelkerke,29,0.3315117488554141
UCI498,handover,nagelkerke,30,0.3639225317124253
UCI498,handover,nagelkerke,31,0.3272403298028952
UCI498,handover,nagelkerke,32,0.28225079568144473
UCI498,handover,nagelkerke,33,0.37048736577919084
UCI498,handover,nagelkerke,34,0.30926631799804905
UCI498,handover,nagelkerke,35,0.317306617012743
UCI498,handover,nagelkerke,36,0.3010754739577759
UCI498,handover,nagelkerke,37,0.3754432295940493
UCI498,handover,nagelkerke,38,0.33613833721773245
UCI498,handover,nagelkerke,39,0.3062091001160111
UCI498,handover,nagelkerke,40,0.3759558474450331
UCI498,handover,nagelkerke,41,0.2981041268062793
UCI498,handover,nagelkerke,42,0.30686268523129434
UCI498,handover,nagelkerke,43,0.3362031975304257
UCI498,handover,nagelkerke,44,0.26792713791028855
UCI498,handover,nagelkerke,45,0.2638328021543874
UCI498,handover,nagelkerke,46,0.34373570284357435
UCI498,handover,nagelkerke,47,0.35200801256810665
UCI498,handover,nagelkerke,48,0.3171152511821804
UCI498,handover,nagelkerke,49,0.3306208797493486
UCI498,handover,nagelkerke,50,0.38413366111238145
UCI498,handover,nagelkerke,51,0.26258314652281856
UCI498,handover,nagelkerke,52,0.3512900704212304
UCI498,handover,nagelkerke,53,0.4135548761941761
UCI498,handover,nagelkerke,54,0.3212235862855879
UCI498,handover,nagelkerke,55,0.317591666783674
UCI498,handover,nagelkerke,56,0.3524069153691367
UCI498,handover,nagelkerke,57,0.2828485223492063
UCI498,handover,nagelkerke,58,0.3972664044196941
UCI498,handover,nagelkerke,59,0.3697887217065261
UCI498,handover,nagelkerke,60,0.26709381977787827
UCI498,handover,nagelkerke,61,0.2968195454327467
UCI498,handover,nagelkerke,62,0.3119749557963185
UCI498,handover,nagelkerke,63,0.3033096644357083
UCI498,handover,nagelkerke,64,0.3377191597192283
UCI498,handover,nagelkerke,65,0.3505423406660928
UCI498,handover,nagelkerke,66,0.29819084093413195
UCI498,handover,nagelkerke,67,0.31450843762899705
UCI498,handover,nagelkerke,68,0.3195942121409645
UCI498,handover,nagelkerke,69,0.3635919887325827
UCI498,handover,nagelkerke,70,0.33524985110650984
UCI498,handover,nagelkerke,71,0.2993853299731626
UCI498,handover,nagelkerke,72,0.3528765516244159
UCI498,handover,nagelkerke,73,0.343942290116489
UCI498,handover,nagelkerke,74,0.33230600028454127
UCI498,handover,nagelkerke,75,0.30473878044703007
UCI498,handover,nagelkerke,76,0.3182578206710185
UCI498,handover,nagelkerke,77,0.3114832394917584
UCI498,handover,nagelkerke,78,0.2985838052535228
UCI498,handover,nagelkerke,79,0.3320717619473639
