log,target,rung,learner,calibration,bin,n,p_mean,y_mean
BPIC15_1,duration,B_half,logit,raw,0,35,0.3257955182361931,0.2
BPIC15_1,duration,B_half,logit,raw,1,22,0.3954704069663093,0.22727272727272727
BPIC15_1,duration,B_half,logit,raw,3,87,0.42049996739454765,0.26436781609195403
BPIC15_1,duration,B_half,logit,raw,4,36,0.5190982982294964,0.16666666666666666
BPIC15_1,duration,B_half,logit,raw,5,36,0.7059904011161537,0.6111111111111112
BPIC15_1,duration,B_half,logit,raw,6,15,0.7656132673116651,0.4
BPIC15_1,duration,B_half,logit,raw,7,46,0.7873324764813401,0.6304347826086957
BPIC15_1,duration,B_half,logit,raw,8,47,0.8326149456126799,0.8297872340425532
BPIC15_1,duration,B_half,logit,raw,9,36,0.8853433784082666,0.6111111111111112
BPIC15_1,duration,B_half,logit,platt,0,30,0.333662019148045,0.2
BPIC15_1,duration,B_half,logit,platt,1,12,0.37452889356037145,0.16666666666666666
BPIC15_1,duration,B_half,logit,platt,2,65,0.3915063755351359,0.2
BPIC15_1,duration,B_half,logit,platt,3,37,0.4170671516241001,0.24324324324324326
BPIC15_1,duration,B_half,logit,platt,4,36,0.4843778615976205,0.3055555555555556
BPIC15_1,duration,B_half,logit,platt,5,36,0.6822721161402567,0.6111111111111112
BPIC15_1,duration,B_half,logit,platt,6,11,0.7332504159460417,0.5454545454545454
BPIC15_1,duration,B_half,logit,platt,7,61,0.7617064661450891,0.6229508196721312
BPIC15_1,duration,B_half,logit,platt,8,32,0.8114774297552302,0.84375
BPIC15_1,duration,B_half,logit,platt,9,40,0.8523901838243532,0.625
BPIC15_1,duration,B_half,logit,isotonic,0,36,0.2608350238754452,0.19444444444444445
BPIC15_1,duration,B_half,logit,isotonic,1,1,0.3312613747010191,0.0
BPIC15_1,duration,B_half,logit,isotonic,2,65,0.3561941696211107,0.2
BPIC15_1,duration,B_half,logit,isotonic,3,40,0.4090225863395284,0.275
BPIC15_1,duration,B_half,logit,isotonic,4,38,0.48614391712763644,0.2894736842105263
BPIC15_1,duration,B_half,logit,isotonic,5,35,0.674257267318153,0.5142857142857142
BPIC15_1,duration,B_half,logit,isotonic,6,25,0.7525369156782122,0.68
BPIC15_1,duration,B_half,logit,isotonic,7,36,0.8221672939412726,0.6388888888888888
BPIC15_1,duration,B_half,logit,isotonic,8,21,0.8618667660157022,0.5714285714285714
BPIC15_1,duration,B_half,logit,isotonic,9,63,0.9250439991753536,0.746031746031746
BPIC15_1,duration,B_half,hgb,raw,0,34,0.08660266302850494,0.2647058823529412
BPIC15_1,duration,B_half,hgb,raw,2,71,0.14302829356933142,0.22535211267605634
BPIC15_1,duration,B_half,hgb,raw,3,37,0.2983199960409578,0.3783783783783784
BPIC15_1,duration,B_half,hgb,raw,4,36,0.3799741854356014,0.3611111111111111
BPIC15_1,duration,B_half,hgb,raw,5,23,0.41021617211973627,0.8260869565217391
BPIC15_1,duration,B_half,hgb,raw,6,50,0.44516285382204857,0.56
BPIC15_1,duration,B_half,hgb,raw,7,33,0.590676153402479,0.5151515151515151
BPIC15_1,duration,B_half,hgb,raw,8,39,0.8242211976229914,0.4358974358974359
BPIC15_1,duration,B_half,hgb,raw,9,37,0.972079031121581,0.7027027027027027
BPIC15_1,duration,B_half,hgb,platt,0,3,0.2888016353016844,0.0
BPIC15_1,duration,B_half,hgb,platt,1,65,0.32834904843327695,0.2
BPIC15_1,duration,B_half,hgb,platt,2,39,0.371148048476879,0.20512820512820512
BPIC15_1,duration,B_half,hgb,platt,3,33,0.4225981499376713,0.42424242424242425
BPIC15_1,duration,B_half,hgb,platt,4,40,0.4662653095526353,0.3
BPIC15_1,duration,B_half,hgb,platt,5,8,0.5449488140977946,0.375
BPIC15_1,duration,B_half,hgb,platt,6,64,0.6036846230605827,0.53125
BPIC15_1,duration,B_half,hgb,platt,7,29,0.6545809645147141,0.7241379310344828
BPIC15_1,duration,B_half,hgb,platt,8,43,0.7292432914059939,0.6046511627906976
BPIC15_1,duration,B_half,hgb,platt,9,36,0.8362100126348004,0.7777777777777778
BPIC15_1,duration,B_half,hgb,isotonic,0,3,0.22878467826934257,0.0
BPIC15_1,duration,B_half,hgb,isotonic,1,67,0.3288198350387404,0.19402985074626866
BPIC15_1,duration,B_half,hgb,isotonic,2,37,0.374640494819114,0.24324324324324326
BPIC15_1,duration,B_half,hgb,isotonic,3,25,0.4240546347097749,0.44
BPIC15_1,duration,B_half,hgb,isotonic,4,48,0.49096918125762246,0.2708333333333333
BPIC15_1,duration,B_half,hgb,isotonic,5,10,0.5703711913802909,0.6
BPIC15_1,duration,B_half,hgb,isotonic,6,46,0.6313137276823533,0.5434782608695652
BPIC15_1,duration,B_half,hgb,isotonic,7,52,0.6832324332788677,0.5
BPIC15_1,duration,B_half,hgb,isotonic,8,35,0.8061296463798627,0.8
BPIC15_1,duration,B_half,hgb,isotonic,9,37,0.9186170509288213,0.7567567567567568
BPIC15_1,duration,B_intake,logit,raw,0,35,0.2504284725225803,0.11428571428571428
BPIC15_1,duration,B_intake,logit,raw,1,37,0.35068758425451174,0.1891891891891892
BPIC15_1,duration,B_intake,logit,raw,2,33,0.42103659499651097,0.18181818181818182
BPIC15_1,duration,B_intake,logit,raw,3,39,0.5060527838531861,0.10256410256410256
BPIC15_1,duration,B_intake,logit,raw,4,36,0.6371021111670376,0.4166666666666667
BPIC15_1,duration,B_intake,logit,raw,5,36,0.7365558063841574,0.6111111111111112
BPIC15_1,duration,B_intake,logit,raw,6,30,0.8144637750436703,0.4666666666666667
BPIC15_1,duration,B_intake,logit,raw,7,42,0.8642900969297133,0.6666666666666666
BPIC15_1,duration,B_intake,logit,raw,8,35,0.9214698389074164,0.7714285714285715
BPIC15_1,duration,B_intake,logit,raw,9,37,0.9531435573148107,0.8648648648648649
BPIC15_1,duration,B_intake,logit,platt,0,34,0.32980845232082995,0.14705882352941177
BPIC15_1,duration,B_intake,logit,platt,1,34,0.4010558245539991,0.14705882352941177
BPIC15_1,duration,B_intake,logit,platt,2,40,0.4456516374285221,0.175
BPIC15_1,duration,B_intake,logit,platt,3,36,0.4880485141497047,0.08333333333333333
BPIC15_1,duration,B_intake,logit,platt,4,35,0.5763334949515332,0.37142857142857144
BPIC15_1,duration,B_intake,logit,platt,5,37,0.6581619969557084,0.6486486486486487
BPIC15_1,duration,B_intake,logit,platt,6,36,0.7142456289123942,0.5555555555555556
BPIC15_1,duration,B_intake,logit,platt,7,36,0.7529043541765956,0.5277777777777778
BPIC15_1,duration,B_intake,logit,platt,8,36,0.8193457555636157,0.8333333333333334
BPIC15_1,duration,B_intake,logit,platt,9,36,0.8554677213647661,0.9166666666666666
BPIC15_1,duration,B_intake,logit,isotonic,0,36,0.2958329499162237,0.16666666666666666
BPIC15_1,duration,B_intake,logit,isotonic,1,36,0.38099840743011687,0.1388888888888889
BPIC15_1,duration,B_intake,logit,isotonic,2,32,0.4331977504425052,0.1875
BPIC15_1,duration,B_intake,logit,isotonic,3,40,0.48243167672367715,0.1
BPIC15_1,duration,B_intake,logit,isotonic,4,36,0.5936801577040138,0.3611111111111111
BPIC15_1,duration,B_intake,logit,isotonic,5,36,0.696691865867669,0.6666666666666666
BPIC15_1,duration,B_intake,logit,isotonic,6,34,0.7416971785589338,0.47058823529411764
BPIC15_1,duration,B_intake,logit,isotonic,7,11,0.7977913743916815,0.36363636363636365
BPIC15_1,duration,B_intake,logit,isotonic,8,60,0.8599095455858181,0.7666666666666667
BPIC15_1,duration,B_intake,logit,isotonic,9,39,0.9313753458590432,0.8974358974358975
BPIC15_1,duration,B_intake,hgb,raw,0,35,0.07293786088998089,0.22857142857142856
BPIC15_1,duration,B_intake,hgb,raw,1,36,0.19493468606025766,0.25
BPIC15_1,duration,B_intake,hgb,raw,2,36,0.3955937755777017,0.1388888888888889
BPIC15_1,duration,B_intake,hgb,raw,3,35,0.4880324241977709,0.4
BPIC15_1,duration,B_intake,hgb,raw,4,38,0.6013021554518077,0.6052631578947368
BPIC15_1,duration,B_intake,hgb,raw,5,36,0.7273040675592957,0.5277777777777778
BPIC15_1,duration,B_intake,hgb,raw,6,36,0.8105152032311961,0.3333333333333333
BPIC15_1,duration,B_intake,hgb,raw,7,36,0.8967830524104724,0.6666666666666666
BPIC15_1,duration,B_intake,hgb,raw,8,36,0.9409762478496595,0.5555555555555556
BPIC15_1,duration,B_intake,hgb,raw,9,36,0.9875427300082943,0.6944444444444444
BPIC15_1,duration,B_intake,hgb,platt,0,34,0.3625115520645048,0.14705882352941177
BPIC15_1,duration,B_intake,hgb,platt,1,38,0.3998038992065589,0.13157894736842105
BPIC15_1,duration,B_intake,hgb,platt,2,36,0.4312567310010118,0.1388888888888889
BPIC15_1,duration,B_intake,hgb,platt,3,36,0.4685904737743558,0.2777777777777778
BPIC15_1,duration,B_intake,hgb,platt,4,36,0.5076906545547993,0.3333333333333333
BPIC15_1,duration,B_intake,hgb,platt,5,36,0.5817054865983851,0.6388888888888888
BPIC15_1,duration,B_intake,hgb,platt,6,35,0.6316975570720244,0.5428571428571428
BPIC15_1,duration,B_intake,hgb,platt,7,37,0.670278811172189,0.5405405405405406
BPIC15_1,duration,B_intake,hgb,platt,8,36,0.7033498204233385,0.75
BPIC15_1,duration,B_intake,hgb,platt,9,36,0.7824028724264892,0.9166666666666666
BPIC15_1,duration,B_intake,hgb,isotonic,0,7,0.3164166672781807,0.14285714285714285
BPIC15_1,duration,B_intake,hgb,isotonic,1,51,0.3959056481808979,0.13725490196078433
BPIC15_1,duration,B_intake,hgb,isotonic,2,45,0.4199326859448914,0.2
BPIC15_1,duration,B_intake,hgb,isotonic,3,41,0.4396635625053049,0.12195121951219512
BPIC15_1,duration,B_intake,hgb,isotonic,4,34,0.5048986114506168,0.47058823529411764
BPIC15_1,duration,B_intake,hgb,isotonic,5,32,0.5769367630657818,0.5
BPIC15_1,duration,B_intake,hgb,isotonic,6,39,0.6609920021748759,0.6153846153846154
BPIC15_1,duration,B_intake,hgb,isotonic,7,36,0.7184291097282434,0.5
BPIC15_1,duration,B_intake,hgb,isotonic,8,38,0.7937878806167064,0.7368421052631579
BPIC15_1,duration,B_intake,hgb,isotonic,9,37,0.9053398667962532,0.9459459459459459
BPIC15_1,duration,B_intake_g,logit,raw,0,36,0.2619618033561364,0.08333333333333333
BPIC15_1,duration,B_intake_g,logit,raw,1,35,0.36357140099942037,0.2
BPIC15_1,duration,B_intake_g,logit,raw,2,32,0.43877213247667857,0.1875
BPIC15_1,duration,B_intake_g,logit,raw,3,40,0.517805368300328,0.175
BPIC15_1,duration,B_intake_g,logit,raw,4,37,0.6448945958881662,0.3783783783783784
BPIC15_1,duration,B_intake_g,logit,raw,5,36,0.7400247988402051,0.5555555555555556
BPIC15_1,duration,B_intake_g,logit,raw,6,36,0.8244445991100133,0.5555555555555556
BPIC15_1,duration,B_intake_g,logit,raw,7,36,0.8711967339807545,0.6388888888888888
BPIC15_1,duration,B_intake_g,logit,raw,8,36,0.9228754924361188,0.8055555555555556
BPIC15_1,duration,B_intake_g,logit,raw,9,36,0.9567774099559954,0.8333333333333334
BPIC15_1,duration,B_intake_g,logit,platt,0,32,0.3387913716793606,0.09375
BPIC15_1,duration,B_intake_g,logit,platt,1,39,0.4073735290308429,0.1794871794871795
BPIC15_1,duration,B_intake_g,logit,platt,2,37,0.4555896481563249,0.13513513513513514
BPIC15_1,duration,B_intake_g,logit,platt,3,36,0.4967527643413649,0.19444444444444445
BPIC15_1,duration,B_intake_g,logit,platt,4,35,0.5737268129725008,0.42857142857142855
BPIC15_1,duration,B_intake_g,logit,platt,5,37,0.6548283691899487,0.5135135135135135
BPIC15_1,duration,B_intake_g,logit,platt,6,32,0.7083126388454605,0.5625
BPIC15_1,duration,B_intake_g,logit,platt,7,40,0.7458857048823508,0.55
BPIC15_1,duration,B_intake_g,logit,platt,8,36,0.8125091446515095,0.8888888888888888
BPIC15_1,duration,B_intake_g,logit,platt,9,36,0.8489367466539552,0.8611111111111112
BPIC15_1,duration,B_intake_g,logit,isotonic,0,27,0.2732406688899473,0.1111111111111111
BPIC15_1,duration,B_intake_g,logit,isotonic,1,45,0.3881626705289227,0.17777777777777778
BPIC15_1,duration,B_intake_g,logit,isotonic,2,33,0.4332449371102056,0.12121212121212122
BPIC15_1,duration,B_intake_g,logit,isotonic,3,39,0.48812065869980176,0.15384615384615385
BPIC15_1,duration,B_intake_g,logit,isotonic,4,36,0.5849711844670478,0.3888888888888889
BPIC15_1,duration,B_intake_g,logit,isotonic,5,27,0.690747135518996,0.5925925925925926
BPIC15_1,duration,B_intake_g,logit,isotonic,6,45,0.7418594660238338,0.4888888888888889
BPIC15_1,duration,B_intake_g,logit,isotonic,7,10,0.7950466340791187,0.6
BPIC15_1,duration,B_intake_g,logit,isotonic,8,51,0.8379750086575833,0.7450980392156863
BPIC15_1,duration,B_intake_g,logit,isotonic,9,47,0.9132985507861767,0.8936170212765957
BPIC15_1,duration,B_intake_g,hgb,raw,0,36,0.06545672117287968,0.2222222222222222
BPIC15_1,duration,B_intake_g,hgb,raw,1,36,0.1763204301573366,0.19444444444444445
BPIC15_1,duration,B_intake_g,hgb,raw,2,36,0.32397679285384556,0.25
BPIC15_1,duration,B_intake_g,hgb,raw,3,36,0.5249429628410082,0.5
BPIC15_1,duration,B_intake_g,hgb,raw,4,36,0.6506994182406631,0.2222222222222222
BPIC15_1,duration,B_intake_g,hgb,raw,5,36,0.7577846579613169,0.6944444444444444
BPIC15_1,duration,B_intake_g,hgb,raw,6,36,0.858440091942795,0.4444444444444444
BPIC15_1,duration,B_intake_g,hgb,raw,7,35,0.9228719504262415,0.45714285714285713
BPIC15_1,duration,B_intake_g,hgb,raw,8,37,0.9589583209537862,0.7297297297297297
BPIC15_1,duration,B_intake_g,hgb,raw,9,36,0.9877906576482537,0.6944444444444444
BPIC15_1,duration,B_intake_g,hgb,platt,0,36,0.3632843321552338,0.16666666666666666
BPIC15_1,duration,B_intake_g,hgb,platt,1,35,0.3989653149751898,0.08571428571428572
BPIC15_1,duration,B_intake_g,hgb,platt,2,37,0.42643895009461,0.10810810810810811
BPIC15_1,duration,B_intake_g,hgb,platt,3,36,0.4554067833401867,0.2777777777777778
BPIC15_1,duration,B_intake_g,hgb,platt,4,36,0.4955501453222172,0.3611111111111111
BPIC15_1,duration,B_intake_g,hgb,platt,5,36,0.5760165873343241,0.6388888888888888
BPIC15_1,duration,B_intake_g,hgb,platt,6,36,0.629917216923439,0.5
BPIC15_1,duration,B_intake_g,hgb,platt,7,35,0.6666503930221471,0.5714285714285714
BPIC15_1,duration,B_intake_g,hgb,platt,8,37,0.706297684697446,0.7297297297297297
BPIC15_1,duration,B_intake_g,hgb,platt,9,36,0.7775905630486741,0.9722222222222222
BPIC15_1,duration,B_intake_g,hgb,isotonic,0,14,0.34120877701780433,0.21428571428571427
BPIC15_1,duration,B_intake_g,hgb,isotonic,1,50,0.3769233939942688,0.1
BPIC15_1,duration,B_intake_g,hgb,isotonic,2,36,0.41444544556642826,0.1111111111111111
BPIC15_1,duration,B_intake_g,hgb,isotonic,3,43,0.43151228913383055,0.23255813953488372
BPIC15_1,duration,B_intake_g,hgb,isotonic,4,37,0.48701824802896826,0.35135135135135137
BPIC15_1,duration,B_intake_g,hgb,isotonic,5,33,0.6060208537476277,0.48484848484848486
BPIC15_1,duration,B_intake_g,hgb,isotonic,6,37,0.6853613079954443,0.6486486486486487
BPIC15_1,duration,B_intake_g,hgb,isotonic,7,38,0.711983795705715,0.5789473684210527
BPIC15_1,duration,B_intake_g,hgb,isotonic,8,29,0.7660342849249323,0.7931034482758621
BPIC15_1,duration,B_intake_g,hgb,isotonic,9,43,0.86160230676194,0.9069767441860465
BPIC13_closed,handover,B_half,logit,raw,0,45,0.13168715141974185,0.15555555555555556
BPIC13_closed,handover,B_half,logit,raw,1,40,0.217081720878101,0.225
BPIC13_closed,handover,B_half,logit,raw,2,49,0.2777662766249946,0.1836734693877551
BPIC13_closed,handover,B_half,logit,raw,3,45,0.31156244591660004,0.26666666666666666
BPIC13_closed,handover,B_half,logit,raw,4,27,0.3514686925727063,0.3333333333333333
BPIC13_closed,handover,B_half,logit,raw,5,61,0.38405089637007794,0.32786885245901637
BPIC13_closed,handover,B_half,logit,raw,6,46,0.43794354064885316,0.5434782608695652
BPIC13_closed,handover,B_half,logit,raw,7,44,0.5097004443250341,0.22727272727272727
BPIC13_closed,handover,B_half,logit,raw,8,42,0.6439725151912339,0.5238095238095238
BPIC13_closed,handover,B_half,logit,raw,9,48,0.8996639979153919,0.0
BPIC13_closed,handover,B_half,logit,platt,0,45,0.2043781977803076,0.08888888888888889
BPIC13_closed,handover,B_half,logit,platt,1,45,0.26602624068119657,0.17777777777777778
BPIC13_closed,handover,B_half,logit,platt,2,43,0.30881456876215785,0.2558139534883721
BPIC13_closed,handover,B_half,logit,platt,3,46,0.3402560932148165,0.3695652173913043
BPIC13_closed,handover,B_half,logit,platt,4,29,0.3667933284229572,0.20689655172413793
BPIC13_closed,handover,B_half,logit,platt,5,60,0.4005122305275556,0.36666666666666664
BPIC13_closed,handover,B_half,logit,platt,6,45,0.44438202971479884,0.37777777777777777
BPIC13_closed,handover,B_half,logit,platt,7,40,0.495045260544609,0.4
BPIC13_closed,handover,B_half,logit,platt,8,45,0.584213348506477,0.4666666666666667
BPIC13_closed,handover,B_half,logit,platt,9,49,0.7704002426214275,0.02040816326530612
BPIC13_closed,handover,B_half,logit,isotonic,0,40,0.18907169879572253,0.15
BPIC13_closed,handover,B_half,logit,isotonic,1,50,0.2649368954029112,0.16
BPIC13_closed,handover,B_half,logit,isotonic,2,41,0.31015434800307995,0.2682926829268293
BPIC13_closed,handover,B_half,logit,isotonic,3,45,0.32963754000331785,0.35555555555555557
BPIC13_closed,handover,B_half,logit,isotonic,4,35,0.34659717558098074,0.4
BPIC13_closed,handover,B_half,logit,isotonic,6,102,0.3662548896661044,0.3627450980392157
BPIC13_closed,handover,B_half,logit,isotonic,7,44,0.4309460216148757,0.25
BPIC13_closed,handover,B_half,logit,isotonic,8,36,0.5802469540984715,0.4722222222222222
BPIC13_closed,handover,B_half,logit,isotonic,9,54,0.822285766158315,0.05555555555555555
BPIC13_closed,handover,B_half,hgb,raw,0,43,0.019381650212149302,0.13953488372093023
BPIC13_closed,handover,B_half,hgb,raw,1,45,0.08409372479180587,0.15555555555555556
BPIC13_closed,handover,B_half,hgb,raw,2,45,0.19582865549975478,0.4222222222222222
BPIC13_closed,handover,B_half,hgb,raw,3,42,0.2863138270455871,0.3333333333333333
BPIC13_closed,handover,B_half,hgb,raw,4,46,0.3644608041437092,0.30434782608695654
BPIC13_closed,handover,B_half,hgb,raw,5,44,0.44356704432091687,0.29545454545454547
BPIC13_closed,handover,B_half,hgb,raw,6,48,0.5557190574547413,0.4166666666666667
BPIC13_closed,handover,B_half,hgb,raw,7,42,0.7286203092908671,0.4523809523809524
BPIC13_closed,handover,B_half,hgb,raw,8,47,0.8238543773365714,0.14893617021276595
BPIC13_closed,handover,B_half,hgb,raw,9,45,0.957883621673399,0.08888888888888889
BPIC13_closed,handover,B_half,hgb,platt,0,40,0.21331986088198138,0.075
BPIC13_closed,handover,B_half,hgb,platt,1,50,0.311435958382502,0.26
BPIC13_closed,handover,B_half,hgb,platt,2,44,0.36524251670408353,0.3409090909090909
BPIC13_closed,handover,B_half,hgb,platt,3,31,0.38355094990061667,0.2903225806451613
BPIC13_closed,handover,B_half,hgb,platt,4,48,0.39813269595035533,0.3125
BPIC13_closed,handover,B_half,hgb,platt,5,54,0.41121336482676163,0.42592592592592593
BPIC13_closed,handover,B_half,hgb,platt,6,46,0.44538107931478754,0.4782608695652174
BPIC13_closed,handover,B_half,hgb,platt,7,44,0.48051130390978736,0.2727272727272727
BPIC13_closed,handover,B_half,hgb,platt,8,34,0.5254787569206374,0.23529411764705882
BPIC13_closed,handover,B_half,hgb,platt,9,56,0.6300676352559316,0.05357142857142857
BPIC13_closed,handover,B_half,hgb,isotonic,0,37,0.21329591180943383,0.10810810810810811
BPIC13_closed,handover,B_half,hgb,isotonic,1,43,0.2976345628586282,0.20930232558139536
BPIC13_closed,handover,B_half,hgb,isotonic,2,41,0.3334134347711012,0.3902439024390244
BPIC13_closed,handover,B_half,hgb,isotonic,3,46,0.3410107007334388,0.5
BPIC13_closed,handover,B_half,hgb,isotonic,4,20,0.34796312755551606,0.2
BPIC13_closed,handover,B_half,hgb,isotonic,5,71,0.36404117009750814,0.23943661971830985
BPIC13_closed,handover,B_half,hgb,isotonic,6,53,0.37452657786230914,0.37735849056603776
BPIC13_closed,handover,B_half,hgb,isotonic,7,30,0.4349788326558855,0.5
BPIC13_closed,handover,B_half,hgb,isotonic,8,61,0.5372961977253391,0.19672131147540983
BPIC13_closed,handover,B_half,hgb,isotonic,9,45,0.7811155623889036,0.06666666666666667
BPIC13_closed,handover,B_intake,logit,raw,0,45,0.08314195704887699,0.1111111111111111
BPIC13_closed,handover,B_intake,logit,raw,1,45,0.14171697024709873,0.06666666666666667
BPIC13_closed,handover,B_intake,logit,raw,2,44,0.19334112119690314,0.1590909090909091
BPIC13_closed,handover,B_intake,logit,raw,3,41,0.25634018660595376,0.2682926829268293
BPIC13_closed,handover,B_intake,logit,raw,4,46,0.3076780353512832,0.2826086956521739
BPIC13_closed,handover,B_intake,logit,raw,5,47,0.3531247199647793,0.23404255319148937
BPIC13_closed,handover,B_intake,logit,raw,6,45,0.43441610290369675,0.35555555555555557
BPIC13_closed,handover,B_intake,logit,raw,7,44,0.5342146707550477,0.45454545454545453
BPIC13_closed,handover,B_intake,logit,raw,8,45,0.6429858109835219,0.28888888888888886
BPIC13_closed,handover,B_intake,logit,raw,9,45,0.7814688939815251,0.5333333333333333
BPIC13_closed,handover,B_intake,logit,platt,0,43,0.14525040995877125,0.046511627906976744
BPIC13_closed,handover,B_intake,logit,platt,1,44,0.19377287675182747,0.11363636363636363
BPIC13_closed,handover,B_intake,logit,platt,2,47,0.23937879628420855,0.14893617021276595
BPIC13_closed,handover,B_intake,logit,platt,3,44,0.2926102304722385,0.29545454545454547
BPIC13_closed,handover,B_intake,logit,platt,4,45,0.3410364101029868,0.37777777777777777
BPIC13_closed,handover,B_intake,logit,platt,5,45,0.3731346066809159,0.15555555555555556
BPIC13_closed,handover,B_intake,logit,platt,6,45,0.42517643868136756,0.3333333333333333
BPIC13_closed,handover,B_intake,logit,platt,7,44,0.4980540519210555,0.4090909090909091
BPIC13_closed,handover,B_intake,logit,platt,8,43,0.5826654673852748,0.37209302325581395
BPIC13_closed,handover,B_intake,logit,platt,9,47,0.6980401998030069,0.48936170212765956
BPIC13_closed,handover,B_intake,logit,isotonic,0,44,0.11016660367656737,0.045454545454545456
BPIC13_closed,handover,B_intake,logit,isotonic,1,38,0.18322513884894712,0.07894736842105263
BPIC13_closed,handover,B_intake,logit,isotonic,2,52,0.231892142452198,0.21153846153846154
BPIC13_closed,handover,B_intake,logit,isotonic,3,37,0.2882764072828046,0.2972972972972973
BPIC13_closed,handover,B_intake,logit,isotonic,4,39,0.33501668422497133,0.41025641025641024
BPIC13_closed,handover,B_intake,logit,isotonic,5,53,0.37687892688221,0.09433962264150944
BPIC13_closed,handover,B_intake,logit,isotonic,6,45,0.4257146465452935,0.35555555555555557
BPIC13_closed,handover,B_intake,logit,isotonic,7,45,0.49650374650702983,0.4666666666666667
BPIC13_closed,handover,B_intake,logit,isotonic,8,11,0.5143375092396044,0.2727272727272727
BPIC13_closed,handover,B_intake,logit,isotonic,9,83,0.5782328482271959,0.42168674698795183
BPIC13_closed,handover,B_intake,hgb,raw,0,44,0.0008292009117244003,0.022727272727272728
BPIC13_closed,handover,B_intake,hgb,raw,1,46,0.005968422096217893,0.13043478260869565
BPIC13_closed,handover,B_intake,hgb,raw,2,44,0.02360911476521608,0.1590909090909091
BPIC13_closed,handover,B_intake,hgb,raw,3,45,0.0731269620126084,0.13333333333333333
BPIC13_closed,handover,B_intake,hgb,raw,4,44,0.17306631111633378,0.3409090909090909
BPIC13_closed,handover,B_intake,hgb,raw,5,45,0.2935329540318483,0.3111111111111111
BPIC13_closed,handover,B_intake,hgb,raw,6,45,0.44547233075870485,0.4
BPIC13_closed,handover,B_intake,hgb,raw,7,44,0.6176164725740025,0.29545454545454547
BPIC13_closed,handover,B_intake,hgb,raw,8,44,0.800632254795406,0.5227272727272727
BPIC13_closed,handover,B_intake,hgb,raw,9,46,0.9313347745061951,0.43478260869565216
BPIC13_closed,handover,B_intake,hgb,platt,0,44,0.17089324900260733,0.022727272727272728
BPIC13_closed,handover,B_intake,hgb,platt,1,46,0.21005220049307755,0.043478260869565216
BPIC13_closed,handover,B_intake,hgb,platt,2,44,0.25647356636851526,0.18181818181818182
BPIC13_closed,handover,B_intake,hgb,platt,3,45,0.28483325125127007,0.3111111111111111
BPIC13_closed,handover,B_intake,hgb,platt,4,44,0.3185514967896966,0.25
BPIC13_closed,handover,B_intake,hgb,platt,5,42,0.35618989667570267,0.40476190476190477
BPIC13_closed,handover,B_intake,hgb,platt,6,48,0.3877711562329811,0.3333333333333333
BPIC13_closed,handover,B_intake,hgb,platt,7,44,0.42236715100292965,0.38636363636363635
BPIC13_closed,handover,B_intake,hgb,platt,8,45,0.4572279718859841,0.4444444444444444
BPIC13_closed,handover,B_intake,hgb,platt,9,45,0.53558729352655,0.37777777777777777
BPIC13_closed,handover,B_intake,hgb,isotonic,0,28,0.18629561325495927,0.14285714285714285
BPIC13_closed,handover,B_intake,hgb,isotonic,1,60,0.21577363313375023,0.05
BPIC13_closed,handover,B_intake,hgb,isotonic,2,43,0.2601076134707095,0.2558139534883721
BPIC13_closed,handover,B_intake,hgb,isotonic,3,44,0.28480008229966086,0.22727272727272727
BPIC13_closed,handover,B_intake,hgb,isotonic,4,45,0.30519568938520675,0.2
BPIC13_closed,handover,B_intake,hgb,isotonic,5,43,0.32502305225937944,0.3488372093023256
BPIC13_closed,handover,B_intake,hgb,isotonic,6,50,0.3470442350817218,0.44
BPIC13_closed,handover,B_intake,hgb,isotonic,7,33,0.3765372431634124,0.24242424242424243
BPIC13_closed,handover,B_intake,hgb,isotonic,8,54,0.40839670761221825,0.4444444444444444
BPIC13_closed,handover,B_intake,hgb,isotonic,9,47,0.5367066166205069,0.3617021276595745
BPIC13_closed,handover,B_intake_g,logit,raw,0,39,0.07136452106168047,0.07692307692307693
BPIC13_closed,handover,B_intake_g,logit,raw,1,50,0.10007723607556943,0.0
BPIC13_closed,handover,B_intake_g,logit,raw,2,44,0.12725850317849435,0.045454545454545456
BPIC13_closed,handover,B_intake_g,logit,raw,3,45,0.1764117559374215,0.1111111111111111
BPIC13_closed,handover,B_intake_g,logit,raw,4,45,0.24204784889252956,0.35555555555555557
BPIC13_closed,handover,B_intake_g,logit,raw,5,44,0.3185951140667969,0.4318181818181818
BPIC13_closed,handover,B_intake_g,logit,raw,6,46,0.4252718342592856,0.32608695652173914
BPIC13_closed,handover,B_intake_g,logit,raw,7,42,0.5109991587555539,0.38095238095238093
BPIC13_closed,handover,B_intake_g,logit,raw,8,47,0.6009606043973478,0.3191489361702128
BPIC13_closed,handover,B_intake_g,logit,raw,9,45,0.7691209959650778,0.7111111111111111
BPIC13_closed,handover,B_intake_g,logit,platt,0,45,0.11938643976973147,0.044444444444444446
BPIC13_closed,handover,B_intake_g,logit,platt,1,39,0.16288922284146026,0.05128205128205128
BPIC13_closed,handover,B_intake_g,logit,platt,2,48,0.17748757241930993,0.041666666666666664
BPIC13_closed,handover,B_intake_g,logit,platt,3,47,0.21219851993764813,0.1276595744680851
BPIC13_closed,handover,B_intake_g,logit,platt,4,44,0.2760014211107307,0.36363636363636365
BPIC13_closed,handover,B_intake_g,logit,platt,5,45,0.3360023307947854,0.37777777777777777
BPIC13_closed,handover,B_intake_g,logit,platt,6,45,0.42173989046791915,0.37777777777777777
BPIC13_closed,handover,B_intake_g,logit,platt,7,44,0.5009700660216735,0.3181818181818182
BPIC13_closed,handover,B_intake_g,logit,platt,8,45,0.5683611106057431,0.4444444444444444
BPIC13_closed,handover,B_intake_g,logit,platt,9,45,0.6939020003829328,0.6
BPIC13_closed,handover,B_intake_g,logit,isotonic,0,16,0.05898850684650039,0.0
BPIC13_closed,handover,B_intake_g,logit,isotonic,1,64,0.11452340926243035,0.03125
BPIC13_closed,handover,B_intake_g,logit,isotonic,2,54,0.16249123120910602,0.09259259259259259
BPIC13_closed,handover,B_intake_g,logit,isotonic,3,45,0.2058906703101616,0.15555555555555556
BPIC13_closed,handover,B_intake_g,logit,isotonic,4,43,0.27773115576571045,0.37209302325581395
BPIC13_closed,handover,B_intake_g,logit,isotonic,5,46,0.3451104146269541,0.3695652173913043
BPIC13_closed,handover,B_intake_g,logit,isotonic,6,45,0.4260881118611738,0.3333333333333333
BPIC13_closed,handover,B_intake_g,logit,isotonic,7,43,0.5048412840636816,0.4186046511627907
BPIC13_closed,handover,B_intake_g,logit,isotonic,8,46,0.5717494543991587,0.45652173913043476
BPIC13_closed,handover,B_intake_g,logit,isotonic,9,45,0.6494764126197131,0.4888888888888889
BPIC13_closed,handover,B_intake_g,hgb,raw,0,45,0.0004174728858590757,0.022222222222222223
BPIC13_closed,handover,B_intake_g,hgb,raw,1,45,0.0033630542277404783,0.022222222222222223
BPIC13_closed,handover,B_intake_g,hgb,raw,2,42,0.012658802595764055,0.14285714285714285
BPIC13_closed,handover,B_intake_g,hgb,raw,3,47,0.041637126116166795,0.19148936170212766
BPIC13_closed,handover,B_intake_g,hgb,raw,4,41,0.0813832009237074,0.17073170731707318
BPIC13_closed,handover,B_intake_g,hgb,raw,5,48,0.152614228358954,0.22916666666666666
BPIC13_closed,handover,B_intake_g,hgb,raw,6,45,0.2786302917721646,0.24444444444444444
BPIC13_closed,handover,B_intake_g,hgb,raw,7,44,0.5314660554944891,0.4090909090909091
BPIC13_closed,handover,B_intake_g,hgb,raw,8,45,0.8223679929788733,0.5111111111111111
BPIC13_closed,handover,B_intake_g,hgb,raw,9,45,0.9796278293997509,0.8
BPIC13_closed,handover,B_intake_g,hgb,platt,0,41,0.12322503331931299,0.0
BPIC13_closed,handover,B_intake_g,hgb,platt,1,49,0.15398724240138376,0.08163265306122448
BPIC13_closed,handover,B_intake_g,hgb,platt,2,44,0.21810011306317537,0.11363636363636363
BPIC13_closed,handover,B_intake_g,hgb,platt,3,45,0.26554253536528843,0.24444444444444444
BPIC13_closed,handover,B_intake_g,hgb,platt,4,44,0.30089503488122715,0.20454545454545456
BPIC13_closed,handover,B_intake_g,hgb,platt,5,45,0.3378535611965971,0.1111111111111111
BPIC13_closed,handover,B_intake_g,hgb,platt,6,44,0.37531385928776556,0.4318181818181818
BPIC13_closed,handover,B_intake_g,hgb,platt,7,45,0.42361542338579333,0.3333333333333333
BPIC13_closed,handover,B_intake_g,hgb,platt,8,45,0.4862678307703917,0.35555555555555557
BPIC13_closed,handover,B_intake_g,hgb,platt,9,45,0.5982068747368928,0.8666666666666667
BPIC13_closed,handover,B_intake_g,hgb,isotonic,0,36,0.10245846007803738,0.0
BPIC13_closed,handover,B_intake_g,hgb,isotonic,1,49,0.1502414144024662,0.08163265306122448
BPIC13_closed,handover,B_intake_g,hgb,isotonic,2,48,0.22556224609832873,0.125
BPIC13_closed,handover,B_intake_g,hgb,isotonic,3,45,0.273231117064,0.2
BPIC13_closed,handover,B_intake_g,hgb,isotonic,4,42,0.2902679591195418,0.21428571428571427
BPIC13_closed,handover,B_intake_g,hgb,isotonic,5,44,0.30807657943157324,0.22727272727272727
BPIC13_closed,handover,B_intake_g,hgb,isotonic,6,41,0.3374757020265846,0.3170731707317073
BPIC13_closed,handover,B_intake_g,hgb,isotonic,7,47,0.36548382685898184,0.2553191489361702
BPIC13_closed,handover,B_intake_g,hgb,isotonic,8,50,0.42201903399636465,0.44
BPIC13_closed,handover,B_intake_g,hgb,isotonic,9,45,0.591682049809003,0.8444444444444444
BPIC13_incidents,duration,B_half,logit,raw,0,222,0.1364880609995029,0.07207207207207207
BPIC13_incidents,duration,B_half,logit,raw,1,227,0.22014541274146898,0.06607929515418502
BPIC13_incidents,duration,B_half,logit,raw,2,221,0.2959558635918801,0.07239819004524888
BPIC13_incidents,duration,B_half,logit,raw,3,203,0.34147494000686346,0.09359605911330049
BPIC13_incidents,duration,B_half,logit,raw,4,256,0.40267549438433936,0.16015625
BPIC13_incidents,duration,B_half,logit,raw,5,121,0.47802073803181294,0.17355371900826447
BPIC13_incidents,duration,B_half,logit,raw,6,306,0.508693186260758,0.1503267973856209
BPIC13_incidents,duration,B_half,logit,raw,7,255,0.5872739139542639,0.1607843137254902
BPIC13_incidents,duration,B_half,logit,raw,8,218,0.6740341139308207,0.2706422018348624
BPIC13_incidents,duration,B_half,logit,raw,9,238,0.8009102847774777,0.31512605042016806
BPIC13_incidents,duration,B_half,logit,platt,0,184,0.1744738572591386,0.06521739130434782
BPIC13_incidents,duration,B_half,logit,platt,1,269,0.2653563084766759,0.05947955390334572
BPIC13_incidents,duration,B_half,logit,platt,2,201,0.33409526662896677,0.0945273631840796
BPIC13_incidents,duration,B_half,logit,platt,3,205,0.3700441008871211,0.08292682926829269
BPIC13_incidents,duration,B_half,logit,platt,4,274,0.4229263455120693,0.15328467153284672
BPIC13_incidents,duration,B_half,logit,platt,5,131,0.4819922566979499,0.20610687022900764
BPIC13_incidents,duration,B_half,logit,platt,6,310,0.5103168306566307,0.14193548387096774
BPIC13_incidents,duration,B_half,logit,platt,7,238,0.5710736267174942,0.20168067226890757
BPIC13_incidents,duration,B_half,logit,platt,8,226,0.646357692119785,0.2168141592920354
BPIC13_incidents,duration,B_half,logit,platt,9,229,0.7550500510417654,0.32751091703056767
BPIC13_incidents,duration,B_half,logit,isotonic,0,183,0.13138144156580187,0.060109289617486336
BPIC13_incidents,duration,B_half,logit,isotonic,1,214,0.2261046164498957,0.07476635514018691
BPIC13_incidents,duration,B_half,logit,isotonic,2,228,0.28100224308017513,0.07456140350877193
BPIC13_incidents,duration,B_half,logit,isotonic,3,281,0.32724862304443914,0.10320284697508897
BPIC13_incidents,duration,B_half,logit,isotonic,4,222,0.4299111476454731,0.14864864864864866
BPIC13_incidents,duration,B_half,logit,isotonic,5,89,0.48934933030818395,0.14606741573033707
BPIC13_incidents,duration,B_half,logit,isotonic,6,365,0.5207354489173666,0.1589041095890411
BPIC13_incidents,duration,B_half,logit,isotonic,7,209,0.6173751268338727,0.18181818181818182
BPIC13_incidents,duration,B_half,logit,isotonic,8,245,0.6691761974738625,0.2163265306122449
BPIC13_incidents,duration,B_half,logit,isotonic,9,231,0.7541038518752553,0.35064935064935066
BPIC13_incidents,duration,B_half,hgb,raw,0,226,0.07358262801333443,0.061946902654867256
BPIC13_incidents,duration,B_half,hgb,raw,1,223,0.20208284631204892,0.11659192825112108
BPIC13_incidents,duration,B_half,hgb,raw,2,101,0.2794164565265509,0.039603960396039604
BPIC13_incidents,duration,B_half,hgb,raw,3,352,0.33779695305257723,0.09090909090909091
BPIC13_incidents,duration,B_half,hgb,raw,4,226,0.4065017389030413,0.13274336283185842
BPIC13_incidents,duration,B_half,hgb,raw,5,121,0.4903382246595894,0.1487603305785124
BPIC13_incidents,duration,B_half,hgb,raw,6,337,0.5120075666747291,0.13056379821958458
BPIC13_incidents,duration,B_half,hgb,raw,7,226,0.6047096535083532,0.23893805309734514
BPIC13_incidents,duration,B_half,hgb,raw,8,227,0.7007221931703811,0.2511013215859031
BPIC13_incidents,duration,B_half,hgb,raw,9,228,0.8617089852988341,0.30701754385964913
BPIC13_incidents,duration,B_half,hgb,platt,0,225,0.27441480251893324,0.035555555555555556
BPIC13_incidents,duration,B_half,hgb,platt,1,206,0.32181056651153733,0.0825242718446602
BPIC13_incidents,duration,B_half,hgb,platt,2,227,0.37710045217264326,0.1145374449339207
BPIC13_incidents,duration,B_half,hgb,platt,3,249,0.4266688335793462,0.08433734939759036
BPIC13_incidents,duration,B_half,hgb,platt,4,226,0.4603090568976018,0.16371681415929204
BPIC13_incidents,duration,B_half,hgb,platt,5,180,0.49467835537209687,0.17222222222222222
BPIC13_incidents,duration,B_half,hgb,platt,6,256,0.5061551186311254,0.125
BPIC13_incidents,duration,B_half,hgb,platt,7,219,0.5513883729119877,0.1872146118721461
BPIC13_incidents,duration,B_half,hgb,platt,8,252,0.5935077890019875,0.23809523809523808
BPIC13_incidents,duration,B_half,hgb,platt,9,227,0.7033238778975277,0.33480176211453744
BPIC13_incidents,duration,B_half,hgb,isotonic,0,196,0.20120397146989263,0.04081632653061224
BPIC13_incidents,duration,B_half,hgb,isotonic,1,255,0.28424033542435495,0.09411764705882353
BPIC13_incidents,duration,B_half,hgb,isotonic,2,213,0.3608082408531261,0.07511737089201878
BPIC13_incidents,duration,B_half,hgb,isotonic,3,88,0.3851150724093841,0.07954545454545454
BPIC13_incidents,duration,B_half,hgb,isotonic,4,376,0.4164218750834545,0.13297872340425532
BPIC13_incidents,duration,B_half,hgb,isotonic,5,124,0.4984134695339138,0.20161290322580644
BPIC13_incidents,duration,B_half,hgb,isotonic,6,330,0.5223444033404684,0.1606060606060606
BPIC13_incidents,duration,B_half,hgb,isotonic,7,231,0.5921128742185926,0.12121212121212122
BPIC13_incidents,duration,B_half,hgb,isotonic,8,180,0.6281203576311236,0.25
BPIC13_incidents,duration,B_half,hgb,isotonic,9,274,0.719786755958232,0.33941605839416056
BPIC13_incidents,duration,B_intake,logit,raw,0,222,0.12413843913057973,0.06306306306306306
BPIC13_incidents,duration,B_intake,logit,raw,1,202,0.20401806822061433,0.054455445544554455
BPIC13_incidents,duration,B_intake,logit,raw,2,256,0.2656328492007183,0.0703125
BPIC13_incidents,duration,B_intake,logit,raw,3,227,0.33758176341569046,0.1013215859030837
BPIC13_incidents,duration,B_intake,logit,raw,4,226,0.3791092015906997,0.1592920353982301
BPIC13_incidents,duration,B_intake,logit,raw,5,207,0.44278239876608033,0.08695652173913043
BPIC13_incidents,duration,B_intake,logit,raw,6,246,0.5011612908346025,0.17479674796747968
BPIC13_incidents,duration,B_intake,logit,raw,7,226,0.6016565428100422,0.17256637168141592
BPIC13_incidents,duration,B_intake,logit,raw,8,225,0.6958606748869448,0.26222222222222225
BPIC13_incidents,duration,B_intake,logit,raw,9,230,0.835394827847403,0.3826086956521739
BPIC13_incidents,duration,B_intake,logit,platt,0,227,0.21631607888493018,0.06167400881057269
BPIC13_incidents,duration,B_intake,logit,platt,1,220,0.28600059111501525,0.05
BPIC13_incidents,duration,B_intake,logit,platt,2,233,0.34497911087483646,0.07296137339055794
BPIC13_incidents,duration,B_intake,logit,platt,3,226,0.38635160661242773,0.10176991150442478
BPIC13_incidents,duration,B_intake,logit,platt,4,224,0.41413390509095305,0.13839285714285715
BPIC13_incidents,duration,B_intake,logit,platt,5,200,0.4553015235529192,0.13
BPIC13_incidents,duration,B_intake,logit,platt,6,257,0.49559726262090803,0.14007782101167315
BPIC13_incidents,duration,B_intake,logit,platt,7,224,0.5623731530675525,0.19196428571428573
BPIC13_incidents,duration,B_intake,logit,platt,8,224,0.6294762558359982,0.25
BPIC13_incidents,duration,B_intake,logit,platt,9,232,0.7467001093945534,0.39655172413793105
BPIC13_incidents,duration,B_intake,logit,isotonic,0,218,0.15804304261005633,0.05504587155963303
BPIC13_incidents,duration,B_intake,logit,isotonic,1,173,0.26721617476858883,0.046242774566473986
BPIC13_incidents,duration,B_intake,logit,isotonic,2,249,0.3262453538237512,0.08032128514056225
BPIC13_incidents,duration,B_intake,logit,isotonic,3,264,0.35827502805751815,0.08333333333333333
BPIC13_incidents,duration,B_intake,logit,isotonic,4,209,0.38749977058837415,0.15311004784688995
BPIC13_incidents,duration,B_intake,logit,isotonic,5,244,0.4182697303100215,0.08196721311475409
BPIC13_incidents,duration,B_intake,logit,isotonic,6,229,0.5052027347359505,0.2096069868995633
BPIC13_incidents,duration,B_intake,logit,isotonic,7,217,0.5954078578771153,0.18433179723502305
BPIC13_incidents,duration,B_intake,logit,isotonic,8,181,0.6552832498610208,0.20994475138121546
BPIC13_incidents,duration,B_intake,logit,isotonic,9,283,0.7575515286151834,0.38515901060070673
BPIC13_incidents,duration,B_intake,hgb,raw,0,227,0.07341506940664401,0.06167400881057269
BPIC13_incidents,duration,B_intake,hgb,raw,1,200,0.16459512978930868,0.075
BPIC13_incidents,duration,B_intake,hgb,raw,2,252,0.2410510544903915,0.0992063492063492
BPIC13_incidents,duration,B_intake,hgb,raw,3,198,0.34065665603024264,0.10101010101010101
BPIC13_incidents,duration,B_intake,hgb,raw,4,252,0.38351197194429215,0.09523809523809523
BPIC13_incidents,duration,B_intake,hgb,raw,5,226,0.43556812335890377,0.10619469026548672
BPIC13_incidents,duration,B_intake,hgb,raw,6,221,0.5255696864882522,0.17647058823529413
BPIC13_incidents,duration,B_intake,hgb,raw,7,236,0.6111305132553974,0.1864406779661017
BPIC13_incidents,duration,B_intake,hgb,raw,8,228,0.7627094953697762,0.2719298245614035
BPIC13_incidents,duration,B_intake,hgb,raw,9,227,0.9310365750411101,0.36123348017621143
BPIC13_incidents,duration,B_intake,hgb,platt,0,171,0.2293016594104329,0.04678362573099415
BPIC13_incidents,duration,B_intake,hgb,platt,1,283,0.30379512284837823,0.0989399293286219
BPIC13_incidents,duration,B_intake,hgb,platt,2,226,0.3757482087395321,0.084070796460177
BPIC13_incidents,duration,B_intake,hgb,platt,3,164,0.4096913761641949,0.10975609756097561
BPIC13_incidents,duration,B_intake,hgb,platt,4,281,0.4301701989941341,0.09252669039145907
BPIC13_incidents,duration,B_intake,hgb,platt,5,234,0.4550023754021889,0.10256410256410256
BPIC13_incidents,duration,B_intake,hgb,platt,6,228,0.493035518761136,0.14912280701754385
BPIC13_incidents,duration,B_intake,hgb,platt,7,223,0.5341434042058754,0.15246636771300448
BPIC13_incidents,duration,B_intake,hgb,platt,8,230,0.6002393402068754,0.2826086956521739
BPIC13_incidents,duration,B_intake,hgb,platt,9,227,0.7301833274931478,0.40969162995594716
BPIC13_incidents,duration,B_intake,hgb,isotonic,0,204,0.1930733950771366,0.029411764705882353
BPIC13_incidents,duration,B_intake,hgb,isotonic,1,183,0.2736126723941565,0.1092896174863388
BPIC13_incidents,duration,B_intake,hgb,isotonic,2,292,0.3233674924278197,0.08561643835616438
BPIC13_incidents,duration,B_intake,hgb,isotonic,3,134,0.381281622442862,0.12686567164179105
BPIC13_incidents,duration,B_intake,hgb,isotonic,4,301,0.4104696980600134,0.10963455149501661
BPIC13_incidents,duration,B_intake,hgb,isotonic,5,246,0.4391890888797088,0.09349593495934959
BPIC13_incidents,duration,B_intake,hgb,isotonic,6,224,0.4957697488589301,0.14285714285714285
BPIC13_incidents,duration,B_intake,hgb,isotonic,7,227,0.5617840148118997,0.14977973568281938
BPIC13_incidents,duration,B_intake,hgb,isotonic,8,228,0.6401154147654,0.2894736842105263
BPIC13_incidents,duration,B_intake,hgb,isotonic,9,228,0.7569856082583969,0.40789473684210525
BPIC13_incidents,duration,B_intake_g,logit,raw,0,226,0.09331169973167745,0.048672566371681415
BPIC13_incidents,duration,B_intake_g,logit,raw,1,226,0.17103602253021802,0.06637168141592921
BPIC13_incidents,duration,B_intake_g,logit,raw,2,223,0.22739355135784312,0.07174887892376682
BPIC13_incidents,duration,B_intake_g,logit,raw,3,231,0.2876701806799971,0.11255411255411256
BPIC13_incidents,duration,B_intake_g,logit,raw,4,227,0.3516296723527226,0.08370044052863436
BPIC13_incidents,duration,B_intake_g,logit,raw,5,226,0.41443618492093387,0.12389380530973451
BPIC13_incidents,duration,B_intake_g,logit,raw,6,227,0.5065394707215732,0.1894273127753304
BPIC13_incidents,duration,B_intake_g,logit,raw,7,227,0.6076150165501576,0.24669603524229075
BPIC13_incidents,duration,B_intake_g,logit,raw,8,227,0.7210930297329928,0.23788546255506607
BPIC13_incidents,duration,B_intake_g,logit,raw,9,227,0.8592904464655797,0.3568281938325991
BPIC13_incidents,duration,B_intake_g,logit,platt,0,227,0.19618322127836918,0.048458149779735685
BPIC13_incidents,duration,B_intake_g,logit,platt,1,227,0.27323785394557437,0.06167400881057269
BPIC13_incidents,duration,B_intake_g,logit,platt,2,223,0.31621033072827176,0.08071748878923767
BPIC13_incidents,duration,B_intake_g,logit,platt,3,230,0.3599323587821531,0.11304347826086956
BPIC13_incidents,duration,B_intake_g,logit,platt,4,226,0.4015505322060636,0.07964601769911504
BPIC13_incidents,duration,B_intake_g,logit,platt,5,227,0.4413157090827127,0.15418502202643172
BPIC13_incidents,duration,B_intake_g,logit,platt,6,223,0.49883136323268856,0.16143497757847533
BPIC13_incidents,duration,B_intake_g,logit,platt,7,230,0.5589060346107949,0.21304347826086956
BPIC13_incidents,duration,B_intake_g,logit,platt,8,227,0.638156046305333,0.2511013215859031
BPIC13_incidents,duration,B_intake_g,logit,platt,9,227,0.7551891605510666,0.3744493392070485
BPIC13_incidents,duration,B_intake_g,logit,isotonic,0,225,0.16552420047170616,0.04888888888888889
BPIC13_incidents,duration,B_intake_g,logit,isotonic,1,227,0.2349270877548102,0.04405286343612335
BPIC13_incidents,duration,B_intake_g,logit,isotonic,2,226,0.2895438623078833,0.084070796460177
BPIC13_incidents,duration,B_intake_g,logit,isotonic,3,228,0.33851179534206505,0.12719298245614036
BPIC13_incidents,duration,B_intake_g,logit,isotonic,4,227,0.3838589186947776,0.07929515418502203
BPIC13_incidents,duration,B_intake_g,logit,isotonic,5,216,0.4270636500747404,0.14351851851851852
BPIC13_incidents,duration,B_intake_g,logit,isotonic,6,236,0.4958324499378137,0.17796610169491525
BPIC13_incidents,duration,B_intake_g,logit,isotonic,7,225,0.5801076414577124,0.21333333333333335
BPIC13_incidents,duration,B_intake_g,logit,isotonic,8,226,0.6766977448329109,0.24336283185840707
BPIC13_incidents,duration,B_intake_g,logit,isotonic,9,231,0.7653600386584128,0.3722943722943723
BPIC13_incidents,duration,B_intake_g,hgb,raw,0,178,0.04898722651798397,0.05056179775280899
BPIC13_incidents,duration,B_intake_g,hgb,raw,1,276,0.12510976208093735,0.06884057971014493
BPIC13_incidents,duration,B_intake_g,hgb,raw,2,226,0.215377414141269,0.11061946902654868
BPIC13_incidents,duration,B_intake_g,hgb,raw,3,227,0.28689555101555364,0.1145374449339207
BPIC13_incidents,duration,B_intake_g,hgb,raw,4,214,0.3678692019452885,0.14485981308411214
BPIC13_incidents,duration,B_intake_g,hgb,raw,5,234,0.4281885974068992,0.08974358974358974
BPIC13_incidents,duration,B_intake_g,hgb,raw,6,231,0.5334818708305303,0.14285714285714285
BPIC13_incidents,duration,B_intake_g,hgb,raw,7,226,0.6783546137626846,0.21238938053097345
BPIC13_incidents,duration,B_intake_g,hgb,raw,8,228,0.8213184058927223,0.2807017543859649
BPIC13_incidents,duration,B_intake_g,hgb,raw,9,227,0.9454121145295501,0.32158590308370044
BPIC13_incidents,duration,B_intake_g,hgb,platt,0,227,0.23667696870129995,0.05726872246696035
BPIC13_incidents,duration,B_intake_g,hgb,platt,1,227,0.3065253864438539,0.06607929515418502
BPIC13_incidents,duration,B_intake_g,hgb,platt,2,226,0.3568051131616134,0.0752212389380531
BPIC13_incidents,duration,B_intake_g,hgb,platt,3,227,0.39682060579556,0.08370044052863436
BPIC13_incidents,duration,B_intake_g,hgb,platt,4,226,0.42060765439996717,0.11504424778761062
BPIC13_incidents,duration,B_intake_g,hgb,platt,5,227,0.4493254407942164,0.12334801762114538
BPIC13_incidents,duration,B_intake_g,hgb,platt,6,227,0.4903546688866207,0.14096916299559473
BPIC13_incidents,duration,B_intake_g,hgb,platt,7,226,0.5434763129031508,0.252212389380531
BPIC13_incidents,duration,B_intake_g,hgb,platt,8,227,0.6101849575971995,0.23788546255506607
BPIC13_incidents,duration,B_intake_g,hgb,platt,9,227,0.717725881219661,0.3876651982378855
BPIC13_incidents,duration,B_intake_g,hgb,isotonic,0,226,0.21230703509533075,0.05309734513274336
BPIC13_incidents,duration,B_intake_g,hgb,isotonic,1,178,0.2755013027959532,0.056179775280898875
BPIC13_incidents,duration,B_intake_g,hgb,isotonic,2,262,0.313667782859283,0.07633587786259542
BPIC13_incidents,duration,B_intake_g,hgb,isotonic,3,241,0.3553096180078296,0.07468879668049792
BPIC13_incidents,duration,B_intake_g,hgb,isotonic,4,219,0.39278946034004836,0.1415525114155251
BPIC13_incidents,duration,B_intake_g,hgb,isotonic,5,217,0.4286187086556714,0.1152073732718894
BPIC13_incidents,duration,B_intake_g,hgb,isotonic,6,242,0.49245717355587443,0.1487603305785124
BPIC13_incidents,duration,B_intake_g,hgb,isotonic,7,228,0.5678309814848036,0.23684210526315788
BPIC13_incidents,duration,B_intake_g,hgb,isotonic,8,224,0.6437646041863181,0.24553571428571427
BPIC13_incidents,duration,B_intake_g,hgb,isotonic,9,230,0.7424955636697717,0.3826086956521739
BPIC13_incidents,handover,B_half,logit,raw,0,226,0.3528994918292821,0.22123893805309736
BPIC13_incidents,handover,B_half,logit,raw,1,226,0.5361740926108234,0.2831858407079646
BPIC13_incidents,handover,B_half,logit,raw,2,217,0.6111041643005182,0.4423963133640553
BPIC13_incidents,handover,B_half,logit,raw,3,56,0.6805853057311341,0.44642857142857145
BPIC13_incidents,handover,B_half,logit,raw,4,406,0.7287000441008429,0.4088669950738916
BPIC13_incidents,handover,B_half,logit,raw,5,189,0.8293809056052674,0.783068783068783
BPIC13_incidents,handover,B_half,logit,raw,6,250,0.8830052785298959,0.744
BPIC13_incidents,handover,B_half,logit,raw,7,242,0.9242072999330303,0.8966942148760331
BPIC13_incidents,handover,B_half,logit,raw,8,219,0.9634074364115809,0.954337899543379
BPIC13_incidents,handover,B_half,logit,raw,9,236,0.989267343548585,0.9957627118644068
BPIC13_incidents,handover,B_half,logit,platt,0,223,0.36672263431397856,0.21524663677130046
BPIC13_incidents,handover,B_half,logit,platt,1,225,0.5413581929750881,0.29333333333333333
BPIC13_incidents,handover,B_half,logit,platt,2,232,0.6137142621233506,0.4396551724137931
BPIC13_incidents,handover,B_half,logit,platt,3,227,0.6972407548198685,0.3656387665198238
BPIC13_incidents,handover,B_half,logit,platt,4,222,0.7559596738983643,0.46846846846846846
BPIC13_incidents,handover,B_half,logit,platt,5,198,0.8294948385652158,0.7727272727272727
BPIC13_incidents,handover,B_half,logit,platt,6,258,0.8851853461697485,0.7713178294573644
BPIC13_incidents,handover,B_half,logit,platt,7,226,0.9250317777165245,0.8716814159292036
BPIC13_incidents,handover,B_half,logit,platt,8,192,0.9611555859672452,0.9427083333333334
BPIC13_incidents,handover,B_half,logit,platt,9,264,0.9877227710905689,0.9962121212121212
BPIC13_incidents,handover,B_half,logit,isotonic,0,227,0.3518246499172763,0.2290748898678414
BPIC13_incidents,handover,B_half,logit,isotonic,1,207,0.5227370628513274,0.30434782608695654
BPIC13_incidents,handover,B_half,logit,isotonic,2,218,0.5894298894060996,0.41743119266055045
BPIC13_incidents,handover,B_half,logit,isotonic,3,244,0.6387824367447037,0.3442622950819672
BPIC13_incidents,handover,B_half,logit,isotonic,4,234,0.7463828852437916,0.5213675213675214
BPIC13_incidents,handover,B_half,logit,isotonic,5,197,0.846550220726159,0.7360406091370558
BPIC13_incidents,handover,B_half,logit,isotonic,6,191,0.904304226175978,0.7120418848167539
BPIC13_incidents,handover,B_half,logit,isotonic,7,265,0.9344412868642563,0.8754716981132076
BPIC13_incidents,handover,B_half,logit,isotonic,8,224,0.964212023175236,0.9464285714285714
BPIC13_incidents,handover,B_half,logit,isotonic,9,260,0.9982051282051283,0.9961538461538462
BPIC13_incidents,handover,B_half,hgb,raw,0,213,0.2840474905424304,0.25821596244131456
BPIC13_incidents,handover,B_half,hgb,raw,1,173,0.3918149807773326,0.24277456647398843
BPIC13_incidents,handover,B_half,hgb,raw,2,292,0.45791305987897035,0.3082191780821918
BPIC13_incidents,handover,B_half,hgb,raw,3,220,0.5424687009627683,0.44545454545454544
BPIC13_incidents,handover,B_half,hgb,raw,4,215,0.7393777471221589,0.6
BPIC13_incidents,handover,B_half,hgb,raw,5,210,0.8361846224639481,0.7047619047619048
BPIC13_incidents,handover,B_half,hgb,raw,6,258,0.9223928674692198,0.7558139534883721
BPIC13_incidents,handover,B_half,hgb,raw,7,205,0.978311967025035,0.8731707317073171
BPIC13_incidents,handover,B_half,hgb,raw,8,249,0.997556628822011,0.9357429718875502
BPIC13_incidents,handover,B_half,hgb,raw,9,232,0.9998761453262132,0.978448275862069
BPIC13_incidents,handover,B_half,hgb,platt,0,207,0.5084051024828111,0.2028985507246377
BPIC13_incidents,handover,B_half,hgb,platt,1,152,0.59804849496513,0.3355263157894737
BPIC13_incidents,handover,B_half,hgb,platt,2,321,0.6252929771533792,0.29595015576323985
BPIC13_incidents,handover,B_half,hgb,platt,3,227,0.6644914525831671,0.44933920704845814
BPIC13_incidents,handover,B_half,hgb,platt,4,221,0.7341337058399264,0.5701357466063348
BPIC13_incidents,handover,B_half,hgb,platt,5,166,0.7906675607263474,0.6927710843373494
BPIC13_incidents,handover,B_half,hgb,platt,6,267,0.8425407427485853,0.7602996254681648
BPIC13_incidents,handover,B_half,hgb,platt,7,213,0.9090006639304095,0.8873239436619719
BPIC13_incidents,handover,B_half,hgb,platt,8,266,0.9330181745259588,0.9360902255639098
BPIC13_incidents,handover,B_half,hgb,platt,9,227,0.9917314359807127,0.986784140969163
BPIC13_incidents,handover,B_half,hgb,isotonic,0,223,0.475769175474957,0.21973094170403587
BPIC13_incidents,handover,B_half,hgb,isotonic,1,182,0.5650827431049498,0.2967032967032967
BPIC13_incidents,handover,B_half,hgb,isotonic,2,267,0.6156511073016182,0.3857677902621723
BPIC13_incidents,handover,B_half,hgb,isotonic,3,235,0.6285473484882165,0.34893617021276596
BPIC13_incidents,handover,B_half,hgb,isotonic,4,212,0.7207435808126363,0.5801886792452831
BPIC13_incidents,handover,B_half,hgb,isotonic,5,182,0.7992278369709176,0.6428571428571429
BPIC13_incidents,handover,B_half,hgb,isotonic,6,282,0.8534950787045331,0.776595744680851
BPIC13_incidents,handover,B_half,hgb,isotonic,7,201,0.9294279202289603,0.9104477611940298
BPIC13_incidents,handover,B_half,hgb,isotonic,8,253,0.9525685204801503,0.9525691699604744
BPIC13_incidents,handover,B_half,hgb,isotonic,9,230,0.9950208492484651,0.9782608695652174
BPIC13_incidents,handover,B_intake,logit,raw,0,224,0.32880658293372,0.21428571428571427
BPIC13_incidents,handover,B_intake,logit,raw,1,206,0.4888098723206832,0.22330097087378642
BPIC13_incidents,handover,B_intake,logit,raw,2,198,0.5770530699258768,0.3181818181818182
BPIC13_incidents,handover,B_intake,logit,raw,3,242,0.620871032778584,0.4380165289256198
BPIC13_incidents,handover,B_intake,logit,raw,4,263,0.7352554331523453,0.4600760456273764
BPIC13_incidents,handover,B_intake,logit,raw,5,227,0.8516823513518604,0.6651982378854625
BPIC13_incidents,handover,B_intake,logit,raw,6,220,0.9176674668492224,0.85
BPIC13_incidents,handover,B_intake,logit,raw,7,233,0.9661396234311362,0.9527896995708155
BPIC13_incidents,handover,B_intake,logit,raw,8,227,0.9919333270740399,1.0
BPIC13_incidents,handover,B_intake,logit,raw,9,227,0.9980268382344771,0.9911894273127754
BPIC13_incidents,handover,B_intake,logit,platt,0,225,0.3928914954121381,0.2222222222222222
BPIC13_incidents,handover,B_intake,logit,platt,1,228,0.5319595237330805,0.2631578947368421
BPIC13_incidents,handover,B_intake,logit,platt,2,155,0.5989409315354892,0.3161290322580645
BPIC13_incidents,handover,B_intake,logit,platt,3,249,0.6261416498367063,0.40160642570281124
BPIC13_incidents,handover,B_intake,logit,platt,4,264,0.7239288904520922,0.48863636363636365
BPIC13_incidents,handover,B_intake,logit,platt,5,235,0.8343278554647465,0.6468085106382979
BPIC13_incidents,handover,B_intake,logit,platt,6,229,0.9003136084859351,0.8165938864628821
BPIC13_incidents,handover,B_intake,logit,platt,7,228,0.9515454662184392,0.956140350877193
BPIC13_incidents,handover,B_intake,logit,platt,8,227,0.9850653526181252,0.9955947136563876
BPIC13_incidents,handover,B_intake,logit,platt,9,227,0.9946201086714032,0.9911894273127754
BPIC13_incidents,handover,B_intake,logit,isotonic,0,121,0.34763927544040835,0.2644628099173554
BPIC13_incidents,handover,B_intake,logit,isotonic,1,326,0.49793514776941555,0.2361963190184049
BPIC13_incidents,handover,B_intake,logit,isotonic,2,162,0.565858496102425,0.2654320987654321
BPIC13_incidents,handover,B_intake,logit,isotonic,3,225,0.5791039326522774,0.4266666666666667
BPIC13_incidents,handover,B_intake,logit,isotonic,4,295,0.6855444860390975,0.4576271186440678
BPIC13_incidents,handover,B_intake,logit,isotonic,5,221,0.8624000997011333,0.6470588235294118
BPIC13_incidents,handover,B_intake,logit,isotonic,6,234,0.9281180283681455,0.8461538461538461
BPIC13_incidents,handover,B_intake,logit,isotonic,7,229,0.9613520910531944,0.9606986899563319
BPIC13_incidents,handover,B_intake,logit,isotonic,8,74,0.9848843255695977,1.0
BPIC13_incidents,handover,B_intake,logit,isotonic,9,380,0.9975175447737369,0.9947368421052631
BPIC13_incidents,handover,B_intake,hgb,raw,0,214,0.1517036148559763,0.2523364485981308
BPIC13_incidents,handover,B_intake,hgb,raw,1,216,0.311455525568195,0.21296296296296297
BPIC13_incidents,handover,B_intake,hgb,raw,2,248,0.42609274427194316,0.27419354838709675
BPIC13_incidents,handover,B_intake,hgb,raw,3,153,0.5494260912716854,0.32679738562091504
BPIC13_incidents,handover,B_intake,hgb,raw,4,301,0.6890299506644103,0.4584717607973422
BPIC13_incidents,handover,B_intake,hgb,raw,5,228,0.9234543147990423,0.7763157894736842
BPIC13_incidents,handover,B_intake,hgb,raw,6,210,0.9826950995747842,0.8428571428571429
BPIC13_incidents,handover,B_intake,hgb,raw,7,243,0.9985024466230101,0.9629629629629629
BPIC13_incidents,handover,B_intake,hgb,raw,8,214,0.9999847422943868,1.0
BPIC13_incidents,handover,B_intake,hgb,raw,9,240,0.9999993339594934,0.9916666666666667
BPIC13_incidents,handover,B_intake,hgb,platt,0,223,0.4332886525868414,0.14349775784753363
BPIC13_incidents,handover,B_intake,hgb,platt,1,231,0.543700916189243,0.24675324675324675
BPIC13_incidents,handover,B_intake,hgb,platt,2,218,0.5638868087824599,0.42201834862385323
BPIC13_incidents,handover,B_intake,hgb,platt,3,224,0.5933252262437689,0.29017857142857145
BPIC13_incidents,handover,B_intake,hgb,platt,4,237,0.6836874250772949,0.45569620253164556
BPIC13_incidents,handover,B_intake,hgb,platt,5,227,0.8145890314351675,0.775330396475771
BPIC13_incidents,handover,B_intake,hgb,platt,6,220,0.90379438866645,0.8818181818181818
BPIC13_incidents,handover,B_intake,hgb,platt,7,233,0.9632510595603688,0.9484978540772532
BPIC13_incidents,handover,B_intake,hgb,platt,8,214,0.9875435334026971,0.985981308411215
BPIC13_incidents,handover,B_intake,hgb,platt,9,240,0.9939672717933089,1.0
BPIC13_incidents,handover,B_intake,hgb,isotonic,0,218,0.41721315430940037,0.1559633027522936
BPIC13_incidents,handover,B_intake,hgb,isotonic,1,235,0.5256293100293497,0.2936170212765957
BPIC13_incidents,handover,B_intake,hgb,isotonic,2,24,0.5465079221194995,0.25
BPIC13_incidents,handover,B_intake,hgb,isotonic,3,415,0.5583081782442877,0.3325301204819277
BPIC13_incidents,handover,B_intake,hgb,isotonic,4,241,0.657494575226901,0.48132780082987553
BPIC13_incidents,handover,B_intake,hgb,isotonic,5,226,0.8206168006007819,0.7300884955752213
BPIC13_incidents,handover,B_intake,hgb,isotonic,6,228,0.9224949298061985,0.8903508771929824
BPIC13_incidents,handover,B_intake,hgb,isotonic,7,205,0.9760808367005659,0.9365853658536586
BPIC13_incidents,handover,B_intake,hgb,isotonic,8,222,0.9961839514863876,0.990990990990991
BPIC13_incidents,handover,B_intake,hgb,isotonic,9,253,1.0,1.0
BPIC13_incidents,handover,B_intake_g,logit,raw,0,227,0.2658478625523147,0.18502202643171806
BPIC13_incidents,handover,B_intake_g,logit,raw,1,227,0.42400192730089376,0.21145374449339208
BPIC13_incidents,handover,B_intake_g,logit,raw,2,226,0.5374794589739869,0.3584070796460177
BPIC13_incidents,handover,B_intake_g,logit,raw,3,226,0.6542871543584255,0.40707964601769914
BPIC13_incidents,handover,B_intake_g,logit,raw,4,227,0.7652936089765602,0.5726872246696035
BPIC13_incidents,handover,B_intake_g,logit,raw,5,226,0.8644312561565564,0.6327433628318584
BPIC13_incidents,handover,B_intake_g,logit,raw,6,226,0.9329135014684917,0.8362831858407079
BPIC13_incidents,handover,B_intake_g,logit,raw,7,228,0.9772976355623652,0.9649122807017544
BPIC13_incidents,handover,B_intake_g,logit,raw,8,226,0.9931962982325925,0.995575221238938
BPIC13_incidents,handover,B_intake_g,logit,raw,9,228,0.9985767116516764,0.9912280701754386
BPIC13_incidents,handover,B_intake_g,logit,platt,0,227,0.36333873123824606,0.1762114537444934
BPIC13_incidents,handover,B_intake_g,logit,platt,1,226,0.4911943156503617,0.21238938053097345
BPIC13_incidents,handover,B_intake_g,logit,platt,2,226,0.5713624989030561,0.37168141592920356
BPIC13_incidents,handover,B_intake_g,logit,platt,3,227,0.6639947163774026,0.4052863436123348
BPIC13_incidents,handover,B_intake_g,logit,platt,4,227,0.7448113575046941,0.5594713656387665
BPIC13_incidents,handover,B_intake_g,logit,platt,5,227,0.8329429570559475,0.6740088105726872
BPIC13_incidents,handover,B_intake_g,logit,platt,6,224,0.9031508538145753,0.8348214285714286
BPIC13_incidents,handover,B_intake_g,logit,platt,7,229,0.956431982701753,0.9344978165938864
BPIC13_incidents,handover,B_intake_g,logit,platt,8,227,0.9834279930483166,0.9955947136563876
BPIC13_incidents,handover,B_intake_g,logit,platt,9,227,0.9945390486710839,0.9911894273127754
BPIC13_incidents,handover,B_intake_g,logit,isotonic,0,220,0.4085721647366798,0.16818181818181818
BPIC13_incidents,handover,B_intake_g,logit,isotonic,1,234,0.47237011720923466,0.23931623931623933
BPIC13_incidents,handover,B_intake_g,logit,isotonic,2,223,0.531759595328838,0.336322869955157
BPIC13_incidents,handover,B_intake_g,logit,isotonic,3,229,0.6355472961088012,0.42358078602620086
BPIC13_incidents,handover,B_intake_g,logit,isotonic,4,227,0.7351540898625653,0.5506607929515418
BPIC13_incidents,handover,B_intake_g,logit,isotonic,5,224,0.8320790174020133,0.6785714285714286
BPIC13_incidents,handover,B_intake_g,logit,isotonic,6,229,0.9186689200418413,0.8122270742358079
BPIC13_incidents,handover,B_intake_g,logit,isotonic,7,220,0.9669814542790921,0.9590909090909091
BPIC13_incidents,handover,B_intake_g,logit,isotonic,8,211,0.9897004528933535,0.990521327014218
BPIC13_incidents,handover,B_intake_g,logit,isotonic,9,250,1.0,0.992
BPIC13_incidents,handover,B_intake_g,hgb,raw,0,227,0.11363885094967181,0.1762114537444934
BPIC13_incidents,handover,B_intake_g,hgb,raw,1,227,0.313267779415819,0.2555066079295154
BPIC13_incidents,handover,B_intake_g,hgb,raw,2,214,0.4427834602583828,0.26635514018691586
BPIC13_incidents,handover,B_intake_g,hgb,raw,3,239,0.5801341323247334,0.3682008368200837
BPIC13_incidents,handover,B_intake_g,hgb,raw,4,226,0.8077466587751293,0.5176991150442478
BPIC13_incidents,handover,B_intake_g,hgb,raw,5,226,0.9572360445327548,0.8053097345132744
BPIC13_incidents,handover,B_intake_g,hgb,raw,6,226,0.9906957281062193,0.7964601769911505
BPIC13_incidents,handover,B_intake_g,hgb,raw,7,228,0.9988270900540985,0.9736842105263158
BPIC13_incidents,handover,B_intake_g,hgb,raw,8,227,0.9999347024249597,0.9955947136563876
BPIC13_incidents,handover,B_intake_g,hgb,raw,9,227,0.9999948839339405,0.9955947136563876
BPIC13_incidents,handover,B_intake_g,hgb,platt,0,226,0.3747741910302631,0.18141592920353983
BPIC13_incidents,handover,B_intake_g,hgb,platt,1,228,0.4988261683683626,0.25
BPIC13_incidents,handover,B_intake_g,hgb,platt,2,216,0.5560323129420192,0.2962962962962963
BPIC13_incidents,handover,B_intake_g,hgb,platt,3,237,0.6121867242526695,0.3628691983122363
BPIC13_incidents,handover,B_intake_g,hgb,platt,4,226,0.7212378119542336,0.49557522123893805
BPIC13_incidents,handover,B_intake_g,hgb,platt,5,227,0.8358517601068949,0.7709251101321586
BPIC13_incidents,handover,B_intake_g,hgb,platt,6,227,0.9098144579359279,0.8370044052863436
BPIC13_incidents,handover,B_intake_g,hgb,platt,7,226,0.9614544668118561,0.9690265486725663
BPIC13_incidents,handover,B_intake_g,hgb,platt,8,220,0.9843577176148965,0.990909090909091
BPIC13_incidents,handover,B_intake_g,hgb,platt,9,234,0.9907732993552246,1.0
BPIC13_incidents,handover,B_intake_g,hgb,isotonic,0,182,0.3924372840598538,0.15934065934065933
BPIC13_incidents,handover,B_intake_g,hgb,isotonic,1,266,0.48826989857048275,0.2669172932330827
BPIC13_incidents,handover,B_intake_g,hgb,isotonic,2,227,0.5317653836853481,0.2775330396475771
BPIC13_incidents,handover,B_intake_g,hgb,isotonic,3,232,0.589810757877434,0.3706896551724138
BPIC13_incidents,handover,B_intake_g,hgb,isotonic,4,222,0.7011156961252768,0.4954954954954955
BPIC13_incidents,handover,B_intake_g,hgb,isotonic,5,231,0.8264282940259955,0.7532467532467533
BPIC13_incidents,handover,B_intake_g,hgb,isotonic,6,225,0.9223005413078019,0.84
BPIC13_incidents,handover,B_intake_g,hgb,isotonic,7,224,0.9744871200898727,0.9732142857142857
BPIC13_incidents,handover,B_intake_g,hgb,isotonic,8,137,0.9947389766827687,1.0
BPIC13_incidents,handover,B_intake_g,hgb,isotonic,9,321,1.0,0.9937694704049844
BPIC15_1,handover,B_half,logit,raw,0,36,0.4273699506476025,0.4722222222222222
BPIC15_1,handover,B_half,logit,raw,1,36,0.7062345173036205,0.5277777777777778
BPIC15_1,handover,B_half,logit,raw,2,36,0.8539557485480739,0.9166666666666666
BPIC15_1,handover,B_half,logit,raw,3,35,0.9012379031905379,0.8
BPIC15_1,handover,B_half,logit,raw,5,71,0.9343196071252066,0.8309859154929577
BPIC15_1,handover,B_half,logit,raw,6,37,0.9564966538210102,1.0
BPIC15_1,handover,B_half,logit,raw,7,36,0.9790125894411025,1.0
BPIC15_1,handover,B_half,logit,raw,8,19,0.9867482400254602,1.0
BPIC15_1,handover,B_half,logit,raw,9,54,0.9922329450702452,1.0
BPIC15_1,handover,B_half,logit,platt,0,36,0.4339261278604962,0.4444444444444444
BPIC15_1,handover,B_half,logit,platt,1,34,0.6932775910750917,0.5294117647058824
BPIC15_1,handover,B_half,logit,platt,2,33,0.8132710902143658,0.9090909090909091
BPIC15_1,handover,B_half,logit,platt,3,39,0.8781546695162377,0.8205128205128205
BPIC15_1,handover,B_half,logit,platt,4,5,0.9175452090680493,1.0
BPIC15_1,handover,B_half,logit,platt,5,67,0.9183034337574598,0.8208955223880597
BPIC15_1,handover,B_half,logit,platt,6,30,0.9471564573526376,1.0
BPIC15_1,handover,B_half,logit,platt,7,33,0.9685210873696829,1.0
BPIC15_1,handover,B_half,logit,platt,8,29,0.98052209245962,1.0
BPIC15_1,handover,B_half,logit,platt,9,54,0.9891239293262742,1.0
BPIC15_1,handover,B_half,logit,isotonic,0,31,0.39626570253898485,0.3870967741935484
BPIC15_1,handover,B_half,logit,isotonic,1,41,0.6133495928835249,0.5853658536585366
BPIC15_1,handover,B_half,logit,isotonic,2,35,0.7806495867983831,0.8571428571428571
BPIC15_1,handover,B_half,logit,isotonic,3,33,0.8741238456815842,0.8484848484848485
BPIC15_1,handover,B_half,logit,isotonic,4,8,0.9017635785847706,1.0
BPIC15_1,handover,B_half,logit,isotonic,6,99,0.9259009515413524,0.8787878787878788
BPIC15_1,handover,B_half,logit,isotonic,7,41,0.9916913674664919,1.0
BPIC15_1,handover,B_half,logit,isotonic,9,72,1.0,1.0
BPIC15_1,handover,B_half,hgb,raw,0,35,0.582828592986708,0.4
BPIC15_1,handover,B_half,hgb,raw,1,34,0.8950086779704164,0.6176470588235294
BPIC15_1,handover,B_half,hgb,raw,2,32,0.9714775575351704,0.9375
BPIC15_1,handover,B_half,hgb,raw,3,8,0.9882686595936556,1.0
BPIC15_1,handover,B_half,hgb,raw,4,68,0.9892205438632335,0.8088235294117647
BPIC15_1,handover,B_half,hgb,raw,5,37,0.9988235731477865,0.8918918918918919
BPIC15_1,handover,B_half,hgb,raw,6,12,0.9999586120124785,1.0
BPIC15_1,handover,B_half,hgb,raw,7,62,0.9999856105806827,0.9193548387096774
BPIC15_1,handover,B_half,hgb,raw,8,29,0.9999989605548146,1.0
BPIC15_1,handover,B_half,hgb,raw,9,43,0.99999970465081,1.0
BPIC15_1,handover,B_half,hgb,platt,0,22,0.6726086312373287,0.2727272727272727
BPIC15_1,handover,B_half,hgb,platt,1,50,0.7925063672088793,0.62
BPIC15_1,handover,B_half,hgb,platt,2,32,0.8780695837391609,0.90625
BPIC15_1,handover,B_half,hgb,platt,3,19,0.9101221846599251,0.8947368421052632
BPIC15_1,handover,B_half,hgb,platt,5,93,0.9211942584827141,0.8602150537634409
BPIC15_1,handover,B_half,hgb,platt,6,33,0.9599569366959877,0.9696969696969697
BPIC15_1,handover,B_half,hgb,platt,7,27,0.9668467137647583,1.0
BPIC15_1,handover,B_half,hgb,platt,8,42,0.9718920334875891,0.9047619047619048
BPIC15_1,handover,B_half,hgb,platt,9,42,0.9773115034084187,1.0
BPIC15_1,handover,B_half,hgb,isotonic,0,28,0.5513977702463497,0.42857142857142855
BPIC15_1,handover,B_half,hgb,isotonic,1,39,0.7889606097353734,0.5128205128205128
BPIC15_1,handover,B_half,hgb,isotonic,2,36,0.9269275768842292,0.8888888888888888
BPIC15_1,handover,B_half,hgb,isotonic,3,29,0.945365551656658,0.9655172413793104
BPIC15_1,handover,B_half,hgb,isotonic,4,23,0.949910126369255,0.9130434782608695
BPIC15_1,handover,B_half,hgb,isotonic,6,93,0.9627501413666818,0.8279569892473119
BPIC15_1,handover,B_half,hgb,isotonic,7,21,0.9769040337709536,1.0
BPIC15_1,handover,B_half,hgb,isotonic,8,45,0.983022644457,1.0
BPIC15_1,handover,B_half,hgb,isotonic,9,46,0.9924242424242425,1.0
BPIC15_1,handover,B_intake,logit,raw,0,36,0.2834328813698158,0.25
BPIC15_1,handover,B_intake,logit,raw,1,36,0.5309026111356528,0.4166666666666667
BPIC15_1,handover,B_intake,logit,raw,2,35,0.7959304562500624,0.7714285714285715
BPIC15_1,handover,B_intake,logit,raw,3,37,0.9335625686557352,0.9459459459459459
BPIC15_1,handover,B_intake,logit,raw,4,28,0.9582371167935596,1.0
BPIC15_1,handover,B_intake,logit,raw,5,44,0.9708330151632277,1.0
BPIC15_1,handover,B_intake,logit,raw,6,36,0.9857794055240731,1.0
BPIC15_1,handover,B_intake,logit,raw,7,36,0.9902668656377577,1.0
BPIC15_1,handover,B_intake,logit,raw,8,36,0.9940914691003984,1.0
BPIC15_1,handover,B_intake,logit,raw,9,36,0.9981676904289996,1.0
BPIC15_1,handover,B_intake,logit,platt,0,36,0.3848326202998509,0.25
BPIC15_1,handover,B_intake,logit,platt,1,36,0.5597088046381429,0.3888888888888889
BPIC15_1,handover,B_intake,logit,platt,2,36,0.7449675644745797,0.8055555555555556
BPIC15_1,handover,B_intake,logit,platt,3,33,0.8907781272980115,0.9393939393939394
BPIC15_1,handover,B_intake,logit,platt,4,39,0.9326897038818021,1.0
BPIC15_1,handover,B_intake,logit,platt,5,35,0.9535048551513007,1.0
BPIC15_1,handover,B_intake,logit,platt,6,37,0.9732423667400688,1.0
BPIC15_1,handover,B_intake,logit,platt,7,31,0.9810322663885754,1.0
BPIC15_1,handover,B_intake,logit,platt,8,41,0.9876286741805141,1.0
BPIC15_1,handover,B_intake,logit,platt,9,36,0.9949831670323044,1.0
BPIC15_1,handover,B_intake,logit,isotonic,0,36,0.37800997270403486,0.2777777777777778
BPIC15_1,handover,B_intake,logit,isotonic,1,36,0.5427895379323895,0.3888888888888889
BPIC15_1,handover,B_intake,logit,isotonic,2,34,0.7034000295538098,0.7647058823529411
BPIC15_1,handover,B_intake,logit,isotonic,3,36,0.883202651661517,0.9722222222222222
BPIC15_1,handover,B_intake,logit,isotonic,4,38,0.9772863534452977,0.9736842105263158
BPIC15_1,handover,B_intake,logit,isotonic,6,72,0.984924954375483,1.0
BPIC15_1,handover,B_intake,logit,isotonic,9,108,1.0,1.0
BPIC15_1,handover,B_intake,hgb,raw,0,36,0.228399223944304,0.2777777777777778
BPIC15_1,handover,B_intake,hgb,raw,1,36,0.8418243985915536,0.2777777777777778
BPIC15_1,handover,B_intake,hgb,raw,2,36,0.9901481781208259,0.9166666666666666
BPIC15_1,handover,B_intake,hgb,raw,3,33,0.998657332136581,0.9090909090909091
BPIC15_1,handover,B_intake,hgb,raw,4,39,0.999548610024342,1.0
BPIC15_1,handover,B_intake,hgb,raw,5,35,0.9998750744053421,1.0
BPIC15_1,handover,B_intake,hgb,raw,6,35,0.9999883303982107,1.0
BPIC15_1,handover,B_intake,hgb,raw,7,38,0.9999983646442979,1.0
BPIC15_1,handover,B_intake,hgb,raw,8,36,0.9999997399891508,1.0
BPIC15_1,handover,B_intake,hgb,raw,9,36,0.999999970701064,1.0
BPIC15_1,handover,B_intake,hgb,platt,0,33,0.41186073503469545,0.30303030303030304
BPIC15_1,handover,B_intake,hgb,platt,1,39,0.5701097012150221,0.28205128205128205
BPIC15_1,handover,B_intake,hgb,platt,2,35,0.7894750632629977,0.8571428571428571
BPIC15_1,handover,B_intake,hgb,platt,3,37,0.86830051342712,0.9459459459459459
BPIC15_1,handover,B_intake,hgb,platt,4,32,0.9047121616951428,1.0
BPIC15_1,handover,B_intake,hgb,platt,5,40,0.9360861461191409,1.0
BPIC15_1,handover,B_intake,hgb,platt,6,36,0.9641166670645942,1.0
BPIC15_1,handover,B_intake,hgb,platt,7,34,0.978185975885328,1.0
BPIC15_1,handover,B_intake,hgb,platt,8,38,0.9879008879463363,1.0
BPIC15_1,handover,B_intake,hgb,platt,9,36,0.9922723811196307,1.0
BPIC15_1,handover,B_intake,hgb,isotonic,0,19,0.32256140041491976,0.15789473684210525
BPIC15_1,handover,B_intake,hgb,isotonic,1,53,0.5374391706837006,0.32075471698113206
BPIC15_1,handover,B_intake,hgb,isotonic,2,36,0.7610241426185925,0.8611111111111112
BPIC15_1,handover,B_intake,hgb,isotonic,3,36,0.8319550974044276,0.9722222222222222
BPIC15_1,handover,B_intake,hgb,isotonic,4,29,0.8683363437464221,1.0
BPIC15_1,handover,B_intake,hgb,isotonic,5,43,0.9249006362717821,1.0
BPIC15_1,handover,B_intake,hgb,isotonic,6,1,0.9899505720372538,1.0
BPIC15_1,handover,B_intake,hgb,isotonic,7,51,0.9958421682973221,1.0
BPIC15_1,handover,B_intake,hgb,isotonic,9,92,1.0,1.0
BPIC15_1,handover,B_intake_g,logit,raw,0,35,0.2727018554014884,0.2857142857142857
BPIC15_1,handover,B_intake_g,logit,raw,1,37,0.5239793649504487,0.40540540540540543
BPIC15_1,handover,B_intake_g,logit,raw,2,36,0.7953645581530533,0.7777777777777778
BPIC15_1,handover,B_intake_g,logit,raw,3,34,0.9318824242412637,0.9117647058823529
BPIC15_1,handover,B_intake_g,logit,raw,4,38,0.95977059775393,1.0
BPIC15_1,handover,B_intake_g,logit,raw,5,36,0.9734037135443026,1.0
BPIC15_1,handover,B_intake_g,logit,raw,6,36,0.9861901393671224,1.0
BPIC15_1,handover,B_intake_g,logit,raw,7,35,0.9903698109420097,1.0
BPIC15_1,handover,B_intake_g,logit,raw,8,37,0.9945370946752592,1.0
BPIC15_1,handover,B_intake_g,logit,raw,9,36,0.9982667804465888,1.0
BPIC15_1,handover,B_intake_g,logit,platt,0,36,0.38644213685849205,0.2222222222222222
BPIC15_1,handover,B_intake_g,logit,platt,1,36,0.56034963502625,0.4166666666666667
BPIC15_1,handover,B_intake_g,logit,platt,2,36,0.7410869972692555,0.8055555555555556
BPIC15_1,handover,B_intake_g,logit,platt,3,36,0.8896228279303594,0.9722222222222222
BPIC15_1,handover,B_intake_g,logit,platt,4,36,0.9303254044380878,0.9722222222222222
BPIC15_1,handover,B_intake_g,logit,platt,5,36,0.9519000873043881,1.0
BPIC15_1,handover,B_intake_g,logit,platt,6,36,0.9715724883397271,1.0
BPIC15_1,handover,B_intake_g,logit,platt,7,36,0.9799138554060652,1.0
BPIC15_1,handover,B_intake_g,logit,platt,8,36,0.9868781465945455,1.0
BPIC15_1,handover,B_intake_g,logit,platt,9,36,0.9944631642680444,1.0
BPIC15_1,handover,B_intake_g,logit,isotonic,0,36,0.3656629155700451,0.19444444444444445
BPIC15_1,handover,B_intake_g,logit,isotonic,1,36,0.5577755705245182,0.5
BPIC15_1,handover,B_intake_g,logit,isotonic,2,34,0.6754746720663676,0.7647058823529411
BPIC15_1,handover,B_intake_g,logit,isotonic,3,25,0.8648116937528704,0.92
BPIC15_1,handover,B_intake_g,logit,isotonic,4,23,0.9334934221290863,0.9565217391304348
BPIC15_1,handover,B_intake_g,logit,isotonic,5,36,0.9750245446981638,1.0
BPIC15_1,handover,B_intake_g,logit,isotonic,6,61,0.983486503135535,1.0
BPIC15_1,handover,B_intake_g,logit,isotonic,9,109,1.0,1.0
BPIC15_1,handover,B_intake_g,hgb,raw,0,35,0.3095503053779164,0.2571428571428571
BPIC15_1,handover,B_intake_g,hgb,raw,1,37,0.8932775140092423,0.32432432432432434
BPIC15_1,handover,B_intake_g,hgb,raw,2,36,0.9963638891363045,0.8333333333333334
BPIC15_1,handover,B_intake_g,hgb,raw,3,35,0.9996491490333119,0.9714285714285714
BPIC15_1,handover,B_intake_g,hgb,raw,4,37,0.9999010748180592,1.0
BPIC15_1,handover,B_intake_g,hgb,raw,5,35,0.9999660182744581,1.0
BPIC15_1,handover,B_intake_g,hgb,raw,6,35,0.9999924940632882,1.0
BPIC15_1,handover,B_intake_g,hgb,raw,7,38,0.9999995915322231,1.0
BPIC15_1,handover,B_intake_g,hgb,raw,8,36,0.9999999197553748,1.0
BPIC15_1,handover,B_intake_g,hgb,raw,9,36,0.9999999889036998,1.0
BPIC15_1,handover,B_intake_g,hgb,platt,0,34,0.43339551469735477,0.11764705882352941
BPIC15_1,handover,B_intake_g,hgb,platt,1,38,0.6267158109332918,0.4473684210526316
BPIC15_1,handover,B_intake_g,hgb,platt,2,35,0.8277140162408647,0.8
BPIC15_1,handover,B_intake_g,hgb,platt,3,37,0.8959578983310221,1.0
BPIC15_1,handover,B_intake_g,hgb,platt,4,35,0.9263747041396121,1.0
BPIC15_1,handover,B_intake_g,hgb,platt,5,37,0.9485062376487621,1.0
BPIC15_1,handover,B_intake_g,hgb,platt,6,32,0.9732512487666707,1.0
BPIC15_1,handover,B_intake_g,hgb,platt,7,40,0.9817878967613662,1.0
BPIC15_1,handover,B_intake_g,hgb,platt,8,36,0.9901847096272286,1.0
BPIC15_1,handover,B_intake_g,hgb,platt,9,36,0.9938839088782543,1.0
BPIC15_1,handover,B_intake_g,hgb,isotonic,0,35,0.41414771667517986,0.14285714285714285
BPIC15_1,handover,B_intake_g,hgb,isotonic,1,37,0.6277343515822127,0.40540540540540543
BPIC15_1,handover,B_intake_g,hgb,isotonic,2,36,0.7769163410361677,0.8333333333333334
BPIC15_1,handover,B_intake_g,hgb,isotonic,3,28,0.8590070670028026,1.0
BPIC15_1,handover,B_intake_g,hgb,isotonic,4,44,0.9189361604208497,1.0
BPIC15_1,handover,B_intake_g,hgb,isotonic,5,1,0.9902694530975618,1.0
BPIC15_1,handover,B_intake_g,hgb,isotonic,6,49,0.9949892853048595,1.0
BPIC15_1,handover,B_intake_g,hgb,isotonic,9,130,1.0,1.0
BPIC15_3,duration,B_half,logit,raw,0,14,0.1416474586822096,0.21428571428571427
BPIC15_3,duration,B_half,logit,raw,1,70,0.2134923776559465,0.12857142857142856
BPIC15_3,duration,B_half,logit,raw,2,33,0.38650016978481894,0.2727272727272727
BPIC15_3,duration,B_half,logit,raw,3,52,0.5336933769523534,0.36538461538461536
BPIC15_3,duration,B_half,logit,raw,4,8,0.6532436169395011,0.625
BPIC15_3,duration,B_half,logit,raw,5,77,0.6724777271646418,0.42857142857142855
BPIC15_3,duration,B_half,logit,raw,6,42,0.7385935973400474,0.38095238095238093
BPIC15_3,duration,B_half,logit,raw,7,29,0.8038063785820888,0.5862068965517241
BPIC15_3,duration,B_half,logit,raw,8,47,0.8537059024974321,0.8723404255319149
BPIC15_3,duration,B_half,logit,raw,9,51,0.9101617041628539,0.803921568627451
BPIC15_3,duration,B_half,logit,platt,0,14,0.15835795967365465,0.21428571428571427
BPIC15_3,duration,B_half,logit,platt,1,67,0.2157857258861008,0.1044776119402985
BPIC15_3,duration,B_half,logit,platt,2,31,0.37045834323839055,0.25806451612903225
BPIC15_3,duration,B_half,logit,platt,3,57,0.5295104539199804,0.40350877192982454
BPIC15_3,duration,B_half,logit,platt,4,8,0.6452475098449348,0.625
BPIC15_3,duration,B_half,logit,platt,5,77,0.6494880496292113,0.4025974025974026
BPIC15_3,duration,B_half,logit,platt,6,29,0.7113724462815078,0.5517241379310345
BPIC15_3,duration,B_half,logit,platt,7,45,0.7686180867608412,0.4666666666666667
BPIC15_3,duration,B_half,logit,platt,8,49,0.8412896340619013,0.8367346938775511
BPIC15_3,duration,B_half,logit,platt,9,46,0.8977647225322272,0.8260869565217391
BPIC15_3,duration,B_half,logit,isotonic,0,6,0.06818181818181818,0.16666666666666666
BPIC15_3,duration,B_half,logit,isotonic,1,72,0.16346960633221239,0.1527777777777778
BPIC15_3,duration,B_half,logit,isotonic,2,36,0.3490218442350877,0.16666666666666666
BPIC15_3,duration,B_half,logit,isotonic,3,55,0.556374973166378,0.43636363636363634
BPIC15_3,duration,B_half,logit,isotonic,4,9,0.6686352354296051,0.4444444444444444
BPIC15_3,duration,B_half,logit,isotonic,5,76,0.6811627450130465,0.40789473684210525
BPIC15_3,duration,B_half,logit,isotonic,6,32,0.7245781991859754,0.4375
BPIC15_3,duration,B_half,logit,isotonic,7,43,0.7814554525321772,0.5581395348837209
BPIC15_3,duration,B_half,logit,isotonic,8,40,0.846322854195536,0.825
BPIC15_3,duration,B_half,logit,isotonic,9,54,0.9279404051419873,0.8333333333333334
BPIC15_3,duration,B_half,hgb,raw,0,43,0.18239973637274493,0.3023255813953488
BPIC15_3,duration,B_half,hgb,raw,2,63,0.40831025767452955,0.12698412698412698
BPIC15_3,duration,B_half,hgb,raw,3,63,0.4566905962345556,0.7142857142857143
BPIC15_3,duration,B_half,hgb,raw,4,37,0.6012627690724811,0.4864864864864865
BPIC15_3,duration,B_half,hgb,raw,5,25,0.718160736730882,0.2
BPIC15_3,duration,B_half,hgb,raw,7,98,0.7548707090546959,0.41836734693877553
BPIC15_3,duration,B_half,hgb,raw,8,51,0.9354157475822895,0.6078431372549019
BPIC15_3,duration,B_half,hgb,raw,9,43,0.9908109526393337,0.7441860465116279
BPIC15_3,duration,B_half,hgb,platt,0,28,0.3590923502026694,0.32142857142857145
BPIC15_3,duration,B_half,hgb,platt,1,39,0.462614768327782,0.3333333333333333
BPIC15_3,duration,B_half,hgb,platt,2,58,0.48874480501411666,0.08620689655172414
BPIC15_3,duration,B_half,hgb,platt,3,18,0.5009604142605135,0.3888888888888889
BPIC15_3,duration,B_half,hgb,platt,5,109,0.5275472807802919,0.42201834862385323
BPIC15_3,duration,B_half,hgb,platt,6,34,0.5734775126436835,0.4411764705882353
BPIC15_3,duration,B_half,hgb,platt,7,50,0.5944152516542898,0.8
BPIC15_3,duration,B_half,hgb,platt,8,43,0.6569688804012888,0.6511627906976745
BPIC15_3,duration,B_half,hgb,platt,9,44,0.7281238846014674,0.6818181818181818
BPIC15_3,duration,B_half,hgb,isotonic,0,28,0.30238569185357544,0.32142857142857145
BPIC15_3,duration,B_half,hgb,isotonic,1,30,0.43794928621591356,0.43333333333333335
BPIC15_3,duration,B_half,hgb,isotonic,2,69,0.4812848030931901,0.10144927536231885
BPIC15_3,duration,B_half,hgb,isotonic,3,16,0.5070672652940018,0.25
BPIC15_3,duration,B_half,hgb,isotonic,5,108,0.5558767713992733,0.3888888888888889
BPIC15_3,duration,B_half,hgb,isotonic,6,44,0.6080483653583157,0.5909090909090909
BPIC15_3,duration,B_half,hgb,isotonic,7,26,0.6564683613264541,0.6153846153846154
BPIC15_3,duration,B_half,hgb,isotonic,8,43,0.6777895608744539,0.8372093023255814
BPIC15_3,duration,B_half,hgb,isotonic,9,59,0.7903637975298466,0.6779661016949152
BPIC15_3,duration,B_intake,logit,raw,0,34,0.14810441693092094,0.17647058823529413
BPIC15_3,duration,B_intake,logit,raw,1,51,0.22966886915112214,0.09803921568627451
BPIC15_3,duration,B_intake,logit,raw,2,42,0.39095864802795155,0.2857142857142857
BPIC15_3,duration,B_intake,logit,raw,3,42,0.5143768785847007,0.40476190476190477
BPIC15_3,duration,B_intake,logit,raw,4,35,0.6199142629123084,0.4
BPIC15_3,duration,B_intake,logit,raw,5,49,0.6821926995489749,0.3469387755102041
BPIC15_3,duration,B_intake,logit,raw,6,43,0.7367854969891006,0.5581395348837209
BPIC15_3,duration,B_intake,logit,raw,7,39,0.7945013379475729,0.5897435897435898
BPIC15_3,duration,B_intake,logit,raw,8,45,0.8612650929637605,0.8444444444444444
BPIC15_3,duration,B_intake,logit,raw,9,43,0.9282234668164686,0.8604651162790697
BPIC15_3,duration,B_intake,logit,platt,0,31,0.18558837657257157,0.1935483870967742
BPIC15_3,duration,B_intake,logit,platt,1,54,0.26908874042194414,0.09259259259259259
BPIC15_3,duration,B_intake,logit,platt,2,40,0.41003895035051974,0.275
BPIC15_3,duration,B_intake,logit,platt,3,44,0.507740871864173,0.45454545454545453
BPIC15_3,duration,B_intake,logit,platt,4,34,0.598462361544315,0.3235294117647059
BPIC15_3,duration,B_intake,logit,platt,5,49,0.6443646322361535,0.32653061224489793
BPIC15_3,duration,B_intake,logit,platt,6,43,0.6889114487800262,0.5116279069767442
BPIC15_3,duration,B_intake,logit,platt,7,43,0.7452628681342987,0.6744186046511628
BPIC15_3,duration,B_intake,logit,platt,8,42,0.8100522190208594,0.8333333333333334
BPIC15_3,duration,B_intake,logit,platt,9,43,0.8861618590684759,0.8837209302325582
BPIC15_3,duration,B_intake,logit,isotonic,0,33,0.18044096738896134,0.18181818181818182
BPIC15_3,duration,B_intake,logit,isotonic,1,45,0.25510057747531495,0.13333333333333333
BPIC15_3,duration,B_intake,logit,isotonic,2,46,0.4038910009744225,0.1956521739130435
BPIC15_3,duration,B_intake,logit,isotonic,3,45,0.5294549953723514,0.4444444444444444
BPIC15_3,duration,B_intake,logit,isotonic,4,37,0.6430124275077266,0.3783783783783784
BPIC15_3,duration,B_intake,logit,isotonic,6,86,0.6888638094827144,0.45348837209302323
BPIC15_3,duration,B_intake,logit,isotonic,7,46,0.7785044423824116,0.5434782608695652
BPIC15_3,duration,B_intake,logit,isotonic,8,42,0.8490449104106828,0.8809523809523809
BPIC15_3,duration,B_intake,logit,isotonic,9,43,0.9356059181059757,0.8604651162790697
BPIC15_3,duration,B_intake,hgb,raw,0,43,0.11542428173101209,0.3488372093023256
BPIC15_3,duration,B_intake,hgb,raw,1,35,0.3149118738341484,0.14285714285714285
BPIC15_3,duration,B_intake,hgb,raw,2,49,0.41925753208793415,0.30612244897959184
BPIC15_3,duration,B_intake,hgb,raw,3,42,0.5616976523377053,0.19047619047619047
BPIC15_3,duration,B_intake,hgb,raw,4,42,0.7344108641477276,0.42857142857142855
BPIC15_3,duration,B_intake,hgb,raw,5,43,0.8688612961264127,0.7674418604651163
BPIC15_3,duration,B_intake,hgb,raw,6,41,0.9457780608317664,0.5121951219512195
BPIC15_3,duration,B_intake,hgb,raw,7,41,0.9651575332022273,0.4146341463414634
BPIC15_3,duration,B_intake,hgb,raw,8,44,0.9863909629695776,0.5909090909090909
BPIC15_3,duration,B_intake,hgb,raw,9,43,0.9973580542683931,0.813953488372093
BPIC15_3,duration,B_intake,hgb,platt,0,39,0.29382473717791197,0.20512820512820512
BPIC15_3,duration,B_intake,hgb,platt,1,40,0.3795991575792808,0.225
BPIC15_3,duration,B_intake,hgb,platt,2,46,0.4346747437136024,0.17391304347826086
BPIC15_3,duration,B_intake,hgb,platt,3,44,0.49142435573672105,0.36363636363636365
BPIC15_3,duration,B_intake,hgb,platt,4,42,0.5411284458483449,0.5952380952380952
BPIC15_3,duration,B_intake,hgb,platt,5,41,0.5692032827768575,0.5121951219512195
BPIC15_3,duration,B_intake,hgb,platt,6,44,0.6105264756670828,0.6590909090909091
BPIC15_3,duration,B_intake,hgb,platt,7,42,0.6527521978905992,0.42857142857142855
BPIC15_3,duration,B_intake,hgb,platt,8,42,0.7134692990759922,0.6904761904761905
BPIC15_3,duration,B_intake,hgb,platt,9,43,0.8043039739427517,0.6976744186046512
BPIC15_3,duration,B_intake,hgb,isotonic,0,31,0.22770833325092105,0.1935483870967742
BPIC15_3,duration,B_intake,hgb,isotonic,1,51,0.33651404194128587,0.23529411764705882
BPIC15_3,duration,B_intake,hgb,isotonic,2,45,0.4583711419713774,0.2
BPIC15_3,duration,B_intake,hgb,isotonic,3,40,0.5117976308530894,0.275
BPIC15_3,duration,B_intake,hgb,isotonic,4,31,0.5612644102365832,0.5483870967741935
BPIC15_3,duration,B_intake,hgb,isotonic,5,49,0.5968609219759251,0.5714285714285714
BPIC15_3,duration,B_intake,hgb,isotonic,6,46,0.6126140831509153,0.6739130434782609
BPIC15_3,duration,B_intake,hgb,isotonic,7,41,0.6436372219834706,0.5853658536585366
BPIC15_3,duration,B_intake,hgb,isotonic,8,46,0.7145564522415779,0.5869565217391305
BPIC15_3,duration,B_intake,hgb,isotonic,9,43,0.8400086461949696,0.6511627906976745
BPIC15_3,duration,B_intake_g,logit,raw,0,34,0.14897844730372659,0.17647058823529413
BPIC15_3,duration,B_intake_g,logit,raw,1,51,0.23202646941818109,0.09803921568627451
BPIC15_3,duration,B_intake_g,logit,raw,2,40,0.3837192691089532,0.275
BPIC15_3,duration,B_intake_g,logit,raw,3,44,0.5109585006746872,0.4090909090909091
BPIC15_3,duration,B_intake_g,logit,raw,4,37,0.6216552909608005,0.40540540540540543
BPIC15_3,duration,B_intake_g,logit,raw,5,48,0.6843462704379032,0.3541666666666667
BPIC15_3,duration,B_intake_g,logit,raw,6,42,0.7393139091906544,0.5476190476190477
BPIC15_3,duration,B_intake_g,logit,raw,7,40,0.7938400401296091,0.575
BPIC15_3,duration,B_intake_g,logit,raw,8,44,0.8614104432213062,0.8181818181818182
BPIC15_3,duration,B_intake_g,logit,raw,9,43,0.9255818816546176,0.9069767441860465
BPIC15_3,duration,B_intake_g,logit,platt,0,31,0.18904929309580865,0.1935483870967742
BPIC15_3,duration,B_intake_g,logit,platt,1,54,0.2726633745871831,0.1111111111111111
BPIC15_3,duration,B_intake_g,logit,platt,2,42,0.4114488776894211,0.2619047619047619
BPIC15_3,duration,B_intake_g,logit,platt,3,42,0.5071264565038666,0.4523809523809524
BPIC15_3,duration,B_intake_g,logit,platt,4,37,0.5953625679474063,0.32432432432432434
BPIC15_3,duration,B_intake_g,logit,platt,5,48,0.642590112408361,0.3541666666666667
BPIC15_3,duration,B_intake_g,logit,platt,6,42,0.6860448538809637,0.5
BPIC15_3,duration,B_intake_g,logit,platt,7,40,0.7380246222990754,0.675
BPIC15_3,duration,B_intake_g,logit,platt,8,44,0.8022965072500727,0.8181818181818182
BPIC15_3,duration,B_intake_g,logit,platt,9,43,0.8796495859919038,0.8837209302325582
BPIC15_3,duration,B_intake_g,logit,isotonic,0,34,0.18608530237991314,0.20588235294117646
BPIC15_3,duration,B_intake_g,logit,isotonic,1,48,0.2649079309159654,0.08333333333333333
BPIC15_3,duration,B_intake_g,logit,isotonic,2,45,0.41851030121656724,0.2222222222222222
BPIC15_3,duration,B_intake_g,logit,isotonic,3,40,0.5312832866521517,0.425
BPIC15_3,duration,B_intake_g,logit,isotonic,4,32,0.6218800873914447,0.5
BPIC15_3,duration,B_intake_g,logit,isotonic,5,47,0.6715696567170226,0.3191489361702128
BPIC15_3,duration,B_intake_g,logit,isotonic,6,50,0.69884023529046,0.48
BPIC15_3,duration,B_intake_g,logit,isotonic,7,42,0.7857020764797049,0.6190476190476191
BPIC15_3,duration,B_intake_g,logit,isotonic,8,42,0.8648847329829019,0.8095238095238095
BPIC15_3,duration,B_intake_g,logit,isotonic,9,43,0.9270105414189174,0.9302325581395349
BPIC15_3,duration,B_intake_g,hgb,raw,0,43,0.068377779901724,0.27906976744186046
BPIC15_3,duration,B_intake_g,hgb,raw,1,41,0.22112983721543933,0.12195121951219512
BPIC15_3,duration,B_intake_g,hgb,raw,2,43,0.37122708849107305,0.27906976744186046
BPIC15_3,duration,B_intake_g,hgb,raw,3,41,0.5063636154826714,0.24390243902439024
BPIC15_3,duration,B_intake_g,hgb,raw,4,43,0.6866937996694361,0.5116279069767442
BPIC15_3,duration,B_intake_g,hgb,raw,5,42,0.8603928231445191,0.5952380952380952
BPIC15_3,duration,B_intake_g,hgb,raw,6,42,0.9275483141397756,0.6666666666666666
BPIC15_3,duration,B_intake_g,hgb,raw,7,39,0.9567592064822594,0.48717948717948717
BPIC15_3,duration,B_intake_g,hgb,raw,8,46,0.9790451383036951,0.5
BPIC15_3,duration,B_intake_g,hgb,raw,9,43,0.9975965038271237,0.8604651162790697
BPIC15_3,duration,B_intake_g,hgb,platt,0,39,0.3341082404742565,0.1794871794871795
BPIC15_3,duration,B_intake_g,hgb,platt,1,46,0.4353304601461542,0.2608695652173913
BPIC15_3,duration,B_intake_g,hgb,platt,2,42,0.46771863461296637,0.19047619047619047
BPIC15_3,duration,B_intake_g,hgb,platt,3,42,0.5148863344648638,0.35714285714285715
BPIC15_3,duration,B_intake_g,hgb,platt,4,40,0.5456985841108919,0.425
BPIC15_3,duration,B_intake_g,hgb,platt,5,45,0.5921009957795497,0.6666666666666666
BPIC15_3,duration,B_intake_g,hgb,platt,6,41,0.634351542888449,0.5609756097560976
BPIC15_3,duration,B_intake_g,hgb,platt,7,43,0.6557336578179461,0.5813953488372093
BPIC15_3,duration,B_intake_g,hgb,platt,8,42,0.7087106381001276,0.6428571428571429
BPIC15_3,duration,B_intake_g,hgb,platt,9,43,0.7924952361577415,0.6744186046511628
BPIC15_3,duration,B_intake_g,hgb,isotonic,0,43,0.3272099441176696,0.18604651162790697
BPIC15_3,duration,B_intake_g,hgb,isotonic,1,28,0.4467792720922162,0.39285714285714285
BPIC15_3,duration,B_intake_g,hgb,isotonic,2,55,0.49868930214962576,0.18181818181818182
BPIC15_3,duration,B_intake_g,hgb,isotonic,3,35,0.5369208069470167,0.2857142857142857
BPIC15_3,duration,B_intake_g,hgb,isotonic,4,47,0.5783512432165595,0.5319148936170213
BPIC15_3,duration,B_intake_g,hgb,isotonic,5,39,0.6194737764083913,0.4358974358974359
BPIC15_3,duration,B_intake_g,hgb,isotonic,6,49,0.6469011852967173,0.6530612244897959
BPIC15_3,duration,B_intake_g,hgb,isotonic,7,41,0.681556101974727,0.6097560975609756
BPIC15_3,duration,B_intake_g,hgb,isotonic,8,43,0.7290882346514025,0.627906976744186
BPIC15_3,duration,B_intake_g,hgb,isotonic,9,43,0.8208675691572705,0.6511627906976745
BPIC15_4,handover,B_half,logit,raw,0,14,0.7112765245464475,0.6428571428571429
BPIC15_4,handover,B_half,logit,raw,1,49,0.8210366935385249,0.7959183673469388
BPIC15_4,handover,B_half,logit,raw,2,29,0.9167434170459174,0.6896551724137931
BPIC15_4,handover,B_half,logit,raw,3,30,0.950230984562898,0.8
BPIC15_4,handover,B_half,logit,raw,4,23,0.9629865173160705,1.0
BPIC15_4,handover,B_half,logit,raw,5,40,0.9775854592611622,0.825
BPIC15_4,handover,B_half,logit,raw,6,32,0.9813205586676592,0.96875
BPIC15_4,handover,B_half,logit,raw,7,31,0.9834653356896365,0.9032258064516129
BPIC15_4,handover,B_half,logit,raw,8,34,0.9905519885142555,0.9705882352941176
BPIC15_4,handover,B_half,logit,raw,9,34,0.9960670516040049,1.0
BPIC15_4,handover,B_half,logit,platt,0,8,0.7200935564812081,0.625
BPIC15_4,handover,B_half,logit,platt,1,55,0.829032020153916,0.7818181818181819
BPIC15_4,handover,B_half,logit,platt,2,30,0.9104040200065089,0.7
BPIC15_4,handover,B_half,logit,platt,3,29,0.9359325390518629,0.7931034482758621
BPIC15_4,handover,B_half,logit,platt,4,24,0.948491077446361,0.9583333333333334
BPIC15_4,handover,B_half,logit,platt,5,43,0.9674737063459135,0.8604651162790697
BPIC15_4,handover,B_half,logit,platt,6,31,0.970288309280537,1.0
BPIC15_4,handover,B_half,logit,platt,7,30,0.9727368802453983,0.8666666666666667
BPIC15_4,handover,B_half,logit,platt,8,33,0.9830237525207471,0.9696969696969697
BPIC15_4,handover,B_half,logit,platt,9,33,0.9907717830196271,1.0
BPIC15_4,handover,B_half,logit,isotonic,0,8,0.6399463127827607,0.625
BPIC15_4,handover,B_half,logit,isotonic,1,55,0.8073044844913358,0.7818181818181819
BPIC15_4,handover,B_half,logit,isotonic,2,26,0.914218241406002,0.7307692307692307
BPIC15_4,handover,B_half,logit,isotonic,3,32,0.9696687955485224,0.75
BPIC15_4,handover,B_half,logit,isotonic,4,22,0.9814325730292119,1.0
BPIC15_4,handover,B_half,logit,isotonic,9,173,0.9931972789115645,0.930635838150289
BPIC15_4,handover,B_half,hgb,raw,0,28,0.7714923089526258,0.5714285714285714
BPIC15_4,handover,B_half,hgb,raw,1,10,0.8916311591546124,0.4
BPIC15_4,handover,B_half,hgb,raw,2,57,0.9446260286777889,0.8596491228070176
BPIC15_4,handover,B_half,hgb,raw,3,23,0.9886400140379977,0.9565217391304348
BPIC15_4,handover,B_half,hgb,raw,4,11,0.9959605716164092,0.8181818181818182
BPIC15_4,handover,B_half,hgb,raw,5,58,0.9980410463272931,0.8620689655172413
BPIC15_4,handover,B_half,hgb,raw,6,25,0.9998212631492857,0.88
BPIC15_4,handover,B_half,hgb,raw,7,40,0.9999281482435357,0.95
BPIC15_4,handover,B_half,hgb,raw,8,27,0.9999993388259526,1.0
BPIC15_4,handover,B_half,hgb,raw,9,37,0.9999997826729798,1.0
BPIC15_4,handover,B_half,hgb,platt,0,11,0.815543421372642,0.9090909090909091
BPIC15_4,handover,B_half,hgb,platt,1,52,0.8365077552563794,0.7692307692307693
BPIC15_4,handover,B_half,hgb,platt,2,19,0.8668487989480378,0.42105263157894735
BPIC15_4,handover,B_half,hgb,platt,3,43,0.9080565176080871,0.813953488372093
BPIC15_4,handover,B_half,hgb,platt,4,27,0.9425771232868143,0.9629629629629629
BPIC15_4,handover,B_half,hgb,platt,5,37,0.9523314901663726,0.918918918918919
BPIC15_4,handover,B_half,hgb,platt,6,27,0.9572737479735706,1.0
BPIC15_4,handover,B_half,hgb,platt,7,32,0.9644498175955207,1.0
BPIC15_4,handover,B_half,hgb,platt,8,5,0.9728977433709781,1.0
BPIC15_4,handover,B_half,hgb,platt,9,63,0.975925501733089,0.9047619047619048
BPIC15_4,handover,B_half,hgb,isotonic,1,63,0.8056894744472246,0.7777777777777778
BPIC15_4,handover,B_half,hgb,isotonic,2,6,0.8599088634851438,0.6666666666666666
BPIC15_4,handover,B_half,hgb,isotonic,3,54,0.8976364959085785,0.7222222222222222
BPIC15_4,handover,B_half,hgb,isotonic,4,35,0.9582856587703249,0.8857142857142857
BPIC15_4,handover,B_half,hgb,isotonic,5,28,0.9680031677218024,1.0
BPIC15_4,handover,B_half,hgb,isotonic,6,35,0.9716237881100519,0.9714285714285714
BPIC15_4,handover,B_half,hgb,isotonic,7,23,0.9816549926095154,1.0
BPIC15_4,handover,B_half,hgb,isotonic,8,23,0.9871080139372819,1.0
BPIC15_4,handover,B_half,hgb,isotonic,9,49,0.9923907209808532,0.8775510204081632
BPIC15_4,handover,B_intake,logit,raw,0,20,0.7206679447281386,0.7
BPIC15_4,handover,B_intake,logit,raw,1,38,0.8538678813515401,0.7894736842105263
BPIC15_4,handover,B_intake,logit,raw,2,37,0.9137851159589622,0.8648648648648649
BPIC15_4,handover,B_intake,logit,raw,3,30,0.9626771447334712,0.6666666666666666
BPIC15_4,handover,B_intake,logit,raw,4,33,0.9666137049827428,0.8787878787878788
BPIC15_4,handover,B_intake,logit,raw,5,31,0.9759916090966744,0.9354838709677419
BPIC15_4,handover,B_intake,logit,raw,6,32,0.9850782268676017,0.90625
BPIC15_4,handover,B_intake,logit,raw,7,30,0.9918597888208038,0.9333333333333333
BPIC15_4,handover,B_intake,logit,raw,8,32,0.9953813415051771,0.9375
BPIC15_4,handover,B_intake,logit,raw,9,33,0.9979350333398463,1.0
BPIC15_4,handover,B_intake,logit,platt,0,20,0.7723214855258315,0.65
BPIC15_4,handover,B_intake,logit,platt,1,38,0.8519115244231796,0.8421052631578947
BPIC15_4,handover,B_intake,logit,platt,2,37,0.8979455500562179,0.7297297297297297
BPIC15_4,handover,B_intake,logit,platt,3,30,0.9420341953409611,0.7666666666666667
BPIC15_4,handover,B_intake,logit,platt,4,33,0.9486231246990937,0.8787878787878788
BPIC15_4,handover,B_intake,logit,platt,5,28,0.9573440910897478,0.9642857142857143
BPIC15_4,handover,B_intake,logit,platt,6,34,0.9712045817119312,0.9411764705882353
BPIC15_4,handover,B_intake,logit,platt,7,32,0.9796224376088704,0.90625
BPIC15_4,handover,B_intake,logit,platt,8,32,0.9855995677423274,0.9375
BPIC15_4,handover,B_intake,logit,platt,9,32,0.9924495989366502,1.0
BPIC15_4,handover,B_intake,logit,isotonic,0,15,0.7260103505953969,0.6
BPIC15_4,handover,B_intake,logit,isotonic,1,48,0.8340872284927917,0.8541666666666666
BPIC15_4,handover,B_intake,logit,isotonic,2,28,0.9050926739866779,0.75
BPIC15_4,handover,B_intake,logit,isotonic,3,21,0.949886350455325,0.6190476190476191
BPIC15_4,handover,B_intake,logit,isotonic,5,76,0.9792201911396589,0.9078947368421053
BPIC15_4,handover,B_intake,logit,isotonic,7,38,0.9907622664211272,0.9210526315789473
BPIC15_4,handover,B_intake,logit,isotonic,9,90,0.9954348122961412,0.9555555555555556
BPIC15_4,handover,B_intake,hgb,raw,0,20,0.6100746788483413,0.65
BPIC15_4,handover,B_intake,hgb,raw,1,40,0.8841072630099791,0.9
BPIC15_4,handover,B_intake,hgb,raw,2,35,0.9921530224710308,0.8
BPIC15_4,handover,B_intake,hgb,raw,3,29,0.9991298005037744,0.8275862068965517
BPIC15_4,handover,B_intake,hgb,raw,4,33,0.9998067720292124,0.7575757575757576
BPIC15_4,handover,B_intake,hgb,raw,5,32,0.9999134843454187,0.875
BPIC15_4,handover,B_intake,hgb,raw,6,32,0.9999632306478536,0.9375
BPIC15_4,handover,B_intake,hgb,raw,7,31,0.9999849923419665,0.9354838709677419
BPIC15_4,handover,B_intake,hgb,raw,8,31,0.9999970422422805,0.9354838709677419
BPIC15_4,handover,B_intake,hgb,raw,9,33,0.9999996878727212,0.9696969696969697
BPIC15_4,handover,B_intake,hgb,platt,0,28,0.8249852519843914,0.6785714285714286
BPIC15_4,handover,B_intake,hgb,platt,1,31,0.8662732592301459,0.8709677419354839
BPIC15_4,handover,B_intake,hgb,platt,2,33,0.8963964044496319,0.7575757575757576
BPIC15_4,handover,B_intake,hgb,platt,3,34,0.9143200498055856,0.7352941176470589
BPIC15_4,handover,B_intake,hgb,platt,4,32,0.9291855529398668,0.875
BPIC15_4,handover,B_intake,hgb,platt,5,16,0.9415428718316585,0.9375
BPIC15_4,handover,B_intake,hgb,platt,6,47,0.9487144330019659,0.9148936170212766
BPIC15_4,handover,B_intake,hgb,platt,7,30,0.9566482221672501,1.0
BPIC15_4,handover,B_intake,hgb,platt,8,32,0.9632407443540343,0.9375
BPIC15_4,handover,B_intake,hgb,platt,9,33,0.9735306256977281,0.9696969696969697
BPIC15_4,handover,B_intake,hgb,isotonic,0,28,0.7971076614958376,0.75
BPIC15_4,handover,B_intake,hgb,isotonic,1,29,0.8383749021385621,0.8275862068965517
BPIC15_4,handover,B_intake,hgb,isotonic,2,38,0.8901674159543542,0.7631578947368421
BPIC15_4,handover,B_intake,hgb,isotonic,3,30,0.9194411625515388,0.7
BPIC15_4,handover,B_intake,hgb,isotonic,4,33,0.9313338170860461,0.9090909090909091
BPIC15_4,handover,B_intake,hgb,isotonic,5,23,0.9601084399949332,0.9130434782608695
BPIC15_4,handover,B_intake,hgb,isotonic,6,34,0.9635197913864945,0.9411764705882353
BPIC15_4,handover,B_intake,hgb,isotonic,7,37,0.9698069357215839,0.8918918918918919
BPIC15_4,handover,B_intake,hgb,isotonic,8,30,0.979559522656297,1.0
BPIC15_4,handover,B_intake,hgb,isotonic,9,34,0.9964193464433848,0.9705882352941176
BPIC15_4,handover,B_intake_g,logit,raw,0,30,0.6844331579568391,0.6666666666666666
BPIC15_4,handover,B_intake_g,logit,raw,1,28,0.904775074294788,0.8214285714285714
BPIC15_4,handover,B_intake_g,logit,raw,2,35,0.9510705771915184,0.8285714285714286
BPIC15_4,handover,B_intake_g,logit,raw,3,31,0.962966147116502,0.8709677419354839
BPIC15_4,handover,B_intake_g,logit,raw,4,34,0.974466905047423,1.0
BPIC15_4,handover,B_intake_g,logit,raw,5,27,0.9844004946595208,0.9629629629629629
BPIC15_4,handover,B_intake_g,logit,raw,6,34,0.9908293233443535,0.7058823529411765
BPIC15_4,handover,B_intake_g,logit,raw,7,32,0.9939035569006851,0.90625
BPIC15_4,handover,B_intake_g,logit,raw,8,33,0.9975204150427049,1.0
BPIC15_4,handover,B_intake_g,logit,raw,9,32,0.9991616779006837,0.90625
BPIC15_4,handover,B_intake_g,logit,platt,0,32,0.7230715947923083,0.65625
BPIC15_4,handover,B_intake_g,logit,platt,1,25,0.903298450461397,0.92
BPIC15_4,handover,B_intake_g,logit,platt,2,36,0.9400819334075938,0.7777777777777778
BPIC15_4,handover,B_intake_g,logit,platt,3,31,0.9523004594037192,0.9032258064516129
BPIC15_4,handover,B_intake_g,logit,platt,4,34,0.9633490120710173,0.9705882352941176
BPIC15_4,handover,B_intake_g,logit,platt,5,31,0.9758696263937751,0.9354838709677419
BPIC15_4,handover,B_intake_g,logit,platt,6,32,0.9845527452627924,0.71875
BPIC15_4,handover,B_intake_g,logit,platt,7,31,0.9878540882691023,0.9032258064516129
BPIC15_4,handover,B_intake_g,logit,platt,8,32,0.9941390529027322,1.0
BPIC15_4,handover,B_intake_g,logit,platt,9,32,0.9974461198066529,0.90625
BPIC15_4,handover,B_intake_g,logit,isotonic,0,27,0.6476940908334121,0.6666666666666666
BPIC15_4,handover,B_intake_g,logit,isotonic,1,34,0.9124378220478829,0.7941176470588235
BPIC15_4,handover,B_intake_g,logit,isotonic,2,20,0.9656049837676581,0.95
BPIC15_4,handover,B_intake_g,logit,isotonic,5,90,0.9725070643662989,0.9
BPIC15_4,handover,B_intake_g,logit,isotonic,6,38,0.9776842753501146,0.9473684210526315
BPIC15_4,handover,B_intake_g,logit,isotonic,7,23,0.9971055997616464,0.8260869565217391
BPIC15_4,handover,B_intake_g,logit,isotonic,9,84,1.0,0.8809523809523809
BPIC15_4,handover,B_intake_g,hgb,raw,0,32,0.5200270336385558,0.71875
BPIC15_4,handover,B_intake_g,hgb,raw,1,31,0.9261424303342968,0.6451612903225806
BPIC15_4,handover,B_intake_g,hgb,raw,2,32,0.9871446950524421,0.8125
BPIC15_4,handover,B_intake_g,hgb,raw,3,27,0.9968497045697252,0.8888888888888888
BPIC15_4,handover,B_intake_g,hgb,raw,4,36,0.9987564892645485,0.9166666666666666
BPIC15_4,handover,B_intake_g,hgb,raw,5,31,0.9997970406358482,0.8387096774193549
BPIC15_4,handover,B_intake_g,hgb,raw,6,26,0.9999347856640909,0.8846153846153846
BPIC15_4,handover,B_intake_g,hgb,raw,7,37,0.9999697927396535,0.9459459459459459
BPIC15_4,handover,B_intake_g,hgb,raw,8,29,0.9999957655311108,1.0
BPIC15_4,handover,B_intake_g,hgb,raw,9,35,0.9999994352502516,1.0
BPIC15_4,handover,B_intake_g,hgb,platt,0,32,0.7549279916735667,0.6875
BPIC15_4,handover,B_intake_g,hgb,platt,1,31,0.8862961438758857,0.7096774193548387
BPIC15_4,handover,B_intake_g,hgb,platt,2,32,0.9083258615301903,0.8125
BPIC15_4,handover,B_intake_g,hgb,platt,3,16,0.9230341889108258,0.875
BPIC15_4,handover,B_intake_g,hgb,platt,4,46,0.9328808095341473,0.8478260869565217
BPIC15_4,handover,B_intake_g,hgb,platt,5,32,0.9430725279085579,0.9375
BPIC15_4,handover,B_intake_g,hgb,platt,6,28,0.9510402916000599,0.9285714285714286
BPIC15_4,handover,B_intake_g,hgb,platt,7,34,0.9600218904171769,0.9705882352941176
BPIC15_4,handover,B_intake_g,hgb,platt,8,33,0.9712448317364085,1.0
BPIC15_4,handover,B_intake_g,hgb,platt,9,32,0.9799164722752471,0.90625
BPIC15_4,handover,B_intake_g,hgb,isotonic,0,32,0.7099490771548099,0.6875
BPIC15_4,handover,B_intake_g,hgb,isotonic,1,31,0.8609176245411527,0.7419354838709677
BPIC15_4,handover,B_intake_g,hgb,isotonic,2,30,0.9185453756048072,0.7666666666666667
BPIC15_4,handover,B_intake_g,hgb,isotonic,3,16,0.9487327301831903,0.75
BPIC15_4,handover,B_intake_g,hgb,isotonic,4,42,0.9609041670623646,0.9285714285714286
BPIC15_4,handover,B_intake_g,hgb,isotonic,6,61,0.9667514602489995,0.9180327868852459
BPIC15_4,handover,B_intake_g,hgb,isotonic,7,38,0.9700428522131661,0.9736842105263158
BPIC15_4,handover,B_intake_g,hgb,isotonic,8,31,0.9812893990221467,0.8709677419354839
BPIC15_4,handover,B_intake_g,hgb,isotonic,9,35,0.9914009226264255,1.0
BPIC15_4,duration,B_half,logit,raw,0,11,0.30451983662035254,0.2727272727272727
BPIC15_4,duration,B_half,logit,raw,1,51,0.3651044244555756,0.23529411764705882
BPIC15_4,duration,B_half,logit,raw,2,30,0.4819221738179788,0.4666666666666667
BPIC15_4,duration,B_half,logit,raw,3,21,0.5312069578402384,0.09523809523809523
BPIC15_4,duration,B_half,logit,raw,4,43,0.5524694016792624,0.13953488372093023
BPIC15_4,duration,B_half,logit,raw,5,30,0.5858752724249274,0.06666666666666667
BPIC15_4,duration,B_half,logit,raw,6,32,0.6257581641870285,0.15625
BPIC15_4,duration,B_half,logit,raw,7,34,0.669139943383556,0.20588235294117646
BPIC15_4,duration,B_half,logit,raw,8,32,0.7676875095923601,0.34375
BPIC15_4,duration,B_half,logit,raw,9,32,0.8478030779875604,0.28125
BPIC15_4,duration,B_half,logit,platt,0,11,0.39720787714921196,0.2727272727272727
BPIC15_4,duration,B_half,logit,platt,1,51,0.4276252775519301,0.23529411764705882
BPIC15_4,duration,B_half,logit,platt,2,33,0.48779151799648446,0.45454545454545453
BPIC15_4,duration,B_half,logit,platt,3,14,0.5084030052799989,0.0
BPIC15_4,duration,B_half,logit,platt,4,45,0.5174151005072619,0.15555555555555556
BPIC15_4,duration,B_half,logit,platt,5,29,0.5348314256248918,0.034482758620689655
BPIC15_4,duration,B_half,logit,platt,6,38,0.5532768502860905,0.15789473684210525
BPIC15_4,duration,B_half,logit,platt,7,23,0.5775424557434431,0.30434782608695654
BPIC15_4,duration,B_half,logit,platt,8,39,0.6279654399142716,0.2564102564102564
BPIC15_4,duration,B_half,logit,platt,9,33,0.697320329733079,0.30303030303030304
BPIC15_4,duration,B_half,logit,isotonic,0,7,0.3342614588134137,0.2857142857142857
BPIC15_4,duration,B_half,logit,isotonic,1,52,0.37996643894212667,0.25
BPIC15_4,duration,B_half,logit,isotonic,2,33,0.47725422061414235,0.42424242424242425
BPIC15_4,duration,B_half,logit,isotonic,3,5,0.506308499090083,0.2
BPIC15_4,duration,B_half,logit,isotonic,4,60,0.5202589178842437,0.1
BPIC15_4,duration,B_half,logit,isotonic,5,29,0.5496038430184564,0.10344827586206896
BPIC15_4,duration,B_half,logit,isotonic,6,12,0.5649487748819363,0.08333333333333333
BPIC15_4,duration,B_half,logit,isotonic,7,47,0.5808890583601402,0.2127659574468085
BPIC15_4,duration,B_half,logit,isotonic,8,38,0.6922631953953321,0.2894736842105263
BPIC15_4,duration,B_half,logit,isotonic,9,33,0.829380034261607,0.30303030303030304
BPIC15_4,duration,B_half,hgb,raw,0,32,0.1635921131818786,0.15625
BPIC15_4,duration,B_half,hgb,raw,1,30,0.29289495522132913,0.26666666666666666
BPIC15_4,duration,B_half,hgb,raw,2,12,0.3428461822251583,0.0
BPIC15_4,duration,B_half,hgb,raw,3,29,0.34404364745282456,0.3793103448275862
BPIC15_4,duration,B_half,hgb,raw,4,53,0.36759242179908114,0.20754716981132076
BPIC15_4,duration,B_half,hgb,raw,5,31,0.5094289758383176,0.2903225806451613
BPIC15_4,duration,B_half,hgb,raw,6,32,0.6865510673975193,0.125
BPIC15_4,duration,B_half,hgb,raw,7,30,0.797856355676598,0.13333333333333333
BPIC15_4,duration,B_half,hgb,raw,8,32,0.928442098723137,0.46875
BPIC15_4,duration,B_half,hgb,raw,9,35,0.9910557404270474,0.11428571428571428
BPIC15_4,duration,B_half,hgb,platt,0,26,0.4591797145144509,0.46153846153846156
BPIC15_4,duration,B_half,hgb,platt,1,28,0.46657772236466954,0.10714285714285714
BPIC15_4,duration,B_half,hgb,platt,2,40,0.4724829641655866,0.125
BPIC15_4,duration,B_half,hgb,platt,3,22,0.4786869718764365,0.18181818181818182
BPIC15_4,duration,B_half,hgb,platt,4,42,0.48364456159097846,0.2857142857142857
BPIC15_4,duration,B_half,hgb,platt,5,30,0.4964493859887911,0.1
BPIC15_4,duration,B_half,hgb,platt,6,28,0.5077477227762234,0.2857142857142857
BPIC15_4,duration,B_half,hgb,platt,7,30,0.5197369064023526,0.2
BPIC15_4,duration,B_half,hgb,platt,8,38,0.5635523841713515,0.42105263157894735
BPIC15_4,duration,B_half,hgb,platt,9,32,0.6065758726898747,0.0625
BPIC15_4,duration,B_half,hgb,isotonic,0,10,0.3861259435928611,0.4
BPIC15_4,duration,B_half,hgb,isotonic,1,48,0.4442988422389675,0.2916666666666667
BPIC15_4,duration,B_half,hgb,isotonic,4,73,0.45805511232373924,0.2328767123287671
BPIC15_4,duration,B_half,hgb,isotonic,5,46,0.4739652430937418,0.13043478260869565
BPIC15_4,duration,B_half,hgb,isotonic,6,26,0.48999981221870215,0.038461538461538464
BPIC15_4,duration,B_half,hgb,isotonic,7,49,0.5217154179845699,0.12244897959183673
BPIC15_4,duration,B_half,hgb,isotonic,8,28,0.6134198727932446,0.6785714285714286
BPIC15_4,duration,B_half,hgb,isotonic,9,36,0.8037693633230748,0.1111111111111111
BPIC15_4,duration,B_intake,logit,raw,0,25,0.3315122635483463,0.24
BPIC15_4,duration,B_intake,logit,raw,1,38,0.39116683286349246,0.2894736842105263
BPIC15_4,duration,B_intake,logit,raw,2,32,0.4866613334628459,0.21875
BPIC15_4,duration,B_intake,logit,raw,3,17,0.5335161504796787,0.11764705882352941
BPIC15_4,duration,B_intake,logit,raw,4,46,0.5764849833987233,0.3695652173913043
BPIC15_4,duration,B_intake,logit,raw,5,31,0.6306825555037439,0.03225806451612903
BPIC15_4,duration,B_intake,logit,raw,6,31,0.6705614255163945,0.0967741935483871
BPIC15_4,duration,B_intake,logit,raw,7,30,0.7056328651707747,0.23333333333333334
BPIC15_4,duration,B_intake,logit,raw,8,30,0.7853652457248741,0.2
BPIC15_4,duration,B_intake,logit,raw,9,36,0.8777358377176951,0.3055555555555556
BPIC15_4,duration,B_intake,logit,platt,0,32,0.41602542625286104,0.34375
BPIC15_4,duration,B_intake,logit,platt,1,31,0.4480647712151069,0.1935483870967742
BPIC15_4,duration,B_intake,logit,platt,2,32,0.49144256115111284,0.15625
BPIC15_4,duration,B_intake,logit,platt,3,31,0.5201934669020859,0.1935483870967742
BPIC15_4,duration,B_intake,logit,platt,4,31,0.5464431358367137,0.3870967741935484
BPIC15_4,duration,B_intake,logit,platt,5,31,0.5724223281724838,0.12903225806451613
BPIC15_4,duration,B_intake,logit,platt,6,33,0.5894004557601376,0.15151515151515152
BPIC15_4,duration,B_intake,logit,platt,7,31,0.6138655095270061,0.16129032258064516
BPIC15_4,duration,B_intake,logit,platt,8,31,0.6628572543699268,0.22580645161290322
BPIC15_4,duration,B_intake,logit,platt,9,33,0.734129199806911,0.30303030303030304
BPIC15_4,duration,B_intake,logit,isotonic,0,4,0.34392231429568726,0.25
BPIC15_4,duration,B_intake,logit,isotonic,1,59,0.40130662159623776,0.2711864406779661
BPIC15_4,duration,B_intake,logit,isotonic,2,30,0.5019068702020453,0.2
BPIC15_4,duration,B_intake,logit,isotonic,3,33,0.5302487932148247,0.2727272727272727
BPIC15_4,duration,B_intake,logit,isotonic,4,26,0.5519839372081583,0.2692307692307692
BPIC15_4,duration,B_intake,logit,isotonic,5,23,0.5657371793822211,0.08695652173913043
BPIC15_4,duration,B_intake,logit,isotonic,6,37,0.5865524457107654,0.16216216216216217
BPIC15_4,duration,B_intake,logit,isotonic,7,40,0.6317781993873647,0.2
BPIC15_4,duration,B_intake,logit,isotonic,8,31,0.7217753846844412,0.16129032258064516
BPIC15_4,duration,B_intake,logit,isotonic,9,33,0.8540339438155237,0.3333333333333333
BPIC15_4,duration,B_intake,hgb,raw,0,32,0.08159874421075253,0.15625
BPIC15_4,duration,B_intake,hgb,raw,1,31,0.2080484526313625,0.12903225806451613
BPIC15_4,duration,B_intake,hgb,raw,2,26,0.31003000470915626,0.19230769230769232
BPIC15_4,duration,B_intake,hgb,raw,3,37,0.35942459311701114,0.35135135135135137
BPIC15_4,duration,B_intake,hgb,raw,4,32,0.5107678951209874,0.0625
BPIC15_4,duration,B_intake,hgb,raw,5,31,0.6600849244217322,0.25806451612903225
BPIC15_4,duration,B_intake,hgb,raw,6,32,0.7864849158477495,0.21875
BPIC15_4,duration,B_intake,hgb,raw,7,31,0.8663856207830152,0.25806451612903225
BPIC15_4,duration,B_intake,hgb,raw,8,32,0.939617003915625,0.25
BPIC15_4,duration,B_intake,hgb,raw,9,32,0.9857781821340034,0.34375
BPIC15_4,duration,B_intake,hgb,platt,0,32,0.44856626203956373,0.3125
BPIC15_4,duration,B_intake,hgb,platt,1,30,0.47734348988593117,0.36666666666666664
BPIC15_4,duration,B_intake,hgb,platt,2,24,0.4853006501581965,0.3333333333333333
BPIC15_4,duration,B_intake,hgb,platt,3,40,0.49554852643678515,0.175
BPIC15_4,duration,B_intake,hgb,platt,4,29,0.5046835817826946,0.1724137931034483
BPIC15_4,duration,B_intake,hgb,platt,5,34,0.5127793977585944,0.0
BPIC15_4,duration,B_intake,hgb,platt,6,32,0.5322656430521298,0.21875
BPIC15_4,duration,B_intake,hgb,platt,7,31,0.5561667969385131,0.22580645161290322
BPIC15_4,duration,B_intake,hgb,platt,8,32,0.5826796662261948,0.375
BPIC15_4,duration,B_intake,hgb,platt,9,32,0.6162397334891005,0.125
BPIC15_4,duration,B_intake,hgb,isotonic,0,1,0.377398402205993,0.0
BPIC15_4,duration,B_intake,hgb,isotonic,1,60,0.408621477356577,0.21666666666666667
BPIC15_4,duration,B_intake,hgb,isotonic,2,34,0.4468221064018747,0.23529411764705882
BPIC15_4,duration,B_intake,hgb,isotonic,3,30,0.46167098334542717,0.3
BPIC15_4,duration,B_intake,hgb,isotonic,4,25,0.4743559003728508,0.24
BPIC15_4,duration,B_intake,hgb,isotonic,5,40,0.5016575010684757,0.175
BPIC15_4,duration,B_intake,hgb,isotonic,6,30,0.5448395326595035,0.2
BPIC15_4,duration,B_intake,hgb,isotonic,7,23,0.5824677139482856,0.30434782608695654
BPIC15_4,duration,B_intake,hgb,isotonic,8,41,0.6339662614023521,0.24390243902439024
BPIC15_4,duration,B_intake,hgb,isotonic,9,32,0.7409965329649235,0.15625
BPIC15_4,duration,B_intake_g,logit,raw,0,31,0.32615277846151586,0.3225806451612903
BPIC15_4,duration,B_intake_g,logit,raw,1,32,0.3904013674536674,0.21875
BPIC15_4,duration,B_intake_g,logit,raw,2,32,0.47538041429196204,0.21875
BPIC15_4,duration,B_intake_g,logit,raw,3,20,0.5296779526169757,0.35
BPIC15_4,duration,B_intake_g,logit,raw,4,43,0.5810991097495906,0.13953488372093023
BPIC15_4,duration,B_intake_g,logit,raw,5,31,0.6410200980861042,0.03225806451612903
BPIC15_4,duration,B_intake_g,logit,raw,6,32,0.6802847302695108,0.3125
BPIC15_4,duration,B_intake_g,logit,raw,7,31,0.7255142851009898,0.22580645161290322
BPIC15_4,duration,B_intake_g,logit,raw,8,29,0.8002138171684564,0.2413793103448276
BPIC15_4,duration,B_intake_g,logit,raw,9,35,0.8873089057568945,0.2571428571428571
BPIC15_4,duration,B_intake_g,logit,platt,0,32,0.4090704853671391,0.375
BPIC15_4,duration,B_intake_g,logit,platt,1,30,0.45026732658756796,0.16666666666666666
BPIC15_4,duration,B_intake_g,logit,platt,2,33,0.4880067998431338,0.18181818181818182
BPIC15_4,duration,B_intake_g,logit,platt,3,22,0.5197363150886922,0.4090909090909091
BPIC15_4,duration,B_intake_g,logit,platt,4,41,0.5469767718502433,0.0975609756097561
BPIC15_4,duration,B_intake_g,logit,platt,5,31,0.5728088797019832,0.06451612903225806
BPIC15_4,duration,B_intake_g,logit,platt,6,31,0.5977894171111535,0.25806451612903225
BPIC15_4,duration,B_intake_g,logit,platt,7,32,0.6204567546728126,0.3125
BPIC15_4,duration,B_intake_g,logit,platt,8,31,0.672595775516491,0.12903225806451613
BPIC15_4,duration,B_intake_g,logit,platt,9,33,0.7422012641801417,0.3333333333333333
BPIC15_4,duration,B_intake_g,logit,isotonic,0,4,0.3311303044312753,0.25
BPIC15_4,duration,B_intake_g,logit,isotonic,1,58,0.4038287698386261,0.2413793103448276
BPIC15_4,duration,B_intake_g,logit,isotonic,2,32,0.4765473876157046,0.25
BPIC15_4,duration,B_intake_g,logit,isotonic,4,61,0.5325995986336906,0.21311475409836064
BPIC15_4,duration,B_intake_g,logit,isotonic,5,33,0.5780717406323972,0.09090909090909091
BPIC15_4,duration,B_intake_g,logit,isotonic,6,29,0.6040219704999307,0.20689655172413793
BPIC15_4,duration,B_intake_g,logit,isotonic,7,35,0.6503357028286325,0.2571428571428571
BPIC15_4,duration,B_intake_g,logit,isotonic,8,28,0.7329019323795246,0.21428571428571427
BPIC15_4,duration,B_intake_g,logit,isotonic,9,36,0.8378532224976392,0.3055555555555556
BPIC15_4,duration,B_intake_g,hgb,raw,0,32,0.10583045318492221,0.25
BPIC15_4,duration,B_intake_g,hgb,raw,1,31,0.19172263090316047,0.22580645161290322
BPIC15_4,duration,B_intake_g,hgb,raw,2,29,0.30456661358761267,0.13793103448275862
BPIC15_4,duration,B_intake_g,hgb,raw,3,34,0.3963997426553159,0.35294117647058826
BPIC15_4,duration,B_intake_g,hgb,raw,4,32,0.5082803202753395,0.09375
BPIC15_4,duration,B_intake_g,hgb,raw,5,29,0.6702137046724774,0.06896551724137931
BPIC15_4,duration,B_intake_g,hgb,raw,6,34,0.7837704560974995,0.11764705882352941
BPIC15_4,duration,B_intake_g,hgb,raw,7,31,0.8677907165426098,0.3870967741935484
BPIC15_4,duration,B_intake_g,hgb,raw,8,32,0.9422646676869303,0.25
BPIC15_4,duration,B_intake_g,hgb,raw,9,32,0.9845969200754847,0.34375
BPIC15_4,duration,B_intake_g,hgb,platt,0,32,0.4215994163489307,0.28125
BPIC15_4,duration,B_intake_g,hgb,platt,1,30,0.4584243802253164,0.26666666666666666
BPIC15_4,duration,B_intake_g,hgb,platt,2,33,0.47758709983095177,0.3939393939393939
BPIC15_4,duration,B_intake_g,hgb,platt,3,28,0.4904819882061283,0.07142857142857142
BPIC15_4,duration,B_intake_g,hgb,platt,4,34,0.502483297633611,0.20588235294117646
BPIC15_4,duration,B_intake_g,hgb,platt,5,31,0.5206125066977069,0.1935483870967742
BPIC15_4,duration,B_intake_g,hgb,platt,6,32,0.5381270829760672,0.03125
BPIC15_4,duration,B_intake_g,hgb,platt,7,32,0.557786858654616,0.21875
BPIC15_4,duration,B_intake_g,hgb,platt,8,32,0.5925204737404524,0.40625
BPIC15_4,duration,B_intake_g,hgb,platt,9,32,0.6289189946025489,0.15625
BPIC15_4,duration,B_intake_g,hgb,isotonic,0,1,0.32608363858363854,0.0
BPIC15_4,duration,B_intake_g,hgb,isotonic,1,47,0.4032168878480354,0.2765957446808511
BPIC15_4,duration,B_intake_g,hgb,isotonic,2,47,0.4126962335114641,0.2765957446808511
BPIC15_4,duration,B_intake_g,hgb,isotonic,3,27,0.4564710361720565,0.25925925925925924
BPIC15_4,duration,B_intake_g,hgb,isotonic,4,30,0.4803280504646152,0.13333333333333333
BPIC15_4,duration,B_intake_g,hgb,isotonic,5,33,0.5102925954420012,0.24242424242424243
BPIC15_4,duration,B_intake_g,hgb,isotonic,6,36,0.54971398908619,0.0
BPIC15_4,duration,B_intake_g,hgb,isotonic,7,28,0.5984314480247283,0.25
BPIC15_4,duration,B_intake_g,hgb,isotonic,8,35,0.6760157996885988,0.37142857142857144
BPIC15_4,duration,B_intake_g,hgb,isotonic,9,32,0.7874631444226021,0.1875
BPIC15_3,handover,B_half,logit,raw,0,6,0.4485799506287133,0.5
BPIC15_3,handover,B_half,logit,raw,1,73,0.6101940870849654,0.8493150684931506
BPIC15_3,handover,B_half,logit,raw,2,34,0.8552245496374054,0.9411764705882353
BPIC15_3,handover,B_half,logit,raw,3,56,0.9061499391496317,0.9285714285714286
BPIC15_3,handover,B_half,logit,raw,4,22,0.9304044034982263,0.8181818181818182
BPIC15_3,handover,B_half,logit,raw,6,92,0.9419828874477554,0.9347826086956522
BPIC15_3,handover,B_half,logit,raw,7,55,0.9739000230465562,0.8363636363636363
BPIC15_3,handover,B_half,logit,raw,8,11,0.9902638169671697,1.0
BPIC15_3,handover,B_half,logit,raw,9,74,0.9934667655769405,0.9864864864864865
BPIC15_3,handover,B_half,logit,platt,0,6,0.4694725156118363,0.5
BPIC15_3,handover,B_half,logit,platt,1,74,0.6252080261263037,0.8513513513513513
BPIC15_3,handover,B_half,logit,platt,2,47,0.873806095190559,0.9361702127659575
BPIC15_3,handover,B_half,logit,platt,3,42,0.9050561691103993,0.9285714285714286
BPIC15_3,handover,B_half,logit,platt,4,34,0.928393899973637,0.8235294117647058
BPIC15_3,handover,B_half,logit,platt,6,93,0.9429513620713522,0.956989247311828
BPIC15_3,handover,B_half,logit,platt,7,42,0.9716745161606526,0.7857142857142857
BPIC15_3,handover,B_half,logit,platt,8,12,0.9862383488040517,1.0
BPIC15_3,handover,B_half,logit,platt,9,73,0.9904465178964508,0.9863013698630136
BPIC15_3,handover,B_half,logit,isotonic,0,6,0.4457654520582017,0.5
BPIC15_3,handover,B_half,logit,isotonic,1,74,0.6103186768898112,0.8513513513513513
BPIC15_3,handover,B_half,logit,isotonic,2,47,0.8752058993446938,0.9361702127659575
BPIC15_3,handover,B_half,logit,isotonic,3,42,0.9206575453732614,0.9285714285714286
BPIC15_3,handover,B_half,logit,isotonic,4,30,0.9445719911767875,0.8333333333333334
BPIC15_3,handover,B_half,logit,isotonic,6,82,0.9474303158804585,0.9512195121951219
BPIC15_3,handover,B_half,logit,isotonic,7,31,0.9866776446366242,0.7096774193548387
BPIC15_3,handover,B_half,logit,isotonic,8,63,0.9949281810670292,0.9841269841269841
BPIC15_3,handover,B_half,logit,isotonic,9,48,0.9998547432179198,0.9791666666666666
BPIC15_3,handover,B_half,hgb,raw,1,83,0.3023713229033534,0.8313253012048193
BPIC15_3,handover,B_half,hgb,raw,2,41,0.8874764230844469,0.926829268292683
BPIC15_3,handover,B_half,hgb,raw,3,44,0.9617110176640477,0.8409090909090909
BPIC15_3,handover,B_half,hgb,raw,4,42,0.9985910815302135,0.9761904761904762
BPIC15_3,handover,B_half,hgb,raw,5,38,0.9999845769837423,0.7105263157894737
BPIC15_3,handover,B_half,hgb,raw,7,79,0.999992914400556,0.9620253164556962
BPIC15_3,handover,B_half,hgb,raw,8,30,0.9999964703094322,1.0
BPIC15_3,handover,B_half,hgb,raw,9,66,0.9999981398885364,0.9848484848484849
BPIC15_3,handover,B_half,hgb,platt,0,11,0.704230912827006,0.5454545454545454
BPIC15_3,handover,B_half,hgb,platt,1,72,0.7257644111356115,0.875
BPIC15_3,handover,B_half,hgb,platt,2,43,0.8090393887036406,0.9767441860465116
BPIC15_3,handover,B_half,hgb,platt,3,40,0.8573369872997947,0.875
BPIC15_3,handover,B_half,hgb,platt,4,11,0.8813436783671288,0.8181818181818182
BPIC15_3,handover,B_half,hgb,platt,5,75,0.9001954845957963,0.9733333333333334
BPIC15_3,handover,B_half,hgb,platt,6,40,0.9189098094260654,0.875
BPIC15_3,handover,B_half,hgb,platt,7,40,0.9410057784435665,0.75
BPIC15_3,handover,B_half,hgb,platt,8,18,0.9568543477874472,1.0
BPIC15_3,handover,B_half,hgb,platt,9,73,0.9695584728477811,0.9863013698630136
BPIC15_3,handover,B_half,hgb,isotonic,0,10,0.5459516565246789,0.7
BPIC15_3,handover,B_half,hgb,isotonic,1,67,0.6020063871639557,0.835820895522388
BPIC15_3,handover,B_half,hgb,isotonic,2,46,0.8191221992209748,0.9565217391304348
BPIC15_3,handover,B_half,hgb,isotonic,3,45,0.8744541418985505,0.9111111111111111
BPIC15_3,handover,B_half,hgb,isotonic,4,20,0.8898645969008736,0.9
BPIC15_3,handover,B_half,hgb,isotonic,6,102,0.9038821236720033,0.9705882352941176
BPIC15_3,handover,B_half,hgb,isotonic,7,47,0.9429871761410424,0.723404255319149
BPIC15_3,handover,B_half,hgb,isotonic,8,29,0.9682223616975776,0.9310344827586207
BPIC15_3,handover,B_half,hgb,isotonic,9,57,0.9862092098934204,1.0
BPIC15_3,handover,B_intake,logit,raw,0,43,0.7581572568566953,0.3953488372093023
BPIC15_3,handover,B_intake,logit,raw,1,39,0.876520872035965,0.8717948717948718
BPIC15_3,handover,B_intake,logit,raw,2,45,0.9182382584962413,0.9111111111111111
BPIC15_3,handover,B_intake,logit,raw,3,41,0.9588774371202173,0.9512195121951219
BPIC15_3,handover,B_intake,logit,raw,4,43,0.9734156510841067,0.9767441860465116
BPIC15_3,handover,B_intake,logit,raw,5,42,0.9829665125067463,0.9761904761904762
BPIC15_3,handover,B_intake,logit,raw,6,31,0.9881508311971445,1.0
BPIC15_3,handover,B_intake,logit,raw,7,44,0.9909102389378179,1.0
BPIC15_3,handover,B_intake,logit,raw,8,52,0.9934049953533104,0.9807692307692307
BPIC15_3,handover,B_intake,logit,raw,9,43,0.9981341317840658,1.0
BPIC15_3,handover,B_intake,logit,platt,0,43,0.6804303339669442,0.3953488372093023
BPIC15_3,handover,B_intake,logit,platt,1,31,0.8199501821736632,0.8387096774193549
BPIC15_3,handover,B_intake,logit,platt,2,50,0.8761521586822723,0.9
BPIC15_3,handover,B_intake,logit,platt,3,45,0.9310910334945668,0.9555555555555556
BPIC15_3,handover,B_intake,logit,platt,4,42,0.959854567978026,1.0
BPIC15_3,handover,B_intake,logit,platt,5,34,0.9717059217070412,0.9705882352941176
BPIC15_3,handover,B_intake,logit,platt,6,49,0.980359989612786,1.0
BPIC15_3,handover,B_intake,logit,platt,7,43,0.9863671906276804,1.0
BPIC15_3,handover,B_intake,logit,platt,8,43,0.9903194123732699,0.9767441860465116
BPIC15_3,handover,B_intake,logit,platt,9,43,0.9966482591664114,1.0
BPIC15_3,handover,B_intake,logit,isotonic,0,36,0.6106773079183627,0.3888888888888889
BPIC15_3,handover,B_intake,logit,isotonic,1,49,0.8218581161068412,0.7959183673469388
BPIC15_3,handover,B_intake,logit,isotonic,2,42,0.9038275427848619,0.9285714285714286
BPIC15_3,handover,B_intake,logit,isotonic,3,24,0.9508498034156929,0.9583333333333334
BPIC15_3,handover,B_intake,logit,isotonic,4,32,0.9899657878017186,0.9375
BPIC15_3,handover,B_intake,logit,isotonic,8,197,0.9964014263139224,0.9949238578680203
BPIC15_3,handover,B_intake,logit,isotonic,9,43,1.0,0.9767441860465116
BPIC15_3,handover,B_intake,hgb,raw,0,43,0.5616609282017861,0.7441860465116279
BPIC15_3,handover,B_intake,hgb,raw,1,42,0.9711601674248823,0.6904761904761905
BPIC15_3,handover,B_intake,hgb,raw,2,42,0.9945300779314595,0.7619047619047619
BPIC15_3,handover,B_intake,hgb,raw,3,42,0.9989233407582111,0.9047619047619048
BPIC15_3,handover,B_intake,hgb,raw,4,42,0.9999460179272193,1.0
BPIC15_3,handover,B_intake,hgb,raw,5,43,0.9999933561212803,0.9534883720930233
BPIC15_3,handover,B_intake,hgb,raw,6,42,0.9999989711092026,1.0
BPIC15_3,handover,B_intake,hgb,raw,7,42,0.9999996730268188,1.0
BPIC15_3,handover,B_intake,hgb,raw,8,31,0.9999997804471178,1.0
BPIC15_3,handover,B_intake,hgb,raw,9,54,0.9999999326706712,1.0
BPIC15_3,handover,B_intake,hgb,platt,0,31,0.5746588375184488,0.8064516129032258
BPIC15_3,handover,B_intake,hgb,platt,1,53,0.6452617868892792,0.8301886792452831
BPIC15_3,handover,B_intake,hgb,platt,2,43,0.7488669056026662,0.5581395348837209
BPIC15_3,handover,B_intake,hgb,platt,3,42,0.8608508071202443,0.8809523809523809
BPIC15_3,handover,B_intake,hgb,platt,4,41,0.9264559222952813,0.975609756097561
BPIC15_3,handover,B_intake,hgb,platt,5,44,0.9539235066273151,1.0
BPIC15_3,handover,B_intake,hgb,platt,6,41,0.9686285894548373,1.0
BPIC15_3,handover,B_intake,hgb,platt,7,43,0.9759454335411842,1.0
BPIC15_3,handover,B_intake,hgb,platt,8,42,0.9841352199356453,1.0
BPIC15_3,handover,B_intake,hgb,platt,9,43,0.990861381663482,1.0
BPIC15_3,handover,B_intake,hgb,isotonic,0,25,0.6062976819459777,0.68
BPIC15_3,handover,B_intake,hgb,isotonic,1,53,0.6625251472049696,0.7735849056603774
BPIC15_3,handover,B_intake,hgb,isotonic,2,49,0.7203840813049223,0.7142857142857143
BPIC15_3,handover,B_intake,hgb,isotonic,3,42,0.8481583529811729,0.8809523809523809
BPIC15_3,handover,B_intake,hgb,isotonic,4,26,0.9213720607978495,0.9615384615384616
BPIC15_3,handover,B_intake,hgb,isotonic,5,50,0.9682858360455774,1.0
BPIC15_3,handover,B_intake,hgb,isotonic,6,49,0.9957264957264957,1.0
BPIC15_3,handover,B_intake,hgb,isotonic,9,129,1.0,1.0
BPIC15_3,handover,B_intake_g,logit,raw,0,40,0.7466891599232414,0.4
BPIC15_3,handover,B_intake_g,logit,raw,1,42,0.8698018511544371,0.8333333333333334
BPIC15_3,handover,B_intake_g,logit,raw,2,45,0.9192222731763446,0.9111111111111111
BPIC15_3,handover,B_intake_g,logit,raw,3,42,0.9590799927352448,0.9523809523809523
BPIC15_3,handover,B_intake_g,logit,raw,4,42,0.9736192861131001,1.0
BPIC15_3,handover,B_intake_g,logit,raw,5,42,0.9829527243188477,0.9523809523809523
BPIC15_3,handover,B_intake_g,logit,raw,6,29,0.9881009152162521,1.0
BPIC15_3,handover,B_intake_g,logit,raw,7,45,0.9908203997460415,0.9777777777777777
BPIC15_3,handover,B_intake_g,logit,raw,8,53,0.9935675123040248,1.0
BPIC15_3,handover,B_intake_g,logit,raw,9,43,0.9981428521985052,1.0
BPIC15_3,handover,B_intake_g,logit,platt,0,35,0.6548616409139062,0.42857142857142855
BPIC15_3,handover,B_intake_g,logit,platt,1,38,0.8000795999013571,0.7105263157894737
BPIC15_3,handover,B_intake_g,logit,platt,2,54,0.8761982175323818,0.9074074074074074
BPIC15_3,handover,B_intake_g,logit,platt,3,41,0.9294107695527428,0.975609756097561
BPIC15_3,handover,B_intake_g,logit,platt,4,43,0.9565065008863616,0.9534883720930233
BPIC15_3,handover,B_intake_g,logit,platt,5,39,0.9699523128531012,1.0
BPIC15_3,handover,B_intake_g,logit,platt,6,46,0.9794077488272446,1.0
BPIC15_3,handover,B_intake_g,logit,platt,7,41,0.9852618078033343,0.975609756097561
BPIC15_3,handover,B_intake_g,logit,platt,8,42,0.9896459421336078,1.0
BPIC15_3,handover,B_intake_g,logit,platt,9,44,0.9961718627840678,1.0
BPIC15_3,handover,B_intake_g,logit,isotonic,0,37,0.6164600130300509,0.40540540540540543
BPIC15_3,handover,B_intake_g,logit,isotonic,1,48,0.815922579010071,0.7916666666666666
BPIC15_3,handover,B_intake_g,logit,isotonic,2,42,0.9026376472413373,0.9523809523809523
BPIC15_3,handover,B_intake_g,logit,isotonic,3,26,0.9473357346681671,0.9230769230769231
BPIC15_3,handover,B_intake_g,logit,isotonic,4,30,0.9906976744186047,0.9666666666666667
BPIC15_3,handover,B_intake_g,logit,isotonic,9,240,0.9966002530261612,0.9875
BPIC15_3,handover,B_intake_g,hgb,raw,0,39,0.8016942454763133,0.6410256410256411
BPIC15_3,handover,B_intake_g,hgb,raw,1,45,0.9583518056384273,0.8444444444444444
BPIC15_3,handover,B_intake_g,hgb,raw,2,43,0.9879589811309475,0.6744186046511628
BPIC15_3,handover,B_intake_g,hgb,raw,3,42,0.999064888543336,0.9285714285714286
BPIC15_3,handover,B_intake_g,hgb,raw,4,42,0.9999181809733209,0.9761904761904762
BPIC15_3,handover,B_intake_g,hgb,raw,5,43,0.999990364066059,1.0
BPIC15_3,handover,B_intake_g,hgb,raw,6,42,0.9999976060868014,0.9761904761904762
BPIC15_3,handover,B_intake_g,hgb,raw,7,40,0.9999989993424959,1.0
BPIC15_3,handover,B_intake_g,hgb,raw,8,44,0.9999997688660897,1.0
BPIC15_3,handover,B_intake_g,hgb,raw,9,43,0.9999999517397216,1.0
BPIC15_3,handover,B_intake_g,hgb,platt,0,41,0.6110470822451654,0.8292682926829268
BPIC15_3,handover,B_intake_g,hgb,platt,1,44,0.7001528368212301,0.8409090909090909
BPIC15_3,handover,B_intake_g,hgb,platt,2,42,0.7701620949495235,0.5238095238095238
BPIC15_3,handover,B_intake_g,hgb,platt,3,41,0.8648389848080866,0.9024390243902439
BPIC15_3,handover,B_intake_g,hgb,platt,4,43,0.9148084060705601,0.9767441860465116
BPIC15_3,handover,B_intake_g,hgb,platt,5,43,0.9438294862924027,0.9767441860465116
BPIC15_3,handover,B_intake_g,hgb,platt,6,39,0.9559158498698606,1.0
BPIC15_3,handover,B_intake_g,hgb,platt,7,45,0.965501553145801,1.0
BPIC15_3,handover,B_intake_g,hgb,platt,8,42,0.9761748304517287,1.0
BPIC15_3,handover,B_intake_g,hgb,platt,9,43,0.9859442270835769,1.0
BPIC15_3,handover,B_intake_g,hgb,isotonic,0,38,0.6272596059026995,0.7894736842105263
BPIC15_3,handover,B_intake_g,hgb,isotonic,1,45,0.6741440705596203,0.8666666666666667
BPIC15_3,handover,B_intake_g,hgb,isotonic,2,35,0.7285807890530758,0.5142857142857142
BPIC15_3,handover,B_intake_g,hgb,isotonic,3,49,0.8281199805072136,0.8571428571428571
BPIC15_3,handover,B_intake_g,hgb,isotonic,4,44,0.9178356782264045,0.9772727272727273
BPIC15_3,handover,B_intake_g,hgb,isotonic,5,41,0.9795951461757527,1.0
BPIC15_3,handover,B_intake_g,hgb,isotonic,6,40,0.9928161390705641,0.975
BPIC15_3,handover,B_intake_g,hgb,isotonic,9,131,1.0,1.0
BPIC14,handover,B_half,logit,raw,0,1331,0.5460889703911809,0.6468820435762584
BPIC14,handover,B_half,logit,raw,1,1375,0.8887423358064627,0.8952727272727272
BPIC14,handover,B_half,logit,raw,2,1488,0.9523785575188526,0.9435483870967742
BPIC14,handover,B_half,logit,raw,3,1140,0.9681810795920128,0.987719298245614
BPIC14,handover,B_half,logit,raw,4,1612,0.9780528727173321,0.9913151364764268
BPIC14,handover,B_half,logit,raw,5,1381,0.9829750067160108,0.99637943519189
BPIC14,handover,B_half,logit,raw,6,1404,0.9864463608207689,0.9893162393162394
BPIC14,handover,B_half,logit,raw,7,1397,0.9897426466388707,0.9885468861846815
BPIC14,handover,B_half,logit,raw,8,1252,0.9935049670343048,0.9976038338658147
BPIC14,handover,B_half,logit,raw,9,1602,0.9968596911536067,0.9993757802746567
BPIC14,handover,B_half,logit,platt,0,1324,0.5538188530258895,0.648036253776435
BPIC14,handover,B_half,logit,platt,1,1424,0.8932299705453907,0.8953651685393258
BPIC14,handover,B_half,logit,platt,2,1447,0.9527289046886893,0.9530062197650311
BPIC14,handover,B_half,logit,platt,3,1298,0.9671340246798573,0.977657935285054
BPIC14,handover,B_half,logit,platt,4,1465,0.975535206022419,0.9931740614334471
BPIC14,handover,B_half,logit,platt,5,1407,0.9807799529044621,0.992181947405828
BPIC14,handover,B_half,logit,platt,6,1177,0.9844593032585833,0.9881053525913339
BPIC14,handover,B_half,logit,platt,7,1574,0.987440457389252,0.9904701397712834
BPIC14,handover,B_half,logit,platt,8,1274,0.991806464775281,0.9976452119309263
BPIC14,handover,B_half,logit,platt,9,1592,0.995633291228602,0.9993718592964824
BPIC14,handover,B_half,logit,isotonic,0,1399,0.5537084361076773,0.6626161543959972
BPIC14,handover,B_half,logit,isotonic,1,1261,0.9026393298789753,0.8889770023790642
BPIC14,handover,B_half,logit,isotonic,2,1534,0.9429396341972971,0.9550195567144719
BPIC14,handover,B_half,logit,isotonic,3,1269,0.9666343802985566,0.9787234042553191
BPIC14,handover,B_half,logit,isotonic,4,1225,0.9796748847051912,0.990204081632653
BPIC14,handover,B_half,logit,isotonic,5,1436,0.9852601003063298,0.9916434540389972
BPIC14,handover,B_half,logit,isotonic,7,2838,0.9882711510054218,0.9901338971106413
BPIC14,handover,B_half,logit,isotonic,8,1274,0.9954009283932574,0.9960753532182104
BPIC14,handover,B_half,logit,isotonic,9,1746,0.998945748920767,0.9994272623138603
BPIC14,handover,B_half,hgb,raw,0,1384,0.5350303591276164,0.6524566473988439
BPIC14,handover,B_half,hgb,raw,1,1260,0.8694476528528896,0.8817460317460317
BPIC14,handover,B_half,hgb,raw,2,1523,0.9506706488078391,0.9678266579120157
BPIC14,handover,B_half,hgb,raw,3,1158,0.9769429382129967,0.9870466321243523
BPIC14,handover,B_half,hgb,raw,4,1386,0.9830576612475354,0.9906204906204906
BPIC14,handover,B_half,hgb,raw,5,1581,0.9875614493663318,0.9848197343453511
BPIC14,handover,B_half,hgb,raw,6,1427,0.9885922478682345,0.9894884372810091
BPIC14,handover,B_half,hgb,raw,7,1410,0.9916885059629331,0.9943262411347518
BPIC14,handover,B_half,hgb,raw,8,1400,0.9946498868310479,0.9935714285714285
BPIC14,handover,B_half,hgb,raw,9,1453,0.9969747364651251,0.9979353062629044
BPIC14,handover,B_half,hgb,platt,0,1349,0.5773995364195746,0.6397331356560415
BPIC14,handover,B_half,hgb,platt,1,1387,0.8716395393181358,0.9084354722422494
BPIC14,handover,B_half,hgb,platt,2,1441,0.9432799103054617,0.9493407356002775
BPIC14,handover,B_half,hgb,platt,3,1174,0.9742535599906414,0.9872231686541738
BPIC14,handover,B_half,hgb,platt,4,1373,0.9796429556721548,0.9861616897305171
BPIC14,handover,B_half,hgb,platt,5,1465,0.9829761294404231,0.9918088737201365
BPIC14,handover,B_half,hgb,platt,6,639,0.985210691827111,0.9921752738654147
BPIC14,handover,B_half,hgb,platt,7,2279,0.9858563430486231,0.9916630100921456
BPIC14,handover,B_half,hgb,platt,8,1286,0.9891829170834092,0.9937791601866252
BPIC14,handover,B_half,hgb,platt,9,1589,0.991320160462178,0.9987413467589679
BPIC14,handover,B_half,hgb,isotonic,0,1314,0.5602528090219758,0.6377473363774734
BPIC14,handover,B_half,hgb,isotonic,1,1467,0.8898643618555011,0.9011588275391956
BPIC14,handover,B_half,hgb,isotonic,2,1344,0.9445925672684232,0.9523809523809523
BPIC14,handover,B_half,hgb,isotonic,3,1163,0.9781058210784221,0.9853826311263972
BPIC14,handover,B_half,hgb,isotonic,4,1059,0.9812481319346533,0.9905571293673276
BPIC14,handover,B_half,hgb,isotonic,5,2018,0.9828899035199122,0.9905847373637264
BPIC14,handover,B_half,hgb,isotonic,6,53,0.9858789443431051,0.9811320754716981
BPIC14,handover,B_half,hgb,isotonic,7,2617,0.9872442743032466,0.9904470768055025
BPIC14,handover,B_half,hgb,isotonic,8,1539,0.990505276733184,0.9961013645224172
BPIC14,handover,B_half,hgb,isotonic,9,1408,0.993985105933291,0.9978693181818182
BPIC14,handover,B_intake,logit,raw,0,1351,0.5529880860626066,0.6484085862324205
BPIC14,handover,B_intake,logit,raw,1,1391,0.8900782234847945,0.9000718907260963
BPIC14,handover,B_intake,logit,raw,2,1451,0.9525340497336767,0.9441764300482426
BPIC14,handover,B_intake,logit,raw,3,1391,0.9695543539889728,0.9884974838245866
BPIC14,handover,B_intake,logit,raw,4,1387,0.9794280005406497,0.9906272530641672
BPIC14,handover,B_intake,logit,raw,5,1319,0.9830944267096338,0.9946929492039424
BPIC14,handover,B_intake,logit,raw,6,1487,0.9866482147560606,0.9899125756556826
BPIC14,handover,B_intake,logit,raw,7,1345,0.9897541533811297,0.9881040892193309
BPIC14,handover,B_intake,logit,raw,8,1257,0.9933687692596359,0.9976133651551312
BPIC14,handover,B_intake,logit,raw,9,1603,0.996593903456228,0.9993761696818465
BPIC14,handover,B_intake,logit,platt,0,1322,0.5546994920745457,0.6475037821482602
BPIC14,handover,B_intake,logit,platt,1,1458,0.8926726833844802,0.8984910836762688
BPIC14,handover,B_intake,logit,platt,2,1382,0.9530307144033727,0.9500723589001447
BPIC14,handover,B_intake,logit,platt,3,1344,0.9670183544626741,0.9791666666666666
BPIC14,handover,B_intake,logit,platt,4,1278,0.9762877428507257,0.9921752738654147
BPIC14,handover,B_intake,logit,platt,5,1590,0.9808562358183286,0.9930817610062893
BPIC14,handover,B_intake,logit,platt,6,1396,0.984934734647661,0.9871060171919771
BPIC14,handover,B_intake,logit,platt,7,1310,0.9877004335396392,0.9908396946564886
BPIC14,handover,B_intake,logit,platt,8,1310,0.9916483693603302,0.9977099236641221
BPIC14,handover,B_intake,logit,platt,9,1592,0.9954684429916089,0.9993718592964824
BPIC14,handover,B_intake,logit,isotonic,0,1398,0.5607741150470804,0.6616595135908441
BPIC14,handover,B_intake,logit,isotonic,1,1118,0.8962824249059966,0.8819320214669052
BPIC14,handover,B_intake,logit,isotonic,2,1672,0.9407329577499629,0.9557416267942583
BPIC14,handover,B_intake,logit,isotonic,3,1355,0.9661609971553887,0.9771217712177122
BPIC14,handover,B_intake,logit,isotonic,4,1307,0.9820848795420222,0.9908186687069626
BPIC14,handover,B_intake,logit,isotonic,5,1160,0.9864758036226295,0.993103448275862
BPIC14,handover,B_intake,logit,isotonic,6,1498,0.9875015404047821,0.9879839786381842
BPIC14,handover,B_intake,logit,isotonic,7,1613,0.9897198342188107,0.9913205207687539
BPIC14,handover,B_intake,logit,isotonic,8,1141,0.996014173113082,0.9973707274320771
BPIC14,handover,B_intake,logit,isotonic,9,1720,0.9987003123439007,0.9994186046511628
BPIC14,handover,B_intake,hgb,raw,0,1396,0.5374887337228033,0.6547277936962751
BPIC14,handover,B_intake,hgb,raw,1,1378,0.8736457599870768,0.8904208998548622
BPIC14,handover,B_intake,hgb,raw,2,1283,0.9522297043417334,0.9633671083398285
BPIC14,handover,B_intake,hgb,raw,3,1028,0.978337165189926,0.9912451361867705
BPIC14,handover,B_intake,hgb,raw,4,1711,0.9837624095186153,0.9900642898889538
BPIC14,handover,B_intake,hgb,raw,5,1548,0.9873762785171997,0.9844961240310077
BPIC14,handover,B_intake,hgb,raw,6,1414,0.9881066830229929,0.9915134370579916
BPIC14,handover,B_intake,hgb,raw,7,1357,0.9906300054563739,0.9918938835666913
BPIC14,handover,B_intake,hgb,raw,8,1412,0.9928951338757097,0.9929178470254958
BPIC14,handover,B_intake,hgb,raw,9,1455,0.9963805042127009,0.9979381443298969
BPIC14,handover,B_intake,hgb,platt,0,1358,0.5791772350289439,0.6413843888070693
BPIC14,handover,B_intake,hgb,platt,1,1428,0.8724731689542281,0.9005602240896359
BPIC14,handover,B_intake,hgb,platt,2,1276,0.9431579151599032,0.95141065830721
BPIC14,handover,B_intake,hgb,platt,3,1531,0.9744957447751629,0.9908556499020248
BPIC14,handover,B_intake,hgb,platt,4,1372,0.980621138536883,0.9883381924198251
BPIC14,handover,B_intake,hgb,platt,5,1368,0.9842101964618066,0.993421052631579
BPIC14,handover,B_intake,hgb,platt,6,165,0.9862587840234169,0.9878787878787879
BPIC14,handover,B_intake,hgb,platt,7,2669,0.9870182219761051,0.9913825402772574
BPIC14,handover,B_intake,hgb,platt,8,1314,0.9896113798042678,0.9931506849315068
BPIC14,handover,B_intake,hgb,platt,9,1501,0.9917918791386299,0.9986675549633578
BPIC14,handover,B_intake,hgb,isotonic,0,1304,0.55143298669399,0.6380368098159509
BPIC14,handover,B_intake,hgb,isotonic,1,1455,0.8921694673145133,0.8975945017182131
BPIC14,handover,B_intake,hgb,isotonic,2,1360,0.9453244078024755,0.9529411764705882
BPIC14,handover,B_intake,hgb,isotonic,3,501,0.9761740387752786,0.9780439121756487
BPIC14,handover,B_intake,hgb,isotonic,4,2157,0.9796982530816837,0.9911914696337506
BPIC14,handover,B_intake,hgb,isotonic,5,1568,0.9842134735480452,0.9929846938775511
BPIC14,handover,B_intake,hgb,isotonic,7,2785,0.9876931465510074,0.9888689407540395
BPIC14,handover,B_intake,hgb,isotonic,8,1409,0.9915696394607347,0.9957416607523066
BPIC14,handover,B_intake,hgb,isotonic,9,1443,0.9939934255396273,0.997920997920998
BPIC14,handover,B_intake_g,logit,raw,0,1304,0.5294920388317527,0.6303680981595092
BPIC14,handover,B_intake_g,logit,raw,1,1445,0.8868810025711958,0.8968858131487889
BPIC14,handover,B_intake_g,logit,raw,2,1441,0.9534329609326618,0.9576682859125607
BPIC14,handover,B_intake_g,logit,raw,3,1182,0.972399706703156,0.9898477157360406
BPIC14,handover,B_intake_g,logit,raw,4,1607,0.9795026020970259,0.9912881144990666
BPIC14,handover,B_intake_g,logit,raw,5,1346,0.9841034616446782,0.9940564635958395
BPIC14,handover,B_intake_g,logit,raw,6,1375,0.9869670922633629,0.9825454545454545
BPIC14,handover,B_intake_g,logit,raw,7,1403,0.9903086407333535,0.9914468995010691
BPIC14,handover,B_intake_g,logit,raw,8,1062,0.9936138568839853,0.9981167608286252
BPIC14,handover,B_intake_g,logit,raw,9,1817,0.9967501667521991,0.9988992845349477
BPIC14,handover,B_intake_g,logit,platt,0,1319,0.5492097902466482,0.6353297952994693
BPIC14,handover,B_intake_g,logit,platt,1,1475,0.8938805904930338,0.8983050847457628
BPIC14,handover,B_intake_g,logit,platt,2,1395,0.9528766663562275,0.956989247311828
BPIC14,handover,B_intake_g,logit,platt,3,1286,0.966883968187224,0.9891135303265941
BPIC14,handover,B_intake_g,logit,platt,4,1503,0.9751975248608745,0.9966733200266135
BPIC14,handover,B_intake_g,logit,platt,5,1309,0.9805112280099444,0.983957219251337
BPIC14,handover,B_intake_g,logit,platt,6,1498,0.9842072784879236,0.9886515353805073
BPIC14,handover,B_intake_g,logit,platt,7,1387,0.9877366597680348,0.9899062725306417
BPIC14,handover,B_intake_g,logit,platt,8,1081,0.9914825490657815,0.9972247918593895
BPIC14,handover,B_intake_g,logit,platt,9,1729,0.9950393947224443,0.9994216310005783
BPIC14,handover,B_intake_g,logit,isotonic,0,1398,0.5650338922603255,0.6516452074391988
BPIC14,handover,B_intake_g,logit,isotonic,1,1246,0.8898775521835233,0.8892455858747994
BPIC14,handover,B_intake_g,logit,isotonic,2,1314,0.9407893710064863,0.9634703196347032
BPIC14,handover,B_intake_g,logit,isotonic,3,1596,0.9629264682649095,0.9805764411027569
BPIC14,handover,B_intake_g,logit,isotonic,4,1434,0.9805631367857744,0.9944211994421199
BPIC14,handover,B_intake_g,logit,isotonic,5,1043,0.9840927002518457,0.9827420901246404
BPIC14,handover,B_intake_g,logit,isotonic,6,1424,0.9897277552794213,0.9894662921348315
BPIC14,handover,B_intake_g,logit,isotonic,7,1728,0.9915794647486069,0.9901620370370371
BPIC14,handover,B_intake_g,logit,isotonic,8,1099,0.9937902484834564,0.997270245677889
BPIC14,handover,B_intake_g,logit,isotonic,9,1700,0.9978823471960183,0.9994117647058823
BPIC14,handover,B_intake_g,hgb,raw,0,1342,0.5253733249470836,0.643070044709389
BPIC14,handover,B_intake_g,hgb,raw,1,1431,0.8596871434316422,0.8888888888888888
BPIC14,handover,B_intake_g,hgb,raw,2,1364,0.969074035315382,0.9714076246334311
BPIC14,handover,B_intake_g,hgb,raw,3,1248,0.9841588362041003,0.9911858974358975
BPIC14,handover,B_intake_g,hgb,raw,4,1346,0.9853720644900695,0.9829123328380386
BPIC14,handover,B_intake_g,hgb,raw,5,1631,0.9867086898040721,0.9901900674432863
BPIC14,handover,B_intake_g,hgb,raw,6,1060,0.990125221532373,0.9886792452830189
BPIC14,handover,B_intake_g,hgb,raw,7,1677,0.9918851017276418,0.9922480620155039
BPIC14,handover,B_intake_g,hgb,raw,8,1173,0.9949407341639677,0.9906223358908781
BPIC14,handover,B_intake_g,hgb,raw,9,1710,0.9964385176355329,0.9982456140350877
BPIC14,handover,B_intake_g,hgb,platt,0,1358,0.5624101889406623,0.6288659793814433
BPIC14,handover,B_intake_g,hgb,platt,1,1424,0.8629552716487402,0.9073033707865169
BPIC14,handover,B_intake_g,hgb,platt,2,1407,0.9518351587962974,0.9637526652452025
BPIC14,handover,B_intake_g,hgb,platt,3,1404,0.9764986916115137,0.9857549857549858
BPIC14,handover,B_intake_g,hgb,platt,4,1394,0.9817119681153613,0.9928263988522238
BPIC14,handover,B_intake_g,hgb,platt,5,1402,0.9830232536301081,0.9893009985734664
BPIC14,handover,B_intake_g,hgb,platt,6,1343,0.9854881396783319,0.9895755770662695
BPIC14,handover,B_intake_g,hgb,platt,7,1287,0.9872538978886836,0.9937839937839937
BPIC14,handover,B_intake_g,hgb,platt,8,783,0.9891927972273743,0.9923371647509579
BPIC14,handover,B_intake_g,hgb,platt,9,2180,0.9920444331643529,0.9972477064220183
BPIC14,handover,B_intake_g,hgb,isotonic,0,1399,0.5565983355664916,0.629735525375268
BPIC14,handover,B_intake_g,hgb,isotonic,1,1394,0.8722484854568158,0.9167862266857962
BPIC14,handover,B_intake_g,hgb,isotonic,2,1153,0.9539931767124594,0.9592367736339983
BPIC14,handover,B_intake_g,hgb,isotonic,3,1069,0.9796999510858478,0.9925163704396632
BPIC14,handover,B_intake_g,hgb,isotonic,4,1648,0.9818462667189136,0.9890776699029126
BPIC14,handover,B_intake_g,hgb,isotonic,5,1724,0.9847591467794286,0.988399071925754
BPIC14,handover,B_intake_g,hgb,isotonic,6,539,0.9858507866163913,0.9907235621521335
BPIC14,handover,B_intake_g,hgb,isotonic,7,2207,0.986860554752751,0.9882193022202084
BPIC14,handover,B_intake_g,hgb,isotonic,8,1449,0.9891654293727885,0.9951690821256038
BPIC14,handover,B_intake_g,hgb,isotonic,9,1400,0.9933424980801074,0.9992857142857143
BPIC14,handover,B_intake_g_km,logit,raw,0,1371,0.534023957384292,0.5769511305616338
BPIC14,handover,B_intake_g_km,logit,raw,1,1421,0.9198565236244182,0.9415904292751583
BPIC14,handover,B_intake_g_km,logit,raw,2,1402,0.9725990389341799,0.9814550641940085
BPIC14,handover,B_intake_g_km,logit,raw,3,1398,0.9813943229268205,0.9871244635193133
BPIC14,handover,B_intake_g_km,logit,raw,4,1397,0.9857736965049767,0.9863994273443092
BPIC14,handover,B_intake_g_km,logit,raw,5,1399,0.989022910048495,0.9892780557541101
BPIC14,handover,B_intake_g_km,logit,raw,6,1393,0.9914375069712715,0.9870782483847811
BPIC14,handover,B_intake_g_km,logit,raw,7,1236,0.9940235568648832,0.9959546925566343
BPIC14,handover,B_intake_g_km,logit,raw,8,1562,0.9958591735383088,1.0
BPIC14,handover,B_intake_g_km,logit,raw,9,1403,0.9975967187568169,0.9985744832501782
BPIC14,handover,B_intake_g_km,logit,platt,0,1373,0.5457387031291216,0.5775673707210488
BPIC14,handover,B_intake_g_km,logit,platt,1,1419,0.9173450553195259,0.9422128259337562
BPIC14,handover,B_intake_g_km,logit,platt,2,1401,0.9681970141870807,0.9807280513918629
BPIC14,handover,B_intake_g_km,logit,platt,3,1400,0.9768630601317201,0.9871428571428571
BPIC14,handover,B_intake_g_km,logit,platt,4,1397,0.9816496422275426,0.9856836077308518
BPIC14,handover,B_intake_g_km,logit,platt,5,1351,0.9851716926400305,0.9881569207994079
BPIC14,handover,B_intake_g_km,logit,platt,6,1442,0.9878380013774539,0.9902912621359223
BPIC14,handover,B_intake_g_km,logit,platt,7,1386,0.990726138311856,0.9942279942279942
BPIC14,handover,B_intake_g_km,logit,platt,8,1396,0.9933903593746611,1.0
BPIC14,handover,B_intake_g_km,logit,platt,9,1417,0.995573102907858,0.9992942836979535
BPIC14,handover,B_intake_g_km,logit,isotonic,0,1391,0.5423342965833717,0.5837526959022286
BPIC14,handover,B_intake_g_km,logit,isotonic,1,1397,0.9225052866954684,0.9427344309234073
BPIC14,handover,B_intake_g_km,logit,isotonic,2,1407,0.9716606889199665,0.9808102345415778
BPIC14,handover,B_intake_g_km,logit,isotonic,3,1388,0.978332130139527,0.9855907780979827
BPIC14,handover,B_intake_g_km,logit,isotonic,4,1377,0.9820034801041035,0.9847494553376906
BPIC14,handover,B_intake_g_km,logit,isotonic,5,1402,0.988231285248633,0.9893009985734664
BPIC14,handover,B_intake_g_km,logit,isotonic,6,963,0.9914200342011307,0.9896157840083074
BPIC14,handover,B_intake_g_km,logit,isotonic,7,1841,0.9934895052248071,0.9929386203150462
BPIC14,handover,B_intake_g_km,logit,isotonic,8,765,0.9946858328286511,1.0
BPIC14,handover,B_intake_g_km,logit,isotonic,9,2051,0.9971056362610167,0.999512432959532
BPIC14,handover,B_intake_g_km,hgb,raw,0,1394,0.5311801281921787,0.5839311334289814
BPIC14,handover,B_intake_g_km,hgb,raw,1,1401,0.9132778337999268,0.953604568165596
BPIC14,handover,B_intake_g_km,hgb,raw,2,1319,0.9757885088891967,0.9802880970432145
BPIC14,handover,B_intake_g_km,hgb,raw,3,1477,0.9861866999563027,0.97968855788761
BPIC14,handover,B_intake_g_km,hgb,raw,4,1396,0.9896521162652536,0.9899713467048711
BPIC14,handover,B_intake_g_km,hgb,raw,5,1369,0.9906394449225888,0.9883126369612856
BPIC14,handover,B_intake_g_km,hgb,raw,6,1428,0.9914919779988589,0.9957983193277311
BPIC14,handover,B_intake_g_km,hgb,raw,7,1394,0.9931338203959899,0.9885222381635581
BPIC14,handover,B_intake_g_km,hgb,raw,8,1203,0.9946942177162066,0.9916874480465503
BPIC14,handover,B_intake_g_km,hgb,raw,9,1601,0.995755750544664,0.9981261711430356
BPIC14,handover,B_intake_g_km,hgb,platt,0,1394,0.5634402728439508,0.5817790530846485
BPIC14,handover,B_intake_g_km,hgb,platt,1,1341,0.9116784415235022,0.9440715883668904
BPIC14,handover,B_intake_g_km,hgb,platt,2,1460,0.9632435678762076,0.9863013698630136
BPIC14,handover,B_intake_g_km,hgb,platt,3,1385,0.9763269177848882,0.984115523465704
BPIC14,handover,B_intake_g_km,hgb,platt,4,1338,0.9832588571798471,0.9872944693572496
BPIC14,handover,B_intake_g_km,hgb,platt,5,897,0.9857643416231168,0.9899665551839465
BPIC14,handover,B_intake_g_km,hgb,platt,6,1962,0.986521613084299,0.9918450560652395
BPIC14,handover,B_intake_g_km,hgb,platt,7,1408,0.9887817853068305,0.9893465909090909
BPIC14,handover,B_intake_g_km,hgb,platt,8,1014,0.9908049800328353,0.9980276134122288
BPIC14,handover,B_intake_g_km,hgb,platt,9,1783,0.9918883220907216,0.9960740325294447
BPIC14,handover,B_intake_g_km,hgb,isotonic,0,1380,0.5424388474346219,0.5789855072463768
BPIC14,handover,B_intake_g_km,hgb,isotonic,1,1416,0.9138453049946713,0.9463276836158192
BPIC14,handover,B_intake_g_km,hgb,isotonic,2,1271,0.9717918348852206,0.9866247049567269
BPIC14,handover,B_intake_g_km,hgb,isotonic,3,1524,0.9819491328010782,0.9835958005249343
BPIC14,handover,B_intake_g_km,hgb,isotonic,4,1366,0.9859285430352627,0.9904831625183016
BPIC14,handover,B_intake_g_km,hgb,isotonic,5,1204,0.9871805111200347,0.989202657807309
BPIC14,handover,B_intake_g_km,hgb,isotonic,6,1474,0.9873723673593888,0.991180461329715
BPIC14,handover,B_intake_g_km,hgb,isotonic,7,1470,0.9889754167523268,0.9918367346938776
BPIC14,handover,B_intake_g_km,hgb,isotonic,8,1418,0.9906516821231268,0.9901269393511989
BPIC14,handover,B_intake_g_km,hgb,isotonic,9,1459,0.993940478222648,0.9986291980808774
BPIC15_5,duration,B_half,logit,raw,0,20,0.2103460191350826,0.3
BPIC15_5,duration,B_half,logit,raw,3,112,0.3541053991038687,0.16071428571428573
BPIC15_5,duration,B_half,logit,raw,4,38,0.4378607218061095,0.3684210526315789
BPIC15_5,duration,B_half,logit,raw,5,8,0.4786825471939057,0.625
BPIC15_5,duration,B_half,logit,raw,6,60,0.5218435528773504,0.11666666666666667
BPIC15_5,duration,B_half,logit,raw,7,38,0.5945998909180602,0.3684210526315789
BPIC15_5,duration,B_half,logit,raw,8,36,0.6936745171403152,0.4722222222222222
BPIC15_5,duration,B_half,logit,raw,9,35,0.8189986554330178,0.5142857142857142
BPIC15_5,duration,B_half,logit,platt,0,18,0.26577764663502296,0.2222222222222222
BPIC15_5,duration,B_half,logit,platt,3,113,0.3695149774659551,0.168141592920354
BPIC15_5,duration,B_half,logit,platt,4,42,0.4550837459494368,0.4523809523809524
BPIC15_5,duration,B_half,logit,platt,5,35,0.510376220473697,0.0
BPIC15_5,duration,B_half,logit,platt,6,28,0.5511874437525603,0.32142857142857145
BPIC15_5,duration,B_half,logit,platt,7,40,0.597654464639408,0.325
BPIC15_5,duration,B_half,logit,platt,8,36,0.6851921882680148,0.5
BPIC15_5,duration,B_half,logit,platt,9,35,0.7973148250581973,0.4857142857142857
BPIC15_5,duration,B_half,logit,isotonic,0,13,0.1867133492751742,0.15384615384615385
BPIC15_5,duration,B_half,logit,isotonic,2,91,0.285547552354275,0.16483516483516483
BPIC15_5,duration,B_half,logit,isotonic,3,27,0.37761689372105595,0.2222222222222222
BPIC15_5,duration,B_half,logit,isotonic,4,40,0.47244784406890067,0.375
BPIC15_5,duration,B_half,logit,isotonic,5,8,0.5399838413299025,0.5
BPIC15_5,duration,B_half,logit,isotonic,6,56,0.5666151361446147,0.16071428571428573
BPIC15_5,duration,B_half,logit,isotonic,7,41,0.6278667603641265,0.3170731707317073
BPIC15_5,duration,B_half,logit,isotonic,8,34,0.6981016927345298,0.5294117647058824
BPIC15_5,duration,B_half,logit,isotonic,9,37,0.8618921577867817,0.4594594594594595
BPIC15_5,duration,B_half,hgb,raw,0,15,0.16354728195309992,0.4
BPIC15_5,duration,B_half,hgb,raw,1,53,0.32213554942862227,0.33962264150943394
BPIC15_5,duration,B_half,hgb,raw,2,33,0.4387891597219767,0.21212121212121213
BPIC15_5,duration,B_half,hgb,raw,5,106,0.4783868307504187,0.1792452830188679
BPIC15_5,duration,B_half,hgb,raw,6,12,0.5464457239909892,0.5
BPIC15_5,duration,B_half,hgb,raw,7,58,0.5563107854645194,0.08620689655172414
BPIC15_5,duration,B_half,hgb,raw,8,35,0.7902688402449668,0.4857142857142857
BPIC15_5,duration,B_half,hgb,raw,9,35,0.9185844607791952,0.6
BPIC15_5,duration,B_half,hgb,platt,0,16,0.35628181008310245,0.0625
BPIC15_5,duration,B_half,hgb,platt,3,122,0.40503244896044605,0.2540983606557377
BPIC15_5,duration,B_half,hgb,platt,4,18,0.424776184091984,0.2222222222222222
BPIC15_5,duration,B_half,hgb,platt,5,49,0.4319029869071937,0.061224489795918366
BPIC15_5,duration,B_half,hgb,platt,6,38,0.4553958108366188,0.3684210526315789
BPIC15_5,duration,B_half,hgb,platt,7,24,0.5184501863203302,0.16666666666666666
BPIC15_5,duration,B_half,hgb,platt,8,38,0.5955439028725014,0.4473684210526316
BPIC15_5,duration,B_half,hgb,platt,9,42,0.6560424400352997,0.5952380952380952
BPIC15_5,duration,B_half,hgb,isotonic,0,12,0.3262107315265023,0.25
BPIC15_5,duration,B_half,hgb,isotonic,3,123,0.3795371749319205,0.23577235772357724
BPIC15_5,duration,B_half,hgb,isotonic,4,14,0.39606379261404207,0.21428571428571427
BPIC15_5,duration,B_half,hgb,isotonic,5,59,0.42927598075431284,0.11864406779661017
BPIC15_5,duration,B_half,hgb,isotonic,6,30,0.4840677313640145,0.26666666666666666
BPIC15_5,duration,B_half,hgb,isotonic,7,37,0.5517601676697858,0.21621621621621623
BPIC15_5,duration,B_half,hgb,isotonic,8,31,0.6296528918466774,0.41935483870967744
BPIC15_5,duration,B_half,hgb,isotonic,9,41,0.708748533497594,0.6829268292682927
BPIC15_5,duration,B_intake,logit,raw,0,30,0.11470314501921546,0.26666666666666666
BPIC15_5,duration,B_intake,logit,raw,1,40,0.19349241736925238,0.25
BPIC15_5,duration,B_intake,logit,raw,2,34,0.27412915703690754,0.17647058823529413
BPIC15_5,duration,B_intake,logit,raw,3,17,0.2951904401213686,0.35294117647058826
BPIC15_5,duration,B_intake,logit,raw,4,52,0.3167515646371514,0.19230769230769232
BPIC15_5,duration,B_intake,logit,raw,5,35,0.39258479018910153,0.2571428571428571
BPIC15_5,duration,B_intake,logit,raw,6,35,0.44699709304588114,0.11428571428571428
BPIC15_5,duration,B_intake,logit,raw,7,34,0.4957493986932197,0.35294117647058826
BPIC15_5,duration,B_intake,logit,raw,8,35,0.6225221067368872,0.4
BPIC15_5,duration,B_intake,logit,raw,9,35,0.8210241332427913,0.5714285714285714
BPIC15_5,duration,B_intake,logit,platt,0,27,0.31466043607876676,0.18518518518518517
BPIC15_5,duration,B_intake,logit,platt,1,40,0.3592734760530106,0.25
BPIC15_5,duration,B_intake,logit,platt,2,21,0.3919815023998589,0.19047619047619047
BPIC15_5,duration,B_intake,logit,platt,3,49,0.40360794543927986,0.16326530612244897
BPIC15_5,duration,B_intake,logit,platt,4,36,0.4234877294078458,0.2777777777777778
BPIC15_5,duration,B_intake,logit,platt,5,35,0.45371829396775387,0.22857142857142856
BPIC15_5,duration,B_intake,logit,platt,6,35,0.4730376754168079,0.11428571428571428
BPIC15_5,duration,B_intake,logit,platt,7,34,0.49631920870901863,0.4411764705882353
BPIC15_5,duration,B_intake,logit,platt,8,35,0.5483782554767149,0.42857142857142855
BPIC15_5,duration,B_intake,logit,platt,9,35,0.6543048844361482,0.5714285714285714
BPIC15_5,duration,B_intake,logit,isotonic,0,7,0.14200786456700495,0.14285714285714285
BPIC15_5,duration,B_intake,logit,isotonic,1,54,0.2597870337310785,0.24074074074074073
BPIC15_5,duration,B_intake,logit,isotonic,2,18,0.3659097141556987,0.3333333333333333
BPIC15_5,duration,B_intake,logit,isotonic,4,68,0.40987659325829967,0.08823529411764706
BPIC15_5,duration,B_intake,logit,isotonic,5,58,0.43193161806856756,0.29310344827586204
BPIC15_5,duration,B_intake,logit,isotonic,6,38,0.47686129831030205,0.15789473684210525
BPIC15_5,duration,B_intake,logit,isotonic,7,28,0.5061451439302915,0.5
BPIC15_5,duration,B_intake,logit,isotonic,8,41,0.5558130649771559,0.43902439024390244
BPIC15_5,duration,B_intake,logit,isotonic,9,35,0.7214526701528048,0.5142857142857142
BPIC15_5,duration,B_intake,hgb,raw,0,34,0.05700160895034695,0.38235294117647056
BPIC15_5,duration,B_intake,hgb,raw,1,36,0.12628167374913668,0.25
BPIC15_5,duration,B_intake,hgb,raw,2,30,0.23998442605166204,0.2
BPIC15_5,duration,B_intake,hgb,raw,3,38,0.2887167220542234,0.07894736842105263
BPIC15_5,duration,B_intake,hgb,raw,4,35,0.3632659100586856,0.02857142857142857
BPIC15_5,duration,B_intake,hgb,raw,5,35,0.46173893424345036,0.4
BPIC15_5,duration,B_intake,hgb,raw,6,35,0.5617043984025476,0.22857142857142856
BPIC15_5,duration,B_intake,hgb,raw,7,34,0.6757597508812924,0.47058823529411764
BPIC15_5,duration,B_intake,hgb,raw,8,35,0.8100880246314303,0.34285714285714286
BPIC15_5,duration,B_intake,hgb,raw,9,35,0.9540021708810951,0.4857142857142857
BPIC15_5,duration,B_intake,hgb,platt,0,35,0.33657679225069476,0.37142857142857144
BPIC15_5,duration,B_intake,hgb,platt,1,35,0.38945596112925535,0.3142857142857143
BPIC15_5,duration,B_intake,hgb,platt,2,29,0.41833290580024607,0.20689655172413793
BPIC15_5,duration,B_intake,hgb,platt,3,38,0.4408768757482269,0.07894736842105263
BPIC15_5,duration,B_intake,hgb,platt,4,28,0.4495600922329709,0.25
BPIC15_5,duration,B_intake,hgb,platt,5,43,0.4655250945295673,0.20930232558139536
BPIC15_5,duration,B_intake,hgb,platt,6,35,0.487514016948565,0.22857142857142856
BPIC15_5,duration,B_intake,hgb,platt,7,34,0.514421890941635,0.4411764705882353
BPIC15_5,duration,B_intake,hgb,platt,8,35,0.5516970006155141,0.2571428571428571
BPIC15_5,duration,B_intake,hgb,platt,9,35,0.6277178206792539,0.5142857142857142
BPIC15_5,duration,B_intake,hgb,isotonic,0,29,0.21592708907756117,0.4482758620689655
BPIC15_5,duration,B_intake,hgb,isotonic,1,39,0.33345689564685416,0.28205128205128205
BPIC15_5,duration,B_intake,hgb,isotonic,3,65,0.41268924496676423,0.2
BPIC15_5,duration,B_intake,hgb,isotonic,5,63,0.4560299574757933,0.14285714285714285
BPIC15_5,duration,B_intake,hgb,isotonic,6,45,0.4657386875453871,0.15555555555555556
BPIC15_5,duration,B_intake,hgb,isotonic,7,36,0.5148639494457407,0.3055555555555556
BPIC15_5,duration,B_intake,hgb,isotonic,8,35,0.5648162700371703,0.4857142857142857
BPIC15_5,duration,B_intake,hgb,isotonic,9,35,0.7033578165949987,0.5142857142857142
BPIC15_5,duration,B_intake_g,logit,raw,0,35,0.09599321978001621,0.3142857142857143
BPIC15_5,duration,B_intake_g,logit,raw,1,34,0.16716358794490338,0.2647058823529412
BPIC15_5,duration,B_intake_g,logit,raw,2,27,0.2469230991184741,0.3333333333333333
BPIC15_5,duration,B_intake_g,logit,raw,3,42,0.3089857306540693,0.14285714285714285
BPIC15_5,duration,B_intake_g,logit,raw,4,35,0.3694623075373253,0.2
BPIC15_5,duration,B_intake_g,logit,raw,5,35,0.4346431653885032,0.2571428571428571
BPIC15_5,duration,B_intake_g,logit,raw,6,35,0.49614226360106023,0.11428571428571428
BPIC15_5,duration,B_intake_g,logit,raw,7,34,0.5779637921814368,0.35294117647058826
BPIC15_5,duration,B_intake_g,logit,raw,8,35,0.6867650708649221,0.37142857142857144
BPIC15_5,duration,B_intake_g,logit,raw,9,35,0.8646123983240408,0.5428571428571428
BPIC15_5,duration,B_intake_g,logit,platt,0,35,0.26576363584690144,0.2857142857142857
BPIC15_5,duration,B_intake_g,logit,platt,1,35,0.3177116703809215,0.22857142857142856
BPIC15_5,duration,B_intake_g,logit,platt,2,34,0.36797859516227277,0.17647058823529413
BPIC15_5,duration,B_intake_g,logit,platt,3,35,0.3984691372138369,0.2857142857142857
BPIC15_5,duration,B_intake_g,logit,platt,4,34,0.4333793933255463,0.20588235294117646
BPIC15_5,duration,B_intake_g,logit,platt,5,29,0.4669722285620177,0.1724137931034483
BPIC15_5,duration,B_intake_g,logit,platt,6,36,0.4905512212686771,0.25
BPIC15_5,duration,B_intake_g,logit,platt,7,39,0.530589405253088,0.28205128205128205
BPIC15_5,duration,B_intake_g,logit,platt,8,35,0.605381794341105,0.4
BPIC15_5,duration,B_intake_g,logit,platt,9,35,0.7418836551597993,0.5428571428571428
BPIC15_5,duration,B_intake_g,logit,isotonic,0,9,0.1684701009123612,0.1111111111111111
BPIC15_5,duration,B_intake_g,logit,isotonic,1,61,0.22638514542085353,0.29508196721311475
BPIC15_5,duration,B_intake_g,logit,isotonic,2,24,0.3038632389502523,0.375
BPIC15_5,duration,B_intake_g,logit,isotonic,3,39,0.36771760130634035,0.1282051282051282
BPIC15_5,duration,B_intake_g,logit,isotonic,4,38,0.4328715694383572,0.21052631578947367
BPIC15_5,duration,B_intake_g,logit,isotonic,5,33,0.5015082489153042,0.2727272727272727
BPIC15_5,duration,B_intake_g,logit,isotonic,6,39,0.5184261049825317,0.1282051282051282
BPIC15_5,duration,B_intake_g,logit,isotonic,7,32,0.5595917993137844,0.375
BPIC15_5,duration,B_intake_g,logit,isotonic,8,33,0.6069345163653294,0.3939393939393939
BPIC15_5,duration,B_intake_g,logit,isotonic,9,39,0.7284704218088416,0.48717948717948717
BPIC15_5,duration,B_intake_g,hgb,raw,0,35,0.01646242449759322,0.2571428571428571
BPIC15_5,duration,B_intake_g,hgb,raw,1,35,0.06826087371664846,0.3142857142857143
BPIC15_5,duration,B_intake_g,hgb,raw,2,34,0.21830263574907996,0.38235294117647056
BPIC15_5,duration,B_intake_g,hgb,raw,3,32,0.33890478648578704,0.25
BPIC15_5,duration,B_intake_g,hgb,raw,4,37,0.4642366816295096,0.10810810810810811
BPIC15_5,duration,B_intake_g,hgb,raw,5,35,0.5521187187713889,0.08571428571428572
BPIC15_5,duration,B_intake_g,hgb,raw,6,35,0.7008898460476262,0.37142857142857144
BPIC15_5,duration,B_intake_g,hgb,raw,7,34,0.838062699494861,0.38235294117647056
BPIC15_5,duration,B_intake_g,hgb,raw,8,35,0.9476534795181217,0.2857142857142857
BPIC15_5,duration,B_intake_g,hgb,raw,9,35,0.9942960816456571,0.42857142857142855
BPIC15_5,duration,B_intake_g,hgb,platt,0,34,0.29025095201557033,0.4117647058823529
BPIC15_5,duration,B_intake_g,hgb,platt,1,36,0.35942118320373795,0.25
BPIC15_5,duration,B_intake_g,hgb,platt,2,31,0.4202819818601579,0.3225806451612903
BPIC15_5,duration,B_intake_g,hgb,platt,3,38,0.45246435276788444,0.2894736842105263
BPIC15_5,duration,B_intake_g,hgb,platt,4,34,0.48856719921523,0.35294117647058826
BPIC15_5,duration,B_intake_g,hgb,platt,5,35,0.5126834132710141,0.08571428571428572
BPIC15_5,duration,B_intake_g,hgb,platt,6,35,0.5335813849836379,0.22857142857142856
BPIC15_5,duration,B_intake_g,hgb,platt,7,29,0.5742584645354747,0.20689655172413793
BPIC15_5,duration,B_intake_g,hgb,platt,8,40,0.6034135049352879,0.2
BPIC15_5,duration,B_intake_g,hgb,platt,9,35,0.6925641582565953,0.5142857142857142
BPIC15_5,duration,B_intake_g,hgb,isotonic,0,29,0.22175636825920542,0.41379310344827586
BPIC15_5,duration,B_intake_g,hgb,isotonic,1,41,0.2970164150449801,0.2682926829268293
BPIC15_5,duration,B_intake_g,hgb,isotonic,2,34,0.4131253309456397,0.35294117647058826
BPIC15_5,duration,B_intake_g,hgb,isotonic,3,26,0.467065262432507,0.19230769230769232
BPIC15_5,duration,B_intake_g,hgb,isotonic,4,43,0.5030259862592312,0.27906976744186046
BPIC15_5,duration,B_intake_g,hgb,isotonic,5,22,0.5345400763197959,0.2727272727272727
BPIC15_5,duration,B_intake_g,hgb,isotonic,6,33,0.5703856895259017,0.06060606060606061
BPIC15_5,duration,B_intake_g,hgb,isotonic,7,43,0.5813553516855778,0.18604651162790697
BPIC15_5,duration,B_intake_g,hgb,isotonic,8,40,0.6345625345241954,0.375
BPIC15_5,duration,B_intake_g,hgb,isotonic,9,36,0.7342090657000105,0.4444444444444444
BPIC17,duration,B_half,logit,raw,0,929,0.32800763964056756,0.31216361679224974
BPIC17,duration,B_half,logit,raw,1,912,0.44359872874479406,0.47149122807017546
BPIC17,duration,B_half,logit,raw,2,753,0.4891206746851409,0.47941567065073043
BPIC17,duration,B_half,logit,raw,3,1041,0.5068250985220376,0.49375600384245916
BPIC17,duration,B_half,logit,raw,4,1057,0.5100509295096946,0.5014191106906338
BPIC17,duration,B_half,logit,raw,5,580,0.521901799546816,0.5344827586206896
BPIC17,duration,B_half,logit,raw,6,1317,0.5360466589629963,0.5026575550493546
BPIC17,duration,B_half,logit,raw,7,573,0.5377138859282712,0.5305410122164049
BPIC17,duration,B_half,logit,raw,8,1209,0.5612948407219431,0.5392886683209264
BPIC17,duration,B_half,logit,raw,9,1082,0.6285622164919475,0.5702402957486137
BPIC17,duration,B_half,logit,platt,0,935,0.3679105150855158,0.3144385026737968
BPIC17,duration,B_half,logit,platt,1,926,0.458362062538547,0.46976241900647947
BPIC17,duration,B_half,logit,platt,2,737,0.4929739874984227,0.4816824966078697
BPIC17,duration,B_half,logit,platt,3,1048,0.5052104856480898,0.4933206106870229
BPIC17,duration,B_half,logit,platt,4,1052,0.5077299709987368,0.5009505703422054
BPIC17,duration,B_half,logit,platt,5,664,0.5176818754104939,0.5286144578313253
BPIC17,duration,B_half,logit,platt,6,1128,0.5280275664305778,0.5035460992907801
BPIC17,duration,B_half,logit,platt,7,683,0.5285417777635064,0.5314787701317716
BPIC17,duration,B_half,logit,platt,8,1283,0.5496551403087003,0.5339049103663289
BPIC17,duration,B_half,logit,platt,9,997,0.6004831677267848,0.5767301905717152
BPIC17,duration,B_half,logit,isotonic,0,873,0.342361330267058,0.29896907216494845
BPIC17,duration,B_half,logit,isotonic,1,969,0.44932257877919773,0.47058823529411764
BPIC17,duration,B_half,logit,isotonic,2,435,0.5048080475348876,0.4850574712643678
BPIC17,duration,B_half,logit,isotonic,3,1223,0.5076778078008275,0.4987735077677841
BPIC17,duration,B_half,logit,isotonic,4,1218,0.5096189164663286,0.5041050903119869
BPIC17,duration,B_half,logit,isotonic,5,627,0.525216994107681,0.5039872408293461
BPIC17,duration,B_half,logit,isotonic,6,651,0.5326209350672088,0.5192012288786483
BPIC17,duration,B_half,logit,isotonic,7,1196,0.5355731540324414,0.5108695652173914
BPIC17,duration,B_half,logit,isotonic,8,1111,0.5492470658240789,0.5310531053105311
BPIC17,duration,B_half,logit,isotonic,9,1150,0.5941875322493824,0.5765217391304348
BPIC17,duration,B_half,hgb,raw,0,898,0.3401537390849826,0.31403118040089084
BPIC17,duration,B_half,hgb,raw,1,834,0.41941928655609345,0.4568345323741007
BPIC17,duration,B_half,hgb,raw,2,540,0.49484789874116386,0.4962962962962963
BPIC17,duration,B_half,hgb,raw,3,1482,0.5115310761134509,0.49055330634278005
BPIC17,duration,B_half,hgb,raw,4,880,0.5226011928488404,0.5397727272727273
BPIC17,duration,B_half,hgb,raw,5,937,0.5281818443421706,0.4973319103521878
BPIC17,duration,B_half,hgb,raw,7,1618,0.5390118793244281,0.5049443757725587
BPIC17,duration,B_half,hgb,raw,8,1271,0.5665316158116599,0.5468135326514555
BPIC17,duration,B_half,hgb,raw,9,993,0.5908775804177416,0.5629405840886204
BPIC17,duration,B_half,hgb,platt,0,865,0.3510967950880731,0.29132947976878615
BPIC17,duration,B_half,hgb,platt,1,990,0.46378271581444735,0.48787878787878786
BPIC17,duration,B_half,hgb,platt,2,773,0.5039338167202211,0.47477360931435963
BPIC17,duration,B_half,hgb,platt,3,1128,0.5179836376392382,0.4920212765957447
BPIC17,duration,B_half,hgb,platt,4,539,0.5222115181650803,0.5547309833024119
BPIC17,duration,B_half,hgb,platt,5,1306,0.5244316217690677,0.5114854517611026
BPIC17,duration,B_half,hgb,platt,6,545,0.5312893352021415,0.5211009174311927
BPIC17,duration,B_half,hgb,platt,7,1407,0.5316158333641865,0.503909026297086
BPIC17,duration,B_half,hgb,platt,8,921,0.5419605632374702,0.5570032573289903
BPIC17,duration,B_half,hgb,platt,9,979,0.562255336373878,0.5515832482124617
BPIC17,duration,B_half,hgb,isotonic,0,864,0.33235880954799557,0.2916666666666667
BPIC17,duration,B_half,hgb,isotonic,1,992,0.4604434683416752,0.4889112903225806
BPIC17,duration,B_half,hgb,isotonic,2,631,0.5154118706354941,0.4611727416798732
BPIC17,duration,B_half,hgb,isotonic,3,1071,0.5214920038285453,0.4976657329598506
BPIC17,duration,B_half,hgb,isotonic,4,979,0.5256252198735522,0.49948927477017363
BPIC17,duration,B_half,hgb,isotonic,5,292,0.527079001431694,0.4691780821917808
BPIC17,duration,B_half,hgb,isotonic,6,1685,0.5280540930975218,0.511572700296736
BPIC17,duration,B_half,hgb,isotonic,7,722,0.5337097416754949,0.5554016620498615
BPIC17,duration,B_half,hgb,isotonic,8,1205,0.543921209157723,0.541908713692946
BPIC17,duration,B_half,hgb,isotonic,9,1012,0.5684738838648188,0.5602766798418972
BPIC17,duration,B_intake,logit,raw,0,914,0.32020056501321764,0.32713347921225383
BPIC17,duration,B_intake,logit,raw,1,971,0.42864994170396276,0.431513903192585
BPIC17,duration,B_intake,logit,raw,2,891,0.46926092573793654,0.44332210998877664
BPIC17,duration,B_intake,logit,raw,3,902,0.48890838546605625,0.48558758314855877
BPIC17,duration,B_intake,logit,raw,4,1044,0.5093260697065862,0.5287356321839081
BPIC17,duration,B_intake,logit,raw,5,949,0.5299266296493453,0.5258166491043204
BPIC17,duration,B_intake,logit,raw,6,868,0.5458596995716388,0.521889400921659
BPIC17,duration,B_intake,logit,raw,7,1012,0.5605046524125233,0.5375494071146245
BPIC17,duration,B_intake,logit,raw,8,954,0.587680923770122,0.5262054507337526
BPIC17,duration,B_intake,logit,raw,9,948,0.6628263447757744,0.6002109704641351
BPIC17,duration,B_intake,logit,platt,0,946,0.36394500036977473,0.3224101479915433
BPIC17,duration,B_intake,logit,platt,1,944,0.4480418269479817,0.4375
BPIC17,duration,B_intake,logit,platt,2,937,0.47744743063057293,0.4503735325506937
BPIC17,duration,B_intake,logit,platt,3,827,0.49304246265589596,0.4800483675937122
BPIC17,duration,B_intake,logit,platt,4,1025,0.506576839270234,0.5239024390243903
BPIC17,duration,B_intake,logit,platt,5,991,0.5225579556680545,0.5307769929364279
BPIC17,duration,B_intake,logit,platt,6,932,0.5353709861471369,0.5278969957081545
BPIC17,duration,B_intake,logit,platt,7,960,0.546285474888231,0.5333333333333333
BPIC17,duration,B_intake,logit,platt,8,874,0.5654855422305265,0.5274599542334096
BPIC17,duration,B_intake,logit,platt,9,1017,0.6210750575235096,0.5948869223205506
BPIC17,duration,B_intake,logit,isotonic,0,881,0.3362961600936857,0.318955732122588
BPIC17,duration,B_intake,logit,isotonic,1,944,0.4411434046147582,0.4353813559322034
BPIC17,duration,B_intake,logit,isotonic,2,1003,0.4816777114520456,0.4476570289132602
BPIC17,duration,B_intake,logit,isotonic,3,860,0.4995288013626052,0.4755813953488372
BPIC17,duration,B_intake,logit,isotonic,4,1013,0.5186143325608484,0.5241855873642646
BPIC17,duration,B_intake,logit,isotonic,5,959,0.5345225789533005,0.5265901981230449
BPIC17,duration,B_intake,logit,isotonic,6,538,0.5403182032735274,0.550185873605948
BPIC17,duration,B_intake,logit,isotonic,7,1364,0.5469808207824995,0.5227272727272727
BPIC17,duration,B_intake,logit,isotonic,8,813,0.5655018429538411,0.5289052890528906
BPIC17,duration,B_intake,logit,isotonic,9,1078,0.6116065727833081,0.5983302411873841
BPIC17,duration,B_intake,hgb,raw,0,781,0.35130727714065146,0.30217669654289375
BPIC17,duration,B_intake,hgb,raw,1,1088,0.43447895979068774,0.4338235294117647
BPIC17,duration,B_intake,hgb,raw,2,781,0.4737835277164087,0.4558258642765685
BPIC17,duration,B_intake,hgb,raw,3,1095,0.4926278386206268,0.4748858447488584
BPIC17,duration,B_intake,hgb,raw,4,908,0.5141871276618648,0.5187224669603524
BPIC17,duration,B_intake,hgb,raw,5,1019,0.5338222776289671,0.5534838076545633
BPIC17,duration,B_intake,hgb,raw,6,911,0.5482331721694088,0.5038419319429198
BPIC17,duration,B_intake,hgb,raw,7,944,0.5629378220634368,0.5169491525423728
BPIC17,duration,B_intake,hgb,raw,8,769,0.585001189331913,0.5656697009102731
BPIC17,duration,B_intake,hgb,raw,9,1157,0.6270090919597783,0.5782195332757131
BPIC17,duration,B_intake,hgb,platt,0,946,0.3651494992368367,0.3118393234672304
BPIC17,duration,B_intake,hgb,platt,1,944,0.4563036414607365,0.4576271186440678
BPIC17,duration,B_intake,hgb,platt,2,944,0.48425489692524415,0.4555084745762712
BPIC17,duration,B_intake,hgb,platt,3,855,0.5005566470282702,0.4608187134502924
BPIC17,duration,B_intake,hgb,platt,4,1006,0.5115677052783737,0.5198807157057654
BPIC17,duration,B_intake,hgb,platt,5,977,0.5232751539595892,0.5199590583418628
BPIC17,duration,B_intake,hgb,platt,6,889,0.535809522181347,0.5421822272215973
BPIC17,duration,B_intake,hgb,platt,7,809,0.5445057307559201,0.5364647713226205
BPIC17,duration,B_intake,hgb,platt,8,1111,0.55423355564987,0.5274527452745275
BPIC17,duration,B_intake,hgb,platt,9,972,0.5973337315698335,0.602880658436214
BPIC17,duration,B_intake,hgb,isotonic,0,944,0.35058359167085756,0.3103813559322034
BPIC17,duration,B_intake,hgb,isotonic,1,767,0.44305362000381954,0.44198174706649285
BPIC17,duration,B_intake,hgb,isotonic,2,1059,0.4795928277304554,0.4636449480642115
BPIC17,duration,B_intake,hgb,isotonic,3,812,0.5012347436695171,0.45320197044334976
BPIC17,duration,B_intake,hgb,isotonic,4,1057,0.5175849861526364,0.5146641438032167
BPIC17,duration,B_intake,hgb,isotonic,5,974,0.5320706376836873,0.5400410677618069
BPIC17,duration,B_intake,hgb,isotonic,6,962,0.5422115714625766,0.524948024948025
BPIC17,duration,B_intake,hgb,isotonic,7,534,0.5502344596882691,0.5393258426966292
BPIC17,duration,B_intake,hgb,isotonic,8,1194,0.5552061620571286,0.5192629815745393
BPIC17,duration,B_intake,hgb,isotonic,9,1150,0.5925131276996747,0.6052173913043478
BPIC17,duration,B_intake_g,logit,raw,0,946,0.30276274599223624,0.3118393234672304
BPIC17,duration,B_intake_g,logit,raw,1,941,0.3952423841669521,0.4218916046758767
BPIC17,duration,B_intake_g,logit,raw,2,949,0.45342037325627094,0.45732349841938885
BPIC17,duration,B_intake_g,logit,raw,3,935,0.48631388614780696,0.46203208556149733
BPIC17,duration,B_intake_g,logit,raw,4,955,0.5081719843001423,0.5005235602094241
BPIC17,duration,B_intake_g,logit,raw,5,778,0.5319160089474891,0.5154241645244216
BPIC17,duration,B_intake_g,logit,raw,6,1113,0.5542792091412394,0.5525606469002695
BPIC17,duration,B_intake_g,logit,raw,7,897,0.5716725033313683,0.5306577480490524
BPIC17,duration,B_intake_g,logit,raw,8,993,0.5983330166359965,0.5649546827794562
BPIC17,duration,B_intake_g,logit,raw,9,946,0.6755505052820384,0.6141649048625792
BPIC17,duration,B_intake_g,logit,platt,0,929,0.3639375099084766,0.3078579117330463
BPIC17,duration,B_intake_g,logit,platt,1,962,0.4297418160775562,0.420997920997921
BPIC17,duration,B_intake_g,logit,platt,2,945,0.4689929438727584,0.45925925925925926
BPIC17,duration,B_intake_g,logit,platt,3,914,0.49106412051821213,0.45842450765864334
BPIC17,duration,B_intake_g,logit,platt,4,973,0.5053067620854711,0.4984583761562179
BPIC17,duration,B_intake_g,logit,platt,5,849,0.5215277053448965,0.525323910482921
BPIC17,duration,B_intake_g,logit,platt,6,1028,0.5377083199173195,0.5457198443579766
BPIC17,duration,B_intake_g,logit,platt,7,933,0.5495678097603044,0.5326902465166131
BPIC17,duration,B_intake_g,logit,platt,8,974,0.5666521454797725,0.5698151950718686
BPIC17,duration,B_intake_g,logit,platt,9,946,0.6195355181327602,0.6152219873150105
BPIC17,duration,B_intake_g,logit,isotonic,0,942,0.34937071574145584,0.3036093418259023
BPIC17,duration,B_intake_g,logit,isotonic,1,949,0.427348830946499,0.41938883034773444
BPIC17,duration,B_intake_g,logit,isotonic,2,925,0.46556735735327626,0.4648648648648649
BPIC17,duration,B_intake_g,logit,isotonic,3,885,0.4916375307035526,0.45310734463276836
BPIC17,duration,B_intake_g,logit,isotonic,4,878,0.5080454720965563,0.47494305239179957
BPIC17,duration,B_intake_g,logit,isotonic,5,965,0.5262104999219344,0.5378238341968912
BPIC17,duration,B_intake_g,logit,isotonic,6,997,0.5421877545687052,0.5426278836509528
BPIC17,duration,B_intake_g,logit,isotonic,7,962,0.5523987803082802,0.5446985446985447
BPIC17,duration,B_intake_g,logit,isotonic,8,930,0.569040817860194,0.567741935483871
BPIC17,duration,B_intake_g,logit,isotonic,9,1020,0.6206232388073242,0.6137254901960785
BPIC17,duration,B_intake_g,hgb,raw,0,942,0.33191309604903513,0.3386411889596603
BPIC17,duration,B_intake_g,hgb,raw,1,948,0.41668153494930527,0.40189873417721517
BPIC17,duration,B_intake_g,hgb,raw,2,828,0.4703800895010343,0.4420289855072464
BPIC17,duration,B_intake_g,hgb,raw,3,1005,0.4904696297867607,0.4527363184079602
BPIC17,duration,B_intake_g,hgb,raw,4,831,0.5138692126345765,0.5018050541516246
BPIC17,duration,B_intake_g,hgb,raw,5,994,0.5368192585725853,0.5492957746478874
BPIC17,duration,B_intake_g,hgb,raw,6,975,0.5535868591531135,0.558974358974359
BPIC17,duration,B_intake_g,hgb,raw,7,1039,0.5617574293757146,0.5004812319538018
BPIC17,duration,B_intake_g,hgb,raw,8,941,0.587536491696831,0.5664187035069076
BPIC17,duration,B_intake_g,hgb,raw,9,950,0.6443386942252307,0.6189473684210526
BPIC17,duration,B_intake_g,hgb,platt,0,946,0.3629324586156925,0.3118393234672304
BPIC17,duration,B_intake_g,hgb,platt,1,944,0.4289301470075359,0.4194915254237288
BPIC17,duration,B_intake_g,hgb,platt,2,917,0.47026917911456656,0.43838604143947657
BPIC17,duration,B_intake_g,hgb,platt,3,974,0.4976084132450241,0.47741273100616016
BPIC17,duration,B_intake_g,hgb,platt,4,811,0.5154712583088036,0.4562268803945746
BPIC17,duration,B_intake_g,hgb,platt,5,910,0.5265403713058157,0.5384615384615384
BPIC17,duration,B_intake_g,hgb,platt,6,1090,0.5405022371803947,0.5467889908256881
BPIC17,duration,B_intake_g,hgb,platt,7,912,0.5476741327805568,0.5592105263157895
BPIC17,duration,B_intake_g,hgb,platt,8,966,0.5598694006466677,0.5600414078674948
BPIC17,duration,B_intake_g,hgb,platt,9,983,0.6025260460818243,0.6154628687690743
BPIC17,duration,B_intake_g,hgb,isotonic,0,919,0.35195464066864973,0.31556039173014144
BPIC17,duration,B_intake_g,hgb,isotonic,1,972,0.41326578736950287,0.41358024691358025
BPIC17,duration,B_intake_g,hgb,isotonic,2,738,0.457725400579902,0.44850948509485095
BPIC17,duration,B_intake_g,hgb,isotonic,3,1105,0.4942610768121443,0.4606334841628959
BPIC17,duration,B_intake_g,hgb,isotonic,4,842,0.5184172178418514,0.4524940617577197
BPIC17,duration,B_intake_g,hgb,isotonic,5,1001,0.5343310847585379,0.5454545454545454
BPIC17,duration,B_intake_g,hgb,isotonic,7,1588,0.5492946867210226,0.5554156171284634
BPIC17,duration,B_intake_g,hgb,isotonic,8,1303,0.5605689772525317,0.5602455871066769
BPIC17,duration,B_intake_g,hgb,isotonic,9,985,0.6143593029990485,0.6081218274111675
BPIC14,duration,B_half,logit,raw,0,1259,0.13524343603245034,0.10325655281969817
BPIC14,duration,B_half,logit,raw,1,645,0.18439242119655275,0.18604651162790697
BPIC14,duration,B_half,logit,raw,2,2281,0.23697834430854928,0.22139412538360367
BPIC14,duration,B_half,logit,raw,3,1303,0.38096403070511675,0.30775134305448965
BPIC14,duration,B_half,logit,raw,4,1425,0.45911774331020494,0.4105263157894737
BPIC14,duration,B_half,logit,raw,5,1409,0.5431218435041106,0.43860894251242016
BPIC14,duration,B_half,logit,raw,6,1203,0.6156088741692716,0.484621778886118
BPIC14,duration,B_half,logit,raw,7,1625,0.6417624048798442,0.6006153846153847
BPIC14,duration,B_half,logit,raw,8,1384,0.7287005610853104,0.648121387283237
BPIC14,duration,B_half,logit,raw,9,1448,0.8433108467876689,0.800414364640884
BPIC14,duration,B_half,logit,platt,0,1205,0.15666774816193735,0.0954356846473029
BPIC14,duration,B_half,logit,platt,1,786,0.2067008841094207,0.19592875318066158
BPIC14,duration,B_half,logit,platt,2,2183,0.26166425946798116,0.21942281264315164
BPIC14,duration,B_half,logit,platt,3,1417,0.39844099331705396,0.29992942836979536
BPIC14,duration,B_half,logit,platt,4,1198,0.4720398988257783,0.4582637729549249
BPIC14,duration,B_half,logit,platt,5,1533,0.5397026584806237,0.4187866927592955
BPIC14,duration,B_half,logit,platt,6,1213,0.6000712030706223,0.4814509480626546
BPIC14,duration,B_half,logit,platt,7,1621,0.6286321349726939,0.6020974706971005
BPIC14,duration,B_half,logit,platt,8,1414,0.7032211949491999,0.6449787835926449
BPIC14,duration,B_half,logit,platt,9,1412,0.8108766686399788,0.8059490084985835
BPIC14,duration,B_half,logit,isotonic,0,1204,0.13558323360132277,0.09634551495016612
BPIC14,duration,B_half,logit,isotonic,1,566,0.18505481278717445,0.18374558303886926
BPIC14,duration,B_half,logit,isotonic,2,2308,0.24168808750351176,0.22270363951473138
BPIC14,duration,B_half,logit,isotonic,3,1513,0.38785714810580907,0.29345670852610706
BPIC14,duration,B_half,logit,isotonic,4,1369,0.4893273988221655,0.4550766983199416
BPIC14,duration,B_half,logit,isotonic,5,1427,0.5560591681652521,0.41205325858444286
BPIC14,duration,B_half,logit,isotonic,6,677,0.6166523596374499,0.5302806499261448
BPIC14,duration,B_half,logit,isotonic,7,2089,0.63578057722505,0.5619913834370512
BPIC14,duration,B_half,logit,isotonic,8,1401,0.6926278344377852,0.6316916488222698
BPIC14,duration,B_half,logit,isotonic,9,1428,0.817010654759762,0.8172268907563025
BPIC14,duration,B_half,hgb,raw,0,1137,0.11500572168404288,0.12137203166226913
BPIC14,duration,B_half,hgb,raw,1,845,0.1887614570550024,0.14792899408284024
BPIC14,duration,B_half,hgb,raw,2,2151,0.24548385020408106,0.21617852161785217
BPIC14,duration,B_half,hgb,raw,3,1199,0.3646073554551817,0.28690575479566305
BPIC14,duration,B_half,hgb,raw,4,1423,0.45771134156509574,0.43569922698524244
BPIC14,duration,B_half,hgb,raw,5,1356,0.5538308852912242,0.39085545722713866
BPIC14,duration,B_half,hgb,raw,6,1594,0.595746949132075,0.4987452948557089
BPIC14,duration,B_half,hgb,raw,7,1467,0.6372616043690957,0.6012269938650306
BPIC14,duration,B_half,hgb,raw,8,1295,0.7107639957227014,0.6640926640926641
BPIC14,duration,B_half,hgb,raw,9,1515,0.8489506534487392,0.801980198019802
BPIC14,duration,B_half,hgb,platt,0,1271,0.14923071458246256,0.08575924468922108
BPIC14,duration,B_half,hgb,platt,1,582,0.2180918834280785,0.20790378006872853
BPIC14,duration,B_half,hgb,platt,2,2312,0.26845014421814,0.21193771626297578
BPIC14,duration,B_half,hgb,platt,3,1377,0.4041117971502535,0.3202614379084967
BPIC14,duration,B_half,hgb,platt,4,1404,0.48062213847059915,0.4116809116809117
BPIC14,duration,B_half,hgb,platt,5,1442,0.5538814575099019,0.4986130374479889
BPIC14,duration,B_half,hgb,platt,6,1364,0.600561147258665,0.6019061583577713
BPIC14,duration,B_half,hgb,platt,7,1420,0.6256736506371565,0.4387323943661972
BPIC14,duration,B_half,hgb,platt,8,1376,0.6786926219220447,0.6896802325581395
BPIC14,duration,B_half,hgb,platt,9,1434,0.7890674618644253,0.7831241283124128
BPIC14,duration,B_half,hgb,isotonic,0,1300,0.13515060700231799,0.09384615384615384
BPIC14,duration,B_half,hgb,isotonic,1,615,0.1979715796905612,0.1821138211382114
BPIC14,duration,B_half,hgb,isotonic,2,2278,0.2521713450605982,0.2151009657594381
BPIC14,duration,B_half,hgb,isotonic,3,1303,0.38389367506813876,0.3231005372217959
BPIC14,duration,B_half,hgb,isotonic,4,1481,0.49342515309186097,0.424713031735314
BPIC14,duration,B_half,hgb,isotonic,5,925,0.5609422796951942,0.5081081081081081
BPIC14,duration,B_half,hgb,isotonic,6,1596,0.6015098386866299,0.40350877192982454
BPIC14,duration,B_half,hgb,isotonic,7,1446,0.6435021883195966,0.6065006915629322
BPIC14,duration,B_half,hgb,isotonic,8,1622,0.6840358835995128,0.657829839704069
BPIC14,duration,B_half,hgb,isotonic,9,1416,0.7794347610143268,0.806497175141243
BPIC14,duration,B_intake,logit,raw,0,1259,0.13481360508656437,0.10325655281969817
BPIC14,duration,B_intake,logit,raw,1,706,0.1861100000728995,0.19263456090651557
BPIC14,duration,B_intake,logit,raw,2,2144,0.23441414991258383,0.22574626865671643
BPIC14,duration,B_intake,logit,raw,3,1400,0.38040594219256313,0.2957142857142857
BPIC14,duration,B_intake,logit,raw,4,1408,0.4597504167999201,0.40980113636363635
BPIC14,duration,B_intake,logit,raw,5,1406,0.5427775165437629,0.44310099573257467
BPIC14,duration,B_intake,logit,raw,6,1143,0.6140638064796413,0.49431321084864394
BPIC14,duration,B_intake,logit,raw,7,1685,0.6373281535085259,0.5869436201780416
BPIC14,duration,B_intake,logit,raw,8,1416,0.7302216132639857,0.6419491525423728
BPIC14,duration,B_intake,logit,raw,9,1415,0.8439616814487587,0.8106007067137809
BPIC14,duration,B_intake,logit,platt,0,1183,0.15622101722334641,0.09467455621301775
BPIC14,duration,B_intake,logit,platt,1,812,0.20719229964346253,0.19088669950738915
BPIC14,duration,B_intake,logit,platt,2,2198,0.2626134924096804,0.2211101000909918
BPIC14,duration,B_intake,logit,platt,3,1356,0.3982670858645402,0.31563421828908556
BPIC14,duration,B_intake,logit,platt,4,1243,0.47102106076046574,0.4360418342719228
BPIC14,duration,B_intake,logit,platt,5,1542,0.5391947915355423,0.42153047989623865
BPIC14,duration,B_intake,logit,platt,6,1188,0.5997093793654459,0.48484848484848486
BPIC14,duration,B_intake,logit,platt,7,1632,0.6252719995390387,0.5968137254901961
BPIC14,duration,B_intake,logit,platt,8,1386,0.7025706293615284,0.6522366522366523
BPIC14,duration,B_intake,logit,platt,9,1442,0.8095409923836987,0.7954230235783634
BPIC14,duration,B_intake,logit,isotonic,0,1184,0.13607213075970584,0.09543918918918919
BPIC14,duration,B_intake,logit,isotonic,1,602,0.18315954982844798,0.18438538205980065
BPIC14,duration,B_intake,logit,isotonic,2,2274,0.2403756629040776,0.22031662269129287
BPIC14,duration,B_intake,logit,isotonic,3,1448,0.3848474059391934,0.292817679558011
BPIC14,duration,B_intake,logit,isotonic,4,1448,0.4886439417222688,0.4488950276243094
BPIC14,duration,B_intake,logit,isotonic,5,1392,0.5554968774545158,0.41954022988505746
BPIC14,duration,B_intake,logit,isotonic,6,702,0.6106065611225411,0.5256410256410257
BPIC14,duration,B_intake,logit,isotonic,7,2093,0.6332944544060422,0.5470616340181558
BPIC14,duration,B_intake,logit,isotonic,8,1411,0.6970087636557173,0.6435152374202693
BPIC14,duration,B_intake,logit,isotonic,9,1428,0.8178588326176119,0.8186274509803921
BPIC14,duration,B_intake,hgb,raw,0,1127,0.12480708078623245,0.11623779946761313
BPIC14,duration,B_intake,hgb,raw,1,873,0.1836824479805134,0.16151202749140894
BPIC14,duration,B_intake,hgb,raw,2,2144,0.2464865352682974,0.21315298507462688
BPIC14,duration,B_intake,hgb,raw,3,1257,0.3619138996987832,0.28957836117740654
BPIC14,duration,B_intake,hgb,raw,4,1410,0.46471676415858004,0.44468085106382976
BPIC14,duration,B_intake,hgb,raw,5,1545,0.5600371544108457,0.3935275080906149
BPIC14,duration,B_intake,hgb,raw,6,1258,0.5990770096891133,0.5127186009538951
BPIC14,duration,B_intake,hgb,raw,7,1536,0.630951053235424,0.5963541666666666
BPIC14,duration,B_intake,hgb,raw,8,1433,0.719705090785312,0.677599441730635
BPIC14,duration,B_intake,hgb,raw,9,1399,0.845797560004499,0.7962830593280915
BPIC14,duration,B_intake,hgb,platt,0,1365,0.15632778125296432,0.09743589743589744
BPIC14,duration,B_intake,hgb,platt,1,560,0.21649061541859305,0.19464285714285715
BPIC14,duration,B_intake,hgb,platt,2,2270,0.27116302779551954,0.21629955947136564
BPIC14,duration,B_intake,hgb,platt,3,1300,0.40485582335336834,0.32153846153846155
BPIC14,duration,B_intake,hgb,platt,4,1466,0.47683330881863006,0.4201909959072306
BPIC14,duration,B_intake,hgb,platt,5,1093,0.5459491855287999,0.5022872827081427
BPIC14,duration,B_intake,hgb,platt,6,1608,0.5926227093359222,0.4651741293532338
BPIC14,duration,B_intake,hgb,platt,7,1275,0.6220249925478798,0.5364705882352941
BPIC14,duration,B_intake,hgb,platt,8,1646,0.6759884054779791,0.6798298906439855
BPIC14,duration,B_intake,hgb,platt,9,1399,0.7898975726503692,0.7912794853466762
BPIC14,duration,B_intake,hgb,isotonic,0,1293,0.13726989016613855,0.08894044856921887
BPIC14,duration,B_intake,hgb,isotonic,1,565,0.1869304159485417,0.18230088495575222
BPIC14,duration,B_intake,hgb,isotonic,2,2310,0.24959330015490608,0.22251082251082252
BPIC14,duration,B_intake,hgb,isotonic,3,1332,0.3928929038231739,0.3138138138138138
BPIC14,duration,B_intake,hgb,isotonic,4,1313,0.4905459661332331,0.4204112718964204
BPIC14,duration,B_intake,hgb,isotonic,5,1175,0.5527693444698815,0.4978723404255319
BPIC14,duration,B_intake,hgb,isotonic,6,1781,0.607641377511614,0.4480628860190904
BPIC14,duration,B_intake,hgb,isotonic,7,1044,0.6402043866887065,0.5584291187739464
BPIC14,duration,B_intake,hgb,isotonic,8,1737,0.6787825605279475,0.6816350028785262
BPIC14,duration,B_intake,hgb,isotonic,9,1432,0.7771726074561248,0.7835195530726257
BPIC14,duration,B_intake_g,logit,raw,0,1231,0.13027516394273664,0.10073111291632819
BPIC14,duration,B_intake_g,logit,raw,1,806,0.18082250318544713,0.184863523573201
BPIC14,duration,B_intake_g,logit,raw,2,2158,0.23457774852034716,0.22103799814643188
BPIC14,duration,B_intake_g,logit,raw,3,1332,0.3767000497965103,0.3153153153153153
BPIC14,duration,B_intake_g,logit,raw,4,1303,0.4475799111298848,0.4044512663085188
BPIC14,duration,B_intake_g,logit,raw,5,1527,0.5314076582178298,0.4079895219384414
BPIC14,duration,B_intake_g,logit,raw,6,1363,0.5999167680266105,0.5898752751283932
BPIC14,duration,B_intake_g,logit,raw,7,1465,0.638023983058332,0.5112627986348123
BPIC14,duration,B_intake_g,logit,raw,8,1334,0.7388488726211352,0.671664167916042
BPIC14,duration,B_intake_g,logit,raw,9,1463,0.8465294508505733,0.82365003417635
BPIC14,duration,B_intake_g,logit,platt,0,1185,0.15567314021888015,0.09367088607594937
BPIC14,duration,B_intake_g,logit,platt,1,787,0.20445301082084946,0.18424396442185514
BPIC14,duration,B_intake_g,logit,platt,2,2205,0.25795923121057196,0.21859410430839002
BPIC14,duration,B_intake_g,logit,platt,3,1393,0.39120442022060964,0.3137114142139268
BPIC14,duration,B_intake_g,logit,platt,4,1421,0.467171173886794,0.3969035890218156
BPIC14,duration,B_intake_g,logit,platt,5,1392,0.53104656930105,0.4339080459770115
BPIC14,duration,B_intake_g,logit,platt,6,1337,0.5815229517060383,0.5818997756170531
BPIC14,duration,B_intake_g,logit,platt,7,1465,0.6191177040100888,0.5051194539249146
BPIC14,duration,B_intake_g,logit,platt,8,1328,0.7021225421414632,0.6890060240963856
BPIC14,duration,B_intake_g,logit,platt,9,1469,0.8073530633892334,0.8155207624234173
BPIC14,duration,B_intake_g,logit,isotonic,0,947,0.1230880826594945,0.10982048574445617
BPIC14,duration,B_intake_g,logit,isotonic,1,1850,0.19033705071673387,0.1508108108108108
BPIC14,duration,B_intake_g,logit,isotonic,2,1248,0.2602798922201434,0.26121794871794873
BPIC14,duration,B_intake_g,logit,isotonic,3,1365,0.3778315030077275,0.3018315018315018
BPIC14,duration,B_intake_g,logit,isotonic,4,1576,0.46950926328259557,0.399746192893401
BPIC14,duration,B_intake_g,logit,isotonic,5,1284,0.5419549970493736,0.4454828660436137
BPIC14,duration,B_intake_g,logit,isotonic,6,397,0.5937496945907342,0.48614609571788414
BPIC14,duration,B_intake_g,logit,isotonic,7,2457,0.6200569454122852,0.5413105413105413
BPIC14,duration,B_intake_g,logit,isotonic,8,1458,0.6964754261337379,0.6707818930041153
BPIC14,duration,B_intake_g,logit,isotonic,9,1400,0.8165313863970879,0.8214285714285714
BPIC14,duration,B_intake_g,hgb,raw,0,1038,0.11135582485353102,0.10308285163776493
BPIC14,duration,B_intake_g,hgb,raw,1,1015,0.179754098564108,0.17142857142857143
BPIC14,duration,B_intake_g,hgb,raw,2,2126,0.2394682213690578,0.2154280338664158
BPIC14,duration,B_intake_g,hgb,raw,3,858,0.3538733220271356,0.28554778554778554
BPIC14,duration,B_intake_g,hgb,raw,4,1851,0.44315236914743794,0.4073473797947056
BPIC14,duration,B_intake_g,hgb,raw,5,1262,0.5462667572656709,0.39144215530903326
BPIC14,duration,B_intake_g,hgb,raw,6,1633,0.5891325344797044,0.5431720759338641
BPIC14,duration,B_intake_g,hgb,raw,7,1374,0.6400170368982937,0.5414847161572053
BPIC14,duration,B_intake_g,hgb,raw,8,1387,0.7346446541402935,0.6834895457822638
BPIC14,duration,B_intake_g,hgb,raw,9,1438,0.8589872931884031,0.8087621696801113
BPIC14,duration,B_intake_g,hgb,platt,0,1343,0.15670473088713835,0.09233060312732688
BPIC14,duration,B_intake_g,hgb,platt,1,531,0.21327047379704445,0.18455743879472694
BPIC14,duration,B_intake_g,hgb,platt,2,2304,0.2613958633101141,0.22005208333333334
BPIC14,duration,B_intake_g,hgb,platt,3,1310,0.3946424043049465,0.31221374045801525
BPIC14,duration,B_intake_g,hgb,platt,4,1489,0.4658592125285256,0.4204163868368032
BPIC14,duration,B_intake_g,hgb,platt,5,1209,0.5372468336098306,0.48469809760132343
BPIC14,duration,B_intake_g,hgb,platt,6,1414,0.578810589684879,0.5466760961810466
BPIC14,duration,B_intake_g,hgb,platt,7,1584,0.6139311329391345,0.4861111111111111
BPIC14,duration,B_intake_g,hgb,platt,8,1349,0.6887506315393243,0.6671608598962194
BPIC14,duration,B_intake_g,hgb,platt,9,1449,0.7957239564172651,0.8150448585231194
BPIC14,duration,B_intake_g,hgb,isotonic,0,1339,0.13686397404431472,0.09260642270351008
BPIC14,duration,B_intake_g,hgb,isotonic,1,557,0.19370382662217497,0.18850987432675045
BPIC14,duration,B_intake_g,hgb,isotonic,2,2154,0.24202889235536515,0.2135561745589601
BPIC14,duration,B_intake_g,hgb,isotonic,3,1539,0.3844800233040348,0.31513970110461337
BPIC14,duration,B_intake_g,hgb,isotonic,4,1349,0.4771064252055866,0.4225352112676056
BPIC14,duration,B_intake_g,hgb,isotonic,5,906,0.5400481504838759,0.4878587196467991
BPIC14,duration,B_intake_g,hgb,isotonic,6,1290,0.5763615012728835,0.4108527131782946
BPIC14,duration,B_intake_g,hgb,isotonic,7,2020,0.6155675509071736,0.5594059405940595
BPIC14,duration,B_intake_g,hgb,isotonic,8,1427,0.702579080799728,0.6839523475823406
BPIC14,duration,B_intake_g,hgb,isotonic,9,1401,0.7984251340693598,0.8222698072805139
BPIC14,duration,B_intake_g_km,logit,raw,0,1385,0.057681368273175514,0.03898916967509025
BPIC14,duration,B_intake_g_km,logit,raw,1,1411,0.12638558022452984,0.11622962437987243
BPIC14,duration,B_intake_g_km,logit,raw,2,1397,0.23672807906919346,0.2040085898353615
BPIC14,duration,B_intake_g_km,logit,raw,3,1395,0.3647314313391569,0.35555555555555557
BPIC14,duration,B_intake_g_km,logit,raw,4,1402,0.45715157795303185,0.4572039942938659
BPIC14,duration,B_intake_g_km,logit,raw,5,1383,0.548973675448038,0.4699927693420101
BPIC14,duration,B_intake_g_km,logit,raw,6,1401,0.6085404323099866,0.4853675945753034
BPIC14,duration,B_intake_g_km,logit,raw,7,1388,0.686975489825442,0.6066282420749279
BPIC14,duration,B_intake_g_km,logit,raw,8,1417,0.7651106563063929,0.6930134086097389
BPIC14,duration,B_intake_g_km,logit,raw,9,1403,0.8906772054381117,0.8410548823948681
BPIC14,duration,B_intake_g_km,logit,platt,0,1372,0.08643937299316769,0.04227405247813411
BPIC14,duration,B_intake_g_km,logit,platt,1,1415,0.16552826741065,0.10530035335689046
BPIC14,duration,B_intake_g_km,logit,platt,2,1408,0.277127548899189,0.23508522727272727
BPIC14,duration,B_intake_g_km,logit,platt,3,1393,0.39844627658068615,0.3316582914572864
BPIC14,duration,B_intake_g_km,logit,platt,4,1403,0.46790113696289254,0.4647184604419102
BPIC14,duration,B_intake_g_km,logit,platt,5,1243,0.5350170028077988,0.47304907481898634
BPIC14,duration,B_intake_g_km,logit,platt,6,1553,0.5816899616906862,0.4687701223438506
BPIC14,duration,B_intake_g_km,logit,platt,7,1396,0.6467679709308771,0.6067335243553008
BPIC14,duration,B_intake_g_km,logit,platt,8,1385,0.7153802820907871,0.6866425992779783
BPIC14,duration,B_intake_g_km,logit,platt,9,1414,0.846322578006454,0.8543140028288543
BPIC14,duration,B_intake_g_km,logit,isotonic,0,1251,0.06456049644517763,0.03916866506794564
BPIC14,duration,B_intake_g_km,logit,isotonic,1,1475,0.13398645936898093,0.10576271186440678
BPIC14,duration,B_intake_g_km,logit,isotonic,2,1449,0.26256786544807853,0.2194616977225673
BPIC14,duration,B_intake_g_km,logit,isotonic,3,1409,0.42766332654177264,0.32505322924059615
BPIC14,duration,B_intake_g_km,logit,isotonic,4,1338,0.4977158781449992,0.4588938714499253
BPIC14,duration,B_intake_g_km,logit,isotonic,5,1387,0.5570872648912375,0.4974765681326604
BPIC14,duration,B_intake_g_km,logit,isotonic,6,1461,0.587621277455247,0.5051334702258727
BPIC14,duration,B_intake_g_km,logit,isotonic,7,1030,0.6266580244958799,0.5242718446601942
BPIC14,duration,B_intake_g_km,logit,isotonic,8,1783,0.6844778392332115,0.6819966348850253
BPIC14,duration,B_intake_g_km,logit,isotonic,9,1399,0.852217178449518,0.854181558255897
BPIC14,duration,B_intake_g_km,hgb,raw,0,1398,0.05685390589004378,0.05007153075822604
BPIC14,duration,B_intake_g_km,hgb,raw,1,1399,0.12089294484449967,0.11079342387419586
BPIC14,duration,B_intake_g_km,hgb,raw,2,1380,0.2438681047696496,0.21884057971014492
BPIC14,duration,B_intake_g_km,hgb,raw,3,1414,0.3831264812953772,0.3451202263083451
BPIC14,duration,B_intake_g_km,hgb,raw,4,1390,0.48135706010643764,0.43597122302158275
BPIC14,duration,B_intake_g_km,hgb,raw,5,1326,0.5636232691598079,0.5226244343891403
BPIC14,duration,B_intake_g_km,hgb,raw,6,1480,0.6072941090513997,0.44054054054054054
BPIC14,duration,B_intake_g_km,hgb,raw,7,1324,0.6765256114355678,0.6351963746223565
BPIC14,duration,B_intake_g_km,hgb,raw,8,1434,0.7691573160434673,0.6889818688981869
BPIC14,duration,B_intake_g_km,hgb,raw,9,1437,0.8845775451045382,0.8204592901878914
BPIC14,duration,B_intake_g_km,hgb,platt,0,1323,0.08437353675616346,0.044595616024187455
BPIC14,duration,B_intake_g_km,hgb,platt,1,1455,0.15953699965105267,0.10103092783505155
BPIC14,duration,B_intake_g_km,hgb,platt,2,1412,0.2856723040773786,0.21529745042492918
BPIC14,duration,B_intake_g_km,hgb,platt,3,1397,0.41394203891393744,0.34001431639226914
BPIC14,duration,B_intake_g_km,hgb,platt,4,1403,0.48667438177938377,0.43264433357091947
BPIC14,duration,B_intake_g_km,hgb,platt,5,1398,0.5473295757734777,0.5035765379113019
BPIC14,duration,B_intake_g_km,hgb,platt,6,1243,0.5854341143839485,0.48431214802896216
BPIC14,duration,B_intake_g_km,hgb,platt,7,1412,0.6389102141878485,0.6012747875354107
BPIC14,duration,B_intake_g_km,hgb,platt,8,1536,0.7016838731791939,0.681640625
BPIC14,duration,B_intake_g_km,hgb,platt,9,1403,0.8264750236049418,0.8410548823948681
BPIC14,duration,B_intake_g_km,hgb,isotonic,0,1323,0.06917159196215242,0.04157218442932729
BPIC14,duration,B_intake_g_km,hgb,isotonic,1,1401,0.1473011061156583,0.10492505353319058
BPIC14,duration,B_intake_g_km,hgb,isotonic,2,1466,0.2716569792359736,0.21145975443383355
BPIC14,duration,B_intake_g_km,hgb,isotonic,3,1389,0.42293247759021096,0.3441324694024478
BPIC14,duration,B_intake_g_km,hgb,isotonic,4,1409,0.49339570222322277,0.4237047551454933
BPIC14,duration,B_intake_g_km,hgb,isotonic,5,1396,0.5491348795983814,0.48495702005730656
BPIC14,duration,B_intake_g_km,hgb,isotonic,6,1403,0.596541563643788,0.4982181040627227
BPIC14,duration,B_intake_g_km,hgb,isotonic,7,1326,0.6511369225543508,0.6138763197586727
BPIC14,duration,B_intake_g_km,hgb,isotonic,8,1468,0.6967797564626023,0.6934604904632152
BPIC14,duration,B_intake_g_km,hgb,isotonic,9,1401,0.8201279637639529,0.841541755888651
Helpdesk,duration,B_half,logit,raw,0,134,0.2168344621186965,0.3880597014925373
Helpdesk,duration,B_half,logit,raw,1,133,0.2776715150195758,0.43609022556390975
Helpdesk,duration,B_half,logit,raw,2,145,0.30595139164600804,0.3448275862068966
Helpdesk,duration,B_half,logit,raw,3,23,0.3256022808211242,0.30434782608695654
Helpdesk,duration,B_half,logit,raw,4,252,0.34158748454135834,0.2976190476190476
Helpdesk,duration,B_half,logit,raw,5,135,0.4074545473662018,0.43703703703703706
Helpdesk,duration,B_half,logit,raw,6,140,0.5088880877238378,0.44285714285714284
Helpdesk,duration,B_half,logit,raw,7,134,0.6701429222847192,0.6194029850746269
Helpdesk,duration,B_half,logit,raw,8,140,0.735315521125566,0.6142857142857143
Helpdesk,duration,B_half,logit,raw,9,138,0.8290232847211477,0.6376811594202898
Helpdesk,duration,B_half,logit,platt,0,135,0.26691971580009155,0.3925925925925926
Helpdesk,duration,B_half,logit,platt,1,134,0.31232626388273876,0.44776119402985076
Helpdesk,duration,B_half,logit,platt,2,140,0.33113627095140996,0.32857142857142857
Helpdesk,duration,B_half,logit,platt,3,141,0.35308972681350864,0.2553191489361702
Helpdesk,duration,B_half,logit,platt,4,134,0.36950411773237335,0.30597014925373134
Helpdesk,duration,B_half,logit,platt,5,100,0.4031063259010652,0.39
Helpdesk,duration,B_half,logit,platt,6,178,0.4788586760996171,0.4550561797752809
Helpdesk,duration,B_half,logit,platt,7,134,0.6503067738674644,0.664179104477612
Helpdesk,duration,B_half,logit,platt,8,140,0.7034555434312929,0.6142857142857143
Helpdesk,duration,B_half,logit,platt,9,138,0.7825965595281024,0.644927536231884
Helpdesk,duration,B_half,logit,isotonic,0,133,0.3013975723840995,0.41353383458646614
Helpdesk,duration,B_half,logit,isotonic,1,133,0.31579144783501595,0.41353383458646614
Helpdesk,duration,B_half,logit,isotonic,3,282,0.3244328092783086,0.2907801418439716
Helpdesk,duration,B_half,logit,isotonic,4,28,0.32886879030140354,0.17857142857142858
Helpdesk,duration,B_half,logit,isotonic,5,200,0.33736836228478934,0.38
Helpdesk,duration,B_half,logit,isotonic,6,182,0.41403252200691987,0.4340659340659341
Helpdesk,duration,B_half,logit,isotonic,7,140,0.6897274214845193,0.6714285714285714
Helpdesk,duration,B_half,logit,isotonic,8,129,0.7420258456274292,0.627906976744186
Helpdesk,duration,B_half,logit,isotonic,9,147,0.8156461100209365,0.6326530612244898
Helpdesk,duration,B_half,hgb,raw,0,135,0.13022623298369465,0.34814814814814815
Helpdesk,duration,B_half,hgb,raw,1,139,0.2044969275015996,0.302158273381295
Helpdesk,duration,B_half,hgb,raw,2,131,0.2721026806953013,0.3969465648854962
Helpdesk,duration,B_half,hgb,raw,3,141,0.3171378742189648,0.46808510638297873
Helpdesk,duration,B_half,hgb,raw,4,141,0.42631177435268997,0.4397163120567376
Helpdesk,duration,B_half,hgb,raw,5,110,0.6122302255623658,0.5727272727272728
Helpdesk,duration,B_half,hgb,raw,7,301,0.6845090992726862,0.3853820598006645
Helpdesk,duration,B_half,hgb,raw,8,89,0.7823743568302488,0.5955056179775281
Helpdesk,duration,B_half,hgb,raw,9,187,0.8939690307021146,0.6363636363636364
Helpdesk,duration,B_half,hgb,platt,0,137,0.2983668358007231,0.3722627737226277
Helpdesk,duration,B_half,hgb,platt,1,132,0.34430595017934273,0.4696969696969697
Helpdesk,duration,B_half,hgb,platt,2,143,0.3759102941928235,0.34965034965034963
Helpdesk,duration,B_half,hgb,platt,3,12,0.3880944400818169,0.16666666666666666
Helpdesk,duration,B_half,hgb,platt,4,262,0.4004915942078857,0.3549618320610687
Helpdesk,duration,B_half,hgb,platt,5,136,0.45159295868060445,0.375
Helpdesk,duration,B_half,hgb,platt,6,138,0.4907404723489453,0.41304347826086957
Helpdesk,duration,B_half,hgb,platt,7,139,0.5702769945233703,0.49640287769784175
Helpdesk,duration,B_half,hgb,platt,8,135,0.6798475592736956,0.7111111111111111
Helpdesk,duration,B_half,hgb,platt,9,140,0.7616626690537269,0.6357142857142857
Helpdesk,duration,B_half,hgb,isotonic,0,95,0.28511065207496306,0.37894736842105264
Helpdesk,duration,B_half,hgb,isotonic,1,154,0.3212009145663258,0.35714285714285715
Helpdesk,duration,B_half,hgb,isotonic,2,159,0.3298915949551193,0.32075471698113206
Helpdesk,duration,B_half,hgb,isotonic,3,105,0.3394427844850249,0.42857142857142855
Helpdesk,duration,B_half,hgb,isotonic,4,173,0.36248750793728163,0.4161849710982659
Helpdesk,duration,B_half,hgb,isotonic,5,101,0.41025181475215977,0.44554455445544555
Helpdesk,duration,B_half,hgb,isotonic,6,171,0.44330657305590854,0.3684210526315789
Helpdesk,duration,B_half,hgb,isotonic,7,139,0.5681319426659501,0.5251798561151079
Helpdesk,duration,B_half,hgb,isotonic,8,132,0.7223924689027056,0.6287878787878788
Helpdesk,duration,B_half,hgb,isotonic,9,145,0.7996498279805108,0.6689655172413793
Helpdesk,duration,B_intake,logit,raw,0,137,0.21073324117173636,0.3722627737226277
Helpdesk,duration,B_intake,logit,raw,1,137,0.2805581860630097,0.4306569343065693
Helpdesk,duration,B_intake,logit,raw,2,136,0.3061698367047125,0.3382352941176471
Helpdesk,duration,B_intake,logit,raw,3,64,0.33176492024063176,0.359375
Helpdesk,duration,B_intake,logit,raw,4,213,0.348366762456583,0.29107981220657275
Helpdesk,duration,B_intake,logit,raw,5,137,0.41232993812446705,0.40875912408759124
Helpdesk,duration,B_intake,logit,raw,6,138,0.5171985172794078,0.45652173913043476
Helpdesk,duration,B_intake,logit,raw,7,135,0.6701251490181558,0.6592592592592592
Helpdesk,duration,B_intake,logit,raw,8,139,0.7361409513089222,0.6187050359712231
Helpdesk,duration,B_intake,logit,raw,9,138,0.8329958609609444,0.6159420289855072
Helpdesk,duration,B_intake,logit,platt,0,136,0.26606435051578314,0.3602941176470588
Helpdesk,duration,B_intake,logit,platt,1,111,0.31966835404327537,0.5135135135135135
Helpdesk,duration,B_intake,logit,platt,2,156,0.33623415205914836,0.34615384615384615
Helpdesk,duration,B_intake,logit,platt,3,147,0.36159354508682257,0.24489795918367346
Helpdesk,duration,B_intake,logit,platt,4,136,0.3772918280803958,0.3161764705882353
Helpdesk,duration,B_intake,logit,platt,5,129,0.4161776664827693,0.35658914728682173
Helpdesk,duration,B_intake,logit,platt,6,147,0.49001891080707577,0.4897959183673469
Helpdesk,duration,B_intake,logit,platt,7,137,0.6416464859878108,0.656934306569343
Helpdesk,duration,B_intake,logit,platt,8,137,0.6943376469403347,0.635036496350365
Helpdesk,duration,B_intake,logit,platt,9,138,0.7762916722981442,0.6231884057971014
Helpdesk,duration,B_intake,logit,isotonic,0,131,0.28658840882859077,0.33587786259541985
Helpdesk,duration,B_intake,logit,isotonic,1,142,0.3255080137732467,0.44366197183098594
Helpdesk,duration,B_intake,logit,isotonic,2,38,0.3344339569926601,0.3684210526315789
Helpdesk,duration,B_intake,logit,isotonic,4,363,0.33723284844004037,0.30303030303030304
Helpdesk,duration,B_intake,logit,isotonic,5,149,0.34861721009978947,0.4563758389261745
Helpdesk,duration,B_intake,logit,isotonic,6,136,0.44234372466793836,0.4117647058823529
Helpdesk,duration,B_intake,logit,isotonic,7,127,0.6710877851456056,0.6535433070866141
Helpdesk,duration,B_intake,logit,isotonic,8,148,0.7420658305493623,0.6351351351351351
Helpdesk,duration,B_intake,logit,isotonic,9,140,0.8108255112145106,0.6285714285714286
Helpdesk,duration,B_intake,hgb,raw,0,117,0.10887949591707188,0.3504273504273504
Helpdesk,duration,B_intake,hgb,raw,1,158,0.2172701955361626,0.34177215189873417
Helpdesk,duration,B_intake,hgb,raw,2,129,0.26639837924956444,0.4186046511627907
Helpdesk,duration,B_intake,hgb,raw,3,139,0.31346207149477795,0.381294964028777
Helpdesk,duration,B_intake,hgb,raw,4,144,0.3908266026040954,0.4652777777777778
Helpdesk,duration,B_intake,hgb,raw,5,98,0.5403503142857982,0.41836734693877553
Helpdesk,duration,B_intake,hgb,raw,6,146,0.5995162473002722,0.3356164383561644
Helpdesk,duration,B_intake,hgb,raw,7,167,0.6840040207281163,0.49101796407185627
Helpdesk,duration,B_intake,hgb,raw,8,134,0.8271065511105539,0.6194029850746269
Helpdesk,duration,B_intake,hgb,raw,9,142,0.9197745241599882,0.676056338028169
Helpdesk,duration,B_intake,hgb,platt,0,136,0.30575978386301433,0.3235294117647059
Helpdesk,duration,B_intake,hgb,platt,1,138,0.36296594428270373,0.47101449275362317
Helpdesk,duration,B_intake,hgb,platt,2,128,0.3936150604041226,0.328125
Helpdesk,duration,B_intake,hgb,platt,3,147,0.4205539896451818,0.4421768707482993
Helpdesk,duration,B_intake,hgb,platt,4,111,0.44898557386022925,0.3963963963963964
Helpdesk,duration,B_intake,hgb,platt,5,141,0.45962801589395524,0.3262411347517731
Helpdesk,duration,B_intake,hgb,platt,6,157,0.48373596555158077,0.3503184713375796
Helpdesk,duration,B_intake,hgb,platt,7,139,0.5406053812325142,0.5251798561151079
Helpdesk,duration,B_intake,hgb,platt,8,139,0.6346015603568215,0.6187050359712231
Helpdesk,duration,B_intake,hgb,platt,9,138,0.7283255986680865,0.7246376811594203
Helpdesk,duration,B_intake,hgb,isotonic,0,77,0.2884998254650935,0.38961038961038963
Helpdesk,duration,B_intake,hgb,isotonic,1,193,0.33017723982920316,0.40932642487046633
Helpdesk,duration,B_intake,hgb,isotonic,2,99,0.34502976540768554,0.36363636363636365
Helpdesk,duration,B_intake,hgb,isotonic,3,180,0.35882690905814707,0.2722222222222222
Helpdesk,duration,B_intake,hgb,isotonic,4,86,0.3832550714726082,0.3488372093023256
Helpdesk,duration,B_intake,hgb,isotonic,5,179,0.412910076974772,0.44692737430167595
Helpdesk,duration,B_intake,hgb,isotonic,6,148,0.46001366354756157,0.4391891891891892
Helpdesk,duration,B_intake,hgb,isotonic,7,132,0.5242697700094289,0.4772727272727273
Helpdesk,duration,B_intake,hgb,isotonic,8,142,0.6553218512968015,0.6197183098591549
Helpdesk,duration,B_intake,hgb,isotonic,9,138,0.7854434529089288,0.7246376811594203
Helpdesk,duration,B_intake_g,logit,raw,0,138,0.21456441559480202,0.38405797101449274
Helpdesk,duration,B_intake_g,logit,raw,1,133,0.2843708872229478,0.38345864661654133
Helpdesk,duration,B_intake_g,logit,raw,2,135,0.3156415014778004,0.3851851851851852
Helpdesk,duration,B_intake_g,logit,raw,3,139,0.34042291051774076,0.302158273381295
Helpdesk,duration,B_intake_g,logit,raw,4,142,0.38758109869094415,0.3380281690140845
Helpdesk,duration,B_intake_g,logit,raw,5,135,0.4411891266769463,0.34074074074074073
Helpdesk,duration,B_intake_g,logit,raw,6,140,0.5435127621708202,0.4785714285714286
Helpdesk,duration,B_intake_g,logit,raw,7,134,0.6801982528657592,0.6567164179104478
Helpdesk,duration,B_intake_g,logit,raw,8,131,0.7577110820864227,0.6259541984732825
Helpdesk,duration,B_intake_g,logit,raw,9,147,0.8418720423299648,0.6190476190476191
Helpdesk,duration,B_intake_g,logit,platt,0,137,0.3585331703269182,0.35036496350364965
Helpdesk,duration,B_intake_g,logit,platt,1,133,0.39721735829581833,0.42105263157894735
Helpdesk,duration,B_intake_g,logit,platt,2,113,0.4111001387566409,0.336283185840708
Helpdesk,duration,B_intake_g,logit,platt,3,164,0.4283913933463865,0.2926829268292683
Helpdesk,duration,B_intake_g,logit,platt,4,140,0.4532329798400376,0.37142857142857144
Helpdesk,duration,B_intake_g,logit,platt,5,136,0.4906156039663018,0.375
Helpdesk,duration,B_intake_g,logit,platt,6,138,0.5459856221248545,0.4855072463768116
Helpdesk,duration,B_intake_g,logit,platt,7,138,0.6124376841619917,0.6086956521739131
Helpdesk,duration,B_intake_g,logit,platt,8,132,0.657000511740291,0.6439393939393939
Helpdesk,duration,B_intake_g,logit,platt,9,143,0.7188449298669615,0.6363636363636364
Helpdesk,duration,B_intake_g,logit,isotonic,0,46,0.3333990023951654,0.30434782608695654
Helpdesk,duration,B_intake_g,logit,isotonic,1,229,0.3816714019590294,0.3930131004366812
Helpdesk,duration,B_intake_g,logit,isotonic,2,2,0.38758420422642004,0.5
Helpdesk,duration,B_intake_g,logit,isotonic,3,273,0.3944976723187114,0.304029304029304
Helpdesk,duration,B_intake_g,logit,isotonic,4,127,0.4181981726448707,0.3700787401574803
Helpdesk,duration,B_intake_g,logit,isotonic,5,147,0.45139648363479157,0.41496598639455784
Helpdesk,duration,B_intake_g,logit,isotonic,6,123,0.5367138585515044,0.4634146341463415
Helpdesk,duration,B_intake_g,logit,isotonic,7,141,0.647930507170571,0.6170212765957447
Helpdesk,duration,B_intake_g,logit,isotonic,8,147,0.710415090240359,0.6462585034013606
Helpdesk,duration,B_intake_g,logit,isotonic,9,139,0.8009879913595944,0.6115107913669064
Helpdesk,duration,B_intake_g,hgb,raw,0,138,0.0749922689223189,0.391304347826087
Helpdesk,duration,B_intake_g,hgb,raw,1,136,0.1742760540788634,0.40441176470588236
Helpdesk,duration,B_intake_g,hgb,raw,2,136,0.238859749496812,0.3235294117647059
Helpdesk,duration,B_intake_g,hgb,raw,3,83,0.2784699266992318,0.26506024096385544
Helpdesk,duration,B_intake_g,hgb,raw,4,192,0.3229088362446894,0.3854166666666667
Helpdesk,duration,B_intake_g,hgb,raw,5,122,0.3954783373285973,0.3524590163934426
Helpdesk,duration,B_intake_g,hgb,raw,6,153,0.4661106305479199,0.43137254901960786
Helpdesk,duration,B_intake_g,hgb,raw,7,138,0.6666359149542129,0.572463768115942
Helpdesk,duration,B_intake_g,hgb,raw,8,128,0.8466800671035726,0.6640625
Helpdesk,duration,B_intake_g,hgb,raw,9,148,0.9368221720809058,0.6621621621621622
Helpdesk,duration,B_intake_g,hgb,platt,0,138,0.3937206031431517,0.34057971014492755
Helpdesk,duration,B_intake_g,hgb,platt,1,136,0.43228117082717893,0.40441176470588236
Helpdesk,duration,B_intake_g,hgb,platt,2,133,0.44798998066317997,0.45112781954887216
Helpdesk,duration,B_intake_g,hgb,platt,3,141,0.46075444155855805,0.3191489361702128
Helpdesk,duration,B_intake_g,hgb,platt,4,136,0.4798285437972652,0.35294117647058826
Helpdesk,duration,B_intake_g,hgb,platt,5,122,0.4928500856692935,0.4016393442622951
Helpdesk,duration,B_intake_g,hgb,platt,6,153,0.506218153979758,0.39869281045751637
Helpdesk,duration,B_intake_g,hgb,platt,7,137,0.5466419338939505,0.48175182481751827
Helpdesk,duration,B_intake_g,hgb,platt,8,140,0.6204190622629733,0.6714285714285714
Helpdesk,duration,B_intake_g,hgb,platt,9,138,0.6798673338455236,0.6884057971014492
Helpdesk,duration,B_intake_g,hgb,isotonic,0,120,0.37314699950693864,0.35833333333333334
Helpdesk,duration,B_intake_g,hgb,isotonic,2,242,0.3838236376028665,0.3884297520661157
Helpdesk,duration,B_intake_g,hgb,isotonic,3,177,0.39609410348888774,0.3220338983050847
Helpdesk,duration,B_intake_g,hgb,isotonic,4,140,0.42002158339763757,0.4357142857142857
Helpdesk,duration,B_intake_g,hgb,isotonic,5,144,0.4486350194603043,0.4444444444444444
Helpdesk,duration,B_intake_g,hgb,isotonic,6,136,0.4771030593106572,0.375
Helpdesk,duration,B_intake_g,hgb,isotonic,7,139,0.567828966177306,0.5035971223021583
Helpdesk,duration,B_intake_g,hgb,isotonic,8,138,0.7068444741386826,0.644927536231884
Helpdesk,duration,B_intake_g,hgb,isotonic,9,138,0.801525444604956,0.6594202898550725
Sepsis,duration,B_half,logit,raw,0,3,0.01397500255230937,0.0
Sepsis,duration,B_half,logit,raw,1,60,0.022617893707889945,0.0
Sepsis,duration,B_half,logit,raw,2,32,0.2309664851800911,0.34375
Sepsis,duration,B_half,logit,raw,3,27,0.49239351099028256,0.48148148148148145
Sepsis,duration,B_half,logit,raw,4,35,0.5729877026190968,0.4
Sepsis,duration,B_half,logit,raw,5,25,0.6250165640919549,0.56
Sepsis,duration,B_half,logit,raw,6,32,0.6677963801226339,0.59375
Sepsis,duration,B_half,logit,raw,7,38,0.7106660942307602,0.6052631578947368
Sepsis,duration,B_half,logit,raw,8,31,0.7478788982246736,0.6129032258064516
Sepsis,duration,B_half,logit,raw,9,32,0.8224368671283463,0.84375
Sepsis,duration,B_half,logit,platt,0,3,0.024096887397525565,0.0
Sepsis,duration,B_half,logit,platt,1,60,0.038645789303209895,0.0
Sepsis,duration,B_half,logit,platt,2,31,0.2617483386281874,0.3225806451612903
Sepsis,duration,B_half,logit,platt,3,32,0.5148017792534584,0.53125
Sepsis,duration,B_half,logit,platt,4,31,0.5884795563368499,0.3548387096774194
Sepsis,duration,B_half,logit,platt,5,28,0.6342231457419466,0.5357142857142857
Sepsis,duration,B_half,logit,platt,6,34,0.6731912212600825,0.6470588235294118
Sepsis,duration,B_half,logit,platt,7,23,0.7021882821404554,0.6086956521739131
Sepsis,duration,B_half,logit,platt,8,39,0.7312006453890765,0.6410256410256411
Sepsis,duration,B_half,logit,platt,9,34,0.7949133140358547,0.7647058823529411
Sepsis,duration,B_half,logit,isotonic,1,60,0.0,0.0
Sepsis,duration,B_half,logit,isotonic,2,33,0.23948291904857194,0.30303030303030304
Sepsis,duration,B_half,logit,isotonic,3,33,0.5576957431099956,0.48484848484848486
Sepsis,duration,B_half,logit,isotonic,4,15,0.6132374335584349,0.4
Sepsis,duration,B_half,logit,isotonic,5,47,0.6511712408839184,0.5319148936170213
Sepsis,duration,B_half,logit,isotonic,6,3,0.6847431240269849,0.6666666666666666
Sepsis,duration,B_half,logit,isotonic,9,124,0.7185778178490937,0.6532258064516129
Sepsis,duration,B_half,hgb,raw,0,5,8.727317459363708e-05,0.0
Sepsis,duration,B_half,hgb,raw,1,58,0.0003782565080404127,0.0
Sepsis,duration,B_half,hgb,raw,2,32,0.05769724700076814,0.25
Sepsis,duration,B_half,hgb,raw,3,31,0.22920702780214444,0.6774193548387096
Sepsis,duration,B_half,hgb,raw,4,31,0.520695986656523,0.5806451612903226
Sepsis,duration,B_half,hgb,raw,5,21,0.5861760473713742,0.5238095238095238
Sepsis,duration,B_half,hgb,raw,6,39,0.6885773784288141,0.38461538461538464
Sepsis,duration,B_half,hgb,raw,7,32,0.7798557384673426,0.5625
Sepsis,duration,B_half,hgb,raw,8,32,0.8550012193057639,0.71875
Sepsis,duration,B_half,hgb,raw,9,34,0.9189872110990036,0.7647058823529411
Sepsis,duration,B_half,hgb,platt,0,24,0.05317935711268592,0.0
Sepsis,duration,B_half,hgb,platt,1,39,0.10122689896033155,0.0
Sepsis,duration,B_half,hgb,platt,2,32,0.32541792368526135,0.375
Sepsis,duration,B_half,hgb,platt,3,31,0.5512050017180607,0.3870967741935484
Sepsis,duration,B_half,hgb,platt,4,24,0.6089336013137266,0.625
Sepsis,duration,B_half,hgb,platt,5,35,0.6252014430833551,0.5142857142857142
Sepsis,duration,B_half,hgb,platt,6,35,0.6422269962281157,0.4857142857142857
Sepsis,duration,B_half,hgb,platt,7,31,0.6732202986293818,0.6774193548387096
Sepsis,duration,B_half,hgb,platt,8,32,0.698507693151114,0.59375
Sepsis,duration,B_half,hgb,platt,9,32,0.7600458144945466,0.8125
Sepsis,duration,B_half,hgb,isotonic,0,4,0.002425171354918792,0.0
Sepsis,duration,B_half,hgb,isotonic,1,59,0.027323617646849388,0.0
Sepsis,duration,B_half,hgb,isotonic,2,32,0.3142393263869796,0.3125
Sepsis,duration,B_half,hgb,isotonic,3,29,0.5817971152425312,0.4827586206896552
Sepsis,duration,B_half,hgb,isotonic,4,28,0.6207918815592893,0.6071428571428571
Sepsis,duration,B_half,hgb,isotonic,5,36,0.6431950570294013,0.3611111111111111
Sepsis,duration,B_half,hgb,isotonic,6,26,0.663788128642547,0.6538461538461539
Sepsis,duration,B_half,hgb,isotonic,7,38,0.6848985047023223,0.5526315789473685
Sepsis,duration,B_half,hgb,isotonic,9,63,0.7355001259763163,0.7619047619047619
Sepsis,duration,B_intake,logit,raw,0,32,0.009322111527019495,0.0
Sepsis,duration,B_intake,logit,raw,1,31,0.02285792621935958,0.0
Sepsis,duration,B_intake,logit,raw,2,32,0.1731163219772469,0.34375
Sepsis,duration,B_intake,logit,raw,3,31,0.4103681978015312,0.5161290322580645
Sepsis,duration,B_intake,logit,raw,4,31,0.5305247999869857,0.3548387096774194
Sepsis,duration,B_intake,logit,raw,5,32,0.6201702607291406,0.46875
Sepsis,duration,B_intake,logit,raw,6,31,0.6950745066719703,0.7419354838709677
Sepsis,duration,B_intake,logit,raw,7,32,0.7487908291998033,0.59375
Sepsis,duration,B_intake,logit,raw,8,31,0.8052098940990376,0.6129032258064516
Sepsis,duration,B_intake,logit,raw,9,32,0.8991809181088082,0.8125
Sepsis,duration,B_intake,logit,platt,0,32,0.021161995664749793,0.0
Sepsis,duration,B_intake,logit,platt,1,31,0.046273611220993244,0.0
Sepsis,duration,B_intake,logit,platt,2,32,0.22239241265517176,0.34375
Sepsis,duration,B_intake,logit,platt,3,31,0.4504494856256549,0.4838709677419355
Sepsis,duration,B_intake,logit,platt,4,31,0.5473574415179742,0.3548387096774194
Sepsis,duration,B_intake,logit,platt,5,31,0.6226982617831651,0.5161290322580645
Sepsis,duration,B_intake,logit,platt,6,32,0.6808979542924483,0.75
Sepsis,duration,B_intake,logit,platt,7,32,0.7321999250191785,0.59375
Sepsis,duration,B_intake,logit,platt,8,31,0.7810362616215119,0.5806451612903226
Sepsis,duration,B_intake,logit,platt,9,32,0.8735201651550598,0.8125
Sepsis,duration,B_intake,logit,isotonic,2,95,0.07083944826347599,0.1368421052631579
Sepsis,duration,B_intake,logit,isotonic,3,30,0.4994902771460609,0.4
Sepsis,duration,B_intake,logit,isotonic,4,32,0.5743283920497515,0.375
Sepsis,duration,B_intake,logit,isotonic,5,30,0.6187646002194378,0.5666666666666667
Sepsis,duration,B_intake,logit,isotonic,6,31,0.652477353382283,0.6774193548387096
Sepsis,duration,B_intake,logit,isotonic,7,34,0.7163870648865297,0.5882352941176471
Sepsis,duration,B_intake,logit,isotonic,8,31,0.7900627196043832,0.6129032258064516
Sepsis,duration,B_intake,logit,isotonic,9,32,0.8940755817304764,0.8125
Sepsis,duration,B_intake,hgb,raw,0,32,4.253733346395115e-05,0.0
Sepsis,duration,B_intake,hgb,raw,1,30,0.00031969061033202474,0.0
Sepsis,duration,B_intake,hgb,raw,2,33,0.03591067154454421,0.36363636363636365
Sepsis,duration,B_intake,hgb,raw,3,31,0.23449740509000544,0.3870967741935484
Sepsis,duration,B_intake,hgb,raw,4,31,0.4594841572405834,0.6129032258064516
Sepsis,duration,B_intake,hgb,raw,5,32,0.6942240143451367,0.46875
Sepsis,duration,B_intake,hgb,raw,6,31,0.8248120017730504,0.6451612903225806
Sepsis,duration,B_intake,hgb,raw,7,32,0.9339202477267255,0.625
Sepsis,duration,B_intake,hgb,raw,8,30,0.9749550636085448,0.6
Sepsis,duration,B_intake,hgb,raw,9,33,0.9939071834432088,0.7272727272727273
Sepsis,duration,B_intake,hgb,platt,0,31,0.07907347692515695,0.0
Sepsis,duration,B_intake,hgb,platt,1,32,0.11430148116040516,0.03125
Sepsis,duration,B_intake,hgb,platt,2,31,0.2978664273334137,0.25806451612903225
Sepsis,duration,B_intake,hgb,platt,3,32,0.49153697844409444,0.5625
Sepsis,duration,B_intake,hgb,platt,4,31,0.5693899722418765,0.6129032258064516
Sepsis,duration,B_intake,hgb,platt,5,32,0.6098198237221277,0.59375
Sepsis,duration,B_intake,hgb,platt,6,31,0.6491858418726241,0.41935483870967744
Sepsis,duration,B_intake,hgb,platt,7,31,0.6986347796739975,0.6451612903225806
Sepsis,duration,B_intake,hgb,platt,8,30,0.7424325906232953,0.5666666666666667
Sepsis,duration,B_intake,hgb,platt,9,34,0.8214197211777575,0.7352941176470589
Sepsis,duration,B_intake,hgb,isotonic,0,1,0.0,0.0
Sepsis,duration,B_intake,hgb,isotonic,1,61,0.01800347199403032,0.01639344262295082
Sepsis,duration,B_intake,hgb,isotonic,2,33,0.30558538026327453,0.3333333333333333
Sepsis,duration,B_intake,hgb,isotonic,3,29,0.5429500006488058,0.3793103448275862
Sepsis,duration,B_intake,hgb,isotonic,4,32,0.5952505789441449,0.5625
Sepsis,duration,B_intake,hgb,isotonic,5,33,0.6355356872472826,0.696969696969697
Sepsis,duration,B_intake,hgb,isotonic,6,29,0.6691196696811318,0.5517241379310345
Sepsis,duration,B_intake,hgb,isotonic,7,26,0.7000290881804472,0.5384615384615384
Sepsis,duration,B_intake,hgb,isotonic,8,38,0.737790787474462,0.5526315789473685
Sepsis,duration,B_intake,hgb,isotonic,9,33,0.8211877941773311,0.7575757575757576
Sepsis,duration,B_intake_g,logit,raw,0,32,0.009421348590569707,0.0
Sepsis,duration,B_intake_g,logit,raw,1,31,0.022259329799618865,0.0
Sepsis,duration,B_intake_g,logit,raw,2,32,0.1744407656543862,0.34375
Sepsis,duration,B_intake_g,logit,raw,3,31,0.4146117172626525,0.5483870967741935
Sepsis,duration,B_intake_g,logit,raw,4,30,0.5283181304376515,0.26666666666666666
Sepsis,duration,B_intake_g,logit,raw,5,33,0.6172572935976754,0.48484848484848486
Sepsis,duration,B_intake_g,logit,raw,6,30,0.6922633368178227,0.8
Sepsis,duration,B_intake_g,logit,raw,7,33,0.7463082327502679,0.5454545454545454
Sepsis,duration,B_intake_g,logit,raw,8,31,0.8068512291472777,0.6451612903225806
Sepsis,duration,B_intake_g,logit,raw,9,32,0.9065977200879702,0.8125
Sepsis,duration,B_intake_g,logit,platt,0,32,0.0215537387821285,0.0
Sepsis,duration,B_intake_g,logit,platt,1,31,0.04559180145495323,0.0
Sepsis,duration,B_intake_g,logit,platt,2,32,0.2229262681152801,0.34375
Sepsis,duration,B_intake_g,logit,platt,3,31,0.4531901047903072,0.4838709677419355
Sepsis,duration,B_intake_g,logit,platt,4,31,0.5469516793858588,0.3870967741935484
Sepsis,duration,B_intake_g,logit,platt,5,32,0.62179165041744,0.46875
Sepsis,duration,B_intake_g,logit,platt,6,31,0.6801694544512684,0.7741935483870968
Sepsis,duration,B_intake_g,logit,platt,7,32,0.7312872018908179,0.5625
Sepsis,duration,B_intake_g,logit,platt,8,31,0.7819131548299394,0.6129032258064516
Sepsis,duration,B_intake_g,logit,platt,9,32,0.8779322554335364,0.8125
Sepsis,duration,B_intake_g,logit,isotonic,2,95,0.0698859062049208,0.12631578947368421
Sepsis,duration,B_intake_g,logit,isotonic,3,29,0.5009787437249421,0.3793103448275862
Sepsis,duration,B_intake_g,logit,isotonic,4,33,0.5649528702431925,0.45454545454545453
Sepsis,duration,B_intake_g,logit,isotonic,5,32,0.6117440645321442,0.5625
Sepsis,duration,B_intake_g,logit,isotonic,6,31,0.6573226336297904,0.6451612903225806
Sepsis,duration,B_intake_g,logit,isotonic,7,32,0.7188566868178687,0.5625
Sepsis,duration,B_intake_g,logit,isotonic,8,30,0.7880297227249601,0.6666666666666666
Sepsis,duration,B_intake_g,logit,isotonic,9,33,0.9056648926276969,0.7878787878787878
Sepsis,duration,B_intake_g,hgb,raw,0,30,3.445648309085619e-05,0.0
Sepsis,duration,B_intake_g,hgb,raw,1,33,0.0006021787824100498,0.0
Sepsis,duration,B_intake_g,hgb,raw,2,32,0.04130792860313311,0.3125
Sepsis,duration,B_intake_g,hgb,raw,3,31,0.23429572425319148,0.4838709677419355
Sepsis,duration,B_intake_g,hgb,raw,4,31,0.47941484551457114,0.5483870967741935
Sepsis,duration,B_intake_g,hgb,raw,5,32,0.7310741923927289,0.5
Sepsis,duration,B_intake_g,hgb,raw,6,31,0.8464214391608922,0.7096774193548387
Sepsis,duration,B_intake_g,hgb,raw,7,32,0.936585145414595,0.53125
Sepsis,duration,B_intake_g,hgb,raw,8,31,0.979741777026867,0.7096774193548387
Sepsis,duration,B_intake_g,hgb,raw,9,32,0.9955921392292355,0.65625
Sepsis,duration,B_intake_g,hgb,platt,0,31,0.08114692429098114,0.0
Sepsis,duration,B_intake_g,hgb,platt,1,32,0.12359999383362466,0.03125
Sepsis,duration,B_intake_g,hgb,platt,2,32,0.30312337385357446,0.28125
Sepsis,duration,B_intake_g,hgb,platt,3,31,0.49732944030199316,0.5806451612903226
Sepsis,duration,B_intake_g,hgb,platt,4,31,0.561950502521112,0.5483870967741935
Sepsis,duration,B_intake_g,hgb,platt,5,32,0.602385579547293,0.5
Sepsis,duration,B_intake_g,hgb,platt,6,31,0.6392715404993745,0.5483870967741935
Sepsis,duration,B_intake_g,hgb,platt,7,32,0.6841697311282913,0.625
Sepsis,duration,B_intake_g,hgb,platt,8,31,0.741091595363128,0.6129032258064516
Sepsis,duration,B_intake_g,hgb,platt,9,32,0.824946476197902,0.71875
Sepsis,duration,B_intake_g,hgb,isotonic,0,1,0.0003493853571850526,0.0
Sepsis,duration,B_intake_g,hgb,isotonic,1,62,0.022118779732629802,0.016129032258064516
Sepsis,duration,B_intake_g,hgb,isotonic,2,31,0.2740080133794082,0.3225806451612903
Sepsis,duration,B_intake_g,hgb,isotonic,3,32,0.5465848047797335,0.5
Sepsis,duration,B_intake_g,hgb,isotonic,4,31,0.5979773526109141,0.5161290322580645
Sepsis,duration,B_intake_g,hgb,isotonic,5,32,0.6223710201702916,0.59375
Sepsis,duration,B_intake_g,hgb,isotonic,6,30,0.659899526537774,0.5666666666666667
Sepsis,duration,B_intake_g,hgb,isotonic,7,33,0.6789046259079533,0.48484848484848486
Sepsis,duration,B_intake_g,hgb,isotonic,8,31,0.7295646928500739,0.6774193548387096
Sepsis,duration,B_intake_g,hgb,isotonic,9,32,0.8367964496829514,0.75
UCI498,handover,B_half,logit,raw,0,743,0.13023582408005546,0.2503364737550471
UCI498,handover,B_half,logit,raw,1,694,0.22140449633707274,0.3804034582132565
UCI498,handover,B_half,logit,raw,2,763,0.25679544807721116,0.44823066841415465
UCI498,handover,B_half,logit,raw,3,730,0.28725575381327195,0.4328767123287671
UCI498,handover,B_half,logit,raw,4,703,0.3192321176964115,0.4096728307254623
UCI498,handover,B_half,logit,raw,5,164,0.3382428431997318,0.42073170731707316
UCI498,handover,B_half,logit,raw,6,1415,0.34536437962330757,0.4480565371024735
UCI498,handover,B_half,logit,raw,7,698,0.3927994640704585,0.46131805157593125
UCI498,handover,B_half,logit,raw,8,763,0.4513375883871858,0.45609436435124506
UCI498,handover,B_half,logit,raw,9,803,0.5491826827236237,0.46077210460772106
UCI498,handover,B_half,logit,platt,0,748,0.2526303296052371,0.23128342245989306
UCI498,handover,B_half,logit,platt,1,745,0.3032930945328728,0.3959731543624161
UCI498,handover,B_half,logit,platt,2,748,0.3167521614565206,0.45187165775401067
UCI498,handover,B_half,logit,platt,3,621,0.3271906896793029,0.4557165861513688
UCI498,handover,B_half,logit,platt,4,779,0.3365180040455969,0.3992297817715019
UCI498,handover,B_half,logit,platt,6,1592,0.3459646138133038,0.457286432160804
UCI498,handover,B_half,logit,platt,7,743,0.3619863708195181,0.44414535666218036
UCI498,handover,B_half,logit,platt,8,747,0.37854045199728953,0.43373493975903615
UCI498,handover,B_half,logit,platt,9,753,0.4137569086872603,0.47410358565737054
UCI498,handover,B_half,logit,isotonic,0,548,0.16092682519733564,0.21350364963503649
UCI498,handover,B_half,logit,isotonic,1,383,0.31446532178583325,0.3394255874673629
UCI498,handover,B_half,logit,isotonic,3,1570,0.3277864804950245,0.4152866242038217
UCI498,handover,B_half,logit,isotonic,4,1212,0.33673914997124543,0.43234323432343236
UCI498,handover,B_half,logit,isotonic,5,151,0.3453481925253827,0.48344370860927155
UCI498,handover,B_half,logit,isotonic,6,1220,0.3461945376978439,0.4524590163934426
UCI498,handover,B_half,logit,isotonic,7,888,0.35095593909348605,0.4436936936936937
UCI498,handover,B_half,logit,isotonic,8,429,0.365878467872787,0.4592074592074592
UCI498,handover,B_half,logit,isotonic,9,1075,0.39754526860351097,0.46511627906976744
UCI498,handover,B_half,hgb,raw,0,737,0.2352227181812814,0.2971506105834464
UCI498,handover,B_half,hgb,raw,1,716,0.2825398728080197,0.38268156424581007
UCI498,handover,B_half,hgb,raw,2,589,0.306072123372034,0.4091680814940577
UCI498,handover,B_half,hgb,raw,4,1637,0.3285639282943268,0.4184483811850947
UCI498,handover,B_half,hgb,raw,5,505,0.34739677729587287,0.4316831683168317
UCI498,handover,B_half,hgb,raw,7,1735,0.36381053386741574,0.45821325648414984
UCI498,handover,B_half,hgb,raw,8,701,0.3808075363257903,0.4450784593437946
UCI498,handover,B_half,hgb,raw,9,856,0.41007893417799557,0.4614485981308411
UCI498,handover,B_half,hgb,platt,0,747,0.2698090475395212,0.29049531459170014
UCI498,handover,B_half,hgb,platt,1,748,0.31714478034543553,0.38636363636363635
UCI498,handover,B_half,hgb,platt,2,91,0.32864378577771,0.37362637362637363
UCI498,handover,B_half,hgb,platt,3,1247,0.3317955214942104,0.39855653568564553
UCI498,handover,B_half,hgb,platt,4,904,0.3398625707215694,0.459070796460177
UCI498,handover,B_half,hgb,platt,5,574,0.34796195459733265,0.43031358885017423
UCI498,handover,B_half,hgb,platt,7,1662,0.35318195491931587,0.4470517448856799
UCI498,handover,B_half,hgb,platt,8,754,0.36529207371082417,0.4535809018567639
UCI498,handover,B_half,hgb,platt,9,749,0.39593718175961523,0.4739652870493992
UCI498,handover,B_half,hgb,isotonic,0,730,0.2698406966134735,0.29863013698630136
UCI498,handover,B_half,hgb,isotonic,1,660,0.3162712887586635,0.40606060606060607
UCI498,handover,B_half,hgb,isotonic,2,825,0.3319086233728548,0.39151515151515154
UCI498,handover,B_half,hgb,isotonic,3,55,0.34010513572275597,0.4
UCI498,handover,B_half,hgb,isotonic,4,1213,0.3416458757217291,0.40725474031327286
UCI498,handover,B_half,hgb,isotonic,5,964,0.3480530470036516,0.4263485477178423
UCI498,handover,B_half,hgb,isotonic,6,147,0.35177421175290086,0.46258503401360546
UCI498,handover,B_half,hgb,isotonic,7,1273,0.3543617067468229,0.45326001571091906
UCI498,handover,B_half,hgb,isotonic,8,811,0.35939543456661804,0.4845869297163995
UCI498,handover,B_half,hgb,isotonic,9,798,0.3904789816280945,0.4573934837092732
UCI498,handover,B_intake,logit,raw,0,748,0.03167821138156251,0.07219251336898395
UCI498,handover,B_intake,logit,raw,1,747,0.08211222599455044,0.14056224899598393
UCI498,handover,B_intake,logit,raw,2,748,0.12631491912387738,0.13770053475935828
UCI498,handover,B_intake,logit,raw,3,747,0.21178353446775283,0.19544846050870146
UCI498,handover,B_intake,logit,raw,4,746,0.3415340176475921,0.44235924932975873
UCI498,handover,B_intake,logit,raw,5,750,0.4341157757190748,0.5213333333333333
UCI498,handover,B_intake,logit,raw,6,691,0.5010211975482481,0.5296671490593343
UCI498,handover,B_intake,logit,raw,7,803,0.5677477284490573,0.5454545454545454
UCI498,handover,B_intake,logit,raw,8,748,0.6923084790926989,0.6911764705882353
UCI498,handover,B_intake,logit,raw,9,748,0.8702532875703592,0.9211229946524064
UCI498,handover,B_intake,logit,platt,0,747,0.08796863814614389,0.06559571619812583
UCI498,handover,B_intake,logit,platt,1,748,0.15323690032368945,0.14171122994652408
UCI498,handover,B_intake,logit,platt,2,748,0.1937402196506977,0.14304812834224598
UCI498,handover,B_intake,logit,platt,3,747,0.2629104902904027,0.1753681392235609
UCI498,handover,B_intake,logit,platt,4,748,0.3816410157153856,0.4358288770053476
UCI498,handover,B_intake,logit,platt,5,748,0.4425833467661761,0.5240641711229946
UCI498,handover,B_intake,logit,platt,6,747,0.48750846931736674,0.5448460508701473
UCI498,handover,B_intake,logit,platt,7,747,0.5298559812950578,0.535475234270415
UCI498,handover,B_intake,logit,platt,8,748,0.6197396195934444,0.7005347593582888
UCI498,handover,B_intake,logit,platt,9,748,0.78725355496018,0.9318181818181818
UCI498,handover,B_intake,logit,isotonic,0,706,0.09597069320831529,0.06940509915014165
UCI498,handover,B_intake,logit,isotonic,1,751,0.14624319158367197,0.13581890812250333
UCI498,handover,B_intake,logit,isotonic,2,756,0.15599701254691634,0.12566137566137567
UCI498,handover,B_intake,logit,isotonic,3,774,0.21244423316399683,0.19509043927648578
UCI498,handover,B_intake,logit,isotonic,4,748,0.3753532639857797,0.42914438502673796
UCI498,handover,B_intake,logit,isotonic,5,738,0.44861225976502545,0.524390243902439
UCI498,handover,B_intake,logit,isotonic,6,656,0.4929591078644224,0.5442073170731707
UCI498,handover,B_intake,logit,isotonic,7,850,0.5456977548817915,0.5341176470588235
UCI498,handover,B_intake,logit,isotonic,8,744,0.677487561888352,0.7002688172043011
UCI498,handover,B_intake,logit,isotonic,9,753,0.8690735270783722,0.9322709163346613
UCI498,handover,B_intake,hgb,raw,0,748,0.0517168966001364,0.07352941176470588
UCI498,handover,B_intake,hgb,raw,1,746,0.09734221330870323,0.128686327077748
UCI498,handover,B_intake,hgb,raw,2,741,0.1309055377110279,0.1484480431848853
UCI498,handover,B_intake,hgb,raw,3,751,0.1825061744932441,0.1744340878828229
UCI498,handover,B_intake,hgb,raw,4,506,0.3414043552674014,0.3577075098814229
UCI498,handover,B_intake,hgb,raw,5,924,0.40807120970410116,0.48484848484848486
UCI498,handover,B_intake,hgb,raw,6,814,0.4646646378076333,0.5319410319410319
UCI498,handover,B_intake,hgb,raw,7,742,0.4963947126173471,0.5336927223719676
UCI498,handover,B_intake,hgb,raw,8,729,0.691363970641548,0.7448559670781894
UCI498,handover,B_intake,hgb,raw,9,775,0.9267472240422144,0.9625806451612903
UCI498,handover,B_intake,hgb,platt,0,748,0.08635498149977884,0.08422459893048129
UCI498,handover,B_intake,hgb,platt,1,747,0.12995481460877015,0.10040160642570281
UCI498,handover,B_intake,hgb,platt,2,747,0.16184270165836445,0.1499330655957162
UCI498,handover,B_intake,hgb,platt,3,748,0.20433260141134887,0.19385026737967914
UCI498,handover,B_intake,hgb,platt,4,735,0.3767540354404231,0.4122448979591837
UCI498,handover,B_intake,hgb,platt,5,754,0.4229772817083452,0.4880636604774536
UCI498,handover,B_intake,hgb,platt,6,743,0.43761170046892833,0.506056527590848
UCI498,handover,B_intake,hgb,platt,7,758,0.46437312152441024,0.5527704485488126
UCI498,handover,B_intake,hgb,platt,8,745,0.6715781251245433,0.7557046979865771
UCI498,handover,B_intake,hgb,platt,9,751,0.8915853359979509,0.952063914780293
UCI498,handover,B_intake,hgb,isotonic,0,736,0.08252903588342064,0.08423913043478261
UCI498,handover,B_intake,hgb,isotonic,1,759,0.12659163743433416,0.09486166007905138
UCI498,handover,B_intake,hgb,isotonic,2,467,0.1617059802935702,0.16916488222698073
UCI498,handover,B_intake,hgb,isotonic,3,1028,0.18654111323001235,0.17898832684824903
UCI498,handover,B_intake,hgb,isotonic,4,348,0.33941387957330094,0.3505747126436782
UCI498,handover,B_intake,hgb,isotonic,5,1018,0.4245274784500213,0.45088408644400785
UCI498,handover,B_intake,hgb,isotonic,6,849,0.44471939655340975,0.5347467608951708
UCI498,handover,B_intake,hgb,isotonic,7,681,0.4544234407289803,0.540381791483113
UCI498,handover,B_intake,hgb,isotonic,8,643,0.588526926982555,0.6780715396578538
UCI498,handover,B_intake,hgb,isotonic,9,947,0.8991075956542611,0.9535374868004224
UCI498,handover,B_intake_g,logit,raw,0,748,0.027903065145896983,0.04411764705882353
UCI498,handover,B_intake_g,logit,raw,1,747,0.06054140803130064,0.0642570281124498
UCI498,handover,B_intake_g,logit,raw,2,748,0.08472371115566556,0.08021390374331551
UCI498,handover,B_intake_g,logit,raw,3,747,0.11196520882947653,0.0963855421686747
UCI498,handover,B_intake_g,logit,raw,4,748,0.15281153553480312,0.10026737967914438
UCI498,handover,B_intake_g,logit,raw,5,748,0.2504756164697693,0.2072192513368984
UCI498,handover,B_intake_g,logit,raw,6,747,0.6701704241871509,0.6265060240963856
UCI498,handover,B_intake_g,logit,raw,7,747,0.9132549041894877,0.9946452476572959
UCI498,handover,B_intake_g,logit,raw,8,732,0.9384549992202905,0.9959016393442623
UCI498,handover,B_intake_g,logit,raw,9,764,0.9726137542878979,0.9895287958115183
UCI498,handover,B_intake_g,logit,platt,0,748,0.06530392231205469,0.04144385026737968
UCI498,handover,B_intake_g,logit,platt,1,747,0.08978010871813999,0.060240963855421686
UCI498,handover,B_intake_g,logit,platt,2,748,0.10744114556765141,0.07887700534759358
UCI498,handover,B_intake_g,logit,platt,3,747,0.12797122135379982,0.0963855421686747
UCI498,handover,B_intake_g,logit,platt,4,747,0.15965645435928205,0.11244979919678715
UCI498,handover,B_intake_g,logit,platt,5,749,0.23285038096696162,0.19893190921228304
UCI498,handover,B_intake_g,logit,platt,6,747,0.5941874251408473,0.6251673360107095
UCI498,handover,B_intake_g,logit,platt,7,747,0.8250694751118338,0.998661311914324
UCI498,handover,B_intake_g,logit,platt,8,745,0.8444912570081348,0.9973154362416108
UCI498,handover,B_intake_g,logit,platt,9,751,0.8763528448042015,0.9893475366178429
UCI498,handover,B_intake_g,logit,isotonic,0,639,0.058815423285004206,0.03442879499217527
UCI498,handover,B_intake_g,logit,isotonic,1,852,0.07983462185619103,0.05516431924882629
UCI498,handover,B_intake_g,logit,isotonic,2,709,0.09027438666445539,0.06064880112834979
UCI498,handover,B_intake_g,logit,isotonic,3,785,0.10110913833656744,0.09426751592356689
UCI498,handover,B_intake_g,logit,isotonic,4,753,0.11995168940119338,0.1102257636122178
UCI498,handover,B_intake_g,logit,isotonic,5,748,0.19222727401187667,0.22192513368983957
UCI498,handover,B_intake_g,logit,isotonic,6,702,0.5874577057265761,0.6153846153846154
UCI498,handover,B_intake_g,logit,isotonic,7,157,0.8656153415116014,0.9681528662420382
UCI498,handover,B_intake_g,logit,isotonic,9,2131,0.871167025603833,0.994838104176443
UCI498,handover,B_intake_g,hgb,raw,0,748,0.02004475861718563,0.02406417112299465
UCI498,handover,B_intake_g,hgb,raw,1,721,0.034884541212828815,0.04854368932038835
UCI498,handover,B_intake_g,hgb,raw,2,774,0.04928350765230158,0.07751937984496124
UCI498,handover,B_intake_g,hgb,raw,3,747,0.08893834140814447,0.09906291834002677
UCI498,handover,B_intake_g,hgb,raw,4,747,0.12041723823395162,0.12315930388219545
UCI498,handover,B_intake_g,hgb,raw,5,749,0.18185821708589608,0.21228304405874499
UCI498,handover,B_intake_g,hgb,raw,6,687,0.6707460170946031,0.5880640465793304
UCI498,handover,B_intake_g,hgb,raw,7,793,0.9967346982297994,0.9974779319041615
UCI498,handover,B_intake_g,hgb,raw,8,511,0.9969879680387516,1.0
UCI498,handover,B_intake_g,hgb,raw,9,999,0.9974317488543482,0.995995995995996
UCI498,handover,B_intake_g,hgb,platt,0,744,0.05010874513903436,0.01747311827956989
UCI498,handover,B_intake_g,hgb,platt,1,751,0.061003576058799344,0.05992010652463382
UCI498,handover,B_intake_g,hgb,platt,2,747,0.08253714944445101,0.05220883534136546
UCI498,handover,B_intake_g,hgb,platt,3,748,0.11196490048213284,0.09759358288770054
UCI498,handover,B_intake_g,hgb,platt,4,748,0.13957021646376844,0.13502673796791445
UCI498,handover,B_intake_g,hgb,platt,5,748,0.18770615721506828,0.24331550802139038
UCI498,handover,B_intake_g,hgb,platt,6,747,0.6062230439180817,0.6050870147255689
UCI498,handover,B_intake_g,hgb,platt,7,688,0.906263709117161,0.997093023255814
UCI498,handover,B_intake_g,hgb,platt,8,786,0.9068885820609011,0.9910941475826972
UCI498,handover,B_intake_g,hgb,platt,9,769,0.9077527174797126,1.0
UCI498,handover,B_intake_g,hgb,isotonic,0,745,0.031159479558577334,0.016107382550335572
UCI498,handover,B_intake_g,hgb,isotonic,1,747,0.04919958324297638,0.06157965194109773
UCI498,handover,B_intake_g,hgb,isotonic,2,751,0.07324797016683615,0.0492676431424767
UCI498,handover,B_intake_g,hgb,isotonic,3,729,0.10532571978328427,0.10150891632373114
UCI498,handover,B_intake_g,hgb,isotonic,4,764,0.13595653476629174,0.12958115183246074
UCI498,handover,B_intake_g,hgb,isotonic,5,710,0.1824723027814813,0.2267605633802817
UCI498,handover,B_intake_g,hgb,isotonic,6,657,0.49967902096818295,0.5266362252663622
UCI498,handover,B_intake_g,hgb,isotonic,9,2373,0.912816691505216,0.9962073324905183
UCI498,duration,B_half,logit,raw,0,746,0.1844149731228144,0.17024128686327078
UCI498,duration,B_half,logit,raw,1,748,0.29905683492553126,0.2713903743315508
UCI498,duration,B_half,logit,raw,2,749,0.343823774534743,0.2817089452603471
UCI498,duration,B_half,logit,raw,3,722,0.39079143252563964,0.26038781163434904
UCI498,duration,B_half,logit,raw,5,1460,0.41953184926120785,0.2589041095890411
UCI498,duration,B_half,logit,raw,6,800,0.4610243288075841,0.27125
UCI498,duration,B_half,logit,raw,7,622,0.5094793428008771,0.3504823151125402
UCI498,duration,B_half,logit,raw,8,879,0.5539252883157578,0.3378839590443686
UCI498,duration,B_half,logit,raw,9,750,0.6618606356998739,0.3973333333333333
UCI498,duration,B_half,logit,platt,0,737,0.3601109598344442,0.17503392130257803
UCI498,duration,B_half,logit,platt,1,732,0.4178105334119109,0.28005464480874315
UCI498,duration,B_half,logit,platt,2,760,0.4407098444999865,0.2868421052631579
UCI498,duration,B_half,logit,platt,3,755,0.46379974356401565,0.2662251655629139
UCI498,duration,B_half,logit,platt,5,1408,0.4760567916960252,0.24644886363636365
UCI498,duration,B_half,logit,platt,6,825,0.4923442941241354,0.28484848484848485
UCI498,duration,B_half,logit,platt,7,669,0.5169472252484607,0.3064275037369208
UCI498,duration,B_half,logit,platt,8,842,0.5404650699449833,0.35985748218527314
UCI498,duration,B_half,logit,platt,9,748,0.5857850618692022,0.393048128342246
UCI498,duration,B_half,logit,isotonic,0,379,0.24024127539747794,0.11609498680738786
UCI498,duration,B_half,logit,isotonic,1,672,0.3880792584685324,0.25595238095238093
UCI498,duration,B_half,logit,isotonic,4,2381,0.43832528861348335,0.25325493490130196
UCI498,duration,B_half,logit,isotonic,5,865,0.4493937041938985,0.2901734104046243
UCI498,duration,B_half,logit,isotonic,6,882,0.4873425544755065,0.29705215419501135
UCI498,duration,B_half,logit,isotonic,7,560,0.5235840604403526,0.33214285714285713
UCI498,duration,B_half,logit,isotonic,8,945,0.5447182406684444,0.34285714285714286
UCI498,duration,B_half,logit,isotonic,9,792,0.5932269377952192,0.37247474747474746
UCI498,duration,B_half,hgb,raw,0,561,0.22406793201689948,0.1586452762923351
UCI498,duration,B_half,hgb,raw,1,920,0.3454029159106922,0.2510869565217391
UCI498,duration,B_half,hgb,raw,2,644,0.3972877367926171,0.2639751552795031
UCI498,duration,B_half,hgb,raw,5,2196,0.4171138853248829,0.25956284153005466
UCI498,duration,B_half,hgb,raw,6,875,0.48182443432682437,0.3302857142857143
UCI498,duration,B_half,hgb,raw,7,93,0.48928785329203633,0.23655913978494625
UCI498,duration,B_half,hgb,raw,8,1408,0.5006445446705071,0.3274147727272727
UCI498,duration,B_half,hgb,raw,9,779,0.5595285683104304,0.39152759948652116
UCI498,duration,B_half,hgb,platt,0,628,0.4260079245685097,0.160828025477707
UCI498,duration,B_half,hgb,platt,1,784,0.4650269236723217,0.274234693877551
UCI498,duration,B_half,hgb,platt,2,830,0.47812695112717507,0.2493975903614458
UCI498,duration,B_half,hgb,platt,3,4,0.4864997708246641,0.0
UCI498,duration,B_half,hgb,platt,4,1484,0.48685446766904183,0.2526954177897574
UCI498,duration,B_half,hgb,platt,5,754,0.499072636519586,0.30238726790450926
UCI498,duration,B_half,hgb,platt,6,598,0.5101650316520745,0.2809364548494983
UCI498,duration,B_half,hgb,platt,7,895,0.5213773622442487,0.3418994413407821
UCI498,duration,B_half,hgb,platt,8,599,0.5353721522262664,0.3606010016694491
UCI498,duration,B_half,hgb,platt,9,900,0.5530586517762399,0.3566666666666667
UCI498,duration,B_half,hgb,isotonic,0,363,0.3068216396188184,0.10743801652892562
UCI498,duration,B_half,hgb,isotonic,4,3018,0.47254579508471717,0.2597746852220013
UCI498,duration,B_half,hgb,isotonic,5,765,0.48983472565103575,0.2758169934640523
UCI498,duration,B_half,hgb,isotonic,6,937,0.4999470830471709,0.28601921024546423
UCI498,duration,B_half,hgb,isotonic,8,1581,0.5185264673583041,0.3219481340923466
UCI498,duration,B_half,hgb,isotonic,9,812,0.5785501320964599,0.4014778325123153
UCI498,duration,B_intake,logit,raw,0,748,0.10013307642229424,0.0855614973262032
UCI498,duration,B_intake,logit,raw,1,747,0.15854320648627238,0.09236947791164658
UCI498,duration,B_intake,logit,raw,2,748,0.19155355880159491,0.0962566844919786
UCI498,duration,B_intake,logit,raw,3,747,0.2333586106006357,0.1539491298527443
UCI498,duration,B_intake,logit,raw,4,748,0.28790883017941404,0.19786096256684493
UCI498,duration,B_intake,logit,raw,5,748,0.3564149702636111,0.2540106951871658
UCI498,duration,B_intake,logit,raw,6,747,0.44586685836165074,0.3748326639892905
UCI498,duration,B_intake,logit,raw,7,747,0.555912083513571,0.4605087014725569
UCI498,duration,B_intake,logit,raw,8,748,0.6738544497255323,0.5307486631016043
UCI498,duration,B_intake,logit,raw,9,748,0.844345956175422,0.6122994652406417
UCI498,duration,B_intake,logit,platt,0,748,0.25764309215266173,0.08021390374331551
UCI498,duration,B_intake,logit,platt,1,747,0.3107291708299998,0.09906291834002677
UCI498,duration,B_intake,logit,platt,2,748,0.33672000848355604,0.10962566844919786
UCI498,duration,B_intake,logit,platt,3,747,0.36515177469728677,0.12985274431057564
UCI498,duration,B_intake,logit,platt,4,747,0.4009408231887243,0.20615796519410978
UCI498,duration,B_intake,logit,platt,5,748,0.44511978212956255,0.2767379679144385
UCI498,duration,B_intake,logit,platt,6,748,0.4957656786509016,0.39037433155080214
UCI498,duration,B_intake,logit,platt,7,747,0.5625573346021414,0.4538152610441767
UCI498,duration,B_intake,logit,platt,8,745,0.6313539860645705,0.5248322147651007
UCI498,duration,B_intake,logit,platt,9,751,0.7474710989217866,0.5872170439414115
UCI498,duration,B_intake,logit,isotonic,0,359,0.2070085469745097,0.07242339832869081
UCI498,duration,B_intake,logit,isotonic,1,1045,0.23765943689769845,0.07559808612440191
UCI498,duration,B_intake,logit,isotonic,2,838,0.2765103227614297,0.09188544152744631
UCI498,duration,B_intake,logit,isotonic,3,746,0.32890114773846235,0.14611260053619302
UCI498,duration,B_intake,logit,isotonic,4,750,0.40301102990434295,0.19866666666666666
UCI498,duration,B_intake,logit,isotonic,5,746,0.46831731790011366,0.3257372654155496
UCI498,duration,B_intake,logit,isotonic,6,749,0.5275119418032488,0.40587449933244324
UCI498,duration,B_intake,logit,isotonic,7,747,0.5990254309471793,0.4404283801874163
UCI498,duration,B_intake,logit,isotonic,8,748,0.6491450724031,0.5147058823529411
UCI498,duration,B_intake,logit,isotonic,9,748,0.7367552370020953,0.5828877005347594
UCI498,duration,B_intake,hgb,raw,0,711,0.1134555477161481,0.06188466947960619
UCI498,duration,B_intake,hgb,raw,1,772,0.1391082298248973,0.07253886010362694
UCI498,duration,B_intake,hgb,raw,2,699,0.15870079271988813,0.0944206008583691
UCI498,duration,B_intake,hgb,raw,3,808,0.19437565613507704,0.07797029702970297
UCI498,duration,B_intake,hgb,raw,4,732,0.2854133557429246,0.17486338797814208
UCI498,duration,B_intake,hgb,raw,5,764,0.4122659891189487,0.39528795811518325
UCI498,duration,B_intake,hgb,raw,6,746,0.49642918203437036,0.3699731903485255
UCI498,duration,B_intake,hgb,raw,7,709,0.5727546606609623,0.4781382228490832
UCI498,duration,B_intake,hgb,raw,8,787,0.6409889550587641,0.5108005082592122
UCI498,duration,B_intake,hgb,raw,9,748,0.7826977038825199,0.6163101604278075
UCI498,duration,B_intake,hgb,platt,0,748,0.28458773399038956,0.06417112299465241
UCI498,duration,B_intake,hgb,platt,1,699,0.3279911228608584,0.07439198855507868
UCI498,duration,B_intake,hgb,platt,2,791,0.35099600046451174,0.07585335018963338
UCI498,duration,B_intake,hgb,platt,3,752,0.37867678636659424,0.12632978723404256
UCI498,duration,B_intake,hgb,platt,4,747,0.4245423819548782,0.15930388219544847
UCI498,duration,B_intake,hgb,platt,5,749,0.49064902262389526,0.3818424566088118
UCI498,duration,B_intake,hgb,platt,6,747,0.5463605010833578,0.3989290495314592
UCI498,duration,B_intake,hgb,platt,7,747,0.5915046473642857,0.48460508701472554
UCI498,duration,B_intake,hgb,platt,8,748,0.6313044018189449,0.5093582887700535
UCI498,duration,B_intake,hgb,platt,9,748,0.7060247218858402,0.5828877005347594
UCI498,duration,B_intake,hgb,isotonic,0,634,0.2243301563804226,0.050473186119873815
UCI498,duration,B_intake,hgb,isotonic,2,1581,0.26197329655702817,0.07337128399746995
UCI498,duration,B_intake,hgb,isotonic,3,757,0.33430110873943897,0.09907529722589167
UCI498,duration,B_intake,hgb,isotonic,4,759,0.4206988526226295,0.19235836627140976
UCI498,duration,B_intake,hgb,isotonic,5,752,0.5093101492286799,0.40824468085106386
UCI498,duration,B_intake,hgb,isotonic,6,696,0.5877545803879174,0.4295977011494253
UCI498,duration,B_intake,hgb,isotonic,7,798,0.6328501002351048,0.4273182957393484
UCI498,duration,B_intake,hgb,isotonic,8,744,0.6595522934217809,0.5134408602150538
UCI498,duration,B_intake,hgb,isotonic,9,755,0.7116376039640578,0.5814569536423841
UCI498,duration,B_intake_g,logit,raw,0,748,0.07202558650243134,0.03609625668449198
UCI498,duration,B_intake_g,logit,raw,1,747,0.12682915424318786,0.05220883534136546
UCI498,duration,B_intake_g,logit,raw,2,748,0.18450238490439622,0.1323529411764706
UCI498,duration,B_intake_g,logit,raw,3,746,0.23968061025610657,0.15415549597855227
UCI498,duration,B_intake_g,logit,raw,4,749,0.29224317103256897,0.18958611481975968
UCI498,duration,B_intake_g,logit,raw,5,747,0.36281665636117,0.27309236947791166
UCI498,duration,B_intake_g,logit,raw,6,747,0.4506340671473895,0.3453815261044177
UCI498,duration,B_intake_g,logit,raw,7,748,0.5681720215198879,0.4772727272727273
UCI498,duration,B_intake_g,logit,raw,8,748,0.7020253111896411,0.5628342245989305
UCI498,duration,B_intake_g,logit,raw,9,748,0.87295236916902,0.6350267379679144
UCI498,duration,B_intake_g,logit,platt,0,748,0.21151341350106984,0.02807486631016043
UCI498,duration,B_intake_g,logit,platt,1,747,0.2729155646628967,0.06961178045515395
UCI498,duration,B_intake_g,logit,platt,2,746,0.3278722705848305,0.12734584450402145
UCI498,duration,B_intake_g,logit,platt,3,749,0.36645726484511154,0.17222963951935916
UCI498,duration,B_intake_g,logit,platt,4,748,0.4014848167795917,0.20454545454545456
UCI498,duration,B_intake_g,logit,platt,5,748,0.44088875813067024,0.2660427807486631
UCI498,duration,B_intake_g,logit,platt,6,747,0.4905769827875252,0.36010709504685406
UCI498,duration,B_intake_g,logit,platt,7,747,0.5559988240309216,0.4444444444444444
UCI498,duration,B_intake_g,logit,platt,8,748,0.6358782927629895,0.5561497326203209
UCI498,duration,B_intake_g,logit,platt,9,748,0.7638397604826002,0.6296791443850267
UCI498,duration,B_intake_g,logit,isotonic,0,714,0.1919567403780297,0.036414565826330535
UCI498,duration,B_intake_g,logit,isotonic,1,754,0.22671987288535886,0.042440318302387266
UCI498,duration,B_intake_g,logit,isotonic,2,674,0.27951953469680657,0.12166172106824925
UCI498,duration,B_intake_g,logit,isotonic,3,840,0.3303799819082838,0.15833333333333333
UCI498,duration,B_intake_g,logit,isotonic,4,744,0.3913248652550781,0.21505376344086022
UCI498,duration,B_intake_g,logit,isotonic,5,760,0.4506852360392621,0.24342105263157895
UCI498,duration,B_intake_g,logit,isotonic,6,745,0.517118190186078,0.42013422818791946
UCI498,duration,B_intake_g,logit,isotonic,7,748,0.590533930686944,0.46390374331550804
UCI498,duration,B_intake_g,logit,isotonic,8,740,0.6620720078732868,0.5297297297297298
UCI498,duration,B_intake_g,logit,isotonic,9,757,0.7569156000892173,0.6169088507265522
UCI498,duration,B_intake_g,hgb,raw,0,748,0.05432207755375547,0.022727272727272728
UCI498,duration,B_intake_g,hgb,raw,1,746,0.08858748787021474,0.02680965147453083
UCI498,duration,B_intake_g,hgb,raw,2,716,0.17278658183948797,0.11173184357541899
UCI498,duration,B_intake_g,hgb,raw,3,780,0.2319191447900089,0.15256410256410258
UCI498,duration,B_intake_g,hgb,raw,4,735,0.2976789957389372,0.20816326530612245
UCI498,duration,B_intake_g,hgb,raw,5,761,0.3893802893666813,0.316688567674113
UCI498,duration,B_intake_g,hgb,raw,6,747,0.49019570969311715,0.4002677376171352
UCI498,duration,B_intake_g,hgb,raw,7,747,0.5915614812004149,0.42704149933065594
UCI498,duration,B_intake_g,hgb,raw,8,748,0.6892404128538109,0.5721925133689839
UCI498,duration,B_intake_g,hgb,raw,9,748,0.8637388838370837,0.6163101604278075
UCI498,duration,B_intake_g,hgb,platt,0,747,0.19632691509342143,0.01606425702811245
UCI498,duration,B_intake_g,hgb,platt,1,736,0.2631433716663456,0.03125
UCI498,duration,B_intake_g,hgb,platt,2,760,0.34331089884633526,0.13026315789473683
UCI498,duration,B_intake_g,hgb,platt,3,708,0.3858635746087129,0.1440677966101695
UCI498,duration,B_intake_g,hgb,platt,4,787,0.4240622510196158,0.16518424396442186
UCI498,duration,B_intake_g,hgb,platt,5,748,0.48156072353804064,0.31016042780748665
UCI498,duration,B_intake_g,hgb,platt,6,746,0.5440810352040452,0.42359249329758714
UCI498,duration,B_intake_g,hgb,platt,7,744,0.6013482856570569,0.47580645161290325
UCI498,duration,B_intake_g,hgb,platt,8,752,0.6564547115165749,0.523936170212766
UCI498,duration,B_intake_g,hgb,platt,9,748,0.757692885302519,0.6350267379679144
UCI498,duration,B_intake_g,hgb,isotonic,0,745,0.16508102195884147,0.020134228187919462
UCI498,duration,B_intake_g,hgb,isotonic,1,750,0.2133690466765817,0.029333333333333333
UCI498,duration,B_intake_g,hgb,isotonic,2,635,0.28291638857216383,0.11023622047244094
UCI498,duration,B_intake_g,hgb,isotonic,3,777,0.35474415100371015,0.12097812097812098
UCI498,duration,B_intake_g,hgb,isotonic,4,816,0.41348597404431636,0.17279411764705882
UCI498,duration,B_intake_g,hgb,isotonic,5,763,0.4880448012679588,0.3289646133682831
UCI498,duration,B_intake_g,hgb,isotonic,6,738,0.5660881943771002,0.45663956639566394
UCI498,duration,B_intake_g,hgb,isotonic,7,700,0.64097348469355,0.47285714285714286
UCI498,duration,B_intake_g,hgb,isotonic,8,803,0.6843106166003606,0.5180572851805728
UCI498,duration,B_intake_g,hgb,isotonic,9,749,0.7562189547789137,0.6141522029372497
RoadFines,duration,B_half,logit,raw,0,69,0.4266173834933272,0.17391304347826086
RoadFines,duration,B_half,logit,raw,2,12220,0.46265352060502435,0.3982815057283142
RoadFines,duration,B_half,logit,raw,6,18721,0.5008420268468426,0.38854762031942736
RoadFines,duration,B_half,logit,raw,9,14101,0.5569677150780865,0.5100347493085596
RoadFines,duration,B_half,logit,platt,0,69,0.4259368144524522,0.17391304347826086
RoadFines,duration,B_half,logit,platt,2,12223,0.4679862329076387,0.39842919086967193
RoadFines,duration,B_half,logit,platt,6,18721,0.5118953457037476,0.38854762031942736
RoadFines,duration,B_half,logit,platt,9,14098,0.5568491374603352,0.5099304865938431
RoadFines,duration,B_half,logit,isotonic,0,240,0.44481001173351054,0.25833333333333336
RoadFines,duration,B_half,logit,isotonic,2,12049,0.4653966057452463,0.39978421445763135
RoadFines,duration,B_half,logit,isotonic,9,32822,0.5312992284223086,0.44074096642495886
RoadFines,duration,B_half,hgb,raw,0,386,0.424600928263502,0.2823834196891192
RoadFines,duration,B_half,hgb,raw,2,11906,0.4630812959853797,0.4008063161431211
RoadFines,duration,B_half,hgb,raw,6,18849,0.5071247398112951,0.3886678338373388
RoadFines,duration,B_half,hgb,raw,9,13970,0.5536986370160455,0.5109520400858983
RoadFines,duration,B_half,hgb,platt,0,353,0.4107222789907435,0.2747875354107649
RoadFines,duration,B_half,hgb,platt,2,12182,0.47238140801195044,0.40100147758988675
RoadFines,duration,B_half,hgb,platt,6,18721,0.5117529316054494,0.38854762031942736
RoadFines,duration,B_half,hgb,platt,9,13855,0.5446658133110112,0.5116564417177915
RoadFines,duration,B_half,hgb,isotonic,0,182,0.43135649675636045,0.25824175824175827
RoadFines,duration,B_half,hgb,isotonic,2,12107,0.4661677897955499,0.3991079540761543
RoadFines,duration,B_half,hgb,isotonic,9,32822,0.5298318262175795,0.44074096642495886
RoadFines,duration,B_intake,logit,raw,0,93,0.3570406813467264,0.16129032258064516
RoadFines,duration,B_intake,logit,raw,2,12214,0.4641297232455341,0.3981496643196332
RoadFines,duration,B_intake,logit,raw,6,18716,0.5037162155746138,0.38865142124385554
RoadFines,duration,B_intake,logit,raw,8,9537,0.5134838286911982,0.4287511796162315
RoadFines,duration,B_intake,logit,raw,9,4551,0.7686374532728376,0.6820479015600966
RoadFines,duration,B_intake,logit,platt,0,33,0.3951625102683008,0.2727272727272727
RoadFines,duration,B_intake,logit,platt,2,12003,0.4841665204273047,0.3994001499625094
RoadFines,duration,B_intake,logit,platt,6,18716,0.49528824915371383,0.38865142124385554
RoadFines,duration,B_intake,logit,platt,8,9816,0.49633084277739276,0.42491850040749796
RoadFines,duration,B_intake,logit,platt,9,4543,0.6370081604174467,0.6817081223860885
RoadFines,duration,B_intake,logit,isotonic,0,91,0.3528271727044739,0.14285714285714285
RoadFines,duration,B_intake,logit,isotonic,2,12214,0.4745091730818236,0.39831341084001964
RoadFines,duration,B_intake,logit,isotonic,8,28255,0.5107693304805092,0.40215890992744646
RoadFines,duration,B_intake,logit,isotonic,9,4551,0.6499684692831365,0.6820479015600966
RoadFines,duration,B_intake,hgb,raw,0,340,0.4098508994214118,0.27941176470588236
RoadFines,duration,B_intake,hgb,raw,2,12074,0.4635878442671481,0.3993705482855723
RoadFines,duration,B_intake,hgb,raw,6,18857,0.5064859023809417,0.38892718884233973
RoadFines,duration,B_intake,hgb,raw,9,13840,0.5960054136503569,0.5125722543352601
RoadFines,duration,B_intake,hgb,platt,0,90,0.43336360767948884,0.13333333333333333
RoadFines,duration,B_intake,hgb,platt,2,11904,0.48604152291237435,0.4008736559139785
RoadFines,duration,B_intake,hgb,platt,6,18893,0.49175499545783496,0.387921452389774
RoadFines,duration,B_intake,hgb,platt,8,9652,0.49820537099167017,0.42737256527144635
RoadFines,duration,B_intake,hgb,platt,9,4572,0.6352112919499537,0.6795713035870516
RoadFines,duration,B_intake,hgb,isotonic,0,91,0.38272093128386153,0.14285714285714285
RoadFines,duration,B_intake,hgb,isotonic,2,12009,0.474701477703987,0.3998667665917229
RoadFines,duration,B_intake,hgb,isotonic,8,28482,0.5113380889739861,0.401867846359104
RoadFines,duration,B_intake,hgb,isotonic,9,4529,0.6433295777279231,0.6809450209759329
RoadFines,duration,B_intake_g,logit,raw,0,4455,0.3454663429151111,0.3925925925925926
RoadFines,duration,B_intake_g,logit,raw,1,4504,0.40751938621800354,0.3872113676731794
RoadFines,duration,B_intake_g,logit,raw,2,4202,0.4330851114650846,0.39909566872917657
RoadFines,duration,B_intake_g,logit,raw,3,4865,0.4586584686786633,0.39527235354573487
RoadFines,duration,B_intake_g,logit,raw,4,4442,0.48427693398155863,0.38676271949572266
RoadFines,duration,B_intake_g,logit,raw,5,168,0.49756670435881695,0.44047619047619047
RoadFines,duration,B_intake_g,logit,raw,6,8855,0.4999228241621216,0.38215697346132127
RoadFines,duration,B_intake_g,logit,raw,7,735,0.5233915694497474,0.45170068027210886
RoadFines,duration,B_intake_g,logit,raw,8,8368,0.5488924300519407,0.44514818355640534
RoadFines,duration,B_intake_g,logit,raw,9,4517,0.7892541949807363,0.6683639583794554
RoadFines,duration,B_intake_g,logit,platt,0,4419,0.4820625075441805,0.6381534283774609
RoadFines,duration,B_intake_g,logit,platt,1,2052,0.5058725217291378,0.48879142300194933
RoadFines,duration,B_intake_g,logit,platt,2,6485,0.5091785725814603,0.4161912104857363
RoadFines,duration,B_intake_g,logit,platt,3,752,0.5114148303544517,0.4587765957446808
RoadFines,duration,B_intake_g,logit,platt,4,8319,0.5115781290623606,0.379492727491285
RoadFines,duration,B_intake_g,logit,platt,5,3993,0.5144301855770665,0.42449286250939144
RoadFines,duration,B_intake_g,logit,platt,6,5399,0.5154466030227357,0.40285238007038343
RoadFines,duration,B_intake_g,logit,platt,7,4563,0.5173627948407051,0.4093797939951786
RoadFines,duration,B_intake_g,logit,platt,8,4443,0.5189022536490462,0.39747918073373845
RoadFines,duration,B_intake_g,logit,platt,9,4686,0.5228708998051822,0.38775074690567646
RoadFines,duration,B_intake_g,logit,isotonic,0,4160,0.3928734760022688,0.3942307692307692
RoadFines,duration,B_intake_g,logit,isotonic,1,3088,0.46614166215822783,0.40835492227979275
RoadFines,duration,B_intake_g,logit,isotonic,2,4449,0.4897294023193287,0.40233760395594514
RoadFines,duration,B_intake_g,logit,isotonic,4,7843,0.49562538285841007,0.391304347826087
RoadFines,duration,B_intake_g,logit,isotonic,5,3037,0.5088523189450318,0.5567994731643069
RoadFines,duration,B_intake_g,logit,isotonic,8,17576,0.5147490392353082,0.41403049613108783
RoadFines,duration,B_intake_g,logit,isotonic,9,4958,0.5560072361657286,0.5278338039532069
RoadFines,duration,B_intake_g,hgb,raw,0,4338,0.39317920921897864,0.4195481788842785
RoadFines,duration,B_intake_g,hgb,raw,1,3835,0.43924305117111917,0.40651890482398956
RoadFines,duration,B_intake_g,hgb,raw,2,4832,0.4498587029304394,0.3932119205298013
RoadFines,duration,B_intake_g,hgb,raw,4,8455,0.46004908016136875,0.37894736842105264
RoadFines,duration,B_intake_g,hgb,raw,5,5337,0.465168125613025,0.418212478920742
RoadFines,duration,B_intake_g,hgb,raw,6,4533,0.4775343090779748,0.39466137215971764
RoadFines,duration,B_intake_g,hgb,raw,7,4536,0.4983548887035495,0.38403880070546736
RoadFines,duration,B_intake_g,hgb,raw,8,4733,0.5445616695370952,0.44517219522501583
RoadFines,duration,B_intake_g,hgb,raw,9,4512,0.7747359741801049,0.6631205673758865
RoadFines,duration,B_intake_g,hgb,platt,0,4335,0.4776826019990971,0.6588235294117647
RoadFines,duration,B_intake_g,hgb,platt,1,4215,0.507510647832228,0.45290628706998814
RoadFines,duration,B_intake_g,hgb,platt,2,4984,0.5117297669194737,0.37219101123595505
RoadFines,duration,B_intake_g,hgb,platt,3,4483,0.5152405075818418,0.407316529109971
RoadFines,duration,B_intake_g,hgb,platt,4,4215,0.5170292137561541,0.431791221826809
RoadFines,duration,B_intake_g,hgb,platt,5,4339,0.5190717148927894,0.42383037566259507
RoadFines,duration,B_intake_g,hgb,platt,6,4463,0.5213213261274444,0.36925834640376426
RoadFines,duration,B_intake_g,hgb,platt,8,5670,0.522041735239044,0.4231040564373898
RoadFines,duration,B_intake_g,hgb,platt,9,8407,0.5242093094599434,0.37980254549779946
RoadFines,duration,B_intake_g,hgb,isotonic,0,4155,0.4864888261450798,0.4187725631768953
RoadFines,duration,B_intake_g,hgb,isotonic,1,1335,0.4970088937530164,0.5865168539325842
RoadFines,duration,B_intake_g,hgb,isotonic,7,29853,0.5027886781810977,0.3918534150671624
RoadFines,duration,B_intake_g,hgb,isotonic,8,4594,0.5075937076803163,0.5411406181976491
RoadFines,duration,B_intake_g,hgb,isotonic,9,5174,0.551667828277518,0.5098569771936606
BPIC19,duration,B_half,logit,raw,0,7514,0.016299631150626864,0.0041256321533138145
BPIC19,duration,B_half,logit,raw,1,7590,0.057679386774613595,0.02318840579710145
BPIC19,duration,B_half,logit,raw,2,7510,0.1068169746179754,0.028761651131824235
BPIC19,duration,B_half,logit,raw,3,7418,0.25842353519754546,0.10865462388784039
BPIC19,duration,B_half,logit,raw,4,6207,0.48229107591453446,0.30111164813919766
BPIC19,duration,B_half,logit,raw,5,9065,0.5674167325370792,0.26431329288472144
BPIC19,duration,B_half,logit,raw,6,7536,0.7476422426108188,0.26366772823779194
BPIC19,duration,B_half,logit,raw,7,7540,0.8658802198061815,0.21193633952254642
BPIC19,duration,B_half,logit,raw,8,7566,0.9252619417468948,0.21094369547977795
BPIC19,duration,B_half,logit,raw,9,7575,0.9627134437377634,0.20633663366336633
BPIC19,duration,B_half,logit,platt,0,7536,0.029218813878742412,0.003980891719745223
BPIC19,duration,B_half,logit,platt,1,7488,0.08240383278170478,0.024839743589743588
BPIC19,duration,B_half,logit,platt,2,7565,0.1396535303710547,0.02775941837409121
BPIC19,duration,B_half,logit,platt,3,7619,0.2936574587351786,0.11458196613728835
BPIC19,duration,B_half,logit,platt,4,6046,0.49129047135546194,0.29887528944756864
BPIC19,duration,B_half,logit,platt,5,8768,0.559482343190843,0.2587819343065693
BPIC19,duration,B_half,logit,platt,6,7832,0.7118433227584489,0.2765577119509704
BPIC19,duration,B_half,logit,platt,7,7557,0.8322241706843252,0.20444620881302103
BPIC19,duration,B_half,logit,platt,8,5213,0.8945120747102921,0.260502589679647
BPIC19,duration,B_half,logit,platt,9,9897,0.9364240575160574,0.18126705062140042
BPIC19,duration,B_half,logit,isotonic,0,7179,0.026556111270696833,0.004457445326647165
BPIC19,duration,B_half,logit,isotonic,1,7132,0.07052462659346108,0.022714526079641053
BPIC19,duration,B_half,logit,isotonic,2,8343,0.1076666368854257,0.02876663070837828
BPIC19,duration,B_half,logit,isotonic,3,7545,0.25999769657604993,0.1074884029158383
BPIC19,duration,B_half,logit,isotonic,4,2514,0.4955693937814478,0.24502784407319014
BPIC19,duration,B_half,logit,isotonic,5,11771,0.5395234043053279,0.2873162857871039
BPIC19,duration,B_half,logit,isotonic,6,8282,0.7435212144762264,0.26684375754648637
BPIC19,duration,B_half,logit,isotonic,7,3991,0.852205295562912,0.29992483086945626
BPIC19,duration,B_half,logit,isotonic,8,10239,0.8933419702848767,0.19210860435589414
BPIC19,duration,B_half,logit,isotonic,9,8525,0.9271127078141022,0.1901466275659824
BPIC19,duration,B_half,hgb,raw,0,7479,0.011357611933292659,0.008557293755849713
BPIC19,duration,B_half,hgb,raw,1,7046,0.04957619933695796,0.02923644621061595
BPIC19,duration,B_half,hgb,raw,2,7138,0.08783426897899352,0.023816195012608572
BPIC19,duration,B_half,hgb,raw,3,8122,0.21219699439605105,0.09825166215217927
BPIC19,duration,B_half,hgb,raw,4,7390,0.4873061012974527,0.2878213802435724
BPIC19,duration,B_half,hgb,raw,5,7964,0.572361062217316,0.2713460572576595
BPIC19,duration,B_half,hgb,raw,6,7617,0.7550936139749933,0.27149796507811474
BPIC19,duration,B_half,hgb,raw,7,7359,0.8705847601889106,0.21171354803641798
BPIC19,duration,B_half,hgb,raw,8,7592,0.9342968171578973,0.21035300316122235
BPIC19,duration,B_half,hgb,raw,9,7814,0.9660263408563423,0.19055541336063475
BPIC19,duration,B_half,hgb,platt,0,7513,0.030802428289261035,0.009716491414880873
BPIC19,duration,B_half,hgb,platt,1,7566,0.08101722681332789,0.026301876817340735
BPIC19,duration,B_half,hgb,platt,2,6459,0.13281795808889083,0.02585539557206998
BPIC19,duration,B_half,hgb,platt,3,8242,0.2570469314781243,0.09609318126668284
BPIC19,duration,B_half,hgb,platt,4,7158,0.4956635367775003,0.29226040793517744
BPIC19,duration,B_half,hgb,platt,5,8111,0.5650733334721744,0.26371594131426457
BPIC19,duration,B_half,hgb,platt,6,7758,0.719298542854332,0.2785511729827275
BPIC19,duration,B_half,hgb,platt,7,7503,0.8324105046875179,0.1908569905371185
BPIC19,duration,B_half,hgb,platt,8,7259,0.8956363671163454,0.2076043532166965
BPIC19,duration,B_half,hgb,platt,9,7952,0.9369253050120862,0.2107645875251509
BPIC19,duration,B_half,hgb,isotonic,0,7463,0.0350476344857163,0.009647594801018356
BPIC19,duration,B_half,hgb,isotonic,1,7133,0.0757163531704326,0.02859946726482546
BPIC19,duration,B_half,hgb,isotonic,2,7644,0.10358465721731505,0.029042386185243328
BPIC19,duration,B_half,hgb,isotonic,3,7965,0.2298019602836802,0.09767733835530445
BPIC19,duration,B_half,hgb,isotonic,4,3075,0.48367160473968385,0.22926829268292684
BPIC19,duration,B_half,hgb,isotonic,5,11980,0.5595497162145464,0.2904841402337229
BPIC19,duration,B_half,hgb,isotonic,6,7586,0.7492525958731185,0.2733983654099657
BPIC19,duration,B_half,hgb,isotonic,7,5500,0.854440342541065,0.18436363636363637
BPIC19,duration,B_half,hgb,isotonic,8,7091,0.8806257572185041,0.23057396700042307
BPIC19,duration,B_half,hgb,isotonic,9,10084,0.9325569722687729,0.20368901229670766
BPIC19,duration,B_intake,logit,raw,0,7507,0.013498112333417954,0.004129479152790729
BPIC19,duration,B_intake,logit,raw,1,7009,0.05094634401133444,0.02553859323726637
BPIC19,duration,B_intake,logit,raw,2,7048,0.09310539937389166,0.026248581157775255
BPIC19,duration,B_intake,logit,raw,3,8630,0.23772918792462922,0.09826187717265353
BPIC19,duration,B_intake,logit,raw,4,5979,0.4815433200916736,0.30975079444723197
BPIC19,duration,B_intake,logit,raw,5,9140,0.5796574790988822,0.26684901531728666
BPIC19,duration,B_intake,logit,raw,6,7515,0.7527317041132879,0.2502994011976048
BPIC19,duration,B_intake,logit,raw,7,7555,0.8653284582460841,0.20039708802117803
BPIC19,duration,B_intake,logit,raw,8,7575,0.9247741642534557,0.2308910891089109
BPIC19,duration,B_intake,logit,raw,9,7563,0.9644206031915301,0.2062673542245141
BPIC19,duration,B_intake,logit,platt,0,7496,0.026781487013779453,0.0030683030949839912
BPIC19,duration,B_intake,logit,platt,1,7005,0.07879221746425055,0.026552462526766595
BPIC19,duration,B_intake,logit,platt,2,6953,0.12716887756200426,0.026607219905076945
BPIC19,duration,B_intake,logit,platt,3,8718,0.26783508142962176,0.09681119522826337
BPIC19,duration,B_intake,logit,platt,4,5887,0.4881640353791759,0.3113640224222864
BPIC19,duration,B_intake,logit,platt,5,9234,0.570060605581516,0.2605588044184535
BPIC19,duration,B_intake,logit,platt,6,7497,0.7170302550521741,0.2537014805922369
BPIC19,duration,B_intake,logit,platt,7,7402,0.8290842840618988,0.1971088894893272
BPIC19,duration,B_intake,logit,platt,8,6774,0.8894794232649678,0.24549749040448773
BPIC19,duration,B_intake,logit,platt,9,8555,0.9387444221761942,0.20303915838690825
BPIC19,duration,B_intake,logit,isotonic,0,7517,0.026232331078036183,0.004123985632566184
BPIC19,duration,B_intake,logit,isotonic,1,7042,0.0744690763879188,0.028401022436807723
BPIC19,duration,B_intake,logit,isotonic,2,7565,0.10434546702333694,0.02961004626569729
BPIC19,duration,B_intake,logit,isotonic,3,7977,0.23558891219866548,0.09138773975178639
BPIC19,duration,B_intake,logit,isotonic,4,7637,0.5157384215654836,0.296451486185675
BPIC19,duration,B_intake,logit,isotonic,5,7404,0.5810386749244747,0.26580226904376014
BPIC19,duration,B_intake,logit,isotonic,6,7719,0.7380793811674373,0.2527529472729628
BPIC19,duration,B_intake,logit,isotonic,7,3499,0.8459303981460943,0.2592169191197485
BPIC19,duration,B_intake,logit,isotonic,8,11593,0.8910457076495248,0.21478478392133185
BPIC19,duration,B_intake,logit,isotonic,9,7568,0.9319906668197177,0.19476744186046513
BPIC19,duration,B_intake,hgb,raw,0,7119,0.008740551655802349,0.0035117291754459897
BPIC19,duration,B_intake,hgb,raw,1,6429,0.0383824567369419,0.02442059418261005
BPIC19,duration,B_intake,hgb,raw,2,8060,0.08171627449462776,0.023076923076923078
BPIC19,duration,B_intake,hgb,raw,3,8563,0.23702052295670364,0.11794931682821441
BPIC19,duration,B_intake,hgb,raw,4,7534,0.49836309025015585,0.2735598619591187
BPIC19,duration,B_intake,hgb,raw,5,7553,0.5924183919352036,0.2561895935389911
BPIC19,duration,B_intake,hgb,raw,6,7317,0.7499938412026279,0.27634276342763425
BPIC19,duration,B_intake,hgb,raw,7,7838,0.864967075308383,0.19060984945139067
BPIC19,duration,B_intake,hgb,raw,8,7519,0.932859470722421,0.2396595291927118
BPIC19,duration,B_intake,hgb,raw,9,7589,0.9691228397424296,0.20371590459876138
BPIC19,duration,B_intake,hgb,platt,0,7446,0.022951719636703415,0.00416330915928015
BPIC19,duration,B_intake,hgb,platt,1,7473,0.0789208712269723,0.030509835407466882
BPIC19,duration,B_intake,hgb,platt,2,6697,0.1330196292414135,0.020755562192026282
BPIC19,duration,B_intake,hgb,platt,3,8561,0.2832996622886435,0.11026749211540708
BPIC19,duration,B_intake,hgb,platt,4,7573,0.49977000348503375,0.2747920242968441
BPIC19,duration,B_intake,hgb,platt,5,7560,0.5846509653206229,0.2582010582010582
BPIC19,duration,B_intake,hgb,platt,6,7551,0.7187469046871487,0.26883856442855253
BPIC19,duration,B_intake,hgb,platt,7,7543,0.8168345146104219,0.18480710592602412
BPIC19,duration,B_intake,hgb,platt,8,7562,0.8887035969393129,0.2527109230362338
BPIC19,duration,B_intake,hgb,platt,9,7555,0.9437174786123219,0.20225016545334215
BPIC19,duration,B_intake,hgb,isotonic,0,7460,0.02839428074715491,0.008981233243967829
BPIC19,duration,B_intake,hgb,isotonic,1,5640,0.07388239361323828,0.029432624113475178
BPIC19,duration,B_intake,hgb,isotonic,2,9461,0.10235813913968214,0.026107176831201777
BPIC19,duration,B_intake,hgb,isotonic,3,7620,0.25673263625392456,0.10958005249343832
BPIC19,duration,B_intake,hgb,isotonic,4,2406,0.494009356316943,0.20407315045719035
BPIC19,duration,B_intake,hgb,isotonic,5,12384,0.5558291055090842,0.2761627906976744
BPIC19,duration,B_intake,hgb,isotonic,6,7842,0.7461923522226429,0.2570772762050497
BPIC19,duration,B_intake,hgb,isotonic,7,7566,0.8272740004667942,0.2014274385408406
BPIC19,duration,B_intake,hgb,isotonic,8,7464,0.8971054300990907,0.24517684887459806
BPIC19,duration,B_intake,hgb,isotonic,9,7678,0.9499390577725333,0.21385777546235998
BPIC19,duration,B_intake_g,logit,raw,0,7243,0.01976009801751347,0.021399972387132402
BPIC19,duration,B_intake_g,logit,raw,1,7735,0.09655922480570783,0.026115061409179057
BPIC19,duration,B_intake_g,logit,raw,2,7679,0.21489547436472292,0.06381039197812215
BPIC19,duration,B_intake_g,logit,raw,3,7549,0.39711041605730923,0.12372499668830308
BPIC19,duration,B_intake_g,logit,raw,4,7472,0.5652488720234324,0.20877944325481798
BPIC19,duration,B_intake_g,logit,raw,5,7633,0.7012978128362884,0.2439407834403249
BPIC19,duration,B_intake_g,logit,raw,6,7348,0.7925567774896105,0.26374523679912903
BPIC19,duration,B_intake_g,logit,raw,7,7757,0.8749443024220916,0.2729147866443213
BPIC19,duration,B_intake_g,logit,raw,8,7548,0.9432402372994011,0.2007154213036566
BPIC19,duration,B_intake_g,logit,raw,9,7557,0.9750775645493808,0.19385999735344714
BPIC19,duration,B_intake_g,logit,platt,0,7359,0.04001530007149683,0.011822258459029759
BPIC19,duration,B_intake_g,logit,platt,1,7407,0.14633067294944127,0.03415687862832456
BPIC19,duration,B_intake_g,logit,platt,2,7809,0.25994810158688497,0.06338839800230503
BPIC19,duration,B_intake_g,logit,platt,3,7438,0.4179527380209221,0.11763915030922291
BPIC19,duration,B_intake_g,logit,platt,4,7713,0.554265151372772,0.19214313496693894
BPIC19,duration,B_intake_g,logit,platt,5,7582,0.6665153055521875,0.26589290424690054
BPIC19,duration,B_intake_g,logit,platt,6,7369,0.7479290848780128,0.27113583932691004
BPIC19,duration,B_intake_g,logit,platt,7,7729,0.8265707007716127,0.25786000776297063
BPIC19,duration,B_intake_g,logit,platt,8,7401,0.9066476004287569,0.21253884610187812
BPIC19,duration,B_intake_g,logit,platt,9,7714,0.9509780428392569,0.19004407570650764
BPIC19,duration,B_intake_g,logit,isotonic,0,6995,0.03791184171586527,0.012151536812008578
BPIC19,duration,B_intake_g,logit,isotonic,1,8070,0.1246088362035393,0.032961586121437424
BPIC19,duration,B_intake_g,logit,isotonic,2,7515,0.23318182188902836,0.06879574184963407
BPIC19,duration,B_intake_g,logit,isotonic,3,6764,0.40742150162630064,0.10068007096392667
BPIC19,duration,B_intake_g,logit,isotonic,4,8377,0.5577051159225906,0.2018622418526919
BPIC19,duration,B_intake_g,logit,isotonic,5,7578,0.6888970004476553,0.25679598838743734
BPIC19,duration,B_intake_g,logit,isotonic,6,7491,0.7669411474339386,0.2528367374182352
BPIC19,duration,B_intake_g,logit,isotonic,7,7625,0.8395903622363913,0.27895081967213115
BPIC19,duration,B_intake_g,logit,isotonic,8,6991,0.9172731972093489,0.21112859390645114
BPIC19,duration,B_intake_g,logit,isotonic,9,8115,0.9474620528188159,0.19162045594577942
BPIC19,duration,B_intake_g,hgb,raw,0,7537,0.011685984620138734,0.012471805758259255
BPIC19,duration,B_intake_g,hgb,raw,1,7244,0.05299552267931648,0.024019878520154612
BPIC19,duration,B_intake_g,hgb,raw,2,7271,0.09937369715868268,0.0525374776509421
BPIC19,duration,B_intake_g,hgb,raw,3,7877,0.20609286065175444,0.09381744318903136
BPIC19,duration,B_intake_g,hgb,raw,4,7831,0.47287091452849506,0.2187460094496233
BPIC19,duration,B_intake_g,hgb,raw,5,7543,0.6308584234150149,0.26806310486543816
BPIC19,duration,B_intake_g,hgb,raw,6,7551,0.7815457517043908,0.20156270692623493
BPIC19,duration,B_intake_g,hgb,raw,7,7521,0.9063580305092884,0.2773567344767983
BPIC19,duration,B_intake_g,hgb,raw,8,7092,0.9593564495312316,0.24450084602368866
BPIC19,duration,B_intake_g,hgb,raw,9,8054,0.985243440152034,0.22001489942885522
BPIC19,duration,B_intake_g,hgb,platt,0,7266,0.037443944109329955,0.009771538673272778
BPIC19,duration,B_intake_g,hgb,platt,1,7222,0.10994045503128305,0.023123788424259207
BPIC19,duration,B_intake_g,hgb,platt,2,8161,0.1696852598759042,0.03651513294939346
BPIC19,duration,B_intake_g,hgb,platt,3,7374,0.32251633704115085,0.1071331705994033
BPIC19,duration,B_intake_g,hgb,platt,4,7513,0.510978534494845,0.24477572208172502
BPIC19,duration,B_intake_g,hgb,platt,5,7766,0.6118066456456351,0.24684522276590265
BPIC19,duration,B_intake_g,hgb,platt,6,7522,0.7226612034157706,0.2863600106354693
BPIC19,duration,B_intake_g,hgb,platt,7,7582,0.822157532680808,0.2465048799788974
BPIC19,duration,B_intake_g,hgb,platt,8,7364,0.9098884092230854,0.2601846822379142
BPIC19,duration,B_intake_g,hgb,platt,9,7751,0.9501166071187188,0.15701199845181266
BPIC19,duration,B_intake_g,hgb,isotonic,0,5438,0.0282587824855909,0.0079073188672306
BPIC19,duration,B_intake_g,hgb,isotonic,1,9637,0.07513816977964508,0.019715679153263464
BPIC19,duration,B_intake_g,hgb,isotonic,2,6721,0.1312652352273182,0.0367504835589942
BPIC19,duration,B_intake_g,hgb,isotonic,3,8285,0.2712573063376846,0.11478575739287869
BPIC19,duration,B_intake_g,hgb,isotonic,4,5951,0.500825045063234,0.22416400604940345
BPIC19,duration,B_intake_g,hgb,isotonic,5,9246,0.624103217660244,0.24161799697166342
BPIC19,duration,B_intake_g,hgb,isotonic,6,7584,0.749975873546376,0.2866561181434599
BPIC19,duration,B_intake_g,hgb,isotonic,7,7520,0.8361816583478404,0.24694148936170213
BPIC19,duration,B_intake_g,hgb,isotonic,8,5518,0.9074204539784968,0.29304095686843057
BPIC19,duration,B_intake_g,hgb,isotonic,9,9621,0.948248722914404,0.16536742542355265
