rep,psi,metric,R,R_psi,abs_shift
0,square,auc,-1.0137520906894624,-1.0137520906894624,0.0
0,square,ap,-1.1030325441728408,-1.1030325441728408,0.0
0,sqrt,auc,-1.0137520906894624,-1.0137520906894624,0.0
0,sqrt,ap,-1.1030325441728408,-1.1030325441728408,0.0
0,logit-shift,auc,-1.0137520906894624,-1.0137520906894624,0.0
0,logit-shift,ap,-1.1030325441728408,-1.1030325441728408,0.0
0,logit-scale,auc,-1.0137520906894624,-1.0137520906894624,0.0
0,logit-scale,ap,-1.1030325441728408,-1.1030325441728408,0.0
0,beta-cdf,auc,-1.0137520906894624,-1.0137520906894624,0.0
0,beta-cdf,ap,-1.1030325441728408,-1.1030325441728408,0.0
0,affine,auc,-1.0137520906894624,-1.0137520906894624,0.0
0,affine,ap,-1.1030325441728408,-1.1030325441728408,0.0
1,square,auc,-0.7707326502996323,-0.7707326502996323,0.0
1,square,ap,-0.8325092215151648,-0.8325092215151648,0.0
1,sqrt,auc,-0.7707326502996323,-0.7707326502996323,0.0
1,sqrt,ap,-0.8325092215151648,-0.8325092215151648,0.0
1,logit-shift,auc,-0.7707326502996323,-0.7707326502996323,0.0
1,logit-shift,ap,-0.8325092215151648,-0.8325092215151648,0.0
1,logit-scale,auc,-0.7707326502996323,-0.7707326502996323,0.0
1,logit-scale,ap,-0.8325092215151648,-0.8325092215151648,0.0
1,beta-cdf,auc,-0.7707326502996323,-0.7707326502996323,0.0
1,beta-cdf,ap,-0.8325092215151648,-0.8325092215151648,0.0
1,affine,auc,-0.7707326502996323,-0.7707326502996323,0.0
1,affine,ap,-0.8325092215151648,-0.8325092215151648,0.0
2,square,auc,-0.7392807745504837,-0.7392807745504837,0.0
2,square,ap,-0.9230404011900162,-0.9230404011900162,0.0
2,sqrt,auc,-0.7392807745504837,-0.7392807745504837,0.0
2,sqrt,ap,-0.9230404011900162,-0.9230404011900162,0.0
2,logit-shift,auc,-0.7392807745504837,-0.7392807745504837,0.0
2,logit-shift,ap,-0.9230404011900162,-0.9230404011900162,0.0
2,logit-scale,auc,-0.7392807745504837,-0.7392807745504837,0.0
2,logit-scale,ap,-0.9230404011900162,-0.9230404011900162,0.0
2,beta-cdf,auc,-0.7392807745504837,-0.7392807745504837,0.0
2,beta-cdf,ap,-0.9230404011900162,-0.9230404011900162,0.0
2,affine,auc,-0.7392807745504837,-0.7392807745504837,0.0
2,affine,ap,-0.9230404011900162,-0.9230404011900162,0.0
3,square,auc,-0.46238269444886293,-0.46238269444886293,0.0
3,square,ap,-0.5890264561019309,-0.5890264561019309,0.0
3,sqrt,auc,-0.46238269444886293,-0.46238269444886293,0.0
3,sqrt,ap,-0.5890264561019309,-0.5890264561019309,0.0
3,logit-shift,auc,-0.46238269444886293,-0.46238269444886293,0.0
3,logit-shift,ap,-0.5890264561019309,-0.5890264561019309,0.0
3,logit-scale,auc,-0.46238269444886293,-0.46238269444886293,0.0
3,logit-scale,ap,-0.5890264561019309,-0.5890264561019309,0.0
3,beta-cdf,auc,-0.46238269444886293,-0.46238269444886293,0.0
3,beta-cdf,ap,-0.5890264561019309,-0.5890264561019309,0.0
3,affine,auc,-0.46238269444886293,-0.46238269444886293,0.0
3,affine,ap,-0.5890264561019309,-0.5890264561019309,0.0
4,square,auc,-0.4018049568965518,-0.4018049568965518,0.0
4,square,ap,-0.3969641474507468,-0.3969641474507468,0.0
4,sqrt,auc,-0.4018049568965518,-0.4018049568965518,0.0
4,sqrt,ap,-0.3969641474507468,-0.3969641474507468,0.0
4,logit-shift,auc,-0.4018049568965518,-0.4018049568965518,0.0
4,logit-shift,ap,-0.3969641474507468,-0.3969641474507468,0.0
4,logit-scale,auc,-0.4018049568965518,-0.4018049568965518,0.0
4,logit-scale,ap,-0.3969641474507468,-0.3969641474507468,0.0
4,beta-cdf,auc,-0.4018049568965518,-0.4018049568965518,0.0
4,beta-cdf,ap,-0.3969641474507468,-0.3969641474507468,0.0
4,affine,auc,-0.4018049568965518,-0.4018049568965518,0.0
4,affine,ap,-0.3969641474507468,-0.3969641474507468,0.0
5,square,auc,-1.1351468048359261,-1.1351468048359261,0.0
5,square,ap,-1.513328601557213,-1.513328601557213,0.0
5,sqrt,auc,-1.1351468048359261,-1.1351468048359261,0.0
5,sqrt,ap,-1.513328601557213,-1.513328601557213,0.0
5,logit-shift,auc,-1.1351468048359261,-1.1351468048359261,0.0
5,logit-shift,ap,-1.513328601557213,-1.513328601557213,0.0
5,logit-scale,auc,-1.1351468048359261,-1.1351468048359261,0.0
5,logit-scale,ap,-1.513328601557213,-1.513328601557213,0.0
5,beta-cdf,auc,-1.1351468048359261,-1.1351468048359261,0.0
5,beta-cdf,ap,-1.513328601557213,-1.513328601557213,0.0
5,affine,auc,-1.1351468048359261,-1.1351468048359261,0.0
5,affine,ap,-1.513328601557213,-1.513328601557213,0.0
6,square,auc,-0.458644743398106,-0.458644743398106,0.0
6,square,ap,-0.5970329030273189,-0.5970329030273189,0.0
6,sqrt,auc,-0.458644743398106,-0.458644743398106,0.0
6,sqrt,ap,-0.5970329030273189,-0.5970329030273189,0.0
6,logit-shift,auc,-0.458644743398106,-0.458644743398106,0.0
6,logit-shift,ap,-0.5970329030273189,-0.5970329030273189,0.0
6,logit-scale,auc,-0.458644743398106,-0.458644743398106,0.0
6,logit-scale,ap,-0.5970329030273189,-0.5970329030273189,0.0
6,beta-cdf,auc,-0.458644743398106,-0.458644743398106,0.0
6,beta-cdf,ap,-0.5970329030273189,-0.5970329030273189,0.0
6,affine,auc,-0.458644743398106,-0.458644743398106,0.0
6,affine,ap,-0.5970329030273189,-0.5970329030273189,0.0
7,square,auc,-0.508655332302937,-0.508655332302937,0.0
7,square,ap,-0.6019749891109865,-0.6019749891109865,0.0
7,sqrt,auc,-0.508655332302937,-0.508655332302937,0.0
7,sqrt,ap,-0.6019749891109865,-0.6019749891109865,0.0
7,logit-shift,auc,-0.508655332302937,-0.508655332302937,0.0
7,logit-shift,ap,-0.6019749891109865,-0.6019749891109865,0.0
7,logit-scale,auc,-0.508655332302937,-0.508655332302937,0.0
7,logit-scale,ap,-0.6019749891109865,-0.6019749891109865,0.0
7,beta-cdf,auc,-0.508655332302937,-0.508655332302937,0.0
7,beta-cdf,ap,-0.6019749891109865,-0.6019749891109865,0.0
7,affine,auc,-0.508655332302937,-0.508655332302937,0.0
7,affine,ap,-0.6019749891109865,-0.6019749891109865,0.0
8,square,auc,-0.5378394873359771,-0.5378394873359771,0.0
8,square,ap,-0.5037943608440669,-0.5037943608440669,0.0
8,sqrt,auc,-0.5378394873359771,-0.5378394873359771,0.0
8,sqrt,ap,-0.5037943608440669,-0.5037943608440669,0.0
8,logit-shift,auc,-0.5378394873359771,-0.5378394873359771,0.0
8,logit-shift,ap,-0.5037943608440669,-0.5037943608440669,0.0
8,logit-scale,auc,-0.5378394873359771,-0.5378394873359771,0.0
8,logit-scale,ap,-0.5037943608440669,-0.5037943608440669,0.0
8,beta-cdf,auc,-0.5378394873359771,-0.5378394873359771,0.0
8,beta-cdf,ap,-0.5037943608440669,-0.5037943608440669,0.0
8,affine,auc,-0.5378394873359771,-0.5378394873359771,0.0
8,affine,ap,-0.5037943608440669,-0.5037943608440669,0.0
9,square,auc,-1.1568627450980409,-1.1568627450980409,0.0
9,square,ap,-1.1803172900711028,-1.1803172900711028,0.0
9,sqrt,auc,-1.1568627450980409,-1.1568627450980409,0.0
9,sqrt,ap,-1.1803172900711028,-1.1803172900711028,0.0
9,logit-shift,auc,-1.1568627450980409,-1.1568627450980409,0.0
9,logit-shift,ap,-1.1803172900711028,-1.1803172900711028,0.0
9,logit-scale,auc,-1.1568627450980409,-1.1568627450980409,0.0
9,logit-scale,ap,-1.1803172900711028,-1.1803172900711028,0.0
9,beta-cdf,auc,-1.1568627450980409,-1.1568627450980409,0.0
9,beta-cdf,ap,-1.1803172900711028,-1.1803172900711028,0.0
9,affine,auc,-1.1568627450980409,-1.1568627450980409,0.0
9,affine,ap,-1.1803172900711028,-1.1803172900711028,0.0
10,square,auc,-0.4524700598802398,-0.4524700598802398,0.0
10,square,ap,-0.49324047072258814,-0.49324047072258814,0.0
10,sqrt,auc,-0.4524700598802398,-0.4524700598802398,0.0
10,sqrt,ap,-0.49324047072258814,-0.49324047072258814,0.0
10,logit-shift,auc,-0.4524700598802398,-0.4524700598802398,0.0
10,logit-shift,ap,-0.49324047072258814,-0.49324047072258814,0.0
10,logit-scale,auc,-0.4524700598802398,-0.4524700598802398,0.0
10,logit-scale,ap,-0.49324047072258814,-0.49324047072258814,0.0
10,beta-cdf,auc,-0.4524700598802398,-0.4524700598802398,0.0
10,beta-cdf,ap,-0.49324047072258814,-0.49324047072258814,0.0
10,affine,auc,-0.4524700598802398,-0.4524700598802398,0.0
10,affine,ap,-0.49324047072258814,-0.49324047072258814,0.0
11,square,auc,-0.39508552156107,-0.39508552156107,0.0
11,square,ap,-0.4303031925699825,-0.4303031925699825,0.0
11,sqrt,auc,-0.39508552156107,-0.39508552156107,0.0
11,sqrt,ap,-0.4303031925699825,-0.4303031925699825,0.0
11,logit-shift,auc,-0.39508552156107,-0.39508552156107,0.0
11,logit-shift,ap,-0.4303031925699825,-0.4303031925699825,0.0
11,logit-scale,auc,-0.39508552156107,-0.39508552156107,0.0
11,logit-scale,ap,-0.4303031925699825,-0.4303031925699825,0.0
11,beta-cdf,auc,-0.39508552156107,-0.39508552156107,0.0
11,beta-cdf,ap,-0.4303031925699825,-0.4303031925699825,0.0
11,affine,auc,-0.39508552156107,-0.39508552156107,0.0
11,affine,ap,-0.4303031925699825,-0.4303031925699825,0.0
12,square,auc,-0.4044138721696755,-0.4044138721696755,0.0
12,square,ap,-0.30055086910014284,-0.30055086910014284,0.0
12,sqrt,auc,-0.4044138721696755,-0.4044138721696755,0.0
12,sqrt,ap,-0.30055086910014284,-0.30055086910014284,0.0
12,logit-shift,auc,-0.4044138721696755,-0.4044138721696755,0.0
12,logit-shift,ap,-0.30055086910014284,-0.30055086910014284,0.0
12,logit-scale,auc,-0.4044138721696755,-0.4044138721696755,0.0
12,logit-scale,ap,-0.30055086910014284,-0.30055086910014284,0.0
12,beta-cdf,auc,-0.4044138721696755,-0.4044138721696755,0.0
12,beta-cdf,ap,-0.30055086910014284,-0.30055086910014284,0.0
12,affine,auc,-0.4044138721696755,-0.4044138721696755,0.0
12,affine,ap,-0.30055086910014284,-0.30055086910014284,0.0
13,square,auc,-0.656644394951744,-0.656644394951744,0.0
13,square,ap,-0.6994040035452509,-0.6994040035452509,0.0
13,sqrt,auc,-0.656644394951744,-0.656644394951744,0.0
13,sqrt,ap,-0.6994040035452509,-0.6994040035452509,0.0
13,logit-shift,auc,-0.656644394951744,-0.656644394951744,0.0
13,logit-shift,ap,-0.6994040035452509,-0.6994040035452509,0.0
13,logit-scale,auc,-0.656644394951744,-0.656644394951744,0.0
13,logit-scale,ap,-0.6994040035452509,-0.6994040035452509,0.0
13,beta-cdf,auc,-0.656644394951744,-0.656644394951744,0.0
13,beta-cdf,ap,-0.6994040035452509,-0.6994040035452509,0.0
13,affine,auc,-0.656644394951744,-0.656644394951744,0.0
13,affine,ap,-0.6994040035452509,-0.6994040035452509,0.0
14,square,auc,-1.076216329087492,-1.076216329087492,0.0
14,square,ap,-1.0543107132944316,-1.0543107132944316,0.0
14,sqrt,auc,-1.076216329087492,-1.076216329087492,0.0
14,sqrt,ap,-1.0543107132944316,-1.0543107132944316,0.0
14,logit-shift,auc,-1.076216329087492,-1.076216329087492,0.0
14,logit-shift,ap,-1.0543107132944316,-1.0543107132944316,0.0
14,logit-scale,auc,-1.076216329087492,-1.076216329087492,0.0
14,logit-scale,ap,-1.0543107132944316,-1.0543107132944316,0.0
14,beta-cdf,auc,-1.076216329087492,-1.076216329087492,0.0
14,beta-cdf,ap,-1.0543107132944316,-1.0543107132944316,0.0
14,affine,auc,-1.076216329087492,-1.076216329087492,0.0
14,affine,ap,-1.0543107132944316,-1.0543107132944316,0.0
15,square,auc,-0.24816240812040635,-0.24816240812040635,0.0
15,square,ap,-0.25178303170370575,-0.25178303170370575,0.0
15,sqrt,auc,-0.24816240812040635,-0.24816240812040635,0.0
15,sqrt,ap,-0.25178303170370575,-0.25178303170370575,0.0
15,logit-shift,auc,-0.24816240812040635,-0.24816240812040635,0.0
15,logit-shift,ap,-0.25178303170370575,-0.25178303170370575,0.0
15,logit-scale,auc,-0.24816240812040635,-0.24816240812040635,0.0
15,logit-scale,ap,-0.25178303170370575,-0.25178303170370575,0.0
15,beta-cdf,auc,-0.24816240812040635,-0.24816240812040635,0.0
15,beta-cdf,ap,-0.25178303170370575,-0.25178303170370575,0.0
15,affine,auc,-0.24816240812040635,-0.24816240812040635,0.0
15,affine,ap,-0.25178303170370575,-0.25178303170370575,0.0
16,square,auc,-0.4840912392851955,-0.4840912392851955,0.0
16,square,ap,-0.5634264820471062,-0.5634264820471062,0.0
16,sqrt,auc,-0.4840912392851955,-0.4840912392851955,0.0
16,sqrt,ap,-0.5634264820471062,-0.5634264820471062,0.0
16,logit-shift,auc,-0.4840912392851955,-0.4840912392851955,0.0
16,logit-shift,ap,-0.5634264820471062,-0.5634264820471062,0.0
16,logit-scale,auc,-0.4840912392851955,-0.4840912392851955,0.0
16,logit-scale,ap,-0.5634264820471062,-0.5634264820471062,0.0
16,beta-cdf,auc,-0.4840912392851955,-0.4840912392851955,0.0
16,beta-cdf,ap,-0.5634264820471062,-0.5634264820471062,0.0
16,affine,auc,-0.4840912392851955,-0.4840912392851955,0.0
16,affine,ap,-0.5634264820471062,-0.5634264820471062,0.0
17,square,auc,-0.41433649289099517,-0.41433649289099517,0.0
17,square,ap,-0.5600828942721097,-0.5600828942721097,0.0
17,sqrt,auc,-0.41433649289099517,-0.41433649289099517,0.0
17,sqrt,ap,-0.5600828942721097,-0.5600828942721097,0.0
17,logit-shift,auc,-0.41433649289099517,-0.41433649289099517,0.0
17,logit-shift,ap,-0.5600828942721097,-0.5600828942721097,0.0
17,logit-scale,auc,-0.41433649289099517,-0.41433649289099517,0.0
17,logit-scale,ap,-0.5600828942721097,-0.5600828942721097,0.0
17,beta-cdf,auc,-0.41433649289099517,-0.41433649289099517,0.0
17,beta-cdf,ap,-0.5600828942721097,-0.5600828942721097,0.0
17,affine,auc,-0.41433649289099517,-0.41433649289099517,0.0
17,affine,ap,-0.5600828942721097,-0.5600828942721097,0.0
18,square,auc,-0.4497145366710593,-0.4497145366710593,0.0
18,square,ap,-0.5899908851679865,-0.5899908851679865,0.0
18,sqrt,auc,-0.4497145366710593,-0.4497145366710593,0.0
18,sqrt,ap,-0.5899908851679865,-0.5899908851679865,0.0
18,logit-shift,auc,-0.4497145366710593,-0.4497145366710593,0.0
18,logit-shift,ap,-0.5899908851679865,-0.5899908851679865,0.0
18,logit-scale,auc,-0.4497145366710593,-0.4497145366710593,0.0
18,logit-scale,ap,-0.5899908851679865,-0.5899908851679865,0.0
18,beta-cdf,auc,-0.4497145366710593,-0.4497145366710593,0.0
18,beta-cdf,ap,-0.5899908851679865,-0.5899908851679865,0.0
18,affine,auc,-0.4497145366710593,-0.4497145366710593,0.0
18,affine,ap,-0.5899908851679865,-0.5899908851679865,0.0
19,square,auc,-0.6014430510221616,-0.6014430510221616,0.0
19,square,ap,-0.7482534087820698,-0.7482534087820698,0.0
19,sqrt,auc,-0.6014430510221616,-0.6014430510221616,0.0
19,sqrt,ap,-0.7482534087820698,-0.7482534087820698,0.0
19,logit-shift,auc,-0.6014430510221616,-0.6014430510221616,0.0
19,logit-shift,ap,-0.7482534087820698,-0.7482534087820698,0.0
19,logit-scale,auc,-0.6014430510221616,-0.6014430510221616,0.0
19,logit-scale,ap,-0.7482534087820698,-0.7482534087820698,0.0
19,beta-cdf,auc,-0.6014430510221616,-0.6014430510221616,0.0
19,beta-cdf,ap,-0.7482534087820698,-0.7482534087820698,0.0
19,affine,auc,-0.6014430510221616,-0.6014430510221616,0.0
19,affine,ap,-0.7482534087820698,-0.7482534087820698,0.0
20,square,auc,-1.1131476050830882,-1.1131476050830882,0.0
20,square,ap,-0.7213011265427767,-0.7213011265427767,0.0
20,sqrt,auc,-1.1131476050830882,-1.1131476050830882,0.0
20,sqrt,ap,-0.7213011265427767,-0.7213011265427767,0.0
20,logit-shift,auc,-1.1131476050830882,-1.1131476050830882,0.0
20,logit-shift,ap,-0.7213011265427767,-0.7213011265427767,0.0
20,logit-scale,auc,-1.1131476050830882,-1.1131476050830882,0.0
20,logit-scale,ap,-0.7213011265427767,-0.7213011265427767,0.0
20,beta-cdf,auc,-1.1131476050830882,-1.1131476050830882,0.0
20,beta-cdf,ap,-0.7213011265427767,-0.7213011265427767,0.0
20,affine,auc,-1.1131476050830882,-1.1131476050830882,0.0
20,affine,ap,-0.7213011265427767,-0.7213011265427767,0.0
21,square,auc,-0.4467206849105654,-0.4467206849105654,0.0
21,square,ap,-1.0286605919186615,-1.0286605919186615,0.0
21,sqrt,auc,-0.4467206849105654,-0.4467206849105654,0.0
21,sqrt,ap,-1.0286605919186615,-1.0286605919186615,0.0
21,logit-shift,auc,-0.4467206849105654,-0.4467206849105654,0.0
21,logit-shift,ap,-1.0286605919186615,-1.0286605919186615,0.0
21,logit-scale,auc,-0.4467206849105654,-0.4467206849105654,0.0
21,logit-scale,ap,-1.0286605919186615,-1.0286605919186615,0.0
21,beta-cdf,auc,-0.4467206849105654,-0.4467206849105654,0.0
21,beta-cdf,ap,-1.0286605919186615,-1.0286605919186615,0.0
21,affine,auc,-0.4467206849105654,-0.4467206849105654,0.0
21,affine,ap,-1.0286605919186615,-1.0286605919186615,0.0
22,square,auc,-0.5925193606854504,-0.5925193606854504,0.0
22,square,ap,-0.7150249740093868,-0.7150249740093868,0.0
22,sqrt,auc,-0.5925193606854504,-0.5925193606854504,0.0
22,sqrt,ap,-0.7150249740093868,-0.7150249740093868,0.0
22,logit-shift,auc,-0.5925193606854504,-0.5925193606854504,0.0
22,logit-shift,ap,-0.7150249740093868,-0.7150249740093868,0.0
22,logit-scale,auc,-0.5925193606854504,-0.5925193606854504,0.0
22,logit-scale,ap,-0.7150249740093868,-0.7150249740093868,0.0
22,beta-cdf,auc,-0.5925193606854504,-0.5925193606854504,0.0
22,beta-cdf,ap,-0.7150249740093868,-0.7150249740093868,0.0
22,affine,auc,-0.5925193606854504,-0.5925193606854504,0.0
22,affine,ap,-0.7150249740093868,-0.7150249740093868,0.0
23,square,auc,-0.6940829429116779,-0.6940829429116779,0.0
23,square,ap,-0.4331421805346134,-0.4331421805346134,0.0
23,sqrt,auc,-0.6940829429116779,-0.6940829429116779,0.0
23,sqrt,ap,-0.4331421805346134,-0.4331421805346134,0.0
23,logit-shift,auc,-0.6940829429116779,-0.6940829429116779,0.0
23,logit-shift,ap,-0.4331421805346134,-0.4331421805346134,0.0
23,logit-scale,auc,-0.6940829429116779,-0.6940829429116779,0.0
23,logit-scale,ap,-0.4331421805346134,-0.4331421805346134,0.0
23,beta-cdf,auc,-0.6940829429116779,-0.6940829429116779,0.0
23,beta-cdf,ap,-0.4331421805346134,-0.4331421805346134,0.0
23,affine,auc,-0.6940829429116779,-0.6940829429116779,0.0
23,affine,ap,-0.4331421805346134,-0.4331421805346134,0.0
24,square,auc,-1.5985549132947954,-1.5985549132947954,0.0
24,square,ap,-1.4537268730436188,-1.4537268730436188,0.0
24,sqrt,auc,-1.5985549132947954,-1.5985549132947954,0.0
24,sqrt,ap,-1.4537268730436188,-1.4537268730436188,0.0
24,logit-shift,auc,-1.5985549132947954,-1.5985549132947954,0.0
24,logit-shift,ap,-1.4537268730436188,-1.4537268730436188,0.0
24,logit-scale,auc,-1.5985549132947954,-1.5985549132947954,0.0
24,logit-scale,ap,-1.4537268730436188,-1.4537268730436188,0.0
24,beta-cdf,auc,-1.5985549132947954,-1.5985549132947954,0.0
24,beta-cdf,ap,-1.4537268730436188,-1.4537268730436188,0.0
24,affine,auc,-1.5985549132947954,-1.5985549132947954,0.0
24,affine,ap,-1.4537268730436188,-1.4537268730436188,0.0
25,square,auc,-0.18615870903343756,-0.18615870903343756,0.0
25,square,ap,-0.2900188570698041,-0.2900188570698041,0.0
25,sqrt,auc,-0.18615870903343756,-0.18615870903343756,0.0
25,sqrt,ap,-0.2900188570698041,-0.2900188570698041,0.0
25,logit-shift,auc,-0.18615870903343756,-0.18615870903343756,0.0
25,logit-shift,ap,-0.2900188570698041,-0.2900188570698041,0.0
25,logit-scale,auc,-0.18615870903343756,-0.18615870903343756,0.0
25,logit-scale,ap,-0.2900188570698041,-0.2900188570698041,0.0
25,beta-cdf,auc,-0.18615870903343756,-0.18615870903343756,0.0
25,beta-cdf,ap,-0.2900188570698041,-0.2900188570698041,0.0
25,affine,auc,-0.18615870903343756,-0.18615870903343756,0.0
25,affine,ap,-0.2900188570698041,-0.2900188570698041,0.0
26,square,auc,-0.7390354868061875,-0.7390354868061875,0.0
26,square,ap,-0.869920030758851,-0.869920030758851,0.0
26,sqrt,auc,-0.7390354868061875,-0.7390354868061875,0.0
26,sqrt,ap,-0.869920030758851,-0.869920030758851,0.0
26,logit-shift,auc,-0.7390354868061875,-0.7390354868061875,0.0
26,logit-shift,ap,-0.869920030758851,-0.869920030758851,0.0
26,logit-scale,auc,-0.7390354868061875,-0.7390354868061875,0.0
26,logit-scale,ap,-0.869920030758851,-0.869920030758851,0.0
26,beta-cdf,auc,-0.7390354868061875,-0.7390354868061875,0.0
26,beta-cdf,ap,-0.869920030758851,-0.869920030758851,0.0
26,affine,auc,-0.7390354868061875,-0.7390354868061875,0.0
26,affine,ap,-0.869920030758851,-0.869920030758851,0.0
27,square,auc,-0.3531253914568453,-0.3531253914568453,0.0
27,square,ap,-0.33009446689630706,-0.33009446689630706,0.0
27,sqrt,auc,-0.3531253914568453,-0.3531253914568453,0.0
27,sqrt,ap,-0.33009446689630706,-0.33009446689630706,0.0
27,logit-shift,auc,-0.3531253914568453,-0.3531253914568453,0.0
27,logit-shift,ap,-0.33009446689630706,-0.33009446689630706,0.0
27,logit-scale,auc,-0.3531253914568453,-0.3531253914568453,0.0
27,logit-scale,ap,-0.33009446689630706,-0.33009446689630706,0.0
27,beta-cdf,auc,-0.3531253914568453,-0.3531253914568453,0.0
27,beta-cdf,ap,-0.33009446689630706,-0.33009446689630706,0.0
27,affine,auc,-0.3531253914568453,-0.3531253914568453,0.0
27,affine,ap,-0.33009446689630706,-0.33009446689630706,0.0
28,square,auc,-0.28595911372261007,-0.28595911372261007,0.0
28,square,ap,-0.16758595302306167,-0.16758595302306167,0.0
28,sqrt,auc,-0.28595911372261007,-0.28595911372261007,0.0
28,sqrt,ap,-0.16758595302306167,-0.16758595302306167,0.0
28,logit-shift,auc,-0.28595911372261007,-0.28595911372261007,0.0
28,logit-shift,ap,-0.16758595302306167,-0.16758595302306167,0.0
28,logit-scale,auc,-0.28595911372261007,-0.28595911372261007,0.0
28,logit-scale,ap,-0.16758595302306167,-0.16758595302306167,0.0
28,beta-cdf,auc,-0.28595911372261007,-0.28595911372261007,0.0
28,beta-cdf,ap,-0.16758595302306167,-0.16758595302306167,0.0
28,affine,auc,-0.28595911372261007,-0.28595911372261007,0.0
28,affine,ap,-0.16758595302306167,-0.16758595302306167,0.0
29,square,auc,-0.38629000907088207,-0.38629000907088207,0.0
29,square,ap,-0.39982875154176556,-0.39982875154176556,0.0
29,sqrt,auc,-0.38629000907088207,-0.38629000907088207,0.0
29,sqrt,ap,-0.39982875154176556,-0.39982875154176556,0.0
29,logit-shift,auc,-0.38629000907088207,-0.38629000907088207,0.0
29,logit-shift,ap,-0.39982875154176556,-0.39982875154176556,0.0
29,logit-scale,auc,-0.38629000907088207,-0.38629000907088207,0.0
29,logit-scale,ap,-0.39982875154176556,-0.39982875154176556,0.0
29,beta-cdf,auc,-0.38629000907088207,-0.38629000907088207,0.0
29,beta-cdf,ap,-0.39982875154176556,-0.39982875154176556,0.0
29,affine,auc,-0.38629000907088207,-0.38629000907088207,0.0
29,affine,ap,-0.39982875154176556,-0.39982875154176556,0.0
30,square,auc,-1.0131812420785797,-1.0131812420785797,0.0
30,square,ap,-1.2806999948499724,-1.2806999948499724,0.0
30,sqrt,auc,-1.0131812420785797,-1.0131812420785797,0.0
30,sqrt,ap,-1.2806999948499724,-1.2806999948499724,0.0
30,logit-shift,auc,-1.0131812420785797,-1.0131812420785797,0.0
30,logit-shift,ap,-1.2806999948499724,-1.2806999948499724,0.0
30,logit-scale,auc,-1.0131812420785797,-1.0131812420785797,0.0
30,logit-scale,ap,-1.2806999948499724,-1.2806999948499724,0.0
30,beta-cdf,auc,-1.0131812420785797,-1.0131812420785797,0.0
30,beta-cdf,ap,-1.2806999948499724,-1.2806999948499724,0.0
30,affine,auc,-1.0131812420785797,-1.0131812420785797,0.0
30,affine,ap,-1.2806999948499724,-1.2806999948499724,0.0
31,square,auc,-0.6691326058812654,-0.6691326058812654,0.0
31,square,ap,-0.7361227795749627,-0.7361227795749627,0.0
31,sqrt,auc,-0.6691326058812654,-0.6691326058812654,0.0
31,sqrt,ap,-0.7361227795749627,-0.7361227795749627,0.0
31,logit-shift,auc,-0.6691326058812654,-0.6691326058812654,0.0
31,logit-shift,ap,-0.7361227795749627,-0.7361227795749627,0.0
31,logit-scale,auc,-0.6691326058812654,-0.6691326058812654,0.0
31,logit-scale,ap,-0.7361227795749627,-0.7361227795749627,0.0
31,beta-cdf,auc,-0.6691326058812654,-0.6691326058812654,0.0
31,beta-cdf,ap,-0.7361227795749627,-0.7361227795749627,0.0
31,affine,auc,-0.6691326058812654,-0.6691326058812654,0.0
31,affine,ap,-0.7361227795749627,-0.7361227795749627,0.0
32,square,auc,-0.6644393741851375,-0.6644393741851375,0.0
32,square,ap,-0.7485860313166639,-0.7485860313166639,0.0
32,sqrt,auc,-0.6644393741851375,-0.6644393741851375,0.0
32,sqrt,ap,-0.7485860313166639,-0.7485860313166639,0.0
32,logit-shift,auc,-0.6644393741851375,-0.6644393741851375,0.0
32,logit-shift,ap,-0.7485860313166639,-0.7485860313166639,0.0
32,logit-scale,auc,-0.6644393741851375,-0.6644393741851375,0.0
32,logit-scale,ap,-0.7485860313166639,-0.7485860313166639,0.0
32,beta-cdf,auc,-0.6644393741851375,-0.6644393741851375,0.0
32,beta-cdf,ap,-0.7485860313166639,-0.7485860313166639,0.0
32,affine,auc,-0.6644393741851375,-0.6644393741851375,0.0
32,affine,ap,-0.7485860313166639,-0.7485860313166639,0.0
33,square,auc,-0.2904972919743969,-0.2904972919743969,0.0
33,square,ap,-0.3014445483717134,-0.3014445483717134,0.0
33,sqrt,auc,-0.2904972919743969,-0.2904972919743969,0.0
33,sqrt,ap,-0.3014445483717134,-0.3014445483717134,0.0
33,logit-shift,auc,-0.2904972919743969,-0.2904972919743969,0.0
33,logit-shift,ap,-0.3014445483717134,-0.3014445483717134,0.0
33,logit-scale,auc,-0.2904972919743969,-0.2904972919743969,0.0
33,logit-scale,ap,-0.3014445483717134,-0.3014445483717134,0.0
33,beta-cdf,auc,-0.2904972919743969,-0.2904972919743969,0.0
33,beta-cdf,ap,-0.3014445483717134,-0.3014445483717134,0.0
33,affine,auc,-0.2904972919743969,-0.2904972919743969,0.0
33,affine,ap,-0.3014445483717134,-0.3014445483717134,0.0
34,square,auc,-0.6930801533686335,-0.6930801533686335,0.0
34,square,ap,-0.6805584381630041,-0.6805584381630041,0.0
34,sqrt,auc,-0.6930801533686335,-0.6930801533686335,0.0
34,sqrt,ap,-0.6805584381630041,-0.6805584381630041,0.0
34,logit-shift,auc,-0.6930801533686335,-0.6930801533686335,0.0
34,logit-shift,ap,-0.6805584381630041,-0.6805584381630041,0.0
34,logit-scale,auc,-0.6930801533686335,-0.6930801533686335,0.0
34,logit-scale,ap,-0.6805584381630041,-0.6805584381630041,0.0
34,beta-cdf,auc,-0.6930801533686335,-0.6930801533686335,0.0
34,beta-cdf,ap,-0.6805584381630041,-0.6805584381630041,0.0
34,affine,auc,-0.6930801533686335,-0.6930801533686335,0.0
34,affine,ap,-0.6805584381630041,-0.6805584381630041,0.0
35,square,auc,-0.5376231710958506,-0.5376231710958506,0.0
35,square,ap,-0.5480146493147049,-0.5480146493147049,0.0
35,sqrt,auc,-0.5376231710958506,-0.5376231710958506,0.0
35,sqrt,ap,-0.5480146493147049,-0.5480146493147049,0.0
35,logit-shift,auc,-0.5376231710958506,-0.5376231710958506,0.0
35,logit-shift,ap,-0.5480146493147049,-0.5480146493147049,0.0
35,logit-scale,auc,-0.5376231710958506,-0.5376231710958506,0.0
35,logit-scale,ap,-0.5480146493147049,-0.5480146493147049,0.0
35,beta-cdf,auc,-0.5376231710958506,-0.5376231710958506,0.0
35,beta-cdf,ap,-0.5480146493147049,-0.5480146493147049,0.0
35,affine,auc,-0.5376231710958506,-0.5376231710958506,0.0
35,affine,ap,-0.5480146493147049,-0.5480146493147049,0.0
36,square,auc,-1.1737948084054404,-1.1737948084054404,0.0
36,square,ap,-1.7658567148189097,-1.7658567148189097,0.0
36,sqrt,auc,-1.1737948084054404,-1.1737948084054404,0.0
36,sqrt,ap,-1.7658567148189097,-1.7658567148189097,0.0
36,logit-shift,auc,-1.1737948084054404,-1.1737948084054404,0.0
36,logit-shift,ap,-1.7658567148189097,-1.7658567148189097,0.0
36,logit-scale,auc,-1.1737948084054404,-1.1737948084054404,0.0
36,logit-scale,ap,-1.7658567148189097,-1.7658567148189097,0.0
36,beta-cdf,auc,-1.1737948084054404,-1.1737948084054404,0.0
36,beta-cdf,ap,-1.7658567148189097,-1.7658567148189097,0.0
36,affine,auc,-1.1737948084054404,-1.1737948084054404,0.0
36,affine,ap,-1.7658567148189097,-1.7658567148189097,0.0
37,square,auc,-0.4996799999999988,-0.4996799999999988,0.0
37,square,ap,-0.6047677703083851,-0.6047677703083851,0.0
37,sqrt,auc,-0.4996799999999988,-0.4996799999999988,0.0
37,sqrt,ap,-0.6047677703083851,-0.6047677703083851,0.0
37,logit-shift,auc,-0.4996799999999988,-0.4996799999999988,0.0
37,logit-shift,ap,-0.6047677703083851,-0.6047677703083851,0.0
37,logit-scale,auc,-0.4996799999999988,-0.4996799999999988,0.0
37,logit-scale,ap,-0.6047677703083851,-0.6047677703083851,0.0
37,beta-cdf,auc,-0.4996799999999988,-0.4996799999999988,0.0
37,beta-cdf,ap,-0.6047677703083851,-0.6047677703083851,0.0
37,affine,auc,-0.4996799999999988,-0.4996799999999988,0.0
37,affine,ap,-0.6047677703083851,-0.6047677703083851,0.0
38,square,auc,-0.6054974230829302,-0.6054974230829302,0.0
38,square,ap,-0.549234934276212,-0.549234934276212,0.0
38,sqrt,auc,-0.6054974230829302,-0.6054974230829302,0.0
38,sqrt,ap,-0.549234934276212,-0.549234934276212,0.0
38,logit-shift,auc,-0.6054974230829302,-0.6054974230829302,0.0
38,logit-shift,ap,-0.549234934276212,-0.549234934276212,0.0
38,logit-scale,auc,-0.6054974230829302,-0.6054974230829302,0.0
38,logit-scale,ap,-0.549234934276212,-0.549234934276212,0.0
38,beta-cdf,auc,-0.6054974230829302,-0.6054974230829302,0.0
38,beta-cdf,ap,-0.549234934276212,-0.549234934276212,0.0
38,affine,auc,-0.6054974230829302,-0.6054974230829302,0.0
38,affine,ap,-0.549234934276212,-0.549234934276212,0.0
39,square,auc,-0.744676694666927,-0.744676694666927,0.0
39,square,ap,-0.6397116901545599,-0.6397116901545599,0.0
39,sqrt,auc,-0.744676694666927,-0.744676694666927,0.0
39,sqrt,ap,-0.6397116901545599,-0.6397116901545599,0.0
39,logit-shift,auc,-0.744676694666927,-0.744676694666927,0.0
39,logit-shift,ap,-0.6397116901545599,-0.6397116901545599,0.0
39,logit-scale,auc,-0.744676694666927,-0.744676694666927,0.0
39,logit-scale,ap,-0.6397116901545599,-0.6397116901545599,0.0
39,beta-cdf,auc,-0.744676694666927,-0.744676694666927,0.0
39,beta-cdf,ap,-0.6397116901545599,-0.6397116901545599,0.0
39,affine,auc,-0.744676694666927,-0.744676694666927,0.0
39,affine,ap,-0.6397116901545599,-0.6397116901545599,0.0
40,square,auc,-0.8679316888045554,-0.8679316888045554,0.0
40,square,ap,-1.2079987963127743,-1.2079987963127743,0.0
40,sqrt,auc,-0.8679316888045554,-0.8679316888045554,0.0
40,sqrt,ap,-1.2079987963127743,-1.2079987963127743,0.0
40,logit-shift,auc,-0.8679316888045554,-0.8679316888045554,0.0
40,logit-shift,ap,-1.2079987963127743,-1.2079987963127743,0.0
40,logit-scale,auc,-0.8679316888045554,-0.8679316888045554,0.0
40,logit-scale,ap,-1.2079987963127743,-1.2079987963127743,0.0
40,beta-cdf,auc,-0.8679316888045554,-0.8679316888045554,0.0
40,beta-cdf,ap,-1.2079987963127743,-1.2079987963127743,0.0
40,affine,auc,-0.8679316888045554,-0.8679316888045554,0.0
40,affine,ap,-1.2079987963127743,-1.2079987963127743,0.0
41,square,auc,-0.5176338570054502,-0.5176338570054502,0.0
41,square,ap,-0.5594972247651597,-0.5594972247651597,0.0
41,sqrt,auc,-0.5176338570054502,-0.5176338570054502,0.0
41,sqrt,ap,-0.5594972247651597,-0.5594972247651597,0.0
41,logit-shift,auc,-0.5176338570054502,-0.5176338570054502,0.0
41,logit-shift,ap,-0.5594972247651597,-0.5594972247651597,0.0
41,logit-scale,auc,-0.5176338570054502,-0.5176338570054502,0.0
41,logit-scale,ap,-0.5594972247651597,-0.5594972247651597,0.0
41,beta-cdf,auc,-0.5176338570054502,-0.5176338570054502,0.0
41,beta-cdf,ap,-0.5594972247651597,-0.5594972247651597,0.0
41,affine,auc,-0.5176338570054502,-0.5176338570054502,0.0
41,affine,ap,-0.5594972247651597,-0.5594972247651597,0.0
42,square,auc,-0.6229123937884544,-0.6229123937884544,0.0
42,square,ap,-0.6751807408334958,-0.6751807408334958,0.0
42,sqrt,auc,-0.6229123937884544,-0.6229123937884544,0.0
42,sqrt,ap,-0.6751807408334958,-0.6751807408334958,0.0
42,logit-shift,auc,-0.6229123937884544,-0.6229123937884544,0.0
42,logit-shift,ap,-0.6751807408334958,-0.6751807408334958,0.0
42,logit-scale,auc,-0.6229123937884544,-0.6229123937884544,0.0
42,logit-scale,ap,-0.6751807408334958,-0.6751807408334958,0.0
42,beta-cdf,auc,-0.6229123937884544,-0.6229123937884544,0.0
42,beta-cdf,ap,-0.6751807408334958,-0.6751807408334958,0.0
42,affine,auc,-0.6229123937884544,-0.6229123937884544,0.0
42,affine,ap,-0.6751807408334958,-0.6751807408334958,0.0
43,square,auc,-0.579896907216495,-0.579896907216495,0.0
43,square,ap,-0.8037964903760699,-0.8037964903760699,0.0
43,sqrt,auc,-0.579896907216495,-0.579896907216495,0.0
43,sqrt,ap,-0.8037964903760699,-0.8037964903760699,0.0
43,logit-shift,auc,-0.579896907216495,-0.579896907216495,0.0
43,logit-shift,ap,-0.8037964903760699,-0.8037964903760699,0.0
43,logit-scale,auc,-0.579896907216495,-0.579896907216495,0.0
43,logit-scale,ap,-0.8037964903760699,-0.8037964903760699,0.0
43,beta-cdf,auc,-0.579896907216495,-0.579896907216495,0.0
43,beta-cdf,ap,-0.8037964903760699,-0.8037964903760699,0.0
43,affine,auc,-0.579896907216495,-0.579896907216495,0.0
43,affine,ap,-0.8037964903760699,-0.8037964903760699,0.0
44,square,auc,-0.40228862047043834,-0.40228862047043834,0.0
44,square,ap,-0.6616414896280873,-0.6616414896280873,0.0
44,sqrt,auc,-0.40228862047043834,-0.40228862047043834,0.0
44,sqrt,ap,-0.6616414896280873,-0.6616414896280873,0.0
44,logit-shift,auc,-0.40228862047043834,-0.40228862047043834,0.0
44,logit-shift,ap,-0.6616414896280873,-0.6616414896280873,0.0
44,logit-scale,auc,-0.40228862047043834,-0.40228862047043834,0.0
44,logit-scale,ap,-0.6616414896280873,-0.6616414896280873,0.0
44,beta-cdf,auc,-0.40228862047043834,-0.40228862047043834,0.0
44,beta-cdf,ap,-0.6616414896280873,-0.6616414896280873,0.0
44,affine,auc,-0.40228862047043834,-0.40228862047043834,0.0
44,affine,ap,-0.6616414896280873,-0.6616414896280873,0.0
45,square,auc,-0.4014039566049774,-0.4014039566049774,0.0
45,square,ap,-0.2896893084361247,-0.2896893084361247,0.0
45,sqrt,auc,-0.4014039566049774,-0.4014039566049774,0.0
45,sqrt,ap,-0.2896893084361247,-0.2896893084361247,0.0
45,logit-shift,auc,-0.4014039566049774,-0.4014039566049774,0.0
45,logit-shift,ap,-0.2896893084361247,-0.2896893084361247,0.0
45,logit-scale,auc,-0.4014039566049774,-0.4014039566049774,0.0
45,logit-scale,ap,-0.2896893084361247,-0.2896893084361247,0.0
45,beta-cdf,auc,-0.4014039566049774,-0.4014039566049774,0.0
45,beta-cdf,ap,-0.2896893084361247,-0.2896893084361247,0.0
45,affine,auc,-0.4014039566049774,-0.4014039566049774,0.0
45,affine,ap,-0.2896893084361247,-0.2896893084361247,0.0
46,square,auc,-0.9989391046042844,-0.9989391046042844,0.0
46,square,ap,-1.4807281709491806,-1.4807281709491806,0.0
46,sqrt,auc,-0.9989391046042844,-0.9989391046042844,0.0
46,sqrt,ap,-1.4807281709491806,-1.4807281709491806,0.0
46,logit-shift,auc,-0.9989391046042844,-0.9989391046042844,0.0
46,logit-shift,ap,-1.4807281709491806,-1.4807281709491806,0.0
46,logit-scale,auc,-0.9989391046042844,-0.9989391046042844,0.0
46,logit-scale,ap,-1.4807281709491806,-1.4807281709491806,0.0
46,beta-cdf,auc,-0.9989391046042844,-0.9989391046042844,0.0
46,beta-cdf,ap,-1.4807281709491806,-1.4807281709491806,0.0
46,affine,auc,-0.9989391046042844,-0.9989391046042844,0.0
46,affine,ap,-1.4807281709491806,-1.4807281709491806,0.0
47,square,auc,-0.7750534803356919,-0.7750534803356919,0.0
47,square,ap,-0.9869427776548234,-0.9869427776548234,0.0
47,sqrt,auc,-0.7750534803356919,-0.7750534803356919,0.0
47,sqrt,ap,-0.9869427776548234,-0.9869427776548234,0.0
47,logit-shift,auc,-0.7750534803356919,-0.7750534803356919,0.0
47,logit-shift,ap,-0.9869427776548234,-0.9869427776548234,0.0
47,logit-scale,auc,-0.7750534803356919,-0.7750534803356919,0.0
47,logit-scale,ap,-0.9869427776548234,-0.9869427776548234,0.0
47,beta-cdf,auc,-0.7750534803356919,-0.7750534803356919,0.0
47,beta-cdf,ap,-0.9869427776548234,-0.9869427776548234,0.0
47,affine,auc,-0.7750534803356919,-0.7750534803356919,0.0
47,affine,ap,-0.9869427776548234,-0.9869427776548234,0.0
48,square,auc,-0.27154730729818977,-0.27154730729818977,0.0
48,square,ap,-0.3995730553288315,-0.3995730553288315,0.0
48,sqrt,auc,-0.27154730729818977,-0.27154730729818977,0.0
48,sqrt,ap,-0.3995730553288315,-0.3995730553288315,0.0
48,logit-shift,auc,-0.27154730729818977,-0.27154730729818977,0.0
48,logit-shift,ap,-0.3995730553288315,-0.3995730553288315,0.0
48,logit-scale,auc,-0.27154730729818977,-0.27154730729818977,0.0
48,logit-scale,ap,-0.3995730553288315,-0.3995730553288315,0.0
48,beta-cdf,auc,-0.27154730729818977,-0.27154730729818977,0.0
48,beta-cdf,ap,-0.3995730553288315,-0.3995730553288315,0.0
48,affine,auc,-0.27154730729818977,-0.27154730729818977,0.0
48,affine,ap,-0.3995730553288315,-0.3995730553288315,0.0
49,square,auc,-0.7344142057517855,-0.7344142057517855,0.0
49,square,ap,-0.7353164519987325,-0.7353164519987325,0.0
49,sqrt,auc,-0.7344142057517855,-0.7344142057517855,0.0
49,sqrt,ap,-0.7353164519987325,-0.7353164519987325,0.0
49,logit-shift,auc,-0.7344142057517855,-0.7344142057517855,0.0
49,logit-shift,ap,-0.7353164519987325,-0.7353164519987325,0.0
49,logit-scale,auc,-0.7344142057517855,-0.7344142057517855,0.0
49,logit-scale,ap,-0.7353164519987325,-0.7353164519987325,0.0
49,beta-cdf,auc,-0.7344142057517855,-0.7344142057517855,0.0
49,beta-cdf,ap,-0.7353164519987325,-0.7353164519987325,0.0
49,affine,auc,-0.7344142057517855,-0.7344142057517855,0.0
49,affine,ap,-0.7353164519987325,-0.7353164519987325,0.0
50,square,auc,-0.4946925329428997,-0.4946925329428997,0.0
50,square,ap,-0.38342840405333556,-0.38342840405333556,0.0
50,sqrt,auc,-0.4946925329428997,-0.4946925329428997,0.0
50,sqrt,ap,-0.38342840405333556,-0.38342840405333556,0.0
50,logit-shift,auc,-0.4946925329428997,-0.4946925329428997,0.0
50,logit-shift,ap,-0.38342840405333556,-0.38342840405333556,0.0
50,logit-scale,auc,-0.4946925329428997,-0.4946925329428997,0.0
50,logit-scale,ap,-0.38342840405333556,-0.38342840405333556,0.0
50,beta-cdf,auc,-0.4946925329428997,-0.4946925329428997,0.0
50,beta-cdf,ap,-0.38342840405333556,-0.38342840405333556,0.0
50,affine,auc,-0.4946925329428997,-0.4946925329428997,0.0
50,affine,ap,-0.38342840405333556,-0.38342840405333556,0.0
51,square,auc,-0.5214067278287455,-0.5214067278287455,0.0
51,square,ap,-0.730354055619681,-0.730354055619681,0.0
51,sqrt,auc,-0.5214067278287455,-0.5214067278287455,0.0
51,sqrt,ap,-0.730354055619681,-0.730354055619681,0.0
51,logit-shift,auc,-0.5214067278287455,-0.5214067278287455,0.0
51,logit-shift,ap,-0.730354055619681,-0.730354055619681,0.0
51,logit-scale,auc,-0.5214067278287455,-0.5214067278287455,0.0
51,logit-scale,ap,-0.730354055619681,-0.730354055619681,0.0
51,beta-cdf,auc,-0.5214067278287455,-0.5214067278287455,0.0
51,beta-cdf,ap,-0.730354055619681,-0.730354055619681,0.0
51,affine,auc,-0.5214067278287455,-0.5214067278287455,0.0
51,affine,ap,-0.730354055619681,-0.730354055619681,0.0
52,square,auc,-0.3012075386525215,-0.3012075386525215,0.0
52,square,ap,-0.3225896193532396,-0.3225896193532396,0.0
52,sqrt,auc,-0.3012075386525215,-0.3012075386525215,0.0
52,sqrt,ap,-0.3225896193532396,-0.3225896193532396,0.0
52,logit-shift,auc,-0.3012075386525215,-0.3012075386525215,0.0
52,logit-shift,ap,-0.3225896193532396,-0.3225896193532396,0.0
52,logit-scale,auc,-0.3012075386525215,-0.3012075386525215,0.0
52,logit-scale,ap,-0.3225896193532396,-0.3225896193532396,0.0
52,beta-cdf,auc,-0.3012075386525215,-0.3012075386525215,0.0
52,beta-cdf,ap,-0.3225896193532396,-0.3225896193532396,0.0
52,affine,auc,-0.3012075386525215,-0.3012075386525215,0.0
52,affine,ap,-0.3225896193532396,-0.3225896193532396,0.0
53,square,auc,-0.6988920657612594,-0.6988920657612594,0.0
53,square,ap,-0.7397957611057147,-0.7397957611057147,0.0
53,sqrt,auc,-0.6988920657612594,-0.6988920657612594,0.0
53,sqrt,ap,-0.7397957611057147,-0.7397957611057147,0.0
53,logit-shift,auc,-0.6988920657612594,-0.6988920657612594,0.0
53,logit-shift,ap,-0.7397957611057147,-0.7397957611057147,0.0
53,logit-scale,auc,-0.6988920657612594,-0.6988920657612594,0.0
53,logit-scale,ap,-0.7397957611057147,-0.7397957611057147,0.0
53,beta-cdf,auc,-0.6988920657612594,-0.6988920657612594,0.0
53,beta-cdf,ap,-0.7397957611057147,-0.7397957611057147,0.0
53,affine,auc,-0.6988920657612594,-0.6988920657612594,0.0
53,affine,ap,-0.7397957611057147,-0.7397957611057147,0.0
54,square,auc,-0.6293967968866949,-0.6293967968866949,0.0
54,square,ap,-0.4939750859336183,-0.4939750859336183,0.0
54,sqrt,auc,-0.6293967968866949,-0.6293967968866949,0.0
54,sqrt,ap,-0.4939750859336183,-0.4939750859336183,0.0
54,logit-shift,auc,-0.6293967968866949,-0.6293967968866949,0.0
54,logit-shift,ap,-0.4939750859336183,-0.4939750859336183,0.0
54,logit-scale,auc,-0.6293967968866949,-0.6293967968866949,0.0
54,logit-scale,ap,-0.4939750859336183,-0.4939750859336183,0.0
54,beta-cdf,auc,-0.6293967968866949,-0.6293967968866949,0.0
54,beta-cdf,ap,-0.4939750859336183,-0.4939750859336183,0.0
54,affine,auc,-0.6293967968866949,-0.6293967968866949,0.0
54,affine,ap,-0.4939750859336183,-0.4939750859336183,0.0
55,square,auc,-0.7032430031097294,-0.7032430031097294,0.0
55,square,ap,-0.7276761307567676,-0.7276761307567676,0.0
55,sqrt,auc,-0.7032430031097294,-0.7032430031097294,0.0
55,sqrt,ap,-0.7276761307567676,-0.7276761307567676,0.0
55,logit-shift,auc,-0.7032430031097294,-0.7032430031097294,0.0
55,logit-shift,ap,-0.7276761307567676,-0.7276761307567676,0.0
55,logit-scale,auc,-0.7032430031097294,-0.7032430031097294,0.0
55,logit-scale,ap,-0.7276761307567676,-0.7276761307567676,0.0
55,beta-cdf,auc,-0.7032430031097294,-0.7032430031097294,0.0
55,beta-cdf,ap,-0.7276761307567676,-0.7276761307567676,0.0
55,affine,auc,-0.7032430031097294,-0.7032430031097294,0.0
55,affine,ap,-0.7276761307567676,-0.7276761307567676,0.0
56,square,auc,-0.5878237570705565,-0.5878237570705565,0.0
56,square,ap,-0.6379033833233729,-0.6379033833233729,0.0
56,sqrt,auc,-0.5878237570705565,-0.5878237570705565,0.0
56,sqrt,ap,-0.6379033833233729,-0.6379033833233729,0.0
56,logit-shift,auc,-0.5878237570705565,-0.5878237570705565,0.0
56,logit-shift,ap,-0.6379033833233729,-0.6379033833233729,0.0
56,logit-scale,auc,-0.5878237570705565,-0.5878237570705565,0.0
56,logit-scale,ap,-0.6379033833233729,-0.6379033833233729,0.0
56,beta-cdf,auc,-0.5878237570705565,-0.5878237570705565,0.0
56,beta-cdf,ap,-0.6379033833233729,-0.6379033833233729,0.0
56,affine,auc,-0.5878237570705565,-0.5878237570705565,0.0
56,affine,ap,-0.6379033833233729,-0.6379033833233729,0.0
57,square,auc,-0.7715273412947832,-0.7715273412947832,0.0
57,square,ap,-0.8971635578848483,-0.8971635578848483,0.0
57,sqrt,auc,-0.7715273412947832,-0.7715273412947832,0.0
57,sqrt,ap,-0.8971635578848483,-0.8971635578848483,0.0
57,logit-shift,auc,-0.7715273412947832,-0.7715273412947832,0.0
57,logit-shift,ap,-0.8971635578848483,-0.8971635578848483,0.0
57,logit-scale,auc,-0.7715273412947832,-0.7715273412947832,0.0
57,logit-scale,ap,-0.8971635578848483,-0.8971635578848483,0.0
57,beta-cdf,auc,-0.7715273412947832,-0.7715273412947832,0.0
57,beta-cdf,ap,-0.8971635578848483,-0.8971635578848483,0.0
57,affine,auc,-0.7715273412947832,-0.7715273412947832,0.0
57,affine,ap,-0.8971635578848483,-0.8971635578848483,0.0
58,square,auc,-0.610615618881879,-0.610615618881879,0.0
58,square,ap,-0.968979164363436,-0.968979164363436,0.0
58,sqrt,auc,-0.610615618881879,-0.610615618881879,0.0
58,sqrt,ap,-0.968979164363436,-0.968979164363436,0.0
58,logit-shift,auc,-0.610615618881879,-0.610615618881879,0.0
58,logit-shift,ap,-0.968979164363436,-0.968979164363436,0.0
58,logit-scale,auc,-0.610615618881879,-0.610615618881879,0.0
58,logit-scale,ap,-0.968979164363436,-0.968979164363436,0.0
58,beta-cdf,auc,-0.610615618881879,-0.610615618881879,0.0
58,beta-cdf,ap,-0.968979164363436,-0.968979164363436,0.0
58,affine,auc,-0.610615618881879,-0.610615618881879,0.0
58,affine,ap,-0.968979164363436,-0.968979164363436,0.0
59,square,auc,-0.7418285886428679,-0.7418285886428679,0.0
59,square,ap,-0.7854104792983647,-0.7854104792983647,0.0
59,sqrt,auc,-0.7418285886428679,-0.7418285886428679,0.0
59,sqrt,ap,-0.7854104792983647,-0.7854104792983647,0.0
59,logit-shift,auc,-0.7418285886428679,-0.7418285886428679,0.0
59,logit-shift,ap,-0.7854104792983647,-0.7854104792983647,0.0
59,logit-scale,auc,-0.7418285886428679,-0.7418285886428679,0.0
59,logit-scale,ap,-0.7854104792983647,-0.7854104792983647,0.0
59,beta-cdf,auc,-0.7418285886428679,-0.7418285886428679,0.0
59,beta-cdf,ap,-0.7854104792983647,-0.7854104792983647,0.0
59,affine,auc,-0.7418285886428679,-0.7418285886428679,0.0
59,affine,ap,-0.7854104792983647,-0.7854104792983647,0.0
60,square,auc,-0.9517255136644727,-0.9517255136644727,0.0
60,square,ap,-0.9589758415877334,-0.9589758415877334,0.0
60,sqrt,auc,-0.9517255136644727,-0.9517255136644727,0.0
60,sqrt,ap,-0.9589758415877334,-0.9589758415877334,0.0
60,logit-shift,auc,-0.9517255136644727,-0.9517255136644727,0.0
60,logit-shift,ap,-0.9589758415877334,-0.9589758415877334,0.0
60,logit-scale,auc,-0.9517255136644727,-0.9517255136644727,0.0
60,logit-scale,ap,-0.9589758415877334,-0.9589758415877334,0.0
60,beta-cdf,auc,-0.9517255136644727,-0.9517255136644727,0.0
60,beta-cdf,ap,-0.9589758415877334,-0.9589758415877334,0.0
60,affine,auc,-0.9517255136644727,-0.9517255136644727,0.0
60,affine,ap,-0.9589758415877334,-0.9589758415877334,0.0
61,square,auc,-0.15946181636975165,-0.15946181636975165,0.0
61,square,ap,-0.15936568603457046,-0.15936568603457046,0.0
61,sqrt,auc,-0.15946181636975165,-0.15946181636975165,0.0
61,sqrt,ap,-0.15936568603457046,-0.15936568603457046,0.0
61,logit-shift,auc,-0.15946181636975165,-0.15946181636975165,0.0
61,logit-shift,ap,-0.15936568603457046,-0.15936568603457046,0.0
61,logit-scale,auc,-0.15946181636975165,-0.15946181636975165,0.0
61,logit-scale,ap,-0.15936568603457046,-0.15936568603457046,0.0
61,beta-cdf,auc,-0.15946181636975165,-0.15946181636975165,0.0
61,beta-cdf,ap,-0.15936568603457046,-0.15936568603457046,0.0
61,affine,auc,-0.15946181636975165,-0.15946181636975165,0.0
61,affine,ap,-0.15936568603457046,-0.15936568603457046,0.0
62,square,auc,-0.3600461597640725,-0.3600461597640725,0.0
62,square,ap,-0.4651976756000493,-0.4651976756000493,0.0
62,sqrt,auc,-0.3600461597640725,-0.3600461597640725,0.0
62,sqrt,ap,-0.4651976756000493,-0.4651976756000493,0.0
62,logit-shift,auc,-0.3600461597640725,-0.3600461597640725,0.0
62,logit-shift,ap,-0.4651976756000493,-0.4651976756000493,0.0
62,logit-scale,auc,-0.3600461597640725,-0.3600461597640725,0.0
62,logit-scale,ap,-0.4651976756000493,-0.4651976756000493,0.0
62,beta-cdf,auc,-0.3600461597640725,-0.3600461597640725,0.0
62,beta-cdf,ap,-0.4651976756000493,-0.4651976756000493,0.0
62,affine,auc,-0.3600461597640725,-0.3600461597640725,0.0
62,affine,ap,-0.4651976756000493,-0.4651976756000493,0.0
63,square,auc,-0.5923681624631507,-0.5923681624631507,0.0
63,square,ap,-0.8267854979548894,-0.8267854979548894,0.0
63,sqrt,auc,-0.5923681624631507,-0.5923681624631507,0.0
63,sqrt,ap,-0.8267854979548894,-0.8267854979548894,0.0
63,logit-shift,auc,-0.5923681624631507,-0.5923681624631507,0.0
63,logit-shift,ap,-0.8267854979548894,-0.8267854979548894,0.0
63,logit-scale,auc,-0.5923681624631507,-0.5923681624631507,0.0
63,logit-scale,ap,-0.8267854979548894,-0.8267854979548894,0.0
63,beta-cdf,auc,-0.5923681624631507,-0.5923681624631507,0.0
63,beta-cdf,ap,-0.8267854979548894,-0.8267854979548894,0.0
63,affine,auc,-0.5923681624631507,-0.5923681624631507,0.0
63,affine,ap,-0.8267854979548894,-0.8267854979548894,0.0
64,square,auc,-0.715529753265602,-0.715529753265602,0.0
64,square,ap,-0.7182789481772651,-0.7182789481772651,0.0
64,sqrt,auc,-0.715529753265602,-0.715529753265602,0.0
64,sqrt,ap,-0.7182789481772651,-0.7182789481772651,0.0
64,logit-shift,auc,-0.715529753265602,-0.715529753265602,0.0
64,logit-shift,ap,-0.7182789481772651,-0.7182789481772651,0.0
64,logit-scale,auc,-0.715529753265602,-0.715529753265602,0.0
64,logit-scale,ap,-0.7182789481772651,-0.7182789481772651,0.0
64,beta-cdf,auc,-0.715529753265602,-0.715529753265602,0.0
64,beta-cdf,ap,-0.7182789481772651,-0.7182789481772651,0.0
64,affine,auc,-0.715529753265602,-0.715529753265602,0.0
64,affine,ap,-0.7182789481772651,-0.7182789481772651,0.0
65,square,auc,-0.5561988138943799,-0.5561988138943799,0.0
65,square,ap,-0.4996392960171756,-0.4996392960171756,0.0
65,sqrt,auc,-0.5561988138943799,-0.5561988138943799,0.0
65,sqrt,ap,-0.4996392960171756,-0.4996392960171756,0.0
65,logit-shift,auc,-0.5561988138943799,-0.5561988138943799,0.0
65,logit-shift,ap,-0.4996392960171756,-0.4996392960171756,0.0
65,logit-scale,auc,-0.5561988138943799,-0.5561988138943799,0.0
65,logit-scale,ap,-0.4996392960171756,-0.4996392960171756,0.0
65,beta-cdf,auc,-0.5561988138943799,-0.5561988138943799,0.0
65,beta-cdf,ap,-0.4996392960171756,-0.4996392960171756,0.0
65,affine,auc,-0.5561988138943799,-0.5561988138943799,0.0
65,affine,ap,-0.4996392960171756,-0.4996392960171756,0.0
66,square,auc,-0.6687957625798417,-0.6687957625798417,0.0
66,square,ap,-0.9964933443177983,-0.9964933443177983,0.0
66,sqrt,auc,-0.6687957625798417,-0.6687957625798417,0.0
66,sqrt,ap,-0.9964933443177983,-0.9964933443177983,0.0
66,logit-shift,auc,-0.6687957625798417,-0.6687957625798417,0.0
66,logit-shift,ap,-0.9964933443177983,-0.9964933443177983,0.0
66,logit-scale,auc,-0.6687957625798417,-0.6687957625798417,0.0
66,logit-scale,ap,-0.9964933443177983,-0.9964933443177983,0.0
66,beta-cdf,auc,-0.6687957625798417,-0.6687957625798417,0.0
66,beta-cdf,ap,-0.9964933443177983,-0.9964933443177983,0.0
66,affine,auc,-0.6687957625798417,-0.6687957625798417,0.0
66,affine,ap,-0.9964933443177983,-0.9964933443177983,0.0
67,square,auc,-0.38517796196977105,-0.38517796196977105,0.0
67,square,ap,-0.546408765070103,-0.546408765070103,0.0
67,sqrt,auc,-0.38517796196977105,-0.38517796196977105,0.0
67,sqrt,ap,-0.546408765070103,-0.546408765070103,0.0
67,logit-shift,auc,-0.38517796196977105,-0.38517796196977105,0.0
67,logit-shift,ap,-0.546408765070103,-0.546408765070103,0.0
67,logit-scale,auc,-0.38517796196977105,-0.38517796196977105,0.0
67,logit-scale,ap,-0.546408765070103,-0.546408765070103,0.0
67,beta-cdf,auc,-0.38517796196977105,-0.38517796196977105,0.0
67,beta-cdf,ap,-0.546408765070103,-0.546408765070103,0.0
67,affine,auc,-0.38517796196977105,-0.38517796196977105,0.0
67,affine,ap,-0.546408765070103,-0.546408765070103,0.0
68,square,auc,-1.1049655850540816,-1.1049655850540816,0.0
68,square,ap,-0.7524915631881879,-0.7524915631881879,0.0
68,sqrt,auc,-1.1049655850540816,-1.1049655850540816,0.0
68,sqrt,ap,-0.7524915631881879,-0.7524915631881879,0.0
68,logit-shift,auc,-1.1049655850540816,-1.1049655850540816,0.0
68,logit-shift,ap,-0.7524915631881879,-0.7524915631881879,0.0
68,logit-scale,auc,-1.1049655850540816,-1.1049655850540816,0.0
68,logit-scale,ap,-0.7524915631881879,-0.7524915631881879,0.0
68,beta-cdf,auc,-1.1049655850540816,-1.1049655850540816,0.0
68,beta-cdf,ap,-0.7524915631881879,-0.7524915631881879,0.0
68,affine,auc,-1.1049655850540816,-1.1049655850540816,0.0
68,affine,ap,-0.7524915631881879,-0.7524915631881879,0.0
69,square,auc,-1.2608510638297865,-1.2608510638297865,0.0
69,square,ap,-1.4756613474594258,-1.4756613474594258,0.0
69,sqrt,auc,-1.2608510638297865,-1.2608510638297865,0.0
69,sqrt,ap,-1.4756613474594258,-1.4756613474594258,0.0
69,logit-shift,auc,-1.2608510638297865,-1.2608510638297865,0.0
69,logit-shift,ap,-1.4756613474594258,-1.4756613474594258,0.0
69,logit-scale,auc,-1.2608510638297865,-1.2608510638297865,0.0
69,logit-scale,ap,-1.4756613474594258,-1.4756613474594258,0.0
69,beta-cdf,auc,-1.2608510638297865,-1.2608510638297865,0.0
69,beta-cdf,ap,-1.4756613474594258,-1.4756613474594258,0.0
69,affine,auc,-1.2608510638297865,-1.2608510638297865,0.0
69,affine,ap,-1.4756613474594258,-1.4756613474594258,0.0
70,square,auc,-0.6061221302514448,-0.6061221302514448,0.0
70,square,ap,-0.8198657440314758,-0.8198657440314758,0.0
70,sqrt,auc,-0.6061221302514448,-0.6061221302514448,0.0
70,sqrt,ap,-0.8198657440314758,-0.8198657440314758,0.0
70,logit-shift,auc,-0.6061221302514448,-0.6061221302514448,0.0
70,logit-shift,ap,-0.8198657440314758,-0.8198657440314758,0.0
70,logit-scale,auc,-0.6061221302514448,-0.6061221302514448,0.0
70,logit-scale,ap,-0.8198657440314758,-0.8198657440314758,0.0
70,beta-cdf,auc,-0.6061221302514448,-0.6061221302514448,0.0
70,beta-cdf,ap,-0.8198657440314758,-0.8198657440314758,0.0
70,affine,auc,-0.6061221302514448,-0.6061221302514448,0.0
70,affine,ap,-0.8198657440314758,-0.8198657440314758,0.0
71,square,auc,-0.7658481784625257,-0.7658481784625257,0.0
71,square,ap,-0.8726006553767591,-0.8726006553767591,0.0
71,sqrt,auc,-0.7658481784625257,-0.7658481784625257,0.0
71,sqrt,ap,-0.8726006553767591,-0.8726006553767591,0.0
71,logit-shift,auc,-0.7658481784625257,-0.7658481784625257,0.0
71,logit-shift,ap,-0.8726006553767591,-0.8726006553767591,0.0
71,logit-scale,auc,-0.7658481784625257,-0.7658481784625257,0.0
71,logit-scale,ap,-0.8726006553767591,-0.8726006553767591,0.0
71,beta-cdf,auc,-0.7658481784625257,-0.7658481784625257,0.0
71,beta-cdf,ap,-0.8726006553767591,-0.8726006553767591,0.0
71,affine,auc,-0.7658481784625257,-0.7658481784625257,0.0
71,affine,ap,-0.8726006553767591,-0.8726006553767591,0.0
72,square,auc,-0.5856222448287558,-0.5856222448287558,0.0
72,square,ap,-0.5951976429616816,-0.5951976429616816,0.0
72,sqrt,auc,-0.5856222448287558,-0.5856222448287558,0.0
72,sqrt,ap,-0.5951976429616816,-0.5951976429616816,0.0
72,logit-shift,auc,-0.5856222448287558,-0.5856222448287558,0.0
72,logit-shift,ap,-0.5951976429616816,-0.5951976429616816,0.0
72,logit-scale,auc,-0.5856222448287558,-0.5856222448287558,0.0
72,logit-scale,ap,-0.5951976429616816,-0.5951976429616816,0.0
72,beta-cdf,auc,-0.5856222448287558,-0.5856222448287558,0.0
72,beta-cdf,ap,-0.5951976429616816,-0.5951976429616816,0.0
72,affine,auc,-0.5856222448287558,-0.5856222448287558,0.0
72,affine,ap,-0.5951976429616816,-0.5951976429616816,0.0
73,square,auc,-0.8139779295848648,-0.8139779295848648,0.0
73,square,ap,-0.7602527117876579,-0.7602527117876579,0.0
73,sqrt,auc,-0.8139779295848648,-0.8139779295848648,0.0
73,sqrt,ap,-0.7602527117876579,-0.7602527117876579,0.0
73,logit-shift,auc,-0.8139779295848648,-0.8139779295848648,0.0
73,logit-shift,ap,-0.7602527117876579,-0.7602527117876579,0.0
73,logit-scale,auc,-0.8139779295848648,-0.8139779295848648,0.0
73,logit-scale,ap,-0.7602527117876579,-0.7602527117876579,0.0
73,beta-cdf,auc,-0.8139779295848648,-0.8139779295848648,0.0
73,beta-cdf,ap,-0.7602527117876579,-0.7602527117876579,0.0
73,affine,auc,-0.8139779295848648,-0.8139779295848648,0.0
73,affine,ap,-0.7602527117876579,-0.7602527117876579,0.0
74,square,auc,-0.5427202851732211,-0.5427202851732211,0.0
74,square,ap,-0.5404089715107363,-0.5404089715107363,0.0
74,sqrt,auc,-0.5427202851732211,-0.5427202851732211,0.0
74,sqrt,ap,-0.5404089715107363,-0.5404089715107363,0.0
74,logit-shift,auc,-0.5427202851732211,-0.5427202851732211,0.0
74,logit-shift,ap,-0.5404089715107363,-0.5404089715107363,0.0
74,logit-scale,auc,-0.5427202851732211,-0.5427202851732211,0.0
74,logit-scale,ap,-0.5404089715107363,-0.5404089715107363,0.0
74,beta-cdf,auc,-0.5427202851732211,-0.5427202851732211,0.0
74,beta-cdf,ap,-0.5404089715107363,-0.5404089715107363,0.0
74,affine,auc,-0.5427202851732211,-0.5427202851732211,0.0
74,affine,ap,-0.5404089715107363,-0.5404089715107363,0.0
75,square,auc,-0.5557085800853871,-0.5557085800853871,0.0
75,square,ap,-0.6673824317373893,-0.6673824317373893,0.0
75,sqrt,auc,-0.5557085800853871,-0.5557085800853871,0.0
75,sqrt,ap,-0.6673824317373893,-0.6673824317373893,0.0
75,logit-shift,auc,-0.5557085800853871,-0.5557085800853871,0.0
75,logit-shift,ap,-0.6673824317373893,-0.6673824317373893,0.0
75,logit-scale,auc,-0.5557085800853871,-0.5557085800853871,0.0
75,logit-scale,ap,-0.6673824317373893,-0.6673824317373893,0.0
75,beta-cdf,auc,-0.5557085800853871,-0.5557085800853871,0.0
75,beta-cdf,ap,-0.6673824317373893,-0.6673824317373893,0.0
75,affine,auc,-0.5557085800853871,-0.5557085800853871,0.0
75,affine,ap,-0.6673824317373893,-0.6673824317373893,0.0
76,square,auc,-0.42947749924494105,-0.42947749924494105,0.0
76,square,ap,-0.49684302206447994,-0.49684302206447994,0.0
76,sqrt,auc,-0.42947749924494105,-0.42947749924494105,0.0
76,sqrt,ap,-0.49684302206447994,-0.49684302206447994,0.0
76,logit-shift,auc,-0.42947749924494105,-0.42947749924494105,0.0
76,logit-shift,ap,-0.49684302206447994,-0.49684302206447994,0.0
76,logit-scale,auc,-0.42947749924494105,-0.42947749924494105,0.0
76,logit-scale,ap,-0.49684302206447994,-0.49684302206447994,0.0
76,beta-cdf,auc,-0.42947749924494105,-0.42947749924494105,0.0
76,beta-cdf,ap,-0.49684302206447994,-0.49684302206447994,0.0
76,affine,auc,-0.42947749924494105,-0.42947749924494105,0.0
76,affine,ap,-0.49684302206447994,-0.49684302206447994,0.0
77,square,auc,-0.7934462444771715,-0.7934462444771715,0.0
77,square,ap,-0.9548626635620259,-0.9548626635620259,0.0
77,sqrt,auc,-0.7934462444771715,-0.7934462444771715,0.0
77,sqrt,ap,-0.9548626635620259,-0.9548626635620259,0.0
77,logit-shift,auc,-0.7934462444771715,-0.7934462444771715,0.0
77,logit-shift,ap,-0.9548626635620259,-0.9548626635620259,0.0
77,logit-scale,auc,-0.7934462444771715,-0.7934462444771715,0.0
77,logit-scale,ap,-0.9548626635620259,-0.9548626635620259,0.0
77,beta-cdf,auc,-0.7934462444771715,-0.7934462444771715,0.0
77,beta-cdf,ap,-0.9548626635620259,-0.9548626635620259,0.0
77,affine,auc,-0.7934462444771715,-0.7934462444771715,0.0
77,affine,ap,-0.9548626635620259,-0.9548626635620259,0.0
78,square,auc,-0.4105580261081627,-0.4105580261081627,0.0
78,square,ap,-0.36414396844038155,-0.36414396844038155,0.0
78,sqrt,auc,-0.4105580261081627,-0.4105580261081627,0.0
78,sqrt,ap,-0.36414396844038155,-0.36414396844038155,0.0
78,logit-shift,auc,-0.4105580261081627,-0.4105580261081627,0.0
78,logit-shift,ap,-0.36414396844038155,-0.36414396844038155,0.0
78,logit-scale,auc,-0.4105580261081627,-0.4105580261081627,0.0
78,logit-scale,ap,-0.36414396844038155,-0.36414396844038155,0.0
78,beta-cdf,auc,-0.4105580261081627,-0.4105580261081627,0.0
78,beta-cdf,ap,-0.36414396844038155,-0.36414396844038155,0.0
78,affine,auc,-0.4105580261081627,-0.4105580261081627,0.0
78,affine,ap,-0.36414396844038155,-0.36414396844038155,0.0
79,square,auc,-0.5724295916992319,-0.5724295916992319,0.0
79,square,ap,-0.6679332099363375,-0.6679332099363375,0.0
79,sqrt,auc,-0.5724295916992319,-0.5724295916992319,0.0
79,sqrt,ap,-0.6679332099363375,-0.6679332099363375,0.0
79,logit-shift,auc,-0.5724295916992319,-0.5724295916992319,0.0
79,logit-shift,ap,-0.6679332099363375,-0.6679332099363375,0.0
79,logit-scale,auc,-0.5724295916992319,-0.5724295916992319,0.0
79,logit-scale,ap,-0.6679332099363375,-0.6679332099363375,0.0
79,beta-cdf,auc,-0.5724295916992319,-0.5724295916992319,0.0
79,beta-cdf,ap,-0.6679332099363375,-0.6679332099363375,0.0
79,affine,auc,-0.5724295916992319,-0.5724295916992319,0.0
79,affine,ap,-0.6679332099363375,-0.6679332099363375,0.0
80,square,auc,-0.6339499828708455,-0.6339499828708455,0.0
80,square,ap,-0.763000600810325,-0.763000600810325,0.0
80,sqrt,auc,-0.6339499828708455,-0.6339499828708455,0.0
80,sqrt,ap,-0.763000600810325,-0.763000600810325,0.0
80,logit-shift,auc,-0.6339499828708455,-0.6339499828708455,0.0
80,logit-shift,ap,-0.763000600810325,-0.763000600810325,0.0
80,logit-scale,auc,-0.6339499828708455,-0.6339499828708455,0.0
80,logit-scale,ap,-0.763000600810325,-0.763000600810325,0.0
80,beta-cdf,auc,-0.6339499828708455,-0.6339499828708455,0.0
80,beta-cdf,ap,-0.763000600810325,-0.763000600810325,0.0
80,affine,auc,-0.6339499828708455,-0.6339499828708455,0.0
80,affine,ap,-0.763000600810325,-0.763000600810325,0.0
81,square,auc,-0.3553985372505273,-0.3553985372505273,0.0
81,square,ap,-0.4667446591565143,-0.4667446591565143,0.0
81,sqrt,auc,-0.3553985372505273,-0.3553985372505273,0.0
81,sqrt,ap,-0.4667446591565143,-0.4667446591565143,0.0
81,logit-shift,auc,-0.3553985372505273,-0.3553985372505273,0.0
81,logit-shift,ap,-0.4667446591565143,-0.4667446591565143,0.0
81,logit-scale,auc,-0.3553985372505273,-0.3553985372505273,0.0
81,logit-scale,ap,-0.4667446591565143,-0.4667446591565143,0.0
81,beta-cdf,auc,-0.3553985372505273,-0.3553985372505273,0.0
81,beta-cdf,ap,-0.4667446591565143,-0.4667446591565143,0.0
81,affine,auc,-0.3553985372505273,-0.3553985372505273,0.0
81,affine,ap,-0.4667446591565143,-0.4667446591565143,0.0
82,square,auc,-0.7832091586407428,-0.7832091586407428,0.0
82,square,ap,-0.6104899336779679,-0.6104899336779679,0.0
82,sqrt,auc,-0.7832091586407428,-0.7832091586407428,0.0
82,sqrt,ap,-0.6104899336779679,-0.6104899336779679,0.0
82,logit-shift,auc,-0.7832091586407428,-0.7832091586407428,0.0
82,logit-shift,ap,-0.6104899336779679,-0.6104899336779679,0.0
82,logit-scale,auc,-0.7832091586407428,-0.7832091586407428,0.0
82,logit-scale,ap,-0.6104899336779679,-0.6104899336779679,0.0
82,beta-cdf,auc,-0.7832091586407428,-0.7832091586407428,0.0
82,beta-cdf,ap,-0.6104899336779679,-0.6104899336779679,0.0
82,affine,auc,-0.7832091586407428,-0.7832091586407428,0.0
82,affine,ap,-0.6104899336779679,-0.6104899336779679,0.0
83,square,auc,-0.8133789433675411,-0.8133789433675411,0.0
83,square,ap,-0.704416199175586,-0.704416199175586,0.0
83,sqrt,auc,-0.8133789433675411,-0.8133789433675411,0.0
83,sqrt,ap,-0.704416199175586,-0.704416199175586,0.0
83,logit-shift,auc,-0.8133789433675411,-0.8133789433675411,0.0
83,logit-shift,ap,-0.704416199175586,-0.704416199175586,0.0
83,logit-scale,auc,-0.8133789433675411,-0.8133789433675411,0.0
83,logit-scale,ap,-0.704416199175586,-0.704416199175586,0.0
83,beta-cdf,auc,-0.8133789433675411,-0.8133789433675411,0.0
83,beta-cdf,ap,-0.704416199175586,-0.704416199175586,0.0
83,affine,auc,-0.8133789433675411,-0.8133789433675411,0.0
83,affine,ap,-0.704416199175586,-0.704416199175586,0.0
84,square,auc,-0.3082697663155338,-0.3082697663155338,0.0
84,square,ap,-0.3803997892015569,-0.3803997892015569,0.0
84,sqrt,auc,-0.3082697663155338,-0.3082697663155338,0.0
84,sqrt,ap,-0.3803997892015569,-0.3803997892015569,0.0
84,logit-shift,auc,-0.3082697663155338,-0.3082697663155338,0.0
84,logit-shift,ap,-0.3803997892015569,-0.3803997892015569,0.0
84,logit-scale,auc,-0.3082697663155338,-0.3082697663155338,0.0
84,logit-scale,ap,-0.3803997892015569,-0.3803997892015569,0.0
84,beta-cdf,auc,-0.3082697663155338,-0.3082697663155338,0.0
84,beta-cdf,ap,-0.3803997892015569,-0.3803997892015569,0.0
84,affine,auc,-0.3082697663155338,-0.3082697663155338,0.0
84,affine,ap,-0.3803997892015569,-0.3803997892015569,0.0
85,square,auc,-0.9239976062238195,-0.9239976062238195,0.0
85,square,ap,-0.8711121892283158,-0.8711121892283158,0.0
85,sqrt,auc,-0.9239976062238195,-0.9239976062238195,0.0
85,sqrt,ap,-0.8711121892283158,-0.8711121892283158,0.0
85,logit-shift,auc,-0.9239976062238195,-0.9239976062238195,0.0
85,logit-shift,ap,-0.8711121892283158,-0.8711121892283158,0.0
85,logit-scale,auc,-0.9239976062238195,-0.9239976062238195,0.0
85,logit-scale,ap,-0.8711121892283158,-0.8711121892283158,0.0
85,beta-cdf,auc,-0.9239976062238195,-0.9239976062238195,0.0
85,beta-cdf,ap,-0.8711121892283158,-0.8711121892283158,0.0
85,affine,auc,-0.9239976062238195,-0.9239976062238195,0.0
85,affine,ap,-0.8711121892283158,-0.8711121892283158,0.0
86,square,auc,-0.49897409592203146,-0.49897409592203146,0.0
86,square,ap,-0.629032479224944,-0.629032479224944,0.0
86,sqrt,auc,-0.49897409592203146,-0.49897409592203146,0.0
86,sqrt,ap,-0.629032479224944,-0.629032479224944,0.0
86,logit-shift,auc,-0.49897409592203146,-0.49897409592203146,0.0
86,logit-shift,ap,-0.629032479224944,-0.629032479224944,0.0
86,logit-scale,auc,-0.49897409592203146,-0.49897409592203146,0.0
86,logit-scale,ap,-0.629032479224944,-0.629032479224944,0.0
86,beta-cdf,auc,-0.49897409592203146,-0.49897409592203146,0.0
86,beta-cdf,ap,-0.629032479224944,-0.629032479224944,0.0
86,affine,auc,-0.49897409592203146,-0.49897409592203146,0.0
86,affine,ap,-0.629032479224944,-0.629032479224944,0.0
87,square,auc,-0.7442914707857635,-0.7442914707857635,0.0
87,square,ap,-0.9181870649614274,-0.9181870649614274,0.0
87,sqrt,auc,-0.7442914707857635,-0.7442914707857635,0.0
87,sqrt,ap,-0.9181870649614274,-0.9181870649614274,0.0
87,logit-shift,auc,-0.7442914707857635,-0.7442914707857635,0.0
87,logit-shift,ap,-0.9181870649614274,-0.9181870649614274,0.0
87,logit-scale,auc,-0.7442914707857635,-0.7442914707857635,0.0
87,logit-scale,ap,-0.9181870649614274,-0.9181870649614274,0.0
87,beta-cdf,auc,-0.7442914707857635,-0.7442914707857635,0.0
87,beta-cdf,ap,-0.9181870649614274,-0.9181870649614274,0.0
87,affine,auc,-0.7442914707857635,-0.7442914707857635,0.0
87,affine,ap,-0.9181870649614274,-0.9181870649614274,0.0
88,square,auc,-0.7457916045173671,-0.7457916045173671,0.0
88,square,ap,-1.0466852091771095,-1.0466852091771095,0.0
88,sqrt,auc,-0.7457916045173671,-0.7457916045173671,0.0
88,sqrt,ap,-1.0466852091771095,-1.0466852091771095,0.0
88,logit-shift,auc,-0.7457916045173671,-0.7457916045173671,0.0
88,logit-shift,ap,-1.0466852091771095,-1.0466852091771095,0.0
88,logit-scale,auc,-0.7457916045173671,-0.7457916045173671,0.0
88,logit-scale,ap,-1.0466852091771095,-1.0466852091771095,0.0
88,beta-cdf,auc,-0.7457916045173671,-0.7457916045173671,0.0
88,beta-cdf,ap,-1.0466852091771095,-1.0466852091771095,0.0
88,affine,auc,-0.7457916045173671,-0.7457916045173671,0.0
88,affine,ap,-1.0466852091771095,-1.0466852091771095,0.0
89,square,auc,-0.47225891677675214,-0.47225891677675214,0.0
89,square,ap,-0.6407948982662084,-0.6407948982662084,0.0
89,sqrt,auc,-0.47225891677675214,-0.47225891677675214,0.0
89,sqrt,ap,-0.6407948982662084,-0.6407948982662084,0.0
89,logit-shift,auc,-0.47225891677675214,-0.47225891677675214,0.0
89,logit-shift,ap,-0.6407948982662084,-0.6407948982662084,0.0
89,logit-scale,auc,-0.47225891677675214,-0.47225891677675214,0.0
89,logit-scale,ap,-0.6407948982662084,-0.6407948982662084,0.0
89,beta-cdf,auc,-0.47225891677675214,-0.47225891677675214,0.0
89,beta-cdf,ap,-0.6407948982662084,-0.6407948982662084,0.0
89,affine,auc,-0.47225891677675214,-0.47225891677675214,0.0
89,affine,ap,-0.6407948982662084,-0.6407948982662084,0.0
90,square,auc,-0.47660261111926094,-0.47660261111926094,0.0
90,square,ap,-0.43148503068812993,-0.43148503068812993,0.0
90,sqrt,auc,-0.47660261111926094,-0.47660261111926094,0.0
90,sqrt,ap,-0.43148503068812993,-0.43148503068812993,0.0
90,logit-shift,auc,-0.47660261111926094,-0.47660261111926094,0.0
90,logit-shift,ap,-0.43148503068812993,-0.43148503068812993,0.0
90,logit-scale,auc,-0.47660261111926094,-0.47660261111926094,0.0
90,logit-scale,ap,-0.43148503068812993,-0.43148503068812993,0.0
90,beta-cdf,auc,-0.47660261111926094,-0.47660261111926094,0.0
90,beta-cdf,ap,-0.43148503068812993,-0.43148503068812993,0.0
90,affine,auc,-0.47660261111926094,-0.47660261111926094,0.0
90,affine,ap,-0.43148503068812993,-0.43148503068812993,0.0
91,square,auc,-0.32848610750454554,-0.32848610750454554,0.0
91,square,ap,-0.38325141320496225,-0.38325141320496225,0.0
91,sqrt,auc,-0.32848610750454554,-0.32848610750454554,0.0
91,sqrt,ap,-0.38325141320496225,-0.38325141320496225,0.0
91,logit-shift,auc,-0.32848610750454554,-0.32848610750454554,0.0
91,logit-shift,ap,-0.38325141320496225,-0.38325141320496225,0.0
91,logit-scale,auc,-0.32848610750454554,-0.32848610750454554,0.0
91,logit-scale,ap,-0.38325141320496225,-0.38325141320496225,0.0
91,beta-cdf,auc,-0.32848610750454554,-0.32848610750454554,0.0
91,beta-cdf,ap,-0.38325141320496225,-0.38325141320496225,0.0
91,affine,auc,-0.32848610750454554,-0.32848610750454554,0.0
91,affine,ap,-0.38325141320496225,-0.38325141320496225,0.0
92,square,auc,-0.49679249938317294,-0.49679249938317294,0.0
92,square,ap,-0.48476875669963415,-0.48476875669963415,0.0
92,sqrt,auc,-0.49679249938317294,-0.49679249938317294,0.0
92,sqrt,ap,-0.48476875669963415,-0.48476875669963415,0.0
92,logit-shift,auc,-0.49679249938317294,-0.49679249938317294,0.0
92,logit-shift,ap,-0.48476875669963415,-0.48476875669963415,0.0
92,logit-scale,auc,-0.49679249938317294,-0.49679249938317294,0.0
92,logit-scale,ap,-0.48476875669963415,-0.48476875669963415,0.0
92,beta-cdf,auc,-0.49679249938317294,-0.49679249938317294,0.0
92,beta-cdf,ap,-0.48476875669963415,-0.48476875669963415,0.0
92,affine,auc,-0.49679249938317294,-0.49679249938317294,0.0
92,affine,ap,-0.48476875669963415,-0.48476875669963415,0.0
93,square,auc,-0.2963638733220386,-0.2963638733220386,0.0
93,square,ap,-0.39218242882371457,-0.39218242882371457,0.0
93,sqrt,auc,-0.2963638733220386,-0.2963638733220386,0.0
93,sqrt,ap,-0.39218242882371457,-0.39218242882371457,0.0
93,logit-shift,auc,-0.2963638733220386,-0.2963638733220386,0.0
93,logit-shift,ap,-0.39218242882371457,-0.39218242882371457,0.0
93,logit-scale,auc,-0.2963638733220386,-0.2963638733220386,0.0
93,logit-scale,ap,-0.39218242882371457,-0.39218242882371457,0.0
93,beta-cdf,auc,-0.2963638733220386,-0.2963638733220386,0.0
93,beta-cdf,ap,-0.39218242882371457,-0.39218242882371457,0.0
93,affine,auc,-0.2963638733220386,-0.2963638733220386,0.0
93,affine,ap,-0.39218242882371457,-0.39218242882371457,0.0
94,square,auc,-0.40855039637599067,-0.40855039637599067,0.0
94,square,ap,-0.3794906886936862,-0.3794906886936862,0.0
94,sqrt,auc,-0.40855039637599067,-0.40855039637599067,0.0
94,sqrt,ap,-0.3794906886936862,-0.3794906886936862,0.0
94,logit-shift,auc,-0.40855039637599067,-0.40855039637599067,0.0
94,logit-shift,ap,-0.3794906886936862,-0.3794906886936862,0.0
94,logit-scale,auc,-0.40855039637599067,-0.40855039637599067,0.0
94,logit-scale,ap,-0.3794906886936862,-0.3794906886936862,0.0
94,beta-cdf,auc,-0.40855039637599067,-0.40855039637599067,0.0
94,beta-cdf,ap,-0.3794906886936862,-0.3794906886936862,0.0
94,affine,auc,-0.40855039637599067,-0.40855039637599067,0.0
94,affine,ap,-0.3794906886936862,-0.3794906886936862,0.0
95,square,auc,-0.7131718646317171,-0.7131718646317171,0.0
95,square,ap,-1.0719013806000262,-1.0719013806000262,0.0
95,sqrt,auc,-0.7131718646317171,-0.7131718646317171,0.0
95,sqrt,ap,-1.0719013806000262,-1.0719013806000262,0.0
95,logit-shift,auc,-0.7131718646317171,-0.7131718646317171,0.0
95,logit-shift,ap,-1.0719013806000262,-1.0719013806000262,0.0
95,logit-scale,auc,-0.7131718646317171,-0.7131718646317171,0.0
95,logit-scale,ap,-1.0719013806000262,-1.0719013806000262,0.0
95,beta-cdf,auc,-0.7131718646317171,-0.7131718646317171,0.0
95,beta-cdf,ap,-1.0719013806000262,-1.0719013806000262,0.0
95,affine,auc,-0.7131718646317171,-0.7131718646317171,0.0
95,affine,ap,-1.0719013806000262,-1.0719013806000262,0.0
96,square,auc,-0.7271955155427212,-0.7271955155427212,0.0
96,square,ap,-0.7364597312838466,-0.7364597312838466,0.0
96,sqrt,auc,-0.7271955155427212,-0.7271955155427212,0.0
96,sqrt,ap,-0.7364597312838466,-0.7364597312838466,0.0
96,logit-shift,auc,-0.7271955155427212,-0.7271955155427212,0.0
96,logit-shift,ap,-0.7364597312838466,-0.7364597312838466,0.0
96,logit-scale,auc,-0.7271955155427212,-0.7271955155427212,0.0
96,logit-scale,ap,-0.7364597312838466,-0.7364597312838466,0.0
96,beta-cdf,auc,-0.7271955155427212,-0.7271955155427212,0.0
96,beta-cdf,ap,-0.7364597312838466,-0.7364597312838466,0.0
96,affine,auc,-0.7271955155427212,-0.7271955155427212,0.0
96,affine,ap,-0.7364597312838466,-0.7364597312838466,0.0
97,square,auc,-0.7527913809990221,-0.7527913809990221,0.0
97,square,ap,-0.916377491050514,-0.916377491050514,0.0
97,sqrt,auc,-0.7527913809990221,-0.7527913809990221,0.0
97,sqrt,ap,-0.916377491050514,-0.916377491050514,0.0
97,logit-shift,auc,-0.7527913809990221,-0.7527913809990221,0.0
97,logit-shift,ap,-0.916377491050514,-0.916377491050514,0.0
97,logit-scale,auc,-0.7527913809990221,-0.7527913809990221,0.0
97,logit-scale,ap,-0.916377491050514,-0.916377491050514,0.0
97,beta-cdf,auc,-0.7527913809990221,-0.7527913809990221,0.0
97,beta-cdf,ap,-0.916377491050514,-0.916377491050514,0.0
97,affine,auc,-0.7527913809990221,-0.7527913809990221,0.0
97,affine,ap,-0.916377491050514,-0.916377491050514,0.0
98,square,auc,-1.294332723948814,-1.294332723948814,0.0
98,square,ap,-1.9099000872997038,-1.9099000872997038,0.0
98,sqrt,auc,-1.294332723948814,-1.294332723948814,0.0
98,sqrt,ap,-1.9099000872997038,-1.9099000872997038,0.0
98,logit-shift,auc,-1.294332723948814,-1.294332723948814,0.0
98,logit-shift,ap,-1.9099000872997038,-1.9099000872997038,0.0
98,logit-scale,auc,-1.294332723948814,-1.294332723948814,0.0
98,logit-scale,ap,-1.9099000872997038,-1.9099000872997038,0.0
98,beta-cdf,auc,-1.294332723948814,-1.294332723948814,0.0
98,beta-cdf,ap,-1.9099000872997038,-1.9099000872997038,0.0
98,affine,auc,-1.294332723948814,-1.294332723948814,0.0
98,affine,ap,-1.9099000872997038,-1.9099000872997038,0.0
99,square,auc,-0.47265625000000044,-0.47265625000000044,0.0
99,square,ap,-0.40346574012200853,-0.40346574012200853,0.0
99,sqrt,auc,-0.47265625000000044,-0.47265625000000044,0.0
99,sqrt,ap,-0.40346574012200853,-0.40346574012200853,0.0
99,logit-shift,auc,-0.47265625000000044,-0.47265625000000044,0.0
99,logit-shift,ap,-0.40346574012200853,-0.40346574012200853,0.0
99,logit-scale,auc,-0.47265625000000044,-0.47265625000000044,0.0
99,logit-scale,ap,-0.40346574012200853,-0.40346574012200853,0.0
99,beta-cdf,auc,-0.47265625000000044,-0.47265625000000044,0.0
99,beta-cdf,ap,-0.40346574012200853,-0.40346574012200853,0.0
99,affine,auc,-0.47265625000000044,-0.47265625000000044,0.0
99,affine,ap,-0.40346574012200853,-0.40346574012200853,0.0
100,square,auc,-0.625490788281486,-0.625490788281486,0.0
100,square,ap,-0.8008904258241483,-0.8008904258241483,0.0
100,sqrt,auc,-0.625490788281486,-0.625490788281486,0.0
100,sqrt,ap,-0.8008904258241483,-0.8008904258241483,0.0
100,logit-shift,auc,-0.625490788281486,-0.625490788281486,0.0
100,logit-shift,ap,-0.8008904258241483,-0.8008904258241483,0.0
100,logit-scale,auc,-0.625490788281486,-0.625490788281486,0.0
100,logit-scale,ap,-0.8008904258241483,-0.8008904258241483,0.0
100,beta-cdf,auc,-0.625490788281486,-0.625490788281486,0.0
100,beta-cdf,ap,-0.8008904258241483,-0.8008904258241483,0.0
100,affine,auc,-0.625490788281486,-0.625490788281486,0.0
100,affine,ap,-0.8008904258241483,-0.8008904258241483,0.0
101,square,auc,-0.4864507600793124,-0.4864507600793124,0.0
101,square,ap,-0.5779300553067217,-0.5779300553067217,0.0
101,sqrt,auc,-0.4864507600793124,-0.4864507600793124,0.0
101,sqrt,ap,-0.5779300553067217,-0.5779300553067217,0.0
101,logit-shift,auc,-0.4864507600793124,-0.4864507600793124,0.0
101,logit-shift,ap,-0.5779300553067217,-0.5779300553067217,0.0
101,logit-scale,auc,-0.4864507600793124,-0.4864507600793124,0.0
101,logit-scale,ap,-0.5779300553067217,-0.5779300553067217,0.0
101,beta-cdf,auc,-0.4864507600793124,-0.4864507600793124,0.0
101,beta-cdf,ap,-0.5779300553067217,-0.5779300553067217,0.0
101,affine,auc,-0.4864507600793124,-0.4864507600793124,0.0
101,affine,ap,-0.5779300553067217,-0.5779300553067217,0.0
102,square,auc,-0.4105004605465161,-0.4105004605465161,0.0
102,square,ap,-0.4058547948629143,-0.4058547948629143,0.0
102,sqrt,auc,-0.4105004605465161,-0.4105004605465161,0.0
102,sqrt,ap,-0.4058547948629143,-0.4058547948629143,0.0
102,logit-shift,auc,-0.4105004605465161,-0.4105004605465161,0.0
102,logit-shift,ap,-0.4058547948629143,-0.4058547948629143,0.0
102,logit-scale,auc,-0.4105004605465161,-0.4105004605465161,0.0
102,logit-scale,ap,-0.4058547948629143,-0.4058547948629143,0.0
102,beta-cdf,auc,-0.4105004605465161,-0.4105004605465161,0.0
102,beta-cdf,ap,-0.4058547948629143,-0.4058547948629143,0.0
102,affine,auc,-0.4105004605465161,-0.4105004605465161,0.0
102,affine,ap,-0.4058547948629143,-0.4058547948629143,0.0
103,square,auc,-0.4836411225825197,-0.4836411225825197,0.0
103,square,ap,-0.4771672649115566,-0.4771672649115566,0.0
103,sqrt,auc,-0.4836411225825197,-0.4836411225825197,0.0
103,sqrt,ap,-0.4771672649115566,-0.4771672649115566,0.0
103,logit-shift,auc,-0.4836411225825197,-0.4836411225825197,0.0
103,logit-shift,ap,-0.4771672649115566,-0.4771672649115566,0.0
103,logit-scale,auc,-0.4836411225825197,-0.4836411225825197,0.0
103,logit-scale,ap,-0.4771672649115566,-0.4771672649115566,0.0
103,beta-cdf,auc,-0.4836411225825197,-0.4836411225825197,0.0
103,beta-cdf,ap,-0.4771672649115566,-0.4771672649115566,0.0
103,affine,auc,-0.4836411225825197,-0.4836411225825197,0.0
103,affine,ap,-0.4771672649115566,-0.4771672649115566,0.0
104,square,auc,-0.3096163815448425,-0.3096163815448425,0.0
104,square,ap,-0.34211408710988667,-0.34211408710988667,0.0
104,sqrt,auc,-0.3096163815448425,-0.3096163815448425,0.0
104,sqrt,ap,-0.34211408710988667,-0.34211408710988667,0.0
104,logit-shift,auc,-0.3096163815448425,-0.3096163815448425,0.0
104,logit-shift,ap,-0.34211408710988667,-0.34211408710988667,0.0
104,logit-scale,auc,-0.3096163815448425,-0.3096163815448425,0.0
104,logit-scale,ap,-0.34211408710988667,-0.34211408710988667,0.0
104,beta-cdf,auc,-0.3096163815448425,-0.3096163815448425,0.0
104,beta-cdf,ap,-0.34211408710988667,-0.34211408710988667,0.0
104,affine,auc,-0.3096163815448425,-0.3096163815448425,0.0
104,affine,ap,-0.34211408710988667,-0.34211408710988667,0.0
105,square,auc,-0.6007758202683036,-0.6007758202683036,0.0
105,square,ap,-0.5179186498123249,-0.5179186498123249,0.0
105,sqrt,auc,-0.6007758202683036,-0.6007758202683036,0.0
105,sqrt,ap,-0.5179186498123249,-0.5179186498123249,0.0
105,logit-shift,auc,-0.6007758202683036,-0.6007758202683036,0.0
105,logit-shift,ap,-0.5179186498123249,-0.5179186498123249,0.0
105,logit-scale,auc,-0.6007758202683036,-0.6007758202683036,0.0
105,logit-scale,ap,-0.5179186498123249,-0.5179186498123249,0.0
105,beta-cdf,auc,-0.6007758202683036,-0.6007758202683036,0.0
105,beta-cdf,ap,-0.5179186498123249,-0.5179186498123249,0.0
105,affine,auc,-0.6007758202683036,-0.6007758202683036,0.0
105,affine,ap,-0.5179186498123249,-0.5179186498123249,0.0
106,square,auc,-0.8939861218195841,-0.8939861218195841,0.0
106,square,ap,-0.7038605053224205,-0.7038605053224205,0.0
106,sqrt,auc,-0.8939861218195841,-0.8939861218195841,0.0
106,sqrt,ap,-0.7038605053224205,-0.7038605053224205,0.0
106,logit-shift,auc,-0.8939861218195841,-0.8939861218195841,0.0
106,logit-shift,ap,-0.7038605053224205,-0.7038605053224205,0.0
106,logit-scale,auc,-0.8939861218195841,-0.8939861218195841,0.0
106,logit-scale,ap,-0.7038605053224205,-0.7038605053224205,0.0
106,beta-cdf,auc,-0.8939861218195841,-0.8939861218195841,0.0
106,beta-cdf,ap,-0.7038605053224205,-0.7038605053224205,0.0
106,affine,auc,-0.8939861218195841,-0.8939861218195841,0.0
106,affine,ap,-0.7038605053224205,-0.7038605053224205,0.0
107,square,auc,-0.5001603077909589,-0.5001603077909589,0.0
107,square,ap,-0.8320366901540261,-0.8320366901540261,0.0
107,sqrt,auc,-0.5001603077909589,-0.5001603077909589,0.0
107,sqrt,ap,-0.8320366901540261,-0.8320366901540261,0.0
107,logit-shift,auc,-0.5001603077909589,-0.5001603077909589,0.0
107,logit-shift,ap,-0.8320366901540261,-0.8320366901540261,0.0
107,logit-scale,auc,-0.5001603077909589,-0.5001603077909589,0.0
107,logit-scale,ap,-0.8320366901540261,-0.8320366901540261,0.0
107,beta-cdf,auc,-0.5001603077909589,-0.5001603077909589,0.0
107,beta-cdf,ap,-0.8320366901540261,-0.8320366901540261,0.0
107,affine,auc,-0.5001603077909589,-0.5001603077909589,0.0
107,affine,ap,-0.8320366901540261,-0.8320366901540261,0.0
108,square,auc,-0.33941051352172513,-0.33941051352172513,0.0
108,square,ap,-0.46688361282746027,-0.46688361282746027,0.0
108,sqrt,auc,-0.33941051352172513,-0.33941051352172513,0.0
108,sqrt,ap,-0.46688361282746027,-0.46688361282746027,0.0
108,logit-shift,auc,-0.33941051352172513,-0.33941051352172513,0.0
108,logit-shift,ap,-0.46688361282746027,-0.46688361282746027,0.0
108,logit-scale,auc,-0.33941051352172513,-0.33941051352172513,0.0
108,logit-scale,ap,-0.46688361282746027,-0.46688361282746027,0.0
108,beta-cdf,auc,-0.33941051352172513,-0.33941051352172513,0.0
108,beta-cdf,ap,-0.46688361282746027,-0.46688361282746027,0.0
108,affine,auc,-0.33941051352172513,-0.33941051352172513,0.0
108,affine,ap,-0.46688361282746027,-0.46688361282746027,0.0
109,square,auc,-0.4516289068959811,-0.4516289068959811,0.0
109,square,ap,-0.7375221770535438,-0.7375221770535438,0.0
109,sqrt,auc,-0.4516289068959811,-0.4516289068959811,0.0
109,sqrt,ap,-0.7375221770535438,-0.7375221770535438,0.0
109,logit-shift,auc,-0.4516289068959811,-0.4516289068959811,0.0
109,logit-shift,ap,-0.7375221770535438,-0.7375221770535438,0.0
109,logit-scale,auc,-0.4516289068959811,-0.4516289068959811,0.0
109,logit-scale,ap,-0.7375221770535438,-0.7375221770535438,0.0
109,beta-cdf,auc,-0.4516289068959811,-0.4516289068959811,0.0
109,beta-cdf,ap,-0.7375221770535438,-0.7375221770535438,0.0
109,affine,auc,-0.4516289068959811,-0.4516289068959811,0.0
109,affine,ap,-0.7375221770535438,-0.7375221770535438,0.0
110,square,auc,-0.7836796246648814,-0.7836796246648814,0.0
110,square,ap,-0.6665934330335135,-0.6665934330335135,0.0
110,sqrt,auc,-0.7836796246648814,-0.7836796246648814,0.0
110,sqrt,ap,-0.6665934330335135,-0.6665934330335135,0.0
110,logit-shift,auc,-0.7836796246648814,-0.7836796246648814,0.0
110,logit-shift,ap,-0.6665934330335135,-0.6665934330335135,0.0
110,logit-scale,auc,-0.7836796246648814,-0.7836796246648814,0.0
110,logit-scale,ap,-0.6665934330335135,-0.6665934330335135,0.0
110,beta-cdf,auc,-0.7836796246648814,-0.7836796246648814,0.0
110,beta-cdf,ap,-0.6665934330335135,-0.6665934330335135,0.0
110,affine,auc,-0.7836796246648814,-0.7836796246648814,0.0
110,affine,ap,-0.6665934330335135,-0.6665934330335135,0.0
111,square,auc,-1.0539119000657466,-1.0539119000657466,0.0
111,square,ap,-1.0960377952103904,-1.0960377952103904,0.0
111,sqrt,auc,-1.0539119000657466,-1.0539119000657466,0.0
111,sqrt,ap,-1.0960377952103904,-1.0960377952103904,0.0
111,logit-shift,auc,-1.0539119000657466,-1.0539119000657466,0.0
111,logit-shift,ap,-1.0960377952103904,-1.0960377952103904,0.0
111,logit-scale,auc,-1.0539119000657466,-1.0539119000657466,0.0
111,logit-scale,ap,-1.0960377952103904,-1.0960377952103904,0.0
111,beta-cdf,auc,-1.0539119000657466,-1.0539119000657466,0.0
111,beta-cdf,ap,-1.0960377952103904,-1.0960377952103904,0.0
111,affine,auc,-1.0539119000657466,-1.0539119000657466,0.0
111,affine,ap,-1.0960377952103904,-1.0960377952103904,0.0
112,square,auc,-1.2587310826542502,-1.2587310826542502,0.0
112,square,ap,-1.2769821517015862,-1.2769821517015862,0.0
112,sqrt,auc,-1.2587310826542502,-1.2587310826542502,0.0
112,sqrt,ap,-1.2769821517015862,-1.2769821517015862,0.0
112,logit-shift,auc,-1.2587310826542502,-1.2587310826542502,0.0
112,logit-shift,ap,-1.2769821517015862,-1.2769821517015862,0.0
112,logit-scale,auc,-1.2587310826542502,-1.2587310826542502,0.0
112,logit-scale,ap,-1.2769821517015862,-1.2769821517015862,0.0
112,beta-cdf,auc,-1.2587310826542502,-1.2587310826542502,0.0
112,beta-cdf,ap,-1.2769821517015862,-1.2769821517015862,0.0
112,affine,auc,-1.2587310826542502,-1.2587310826542502,0.0
112,affine,ap,-1.2769821517015862,-1.2769821517015862,0.0
113,square,auc,-0.6636952998379244,-0.6636952998379244,0.0
113,square,ap,-0.7823356311752345,-0.7823356311752345,0.0
113,sqrt,auc,-0.6636952998379244,-0.6636952998379244,0.0
113,sqrt,ap,-0.7823356311752345,-0.7823356311752345,0.0
113,logit-shift,auc,-0.6636952998379244,-0.6636952998379244,0.0
113,logit-shift,ap,-0.7823356311752345,-0.7823356311752345,0.0
113,logit-scale,auc,-0.6636952998379244,-0.6636952998379244,0.0
113,logit-scale,ap,-0.7823356311752345,-0.7823356311752345,0.0
113,beta-cdf,auc,-0.6636952998379244,-0.6636952998379244,0.0
113,beta-cdf,ap,-0.7823356311752345,-0.7823356311752345,0.0
113,affine,auc,-0.6636952998379244,-0.6636952998379244,0.0
113,affine,ap,-0.7823356311752345,-0.7823356311752345,0.0
114,square,auc,-0.9142702116115031,-0.9142702116115031,0.0
114,square,ap,-0.9867672857170575,-0.9867672857170575,0.0
114,sqrt,auc,-0.9142702116115031,-0.9142702116115031,0.0
114,sqrt,ap,-0.9867672857170575,-0.9867672857170575,0.0
114,logit-shift,auc,-0.9142702116115031,-0.9142702116115031,0.0
114,logit-shift,ap,-0.9867672857170575,-0.9867672857170575,0.0
114,logit-scale,auc,-0.9142702116115031,-0.9142702116115031,0.0
114,logit-scale,ap,-0.9867672857170575,-0.9867672857170575,0.0
114,beta-cdf,auc,-0.9142702116115031,-0.9142702116115031,0.0
114,beta-cdf,ap,-0.9867672857170575,-0.9867672857170575,0.0
114,affine,auc,-0.9142702116115031,-0.9142702116115031,0.0
114,affine,ap,-0.9867672857170575,-0.9867672857170575,0.0
115,square,auc,-0.8571428571428572,-0.8571428571428572,0.0
115,square,ap,-1.3835046079735598,-1.3835046079735598,0.0
115,sqrt,auc,-0.8571428571428572,-0.8571428571428572,0.0
115,sqrt,ap,-1.3835046079735598,-1.3835046079735598,0.0
115,logit-shift,auc,-0.8571428571428572,-0.8571428571428572,0.0
115,logit-shift,ap,-1.3835046079735598,-1.3835046079735598,0.0
115,logit-scale,auc,-0.8571428571428572,-0.8571428571428572,0.0
115,logit-scale,ap,-1.3835046079735598,-1.3835046079735598,0.0
115,beta-cdf,auc,-0.8571428571428572,-0.8571428571428572,0.0
115,beta-cdf,ap,-1.3835046079735598,-1.3835046079735598,0.0
115,affine,auc,-0.8571428571428572,-0.8571428571428572,0.0
115,affine,ap,-1.3835046079735598,-1.3835046079735598,0.0
116,square,auc,-0.46496301277740426,-0.46496301277740426,0.0
116,square,ap,-0.6391306608177298,-0.6391306608177298,0.0
116,sqrt,auc,-0.46496301277740426,-0.46496301277740426,0.0
116,sqrt,ap,-0.6391306608177298,-0.6391306608177298,0.0
116,logit-shift,auc,-0.46496301277740426,-0.46496301277740426,0.0
116,logit-shift,ap,-0.6391306608177298,-0.6391306608177298,0.0
116,logit-scale,auc,-0.46496301277740426,-0.46496301277740426,0.0
116,logit-scale,ap,-0.6391306608177298,-0.6391306608177298,0.0
116,beta-cdf,auc,-0.46496301277740426,-0.46496301277740426,0.0
116,beta-cdf,ap,-0.6391306608177298,-0.6391306608177298,0.0
116,affine,auc,-0.46496301277740426,-0.46496301277740426,0.0
116,affine,ap,-0.6391306608177298,-0.6391306608177298,0.0
117,square,auc,-0.6009950248756202,-0.6009950248756202,0.0
117,square,ap,-0.5758516010873769,-0.5758516010873769,0.0
117,sqrt,auc,-0.6009950248756202,-0.6009950248756202,0.0
117,sqrt,ap,-0.5758516010873769,-0.5758516010873769,0.0
117,logit-shift,auc,-0.6009950248756202,-0.6009950248756202,0.0
117,logit-shift,ap,-0.5758516010873769,-0.5758516010873769,0.0
117,logit-scale,auc,-0.6009950248756202,-0.6009950248756202,0.0
117,logit-scale,ap,-0.5758516010873769,-0.5758516010873769,0.0
117,beta-cdf,auc,-0.6009950248756202,-0.6009950248756202,0.0
117,beta-cdf,ap,-0.5758516010873769,-0.5758516010873769,0.0
117,affine,auc,-0.6009950248756202,-0.6009950248756202,0.0
117,affine,ap,-0.5758516010873769,-0.5758516010873769,0.0
118,square,auc,-0.6232070910556002,-0.6232070910556002,0.0
118,square,ap,-0.7419944677175159,-0.7419944677175159,0.0
118,sqrt,auc,-0.6232070910556002,-0.6232070910556002,0.0
118,sqrt,ap,-0.7419944677175159,-0.7419944677175159,0.0
118,logit-shift,auc,-0.6232070910556002,-0.6232070910556002,0.0
118,logit-shift,ap,-0.7419944677175159,-0.7419944677175159,0.0
118,logit-scale,auc,-0.6232070910556002,-0.6232070910556002,0.0
118,logit-scale,ap,-0.7419944677175159,-0.7419944677175159,0.0
118,beta-cdf,auc,-0.6232070910556002,-0.6232070910556002,0.0
118,beta-cdf,ap,-0.7419944677175159,-0.7419944677175159,0.0
118,affine,auc,-0.6232070910556002,-0.6232070910556002,0.0
118,affine,ap,-0.7419944677175159,-0.7419944677175159,0.0
119,square,auc,-0.8411894273127751,-0.8411894273127751,0.0
119,square,ap,-1.3344025133983575,-1.3344025133983575,0.0
119,sqrt,auc,-0.8411894273127751,-0.8411894273127751,0.0
119,sqrt,ap,-1.3344025133983575,-1.3344025133983575,0.0
119,logit-shift,auc,-0.8411894273127751,-0.8411894273127751,0.0
119,logit-shift,ap,-1.3344025133983575,-1.3344025133983575,0.0
119,logit-scale,auc,-0.8411894273127751,-0.8411894273127751,0.0
119,logit-scale,ap,-1.3344025133983575,-1.3344025133983575,0.0
119,beta-cdf,auc,-0.8411894273127751,-0.8411894273127751,0.0
119,beta-cdf,ap,-1.3344025133983575,-1.3344025133983575,0.0
119,affine,auc,-0.8411894273127751,-0.8411894273127751,0.0
119,affine,ap,-1.3344025133983575,-1.3344025133983575,0.0
120,square,auc,-1.3606317636735907,-1.3606317636735907,0.0
120,square,ap,-1.2699897884277553,-1.2699897884277553,0.0
120,sqrt,auc,-1.3606317636735907,-1.3606317636735907,0.0
120,sqrt,ap,-1.2699897884277553,-1.2699897884277553,0.0
120,logit-shift,auc,-1.3606317636735907,-1.3606317636735907,0.0
120,logit-shift,ap,-1.2699897884277553,-1.2699897884277553,0.0
120,logit-scale,auc,-1.3606317636735907,-1.3606317636735907,0.0
120,logit-scale,ap,-1.2699897884277553,-1.2699897884277553,0.0
120,beta-cdf,auc,-1.3606317636735907,-1.3606317636735907,0.0
120,beta-cdf,ap,-1.2699897884277553,-1.2699897884277553,0.0
120,affine,auc,-1.3606317636735907,-1.3606317636735907,0.0
120,affine,ap,-1.2699897884277553,-1.2699897884277553,0.0
121,square,auc,-0.6765513454146077,-0.6765513454146077,0.0
121,square,ap,-1.3598121193284358,-1.3598121193284358,0.0
121,sqrt,auc,-0.6765513454146077,-0.6765513454146077,0.0
121,sqrt,ap,-1.3598121193284358,-1.3598121193284358,0.0
121,logit-shift,auc,-0.6765513454146077,-0.6765513454146077,0.0
121,logit-shift,ap,-1.3598121193284358,-1.3598121193284358,0.0
121,logit-scale,auc,-0.6765513454146077,-0.6765513454146077,0.0
121,logit-scale,ap,-1.3598121193284358,-1.3598121193284358,0.0
121,beta-cdf,auc,-0.6765513454146077,-0.6765513454146077,0.0
121,beta-cdf,ap,-1.3598121193284358,-1.3598121193284358,0.0
121,affine,auc,-0.6765513454146077,-0.6765513454146077,0.0
121,affine,ap,-1.3598121193284358,-1.3598121193284358,0.0
122,square,auc,-0.6665566193463195,-0.6665566193463195,0.0
122,square,ap,-0.8324652469922604,-0.8324652469922604,0.0
122,sqrt,auc,-0.6665566193463195,-0.6665566193463195,0.0
122,sqrt,ap,-0.8324652469922604,-0.8324652469922604,0.0
122,logit-shift,auc,-0.6665566193463195,-0.6665566193463195,0.0
122,logit-shift,ap,-0.8324652469922604,-0.8324652469922604,0.0
122,logit-scale,auc,-0.6665566193463195,-0.6665566193463195,0.0
122,logit-scale,ap,-0.8324652469922604,-0.8324652469922604,0.0
122,beta-cdf,auc,-0.6665566193463195,-0.6665566193463195,0.0
122,beta-cdf,ap,-0.8324652469922604,-0.8324652469922604,0.0
122,affine,auc,-0.6665566193463195,-0.6665566193463195,0.0
122,affine,ap,-0.8324652469922604,-0.8324652469922604,0.0
123,square,auc,-0.6066735822959886,-0.6066735822959886,0.0
123,square,ap,-1.0081450499379891,-1.0081450499379891,0.0
123,sqrt,auc,-0.6066735822959886,-0.6066735822959886,0.0
123,sqrt,ap,-1.0081450499379891,-1.0081450499379891,0.0
123,logit-shift,auc,-0.6066735822959886,-0.6066735822959886,0.0
123,logit-shift,ap,-1.0081450499379891,-1.0081450499379891,0.0
123,logit-scale,auc,-0.6066735822959886,-0.6066735822959886,0.0
123,logit-scale,ap,-1.0081450499379891,-1.0081450499379891,0.0
123,beta-cdf,auc,-0.6066735822959886,-0.6066735822959886,0.0
123,beta-cdf,ap,-1.0081450499379891,-1.0081450499379891,0.0
123,affine,auc,-0.6066735822959886,-0.6066735822959886,0.0
123,affine,ap,-1.0081450499379891,-1.0081450499379891,0.0
124,square,auc,-0.37736771355248644,-0.37736771355248644,0.0
124,square,ap,-0.5161389334069697,-0.5161389334069697,0.0
124,sqrt,auc,-0.37736771355248644,-0.37736771355248644,0.0
124,sqrt,ap,-0.5161389334069697,-0.5161389334069697,0.0
124,logit-shift,auc,-0.37736771355248644,-0.37736771355248644,0.0
124,logit-shift,ap,-0.5161389334069697,-0.5161389334069697,0.0
124,logit-scale,auc,-0.37736771355248644,-0.37736771355248644,0.0
124,logit-scale,ap,-0.5161389334069697,-0.5161389334069697,0.0
124,beta-cdf,auc,-0.37736771355248644,-0.37736771355248644,0.0
124,beta-cdf,ap,-0.5161389334069697,-0.5161389334069697,0.0
124,affine,auc,-0.37736771355248644,-0.37736771355248644,0.0
124,affine,ap,-0.5161389334069697,-0.5161389334069697,0.0
125,square,auc,-0.7495069033530561,-0.7495069033530561,0.0
125,square,ap,-0.4275828699835722,-0.4275828699835722,0.0
125,sqrt,auc,-0.7495069033530561,-0.7495069033530561,0.0
125,sqrt,ap,-0.4275828699835722,-0.4275828699835722,0.0
125,logit-shift,auc,-0.7495069033530561,-0.7495069033530561,0.0
125,logit-shift,ap,-0.4275828699835722,-0.4275828699835722,0.0
125,logit-scale,auc,-0.7495069033530561,-0.7495069033530561,0.0
125,logit-scale,ap,-0.4275828699835722,-0.4275828699835722,0.0
125,beta-cdf,auc,-0.7495069033530561,-0.7495069033530561,0.0
125,beta-cdf,ap,-0.4275828699835722,-0.4275828699835722,0.0
125,affine,auc,-0.7495069033530561,-0.7495069033530561,0.0
125,affine,ap,-0.4275828699835722,-0.4275828699835722,0.0
126,square,auc,-0.8510281158203958,-0.8510281158203958,0.0
126,square,ap,-0.784383068566701,-0.784383068566701,0.0
126,sqrt,auc,-0.8510281158203958,-0.8510281158203958,0.0
126,sqrt,ap,-0.784383068566701,-0.784383068566701,0.0
126,logit-shift,auc,-0.8510281158203958,-0.8510281158203958,0.0
126,logit-shift,ap,-0.784383068566701,-0.784383068566701,0.0
126,logit-scale,auc,-0.8510281158203958,-0.8510281158203958,0.0
126,logit-scale,ap,-0.784383068566701,-0.784383068566701,0.0
126,beta-cdf,auc,-0.8510281158203958,-0.8510281158203958,0.0
126,beta-cdf,ap,-0.784383068566701,-0.784383068566701,0.0
126,affine,auc,-0.8510281158203958,-0.8510281158203958,0.0
126,affine,ap,-0.784383068566701,-0.784383068566701,0.0
127,square,auc,-0.8018157233919254,-0.8018157233919254,0.0
127,square,ap,-0.7748355151936277,-0.7748355151936277,0.0
127,sqrt,auc,-0.8018157233919254,-0.8018157233919254,0.0
127,sqrt,ap,-0.7748355151936277,-0.7748355151936277,0.0
127,logit-shift,auc,-0.8018157233919254,-0.8018157233919254,0.0
127,logit-shift,ap,-0.7748355151936277,-0.7748355151936277,0.0
127,logit-scale,auc,-0.8018157233919254,-0.8018157233919254,0.0
127,logit-scale,ap,-0.7748355151936277,-0.7748355151936277,0.0
127,beta-cdf,auc,-0.8018157233919254,-0.8018157233919254,0.0
127,beta-cdf,ap,-0.7748355151936277,-0.7748355151936277,0.0
127,affine,auc,-0.8018157233919254,-0.8018157233919254,0.0
127,affine,ap,-0.7748355151936277,-0.7748355151936277,0.0
128,square,auc,-0.38176996091569015,-0.38176996091569015,0.0
128,square,ap,-0.3835875601580283,-0.3835875601580283,0.0
128,sqrt,auc,-0.38176996091569015,-0.38176996091569015,0.0
128,sqrt,ap,-0.3835875601580283,-0.3835875601580283,0.0
128,logit-shift,auc,-0.38176996091569015,-0.38176996091569015,0.0
128,logit-shift,ap,-0.3835875601580283,-0.3835875601580283,0.0
128,logit-scale,auc,-0.38176996091569015,-0.38176996091569015,0.0
128,logit-scale,ap,-0.3835875601580283,-0.3835875601580283,0.0
128,beta-cdf,auc,-0.38176996091569015,-0.38176996091569015,0.0
128,beta-cdf,ap,-0.3835875601580283,-0.3835875601580283,0.0
128,affine,auc,-0.38176996091569015,-0.38176996091569015,0.0
128,affine,ap,-0.3835875601580283,-0.3835875601580283,0.0
129,square,auc,-0.4501891551071884,-0.4501891551071884,0.0
129,square,ap,-0.9725016971378408,-0.9725016971378408,0.0
129,sqrt,auc,-0.4501891551071884,-0.4501891551071884,0.0
129,sqrt,ap,-0.9725016971378408,-0.9725016971378408,0.0
129,logit-shift,auc,-0.4501891551071884,-0.4501891551071884,0.0
129,logit-shift,ap,-0.9725016971378408,-0.9725016971378408,0.0
129,logit-scale,auc,-0.4501891551071884,-0.4501891551071884,0.0
129,logit-scale,ap,-0.9725016971378408,-0.9725016971378408,0.0
129,beta-cdf,auc,-0.4501891551071884,-0.4501891551071884,0.0
129,beta-cdf,ap,-0.9725016971378408,-0.9725016971378408,0.0
129,affine,auc,-0.4501891551071884,-0.4501891551071884,0.0
129,affine,ap,-0.9725016971378408,-0.9725016971378408,0.0
130,square,auc,-0.5129993658845924,-0.5129993658845924,0.0
130,square,ap,-0.5909601408896954,-0.5909601408896954,0.0
130,sqrt,auc,-0.5129993658845924,-0.5129993658845924,0.0
130,sqrt,ap,-0.5909601408896954,-0.5909601408896954,0.0
130,logit-shift,auc,-0.5129993658845924,-0.5129993658845924,0.0
130,logit-shift,ap,-0.5909601408896954,-0.5909601408896954,0.0
130,logit-scale,auc,-0.5129993658845924,-0.5129993658845924,0.0
130,logit-scale,ap,-0.5909601408896954,-0.5909601408896954,0.0
130,beta-cdf,auc,-0.5129993658845924,-0.5129993658845924,0.0
130,beta-cdf,ap,-0.5909601408896954,-0.5909601408896954,0.0
130,affine,auc,-0.5129993658845924,-0.5129993658845924,0.0
130,affine,ap,-0.5909601408896954,-0.5909601408896954,0.0
131,square,auc,-1.2801539777587685,-1.2801539777587685,0.0
131,square,ap,-1.370239512258551,-1.370239512258551,0.0
131,sqrt,auc,-1.2801539777587685,-1.2801539777587685,0.0
131,sqrt,ap,-1.370239512258551,-1.370239512258551,0.0
131,logit-shift,auc,-1.2801539777587685,-1.2801539777587685,0.0
131,logit-shift,ap,-1.370239512258551,-1.370239512258551,0.0
131,logit-scale,auc,-1.2801539777587685,-1.2801539777587685,0.0
131,logit-scale,ap,-1.370239512258551,-1.370239512258551,0.0
131,beta-cdf,auc,-1.2801539777587685,-1.2801539777587685,0.0
131,beta-cdf,ap,-1.370239512258551,-1.370239512258551,0.0
131,affine,auc,-1.2801539777587685,-1.2801539777587685,0.0
131,affine,ap,-1.370239512258551,-1.370239512258551,0.0
132,square,auc,-0.4093713085706785,-0.4093713085706785,0.0
132,square,ap,-0.3064630446516725,-0.3064630446516725,0.0
132,sqrt,auc,-0.4093713085706785,-0.4093713085706785,0.0
132,sqrt,ap,-0.3064630446516725,-0.3064630446516725,0.0
132,logit-shift,auc,-0.4093713085706785,-0.4093713085706785,0.0
132,logit-shift,ap,-0.3064630446516725,-0.3064630446516725,0.0
132,logit-scale,auc,-0.4093713085706785,-0.4093713085706785,0.0
132,logit-scale,ap,-0.3064630446516725,-0.3064630446516725,0.0
132,beta-cdf,auc,-0.4093713085706785,-0.4093713085706785,0.0
132,beta-cdf,ap,-0.3064630446516725,-0.3064630446516725,0.0
132,affine,auc,-0.4093713085706785,-0.4093713085706785,0.0
132,affine,ap,-0.3064630446516725,-0.3064630446516725,0.0
133,square,auc,-0.6587722031785601,-0.6587722031785601,0.0
133,square,ap,-0.6283421905536926,-0.6283421905536926,0.0
133,sqrt,auc,-0.6587722031785601,-0.6587722031785601,0.0
133,sqrt,ap,-0.6283421905536926,-0.6283421905536926,0.0
133,logit-shift,auc,-0.6587722031785601,-0.6587722031785601,0.0
133,logit-shift,ap,-0.6283421905536926,-0.6283421905536926,0.0
133,logit-scale,auc,-0.6587722031785601,-0.6587722031785601,0.0
133,logit-scale,ap,-0.6283421905536926,-0.6283421905536926,0.0
133,beta-cdf,auc,-0.6587722031785601,-0.6587722031785601,0.0
133,beta-cdf,ap,-0.6283421905536926,-0.6283421905536926,0.0
133,affine,auc,-0.6587722031785601,-0.6587722031785601,0.0
133,affine,ap,-0.6283421905536926,-0.6283421905536926,0.0
134,square,auc,-0.678479931682322,-0.678479931682322,0.0
134,square,ap,-0.5441764786654484,-0.5441764786654484,0.0
134,sqrt,auc,-0.678479931682322,-0.678479931682322,0.0
134,sqrt,ap,-0.5441764786654484,-0.5441764786654484,0.0
134,logit-shift,auc,-0.678479931682322,-0.678479931682322,0.0
134,logit-shift,ap,-0.5441764786654484,-0.5441764786654484,0.0
134,logit-scale,auc,-0.678479931682322,-0.678479931682322,0.0
134,logit-scale,ap,-0.5441764786654484,-0.5441764786654484,0.0
134,beta-cdf,auc,-0.678479931682322,-0.678479931682322,0.0
134,beta-cdf,ap,-0.5441764786654484,-0.5441764786654484,0.0
134,affine,auc,-0.678479931682322,-0.678479931682322,0.0
134,affine,ap,-0.5441764786654484,-0.5441764786654484,0.0
135,square,auc,-0.5243815243815242,-0.5243815243815242,0.0
135,square,ap,-0.515582957839033,-0.515582957839033,0.0
135,sqrt,auc,-0.5243815243815242,-0.5243815243815242,0.0
135,sqrt,ap,-0.515582957839033,-0.515582957839033,0.0
135,logit-shift,auc,-0.5243815243815242,-0.5243815243815242,0.0
135,logit-shift,ap,-0.515582957839033,-0.515582957839033,0.0
135,logit-scale,auc,-0.5243815243815242,-0.5243815243815242,0.0
135,logit-scale,ap,-0.515582957839033,-0.515582957839033,0.0
135,beta-cdf,auc,-0.5243815243815242,-0.5243815243815242,0.0
135,beta-cdf,ap,-0.515582957839033,-0.515582957839033,0.0
135,affine,auc,-0.5243815243815242,-0.5243815243815242,0.0
135,affine,ap,-0.515582957839033,-0.515582957839033,0.0
136,square,auc,-0.9589041095890409,-0.9589041095890409,0.0
136,square,ap,-1.102577048377448,-1.102577048377448,0.0
136,sqrt,auc,-0.9589041095890409,-0.9589041095890409,0.0
136,sqrt,ap,-1.102577048377448,-1.102577048377448,0.0
136,logit-shift,auc,-0.9589041095890409,-0.9589041095890409,0.0
136,logit-shift,ap,-1.102577048377448,-1.102577048377448,0.0
136,logit-scale,auc,-0.9589041095890409,-0.9589041095890409,0.0
136,logit-scale,ap,-1.102577048377448,-1.102577048377448,0.0
136,beta-cdf,auc,-0.9589041095890409,-0.9589041095890409,0.0
136,beta-cdf,ap,-1.102577048377448,-1.102577048377448,0.0
136,affine,auc,-0.9589041095890409,-0.9589041095890409,0.0
136,affine,ap,-1.102577048377448,-1.102577048377448,0.0
137,square,auc,-0.6385985573384363,-0.6385985573384363,0.0
137,square,ap,-0.5828764911995934,-0.5828764911995934,0.0
137,sqrt,auc,-0.6385985573384363,-0.6385985573384363,0.0
137,sqrt,ap,-0.5828764911995934,-0.5828764911995934,0.0
137,logit-shift,auc,-0.6385985573384363,-0.6385985573384363,0.0
137,logit-shift,ap,-0.5828764911995934,-0.5828764911995934,0.0
137,logit-scale,auc,-0.6385985573384363,-0.6385985573384363,0.0
137,logit-scale,ap,-0.5828764911995934,-0.5828764911995934,0.0
137,beta-cdf,auc,-0.6385985573384363,-0.6385985573384363,0.0
137,beta-cdf,ap,-0.5828764911995934,-0.5828764911995934,0.0
137,affine,auc,-0.6385985573384363,-0.6385985573384363,0.0
137,affine,ap,-0.5828764911995934,-0.5828764911995934,0.0
138,square,auc,-0.47879616963064286,-0.47879616963064286,0.0
138,square,ap,-0.682562995017145,-0.682562995017145,0.0
138,sqrt,auc,-0.47879616963064286,-0.47879616963064286,0.0
138,sqrt,ap,-0.682562995017145,-0.682562995017145,0.0
138,logit-shift,auc,-0.47879616963064286,-0.47879616963064286,0.0
138,logit-shift,ap,-0.682562995017145,-0.682562995017145,0.0
138,logit-scale,auc,-0.47879616963064286,-0.47879616963064286,0.0
138,logit-scale,ap,-0.682562995017145,-0.682562995017145,0.0
138,beta-cdf,auc,-0.47879616963064286,-0.47879616963064286,0.0
138,beta-cdf,ap,-0.682562995017145,-0.682562995017145,0.0
138,affine,auc,-0.47879616963064286,-0.47879616963064286,0.0
138,affine,ap,-0.682562995017145,-0.682562995017145,0.0
139,square,auc,-0.6289353958143753,-0.6289353958143753,0.0
139,square,ap,-0.5869599122146107,-0.5869599122146107,0.0
139,sqrt,auc,-0.6289353958143753,-0.6289353958143753,0.0
139,sqrt,ap,-0.5869599122146107,-0.5869599122146107,0.0
139,logit-shift,auc,-0.6289353958143753,-0.6289353958143753,0.0
139,logit-shift,ap,-0.5869599122146107,-0.5869599122146107,0.0
139,logit-scale,auc,-0.6289353958143753,-0.6289353958143753,0.0
139,logit-scale,ap,-0.5869599122146107,-0.5869599122146107,0.0
139,beta-cdf,auc,-0.6289353958143753,-0.6289353958143753,0.0
139,beta-cdf,ap,-0.5869599122146107,-0.5869599122146107,0.0
139,affine,auc,-0.6289353958143753,-0.6289353958143753,0.0
139,affine,ap,-0.5869599122146107,-0.5869599122146107,0.0
140,square,auc,-0.39144165482393833,-0.39144165482393833,0.0
140,square,ap,-0.4537175028326048,-0.4537175028326048,0.0
140,sqrt,auc,-0.39144165482393833,-0.39144165482393833,0.0
140,sqrt,ap,-0.4537175028326048,-0.4537175028326048,0.0
140,logit-shift,auc,-0.39144165482393833,-0.39144165482393833,0.0
140,logit-shift,ap,-0.4537175028326048,-0.4537175028326048,0.0
140,logit-scale,auc,-0.39144165482393833,-0.39144165482393833,0.0
140,logit-scale,ap,-0.4537175028326048,-0.4537175028326048,0.0
140,beta-cdf,auc,-0.39144165482393833,-0.39144165482393833,0.0
140,beta-cdf,ap,-0.4537175028326048,-0.4537175028326048,0.0
140,affine,auc,-0.39144165482393833,-0.39144165482393833,0.0
140,affine,ap,-0.4537175028326048,-0.4537175028326048,0.0
141,square,auc,-0.6271611823759078,-0.6271611823759078,0.0
141,square,ap,-0.7959916492908035,-0.7959916492908035,0.0
141,sqrt,auc,-0.6271611823759078,-0.6271611823759078,0.0
141,sqrt,ap,-0.7959916492908035,-0.7959916492908035,0.0
141,logit-shift,auc,-0.6271611823759078,-0.6271611823759078,0.0
141,logit-shift,ap,-0.7959916492908035,-0.7959916492908035,0.0
141,logit-scale,auc,-0.6271611823759078,-0.6271611823759078,0.0
141,logit-scale,ap,-0.7959916492908035,-0.7959916492908035,0.0
141,beta-cdf,auc,-0.6271611823759078,-0.6271611823759078,0.0
141,beta-cdf,ap,-0.7959916492908035,-0.7959916492908035,0.0
141,affine,auc,-0.6271611823759078,-0.6271611823759078,0.0
141,affine,ap,-0.7959916492908035,-0.7959916492908035,0.0
142,square,auc,-0.7063100137174232,-0.7063100137174232,0.0
142,square,ap,-0.8238695330243127,-0.8238695330243127,0.0
142,sqrt,auc,-0.7063100137174232,-0.7063100137174232,0.0
142,sqrt,ap,-0.8238695330243127,-0.8238695330243127,0.0
142,logit-shift,auc,-0.7063100137174232,-0.7063100137174232,0.0
142,logit-shift,ap,-0.8238695330243127,-0.8238695330243127,0.0
142,logit-scale,auc,-0.7063100137174232,-0.7063100137174232,0.0
142,logit-scale,ap,-0.8238695330243127,-0.8238695330243127,0.0
142,beta-cdf,auc,-0.7063100137174232,-0.7063100137174232,0.0
142,beta-cdf,ap,-0.8238695330243127,-0.8238695330243127,0.0
142,affine,auc,-0.7063100137174232,-0.7063100137174232,0.0
142,affine,ap,-0.8238695330243127,-0.8238695330243127,0.0
143,square,auc,-0.9849756959787872,-0.9849756959787872,0.0
143,square,ap,-1.0152635478454952,-1.0152635478454952,0.0
143,sqrt,auc,-0.9849756959787872,-0.9849756959787872,0.0
143,sqrt,ap,-1.0152635478454952,-1.0152635478454952,0.0
143,logit-shift,auc,-0.9849756959787872,-0.9849756959787872,0.0
143,logit-shift,ap,-1.0152635478454952,-1.0152635478454952,0.0
143,logit-scale,auc,-0.9849756959787872,-0.9849756959787872,0.0
143,logit-scale,ap,-1.0152635478454952,-1.0152635478454952,0.0
143,beta-cdf,auc,-0.9849756959787872,-0.9849756959787872,0.0
143,beta-cdf,ap,-1.0152635478454952,-1.0152635478454952,0.0
143,affine,auc,-0.9849756959787872,-0.9849756959787872,0.0
143,affine,ap,-1.0152635478454952,-1.0152635478454952,0.0
144,square,auc,-0.6802176212785265,-0.6802176212785265,0.0
144,square,ap,-0.8559639503799095,-0.8559639503799095,0.0
144,sqrt,auc,-0.6802176212785265,-0.6802176212785265,0.0
144,sqrt,ap,-0.8559639503799095,-0.8559639503799095,0.0
144,logit-shift,auc,-0.6802176212785265,-0.6802176212785265,0.0
144,logit-shift,ap,-0.8559639503799095,-0.8559639503799095,0.0
144,logit-scale,auc,-0.6802176212785265,-0.6802176212785265,0.0
144,logit-scale,ap,-0.8559639503799095,-0.8559639503799095,0.0
144,beta-cdf,auc,-0.6802176212785265,-0.6802176212785265,0.0
144,beta-cdf,ap,-0.8559639503799095,-0.8559639503799095,0.0
144,affine,auc,-0.6802176212785265,-0.6802176212785265,0.0
144,affine,ap,-0.8559639503799095,-0.8559639503799095,0.0
145,square,auc,-0.869401423189619,-0.869401423189619,0.0
145,square,ap,-0.9173152385359642,-0.9173152385359642,0.0
145,sqrt,auc,-0.869401423189619,-0.869401423189619,0.0
145,sqrt,ap,-0.9173152385359642,-0.9173152385359642,0.0
145,logit-shift,auc,-0.869401423189619,-0.869401423189619,0.0
145,logit-shift,ap,-0.9173152385359642,-0.9173152385359642,0.0
145,logit-scale,auc,-0.869401423189619,-0.869401423189619,0.0
145,logit-scale,ap,-0.9173152385359642,-0.9173152385359642,0.0
145,beta-cdf,auc,-0.869401423189619,-0.869401423189619,0.0
145,beta-cdf,ap,-0.9173152385359642,-0.9173152385359642,0.0
145,affine,auc,-0.869401423189619,-0.869401423189619,0.0
145,affine,ap,-0.9173152385359642,-0.9173152385359642,0.0
146,square,auc,-1.294030294030291,-1.294030294030291,0.0
146,square,ap,-1.2605063777518706,-1.2605063777518706,0.0
146,sqrt,auc,-1.294030294030291,-1.294030294030291,0.0
146,sqrt,ap,-1.2605063777518706,-1.2605063777518706,0.0
146,logit-shift,auc,-1.294030294030291,-1.294030294030291,0.0
146,logit-shift,ap,-1.2605063777518706,-1.2605063777518706,0.0
146,logit-scale,auc,-1.294030294030291,-1.294030294030291,0.0
146,logit-scale,ap,-1.2605063777518706,-1.2605063777518706,0.0
146,beta-cdf,auc,-1.294030294030291,-1.294030294030291,0.0
146,beta-cdf,ap,-1.2605063777518706,-1.2605063777518706,0.0
146,affine,auc,-1.294030294030291,-1.294030294030291,0.0
146,affine,ap,-1.2605063777518706,-1.2605063777518706,0.0
147,square,auc,-0.7738885536109446,-0.7738885536109446,0.0
147,square,ap,-0.7990458684026418,-0.7990458684026418,0.0
147,sqrt,auc,-0.7738885536109446,-0.7738885536109446,0.0
147,sqrt,ap,-0.7990458684026418,-0.7990458684026418,0.0
147,logit-shift,auc,-0.7738885536109446,-0.7738885536109446,0.0
147,logit-shift,ap,-0.7990458684026418,-0.7990458684026418,0.0
147,logit-scale,auc,-0.7738885536109446,-0.7738885536109446,0.0
147,logit-scale,ap,-0.7990458684026418,-0.7990458684026418,0.0
147,beta-cdf,auc,-0.7738885536109446,-0.7738885536109446,0.0
147,beta-cdf,ap,-0.7990458684026418,-0.7990458684026418,0.0
147,affine,auc,-0.7738885536109446,-0.7738885536109446,0.0
147,affine,ap,-0.7990458684026418,-0.7990458684026418,0.0
148,square,auc,-0.946011281224818,-0.946011281224818,0.0
148,square,ap,-1.094285843542559,-1.094285843542559,0.0
148,sqrt,auc,-0.946011281224818,-0.946011281224818,0.0
148,sqrt,ap,-1.094285843542559,-1.094285843542559,0.0
148,logit-shift,auc,-0.946011281224818,-0.946011281224818,0.0
148,logit-shift,ap,-1.094285843542559,-1.094285843542559,0.0
148,logit-scale,auc,-0.946011281224818,-0.946011281224818,0.0
148,logit-scale,ap,-1.094285843542559,-1.094285843542559,0.0
148,beta-cdf,auc,-0.946011281224818,-0.946011281224818,0.0
148,beta-cdf,ap,-1.094285843542559,-1.094285843542559,0.0
148,affine,auc,-0.946011281224818,-0.946011281224818,0.0
148,affine,ap,-1.094285843542559,-1.094285843542559,0.0
149,square,auc,-0.8564933781379711,-0.8564933781379711,0.0
149,square,ap,-1.3813156274230307,-1.3813156274230307,0.0
149,sqrt,auc,-0.8564933781379711,-0.8564933781379711,0.0
149,sqrt,ap,-1.3813156274230307,-1.3813156274230307,0.0
149,logit-shift,auc,-0.8564933781379711,-0.8564933781379711,0.0
149,logit-shift,ap,-1.3813156274230307,-1.3813156274230307,0.0
149,logit-scale,auc,-0.8564933781379711,-0.8564933781379711,0.0
149,logit-scale,ap,-1.3813156274230307,-1.3813156274230307,0.0
149,beta-cdf,auc,-0.8564933781379711,-0.8564933781379711,0.0
149,beta-cdf,ap,-1.3813156274230307,-1.3813156274230307,0.0
149,affine,auc,-0.8564933781379711,-0.8564933781379711,0.0
149,affine,ap,-1.3813156274230307,-1.3813156274230307,0.0
150,square,auc,-0.8155268022181144,-0.8155268022181144,0.0
150,square,ap,-1.1644258632795892,-1.1644258632795892,0.0
150,sqrt,auc,-0.8155268022181144,-0.8155268022181144,0.0
150,sqrt,ap,-1.1644258632795892,-1.1644258632795892,0.0
150,logit-shift,auc,-0.8155268022181144,-0.8155268022181144,0.0
150,logit-shift,ap,-1.1644258632795892,-1.1644258632795892,0.0
150,logit-scale,auc,-0.8155268022181144,-0.8155268022181144,0.0
150,logit-scale,ap,-1.1644258632795892,-1.1644258632795892,0.0
150,beta-cdf,auc,-0.8155268022181144,-0.8155268022181144,0.0
150,beta-cdf,ap,-1.1644258632795892,-1.1644258632795892,0.0
150,affine,auc,-0.8155268022181144,-0.8155268022181144,0.0
150,affine,ap,-1.1644258632795892,-1.1644258632795892,0.0
151,square,auc,-0.613311688311688,-0.613311688311688,0.0
151,square,ap,-0.9648073685539207,-0.9648073685539207,0.0
151,sqrt,auc,-0.613311688311688,-0.613311688311688,0.0
151,sqrt,ap,-0.9648073685539207,-0.9648073685539207,0.0
151,logit-shift,auc,-0.613311688311688,-0.613311688311688,0.0
151,logit-shift,ap,-0.9648073685539207,-0.9648073685539207,0.0
151,logit-scale,auc,-0.613311688311688,-0.613311688311688,0.0
151,logit-scale,ap,-0.9648073685539207,-0.9648073685539207,0.0
151,beta-cdf,auc,-0.613311688311688,-0.613311688311688,0.0
151,beta-cdf,ap,-0.9648073685539207,-0.9648073685539207,0.0
151,affine,auc,-0.613311688311688,-0.613311688311688,0.0
151,affine,ap,-0.9648073685539207,-0.9648073685539207,0.0
152,square,auc,-0.36070627802690636,-0.36070627802690636,0.0
152,square,ap,-0.440809299613635,-0.440809299613635,0.0
152,sqrt,auc,-0.36070627802690636,-0.36070627802690636,0.0
152,sqrt,ap,-0.440809299613635,-0.440809299613635,0.0
152,logit-shift,auc,-0.36070627802690636,-0.36070627802690636,0.0
152,logit-shift,ap,-0.440809299613635,-0.440809299613635,0.0
152,logit-scale,auc,-0.36070627802690636,-0.36070627802690636,0.0
152,logit-scale,ap,-0.440809299613635,-0.440809299613635,0.0
152,beta-cdf,auc,-0.36070627802690636,-0.36070627802690636,0.0
152,beta-cdf,ap,-0.440809299613635,-0.440809299613635,0.0
152,affine,auc,-0.36070627802690636,-0.36070627802690636,0.0
152,affine,ap,-0.440809299613635,-0.440809299613635,0.0
153,square,auc,-0.540095087163234,-0.540095087163234,0.0
153,square,ap,-1.0078230063421763,-1.0078230063421763,0.0
153,sqrt,auc,-0.540095087163234,-0.540095087163234,0.0
153,sqrt,ap,-1.0078230063421763,-1.0078230063421763,0.0
153,logit-shift,auc,-0.540095087163234,-0.540095087163234,0.0
153,logit-shift,ap,-1.0078230063421763,-1.0078230063421763,0.0
153,logit-scale,auc,-0.540095087163234,-0.540095087163234,0.0
153,logit-scale,ap,-1.0078230063421763,-1.0078230063421763,0.0
153,beta-cdf,auc,-0.540095087163234,-0.540095087163234,0.0
153,beta-cdf,ap,-1.0078230063421763,-1.0078230063421763,0.0
153,affine,auc,-0.540095087163234,-0.540095087163234,0.0
153,affine,ap,-1.0078230063421763,-1.0078230063421763,0.0
154,square,auc,-0.7452153110047852,-0.7452153110047852,0.0
154,square,ap,-1.2807777916974787,-1.2807777916974787,0.0
154,sqrt,auc,-0.7452153110047852,-0.7452153110047852,0.0
154,sqrt,ap,-1.2807777916974787,-1.2807777916974787,0.0
154,logit-shift,auc,-0.7452153110047852,-0.7452153110047852,0.0
154,logit-shift,ap,-1.2807777916974787,-1.2807777916974787,0.0
154,logit-scale,auc,-0.7452153110047852,-0.7452153110047852,0.0
154,logit-scale,ap,-1.2807777916974787,-1.2807777916974787,0.0
154,beta-cdf,auc,-0.7452153110047852,-0.7452153110047852,0.0
154,beta-cdf,ap,-1.2807777916974787,-1.2807777916974787,0.0
154,affine,auc,-0.7452153110047852,-0.7452153110047852,0.0
154,affine,ap,-1.2807777916974787,-1.2807777916974787,0.0
155,square,auc,-0.9125599651112075,-0.9125599651112075,0.0
155,square,ap,-1.9638559998606313,-1.9638559998606313,0.0
155,sqrt,auc,-0.9125599651112075,-0.9125599651112075,0.0
155,sqrt,ap,-1.9638559998606313,-1.9638559998606313,0.0
155,logit-shift,auc,-0.9125599651112075,-0.9125599651112075,0.0
155,logit-shift,ap,-1.9638559998606313,-1.9638559998606313,0.0
155,logit-scale,auc,-0.9125599651112075,-0.9125599651112075,0.0
155,logit-scale,ap,-1.9638559998606313,-1.9638559998606313,0.0
155,beta-cdf,auc,-0.9125599651112075,-0.9125599651112075,0.0
155,beta-cdf,ap,-1.9638559998606313,-1.9638559998606313,0.0
155,affine,auc,-0.9125599651112075,-0.9125599651112075,0.0
155,affine,ap,-1.9638559998606313,-1.9638559998606313,0.0
156,square,auc,-0.3691912708600775,-0.3691912708600775,0.0
156,square,ap,-0.5610125158969779,-0.5610125158969779,0.0
156,sqrt,auc,-0.3691912708600775,-0.3691912708600775,0.0
156,sqrt,ap,-0.5610125158969779,-0.5610125158969779,0.0
156,logit-shift,auc,-0.3691912708600775,-0.3691912708600775,0.0
156,logit-shift,ap,-0.5610125158969779,-0.5610125158969779,0.0
156,logit-scale,auc,-0.3691912708600775,-0.3691912708600775,0.0
156,logit-scale,ap,-0.5610125158969779,-0.5610125158969779,0.0
156,beta-cdf,auc,-0.3691912708600775,-0.3691912708600775,0.0
156,beta-cdf,ap,-0.5610125158969779,-0.5610125158969779,0.0
156,affine,auc,-0.3691912708600775,-0.3691912708600775,0.0
156,affine,ap,-0.5610125158969779,-0.5610125158969779,0.0
157,square,auc,-0.670725767169994,-0.670725767169994,0.0
157,square,ap,-0.6186771599320784,-0.6186771599320784,0.0
157,sqrt,auc,-0.670725767169994,-0.670725767169994,0.0
157,sqrt,ap,-0.6186771599320784,-0.6186771599320784,0.0
157,logit-shift,auc,-0.670725767169994,-0.670725767169994,0.0
157,logit-shift,ap,-0.6186771599320784,-0.6186771599320784,0.0
157,logit-scale,auc,-0.670725767169994,-0.670725767169994,0.0
157,logit-scale,ap,-0.6186771599320784,-0.6186771599320784,0.0
157,beta-cdf,auc,-0.670725767169994,-0.670725767169994,0.0
157,beta-cdf,ap,-0.6186771599320784,-0.6186771599320784,0.0
157,affine,auc,-0.670725767169994,-0.670725767169994,0.0
157,affine,ap,-0.6186771599320784,-0.6186771599320784,0.0
158,square,auc,-1.0623293903548694,-1.0623293903548694,0.0
158,square,ap,-0.9946573270925212,-0.9946573270925212,0.0
158,sqrt,auc,-1.0623293903548694,-1.0623293903548694,0.0
158,sqrt,ap,-0.9946573270925212,-0.9946573270925212,0.0
158,logit-shift,auc,-1.0623293903548694,-1.0623293903548694,0.0
158,logit-shift,ap,-0.9946573270925212,-0.9946573270925212,0.0
158,logit-scale,auc,-1.0623293903548694,-1.0623293903548694,0.0
158,logit-scale,ap,-0.9946573270925212,-0.9946573270925212,0.0
158,beta-cdf,auc,-1.0623293903548694,-1.0623293903548694,0.0
158,beta-cdf,ap,-0.9946573270925212,-0.9946573270925212,0.0
158,affine,auc,-1.0623293903548694,-1.0623293903548694,0.0
158,affine,ap,-0.9946573270925212,-0.9946573270925212,0.0
159,square,auc,-0.5166526138279932,-0.5166526138279932,0.0
159,square,ap,-0.6125505391454882,-0.6125505391454882,0.0
159,sqrt,auc,-0.5166526138279932,-0.5166526138279932,0.0
159,sqrt,ap,-0.6125505391454882,-0.6125505391454882,0.0
159,logit-shift,auc,-0.5166526138279932,-0.5166526138279932,0.0
159,logit-shift,ap,-0.6125505391454882,-0.6125505391454882,0.0
159,logit-scale,auc,-0.5166526138279932,-0.5166526138279932,0.0
159,logit-scale,ap,-0.6125505391454882,-0.6125505391454882,0.0
159,beta-cdf,auc,-0.5166526138279932,-0.5166526138279932,0.0
159,beta-cdf,ap,-0.6125505391454882,-0.6125505391454882,0.0
159,affine,auc,-0.5166526138279932,-0.5166526138279932,0.0
159,affine,ap,-0.6125505391454882,-0.6125505391454882,0.0
160,square,auc,-0.469148032833286,-0.469148032833286,0.0
160,square,ap,-0.5446884824403901,-0.5446884824403901,0.0
160,sqrt,auc,-0.469148032833286,-0.469148032833286,0.0
160,sqrt,ap,-0.5446884824403901,-0.5446884824403901,0.0
160,logit-shift,auc,-0.469148032833286,-0.469148032833286,0.0
160,logit-shift,ap,-0.5446884824403901,-0.5446884824403901,0.0
160,logit-scale,auc,-0.469148032833286,-0.469148032833286,0.0
160,logit-scale,ap,-0.5446884824403901,-0.5446884824403901,0.0
160,beta-cdf,auc,-0.469148032833286,-0.469148032833286,0.0
160,beta-cdf,ap,-0.5446884824403901,-0.5446884824403901,0.0
160,affine,auc,-0.469148032833286,-0.469148032833286,0.0
160,affine,ap,-0.5446884824403901,-0.5446884824403901,0.0
161,square,auc,-1.026103026103026,-1.026103026103026,0.0
161,square,ap,-1.096267476849087,-1.096267476849087,0.0
161,sqrt,auc,-1.026103026103026,-1.026103026103026,0.0
161,sqrt,ap,-1.096267476849087,-1.096267476849087,0.0
161,logit-shift,auc,-1.026103026103026,-1.026103026103026,0.0
161,logit-shift,ap,-1.096267476849087,-1.096267476849087,0.0
161,logit-scale,auc,-1.026103026103026,-1.026103026103026,0.0
161,logit-scale,ap,-1.096267476849087,-1.096267476849087,0.0
161,beta-cdf,auc,-1.026103026103026,-1.026103026103026,0.0
161,beta-cdf,ap,-1.096267476849087,-1.096267476849087,0.0
161,affine,auc,-1.026103026103026,-1.026103026103026,0.0
161,affine,ap,-1.096267476849087,-1.096267476849087,0.0
162,square,auc,-0.6283708313387593,-0.6283708313387593,0.0
162,square,ap,-0.7458999117079435,-0.7458999117079435,0.0
162,sqrt,auc,-0.6283708313387593,-0.6283708313387593,0.0
162,sqrt,ap,-0.7458999117079435,-0.7458999117079435,0.0
162,logit-shift,auc,-0.6283708313387593,-0.6283708313387593,0.0
162,logit-shift,ap,-0.7458999117079435,-0.7458999117079435,0.0
162,logit-scale,auc,-0.6283708313387593,-0.6283708313387593,0.0
162,logit-scale,ap,-0.7458999117079435,-0.7458999117079435,0.0
162,beta-cdf,auc,-0.6283708313387593,-0.6283708313387593,0.0
162,beta-cdf,ap,-0.7458999117079435,-0.7458999117079435,0.0
162,affine,auc,-0.6283708313387593,-0.6283708313387593,0.0
162,affine,ap,-0.7458999117079435,-0.7458999117079435,0.0
163,square,auc,-0.6530566207985555,-0.6530566207985555,0.0
163,square,ap,-0.9496672748502115,-0.9496672748502115,0.0
163,sqrt,auc,-0.6530566207985555,-0.6530566207985555,0.0
163,sqrt,ap,-0.9496672748502115,-0.9496672748502115,0.0
163,logit-shift,auc,-0.6530566207985555,-0.6530566207985555,0.0
163,logit-shift,ap,-0.9496672748502115,-0.9496672748502115,0.0
163,logit-scale,auc,-0.6530566207985555,-0.6530566207985555,0.0
163,logit-scale,ap,-0.9496672748502115,-0.9496672748502115,0.0
163,beta-cdf,auc,-0.6530566207985555,-0.6530566207985555,0.0
163,beta-cdf,ap,-0.9496672748502115,-0.9496672748502115,0.0
163,affine,auc,-0.6530566207985555,-0.6530566207985555,0.0
163,affine,ap,-0.9496672748502115,-0.9496672748502115,0.0
164,square,auc,-0.5757529892538216,-0.5757529892538216,0.0
164,square,ap,-0.6221175447748832,-0.6221175447748832,0.0
164,sqrt,auc,-0.5757529892538216,-0.5757529892538216,0.0
164,sqrt,ap,-0.6221175447748832,-0.6221175447748832,0.0
164,logit-shift,auc,-0.5757529892538216,-0.5757529892538216,0.0
164,logit-shift,ap,-0.6221175447748832,-0.6221175447748832,0.0
164,logit-scale,auc,-0.5757529892538216,-0.5757529892538216,0.0
164,logit-scale,ap,-0.6221175447748832,-0.6221175447748832,0.0
164,beta-cdf,auc,-0.5757529892538216,-0.5757529892538216,0.0
164,beta-cdf,ap,-0.6221175447748832,-0.6221175447748832,0.0
164,affine,auc,-0.5757529892538216,-0.5757529892538216,0.0
164,affine,ap,-0.6221175447748832,-0.6221175447748832,0.0
165,square,auc,-0.7678164659941418,-0.7678164659941418,0.0
165,square,ap,-0.7689762087205014,-0.7689762087205014,0.0
165,sqrt,auc,-0.7678164659941418,-0.7678164659941418,0.0
165,sqrt,ap,-0.7689762087205014,-0.7689762087205014,0.0
165,logit-shift,auc,-0.7678164659941418,-0.7678164659941418,0.0
165,logit-shift,ap,-0.7689762087205014,-0.7689762087205014,0.0
165,logit-scale,auc,-0.7678164659941418,-0.7678164659941418,0.0
165,logit-scale,ap,-0.7689762087205014,-0.7689762087205014,0.0
165,beta-cdf,auc,-0.7678164659941418,-0.7678164659941418,0.0
165,beta-cdf,ap,-0.7689762087205014,-0.7689762087205014,0.0
165,affine,auc,-0.7678164659941418,-0.7678164659941418,0.0
165,affine,ap,-0.7689762087205014,-0.7689762087205014,0.0
166,square,auc,-0.540222866737903,-0.540222866737903,0.0
166,square,ap,-0.7842118644270992,-0.7842118644270992,0.0
166,sqrt,auc,-0.540222866737903,-0.540222866737903,0.0
166,sqrt,ap,-0.7842118644270992,-0.7842118644270992,0.0
166,logit-shift,auc,-0.540222866737903,-0.540222866737903,0.0
166,logit-shift,ap,-0.7842118644270992,-0.7842118644270992,0.0
166,logit-scale,auc,-0.540222866737903,-0.540222866737903,0.0
166,logit-scale,ap,-0.7842118644270992,-0.7842118644270992,0.0
166,beta-cdf,auc,-0.540222866737903,-0.540222866737903,0.0
166,beta-cdf,ap,-0.7842118644270992,-0.7842118644270992,0.0
166,affine,auc,-0.540222866737903,-0.540222866737903,0.0
166,affine,ap,-0.7842118644270992,-0.7842118644270992,0.0
167,square,auc,-0.6692387904066743,-0.6692387904066743,0.0
167,square,ap,-0.46413009084570844,-0.46413009084570844,0.0
167,sqrt,auc,-0.6692387904066743,-0.6692387904066743,0.0
167,sqrt,ap,-0.46413009084570844,-0.46413009084570844,0.0
167,logit-shift,auc,-0.6692387904066743,-0.6692387904066743,0.0
167,logit-shift,ap,-0.46413009084570844,-0.46413009084570844,0.0
167,logit-scale,auc,-0.6692387904066743,-0.6692387904066743,0.0
167,logit-scale,ap,-0.46413009084570844,-0.46413009084570844,0.0
167,beta-cdf,auc,-0.6692387904066743,-0.6692387904066743,0.0
167,beta-cdf,ap,-0.46413009084570844,-0.46413009084570844,0.0
167,affine,auc,-0.6692387904066743,-0.6692387904066743,0.0
167,affine,ap,-0.46413009084570844,-0.46413009084570844,0.0
168,square,auc,-0.6801402731635295,-0.6801402731635295,0.0
168,square,ap,-0.6240598442958936,-0.6240598442958936,0.0
168,sqrt,auc,-0.6801402731635295,-0.6801402731635295,0.0
168,sqrt,ap,-0.6240598442958936,-0.6240598442958936,0.0
168,logit-shift,auc,-0.6801402731635295,-0.6801402731635295,0.0
168,logit-shift,ap,-0.6240598442958936,-0.6240598442958936,0.0
168,logit-scale,auc,-0.6801402731635295,-0.6801402731635295,0.0
168,logit-scale,ap,-0.6240598442958936,-0.6240598442958936,0.0
168,beta-cdf,auc,-0.6801402731635295,-0.6801402731635295,0.0
168,beta-cdf,ap,-0.6240598442958936,-0.6240598442958936,0.0
168,affine,auc,-0.6801402731635295,-0.6801402731635295,0.0
168,affine,ap,-0.6240598442958936,-0.6240598442958936,0.0
169,square,auc,-0.5648159700561448,-0.5648159700561448,0.0
169,square,ap,-0.5854211749063098,-0.5854211749063098,0.0
169,sqrt,auc,-0.5648159700561448,-0.5648159700561448,0.0
169,sqrt,ap,-0.5854211749063098,-0.5854211749063098,0.0
169,logit-shift,auc,-0.5648159700561448,-0.5648159700561448,0.0
169,logit-shift,ap,-0.5854211749063098,-0.5854211749063098,0.0
169,logit-scale,auc,-0.5648159700561448,-0.5648159700561448,0.0
169,logit-scale,ap,-0.5854211749063098,-0.5854211749063098,0.0
169,beta-cdf,auc,-0.5648159700561448,-0.5648159700561448,0.0
169,beta-cdf,ap,-0.5854211749063098,-0.5854211749063098,0.0
169,affine,auc,-0.5648159700561448,-0.5648159700561448,0.0
169,affine,ap,-0.5854211749063098,-0.5854211749063098,0.0
170,square,auc,-0.7095185126330841,-0.7095185126330841,0.0
170,square,ap,-0.8997682325383147,-0.8997682325383147,0.0
170,sqrt,auc,-0.7095185126330841,-0.7095185126330841,0.0
170,sqrt,ap,-0.8997682325383147,-0.8997682325383147,0.0
170,logit-shift,auc,-0.7095185126330841,-0.7095185126330841,0.0
170,logit-shift,ap,-0.8997682325383147,-0.8997682325383147,0.0
170,logit-scale,auc,-0.7095185126330841,-0.7095185126330841,0.0
170,logit-scale,ap,-0.8997682325383147,-0.8997682325383147,0.0
170,beta-cdf,auc,-0.7095185126330841,-0.7095185126330841,0.0
170,beta-cdf,ap,-0.8997682325383147,-0.8997682325383147,0.0
170,affine,auc,-0.7095185126330841,-0.7095185126330841,0.0
170,affine,ap,-0.8997682325383147,-0.8997682325383147,0.0
171,square,auc,-0.4877036581616967,-0.4877036581616967,0.0
171,square,ap,-0.7070321683988818,-0.7070321683988818,0.0
171,sqrt,auc,-0.4877036581616967,-0.4877036581616967,0.0
171,sqrt,ap,-0.7070321683988818,-0.7070321683988818,0.0
171,logit-shift,auc,-0.4877036581616967,-0.4877036581616967,0.0
171,logit-shift,ap,-0.7070321683988818,-0.7070321683988818,0.0
171,logit-scale,auc,-0.4877036581616967,-0.4877036581616967,0.0
171,logit-scale,ap,-0.7070321683988818,-0.7070321683988818,0.0
171,beta-cdf,auc,-0.4877036581616967,-0.4877036581616967,0.0
171,beta-cdf,ap,-0.7070321683988818,-0.7070321683988818,0.0
171,affine,auc,-0.4877036581616967,-0.4877036581616967,0.0
171,affine,ap,-0.7070321683988818,-0.7070321683988818,0.0
172,square,auc,-0.9208472686733564,-0.9208472686733564,0.0
172,square,ap,-1.434314690130913,-1.434314690130913,0.0
172,sqrt,auc,-0.9208472686733564,-0.9208472686733564,0.0
172,sqrt,ap,-1.434314690130913,-1.434314690130913,0.0
172,logit-shift,auc,-0.9208472686733564,-0.9208472686733564,0.0
172,logit-shift,ap,-1.434314690130913,-1.434314690130913,0.0
172,logit-scale,auc,-0.9208472686733564,-0.9208472686733564,0.0
172,logit-scale,ap,-1.434314690130913,-1.434314690130913,0.0
172,beta-cdf,auc,-0.9208472686733564,-0.9208472686733564,0.0
172,beta-cdf,ap,-1.434314690130913,-1.434314690130913,0.0
172,affine,auc,-0.9208472686733564,-0.9208472686733564,0.0
172,affine,ap,-1.434314690130913,-1.434314690130913,0.0
173,square,auc,-0.5359423834760155,-0.5359423834760155,0.0
173,square,ap,-0.5931337258945251,-0.5931337258945251,0.0
173,sqrt,auc,-0.5359423834760155,-0.5359423834760155,0.0
173,sqrt,ap,-0.5931337258945251,-0.5931337258945251,0.0
173,logit-shift,auc,-0.5359423834760155,-0.5359423834760155,0.0
173,logit-shift,ap,-0.5931337258945251,-0.5931337258945251,0.0
173,logit-scale,auc,-0.5359423834760155,-0.5359423834760155,0.0
173,logit-scale,ap,-0.5931337258945251,-0.5931337258945251,0.0
173,beta-cdf,auc,-0.5359423834760155,-0.5359423834760155,0.0
173,beta-cdf,ap,-0.5931337258945251,-0.5931337258945251,0.0
173,affine,auc,-0.5359423834760155,-0.5359423834760155,0.0
173,affine,ap,-0.5931337258945251,-0.5931337258945251,0.0
174,square,auc,-0.30249809097851,-0.30249809097851,0.0
174,square,ap,-0.3125088041379729,-0.3125088041379729,0.0
174,sqrt,auc,-0.30249809097851,-0.30249809097851,0.0
174,sqrt,ap,-0.3125088041379729,-0.3125088041379729,0.0
174,logit-shift,auc,-0.30249809097851,-0.30249809097851,0.0
174,logit-shift,ap,-0.3125088041379729,-0.3125088041379729,0.0
174,logit-scale,auc,-0.30249809097851,-0.30249809097851,0.0
174,logit-scale,ap,-0.3125088041379729,-0.3125088041379729,0.0
174,beta-cdf,auc,-0.30249809097851,-0.30249809097851,0.0
174,beta-cdf,ap,-0.3125088041379729,-0.3125088041379729,0.0
174,affine,auc,-0.30249809097851,-0.30249809097851,0.0
174,affine,ap,-0.3125088041379729,-0.3125088041379729,0.0
175,square,auc,-0.3968804159445398,-0.3968804159445398,0.0
175,square,ap,-0.4622709015891173,-0.4622709015891173,0.0
175,sqrt,auc,-0.3968804159445398,-0.3968804159445398,0.0
175,sqrt,ap,-0.4622709015891173,-0.4622709015891173,0.0
175,logit-shift,auc,-0.3968804159445398,-0.3968804159445398,0.0
175,logit-shift,ap,-0.4622709015891173,-0.4622709015891173,0.0
175,logit-scale,auc,-0.3968804159445398,-0.3968804159445398,0.0
175,logit-scale,ap,-0.4622709015891173,-0.4622709015891173,0.0
175,beta-cdf,auc,-0.3968804159445398,-0.3968804159445398,0.0
175,beta-cdf,ap,-0.4622709015891173,-0.4622709015891173,0.0
175,affine,auc,-0.3968804159445398,-0.3968804159445398,0.0
175,affine,ap,-0.4622709015891173,-0.4622709015891173,0.0
176,square,auc,-0.7364737041241007,-0.7364737041241007,0.0
176,square,ap,-1.5476014089837387,-1.5476014089837387,0.0
176,sqrt,auc,-0.7364737041241007,-0.7364737041241007,0.0
176,sqrt,ap,-1.5476014089837387,-1.5476014089837387,0.0
176,logit-shift,auc,-0.7364737041241007,-0.7364737041241007,0.0
176,logit-shift,ap,-1.5476014089837387,-1.5476014089837387,0.0
176,logit-scale,auc,-0.7364737041241007,-0.7364737041241007,0.0
176,logit-scale,ap,-1.5476014089837387,-1.5476014089837387,0.0
176,beta-cdf,auc,-0.7364737041241007,-0.7364737041241007,0.0
176,beta-cdf,ap,-1.5476014089837387,-1.5476014089837387,0.0
176,affine,auc,-0.7364737041241007,-0.7364737041241007,0.0
176,affine,ap,-1.5476014089837387,-1.5476014089837387,0.0
177,square,auc,-0.5326781326781336,-0.5326781326781336,0.0
177,square,ap,-0.6759817885626087,-0.6759817885626087,0.0
177,sqrt,auc,-0.5326781326781336,-0.5326781326781336,0.0
177,sqrt,ap,-0.6759817885626087,-0.6759817885626087,0.0
177,logit-shift,auc,-0.5326781326781336,-0.5326781326781336,0.0
177,logit-shift,ap,-0.6759817885626087,-0.6759817885626087,0.0
177,logit-scale,auc,-0.5326781326781336,-0.5326781326781336,0.0
177,logit-scale,ap,-0.6759817885626087,-0.6759817885626087,0.0
177,beta-cdf,auc,-0.5326781326781336,-0.5326781326781336,0.0
177,beta-cdf,ap,-0.6759817885626087,-0.6759817885626087,0.0
177,affine,auc,-0.5326781326781336,-0.5326781326781336,0.0
177,affine,ap,-0.6759817885626087,-0.6759817885626087,0.0
178,square,auc,-0.5289269051321932,-0.5289269051321932,0.0
178,square,ap,-0.4235891535100613,-0.4235891535100613,0.0
178,sqrt,auc,-0.5289269051321932,-0.5289269051321932,0.0
178,sqrt,ap,-0.4235891535100613,-0.4235891535100613,0.0
178,logit-shift,auc,-0.5289269051321932,-0.5289269051321932,0.0
178,logit-shift,ap,-0.4235891535100613,-0.4235891535100613,0.0
178,logit-scale,auc,-0.5289269051321932,-0.5289269051321932,0.0
178,logit-scale,ap,-0.4235891535100613,-0.4235891535100613,0.0
178,beta-cdf,auc,-0.5289269051321932,-0.5289269051321932,0.0
178,beta-cdf,ap,-0.4235891535100613,-0.4235891535100613,0.0
178,affine,auc,-0.5289269051321932,-0.5289269051321932,0.0
178,affine,ap,-0.4235891535100613,-0.4235891535100613,0.0
179,square,auc,-0.7703646237393318,-0.7703646237393318,0.0
179,square,ap,-0.8097988040407871,-0.8097988040407871,0.0
179,sqrt,auc,-0.7703646237393318,-0.7703646237393318,0.0
179,sqrt,ap,-0.8097988040407871,-0.8097988040407871,0.0
179,logit-shift,auc,-0.7703646237393318,-0.7703646237393318,0.0
179,logit-shift,ap,-0.8097988040407871,-0.8097988040407871,0.0
179,logit-scale,auc,-0.7703646237393318,-0.7703646237393318,0.0
179,logit-scale,ap,-0.8097988040407871,-0.8097988040407871,0.0
179,beta-cdf,auc,-0.7703646237393318,-0.7703646237393318,0.0
179,beta-cdf,ap,-0.8097988040407871,-0.8097988040407871,0.0
179,affine,auc,-0.7703646237393318,-0.7703646237393318,0.0
179,affine,ap,-0.8097988040407871,-0.8097988040407871,0.0
180,square,auc,-0.5825627476882442,-0.5825627476882442,0.0
180,square,ap,-0.5694163063308633,-0.5694163063308633,0.0
180,sqrt,auc,-0.5825627476882442,-0.5825627476882442,0.0
180,sqrt,ap,-0.5694163063308633,-0.5694163063308633,0.0
180,logit-shift,auc,-0.5825627476882442,-0.5825627476882442,0.0
180,logit-shift,ap,-0.5694163063308633,-0.5694163063308633,0.0
180,logit-scale,auc,-0.5825627476882442,-0.5825627476882442,0.0
180,logit-scale,ap,-0.5694163063308633,-0.5694163063308633,0.0
180,beta-cdf,auc,-0.5825627476882442,-0.5825627476882442,0.0
180,beta-cdf,ap,-0.5694163063308633,-0.5694163063308633,0.0
180,affine,auc,-0.5825627476882442,-0.5825627476882442,0.0
180,affine,ap,-0.5694163063308633,-0.5694163063308633,0.0
181,square,auc,-0.5326413959085441,-0.5326413959085441,0.0
181,square,ap,-0.6785084864765105,-0.6785084864765105,0.0
181,sqrt,auc,-0.5326413959085441,-0.5326413959085441,0.0
181,sqrt,ap,-0.6785084864765105,-0.6785084864765105,0.0
181,logit-shift,auc,-0.5326413959085441,-0.5326413959085441,0.0
181,logit-shift,ap,-0.6785084864765105,-0.6785084864765105,0.0
181,logit-scale,auc,-0.5326413959085441,-0.5326413959085441,0.0
181,logit-scale,ap,-0.6785084864765105,-0.6785084864765105,0.0
181,beta-cdf,auc,-0.5326413959085441,-0.5326413959085441,0.0
181,beta-cdf,ap,-0.6785084864765105,-0.6785084864765105,0.0
181,affine,auc,-0.5326413959085441,-0.5326413959085441,0.0
181,affine,ap,-0.6785084864765105,-0.6785084864765105,0.0
182,square,auc,-0.6256823144104802,-0.6256823144104802,0.0
182,square,ap,-0.5934682430822569,-0.5934682430822569,0.0
182,sqrt,auc,-0.6256823144104802,-0.6256823144104802,0.0
182,sqrt,ap,-0.5934682430822569,-0.5934682430822569,0.0
182,logit-shift,auc,-0.6256823144104802,-0.6256823144104802,0.0
182,logit-shift,ap,-0.5934682430822569,-0.5934682430822569,0.0
182,logit-scale,auc,-0.6256823144104802,-0.6256823144104802,0.0
182,logit-scale,ap,-0.5934682430822569,-0.5934682430822569,0.0
182,beta-cdf,auc,-0.6256823144104802,-0.6256823144104802,0.0
182,beta-cdf,ap,-0.5934682430822569,-0.5934682430822569,0.0
182,affine,auc,-0.6256823144104802,-0.6256823144104802,0.0
182,affine,ap,-0.5934682430822569,-0.5934682430822569,0.0
183,square,auc,-0.788471435923829,-0.788471435923829,0.0
183,square,ap,-1.3015678568806495,-1.3015678568806495,0.0
183,sqrt,auc,-0.788471435923829,-0.788471435923829,0.0
183,sqrt,ap,-1.3015678568806495,-1.3015678568806495,0.0
183,logit-shift,auc,-0.788471435923829,-0.788471435923829,0.0
183,logit-shift,ap,-1.3015678568806495,-1.3015678568806495,0.0
183,logit-scale,auc,-0.788471435923829,-0.788471435923829,0.0
183,logit-scale,ap,-1.3015678568806495,-1.3015678568806495,0.0
183,beta-cdf,auc,-0.788471435923829,-0.788471435923829,0.0
183,beta-cdf,ap,-1.3015678568806495,-1.3015678568806495,0.0
183,affine,auc,-0.788471435923829,-0.788471435923829,0.0
183,affine,ap,-1.3015678568806495,-1.3015678568806495,0.0
184,square,auc,-0.38968894009216637,-0.38968894009216637,0.0
184,square,ap,-0.4190120528471901,-0.4190120528471901,0.0
184,sqrt,auc,-0.38968894009216637,-0.38968894009216637,0.0
184,sqrt,ap,-0.4190120528471901,-0.4190120528471901,0.0
184,logit-shift,auc,-0.38968894009216637,-0.38968894009216637,0.0
184,logit-shift,ap,-0.4190120528471901,-0.4190120528471901,0.0
184,logit-scale,auc,-0.38968894009216637,-0.38968894009216637,0.0
184,logit-scale,ap,-0.4190120528471901,-0.4190120528471901,0.0
184,beta-cdf,auc,-0.38968894009216637,-0.38968894009216637,0.0
184,beta-cdf,ap,-0.4190120528471901,-0.4190120528471901,0.0
184,affine,auc,-0.38968894009216637,-0.38968894009216637,0.0
184,affine,ap,-0.4190120528471901,-0.4190120528471901,0.0
185,square,auc,-0.7540536201637495,-0.7540536201637495,0.0
185,square,ap,-0.8031506479230002,-0.8031506479230002,0.0
185,sqrt,auc,-0.7540536201637495,-0.7540536201637495,0.0
185,sqrt,ap,-0.8031506479230002,-0.8031506479230002,0.0
185,logit-shift,auc,-0.7540536201637495,-0.7540536201637495,0.0
185,logit-shift,ap,-0.8031506479230002,-0.8031506479230002,0.0
185,logit-scale,auc,-0.7540536201637495,-0.7540536201637495,0.0
185,logit-scale,ap,-0.8031506479230002,-0.8031506479230002,0.0
185,beta-cdf,auc,-0.7540536201637495,-0.7540536201637495,0.0
185,beta-cdf,ap,-0.8031506479230002,-0.8031506479230002,0.0
185,affine,auc,-0.7540536201637495,-0.7540536201637495,0.0
185,affine,ap,-0.8031506479230002,-0.8031506479230002,0.0
186,square,auc,-0.5528814669286193,-0.5528814669286193,0.0
186,square,ap,-0.6729936489811388,-0.6729936489811388,0.0
186,sqrt,auc,-0.5528814669286193,-0.5528814669286193,0.0
186,sqrt,ap,-0.6729936489811388,-0.6729936489811388,0.0
186,logit-shift,auc,-0.5528814669286193,-0.5528814669286193,0.0
186,logit-shift,ap,-0.6729936489811388,-0.6729936489811388,0.0
186,logit-scale,auc,-0.5528814669286193,-0.5528814669286193,0.0
186,logit-scale,ap,-0.6729936489811388,-0.6729936489811388,0.0
186,beta-cdf,auc,-0.5528814669286193,-0.5528814669286193,0.0
186,beta-cdf,ap,-0.6729936489811388,-0.6729936489811388,0.0
186,affine,auc,-0.5528814669286193,-0.5528814669286193,0.0
186,affine,ap,-0.6729936489811388,-0.6729936489811388,0.0
187,square,auc,-0.4576124567474047,-0.4576124567474047,0.0
187,square,ap,-0.5653067692193152,-0.5653067692193152,0.0
187,sqrt,auc,-0.4576124567474047,-0.4576124567474047,0.0
187,sqrt,ap,-0.5653067692193152,-0.5653067692193152,0.0
187,logit-shift,auc,-0.4576124567474047,-0.4576124567474047,0.0
187,logit-shift,ap,-0.5653067692193152,-0.5653067692193152,0.0
187,logit-scale,auc,-0.4576124567474047,-0.4576124567474047,0.0
187,logit-scale,ap,-0.5653067692193152,-0.5653067692193152,0.0
187,beta-cdf,auc,-0.4576124567474047,-0.4576124567474047,0.0
187,beta-cdf,ap,-0.5653067692193152,-0.5653067692193152,0.0
187,affine,auc,-0.4576124567474047,-0.4576124567474047,0.0
187,affine,ap,-0.5653067692193152,-0.5653067692193152,0.0
188,square,auc,-0.6457891693968001,-0.6457891693968001,0.0
188,square,ap,-0.7092658729703614,-0.7092658729703614,0.0
188,sqrt,auc,-0.6457891693968001,-0.6457891693968001,0.0
188,sqrt,ap,-0.7092658729703614,-0.7092658729703614,0.0
188,logit-shift,auc,-0.6457891693968001,-0.6457891693968001,0.0
188,logit-shift,ap,-0.7092658729703614,-0.7092658729703614,0.0
188,logit-scale,auc,-0.6457891693968001,-0.6457891693968001,0.0
188,logit-scale,ap,-0.7092658729703614,-0.7092658729703614,0.0
188,beta-cdf,auc,-0.6457891693968001,-0.6457891693968001,0.0
188,beta-cdf,ap,-0.7092658729703614,-0.7092658729703614,0.0
188,affine,auc,-0.6457891693968001,-0.6457891693968001,0.0
188,affine,ap,-0.7092658729703614,-0.7092658729703614,0.0
189,square,auc,-0.5088628306517597,-0.5088628306517597,0.0
189,square,ap,-0.5163352956509255,-0.5163352956509255,0.0
189,sqrt,auc,-0.5088628306517597,-0.5088628306517597,0.0
189,sqrt,ap,-0.5163352956509255,-0.5163352956509255,0.0
189,logit-shift,auc,-0.5088628306517597,-0.5088628306517597,0.0
189,logit-shift,ap,-0.5163352956509255,-0.5163352956509255,0.0
189,logit-scale,auc,-0.5088628306517597,-0.5088628306517597,0.0
189,logit-scale,ap,-0.5163352956509255,-0.5163352956509255,0.0
189,beta-cdf,auc,-0.5088628306517597,-0.5088628306517597,0.0
189,beta-cdf,ap,-0.5163352956509255,-0.5163352956509255,0.0
189,affine,auc,-0.5088628306517597,-0.5088628306517597,0.0
189,affine,ap,-0.5163352956509255,-0.5163352956509255,0.0
190,square,auc,-0.2980281690140829,-0.2980281690140829,0.0
190,square,ap,-0.24438079862523376,-0.24438079862523376,0.0
190,sqrt,auc,-0.2980281690140829,-0.2980281690140829,0.0
190,sqrt,ap,-0.24438079862523376,-0.24438079862523376,0.0
190,logit-shift,auc,-0.2980281690140829,-0.2980281690140829,0.0
190,logit-shift,ap,-0.24438079862523376,-0.24438079862523376,0.0
190,logit-scale,auc,-0.2980281690140829,-0.2980281690140829,0.0
190,logit-scale,ap,-0.24438079862523376,-0.24438079862523376,0.0
190,beta-cdf,auc,-0.2980281690140829,-0.2980281690140829,0.0
190,beta-cdf,ap,-0.24438079862523376,-0.24438079862523376,0.0
190,affine,auc,-0.2980281690140829,-0.2980281690140829,0.0
190,affine,ap,-0.24438079862523376,-0.24438079862523376,0.0
191,square,auc,-1.2338847689674837,-1.2338847689674837,0.0
191,square,ap,-1.0643647198224278,-1.0643647198224278,0.0
191,sqrt,auc,-1.2338847689674837,-1.2338847689674837,0.0
191,sqrt,ap,-1.0643647198224278,-1.0643647198224278,0.0
191,logit-shift,auc,-1.2338847689674837,-1.2338847689674837,0.0
191,logit-shift,ap,-1.0643647198224278,-1.0643647198224278,0.0
191,logit-scale,auc,-1.2338847689674837,-1.2338847689674837,0.0
191,logit-scale,ap,-1.0643647198224278,-1.0643647198224278,0.0
191,beta-cdf,auc,-1.2338847689674837,-1.2338847689674837,0.0
191,beta-cdf,ap,-1.0643647198224278,-1.0643647198224278,0.0
191,affine,auc,-1.2338847689674837,-1.2338847689674837,0.0
191,affine,ap,-1.0643647198224278,-1.0643647198224278,0.0
192,square,auc,-0.612127627400574,-0.612127627400574,0.0
192,square,ap,-1.0650393446447097,-1.0650393446447097,0.0
192,sqrt,auc,-0.612127627400574,-0.612127627400574,0.0
192,sqrt,ap,-1.0650393446447097,-1.0650393446447097,0.0
192,logit-shift,auc,-0.612127627400574,-0.612127627400574,0.0
192,logit-shift,ap,-1.0650393446447097,-1.0650393446447097,0.0
192,logit-scale,auc,-0.612127627400574,-0.612127627400574,0.0
192,logit-scale,ap,-1.0650393446447097,-1.0650393446447097,0.0
192,beta-cdf,auc,-0.612127627400574,-0.612127627400574,0.0
192,beta-cdf,ap,-1.0650393446447097,-1.0650393446447097,0.0
192,affine,auc,-0.612127627400574,-0.612127627400574,0.0
192,affine,ap,-1.0650393446447097,-1.0650393446447097,0.0
193,square,auc,-0.7682974559686893,-0.7682974559686893,0.0
193,square,ap,-1.2173452307071924,-1.2173452307071924,0.0
193,sqrt,auc,-0.7682974559686893,-0.7682974559686893,0.0
193,sqrt,ap,-1.2173452307071924,-1.2173452307071924,0.0
193,logit-shift,auc,-0.7682974559686893,-0.7682974559686893,0.0
193,logit-shift,ap,-1.2173452307071924,-1.2173452307071924,0.0
193,logit-scale,auc,-0.7682974559686893,-0.7682974559686893,0.0
193,logit-scale,ap,-1.2173452307071924,-1.2173452307071924,0.0
193,beta-cdf,auc,-0.7682974559686893,-0.7682974559686893,0.0
193,beta-cdf,ap,-1.2173452307071924,-1.2173452307071924,0.0
193,affine,auc,-0.7682974559686893,-0.7682974559686893,0.0
193,affine,ap,-1.2173452307071924,-1.2173452307071924,0.0
194,square,auc,-0.9328859060402663,-0.9328859060402663,0.0
194,square,ap,-1.0849213192689624,-1.0849213192689624,0.0
194,sqrt,auc,-0.9328859060402663,-0.9328859060402663,0.0
194,sqrt,ap,-1.0849213192689624,-1.0849213192689624,0.0
194,logit-shift,auc,-0.9328859060402663,-0.9328859060402663,0.0
194,logit-shift,ap,-1.0849213192689624,-1.0849213192689624,0.0
194,logit-scale,auc,-0.9328859060402663,-0.9328859060402663,0.0
194,logit-scale,ap,-1.0849213192689624,-1.0849213192689624,0.0
194,beta-cdf,auc,-0.9328859060402663,-0.9328859060402663,0.0
194,beta-cdf,ap,-1.0849213192689624,-1.0849213192689624,0.0
194,affine,auc,-0.9328859060402663,-0.9328859060402663,0.0
194,affine,ap,-1.0849213192689624,-1.0849213192689624,0.0
195,square,auc,-1.1282436199871322,-1.1282436199871322,0.0
195,square,ap,-1.7038775156043515,-1.7038775156043515,0.0
195,sqrt,auc,-1.1282436199871322,-1.1282436199871322,0.0
195,sqrt,ap,-1.7038775156043515,-1.7038775156043515,0.0
195,logit-shift,auc,-1.1282436199871322,-1.1282436199871322,0.0
195,logit-shift,ap,-1.7038775156043515,-1.7038775156043515,0.0
195,logit-scale,auc,-1.1282436199871322,-1.1282436199871322,0.0
195,logit-scale,ap,-1.7038775156043515,-1.7038775156043515,0.0
195,beta-cdf,auc,-1.1282436199871322,-1.1282436199871322,0.0
195,beta-cdf,ap,-1.7038775156043515,-1.7038775156043515,0.0
195,affine,auc,-1.1282436199871322,-1.1282436199871322,0.0
195,affine,ap,-1.7038775156043515,-1.7038775156043515,0.0
196,square,auc,-0.3161346742457365,-0.3161346742457365,0.0
196,square,ap,-0.2817718361854571,-0.2817718361854571,0.0
196,sqrt,auc,-0.3161346742457365,-0.3161346742457365,0.0
196,sqrt,ap,-0.2817718361854571,-0.2817718361854571,0.0
196,logit-shift,auc,-0.3161346742457365,-0.3161346742457365,0.0
196,logit-shift,ap,-0.2817718361854571,-0.2817718361854571,0.0
196,logit-scale,auc,-0.3161346742457365,-0.3161346742457365,0.0
196,logit-scale,ap,-0.2817718361854571,-0.2817718361854571,0.0
196,beta-cdf,auc,-0.3161346742457365,-0.3161346742457365,0.0
196,beta-cdf,ap,-0.2817718361854571,-0.2817718361854571,0.0
196,affine,auc,-0.3161346742457365,-0.3161346742457365,0.0
196,affine,ap,-0.2817718361854571,-0.2817718361854571,0.0
197,square,auc,-0.34446450060168465,-0.34446450060168465,0.0
197,square,ap,-0.3908770999898077,-0.3908770999898077,0.0
197,sqrt,auc,-0.34446450060168465,-0.34446450060168465,0.0
197,sqrt,ap,-0.3908770999898077,-0.3908770999898077,0.0
197,logit-shift,auc,-0.34446450060168465,-0.34446450060168465,0.0
197,logit-shift,ap,-0.3908770999898077,-0.3908770999898077,0.0
197,logit-scale,auc,-0.34446450060168465,-0.34446450060168465,0.0
197,logit-scale,ap,-0.3908770999898077,-0.3908770999898077,0.0
197,beta-cdf,auc,-0.34446450060168465,-0.34446450060168465,0.0
197,beta-cdf,ap,-0.3908770999898077,-0.3908770999898077,0.0
197,affine,auc,-0.34446450060168465,-0.34446450060168465,0.0
197,affine,ap,-0.3908770999898077,-0.3908770999898077,0.0
198,square,auc,-0.653178122690317,-0.653178122690317,0.0
198,square,ap,-0.7852129153652414,-0.7852129153652414,0.0
198,sqrt,auc,-0.653178122690317,-0.653178122690317,0.0
198,sqrt,ap,-0.7852129153652414,-0.7852129153652414,0.0
198,logit-shift,auc,-0.653178122690317,-0.653178122690317,0.0
198,logit-shift,ap,-0.7852129153652414,-0.7852129153652414,0.0
198,logit-scale,auc,-0.653178122690317,-0.653178122690317,0.0
198,logit-scale,ap,-0.7852129153652414,-0.7852129153652414,0.0
198,beta-cdf,auc,-0.653178122690317,-0.653178122690317,0.0
198,beta-cdf,ap,-0.7852129153652414,-0.7852129153652414,0.0
198,affine,auc,-0.653178122690317,-0.653178122690317,0.0
198,affine,ap,-0.7852129153652414,-0.7852129153652414,0.0
199,square,auc,-0.3888736263736261,-0.3888736263736261,0.0
199,square,ap,-0.38068752461251076,-0.38068752461251076,0.0
199,sqrt,auc,-0.3888736263736261,-0.3888736263736261,0.0
199,sqrt,ap,-0.38068752461251076,-0.38068752461251076,0.0
199,logit-shift,auc,-0.3888736263736261,-0.3888736263736261,0.0
199,logit-shift,ap,-0.38068752461251076,-0.38068752461251076,0.0
199,logit-scale,auc,-0.3888736263736261,-0.3888736263736261,0.0
199,logit-scale,ap,-0.38068752461251076,-0.38068752461251076,0.0
199,beta-cdf,auc,-0.3888736263736261,-0.3888736263736261,0.0
199,beta-cdf,ap,-0.38068752461251076,-0.38068752461251076,0.0
199,affine,auc,-0.3888736263736261,-0.3888736263736261,0.0
199,affine,ap,-0.38068752461251076,-0.38068752461251076,0.0
