rep,psi,is_affine,m_changed,R,R_psi,R_shift
0,square,False,0.004837621508904849,-1.1201686877423849,-1.0070297148737297,0.11313897286865515
0,sqrt,False,0.0256410918478564,-1.1201686877423849,-1.22706232282564,0.10689363508325522
0,logit-shift,False,0.01204795520723062,-1.1201686877423849,-1.2813470901870856,0.16117840244470072
0,logit-scale,False,0.04408619718758178,-1.1201686877423849,-1.0335133324915668,0.08665535525081802
0,beta-cdf,False,0.081704927965907,-1.1201686877423849,-0.9376888308777718,0.1824798568646131
0,affine,True,0.045473031452137214,-1.1201686877423849,-1.120168687742387,2.220446049250313e-15
1,square,False,0.0004430144076905673,-1.00709655866397,-1.078630575999815,0.07153401733584497
1,sqrt,False,0.026586463043702102,-1.00709655866397,-0.9904081327663223,0.01668842589764763
1,logit-shift,False,0.015453986470232717,-1.00709655866397,-0.9725582679445173,0.03453829071945269
1,logit-scale,False,0.04003220409966696,-1.00709655866397,-0.9286117322267042,0.07848482643726573
1,beta-cdf,False,0.07015298096366035,-1.00709655866397,-0.8176469886778319,0.18944956998613804
1,affine,True,0.042821603905385475,-1.00709655866397,-1.0070965586639682,1.7763568394002505e-15
2,square,False,0.0015136010180270831,-1.837087012860085,-1.8987753266829541,0.06168831382286921
2,sqrt,False,0.029892080200196902,-1.837087012860085,-1.910237982106616,0.07315096924653108
2,logit-shift,False,0.01809199730472083,-1.837087012860085,-1.8945317071848948,0.05744469432480992
2,logit-scale,False,0.044289433897669594,-1.837087012860085,-1.5954082296023122,0.2416787832577727
2,beta-cdf,False,0.08486159330343573,-1.837087012860085,-1.377919213459767,0.4591677994003178
2,affine,True,0.046337443596811356,-1.837087012860085,-1.837087012860081,3.9968028886505635e-15
3,square,False,0.0007278730037029169,-0.6836111021120723,-0.6729347473022675,0.010676354809804778
3,sqrt,False,0.02405690294453766,-0.6836111021120723,-0.7334687160296811,0.04985761391760879
3,logit-shift,False,0.01365688278194832,-0.6836111021120723,-0.7409925752558373,0.05738147314376496
3,logit-scale,False,0.03443109083344148,-0.6836111021120723,-0.5902686542532816,0.09334244785879076
3,beta-cdf,False,0.060688983304662936,-0.6836111021120723,-0.5129448559926995,0.17066624611937287
3,affine,True,0.03978882271176731,-0.6836111021120723,-0.6836111021120737,1.3322676295501878e-15
4,square,False,0.005611759500832453,-0.8601918818552698,-0.9362286219903726,0.07603674013510275
4,sqrt,False,0.03432943861545962,-0.8601918818552698,-0.880196143681252,0.02000426182598214
4,logit-shift,False,0.022063226505539102,-0.8601918818552698,-0.859706453393247,0.00048542846202281886
4,logit-scale,False,0.045143922427707095,-0.8601918818552698,-0.7149316462163309,0.14526023563893897
4,beta-cdf,False,0.08126279965744293,-0.8601918818552698,-0.5837233898150447,0.27646849204022517
4,affine,True,0.05334321674049358,-0.8601918818552698,-0.8601918818552678,1.9984014443252818e-15
5,square,False,0.0017097558925459333,-1.2868936559556778,-1.3894593556216024,0.10256569966592455
5,sqrt,False,0.03251699939356567,-1.2868936559556778,-1.264766573883831,0.022127082071846882
5,logit-shift,False,0.018034955432182587,-1.2868936559556778,-1.2297925950773525,0.05710106087832534
5,logit-scale,False,0.052132124986936035,-1.2868936559556778,-1.21133036877047,0.07556328718520788
5,beta-cdf,False,0.09602019942139028,-1.2868936559556778,-1.1288446486198627,0.15804900733581517
5,affine,True,0.053277834900362975,-1.2868936559556778,-1.2868936559556787,8.881784197001252e-16
6,square,False,0.004922290335409196,-0.8507818201545938,-0.8870902222838519,0.03630840212925812
6,sqrt,False,0.030976003697502308,-0.8507818201545938,-0.8399566159333478,0.010825204221245999
6,logit-shift,False,0.021271137362089854,-0.8507818201545938,-0.8307798700882705,0.020001950066323326
6,logit-scale,False,0.04776627757846874,-0.8507818201545938,-0.8162039690387584,0.034577851115835445
6,beta-cdf,False,0.09032887549651453,-0.8507818201545938,-0.7750149610620214,0.07576685909257241
6,affine,True,0.04565172330168332,-0.8507818201545938,-0.8507818201545938,0.0
7,square,False,9.90923720266268e-05,-1.0450569287176297,-1.1170587524479294,0.07200182373029973
7,sqrt,False,0.02863551320175678,-1.0450569287176297,-1.0552022330611237,0.010145304343494033
7,logit-shift,False,0.015448800821279363,-1.0450569287176297,-1.0351410912100723,0.009915837507557423
7,logit-scale,False,0.0376698010298383,-1.0450569287176297,-0.9162715241382751,0.1287854045793546
7,beta-cdf,False,0.06399678940645098,-1.0450569287176297,-0.8074539360031268,0.23760299271450291
7,affine,True,0.04784354894088638,-1.0450569287176297,-1.045056928717628,1.7763568394002505e-15
8,square,False,0.002290112950722456,-0.8568208669151163,-0.9053433195102354,0.048522452595119114
8,sqrt,False,0.034040303352559365,-0.8568208669151163,-0.8438390856509979,0.01298178126411842
8,logit-shift,False,0.01733990207263192,-0.8568208669151163,-0.8296298319686526,0.027191034946463688
8,logit-scale,False,0.051126627403812075,-0.8568208669151163,-0.8369043757237347,0.019916491191381613
8,beta-cdf,False,0.09096329784763013,-0.8568208669151163,-0.8239553238140092,0.03286554310110712
8,affine,True,0.05920360115045775,-0.8568208669151163,-0.8568208669151185,2.220446049250313e-15
9,square,False,0.0070457962960220055,-1.4490534327189417,-1.4348103199511262,0.014243112767815536
9,sqrt,False,0.037494747579534526,-1.4490534327189417,-1.5045043280781054,0.0554508953591637
9,logit-shift,False,0.0249575279648373,-1.4490534327189417,-1.5032737719640035,0.054220339245061755
9,logit-scale,False,0.05042086794101941,-1.4490534327189417,-1.3814691397186127,0.06758429300032898
9,beta-cdf,False,0.09458485028457675,-1.4490534327189417,-1.3484835406390023,0.10056989207993938
9,affine,True,0.057552696547608584,-1.4490534327189417,-1.4490534327189435,1.7763568394002505e-15
10,square,False,0.0008539180659804246,-0.9668938061782348,-1.1171590468366306,0.15026524065839575
10,sqrt,False,0.025462766754018762,-0.9668938061782348,-0.9217645528391301,0.04512925333910478
10,logit-shift,False,0.013007425262763717,-0.9668938061782348,-0.8755744172217428,0.09131938895649205
10,logit-scale,False,0.03554446247210946,-0.9668938061782348,-0.8723587919983309,0.09453501417990395
10,beta-cdf,False,0.06469708198121837,-0.9668938061782348,-0.8164128677122731,0.15048093846596178
10,affine,True,0.04502704563521215,-0.9668938061782348,-0.9668938061782346,2.220446049250313e-16
11,square,False,0.003346526417247364,-1.4424042861855773,-1.7085035205259125,0.2660992343403352
11,sqrt,False,0.03456251341969341,-1.4424042861855773,-1.3572517939464919,0.08515249223908539
11,logit-shift,False,0.020729759329834896,-1.4424042861855773,-1.28688221445538,0.15552207173019728
11,logit-scale,False,0.045870833950872214,-1.4424042861855773,-1.3038771793783255,0.13852710680725178
11,beta-cdf,False,0.07847331503580418,-1.4424042861855773,-1.2240926990994412,0.21831158708613607
11,affine,True,0.05530580956638298,-1.4424042861855773,-1.4424042861855746,2.6645352591003757e-15
12,square,False,0.0004930975273540472,-0.7500200376901938,-0.7275576111738824,0.022462426516311362
12,sqrt,False,0.02263983402897679,-0.7500200376901938,-0.7789863132179724,0.02896627552777864
12,logit-shift,False,0.01224291977551012,-0.7500200376901938,-0.7847020139434207,0.03468197625322689
12,logit-scale,False,0.03304004413744188,-0.7500200376901938,-0.7269997271644677,0.023020310525726062
12,beta-cdf,False,0.05825687727953316,-0.7500200376901938,-0.7379271389146884,0.012092898775505345
12,affine,True,0.03804025567857944,-0.7500200376901938,-0.7500200376901949,1.1102230246251565e-15
13,square,False,0.0028113787738976437,-0.5512827702163929,-0.5228614131077163,0.02842135710867666
13,sqrt,False,0.02147703988542926,-0.5512827702163929,-0.5785856753064755,0.027302905090082596
13,logit-shift,False,0.013266850970967803,-0.5512827702163929,-0.5864193085048017,0.03513653828840879
13,logit-scale,False,0.029194858044734817,-0.5512827702163929,-0.5334908953345892,0.017791874881803782
13,beta-cdf,False,0.05286645439519194,-0.5512827702163929,-0.5197015062508015,0.031581263965591466
13,affine,True,0.03511069474249179,-0.5512827702163929,-0.5512827702163943,1.3322676295501878e-15
14,square,False,0.0022428406499115927,-0.6461736656027217,-0.5940559861060999,0.05211767949662183
14,sqrt,False,0.027401003664602852,-0.6461736656027217,-0.6949910496398919,0.048817384037170175
14,logit-shift,False,0.01609715909662346,-0.6461736656027217,-0.7049646684223674,0.058791002819645666
14,logit-scale,False,0.03797504817066277,-0.6461736656027217,-0.6539315087782778,0.007757843175556056
14,beta-cdf,False,0.06732617685791314,-0.6461736656027217,-0.6715626223574234,0.025388956754701653
14,affine,True,0.04543437621072377,-0.6461736656027217,-0.6461736656027197,1.9984014443252818e-15
15,square,False,0.0038922142521835845,-0.9321957922383208,-1.035183008555077,0.10298721631675622
15,sqrt,False,0.03147842382261212,-0.9321957922383208,-0.9086090405384508,0.023586751699870012
15,logit-shift,False,0.01606972421517161,-0.9321957922383208,-0.8735934469056821,0.05860234533263875
15,logit-scale,False,0.052301832132293335,-0.9321957922383208,-0.8653879060986953,0.06680788613962552
15,beta-cdf,False,0.0961763431234458,-0.9321957922383208,-0.8275074666340179,0.10468832560430297
15,affine,True,0.053459411994290607,-0.9321957922383208,-0.9321957922383213,4.440892098500626e-16
16,square,False,0.0023711789206510847,-0.8514313698262297,-0.8221864155649403,0.02924495426128937
16,sqrt,False,0.026711503708996776,-0.8514313698262297,-0.8926072142705714,0.04117584444434175
16,logit-shift,False,0.014835831244071729,-0.8514313698262297,-0.9116134841591317,0.06018211433290199
16,logit-scale,False,0.03086200656684357,-0.8514313698262297,-0.7665407563960274,0.08489061343020232
16,beta-cdf,False,0.04826271134985333,-0.8514313698262297,-0.6552021490736968,0.1962292207525329
16,affine,True,0.04530227669504716,-0.8514313698262297,-0.8514313698262332,3.552713678800501e-15
17,square,False,0.00046996731211720877,-0.6643463741619848,-0.7202820975248012,0.05593572336281638
17,sqrt,False,0.02902016069432717,-0.6643463741619848,-0.6424583055453736,0.02188806861661119
17,logit-shift,False,0.017268416848006563,-0.6643463741619848,-0.6235251499866103,0.04082122417537448
17,logit-scale,False,0.049251774514505964,-0.6643463741619848,-0.6452286648921257,0.019117709269859118
17,beta-cdf,False,0.09659208318809737,-0.6643463741619848,-0.6173383629638298,0.04700801119815501
17,affine,True,0.046143192718416604,-0.6643463741619848,-0.6643463741619864,1.5543122344752192e-15
18,square,False,0.011955106447688602,-0.6561633331571086,-0.7531295473493285,0.09696621419221985
18,sqrt,False,0.03297811132321077,-0.6561633331571086,-0.6373853653097743,0.01877796784733432
18,logit-shift,False,0.024976464931823317,-0.6561633331571086,-0.6161793061566583,0.03998402700045034
18,logit-scale,False,0.03869726722260264,-0.6561633331571086,-0.5420134511165289,0.11414988204057974
18,beta-cdf,False,0.06723719405074702,-0.6561633331571086,-0.4249360645891749,0.23122726856793374
18,affine,True,0.0459658570546822,-0.6561633331571086,-0.6561633331571075,1.1102230246251565e-15
19,square,False,0.0061833311980278305,-0.5985330562482032,-0.5701763912559776,0.028356664992225555
19,sqrt,False,0.030116094850969666,-0.5985330562482032,-0.65440622777703,0.05587317152882676
19,logit-shift,False,0.020718744561386004,-0.5985330562482032,-0.6649822580929237,0.06644920184472047
19,logit-scale,False,0.040059242970152786,-0.5985330562482032,-0.5177685655202475,0.08076449072795566
19,beta-cdf,False,0.07375699446938633,-0.5985330562482032,-0.4519204281783311,0.14661262806987208
19,affine,True,0.04350815342054648,-0.5985330562482032,-0.5985330562482021,1.1102230246251565e-15
20,square,False,0.0036259156120473923,-0.7372360122454891,-0.6680616399183239,0.06917437232716517
20,sqrt,False,0.023398831099469497,-0.7372360122454891,-0.8141777160698598,0.07694170382437071
20,logit-shift,False,0.01081234358207428,-0.7372360122454891,-0.8348035642055978,0.09756755196010869
20,logit-scale,False,0.03675895857283501,-0.7372360122454891,-0.6878593100263548,0.04937670221913426
20,beta-cdf,False,0.06581013451477558,-0.7372360122454891,-0.6458617745126538,0.09137423773283526
20,affine,True,0.042119773942494054,-0.7372360122454891,-0.7372360122454902,1.1102230246251565e-15
21,square,False,0.00046209941137070887,-2.496551287345357,-2.62858318965765,0.1320319023122929
21,sqrt,False,0.04354260377363067,-2.496551287345357,-2.364856909242198,0.13169437810315898
21,logit-shift,False,0.02592559828182045,-2.496551287345357,-2.3050811398201465,0.19147014752521052
21,logit-scale,False,0.0689746776553064,-2.496551287345357,-2.682219571418862,0.18566828407350489
21,beta-cdf,False,0.13079977675767768,-2.496551287345357,-3.13449788560262,0.6379465982572632
21,affine,True,0.06886843622147665,-2.496551287345357,-2.496551287345343,1.4210854715202004e-14
22,square,False,0.006239893480416925,-1.6290004989741478,-1.6379029359243242,0.008902436950176451
22,sqrt,False,0.03653343649262242,-1.6290004989741478,-1.6280022590753198,0.0009982398988279684
22,logit-shift,False,0.02406674611349946,-1.6290004989741478,-1.630537519554594,0.0015370205804461357
22,logit-scale,False,0.0487146581771421,-1.6290004989741478,-1.5806155677060483,0.04838493126809951
22,beta-cdf,False,0.09031807688298427,-1.6290004989741478,-1.5104637356692283,0.11853676330491947
22,affine,True,0.05497816556932689,-1.6290004989741478,-1.6290004989741513,3.552713678800501e-15
23,square,False,0.0015917286101863881,-1.0741531475844308,-1.1750816623214573,0.10092851473702646
23,sqrt,False,0.03412991078020311,-1.0741531475844308,-1.02443460075488,0.0497185468295509
23,logit-shift,False,0.02053128575416674,-1.0741531475844308,-0.9887243885265942,0.08542875905783665
23,logit-scale,False,0.051281024594721114,-1.0741531475844308,-1.0797574993121088,0.005604351727678036
23,beta-cdf,False,0.09957271622763625,-1.0741531475844308,-1.1283632429073998,0.05421009532296894
23,affine,True,0.054541062096351955,-1.0741531475844308,-1.0741531475844344,3.552713678800501e-15
24,square,False,0.009362422124621211,-0.718201128878345,-0.7763151457038486,0.058114016825503656
24,sqrt,False,0.02440422388128627,-0.718201128878345,-0.6839682517893775,0.034232877088967495
24,logit-shift,False,0.009017578597078413,-0.718201128878345,-0.6592670910816565,0.05893403779668849
24,logit-scale,False,0.04525950152089836,-0.718201128878345,-0.7286045350086756,0.010403406130330639
24,beta-cdf,False,0.08461262669636144,-0.718201128878345,-0.7776823433085698,0.059481214430224805
24,affine,True,0.04585582107333169,-0.718201128878345,-0.7182011288783441,8.881784197001252e-16
25,square,False,0.001931568808269113,-0.5450476228243852,-0.5659743502639945,0.020926727439609216
25,sqrt,False,0.031242612037110484,-0.5450476228243852,-0.5550104549639379,0.009962832139552624
25,logit-shift,False,0.01805610779018657,-0.5450476228243852,-0.5480253347307054,0.002977711906320124
25,logit-scale,False,0.042558341854550985,-0.5450476228243852,-0.4983706339825784,0.04667698884180682
25,beta-cdf,False,0.07853075712199986,-0.5450476228243852,-0.4602085269194154,0.08483909590496985
25,affine,True,0.05125767243318885,-0.5450476228243852,-0.5450476228243852,0.0
26,square,False,5.205127708834967e-05,-1.49072132524095,-1.4543225479145367,0.03639877732641317
26,sqrt,False,0.0332374105033289,-1.49072132524095,-1.5191449989149408,0.0284236736739909
26,logit-shift,False,0.019399748176224085,-1.49072132524095,-1.5425933501717708,0.05187202493082088
26,logit-scale,False,0.052536048125492674,-1.49072132524095,-1.4323616397100367,0.0583596855309132
26,beta-cdf,False,0.1011998467573893,-1.49072132524095,-1.36882699293747,0.12189433230348001
26,affine,True,0.05349400604143145,-1.49072132524095,-1.4907213252409512,1.3322676295501878e-15
27,square,False,0.008692128572106744,-0.43444713501025567,-0.3974279677839132,0.037019167226342464
27,sqrt,False,0.022888812980474904,-0.43444713501025567,-0.4674812349853896,0.03303409997513396
27,logit-shift,False,0.007859614279980554,-0.43444713501025567,-0.48495178467096145,0.05050464966070578
27,logit-scale,False,0.04045455645093432,-0.43444713501025567,-0.41190048253514444,0.02254665247511123
27,beta-cdf,False,0.07613000395696223,-0.43444713501025567,-0.36236322827681877,0.0720839067334369
27,affine,True,0.04442586897196821,-0.43444713501025567,-0.4344471350102568,1.1102230246251565e-15
28,square,False,0.007817826476167217,-0.7952915557748061,-0.6501250348641665,0.14516652091063964
28,sqrt,False,0.030944529720028202,-0.7952915557748061,-0.9336103328674357,0.13831877709262952
28,logit-shift,False,0.012660912948590342,-0.7952915557748061,-1.0086446520433743,0.21335309626856813
28,logit-scale,False,0.04992146914101059,-0.7952915557748061,-0.7669648759654941,0.028326679809312028
28,beta-cdf,False,0.08867427432020258,-0.7952915557748061,-0.789571073132121,0.0057204826426850985
28,affine,True,0.05730395325957177,-0.7952915557748061,-0.7952915557748061,0.0
29,square,False,0.00023984246658498298,-0.7041625827724116,-0.6296733607279907,0.07448922204442088
29,sqrt,False,0.02433450589822944,-0.7041625827724116,-0.7688471650445179,0.06468458227210627
29,logit-shift,False,0.013219689190148542,-0.7041625827724116,-0.8024447004039938,0.09828211763158223
29,logit-scale,False,0.034196862625117896,-0.7041625827724116,-0.6593488500360922,0.04481373273631939
29,beta-cdf,False,0.059833582225167214,-0.7041625827724116,-0.626882835506603,0.07727974726580866
29,affine,True,0.04041571904150698,-0.7041625827724116,-0.704162582772411,6.661338147750939e-16
30,square,False,0.013248710225560845,-0.7808787469611556,-0.8593829768598311,0.07850422989867556
30,sqrt,False,0.03765334403016629,-0.7808787469611556,-0.7549146107109808,0.025964136250174796
30,logit-shift,False,0.02961079276685674,-0.7808787469611556,-0.7300684450523522,0.05081030190880331
30,logit-scale,False,0.04976563166297038,-0.7808787469611556,-0.7619609295692551,0.01891781739190046
30,beta-cdf,False,0.0920591292165624,-0.7808787469611556,-0.7509447954817869,0.029933951479368615
30,affine,True,0.05002579043585653,-0.7808787469611556,-0.7808787469611516,3.9968028886505635e-15
31,square,False,0.005140086982214909,-0.913484129000159,-0.933017982362389,0.019533853362230014
31,sqrt,False,0.02615917594519024,-0.913484129000159,-0.9807890824102286,0.06730495341006959
31,logit-shift,False,0.016865656300069087,-0.913484129000159,-0.9763338591699542,0.06284973016979523
31,logit-scale,False,0.03197440283730124,-0.913484129000159,-0.7609441655912135,0.1525399634089455
31,beta-cdf,False,0.055533769207896044,-0.913484129000159,-0.6380308933420582,0.27545323565810076
31,affine,True,0.04088888744446667,-0.913484129000159,-0.9134841290001579,1.1102230246251565e-15
32,square,False,0.0006906403906261904,-0.5933970400572963,-0.6167238272637288,0.023326787206432442
32,sqrt,False,0.030697612061400814,-0.5933970400572963,-0.5912534470145616,0.002143593042734704
32,logit-shift,False,0.01769801058002657,-0.5933970400572963,-0.5817661937460081,0.01163084631128819
32,logit-scale,False,0.04275717310071808,-0.5933970400572963,-0.5706241789619297,0.02277286109536658
32,beta-cdf,False,0.07422889606438099,-0.5933970400572963,-0.527997992990141,0.06539904706715527
32,affine,True,0.04885123036853939,-0.5933970400572963,-0.5933970400572961,2.220446049250313e-16
33,square,False,0.0006181363831823106,-0.5606822253085142,-0.4800229290565148,0.08065929625199941
33,sqrt,False,0.03563747421025115,-0.5606822253085142,-0.6451382429538983,0.08445601764538413
33,logit-shift,False,0.020677581141232804,-0.5606822253085142,-0.6785934420220991,0.11791121671358495
33,logit-scale,False,0.05263184419661204,-0.5606822253085142,-0.48614246244988735,0.07453976285862685
33,beta-cdf,False,0.09256218008265182,-0.5606822253085142,-0.39721789516186035,0.16346433014665385
33,affine,True,0.05719601498769927,-0.5606822253085142,-0.5606822253085111,3.1086244689504383e-15
34,square,False,0.004578317243845942,-0.9178750563061484,-0.84817765558193,0.06969740072421837
34,sqrt,False,0.032864212106478774,-0.9178750563061484,-0.9618741493282772,0.04399909302212879
34,logit-shift,False,0.01577168173800364,-0.9178750563061484,-0.9936607285424626,0.07578567223631416
34,logit-scale,False,0.05135324679108155,-0.9178750563061484,-0.9035891163702405,0.014285939935907876
34,beta-cdf,False,0.09282073682887376,-0.9178750563061484,-0.8967386931057277,0.02113636320042067
34,affine,True,0.057942016180739575,-0.9178750563061484,-0.9178750563061522,3.774758283725532e-15
35,square,False,0.009784997619715297,-1.188251094033237,-1.248239279233165,0.05998818519992799
35,sqrt,False,0.032670493371617315,-1.188251094033237,-1.1442728585987179,0.043978235434519064
35,logit-shift,False,0.02381926759334707,-1.188251094033237,-1.1286011771290028,0.05964991690423416
35,logit-scale,False,0.040168034750335535,-1.188251094033237,-1.184362064037467,0.0038890299957698993
35,beta-cdf,False,0.06884637228899748,-1.188251094033237,-1.16127002182066,0.02698107221257695
35,affine,True,0.04619379267891982,-1.188251094033237,-1.1882510940332391,2.220446049250313e-15
36,square,False,0.006146118083808522,-0.6817701463991512,-0.714130681991789,0.03236053559263774
36,sqrt,False,0.035173952575111744,-0.6817701463991512,-0.6622529988216146,0.019517147577536642
36,logit-shift,False,0.023744477431026423,-0.6817701463991512,-0.6590085856026346,0.02276156079651659
36,logit-scale,False,0.050205370583733366,-0.6817701463991512,-0.6617730272317333,0.019997119167417976
36,beta-cdf,False,0.09750339943417313,-0.6817701463991512,-0.6194871648975986,0.06228298150155265
36,affine,True,0.05246656561137841,-0.6817701463991512,-0.6817701463991508,4.440892098500626e-16
37,square,False,0.0029875246133921896,-1.214243326023368,-1.24320058163821,0.02895725561484186
37,sqrt,False,0.0266331467545457,-1.214243326023368,-1.2172080795461238,0.0029647535227557142
37,logit-shift,False,0.012467389241818838,-1.214243326023368,-1.219517743773019,0.005274417749650873
37,logit-scale,False,0.0369013995593534,-1.214243326023368,-1.1242564522265552,0.0899868737968128
37,beta-cdf,False,0.062113646186598814,-1.214243326023368,-1.0388492773630849,0.17539404866028319
37,affine,True,0.04682885428185507,-1.214243326023368,-1.2142433260233685,4.440892098500626e-16
38,square,False,0.0042461533612066504,-1.1790872147524407,-1.208004573046637,0.028917358294196394
38,sqrt,False,0.02346436824754955,-1.1790872147524407,-1.188268565407527,0.009181350655086185
38,logit-shift,False,0.010494728159986366,-1.1790872147524407,-1.189034098292752,0.009946883540311369
38,logit-scale,False,0.03477055004744395,-1.1790872147524407,-1.0828162663290857,0.09627094842335504
38,beta-cdf,False,0.05579852646045008,-1.1790872147524407,-1.0082749259572221,0.1708122887952186
38,affine,True,0.04115253036545491,-1.1790872147524407,-1.1790872147524403,4.440892098500626e-16
39,square,False,0.002732730443955722,-0.7283019505526087,-0.6947268565982265,0.033575093954382185
39,sqrt,False,0.026150278544023187,-0.7283019505526087,-0.7667740961819909,0.03847214562938217
39,logit-shift,False,0.013290816892375545,-0.7283019505526087,-0.7828434688019599,0.05454151824935116
39,logit-scale,False,0.04030432779714371,-0.7283019505526087,-0.6707874593287373,0.05751449122387142
39,beta-cdf,False,0.07703455957992267,-0.7283019505526087,-0.6440094553698901,0.08429249518271864
39,affine,True,0.04435171032491525,-0.7283019505526087,-0.7283019505526083,4.440892098500626e-16
40,square,False,0.0002161255522050154,-0.7250192378348803,-0.6960666579648003,0.028952579870080042
40,sqrt,False,0.03604017475176691,-0.7250192378348803,-0.72759510777841,0.0025758699435296517
40,logit-shift,False,0.02161787515131064,-0.7250192378348803,-0.739850529600216,0.014831291765335708
40,logit-scale,False,0.05750331832398936,-0.7250192378348803,-0.7470376905591629,0.0220184527242826
40,beta-cdf,False,0.11027681436974385,-0.7250192378348803,-0.7406878878402763,0.015668650005395968
40,affine,True,0.056095627987919394,-0.7250192378348803,-0.725019237834879,1.3322676295501878e-15
41,square,False,0.0057059204150560205,-1.1012956231888542,-1.0573854765913615,0.043910146597492705
41,sqrt,False,0.028188588002944326,-1.1012956231888542,-1.1830702869451262,0.08177466375627196
41,logit-shift,False,0.012642143578485032,-1.1012956231888542,-1.1949180825075105,0.09362245931865631
41,logit-scale,False,0.046016411260647594,-1.1012956231888542,-1.0268259773449389,0.07446964584391536
41,beta-cdf,False,0.08244864960362686,-1.1012956231888542,-0.9558904714361478,0.1454051517527064
41,affine,True,0.05055454031784562,-1.1012956231888542,-1.1012956231888569,2.6645352591003757e-15
42,square,False,0.0029735074028675312,-0.8684709163565676,-0.9318237409616881,0.06335282460512048
42,sqrt,False,0.03583941766325327,-0.8684709163565676,-0.8804304560451004,0.011959539688532805
42,logit-shift,False,0.022094990171473095,-0.8684709163565676,-0.86712982690701,0.0013410894495575754
42,logit-scale,False,0.05196114431507887,-0.8684709163565676,-0.7495912717377946,0.11887964461877298
42,beta-cdf,False,0.0961144691204594,-0.8684709163565676,-0.6320741295499201,0.23639678680664744
42,affine,True,0.056114826436231,-0.8684709163565676,-0.8684709163565705,2.886579864025407e-15
43,square,False,0.012435603922184207,-1.1001670388539146,-1.099252849646739,0.0009141892071755642
43,sqrt,False,0.036676189834846995,-1.1001670388539146,-1.1471688943970024,0.04700185554308778
43,logit-shift,False,0.027968003028354116,-1.1001670388539146,-1.1452376533250797,0.045070614471165005
43,logit-scale,False,0.04655027293490882,-1.1001670388539146,-1.0032520334739101,0.09691500538000453
43,beta-cdf,False,0.08300232054224321,-1.1001670388539146,-0.8657753843169897,0.2343916545369249
43,affine,True,0.05053954645707659,-1.1001670388539146,-1.1001670388539182,3.552713678800501e-15
44,square,False,0.0018106893558186565,-1.4870619099559002,-1.4046148792365027,0.08244703071939741
44,sqrt,False,0.03455839536264921,-1.4870619099559002,-1.5635707694415015,0.07650885948560138
44,logit-shift,False,0.018787539152303967,-1.4870619099559002,-1.5880325611832955,0.10097065122739535
44,logit-scale,False,0.05379399966457887,-1.4870619099559002,-1.464250849362045,0.02281106059385518
44,beta-cdf,False,0.10001989207680217,-1.4870619099559002,-1.4641273951831986,0.022934514772701586
44,affine,True,0.05744396751731368,-1.4870619099559002,-1.4870619099559037,3.552713678800501e-15
45,square,False,0.004307874331544226,-0.9067064115029391,-0.9632324328251001,0.056526021322161
45,sqrt,False,0.03217810527786008,-0.9067064115029391,-0.9152675418186342,0.008561130315695165
45,logit-shift,False,0.020891313463293926,-0.9067064115029391,-0.8926403451441087,0.014066066358830343
45,logit-scale,False,0.04696875973958903,-0.9067064115029391,-0.8456164913763617,0.061089920126577324
45,beta-cdf,False,0.08961741408147189,-0.9067064115029391,-0.7841302011556597,0.12257621034727939
45,affine,True,0.04917409688709634,-0.9067064115029391,-0.9067064115029384,6.661338147750939e-16
46,square,False,0.008292797670517327,-0.830346843403672,-0.7098306214514927,0.12051622195217937
46,sqrt,False,0.025046466028255887,-0.830346843403672,-0.9533002202473786,0.12295337684370655
46,logit-shift,False,0.009255207621654993,-0.830346843403672,-1.0105332774973643,0.18018643409369228
46,logit-scale,False,0.04314351617564405,-0.830346843403672,-0.7487148382222892,0.0816320051813828
46,beta-cdf,False,0.07762763311894177,-0.830346843403672,-0.6328726810175935,0.1974741623860785
46,affine,True,0.04816221947843008,-0.830346843403672,-0.8303468434036736,1.5543122344752192e-15
47,square,False,0.0005479916121788886,-1.2832562939233174,-1.3708063661576237,0.08755007223430633
47,sqrt,False,0.02461222127584972,-1.2832562939233174,-1.276180438363883,0.007075855559434352
47,logit-shift,False,0.014303538458606324,-1.2832562939233174,-1.2494525910264458,0.033803702896871624
47,logit-scale,False,0.036630373844170006,-1.2832562939233174,-1.185285172099594,0.09797112182372336
47,beta-cdf,False,0.06651154190203296,-1.2832562939233174,-1.1000870089859314,0.18316928493738605
47,affine,True,0.04024279112950502,-1.2832562939233174,-1.2832562939233148,2.6645352591003757e-15
48,square,False,0.0007937618448206618,-0.8011958265135053,-0.8449977984382588,0.04380197192475355
48,sqrt,False,0.0284453889412688,-0.8011958265135053,-0.8125529515362997,0.011357125022794401
48,logit-shift,False,0.016078041892740536,-0.8011958265135053,-0.7999508119936987,0.001245014519806631
48,logit-scale,False,0.03969151482698269,-0.8011958265135053,-0.7234313484224617,0.07776447809104359
48,beta-cdf,False,0.0691357766172353,-0.8011958265135053,-0.6649851721490596,0.13621065436444568
48,affine,True,0.04682288210073793,-0.8011958265135053,-0.8011958265135006,4.6629367034256575e-15
49,square,False,3.640505478685885e-05,-0.9211336519485531,-0.7981660704633848,0.12296758148516829
49,sqrt,False,0.022784405916454975,-0.9211336519485531,-1.0268838692026931,0.10575021725414002
49,logit-shift,False,0.012862987626736488,-0.9211336519485531,-1.0772547216367299,0.15612106968817674
49,logit-scale,False,0.03289114748674282,-0.9211336519485531,-0.8734579498801018,0.04767570206845129
49,beta-cdf,False,0.056257701059579,-0.9211336519485531,-0.8132686247466321,0.10786502720192104
49,affine,True,0.036808047447323744,-0.9211336519485531,-0.9211336519485525,6.661338147750939e-16
50,square,False,0.007422352978990382,-0.792067773219644,-0.7326934670888128,0.05937430613083117
50,sqrt,False,0.028234732217477354,-0.792067773219644,-0.8866108851296719,0.09454311191002795
50,logit-shift,False,0.012033920087301031,-0.792067773219644,-0.9161242778825218,0.12405650466287788
50,logit-scale,False,0.04930358935572482,-0.792067773219644,-0.684129775594948,0.10793799762469591
50,beta-cdf,False,0.09484075539415648,-0.792067773219644,-0.6452251737982226,0.1468425994214213
50,affine,True,0.05164493907535661,-0.792067773219644,-0.7920677732196444,4.440892098500626e-16
51,square,False,0.00331817693136946,-0.7077325251496234,-0.7679419784259793,0.06020945327635596
51,sqrt,False,0.0313904349969632,-0.7077325251496234,-0.6854321884768526,0.02230033667277076
51,logit-shift,False,0.016318278227672234,-0.7077325251496234,-0.6745633857109419,0.033169139438681494
51,logit-scale,False,0.051178650417164406,-0.7077325251496234,-0.6544896387754155,0.05324288637420782
51,beta-cdf,False,0.09731643341296659,-0.7077325251496234,-0.5984180016911704,0.10931452345845294
51,affine,True,0.05277471363534486,-0.7077325251496234,-0.7077325251496243,8.881784197001252e-16
52,square,False,0.0002601249429698693,-1.0848396051644968,-0.8973198771942934,0.18751972797020344
52,sqrt,False,0.03294960411345471,-1.0848396051644968,-1.2486248313051753,0.16378522614067847
52,logit-shift,False,0.017958448157942564,-1.0848396051644968,-1.3282616714428181,0.2434220662783213
52,logit-scale,False,0.046873457901654425,-1.0848396051644968,-1.0196305370629761,0.06520906810152072
52,beta-cdf,False,0.0801552978706182,-1.0848396051644968,-0.940815881708297,0.14402372345619985
52,affine,True,0.055467375257265916,-1.0848396051644968,-1.0848396051645,3.1086244689504383e-15
53,square,False,0.016164754893407518,-1.5020039596350898,-1.4837828945251008,0.018221065109989
53,sqrt,False,0.05715829890670854,-1.5020039596350898,-1.5962350357151118,0.09423107608002201
53,logit-shift,False,0.04237255107085769,-1.5020039596350898,-1.5977842132257587,0.09578025359066888
53,logit-scale,False,0.07659467368141204,-1.5020039596350898,-1.335194070130795,0.16680988950429487
53,beta-cdf,False,0.1404595974922747,-1.5020039596350898,-1.2589077648375069,0.24309619479758293
53,affine,True,0.07954531351393085,-1.5020039596350898,-1.5020039596350863,3.552713678800501e-15
54,square,False,0.0045952730020605015,-0.7619382623850361,-0.7534995455130502,0.00843871687198594
54,sqrt,False,0.0376655440746021,-0.7619382623850361,-0.7730030105526053,0.011064748167569194
54,logit-shift,False,0.024484515509588523,-0.7619382623850361,-0.7780813418586521,0.01614307947361593
54,logit-scale,False,0.0558300672818382,-0.7619382623850361,-0.7393424109328706,0.022595851452165583
54,beta-cdf,False,0.10673364412106134,-0.7619382623850361,-0.7117941425524053,0.050144119832630896
54,affine,True,0.057261092085035104,-0.7619382623850361,-0.7619382623850344,1.7763568394002505e-15
55,square,False,0.0004887037603960032,-0.7023028495716961,-0.7731081237493675,0.07080527417767146
55,sqrt,False,0.028434330962190557,-0.7023028495716961,-0.6937072036316829,0.008595645940013164
55,logit-shift,False,0.01630734305347653,-0.7023028495716961,-0.6711403016654591,0.03116254790623696
55,logit-scale,False,0.042385397030796024,-0.7023028495716961,-0.6378360733990815,0.06446677617261454
55,beta-cdf,False,0.07846482470795774,-0.7023028495716961,-0.6005346594734156,0.10176819009828053
55,affine,True,0.04679580238438086,-0.7023028495716961,-0.7023028495716945,1.5543122344752192e-15
56,square,False,0.0003234820007270711,-1.0713525632549712,-1.0043991431896444,0.06695342006532679
56,sqrt,False,0.031140705802938762,-1.0713525632549712,-1.1506764204811595,0.07932385722618829
56,logit-shift,False,0.017247050674463582,-1.0713525632549712,-1.1766794878196114,0.10532692456464021
56,logit-scale,False,0.04465271038226193,-1.0713525632549712,-0.9841065295381328,0.08724603371683837
56,beta-cdf,False,0.07878311931105797,-1.0713525632549712,-0.8911271692532166,0.18022539400175464
56,affine,True,0.05097087419070384,-1.0713525632549712,-1.0713525632549685,2.6645352591003757e-15
57,square,False,0.0014215935048080275,-0.7591507665275654,-0.8332942309663054,0.07414346443873998
57,sqrt,False,0.021537225162872375,-0.7591507665275654,-0.7683446298022625,0.009193863274697067
57,logit-shift,False,0.012299931489800686,-0.7591507665275654,-0.7496852739441151,0.009465492583450308
57,logit-scale,False,0.02823879821555969,-0.7591507665275654,-0.6270670417259239,0.13208372480164154
57,beta-cdf,False,0.047621878399884354,-0.7591507665275654,-0.4837451101378458,0.2754056563897196
57,affine,True,0.036116554304851334,-0.7591507665275654,-0.7591507665275674,1.9984014443252818e-15
58,square,False,0.0038742580364406753,-0.6367069205061076,-0.5912742414508316,0.045432679055275926
58,sqrt,False,0.02277021724888101,-0.6367069205061076,-0.6613200101852317,0.024613089679124123
58,logit-shift,False,0.011352363955116462,-0.6367069205061076,-0.6754724523576989,0.03876553185159137
58,logit-scale,False,0.04076962232945147,-0.6367069205061076,-0.6578968791543389,0.021189958648231366
58,beta-cdf,False,0.07757061534175641,-0.6367069205061076,-0.7095406207948893,0.07283370028878178
58,affine,True,0.03974683413788038,-0.6367069205061076,-0.6367069205061098,2.220446049250313e-15
59,square,False,0.0051621484835094045,-0.6774733724735957,-0.5819077740357776,0.09556559843781809
59,sqrt,False,0.02709734553790477,-0.6774733724735957,-0.7354304322837812,0.05795705981018551
59,logit-shift,False,0.013099969657885846,-0.6774733724735957,-0.7811711595259108,0.10369778705231503
59,logit-scale,False,0.04536590933363438,-0.6774733724735957,-0.6813305849640889,0.0038572124904932004
59,beta-cdf,False,0.08705678151321927,-0.6774733724735957,-0.6972591949177112,0.01978582244411542
59,affine,True,0.04593613188955581,-0.6774733724735957,-0.6774733724735957,0.0
60,square,False,0.004673915960799746,-0.8136052324098559,-0.8112995498420339,0.0023056825678220427
60,sqrt,False,0.03279324338573697,-0.8136052324098559,-0.85969959898276,0.04609436657290411
60,logit-shift,False,0.021579547905062224,-0.8136052324098559,-0.8537961495940452,0.04019091718418921
60,logit-scale,False,0.04818162974970086,-0.8136052324098559,-0.7439960450791907,0.06960918733066523
60,beta-cdf,False,0.09164233067133093,-0.8136052324098559,-0.6763621966187903,0.13724303579106567
60,affine,True,0.05012956781954425,-0.8136052324098559,-0.8136052324098539,1.9984014443252818e-15
61,square,False,0.0024397904073341636,-1.6755400379182994,-1.7609156162229742,0.08537557830467479
61,sqrt,False,0.0346877706248625,-1.6755400379182994,-1.5995521758326805,0.07598786208561892
61,logit-shift,False,0.02117247108589293,-1.6755400379182994,-1.5769720779881062,0.09856795993019318
61,logit-scale,False,0.049990809905145484,-1.6755400379182994,-1.6873634828310515,0.011823444912752112
61,beta-cdf,False,0.08782708624980556,-1.6755400379182994,-1.645613682655683,0.029926355262616333
61,affine,True,0.05422491206736202,-1.6755400379182994,-1.6755400379183034,3.9968028886505635e-15
62,square,False,0.0023212073795527977,-1.308197017349789,-1.2135874466091745,0.09460957074061449
62,sqrt,False,0.03386448960444899,-1.308197017349789,-1.356327990196692,0.04813097284690304
62,logit-shift,False,0.018007953961077794,-1.308197017349789,-1.3894918053454663,0.08129478799567735
62,logit-scale,False,0.05310746346392731,-1.308197017349789,-1.3464741482944378,0.038277130944648796
62,beta-cdf,False,0.09895709996947921,-1.308197017349789,-1.39689216454614,0.08869514719635108
62,affine,True,0.057025066178305384,-1.308197017349789,-1.3081970173497925,3.552713678800501e-15
63,square,False,0.004284088641444639,-1.005447863362646,-1.118307936517847,0.11286007315520097
63,sqrt,False,0.0346325646076856,-1.005447863362646,-0.9978224400363396,0.007625423326306446
63,logit-shift,False,0.022323931573548395,-1.005447863362646,-0.9580656699197281,0.04738219344291794
63,logit-scale,False,0.048714901462084015,-1.005447863362646,-0.9222912142824768,0.08315664908016918
63,beta-cdf,False,0.09216704744376036,-1.005447863362646,-0.8828334119731267,0.12261445138951932
63,affine,True,0.05229377540662211,-1.005447863362646,-1.005447863362646,0.0
64,square,False,0.0053954443876107205,-0.886528349971593,-0.8058726516330235,0.08065569833856956
64,sqrt,False,0.027431385843360467,-0.886528349971593,-0.9839592068089136,0.09743085683732056
64,logit-shift,False,0.012118429844711676,-0.886528349971593,-1.0140025341043097,0.12747418413271672
64,logit-scale,False,0.04357717369455827,-0.886528349971593,-0.8279913356773059,0.05853701429428715
64,beta-cdf,False,0.08047341928100071,-0.886528349971593,-0.7993026649791815,0.08722568499241157
64,affine,True,0.04958680223059725,-0.886528349971593,-0.886528349971595,1.9984014443252818e-15
65,square,False,0.002494190481685421,-0.6497000791609899,-0.5769939026481861,0.07270617651280387
65,sqrt,False,0.035879765314997814,-0.6497000791609899,-0.7148283715333974,0.06512829237240747
65,logit-shift,False,0.022110650377507257,-0.6497000791609899,-0.7414468957967961,0.0917468166358062
65,logit-scale,False,0.05357242286349245,-0.6497000791609899,-0.6115742387009035,0.03812584046008638
65,beta-cdf,False,0.09877094772040174,-0.6497000791609899,-0.5790133372456974,0.07068674191529256
65,affine,True,0.05601216473138948,-0.6497000791609899,-0.6497000791609899,0.0
66,square,False,0.0027985736700034125,-1.2751064089971265,-1.0967316378957088,0.17837477110141764
66,sqrt,False,0.04166899549935377,-1.2751064089971265,-1.4352119640236416,0.16010555502651513
66,logit-shift,False,0.02192179163212049,-1.2751064089971265,-1.5241121352264386,0.24900572622931216
66,logit-scale,False,0.0641699692946216,-1.2751064089971265,-1.1875810176974593,0.08752539129966719
66,beta-cdf,False,0.11999600360783125,-1.2751064089971265,-1.0826152647204137,0.19249114427671277
66,affine,True,0.07034203268409767,-1.2751064089971265,-1.2751064089971265,0.0
67,square,False,0.001962322403315564,-1.2765592482156158,-1.4207138519714846,0.14415460375586875
67,sqrt,False,0.02586110378513179,-1.2765592482156158,-1.2384677187250661,0.038091529490549725
67,logit-shift,False,0.013071440280068403,-1.2765592482156158,-1.1997715432868632,0.07678770492875264
67,logit-scale,False,0.038699692936176755,-1.2765592482156158,-1.1203759339014736,0.15618331431414223
67,beta-cdf,False,0.06813102058976162,-1.2765592482156158,-0.958905487519482,0.3176537606961338
67,affine,True,0.04489873688193813,-1.2765592482156158,-1.2765592482156176,1.7763568394002505e-15
68,square,False,0.011217323378372196,-0.9453223363845624,-0.9265441132579058,0.018778223126656668
68,sqrt,False,0.017778652778463078,-0.9453223363845624,-0.9855452214099656,0.040222885025403166
68,logit-shift,False,0.003221194628151458,-0.9453223363845624,-0.9935213959324212,0.04819905954785875
68,logit-scale,False,0.03275783942968591,-0.9453223363845624,-0.8863636453802954,0.05895869100426698
68,beta-cdf,False,0.057384763769697866,-0.9453223363845624,-0.8199349580907747,0.12538737829378777
68,affine,True,0.03920305213686204,-0.9453223363845624,-0.945322336384562,4.440892098500626e-16
69,square,False,0.004589889012912102,-0.872268457494199,-0.8616752711343971,0.010593186359801887
69,sqrt,False,0.031121047936592094,-0.872268457494199,-0.9027581165810192,0.03048965908682022
69,logit-shift,False,0.020960417151328126,-0.872268457494199,-0.9024489690755755,0.030180511581376468
69,logit-scale,False,0.04734059842780497,-0.872268457494199,-0.8392675582496001,0.033000899244598925
69,beta-cdf,False,0.09297150884274413,-0.872268457494199,-0.8152974165096825,0.05697104098451655
69,affine,True,0.04656288594005381,-0.872268457494199,-0.8722684574942001,1.1102230246251565e-15
70,square,False,0.005651487363838692,-1.9592002551821124,-2.138391772978818,0.17919151779670583
70,sqrt,False,0.03926019960607563,-1.9592002551821124,-1.911352493086647,0.047847762095465374
70,logit-shift,False,0.024995274459074013,-1.9592002551821124,-1.8438947665751573,0.11530548860695511
70,logit-scale,False,0.05352440199188124,-1.9592002551821124,-1.9411472463443795,0.018053008837732865
70,beta-cdf,False,0.09692693863526591,-1.9592002551821124,-1.9664940847778514,0.007293829595738988
70,affine,True,0.06172869826885807,-1.9592002551821124,-1.9592002551820982,1.4210854715202004e-14
71,square,False,0.004825350925505206,-0.8856471700319584,-0.9226844858647418,0.03703731583278347
71,sqrt,False,0.029445774430128024,-0.8856471700319584,-0.8989633224995106,0.013316152467552245
71,logit-shift,False,0.018370490055502897,-0.8856471700319584,-0.8934264970421435,0.007779327010185133
71,logit-scale,False,0.03540973297591682,-0.8856471700319584,-0.7821894815581611,0.10345768847379722
71,beta-cdf,False,0.05771061710380376,-0.8856471700319584,-0.6784846912517779,0.20716247878018046
71,affine,True,0.046544404577319565,-0.8856471700319584,-0.8856471700319557,2.6645352591003757e-15
72,square,False,0.0047013346085391094,-1.4436375875515948,-1.6484862766346216,0.20484868908302678
72,sqrt,False,0.031593970195819665,-1.4436375875515948,-1.338952017861529,0.1046855696900657
72,logit-shift,False,0.019339965821600913,-1.4436375875515948,-1.2895468412878515,0.1540907462637433
72,logit-scale,False,0.03779147023044438,-1.4436375875515948,-1.3791273482012456,0.06451023935034916
72,beta-cdf,False,0.06229356647949802,-1.4436375875515948,-1.3214197712738005,0.12221781627779427
72,affine,True,0.05054192943205571,-1.4436375875515948,-1.4436375875515952,4.440892098500626e-16
73,square,False,0.0026572094942691193,-0.8175663402749973,-0.8527493084463156,0.035182968171318274
73,sqrt,False,0.03825694778499095,-0.8175663402749973,-0.8368513682349119,0.019285027959914602
73,logit-shift,False,0.02352745837361986,-0.8175663402749973,-0.8251990044140185,0.007632664139021195
73,logit-scale,False,0.0551389673186809,-0.8175663402749973,-0.7253876774946078,0.09217866278038955
73,beta-cdf,False,0.10104675736877433,-0.8175663402749973,-0.654321996472236,0.16324434380276132
73,affine,True,0.05947201721733508,-0.8175663402749973,-0.8175663402749971,2.220446049250313e-16
74,square,False,0.0041557327103106945,-1.2488205381127462,-1.1341617563254354,0.11465878178731082
74,sqrt,False,0.024677908706361773,-1.2488205381127462,-1.378723075822374,0.1299025377096279
74,logit-shift,False,0.011510063175143581,-1.2488205381127462,-1.4372280940784217,0.1884075559656755
74,logit-scale,False,0.03836903263699776,-1.2488205381127462,-1.1215289439051204,0.1272915942076258
74,beta-cdf,False,0.0730550051394756,-1.2488205381127462,-1.0206221270696867,0.2281984110430595
74,affine,True,0.04309630443575463,-1.2488205381127462,-1.2488205381127475,1.3322676295501878e-15
75,square,False,0.0010423293798600963,-0.9535433610902448,-0.9169191780212911,0.036624183068953764
75,sqrt,False,0.025461584866624143,-0.9535433610902448,-0.9919087063038201,0.038365345213575264
75,logit-shift,False,0.013158000401556846,-0.9535433610902448,-1.004571368764168,0.051028007673923126
75,logit-scale,False,0.035063714171819194,-0.9535433610902448,-0.9250960651364664,0.028447295953778484
75,beta-cdf,False,0.05683801387292592,-0.9535433610902448,-0.8987297768694633,0.05481358422078153
75,affine,True,0.04338170100253208,-0.9535433610902448,-0.9535433610902462,1.3322676295501878e-15
76,square,False,0.007366406264963238,-1.0954922856548963,-1.2402207926305961,0.14472850697569983
76,sqrt,False,0.03096842527891891,-1.0954922856548963,-1.0251049714250628,0.07038731422983346
76,logit-shift,False,0.022285432509105696,-1.0954922856548963,-0.990077749962595,0.1054145356923013
76,logit-scale,False,0.04226699732191147,-1.0954922856548963,-1.0590998021083964,0.03639248354649993
76,beta-cdf,False,0.07597497247472385,-1.0954922856548963,-0.992124384111629,0.10336790154326736
76,affine,True,0.043227783529241726,-1.0954922856548963,-1.0954922856548959,4.440892098500626e-16
77,square,False,0.010779164456692025,-0.7859824415654832,-0.8103755438375124,0.024393102272029177
77,sqrt,False,0.03277760382922823,-0.7859824415654832,-0.800118196382724,0.01413575481724072
77,logit-shift,False,0.024778836866857,-0.7859824415654832,-0.7936302666476813,0.007647825082198079
77,logit-scale,False,0.04245255625202521,-0.7859824415654832,-0.720510957352452,0.06547148421303128
77,beta-cdf,False,0.0758143516736754,-0.7859824415654832,-0.6590328096953058,0.1269496318701775
77,affine,True,0.04555483071502553,-0.7859824415654832,-0.7859824415654812,1.9984014443252818e-15
78,square,False,0.0061359883692970185,-0.9509640243893731,-1.015014148806221,0.06405012441684788
78,sqrt,False,0.030610675246108277,-0.9509640243893731,-0.9492814288577542,0.001682595531618869
78,logit-shift,False,0.020430322329607287,-0.9509640243893731,-0.9322656869522659,0.01869833743710725
78,logit-scale,False,0.039826045237264907,-0.9509640243893731,-0.8667092180392777,0.08425480635009541
78,beta-cdf,False,0.07288045149523148,-0.9509640243893731,-0.8015921628429057,0.14937186154646742
78,affine,True,0.046273968844561586,-0.9509640243893731,-0.9509640243893687,4.440892098500626e-15
79,square,False,0.008967727491591415,-0.7344131303540973,-0.6646602820194687,0.06975284833462858
79,sqrt,False,0.02490721818097469,-0.7344131303540973,-0.7942874866948257,0.05987435634072846
79,logit-shift,False,0.008748194696764189,-0.7344131303540973,-0.8303425177560118,0.09592938740191448
79,logit-scale,False,0.041871327285398996,-0.7344131303540973,-0.6841655435910661,0.050247586763031205
79,beta-cdf,False,0.07570950019111106,-0.7344131303540973,-0.615120558396558,0.11929257195753928
79,affine,True,0.04807018490186782,-0.7344131303540973,-0.7344131303540946,2.6645352591003757e-15
80,square,False,0.00045046454265915137,-1.2078874633845134,-1.1233713394886156,0.0845161238958978
80,sqrt,False,0.02973948670061094,-1.2078874633845134,-1.2613690544952263,0.053481591110712934
80,logit-shift,False,0.01781825797401909,-1.2078874633845134,-1.2936753082665486,0.08578784488203528
80,logit-scale,False,0.04929752373244267,-1.2078874633845134,-1.187785710127116,0.02010175325739727
80,beta-cdf,False,0.09288961976230109,-1.2078874633845134,-1.1487673794719302,0.059120083912583166
80,affine,True,0.046011142092375834,-1.2078874633845134,-1.2078874633845116,1.7763568394002505e-15
81,square,False,0.0006272219077820551,-1.3725559393854025,-1.4615641237273689,0.08900818434196633
81,sqrt,False,0.04176280513756675,-1.3725559393854025,-1.3733748319896417,0.0008188926042391742
81,logit-shift,False,0.02471822312554134,-1.3725559393854025,-1.3460075844895356,0.026548354895866932
81,logit-scale,False,0.0663002437609807,-1.3725559393854025,-1.2672608988292922,0.10529504055611039
81,beta-cdf,False,0.12670304543599942,-1.3725559393854025,-1.206903393267424,0.16565254611797853
81,affine,True,0.06692374152848318,-1.3725559393854025,-1.3725559393854074,4.884981308350689e-15
82,square,False,0.0006200672054042233,-0.6366999614083522,-0.5975030710652474,0.03919689034310481
82,sqrt,False,0.027207088783392896,-0.6366999614083522,-0.6860176409172585,0.04931767950890631
82,logit-shift,False,0.017222136559536805,-0.6366999614083522,-0.6990585833890604,0.062358621980708184
82,logit-scale,False,0.04619593870634747,-0.6366999614083522,-0.5941977751057688,0.0425021863025834
82,beta-cdf,False,0.09390427942963087,-0.6366999614083522,-0.5603294239555898,0.07637053745276234
82,affine,True,0.04111785758544084,-0.6366999614083522,-0.6366999614083519,2.220446049250313e-16
83,square,False,0.003702428564062027,-0.5701125753299523,-0.44572932733903015,0.12438324799092215
83,sqrt,False,0.024298724481545186,-0.5701125753299523,-0.6765694559935991,0.10645688066364678
83,logit-shift,False,0.010622405946847324,-0.5701125753299523,-0.721399264926027,0.15128668959607472
83,logit-scale,False,0.03473273759420281,-0.5701125753299523,-0.5520791750802101,0.018033400249742204
83,beta-cdf,False,0.05768166653460799,-0.5701125753299523,-0.5601336653873765,0.009978909942575775
83,affine,True,0.0447283442948232,-0.5701125753299523,-0.5701125753299499,2.4424906541753444e-15
84,square,False,0.003764607686379179,-1.0819405005538973,-1.03727919889055,0.04466130166334725
84,sqrt,False,0.027981210347420293,-1.0819405005538973,-1.1556414768817684,0.07370097632787109
84,logit-shift,False,0.013342992360826367,-1.0819405005538973,-1.1709683536943256,0.08902785314042827
84,logit-scale,False,0.04490059283609299,-1.0819405005538973,-1.0236359849946894,0.0583045155592079
84,beta-cdf,False,0.0842318080911712,-1.0819405005538973,-1.0051896474908895,0.07675085306300788
84,affine,True,0.05002831186159906,-1.0819405005538973,-1.0819405005539,2.6645352591003757e-15
85,square,False,0.0012782913401769846,-1.1937645172330997,-1.1986638920502983,0.0048993748171985985
85,sqrt,False,0.02820147274606133,-1.1937645172330997,-1.2053257425841677,0.01156122535106796
85,logit-shift,False,0.014581128846083646,-1.1937645172330997,-1.2106025456150435,0.016838028381943815
85,logit-scale,False,0.04003684319119727,-1.1937645172330997,-1.1328951409349428,0.06086937629815692
85,beta-cdf,False,0.07116552488591343,-1.1937645172330997,-1.0758598854316008,0.1179046318014989
85,affine,True,0.0485894632269277,-1.1937645172330997,-1.1937645172331033,3.552713678800501e-15
86,square,False,0.0008293295458020322,-1.1765757842257538,-1.0235169683184964,0.15305881590725745
86,sqrt,False,0.03646656210989452,-1.1765757842257538,-1.3095226456597113,0.1329468614339575
86,logit-shift,False,0.02198441098491477,-1.1765757842257538,-1.3791788246668824,0.20260304044112853
86,logit-scale,False,0.05687465248483875,-1.1765757842257538,-1.0970109626632625,0.07956482156249134
86,beta-cdf,False,0.10673942733213493,-1.1765757842257538,-1.0063892642616628,0.17018651996409107
86,affine,True,0.056505549114282405,-1.1765757842257538,-1.176575784225757,3.1086244689504383e-15
87,square,False,0.013071326864009913,-0.8644111560450642,-0.8548312292740354,0.009579926771028813
87,sqrt,False,0.028860127636231303,-0.8644111560450642,-0.8846174905968216,0.020206334551757354
87,logit-shift,False,0.023558835670220823,-0.8644111560450642,-0.8835416238677258,0.01913046782266159
87,logit-scale,False,0.03345223959668375,-0.8644111560450642,-0.8467434934777078,0.017667662567356412
87,beta-cdf,False,0.06114579331188624,-0.8644111560450642,-0.863998831330326,0.000412324714738288
87,affine,True,0.03824549323863208,-0.8644111560450642,-0.8644111560450645,2.220446049250313e-16
88,square,False,0.004831413596449036,-0.9994826232451905,-0.9644610036838384,0.03502161956135219
88,sqrt,False,0.029065859233534108,-0.9994826232451905,-1.0659499425595662,0.06646731931437566
88,logit-shift,False,0.014524499523477563,-0.9994826232451905,-1.0824288895021246,0.08294626625693402
88,logit-scale,False,0.04925132703164509,-0.9994826232451905,-0.903197730797352,0.09628489244783855
88,beta-cdf,False,0.0920283342694393,-0.9994826232451905,-0.8119513414283794,0.1875312818168111
88,affine,True,0.0493336287044005,-0.9994826232451905,-0.9994826232451925,1.9984014443252818e-15
89,square,False,0.0021392743284640026,-1.1467043377225923,-1.0848364495619056,0.06186788816068667
89,sqrt,False,0.026111666727881455,-1.1467043377225923,-1.1824370669627644,0.03573272924017212
89,logit-shift,False,0.015855818423800794,-1.1467043377225923,-1.1966818049890264,0.04997746726643415
89,logit-scale,False,0.03743980337303038,-1.1467043377225923,-1.178787741257258,0.032083403534665766
89,beta-cdf,False,0.06745484503955484,-1.1467043377225923,-1.2458085245777117,0.09910418685511946
89,affine,True,0.041560121855658716,-1.1467043377225923,-1.1467043377225874,4.884981308350689e-15
90,square,False,0.0005500382929931324,-0.9530423720137884,-1.034781657262636,0.08173928524884766
90,sqrt,False,0.03351476286729821,-0.9530423720137884,-0.9322688342669847,0.020773537746803683
90,logit-shift,False,0.018328935327554252,-0.9530423720137884,-0.9087983359722132,0.04424403604157523
90,logit-scale,False,0.04846787726199314,-0.9530423720137884,-0.8842384484401695,0.06880392357361886
90,beta-cdf,False,0.08516311306418706,-0.9530423720137884,-0.805617538252346,0.14742483376144233
90,affine,True,0.05552318647926424,-0.9530423720137884,-0.953042372013789,6.661338147750939e-16
91,square,False,0.0019074229620927585,-0.8199710390441184,-0.8407711649141283,0.0208001258700099
91,sqrt,False,0.03256811759755046,-0.8199710390441184,-0.8225914094503506,0.0026203704062321975
91,logit-shift,False,0.01772613706129994,-0.8199710390441184,-0.8222945498723357,0.0023235108282173567
91,logit-scale,False,0.05090790826074221,-0.8199710390441184,-0.7597925701071888,0.060178468936929574
91,beta-cdf,False,0.09288167428174476,-0.8199710390441184,-0.7146004191478001,0.10537061989631824
91,affine,True,0.05344730136056497,-0.8199710390441184,-0.8199710390441193,8.881784197001252e-16
92,square,False,0.0020615599904476034,-0.8411127612439575,-0.8748106517969176,0.03369789055296013
92,sqrt,False,0.02890908933770564,-0.8411127612439575,-0.8431567320268263,0.002043970782868776
92,logit-shift,False,0.015540362870466451,-0.8411127612439575,-0.8291362231779078,0.011976538066049702
92,logit-scale,False,0.04643611481035437,-0.8411127612439575,-0.8042187563717316,0.03689400487222594
92,beta-cdf,False,0.08865482894339372,-0.8411127612439575,-0.774218998794937,0.06689376244902046
92,affine,True,0.048352646088831885,-0.8411127612439575,-0.8411127612439595,1.9984014443252818e-15
93,square,False,0.0022187404458099136,-0.8620951857263737,-0.9255507786292181,0.06345559290284442
93,sqrt,False,0.02779954826603298,-0.8620951857263737,-0.863927926454175,0.001832740727801374
93,logit-shift,False,0.013070131260345341,-0.8620951857263737,-0.8506012923951609,0.011493893331212757
93,logit-scale,False,0.037224061848108336,-0.8620951857263737,-0.754992021377249,0.1071031643491247
93,beta-cdf,False,0.06146481227159967,-0.8620951857263737,-0.6482655671656739,0.21382961856069982
93,affine,True,0.050030393546323104,-0.8620951857263737,-0.8620951857263754,1.7763568394002505e-15
94,square,False,0.003670773924209586,-1.2706754516660221,-1.2669418515279403,0.003733600138081883
94,sqrt,False,0.022912636462688096,-1.2706754516660221,-1.3377250343398202,0.06704958267379801
94,logit-shift,False,0.010497626740460897,-1.2706754516660221,-1.3469168557127422,0.07624140404672008
94,logit-scale,False,0.03465946290515942,-1.2706754516660221,-1.1102955625548336,0.1603798891111885
94,beta-cdf,False,0.05859756307726127,-1.2706754516660221,-0.9621401258632536,0.30853532580276855
94,affine,True,0.04095380254916542,-1.2706754516660221,-1.270675451666024,1.7763568394002505e-15
95,square,False,3.0857847837739705e-05,-2.602154579929455,-2.4178955856307485,0.18425899429870674
95,sqrt,False,0.034334944192369043,-2.602154579929455,-2.7410472370983534,0.1388926571688982
95,logit-shift,False,0.020273631117268764,-2.602154579929455,-2.7942825228123653,0.19212794288291013
95,logit-scale,False,0.05533384663820384,-2.602154579929455,-2.6387625708389004,0.03660799090944522
95,beta-cdf,False,0.10894029327160143,-2.602154579929455,-2.846375357694084,0.24422077776462858
95,affine,True,0.05419632798423418,-2.602154579929455,-2.6021545799294614,6.217248937900877e-15
96,square,False,0.0016256465873436265,-0.8271049502387622,-0.8605995715912789,0.033494621352516685
96,sqrt,False,0.02618256949831138,-0.8271049502387622,-0.8265434079842817,0.0005615422544804627
96,logit-shift,False,0.013761262982283362,-0.8271049502387622,-0.8139752346394606,0.013129715599301539
96,logit-scale,False,0.04018972234817503,-0.8271049502387622,-0.7859458825107366,0.04115906772802558
96,beta-cdf,False,0.07389879536403471,-0.8271049502387622,-0.7451712853910366,0.08193366484772557
96,affine,True,0.04427049060213173,-0.8271049502387622,-0.827104950238762,2.220446049250313e-16
97,square,False,0.0027070980844388637,-2.819679380597445,-2.711795803721003,0.1078835768764419
97,sqrt,False,0.03845931302349154,-2.819679380597445,-2.9712765870969045,0.1515972064994595
97,logit-shift,False,0.020447283670049388,-2.819679380597445,-2.988163247653061,0.1684838670556159
97,logit-scale,False,0.060750156526600596,-2.819679380597445,-2.7801059850818124,0.03957339551563255
97,beta-cdf,False,0.1131390568594956,-2.819679380597445,-3.007677387425926,0.18799800682848122
97,affine,True,0.06495392814662515,-2.819679380597445,-2.819679380597464,1.9095836023552692e-14
98,square,False,0.007287453304249597,-0.9594241662251906,-0.9968054431678959,0.03738127694270532
98,sqrt,False,0.03498727407923252,-0.9594241662251906,-0.9603135123721991,0.0008893461470085295
98,logit-shift,False,0.023290162462847652,-0.9594241662251906,-0.9529520929843547,0.006472073240835874
98,logit-scale,False,0.04269931177668973,-0.9594241662251906,-0.8941215301359322,0.06530263608925835
98,beta-cdf,False,0.07136755335632466,-0.9594241662251906,-0.819034986630063,0.14038917959512753
98,affine,True,0.052508165824375175,-0.9594241662251906,-0.9594241662251917,1.1102230246251565e-15
99,square,False,0.0014265894432068105,-0.7362373714971584,-0.6419425126205924,0.09429485887656597
99,sqrt,False,0.02301942281716668,-0.7362373714971584,-0.8170021800349354,0.08076480853777701
99,logit-shift,False,0.013290203430878889,-0.7362373714971584,-0.8535253308714663,0.11728795937430792
99,logit-scale,False,0.031018563720745296,-0.7362373714971584,-0.6875994405879924,0.048637930909166016
99,beta-cdf,False,0.05109624577217242,-0.7362373714971584,-0.6261787103840433,0.11005866111311513
99,affine,True,0.038009577909385805,-0.7362373714971584,-0.7362373714971613,2.886579864025407e-15
100,square,False,0.004259916448932144,-1.1096217573839593,-1.1457247215039819,0.03610296412002256
100,sqrt,False,0.027234068456723326,-1.1096217573839593,-1.0678790532250608,0.04174270415889847
100,logit-shift,False,0.014023550354498482,-1.1096217573839593,-1.0503245583556358,0.05929719902832353
100,logit-scale,False,0.04799456938930252,-1.1096217573839593,-1.1763835404752139,0.06676178309125458
100,beta-cdf,False,0.09381639831094002,-1.1096217573839593,-1.2818916423272335,0.17226988494327422
100,affine,True,0.04571019837482809,-1.1096217573839593,-1.1096217573839584,8.881784197001252e-16
101,square,False,0.0008369248467708645,-0.860585206928538,-0.9344289756371531,0.07384376870861509
101,sqrt,False,0.030366441409030942,-0.860585206928538,-0.8545289461369341,0.006056260791603929
101,logit-shift,False,0.017724375192885333,-0.860585206928538,-0.8217082612081765,0.03887694572036149
101,logit-scale,False,0.04976303830516193,-0.860585206928538,-0.8136721898106101,0.046913017117927946
101,beta-cdf,False,0.09281096928952198,-0.860585206928538,-0.7776950977953565,0.08289010913318151
101,affine,True,0.04813577581410505,-0.860585206928538,-0.8605852069285387,6.661338147750939e-16
102,square,False,0.007632846295403145,-1.1222222398796635,-1.3394928889519773,0.21727064907231375
102,sqrt,False,0.03204321872742255,-1.1222222398796635,-1.036030984447779,0.08619125543188444
102,logit-shift,False,0.02331039707173732,-1.1222222398796635,-0.9764640574464245,0.14575818243323901
102,logit-scale,False,0.046557095816221916,-1.1222222398796635,-1.048786117036928,0.0734361228427356
102,beta-cdf,False,0.08979401005797732,-1.1222222398796635,-0.9784678128606481,0.14375442701901542
102,affine,True,0.045319388933605875,-1.1222222398796635,-1.1222222398796613,2.220446049250313e-15
103,square,False,0.003372967703921287,-1.0472843719222884,-1.1051582366871968,0.05787386476490841
103,sqrt,False,0.03007169110541874,-1.0472843719222884,-1.0375707598709494,0.009713612051339027
103,logit-shift,False,0.01555104332521573,-1.0472843719222884,-1.0184110252449274,0.028873346677360967
103,logit-scale,False,0.049081280687291784,-1.0472843719222884,-1.0074177458271292,0.03986662609515923
103,beta-cdf,False,0.092357729996976,-1.0472843719222884,-0.979301882013953,0.06798248990833544
103,affine,True,0.05079422793077104,-1.0472843719222884,-1.0472843719222897,1.3322676295501878e-15
104,square,False,0.008823576414085293,-1.2250526412795963,-0.9858076529348294,0.23924498834476693
104,sqrt,False,0.018861712082355375,-1.2250526412795963,-1.4431957205619974,0.21814307928240106
104,logit-shift,False,0.005565314340984895,-1.2250526412795963,-1.5547892741570584,0.329736632877462
104,logit-scale,False,0.03275646731845183,-1.2250526412795963,-1.1524524287387483,0.07260021254084803
104,beta-cdf,False,0.05528856420911338,-1.2250526412795963,-1.0819959404484707,0.14305670083112565
104,affine,True,0.036965564150929275,-1.2250526412795963,-1.2250526412795977,1.3322676295501878e-15
105,square,False,0.0019515162048480417,-0.7977466010214529,-0.8607836881596005,0.0630370871381476
105,sqrt,False,0.032076827668951424,-0.7977466010214529,-0.7787132634681042,0.019033337553348684
105,logit-shift,False,0.017430852212342696,-0.7977466010214529,-0.7659931728359133,0.03175342818553961
105,logit-scale,False,0.05106572662001663,-0.7977466010214529,-0.7356510650164163,0.06209553600503659
105,beta-cdf,False,0.09488899682162844,-0.7977466010214529,-0.6495301639915374,0.1482164370299155
105,affine,True,0.05288812090133255,-0.7977466010214529,-0.79774660102145,2.886579864025407e-15
106,square,False,0.004601786299143179,-1.096727723532418,-1.2050310372298214,0.10830331369740342
106,sqrt,False,0.04025184091636308,-1.096727723532418,-1.047772115368427,0.04895560816399103
106,logit-shift,False,0.025262350706919345,-1.096727723532418,-1.02481431598902,0.07191340754339803
106,logit-scale,False,0.0559591453465943,-1.096727723532418,-1.0261314001127477,0.07059632341967026
106,beta-cdf,False,0.10078322307081578,-1.096727723532418,-0.9080578085713724,0.18866991496104557
106,affine,True,0.06255215011222537,-1.096727723532418,-1.0967277235324175,4.440892098500626e-16
107,square,False,0.002912462794440407,-1.5358778313032486,-1.6539113562138699,0.11803352491062125
107,sqrt,False,0.029034507251987585,-1.5358778313032486,-1.4820470348953467,0.05383079640790189
107,logit-shift,False,0.014971077630668905,-1.5358778313032486,-1.4344314943232255,0.10144633698002314
107,logit-scale,False,0.04665209737152404,-1.5358778313032486,-1.5461995977949212,0.010321766491672602
107,beta-cdf,False,0.08466672984338353,-1.5358778313032486,-1.587017242708622,0.05113941140537337
107,affine,True,0.04967228982624622,-1.5358778313032486,-1.5358778313032455,3.1086244689504383e-15
108,square,False,0.006049530245978457,-1.0133938927706603,-0.9583183833870499,0.05507550938361039
108,sqrt,False,0.02318326601758469,-1.0133938927706603,-1.051751695017694,0.03835780224703367
108,logit-shift,False,0.009156490029857633,-1.0133938927706603,-1.073172868680937,0.0597789759102767
108,logit-scale,False,0.036531423100661875,-1.0133938927706603,-1.006738262466127,0.006655630304533311
108,beta-cdf,False,0.06424109267264627,-1.0133938927706603,-1.021583962693985,0.008190069923324828
108,affine,True,0.043544939767191926,-1.0133938927706603,-1.013393892770662,1.7763568394002505e-15
109,square,False,0.0017179093507921905,-0.927490180315506,-0.9818229130758613,0.05433273276035533
109,sqrt,False,0.029436782242903026,-0.927490180315506,-0.9088295462965161,0.018660634018989875
109,logit-shift,False,0.015548091896190885,-0.927490180315506,-0.8868965272225038,0.040593653093002224
109,logit-scale,False,0.04487416630717023,-0.927490180315506,-0.9060404789430447,0.02144970137246127
109,beta-cdf,False,0.07731893861767553,-0.927490180315506,-0.8843355394398984,0.04315464087560761
109,affine,True,0.04996132052051727,-0.927490180315506,-0.9274901803155047,1.3322676295501878e-15
110,square,False,0.005762709274510364,-0.7703603529028435,-0.69232077874203,0.07803957416081353
110,sqrt,False,0.021515754042024327,-0.7703603529028435,-0.8571903720116254,0.08683001910878185
110,logit-shift,False,0.008360901106463592,-0.7703603529028435,-0.8903700813657083,0.12000972846286473
110,logit-scale,False,0.033799336675509384,-0.7703603529028435,-0.7031017227094458,0.06725863019339773
110,beta-cdf,False,0.06131102519471865,-0.7703603529028435,-0.648882375566938,0.1214779773359056
110,affine,True,0.040317206251082316,-0.7703603529028435,-0.7703603529028429,6.661338147750939e-16
111,square,False,0.01163652213222341,-0.5064911533422936,-0.4170937945135924,0.08939735882870115
111,sqrt,False,0.028549088732043315,-0.5064911533422936,-0.5807763517132223,0.07428519837092873
111,logit-shift,False,0.008914779664007333,-0.5064911533422936,-0.6183074515885998,0.11181629824630623
111,logit-scale,False,0.04812362012710708,-0.5064911533422936,-0.4940633144604831,0.012427838881810427
111,beta-cdf,False,0.08738839304581986,-0.5064911533422936,-0.49261977986597016,0.01387137347632339
111,affine,True,0.05656749488403462,-0.5064911533422936,-0.5064911533422933,2.220446049250313e-16
112,square,False,0.005497720248982735,-0.9719268742317957,-0.8962612989085896,0.07566557532320606
112,sqrt,False,0.04643660796622695,-0.9719268742317957,-1.1011123086332115,0.12918543440141583
112,logit-shift,False,0.029121889116789812,-0.9719268742317957,-1.123372952493869,0.15144607826207324
112,logit-scale,False,0.06538411242851805,-0.9719268742317957,-0.8160933777658621,0.15583349646593359
112,beta-cdf,False,0.1162861077926895,-0.9719268742317957,-0.6691942218845452,0.30273265234725044
112,affine,True,0.07289931804700728,-0.9719268742317957,-0.9719268742317986,2.886579864025407e-15
113,square,False,0.0007534565239993574,-0.7797592553967976,-0.7687605474972006,0.010998707899597004
113,sqrt,False,0.0267705097578832,-0.7797592553967976,-0.7689454448819124,0.01081381051488517
113,logit-shift,False,0.015408993514333447,-0.7797592553967976,-0.7687935055369113,0.010965749859886298
113,logit-scale,False,0.04285641393858031,-0.7797592553967976,-0.8323873235605601,0.05262806816376253
113,beta-cdf,False,0.08158445609539217,-0.7797592553967976,-0.9064752344250566,0.12671597902825904
113,affine,True,0.042647606401565064,-0.7797592553967976,-0.7797592553967969,6.661338147750939e-16
114,square,False,0.003480789309176169,-0.43813879629850994,-0.34852344700851545,0.08961534928999448
114,sqrt,False,0.02466509842324527,-0.43813879629850994,-0.4937737668677151,0.05563497056920519
114,logit-shift,False,0.011695254998673965,-0.43813879629850994,-0.5312132135933123,0.09307441729480237
114,logit-scale,False,0.037441622603004154,-0.43813879629850994,-0.44438979337482265,0.006250997076312714
114,beta-cdf,False,0.06456289815010302,-0.43813879629850994,-0.4236271853023983,0.014511610996111646
114,affine,True,0.04332819363419477,-0.43813879629850994,-0.43813879629850727,2.6645352591003757e-15
115,square,False,0.0008186630211315937,-0.5450953907610596,-0.5673509951636329,0.022255604402573237
115,sqrt,False,0.02498138341531453,-0.5450953907610596,-0.5372356781094938,0.00785971265156582
115,logit-shift,False,0.01476189637633285,-0.5450953907610596,-0.5358971830633019,0.009198207697757699
115,logit-scale,False,0.039391552810363606,-0.5450953907610596,-0.5026135903488409,0.04248180041221872
115,beta-cdf,False,0.07414258720359818,-0.5450953907610596,-0.4280256402013265,0.11706975055973312
115,affine,True,0.041050202153517124,-0.5450953907610596,-0.545095390761059,6.661338147750939e-16
116,square,False,0.012885723203128835,-0.7470168859145141,-0.7485088214202511,0.0014919355057370076
116,sqrt,False,0.020357725340021227,-0.7470168859145141,-0.7831868007716167,0.036169914857102636
116,logit-shift,False,0.004274852694770792,-0.7470168859145141,-0.7830408178753283,0.036023931960814215
116,logit-scale,False,0.040014612210924394,-0.7470168859145141,-0.6784932229606322,0.0685236629538819
116,beta-cdf,False,0.07662560338351393,-0.7470168859145141,-0.6097889973153523,0.1372278885991618
116,affine,True,0.04305982168125211,-0.7470168859145141,-0.7470168859145119,2.220446049250313e-15
117,square,False,0.010844285724089575,-0.777878513276191,-0.6983423193419929,0.07953619393419809
117,sqrt,False,0.04113027724474194,-0.777878513276191,-0.8491822010889547,0.07130368781276375
117,logit-shift,False,0.02899784147839113,-0.777878513276191,-0.879145638011557,0.10126712473536603
117,logit-scale,False,0.05125509645555382,-0.777878513276191,-0.7157166297061908,0.06216188357000019
117,beta-cdf,False,0.08935861713472981,-0.777878513276191,-0.6619537349944666,0.11592477828172432
117,affine,True,0.060061984276423286,-0.777878513276191,-0.7778785132761901,8.881784197001252e-16
118,square,False,0.001033108425846585,-0.9133923895790066,-0.9618625601425088,0.048470170563502224
118,sqrt,False,0.029952799027934518,-0.9133923895790066,-0.8896881763139786,0.02370421326502803
118,logit-shift,False,0.017337379358699334,-0.9133923895790066,-0.8648373244368106,0.048555065142195986
118,logit-scale,False,0.04220326815670461,-0.9133923895790066,-0.9418105783926549,0.028418188813648326
118,beta-cdf,False,0.07353961366348,-0.9133923895790066,-0.9884785208198561,0.07508613124084951
118,affine,True,0.048477354075936674,-0.9133923895790066,-0.9133923895790061,4.440892098500626e-16
119,square,False,0.007558778386108522,-1.7575298203105842,-1.7975184077019466,0.03998858739136235
119,sqrt,False,0.023254868655112837,-1.7575298203105842,-1.790153560244835,0.03262373993425083
119,logit-shift,False,0.008381880768393635,-1.7575298203105842,-1.7758351176425475,0.01830529733196329
119,logit-scale,False,0.038485542524235694,-1.7575298203105842,-1.6318853983090151,0.1256444220015691
119,beta-cdf,False,0.07067389200712393,-1.7575298203105842,-1.5566220959351789,0.20090772437540538
119,affine,True,0.04504056759521641,-1.7575298203105842,-1.7575298203105847,4.440892098500626e-16
120,square,False,0.004062331402360009,-1.0793059249136956,-1.0500701625790931,0.029235762334602455
120,sqrt,False,0.020662327281690374,-1.0793059249136956,-1.124608836342155,0.045302911428459325
120,logit-shift,False,0.0139803635461756,-1.0793059249136956,-1.135149677950972,0.0558437530372764
120,logit-scale,False,0.027595890502788212,-1.0793059249136956,-1.0317490565916199,0.04755686832207573
120,beta-cdf,False,0.0482216440457332,-1.0793059249136956,-1.0101183802586449,0.06918754465505073
120,affine,True,0.031076461958786994,-1.0793059249136956,-1.0793059249137,4.440892098500626e-15
121,square,False,0.0018584524112157663,-1.5578227009948842,-1.429833836826361,0.12798886416852318
121,sqrt,False,0.022682878367741077,-1.5578227009948842,-1.6708361097412432,0.11301340874635901
121,logit-shift,False,0.011605634684293542,-1.5578227009948842,-1.7253289384010477,0.16750623740616355
121,logit-scale,False,0.03393585907144775,-1.5578227009948842,-1.5038357584168098,0.05398694257807435
121,beta-cdf,False,0.05954390034557533,-1.5578227009948842,-1.4684058414217613,0.08941685957312284
121,affine,True,0.03840870533051083,-1.5578227009948842,-1.5578227009948855,1.3322676295501878e-15
122,square,False,0.002478875353082971,-1.6860590541100127,-1.4578673981179637,0.22819165599204894
122,sqrt,False,0.03513974357987376,-1.6860590541100127,-1.8919588171610586,0.20589976305104596
122,logit-shift,False,0.018130082804513836,-1.6860590541100127,-2.0168692802058583,0.33081022609584565
122,logit-scale,False,0.05310849888270974,-1.6860590541100127,-1.5482456101118265,0.13781344399818618
122,beta-cdf,False,0.09426132314367958,-1.6860590541100127,-1.4001847997455026,0.2858742543645101
122,affine,True,0.060018579933393656,-1.6860590541100127,-1.686059054110017,4.440892098500626e-15
123,square,False,0.005129561660032034,-0.722715608629207,-0.6968554164566938,0.02586019217251323
123,sqrt,False,0.031226997508199683,-0.722715608629207,-0.7576382553667345,0.03492264673752743
123,logit-shift,False,0.020969663649559322,-0.722715608629207,-0.7650468866032845,0.04233127797407743
123,logit-scale,False,0.04407436251857361,-0.722715608629207,-0.685010523278035,0.03770508535117201
123,beta-cdf,False,0.0780837136443791,-0.722715608629207,-0.6312925901507738,0.09142301847843326
123,affine,True,0.046313566657978034,-0.722715608629207,-0.7227156086292075,4.440892098500626e-16
124,square,False,0.007694433772410525,-1.0243581170139913,-0.8996580480592018,0.12470006895478947
124,sqrt,False,0.01935964465380202,-1.0243581170139913,-1.1783570697026065,0.1539989526886152
124,logit-shift,False,0.005927447768533489,-1.0243581170139913,-1.2373455366317043,0.21298741961771306
124,logit-scale,False,0.030096591506800108,-1.0243581170139913,-0.8837181094843447,0.14064000752964656
124,beta-cdf,False,0.04692463376540529,-1.0243581170139913,-0.7515105787433742,0.27284753827061703
124,affine,True,0.03819783154784706,-1.0243581170139913,-1.02435811701399,1.3322676295501878e-15
125,square,False,0.00322504677651414,-1.0333759585721456,-1.1137321590591172,0.08035620048697156
125,sqrt,False,0.02899150290279978,-1.0333759585721456,-1.006521856903475,0.026854101668670527
125,logit-shift,False,0.015456963074913344,-1.0333759585721456,-0.9785297680720371,0.05484619050010853
125,logit-scale,False,0.05023497707662278,-1.0333759585721456,-1.0118982997344115,0.021477658837734115
125,beta-cdf,False,0.09690844621072414,-1.0333759585721456,-0.9940048930414973,0.039371065530648286
125,affine,True,0.04878682219212377,-1.0333759585721456,-1.0333759585721478,2.220446049250313e-15
126,square,False,0.0017404568167607992,-0.504019035284275,-0.49849511052953255,0.005523924754742504
126,sqrt,False,0.032811813550176705,-0.504019035284275,-0.5218844378701424,0.01786540258586733
126,logit-shift,False,0.017367096645080737,-0.504019035284275,-0.5205062721687834,0.01648723688450837
126,logit-scale,False,0.04929137069452488,-0.504019035284275,-0.48766694734221994,0.016352087942055116
126,beta-cdf,False,0.08273684744689191,-0.504019035284275,-0.4614468023337228,0.042572232950552236
126,affine,True,0.05536645241112209,-0.504019035284275,-0.5040190352842755,4.440892098500626e-16
127,square,False,0.0021907204271264247,-0.7954726318619552,-0.7581130267113354,0.03735960515061976
127,sqrt,False,0.03361494538241616,-0.7954726318619552,-0.8302452062304846,0.03477257436852943
127,logit-shift,False,0.019669866934166058,-0.7954726318619552,-0.840558403801589,0.04508577193963381
127,logit-scale,False,0.0457021289228598,-0.7954726318619552,-0.7823795544938252,0.013093077368129924
127,beta-cdf,False,0.08036579062921723,-0.7954726318619552,-0.7722804596552011,0.02319217220675407
127,affine,True,0.0544586817100956,-0.7954726318619552,-0.7954726318619518,3.3306690738754696e-15
128,square,False,0.006119079648681414,-0.5782506849390003,-0.5662984284213788,0.011952256517621551
128,sqrt,False,0.03115233537039558,-0.5782506849390003,-0.5993796476199709,0.02112896268097053
128,logit-shift,False,0.020877775591079006,-0.5782506849390003,-0.6078990462705365,0.029648361331536144
128,logit-scale,False,0.0407555597410455,-0.5782506849390003,-0.5378204413114676,0.04043024362753278
128,beta-cdf,False,0.07276474032493646,-0.5782506849390003,-0.5087179639445825,0.06953272099441787
128,affine,True,0.046847365326297685,-0.5782506849390003,-0.5782506849389988,1.5543122344752192e-15
129,square,False,0.005416825632311578,-0.4540050728561065,-0.5644624851285156,0.11045741227240913
129,sqrt,False,0.01502612124642172,-0.4540050728561065,-0.3981204752954748,0.05588459756063169
129,logit-shift,False,0.004707629638250943,-0.4540050728561065,-0.3671756016052783,0.08682947125082818
129,logit-scale,False,0.023063961368154418,-0.4540050728561065,-0.4251011349896654,0.028903937866441076
129,beta-cdf,False,0.03870369270504059,-0.4540050728561065,-0.39894435958735386,0.055060713268752615
129,affine,True,0.030037121351474683,-0.4540050728561065,-0.4540050728561069,4.440892098500626e-16
130,square,False,0.0027464015262588792,-0.5551635608466194,-0.5991431337959756,0.04397957294935617
130,sqrt,False,0.029278497571066764,-0.5551635608466194,-0.5330332491163483,0.022130311730271135
130,logit-shift,False,0.015807321270041086,-0.5551635608466194,-0.5138804752644712,0.041283085582148216
130,logit-scale,False,0.04827566187167848,-0.5551635608466194,-0.551924329509142,0.0032392313374773885
130,beta-cdf,False,0.08877585743497829,-0.5551635608466194,-0.5542544683233352,0.000909092523284194
130,affine,True,0.048294290497230274,-0.5551635608466194,-0.5551635608466188,6.661338147750939e-16
131,square,False,0.0003632398254019842,-1.3953966201601022,-1.5154766296406184,0.12008000948051611
131,sqrt,False,0.028282105744018293,-1.3953966201601022,-1.35450681245322,0.04088980770688222
131,logit-shift,False,0.015252728769501511,-1.3953966201601022,-1.312716850875903,0.08267976928419918
131,logit-scale,False,0.041252227999160174,-1.3953966201601022,-1.3619313342551282,0.033465285904973996
131,beta-cdf,False,0.07826050327525824,-1.3953966201601022,-1.3640419037008815,0.03135471645922072
131,affine,True,0.047940572100002354,-1.3953966201601022,-1.3953966201601027,4.440892098500626e-16
132,square,False,0.00038298251911628167,-0.7851957932333933,-0.9479178817538063,0.16272208852041303
132,sqrt,False,0.027658258724025664,-0.7851957932333933,-0.7218660909179098,0.06332970231548352
132,logit-shift,False,0.01682637737537912,-0.7851957932333933,-0.6791885007428706,0.10600729249052265
132,logit-scale,False,0.04539996697397902,-0.7851957932333933,-0.6986762123705375,0.08651958086285583
132,beta-cdf,False,0.08625960316655373,-0.7851957932333933,-0.6048168839320083,0.180378909301385
132,affine,True,0.04332910095344139,-0.7851957932333933,-0.7851957932333953,1.9984014443252818e-15
133,square,False,0.008498845623141321,-1.148879032246437,-1.4113987545262305,0.2625197222797935
133,sqrt,False,0.03761770314606794,-1.148879032246437,-1.0695980126263818,0.07928101962005529
133,logit-shift,False,0.025911499972225638,-1.148879032246437,-1.006437345123762,0.14244168712267502
133,logit-scale,False,0.04760943214161123,-1.148879032246437,-0.986410240936713,0.16246879130972403
133,beta-cdf,False,0.08122227822609795,-1.148879032246437,-0.8019003495939097,0.3469786826525274
133,affine,True,0.05500221521356741,-1.148879032246437,-1.1488790322464402,3.1086244689504383e-15
134,square,False,0.006114448672681683,-0.6671920287381259,-0.518165220771222,0.14902680796690393
134,sqrt,False,0.03182943253679149,-0.6671920287381259,-0.7862766269915906,0.11908459825346474
134,logit-shift,False,0.01435389234855533,-0.6671920287381259,-0.856490326692781,0.18929829795465514
134,logit-scale,False,0.04992804535796519,-0.6671920287381259,-0.6318735066821501,0.03531852205597574
134,beta-cdf,False,0.08770080401582209,-0.6671920287381259,-0.5709601488913039,0.09623187984682202
134,affine,True,0.056329036665022925,-0.6671920287381259,-0.6671920287381248,1.1102230246251565e-15
135,square,False,0.0023247061503237354,-0.8290239318602632,-0.8293584249225852,0.00033449306232191667
135,sqrt,False,0.02498217076846193,-0.8290239318602632,-0.8603801297161731,0.03135619785590982
135,logit-shift,False,0.014579507421837279,-0.8290239318602632,-0.859590158310342,0.03056622645007878
135,logit-scale,False,0.030312601486381485,-0.8290239318602632,-0.7703791406877947,0.05864479117246857
135,beta-cdf,False,0.04566464199477405,-0.8290239318602632,-0.7262581300340163,0.10276580182624695
135,affine,True,0.040268393206232045,-0.8290239318602632,-0.8290239318602632,0.0
136,square,False,0.00047059513323732816,-1.8202965995120746,-2.118682944577894,0.2983863450658193
136,sqrt,False,0.03835896628927432,-1.8202965995120746,-1.7075616776145286,0.11273492189754597
136,logit-shift,False,0.021286531473422132,-1.8202965995120746,-1.6308215052366042,0.18947509427547038
136,logit-scale,False,0.05562763922823394,-1.8202965995120746,-1.6763344211900826,0.14396217832199198
136,beta-cdf,False,0.09836082711629751,-1.8202965995120746,-1.5571481005971899,0.2631484989148847
136,affine,True,0.06234691176508583,-1.8202965995120746,-1.820296599512072,2.6645352591003757e-15
137,square,False,0.000608526499602885,-0.7046826502450421,-0.7200336677602146,0.015351017515172538
137,sqrt,False,0.02396687618107146,-0.7046826502450421,-0.6991458368323031,0.005536813412738928
137,logit-shift,False,0.012896301340744876,-0.7046826502450421,-0.6967614206205259,0.007921229624516135
137,logit-scale,False,0.033252164150047614,-0.7046826502450421,-0.680235888185863,0.02444676205917906
137,beta-cdf,False,0.052120873042487637,-0.7046826502450421,-0.6289229826364449,0.0757596676085972
137,affine,True,0.03967836600828867,-0.7046826502450421,-0.7046826502450385,3.552713678800501e-15
138,square,False,0.0019947693369091746,-0.9530162299101452,-0.9021314662709252,0.05088476363922001
138,sqrt,False,0.021271688280291523,-0.9530162299101452,-0.9995652726316655,0.04654904272152027
138,logit-shift,False,0.010448892096031559,-0.9530162299101452,-1.019939040426951,0.06692281051680582
138,logit-scale,False,0.03177229840203055,-0.9530162299101452,-0.9130740557633032,0.03994217414684198
138,beta-cdf,False,0.059105148784155626,-0.9530162299101452,-0.8806745297854972,0.07234170012464802
138,affine,True,0.037408118430605763,-0.9530162299101452,-0.9530162299101463,1.1102230246251565e-15
139,square,False,0.0029209368900663113,-1.5061021091295421,-1.247412836702242,0.2586892724273002
139,sqrt,False,0.04116403513885858,-1.5061021091295421,-1.758636507345218,0.2525343982156758
139,logit-shift,False,0.0219680952244643,-1.5061021091295421,-1.8744480460329562,0.3683459369034141
139,logit-scale,False,0.06374086021310088,-1.5061021091295421,-1.3565884799890537,0.14951362914048838
139,beta-cdf,False,0.11679315622718967,-1.5061021091295421,-1.198426070142641,0.3076760389869011
139,affine,True,0.06804733551811659,-1.5061021091295421,-1.5061021091295528,1.0658141036401503e-14
140,square,False,0.0056651999209083315,-1.3444575309877025,-1.3495328002807243,0.005075269293021822
140,sqrt,False,0.023930484804047136,-1.3444575309877025,-1.3600323427886827,0.015574811800980193
140,logit-shift,False,0.010702009502372656,-1.3444575309877025,-1.3541295781999705,0.009672047212267998
140,logit-scale,False,0.04082456441599941,-1.3444575309877025,-1.317806110634586,0.026651420353116517
140,beta-cdf,False,0.07365239540348334,-1.3444575309877025,-1.276612583357982,0.06784494762972049
140,affine,True,0.042628729720243785,-1.3444575309877025,-1.3444575309876994,3.1086244689504383e-15
141,square,False,0.00520211615866889,-0.7722724967022137,-0.850442162965573,0.0781696662633593
141,sqrt,False,0.017717182270574283,-0.7722724967022137,-0.74659132860898,0.02568116809323362
141,logit-shift,False,0.006424583750959445,-0.7722724967022137,-0.7181591698189647,0.05411332688324899
141,logit-scale,False,0.027441968129091998,-0.7722724967022137,-0.7429946857570136,0.0292778109452001
141,beta-cdf,False,0.04922910862055746,-0.7722724967022137,-0.7389344552653061,0.03333804143690755
141,affine,True,0.03466161601249368,-0.7722724967022137,-0.7722724967022117,1.9984014443252818e-15
142,square,False,0.005920303766056678,-1.394305484429713,-1.3805704865496349,0.013734997880078037
142,sqrt,False,0.029842316233853916,-1.394305484429713,-1.3973840626792864,0.0030785782495734715
142,logit-shift,False,0.019678053404606377,-1.394305484429713,-1.4037859152256793,0.009480430795966388
142,logit-scale,False,0.03834083652824327,-1.394305484429713,-1.384528676711878,0.009776807717834846
142,beta-cdf,False,0.06795854670408674,-1.394305484429713,-1.3642517832771799,0.03005370115253303
142,affine,True,0.04580870099733758,-1.394305484429713,-1.3943054844297151,2.220446049250313e-15
143,square,False,0.0001841588947288364,-0.9438748602954516,-1.0124809042021865,0.06860604390673486
143,sqrt,False,0.03863311490604532,-0.9438748602954516,-0.9188224234678446,0.02505243682760705
143,logit-shift,False,0.022660364289572132,-0.9438748602954516,-0.8989490443557608,0.044925815939690805
143,logit-scale,False,0.06071540654888202,-0.9438748602954516,-0.9063436986176951,0.0375311616777565
143,beta-cdf,False,0.11752123241236695,-0.9438748602954516,-0.9005851165851768,0.04328974371027483
143,affine,True,0.06184576422801902,-0.9438748602954516,-0.9438748602954494,2.220446049250313e-15
144,square,False,0.007103401734707193,-1.0358233067110452,-1.2334032381278721,0.19757993141682695
144,sqrt,False,0.03001380195508857,-1.0358233067110452,-0.9498699560753647,0.08595335063568044
144,logit-shift,False,0.01260758554540603,-1.0358233067110452,-0.8876699110005424,0.1481533957105028
144,logit-scale,False,0.048458256845720804,-1.0358233067110452,-0.9663409184875338,0.06948238822351138
144,beta-cdf,False,0.08916281897772182,-1.0358233067110452,-0.9148235759865964,0.1209997307244488
144,affine,True,0.05464911589225835,-1.0358233067110452,-1.0358233067110425,2.6645352591003757e-15
145,square,False,0.005929182051323367,-1.7892460235939929,-1.579903374048396,0.20934264954559678
145,sqrt,False,0.034571373502961966,-1.7892460235939929,-1.9168873802415747,0.1276413566475818
145,logit-shift,False,0.016782786458841514,-1.7892460235939929,-2.011752720318488,0.22250669672449508
145,logit-scale,False,0.05743955774613796,-1.7892460235939929,-1.8402907224440312,0.05104469885003837
145,beta-cdf,False,0.106624566798111,-1.7892460235939929,-1.9394080190849534,0.15016199549096054
145,affine,True,0.05919213646742488,-1.7892460235939929,-1.7892460235939964,3.552713678800501e-15
146,square,False,0.0016675329223866664,-0.7195777216046557,-0.6810412025964045,0.03853651900825117
146,sqrt,False,0.03252246747826454,-0.7195777216046557,-0.7550732433027281,0.03549552169807235
146,logit-shift,False,0.019487402198560766,-0.7195777216046557,-0.765038909244115,0.04546118763945928
146,logit-scale,False,0.04710501191935612,-0.7195777216046557,-0.7033709504293397,0.016206771175315993
146,beta-cdf,False,0.08395701177139914,-0.7195777216046557,-0.6521780847303098,0.06739963687434591
146,affine,True,0.051466761275490824,-0.7195777216046557,-0.7195777216046517,3.9968028886505635e-15
147,square,False,0.004345053342021232,-0.8125027796413673,-0.7325485467434176,0.07995423289794967
147,sqrt,False,0.030022157743075206,-0.8125027796413673,-0.8932934608700733,0.08079068122870603
147,logit-shift,False,0.019370281328385086,-0.8125027796413673,-0.9250182878325455,0.11251550819117817
147,logit-scale,False,0.03995037867798967,-0.8125027796413673,-0.7448969307630728,0.06760584887829446
147,beta-cdf,False,0.07114709492881005,-0.8125027796413673,-0.6758220304747291,0.1366807491666382
147,affine,True,0.04562908827225237,-0.8125027796413673,-0.812502779641366,1.3322676295501878e-15
148,square,False,0.0047101407567757825,-0.7717794397558648,-0.7249190700167212,0.04686036973914365
148,sqrt,False,0.026729514724557146,-0.7717794397558648,-0.8340570792072786,0.062277639451413735
148,logit-shift,False,0.01761892401540538,-0.7717794397558648,-0.8531853988027425,0.08140595904687764
148,logit-scale,False,0.03701665746048899,-0.7717794397558648,-0.7066284877122764,0.06515095204358845
148,beta-cdf,False,0.06991091063116606,-0.7717794397558648,-0.6505167832293093,0.12126265652655555
148,affine,True,0.04108385651237656,-0.7717794397558648,-0.7717794397558637,1.1102230246251565e-15
149,square,False,0.010893782487686104,-0.9123956002089371,-0.9178924778839677,0.005496877675030598
149,sqrt,False,0.01692097987865765,-0.9123956002089371,-0.942000281442912,0.029604681233974972
149,logit-shift,False,0.00360608329602935,-0.9123956002089371,-0.9476498999572016,0.03525429974826455
149,logit-scale,False,0.03505146243753843,-0.9123956002089371,-0.8202643068653059,0.09213129334363113
149,beta-cdf,False,0.06740586203201981,-0.9123956002089371,-0.7257192774237065,0.1866763227852306
149,affine,True,0.03576952280919904,-0.9123956002089371,-0.9123956002089391,1.9984014443252818e-15
150,square,False,0.000429354985182262,-1.1520467215597048,-1.145581569261093,0.006465152298611887
150,sqrt,False,0.038055482006979335,-1.1520467215597048,-1.1625821111889119,0.010535389629207081
150,logit-shift,False,0.021686204084078675,-1.1520467215597048,-1.1687847544568535,0.016738032897148702
150,logit-scale,False,0.05608856346324348,-1.1520467215597048,-1.126470172541223,0.02557654901848183
150,beta-cdf,False,0.10189490957051234,-1.1520467215597048,-1.1166012596966044,0.03544546186310038
150,affine,True,0.0625605887944859,-1.1520467215597048,-1.1520467215597008,3.9968028886505635e-15
151,square,False,0.0012613227731926302,-1.3346985562141307,-1.2768760286094194,0.057822527604711293
151,sqrt,False,0.037158252787036494,-1.3346985562141307,-1.4230293933043319,0.08833083709020118
151,logit-shift,False,0.021663842909214026,-1.3346985562141307,-1.4407430313762686,0.10604447516213789
151,logit-scale,False,0.054550332928790135,-1.3346985562141307,-1.2422402217805506,0.09245833443358009
151,beta-cdf,False,0.10092716101268517,-1.3346985562141307,-1.1893519614966963,0.14534659471743439
151,affine,True,0.06024639785214181,-1.3346985562141307,-1.334698556214129,1.7763568394002505e-15
152,square,False,0.0055299269716571064,-1.942771573365675,-2.004722710831176,0.06195113746550085
152,sqrt,False,0.03280729644376312,-1.942771573365675,-1.9419110429001551,0.0008605304655198154
152,logit-shift,False,0.01575407046097299,-1.942771573365675,-1.932132944907757,0.010638628457917854
152,logit-scale,False,0.053137121722007075,-1.942771573365675,-1.8121050175662448,0.1306665557994302
152,beta-cdf,False,0.09926732043311465,-1.942771573365675,-1.6857150518879922,0.25705652147768276
152,affine,True,0.0565620853553902,-1.942771573365675,-1.9427715733656812,6.217248937900877e-15
153,square,False,0.0047002858506764444,-0.8428552465699817,-0.8227142385683379,0.020141008001643756
153,sqrt,False,0.03413910331810399,-0.8428552465699817,-0.8629294385751904,0.02007419200520877
153,logit-shift,False,0.022103614633045887,-0.8428552465699817,-0.8742098925979402,0.031354646027958566
153,logit-scale,False,0.048824812364190895,-0.8428552465699817,-0.806571026112969,0.03628422045701263
153,beta-cdf,False,0.0884054349633015,-0.8428552465699817,-0.7401906868647896,0.10266455970519206
153,affine,True,0.05228232492154816,-0.8428552465699817,-0.8428552465699812,4.440892098500626e-16
154,square,False,0.00893796679277406,-0.5730611509247154,-0.44591170935637314,0.1271494415683423
154,sqrt,False,0.029988693263421462,-0.5730611509247154,-0.6968585849246589,0.12379743399994347
154,logit-shift,False,0.02098269786732998,-0.5730611509247154,-0.7522625141418622,0.17920136321714675
154,logit-scale,False,0.03425389918046051,-0.5730611509247154,-0.48896450672534897,0.08409664419936647
154,beta-cdf,False,0.05451653663525563,-0.5730611509247154,-0.41412188455644583,0.1589392663682696
154,affine,True,0.04490281541348612,-0.5730611509247154,-0.573061150924715,4.440892098500626e-16
155,square,False,0.011615127554083476,-1.055909138514659,-1.2033244732810089,0.14741533476634983
155,sqrt,False,0.031463798508052976,-1.055909138514659,-1.023638081343583,0.032271057171076034
155,logit-shift,False,0.025438190271815986,-1.055909138514659,-0.9838561733463687,0.0720529651682904
155,logit-scale,False,0.042112308452584846,-1.055909138514659,-0.9570615509254776,0.09884758758918144
155,beta-cdf,False,0.07882265697909219,-1.055909138514659,-0.8700493045209095,0.1858598339937496
155,affine,True,0.040466754514963954,-1.055909138514659,-1.05590913851466,8.881784197001252e-16
156,square,False,0.001139633841503146,-1.1231229343369118,-1.1225458585810304,0.0005770757558813955
156,sqrt,False,0.03470528130964007,-1.1231229343369118,-1.1294332519847714,0.006310317647859609
156,logit-shift,False,0.019408442239916723,-1.1231229343369118,-1.115134134104005,0.007988800232906712
156,logit-scale,False,0.05392361763251308,-1.1231229343369118,-1.172557198769455,0.049434264432543173
156,beta-cdf,False,0.09769864948460144,-1.1231229343369118,-1.2172606568589135,0.0941377225220017
156,affine,True,0.05650085749660777,-1.1231229343369118,-1.123122934336911,8.881784197001252e-16
157,square,False,0.0016682346639863566,-0.8700484851289154,-0.7900359270402937,0.08001255808862173
157,sqrt,False,0.03535136396903393,-0.8700484851289154,-0.9736752309906578,0.10362674586174236
157,logit-shift,False,0.01817058811413419,-0.8700484851289154,-1.0050663315155797,0.13501784638666425
157,logit-scale,False,0.049717912469051495,-0.8700484851289154,-0.7804625093505713,0.08958597577834415
157,beta-cdf,False,0.08778833959822935,-0.8700484851289154,-0.6871981734619135,0.18285031166700194
157,affine,True,0.060965203119237144,-0.8700484851289154,-0.8700484851289181,2.6645352591003757e-15
158,square,False,0.002605451581283502,-1.977561186936983,-1.8985035419170369,0.07905764501994605
158,sqrt,False,0.034397166541409896,-1.977561186936983,-2.082913276957696,0.105352090020713
158,logit-shift,False,0.017009657283841406,-1.977561186936983,-2.1239135371814806,0.14635235024449766
158,logit-scale,False,0.05017611047541093,-1.977561186936983,-1.8739904364048487,0.10357075053213416
158,beta-cdf,False,0.08808097487108396,-1.977561186936983,-1.8327654881094064,0.14479569882757648
158,affine,True,0.060478144454513105,-1.977561186936983,-1.9775611869369993,1.6431300764452317e-14
159,square,False,0.004545242142235617,-0.84070025610706,-0.903933459282984,0.06323320317592396
159,sqrt,False,0.032176876099941076,-0.84070025610706,-0.8255906875474797,0.015109568559580344
159,logit-shift,False,0.015173157542273163,-0.84070025610706,-0.8129955525550423,0.027704703552017707
159,logit-scale,False,0.04940879611726229,-0.84070025610706,-0.755122499177634,0.08557775692942604
159,beta-cdf,False,0.08861012713887623,-0.84070025610706,-0.6415591901008608,0.19914106600619919
159,affine,True,0.05671167839130947,-0.84070025610706,-0.8407002561070622,2.220446049250313e-15
160,square,False,0.000884740165819603,-0.9574200410755289,-1.1789573864213292,0.22153734534580027
160,sqrt,False,0.033727506173627075,-0.9574200410755289,-0.8246001045740201,0.1328199365015088
160,logit-shift,False,0.0190364472215393,-0.9574200410755289,-0.7598564685028426,0.1975635725726863
160,logit-scale,False,0.05137415255626471,-0.9574200410755289,-0.9466327743132763,0.010787266762252612
160,beta-cdf,False,0.09293181690848668,-0.9574200410755289,-0.9257988495439478,0.03162119153158116
160,affine,True,0.05443198934085841,-0.9574200410755289,-0.9574200410755276,1.3322676295501878e-15
161,square,False,0.0035928480670610607,-1.065727734790428,-1.1143604189209682,0.04863268413054023
161,sqrt,False,0.02374996813223018,-1.065727734790428,-1.0810279225875674,0.015300187797139486
161,logit-shift,False,0.01081655114698643,-1.065727734790428,-1.0711485731616919,0.005420838371263947
161,logit-scale,False,0.034860180407282004,-1.065727734790428,-0.9522397350236047,0.11348799976682322
161,beta-cdf,False,0.061807423300898556,-1.065727734790428,-0.853889944320873,0.21183779046955498
161,affine,True,0.04235504584442612,-1.065727734790428,-1.0657277347904288,8.881784197001252e-16
162,square,False,0.010678534678016993,-0.6245034075950937,-0.5848735040943887,0.039629903500705055
162,sqrt,False,0.010431773001850997,-0.6245034075950937,-0.6859743392572106,0.06147093166211692
162,logit-shift,False,0.0007621251129869555,-0.6245034075950937,-0.7035846576162355,0.07908125002114175
162,logit-scale,False,0.01951502890754009,-0.6245034075950937,-0.5546154327681101,0.06988797482698361
162,beta-cdf,False,0.02954408091741778,-0.6245034075950937,-0.49503226605370854,0.12947114154138517
162,affine,True,0.025820377588892995,-0.6245034075950937,-0.624503407595095,1.3322676295501878e-15
163,square,False,0.00022856486684377786,-0.9873858431145877,-0.8976861509498977,0.08969969216468998
163,sqrt,False,0.03489046415430691,-0.9873858431145877,-1.1129176824056444,0.1255318392910567
163,logit-shift,False,0.01918930041324135,-0.9873858431145877,-1.1516612877432784,0.1642754446286907
163,logit-scale,False,0.04888970165814421,-0.9873858431145877,-0.8402558861538503,0.14712995696073738
163,beta-cdf,False,0.08383352007304923,-0.9873858431145877,-0.7044159071087028,0.2829699360058848
163,affine,True,0.059112096231492994,-0.9873858431145877,-0.9873858431145837,3.9968028886505635e-15
164,square,False,0.004702296225875369,-0.7062618061789341,-0.6826176471730081,0.02364415900592598
164,sqrt,False,0.032138901658219865,-0.7062618061789341,-0.7604479123622216,0.05418610618328756
164,logit-shift,False,0.019971300770763145,-0.7062618061789341,-0.7701511890523385,0.0638893828734044
164,logit-scale,False,0.041450070965944164,-0.7062618061789341,-0.621214596975052,0.08504720920388209
164,beta-cdf,False,0.07128153196422499,-0.7062618061789341,-0.5498448098686646,0.1564169963102695
164,affine,True,0.051035770145582415,-0.7062618061789341,-0.7062618061789341,0.0
165,square,False,0.009696906866879546,-0.5918346615274193,-0.5512614328883279,0.04057322863909141
165,sqrt,False,0.03339763801823037,-0.5918346615274193,-0.6355214772947926,0.04368681576737332
165,logit-shift,False,0.014248102578442445,-0.5918346615274193,-0.6474958480824295,0.05566118655501029
165,logit-scale,False,0.059896439840604276,-0.5918346615274193,-0.5821458550523002,0.00968880647511905
165,beta-cdf,False,0.11263109023206702,-0.5918346615274193,-0.5551639121081886,0.03667074941923065
165,affine,True,0.05957496926290107,-0.5918346615274193,-0.5918346615274233,3.9968028886505635e-15
166,square,False,0.008153427825343673,-0.8131424697598728,-0.8534074236407478,0.04026495388087503
166,sqrt,False,0.020424846425281418,-0.8131424697598728,-0.8357972730277483,0.0226548032678755
166,logit-shift,False,0.006119663969883282,-0.8131424697598728,-0.8243540186049727,0.011211548845099895
166,logit-scale,False,0.03368642955702461,-0.8131424697598728,-0.7079070194144264,0.10523545034544646
166,beta-cdf,False,0.05801305819821795,-0.8131424697598728,-0.6004587191591353,0.21268375060073752
166,affine,True,0.04195841209168205,-0.8131424697598728,-0.8131424697598684,4.440892098500626e-15
167,square,False,0.003618891920944667,-0.5945634681779783,-0.6247054301717083,0.030141961993729982
167,sqrt,False,0.02647816250711932,-0.5945634681779783,-0.5825783028650529,0.011985165312925483
167,logit-shift,False,0.013344995349267474,-0.5945634681779783,-0.5754553565585088,0.01910811161946957
167,logit-scale,False,0.04461404113218703,-0.5945634681779783,-0.5735227889628298,0.021040679215148517
167,beta-cdf,False,0.08255485753396657,-0.5945634681779783,-0.5749519416669508,0.01961152651102749
167,affine,True,0.04547647792829146,-0.5945634681779783,-0.5945634681779786,2.220446049250313e-16
168,square,False,0.0023876883515323855,-0.43468756070623615,-0.4711874240749325,0.03649986336869637
168,sqrt,False,0.031145266679572847,-0.43468756070623615,-0.44077367652688304,0.006086115820646887
168,logit-shift,False,0.017905048852005168,-0.43468756070623615,-0.42687561277342967,0.0078119479328064845
168,logit-scale,False,0.03888140295130155,-0.43468756070623615,-0.3819391514450916,0.05274840926114455
168,beta-cdf,False,0.06431718932358671,-0.43468756070623615,-0.34473392792122204,0.08995363278501411
168,affine,True,0.05047074629621001,-0.43468756070623615,-0.4346875607062368,6.661338147750939e-16
169,square,False,0.0028934792780047625,-0.9065138033064335,-0.8945339246314157,0.011979878675017819
169,sqrt,False,0.021503213867052617,-0.9065138033064335,-0.9416262969154141,0.03511249360898061
169,logit-shift,False,0.009875773063254989,-0.9065138033064335,-0.9513856132929925,0.04487180998655904
169,logit-scale,False,0.032615249627507725,-0.9065138033064335,-0.8318474739752071,0.07466632933122641
169,beta-cdf,False,0.05717766744873237,-0.9065138033064335,-0.7528712960497757,0.15364250725665785
169,affine,True,0.039140169512275946,-0.9065138033064335,-0.9065138033064344,8.881784197001252e-16
170,square,False,0.00291836182102137,-1.0480046384688202,-1.2019376085340938,0.15393297006527362
170,sqrt,False,0.030113878571214947,-1.0480046384688202,-1.0063510035408254,0.04165363492799479
170,logit-shift,False,0.01798555595476703,-1.0480046384688202,-0.9554961185282898,0.09250851994053044
170,logit-scale,False,0.03965811240232664,-1.0480046384688202,-0.9922285064711596,0.05577613199766063
170,beta-cdf,False,0.06760975074216286,-1.0480046384688202,-0.9776765789017567,0.07032805956706345
170,affine,True,0.04882556346802208,-1.0480046384688202,-1.0480046384688175,2.6645352591003757e-15
171,square,False,0.006974204929379557,-1.067853467062669,-1.0101654047332231,0.05768806232944579
171,sqrt,False,0.016078160356527482,-1.067853467062669,-1.137557853296272,0.06970438623360309
171,logit-shift,False,0.0052022170211917795,-1.067853467062669,-1.172444021564289,0.10459055450162014
171,logit-scale,False,0.030202270641248807,-1.067853467062669,-0.9762727310891535,0.09158073597351546
171,beta-cdf,False,0.05790677679837447,-1.067853467062669,-0.882571477072134,0.1852819899905349
171,affine,True,0.03188536503295414,-1.067853467062669,-1.0678534670626703,1.3322676295501878e-15
172,square,False,0.0007449484842906862,-1.0928646630135281,-1.083858934902501,0.009005728111027178
172,sqrt,False,0.027643204553968903,-1.0928646630135281,-1.1328738083175378,0.040009145304009675
172,logit-shift,False,0.01606162241546355,-1.0928646630135281,-1.1282971976075795,0.03543253459405138
172,logit-scale,False,0.04111425254192902,-1.0928646630135281,-1.055509854028457,0.03735480898507104
172,beta-cdf,False,0.07666959708384835,-1.0928646630135281,-1.0234120725404465,0.06945259047308161
172,affine,True,0.045224941278924013,-1.0928646630135281,-1.0928646630135312,3.1086244689504383e-15
173,square,False,0.0042353937387508145,-0.7353062695922674,-0.6597343142632419,0.0755719553290255
173,sqrt,False,0.018410505067946226,-0.7353062695922674,-0.7841377321642253,0.04883146257195792
173,logit-shift,False,0.008899273463218671,-0.7353062695922674,-0.8220257995786053,0.08671952998633792
173,logit-scale,False,0.03475391386631099,-0.7353062695922674,-0.7128689875227012,0.02243728206956619
173,beta-cdf,False,0.07041324251674913,-0.7353062695922674,-0.6805579733239522,0.05474829626831523
173,affine,True,0.031658815899929416,-0.7353062695922674,-0.735306269592267,4.440892098500626e-16
174,square,False,0.0003117248300311126,-0.9116838289740741,-0.9674584901267766,0.055774661152702576
174,sqrt,False,0.02340337390169228,-0.9116838289740741,-0.9199907447495184,0.00830691577544429
174,logit-shift,False,0.01398080530751139,-0.9116838289740741,-0.9049483053081859,0.0067355236658881434
174,logit-scale,False,0.03807412976897062,-0.9116838289740741,-0.8140116601491052,0.09767216882496887
174,beta-cdf,False,0.07351239640164237,-0.9116838289740741,-0.7340812821204854,0.17760254685358867
174,affine,True,0.037386905992644215,-0.9116838289740741,-0.9116838289740705,3.552713678800501e-15
175,square,False,0.0032160187899517856,-0.5047182797072205,-0.5393616410893822,0.03464336138216173
175,sqrt,False,0.025344453004488343,-0.5047182797072205,-0.4802732141374566,0.02444506556976389
175,logit-shift,False,0.012894221238870684,-0.5047182797072205,-0.47431951267780414,0.03039876702941635
175,logit-scale,False,0.04123677512767465,-0.5047182797072205,-0.49047745302746737,0.014240826679753127
175,beta-cdf,False,0.07595241152646032,-0.5047182797072205,-0.45499230658276746,0.04972597312445304
175,affine,True,0.04341423013985174,-0.5047182797072205,-0.5047182797072205,0.0
176,square,False,0.002576650409461312,-0.6285215207677108,-0.5719114246766446,0.056610096091066264
176,sqrt,False,0.027610740698888858,-0.6285215207677108,-0.6727956395471812,0.044274118779470406
176,logit-shift,False,0.013701957970093603,-0.6285215207677108,-0.7008834441718708,0.07236192340415992
176,logit-scale,False,0.040021133098580075,-0.6285215207677108,-0.5938773098365016,0.034644210931209285
176,beta-cdf,False,0.06957602989696443,-0.6285215207677108,-0.540225028914848,0.08829649185286281
176,affine,True,0.04749308685373427,-0.6285215207677108,-0.6285215207677097,1.1102230246251565e-15
177,square,False,0.0020978817439910313,-0.6720522475370614,-0.6071427279632311,0.06490951957383029
177,sqrt,False,0.02239138881521885,-0.6720522475370614,-0.7209221890398163,0.04886994150275492
177,logit-shift,False,0.011262115581277321,-0.6720522475370614,-0.7434714947019583,0.07141924716489689
177,logit-scale,False,0.03334171542843467,-0.6720522475370614,-0.678076290413959,0.006024042876897617
177,beta-cdf,False,0.061484562440012824,-0.6720522475370614,-0.7232984738946902,0.051246226357628766
177,affine,True,0.038178516428957254,-0.6720522475370614,-0.6720522475370581,3.3306690738754696e-15
178,square,False,0.012102027512945673,-1.0145251794254961,-1.0048602661467725,0.009664913278723652
178,sqrt,False,0.02224800017087253,-1.0145251794254961,-1.017884123246168,0.0033589438206718114
178,logit-shift,False,0.005104178656718361,-1.0145251794254961,-1.0280400758815356,0.013514896456039427
178,logit-scale,False,0.03700593658312895,-1.0145251794254961,-0.981695964991449,0.03282921443404718
178,beta-cdf,False,0.05825407016221046,-1.0145251794254961,-0.9364859081674142,0.07803927125808197
178,affine,True,0.04551754890871862,-1.0145251794254961,-1.0145251794254944,1.7763568394002505e-15
179,square,False,0.0033549934943308823,-0.8022997405240595,-0.7074640864739887,0.09483565405007077
179,sqrt,False,0.027297980555581858,-0.8022997405240595,-0.860426747026209,0.058127006502149525
179,logit-shift,False,0.01636009828192897,-0.8022997405240595,-0.8987471470455799,0.0964474065215204
179,logit-scale,False,0.034285221476910044,-0.8022997405240595,-0.8000288995009794,0.0022708410230800613
179,beta-cdf,False,0.060671410262501224,-0.8022997405240595,-0.7903236258888897,0.011976114635169788
179,affine,True,0.04419009654260203,-0.8022997405240595,-0.8022997405240606,1.1102230246251565e-15
180,square,False,0.0024107842535179835,-0.7943614769479326,-0.8177787458521606,0.023417268904228017
180,sqrt,False,0.03456123222658719,-0.7943614769479326,-0.7775291544585958,0.01683232248933675
180,logit-shift,False,0.018522936375880705,-0.7943614769479326,-0.7603192799815333,0.03404219696639932
180,logit-scale,False,0.05462576256751278,-0.7943614769479326,-0.8361034343994718,0.04174195745153919
180,beta-cdf,False,0.10146200022418833,-0.7943614769479326,-0.9221966118782758,0.12783513493034326
180,affine,True,0.057596555801298965,-0.7943614769479326,-0.7943614769479317,8.881784197001252e-16
181,square,False,0.003913867357169476,-1.0084432847684535,-1.0509706829762062,0.042527398207752753
181,sqrt,False,0.028102567754122787,-1.0084432847684535,-1.0065469236514444,0.0018963611170090822
181,logit-shift,False,0.01370569625802065,-1.0084432847684535,-0.9873572400727368,0.02108604469571662
181,logit-scale,False,0.04578739837640117,-1.0084432847684535,-0.9731561934907969,0.03528709127765661
181,beta-cdf,False,0.08472358556271342,-1.0084432847684535,-0.9545600189869277,0.0538832657815258
181,affine,True,0.04937501613977224,-1.0084432847684535,-1.00844328476845,3.552713678800501e-15
182,square,False,0.0033784044272025804,-0.6049673558394151,-0.5846944895269439,0.02027286631247116
182,sqrt,False,0.01578483419957749,-0.6049673558394151,-0.6282746425268497,0.023307286687434647
182,logit-shift,False,0.007683886137195894,-0.6049673558394151,-0.6348051171572084,0.029837761317793365
182,logit-scale,False,0.03021448200265875,-0.6049673558394151,-0.5912722783170785,0.013695077522336563
182,beta-cdf,False,0.06027216524450024,-0.6049673558394151,-0.5921217683408662,0.012845587498548916
182,affine,True,0.027519286911843965,-0.6049673558394151,-0.6049673558394151,0.0
183,square,False,0.0032759967314159033,-1.0314355829959854,-1.0644353869790382,0.0329998039830528
183,sqrt,False,0.03684452885863876,-1.0314355829959854,-1.0339090514884814,0.002473468492496078
183,logit-shift,False,0.022287952721693483,-1.0314355829959854,-1.0199133302570713,0.011522252738914052
183,logit-scale,False,0.05108437479830363,-1.0314355829959854,-0.9942151209733285,0.03722046202265683
183,beta-cdf,False,0.09008620573400916,-1.0314355829959854,-0.9317898459463108,0.09964573704967461
183,affine,True,0.05862610265948409,-1.0314355829959854,-1.0314355829959823,3.1086244689504383e-15
184,square,False,0.001584878096429987,-0.941513857431121,-0.920573285394471,0.020940572036650007
184,sqrt,False,0.025250220216420316,-0.941513857431121,-0.9563784076174511,0.014864550186330039
184,logit-shift,False,0.012610755578160826,-0.941513857431121,-0.9671174166531442,0.025603559222023176
184,logit-scale,False,0.03570039577910994,-0.941513857431121,-0.9235998784819885,0.017913978949132492
184,beta-cdf,False,0.0625094856678714,-0.941513857431121,-0.8853218475845475,0.056192009846573576
184,affine,True,0.04389747450557624,-0.941513857431121,-0.9415138574311239,2.886579864025407e-15
185,square,False,0.002074330855962536,-1.137697830450028,-1.1533170556131345,0.015619225163106432
185,sqrt,False,0.031132921755028742,-1.137697830450028,-1.1427083976872185,0.005010567237190511
185,logit-shift,False,0.016324184227191674,-1.137697830450028,-1.1458125614773151,0.008114731027287103
185,logit-scale,False,0.04651888248931674,-1.137697830450028,-1.0742145019571177,0.06348332849291038
185,beta-cdf,False,0.08171699545567546,-1.137697830450028,-1.0308551236694665,0.10684270678056151
185,affine,True,0.052119348868560456,-1.137697830450028,-1.1376978304500307,2.6645352591003757e-15
186,square,False,0.0003387314669824337,-0.9853593562019054,-1.016625086948443,0.0312657307465376
186,sqrt,False,0.02683751513236904,-0.9853593562019054,-0.9922259333647625,0.0068665771628571015
186,logit-shift,False,0.015167121397618388,-0.9853593562019054,-0.983240253799097,0.002119102402808437
186,logit-scale,False,0.03874264294795793,-0.9853593562019054,-0.9248744168307175,0.06048493937118793
186,beta-cdf,False,0.06920593685345988,-0.9853593562019054,-0.8739580844926558,0.11140127170924963
186,affine,True,0.04411098674346964,-0.9853593562019054,-0.9853593562019061,6.661338147750939e-16
187,square,False,2.8549991108656192e-05,-0.3538962202321736,-0.2181767442256788,0.1357194760064948
187,sqrt,False,0.03178429448990777,-0.3538962202321736,-0.4478517444669141,0.09395552423474052
187,logit-shift,False,0.018025152707189906,-0.3538962202321736,-0.5043434840403718,0.15044726380819817
187,logit-scale,False,0.04766767534127131,-0.3538962202321736,-0.3616802128142569,0.007783992582083288
187,beta-cdf,False,0.08787041146842767,-0.3538962202321736,-0.36610451145888057,0.012208291226706969
187,affine,True,0.051767144843375024,-0.3538962202321736,-0.3538962202321707,2.886579864025407e-15
188,square,False,0.002502856606718118,-0.3792795444133541,-0.40952566094784637,0.030246116534492273
188,sqrt,False,0.01815816685518684,-0.3792795444133541,-0.3903871678615036,0.011107623448149528
188,logit-shift,False,0.01075912544491503,-0.3792795444133541,-0.3813691219062012,0.0020895774928471056
188,logit-scale,False,0.020856836511947086,-0.3792795444133541,-0.31563691744292655,0.06364262697042755
188,beta-cdf,False,0.03263093228970698,-0.3792795444133541,-0.2726105706445725,0.1066689737687816
188,affine,True,0.029530083016049258,-0.3792795444133541,-0.3792795444133543,2.220446049250313e-16
189,square,False,0.0023189245699942185,-0.8291349262108361,-0.8227033544682714,0.006431571742564701
189,sqrt,False,0.011732695717243558,-0.8291349262108361,-0.8654952030617371,0.03636027685090104
189,logit-shift,False,0.005445648071360498,-0.8291349262108361,-0.8696479450919181,0.04051301888108205
189,logit-scale,False,0.020456739772664156,-0.8291349262108361,-0.7596558030827603,0.0694791231280758
189,beta-cdf,False,0.04088590969833128,-0.8291349262108361,-0.6992975889074811,0.129837337303355
189,affine,True,0.02108024920277246,-0.8291349262108361,-0.8291349262108376,1.5543122344752192e-15
190,square,False,0.0016180877668937055,-0.7981893876407888,-0.8801475625770512,0.08195817493626234
190,sqrt,False,0.03580236792066355,-0.7981893876407888,-0.7592222002472819,0.03896718739350691
190,logit-shift,False,0.021237140336058224,-0.7981893876407888,-0.7315783353926324,0.06661105224815644
190,logit-scale,False,0.05174573855634951,-0.7981893876407888,-0.7808776636467767,0.01731172399401215
190,beta-cdf,False,0.09168798581423854,-0.7981893876407888,-0.7623811266609009,0.035808260979887985
190,affine,True,0.05706039890223946,-0.7981893876407888,-0.798189387640788,8.881784197001252e-16
191,square,False,0.006189910526201686,-0.6095265492844772,-0.6333430561293767,0.023816506844899443
191,sqrt,False,0.031249107157212075,-0.6095265492844772,-0.6202035144650972,0.010676965180620002
191,logit-shift,False,0.02059411452404336,-0.6095265492844772,-0.6117594095740999,0.0022328602896226624
191,logit-scale,False,0.03784755310618826,-0.6095265492844772,-0.5580800236007075,0.05144652568376973
191,beta-cdf,False,0.06599852395495154,-0.6095265492844772,-0.5174988497704094,0.09202769951406786
191,affine,True,0.046991187456619454,-0.6095265492844772,-0.6095265492844766,6.661338147750939e-16
192,square,False,0.004487051737837117,-1.0229708658395618,-1.0987732853130665,0.07580241947350475
192,sqrt,False,0.025992895104635427,-1.0229708658395618,-0.9781363295713315,0.04483453626823031
192,logit-shift,False,0.011640570721925592,-1.0229708658395618,-0.952186919716209,0.07078394612335281
192,logit-scale,False,0.038705746671442554,-1.0229708658395618,-1.0203744554410616,0.0025964103985001152
192,beta-cdf,False,0.06428308773662028,-1.0229708658395618,-0.9876756297463254,0.03529523609323637
192,affine,True,0.0461688583055096,-1.0229708658395618,-1.0229708658395613,4.440892098500626e-16
193,square,False,0.00655439128296928,-0.7414505371454554,-0.7399307312465779,0.0015198058988774577
193,sqrt,False,0.030574574086613793,-0.7414505371454554,-0.7443047933453433,0.0028542561998878835
193,logit-shift,False,0.019895254544626262,-0.7414505371454554,-0.7437801852789803,0.0023296481335248753
193,logit-scale,False,0.03627588349815575,-0.7414505371454554,-0.7472993162823169,0.005848779136861548
193,beta-cdf,False,0.0599242211972118,-0.7414505371454554,-0.795128711105298,0.053678173959842646
193,affine,True,0.047737672234654915,-0.7414505371454554,-0.741450537145457,1.5543122344752192e-15
194,square,False,0.008404758110374083,-1.1150188812970345,-1.025109548246368,0.08990933305066662
194,sqrt,False,0.03502349495435414,-1.1150188812970345,-1.196371290047062,0.08135240875002747
194,logit-shift,False,0.02436898288704553,-1.1150188812970345,-1.2254005809588229,0.11038169966178835
194,logit-scale,False,0.04477066520090667,-1.1150188812970345,-1.0826876242859895,0.032331257011045
194,beta-cdf,False,0.08025342686799386,-1.1150188812970345,-1.0307808539736567,0.08423802732337782
194,affine,True,0.05129697089717428,-1.1150188812970345,-1.115018881297034,4.440892098500626e-16
195,square,False,0.007681648254582674,-0.7484003687646932,-0.7329538722252267,0.015446496539466503
195,sqrt,False,0.03460615393484495,-0.7484003687646932,-0.79088606298865,0.04248569422395687
195,logit-shift,False,0.02363687761121508,-0.7484003687646932,-0.7971101618803025,0.0487097931156093
195,logit-scale,False,0.04588585140717988,-0.7484003687646932,-0.679750163633887,0.06865020513080622
195,beta-cdf,False,0.08324604137529928,-0.7484003687646932,-0.6366513812199295,0.1117489875447637
195,affine,True,0.05254475282161436,-0.7484003687646932,-0.7484003687646945,1.3322676295501878e-15
196,square,False,0.002273430348836092,-1.0190090131389087,-0.944093948171018,0.07491506496789069
196,sqrt,False,0.023586515428703325,-1.0190090131389087,-1.092223399770814,0.07321438663190527
196,logit-shift,False,0.01166783534776511,-1.0190090131389087,-1.1287848882531262,0.10977587511421749
196,logit-scale,False,0.03485096099690971,-1.0190090131389087,-0.9346243033672557,0.08438470977165302
196,beta-cdf,False,0.0673721771769204,-1.0190090131389087,-0.8739745037220938,0.14503450941681484
196,affine,True,0.04116934731257155,-1.0190090131389087,-1.01900901313891,1.3322676295501878e-15
197,square,False,0.0012813102027782186,-1.0930034213812614,-1.1464745682408233,0.05347114685956189
197,sqrt,False,0.03256522982369914,-1.0930034213812614,-1.1224621349538628,0.029458713572601436
197,logit-shift,False,0.018849782647895497,-1.0930034213812614,-1.1133189636348733,0.020315542253611873
197,logit-scale,False,0.04623537831517277,-1.0930034213812614,-0.9396692305591126,0.15333419082214883
197,beta-cdf,False,0.08553711414390291,-1.0930034213812614,-0.805528987557516,0.2874744338237454
197,affine,True,0.05271300320435446,-1.0930034213812614,-1.0930034213812596,1.7763568394002505e-15
198,square,False,0.005066393250203471,-0.8336083503512701,-0.7385816564230847,0.09502669392818541
198,sqrt,False,0.03285708234530216,-0.8336083503512701,-0.9740354033968055,0.14042705304553538
198,logit-shift,False,0.015680099565841044,-0.8336083503512701,-1.0176080465338786,0.18399969618260847
198,logit-scale,False,0.05230878631181923,-0.8336083503512701,-0.690347561130888,0.1432607892203821
198,beta-cdf,False,0.0968988764903071,-0.8336083503512701,-0.5588025056162513,0.2748058447350188
198,affine,True,0.05765925883393924,-0.8336083503512701,-0.8336083503512735,3.3306690738754696e-15
199,square,False,0.00117037983292273,-0.6708255282291435,-0.7716689134949744,0.10084338526583081
199,sqrt,False,0.024796028666824288,-0.6708255282291435,-0.6175328294383917,0.053292698790751825
199,logit-shift,False,0.014273839692913626,-0.6708255282291435,-0.5849904122929239,0.08583511593621962
199,logit-scale,False,0.041874290089399024,-0.6708255282291435,-0.665401730618822,0.0054237976103215235
199,beta-cdf,False,0.08086121427166848,-0.6708255282291435,-0.6724914325162998,0.0016659042871562946
199,affine,True,0.039615790029957465,-0.6708255282291435,-0.670825528229144,4.440892098500626e-16
