log,target,perm,n_cells,n_cases,capped,median,share_positive,share_dominant
BPIC14,duration,-1,24,20000,True,0.0909167281605236,1.0,1.0
BPIC14,duration,1,24,20000,True,-0.002159290976250061,0.2916666666666667,0.7083333333333333
BPIC14,duration,0,24,20000,True,0.0004937977980175035,0.6666666666666666,0.6666666666666666
BPIC14,duration,3,24,20000,True,-0.0005140914176421929,0.375,0.625
BPIC14,duration,2,24,20000,True,-0.002105148382709199,0.2916666666666667,0.7083333333333333
BPIC14,duration,8,24,20000,True,0.0001372979935847507,0.5,0.5
BPIC14,duration,6,24,20000,True,-0.0002033100473013416,0.5,0.5
BPIC14,duration,9,24,20000,True,-0.0004847643216185915,0.5,0.5
BPIC14,duration,4,24,20000,True,-0.002766648679543793,0.2916666666666667,0.7083333333333333
BPIC14,duration,10,24,20000,True,-0.0015109890739083975,0.3333333333333333,0.6666666666666667
BPIC14,duration,7,24,20000,True,0.0006045282133305685,0.5416666666666666,0.5416666666666666
BPIC14,duration,5,24,20000,True,-0.0006860655512765934,0.375,0.625
BPIC14,duration,14,24,20000,True,-0.00237270290898306,0.25,0.75
BPIC14,duration,12,24,20000,True,0.00017773872418802572,0.5,0.5
BPIC14,duration,11,24,20000,True,-0.00023208753049425157,0.4583333333333333,0.5416666666666667
BPIC14,duration,17,24,20000,True,0.001415017257795359,0.5416666666666666,0.5416666666666666
BPIC14,duration,13,24,20000,True,0.0016195355433186731,0.6666666666666666,0.6666666666666666
BPIC14,duration,22,24,20000,True,-0.0012274996024081442,0.3333333333333333,0.6666666666666667
BPIC14,duration,15,24,20000,True,0.0014022841070289171,0.6666666666666666,0.6666666666666666
BPIC14,duration,19,24,20000,True,0.0004752203851475789,0.5,0.5
BPIC14,duration,16,24,20000,True,-0.001989163211514766,0.20833333333333334,0.7916666666666666
BPIC14,duration,20,24,20000,True,-0.0009367927686504962,0.4583333333333333,0.5416666666666667
BPIC14,duration,18,24,20000,True,-0.0016834280261598389,0.375,0.625
BPIC14,duration,21,24,20000,True,0.0013452701965833702,0.625,0.625
BPIC14,duration,23,24,20000,True,-0.0016686356465655527,0.375,0.625
BPIC14,duration,24,24,20000,True,-0.000829602887189751,0.4583333333333333,0.5416666666666667
BPIC14,duration,26,24,20000,True,0.00035241741383240655,0.5416666666666666,0.5416666666666666
BPIC14,duration,25,24,20000,True,8.726866744823703e-05,0.5,0.5
BPIC14,duration,27,24,20000,True,-0.0018935973878238532,0.375,0.625
BPIC14,duration,32,24,20000,True,-0.0008972726938112907,0.2916666666666667,0.7083333333333333
BPIC14,duration,28,24,20000,True,0.002117486269372082,0.7916666666666666,0.7916666666666666
BPIC14,duration,29,24,20000,True,-0.0001852534760636848,0.4166666666666667,0.5833333333333333
BPIC14,duration,30,24,20000,True,-0.0004048838858296544,0.375,0.625
BPIC14,duration,31,24,20000,True,-0.001438817803463166,0.375,0.625
BPIC14,duration,33,24,20000,True,-0.00042984971268250627,0.375,0.625
BPIC14,duration,34,24,20000,True,-0.0026304745328418755,0.16666666666666666,0.8333333333333334
BPIC14,duration,35,24,20000,True,-0.0025803687678567777,0.25,0.75
BPIC14,duration,36,24,20000,True,-0.0005573223860986798,0.4166666666666667,0.5833333333333333
BPIC14,duration,37,24,20000,True,-0.0021591279310470557,0.4166666666666667,0.5833333333333333
BPIC14,duration,43,24,20000,True,-0.00012383059703291455,0.4583333333333333,0.5416666666666667
BPIC14,duration,38,24,20000,True,-0.0008076374962887045,0.4583333333333333,0.5416666666666667
BPIC14,duration,41,24,20000,True,-0.00046796847980518086,0.5,0.5
BPIC14,duration,45,24,20000,True,0.0003646999579373089,0.5833333333333334,0.5833333333333334
BPIC14,duration,39,24,20000,True,-0.0025921869179243995,0.25,0.75
BPIC14,duration,44,24,20000,True,-0.0007819735627039859,0.375,0.625
BPIC14,duration,40,24,20000,True,0.0003334899708509198,0.5833333333333334,0.5833333333333334
BPIC14,duration,42,24,20000,True,-0.00012738797396544266,0.4583333333333333,0.5416666666666667
BPIC14,duration,46,24,20000,True,0.002025113912657639,0.7083333333333334,0.7083333333333334
BPIC14,duration,47,24,20000,True,0.0002372996279209616,0.5833333333333334,0.5833333333333334
BPIC14,duration,48,24,20000,True,-0.0009188761083064878,0.4166666666666667,0.5833333333333333
BPIC14,duration,52,24,20000,True,-0.0011608291855305652,0.375,0.625
BPIC14,duration,49,24,20000,True,-0.00269667946599772,0.20833333333333334,0.7916666666666666
BPIC14,duration,51,24,20000,True,-0.0020287734365210808,0.2916666666666667,0.7083333333333333
BPIC14,duration,50,24,20000,True,0.001414257945209163,0.625,0.625
BPIC14,duration,53,24,20000,True,0.003422818567632935,0.75,0.75
BPIC14,duration,55,24,20000,True,0.00033261474319290496,0.5833333333333334,0.5833333333333334
BPIC14,duration,54,24,20000,True,-0.0004593344423688972,0.375,0.625
BPIC14,duration,57,24,20000,True,-0.0006318063724417566,0.4166666666666667,0.5833333333333333
BPIC14,duration,56,24,20000,True,0.001195206119233072,0.5416666666666666,0.5416666666666666
BPIC14,duration,58,24,20000,True,6.765719345797061e-05,0.5416666666666666,0.5416666666666666
BPIC14,duration,60,24,20000,True,-0.0025225190429774558,0.16666666666666666,0.8333333333333334
BPIC14,duration,59,24,20000,True,-0.0019596064931275414,0.5,0.5
BPIC14,duration,65,24,20000,True,-0.0018122294487793456,0.4166666666666667,0.5833333333333333
BPIC14,duration,61,24,20000,True,-0.0017063067662037579,0.20833333333333334,0.7916666666666666
BPIC14,duration,62,24,20000,True,-0.001026670275992625,0.4166666666666667,0.5833333333333333
BPIC14,duration,63,24,20000,True,-0.0024908979146882615,0.3333333333333333,0.6666666666666667
BPIC14,duration,64,24,20000,True,-0.0036773425727573694,0.25,0.75
BPIC14,duration,66,24,20000,True,-0.0005521236424679832,0.375,0.625
BPIC14,duration,68,24,20000,True,0.0012452513252922959,0.5416666666666666,0.5416666666666666
BPIC14,duration,69,24,20000,True,-0.001017663901060284,0.3333333333333333,0.6666666666666667
BPIC14,duration,67,24,20000,True,0.002290360906931521,0.7083333333333334,0.7083333333333334
BPIC14,duration,70,24,20000,True,-0.0002706869887452168,0.4583333333333333,0.5416666666666667
BPIC14,duration,71,24,20000,True,-0.002227002659223931,0.375,0.625
BPIC14,duration,72,24,20000,True,4.7181485181457816e-05,0.5,0.5
BPIC14,duration,74,24,20000,True,-0.0016146741587547142,0.4166666666666667,0.5833333333333333
BPIC14,duration,75,24,20000,True,-0.00011425955909538654,0.4166666666666667,0.5833333333333333
BPIC14,duration,76,24,20000,True,-0.00045271856439171865,0.3333333333333333,0.6666666666666667
BPIC14,duration,73,24,20000,True,0.0010530107416162893,0.625,0.625
BPIC14,duration,77,24,20000,True,-0.0017832340034641403,0.3333333333333333,0.6666666666666667
BPIC14,duration,78,24,20000,True,0.001707473646180957,0.5833333333333334,0.5833333333333334
BPIC14,duration,80,24,20000,True,-0.0006020665755988586,0.4583333333333333,0.5416666666666667
BPIC14,duration,81,24,20000,True,-0.0022170645903329955,0.16666666666666666,0.8333333333333334
BPIC14,duration,82,24,20000,True,-0.0018603512370441444,0.375,0.625
BPIC14,duration,79,24,20000,True,-0.004046382406757143,0.20833333333333334,0.7916666666666666
BPIC14,duration,83,24,20000,True,-0.0029843801145048587,0.3333333333333333,0.6666666666666667
BPIC14,duration,84,24,20000,True,-0.001095615143109463,0.4166666666666667,0.5833333333333333
BPIC14,duration,85,24,20000,True,0.000728923473368559,0.5833333333333334,0.5833333333333334
BPIC14,duration,86,24,20000,True,0.0017738146439532643,0.6666666666666666,0.6666666666666666
BPIC14,duration,87,24,20000,True,-0.0007098378637940272,0.4583333333333333,0.5416666666666667
BPIC14,duration,88,24,20000,True,8.78050973032174e-05,0.5416666666666666,0.5416666666666666
BPIC14,duration,89,24,20000,True,-0.00017730937440235683,0.4583333333333333,0.5416666666666667
BPIC14,duration,91,24,20000,True,-0.0010547340273492911,0.4583333333333333,0.5416666666666667
BPIC14,duration,90,24,20000,True,-0.002503433433402924,0.25,0.75
BPIC14,duration,92,24,20000,True,-0.0028411320358991965,0.2916666666666667,0.7083333333333333
BPIC14,duration,93,24,20000,True,0.00045692183267209696,0.5833333333333334,0.5833333333333334
BPIC14,duration,94,24,20000,True,-0.0038861037474870463,0.25,0.75
BPIC14,handover,-1,24,20000,True,0.03461394797684142,0.75,0.75
BPIC14,duration,96,24,20000,True,-0.0018033615034756534,0.3333333333333333,0.6666666666666667
BPIC14,duration,95,24,20000,True,-0.0029470609234114598,0.125,0.875
BPIC14,handover,1,24,20000,True,-0.001553834727112735,0.2916666666666667,0.7083333333333333
BPIC14,handover,0,24,20000,True,-0.0025227120575245787,0.25,0.75
BPIC14,duration,97,24,20000,True,-0.0028046565049674177,0.4583333333333333,0.5416666666666667
BPIC14,handover,2,24,20000,True,-0.001234457526408439,0.4166666666666667,0.5833333333333333
BPIC14,handover,3,24,20000,True,0.0032514029489436047,0.6666666666666666,0.6666666666666666
BPIC14,duration,99,24,20000,True,-0.004301715261610439,0.2916666666666667,0.7083333333333333
BPIC14,duration,98,24,20000,True,-0.0004449903084826623,0.4166666666666667,0.5833333333333333
BPIC14,handover,5,24,20000,True,-0.002095180440975397,0.2916666666666667,0.7083333333333333
BPIC14,handover,4,24,20000,True,0.0015300613312552724,0.5833333333333334,0.5833333333333334
BPIC14,handover,7,24,20000,True,-4.883745392636474e-05,0.5,0.5
BPIC14,handover,8,24,20000,True,0.0005305072623238982,0.5416666666666666,0.5416666666666666
BPIC14,handover,6,24,20000,True,0.0036581205985916077,0.6666666666666666,0.6666666666666666
BPIC14,handover,9,24,20000,True,0.0029100187059859506,0.625,0.625
BPIC14,handover,10,24,20000,True,-0.0026711639555171973,0.25,0.75
BPIC14,handover,11,24,20000,True,0.0005264784868332373,0.5416666666666666,0.5416666666666666
BPIC14,handover,13,24,20000,True,-0.0002928312059859439,0.5,0.5
BPIC14,handover,14,24,20000,True,0.0005285816461267911,0.5416666666666666,0.5416666666666666
BPIC14,handover,12,24,20000,True,-0.004299488336267643,0.25,0.75
BPIC14,handover,15,24,20000,True,0.00014486003071656484,0.5416666666666666,0.5416666666666666
BPIC14,handover,16,24,20000,True,0.0034916392819699937,0.6666666666666666,0.6666666666666666
BPIC14,handover,17,24,20000,True,-0.004022002291838467,0.25,0.75
BPIC14,handover,18,24,20000,True,-0.0011225385218834871,0.4166666666666667,0.5833333333333333
BPIC14,handover,19,24,20000,True,-0.005404965153168517,0.08333333333333333,0.9166666666666666
BPIC14,handover,20,24,20000,True,-0.0010599337527987807,0.5,0.5
BPIC14,handover,23,24,20000,True,0.000792574436195792,0.5416666666666666,0.5416666666666666
BPIC14,handover,22,24,20000,True,0.0017941241197182989,0.7083333333333334,0.7083333333333334
BPIC14,handover,24,24,20000,True,0.001998587206418545,0.625,0.625
BPIC14,handover,25,24,20000,True,-0.004619828345070465,0.375,0.625
BPIC14,handover,21,24,20000,True,0.009295610437818402,0.75,0.75
BPIC14,handover,26,24,20000,True,-0.0006101963144896638,0.4583333333333333,0.5416666666666667
BPIC14,handover,29,24,20000,True,-0.0016610101088163076,0.4166666666666667,0.5833333333333333
BPIC14,handover,28,24,20000,True,0.0008721665933097977,0.5833333333333334,0.5833333333333334
BPIC14,handover,27,24,20000,True,0.0008299118604708222,0.5,0.5
BPIC14,handover,30,24,20000,True,-0.002666290713028152,0.2916666666666667,0.7083333333333333
BPIC14,handover,31,24,20000,True,3.427177134113224e-05,0.5,0.5
BPIC14,handover,32,24,20000,True,-0.0012506833176556542,0.4166666666666667,0.5833333333333333
BPIC14,handover,33,24,20000,True,-0.002514442121478888,0.16666666666666666,0.8333333333333334
BPIC14,handover,35,24,20000,True,0.00122630310133931,0.5,0.5
BPIC14,handover,34,24,20000,True,0.00047120092909230804,0.5416666666666666,0.5416666666666666
BPIC14,handover,38,24,20000,True,0.0008011938820421949,0.5416666666666666,0.5416666666666666
BPIC14,handover,36,24,20000,True,-0.0001582914835597249,0.5,0.5
BPIC14,handover,37,24,20000,True,-0.0025825267648366124,0.3333333333333333,0.6666666666666667
BPIC14,handover,40,24,20000,True,-0.003437775088028172,0.3333333333333333,0.6666666666666667
BPIC14,handover,41,24,20000,True,0.0007620743602897995,0.5833333333333334,0.5833333333333334
BPIC14,handover,39,24,20000,True,0.0018766800872392908,0.6666666666666666,0.6666666666666666
BPIC14,handover,42,24,20000,True,-0.0011976167783689373,0.4166666666666667,0.5833333333333333
BPIC14,handover,43,24,20000,True,0.008360059302958023,0.75,0.75
BPIC14,handover,46,24,20000,True,-0.0021866747359155503,0.3333333333333333,0.6666666666666667
BPIC14,handover,45,24,20000,True,-0.0014140231759546262,0.4583333333333333,0.5416666666666667
BPIC14,handover,44,24,20000,True,-0.00029701448526925356,0.5,0.5
BPIC14,handover,48,24,20000,True,0.001225242077464661,0.625,0.625
BPIC14,handover,47,24,20000,True,0.0020261608714788326,0.5833333333333334,0.5833333333333334
BPIC14,handover,49,24,20000,True,0.0002559941266253585,0.5,0.5
BPIC14,handover,50,24,20000,True,0.0023836592310971794,0.75,0.75
BPIC14,handover,52,24,20000,True,0.0024001430457746276,0.5833333333333334,0.5833333333333334
BPIC14,handover,53,24,20000,True,0.000918754664882504,0.5416666666666666,0.5416666666666666
BPIC14,handover,51,24,20000,True,0.0013021403341219595,0.5833333333333334,0.5833333333333334
BPIC14,handover,54,24,20000,True,0.00033579240060360727,0.5416666666666666,0.5416666666666666
BPIC14,handover,56,24,20000,True,-0.0010004951584507982,0.375,0.625
BPIC14,handover,55,24,20000,True,3.542057097960516e-05,0.5,0.5
BPIC14,handover,57,24,20000,True,-0.0059317809068967775,0.125,0.875
BPIC14,handover,58,24,20000,True,0.00028980467165135027,0.5,0.5
BPIC14,handover,59,24,20000,True,0.0007368835126768114,0.5416666666666666,0.5416666666666666
BPIC14,handover,61,24,20000,True,-0.0032566296214788792,0.3333333333333333,0.6666666666666667
BPIC14,handover,60,24,20000,True,0.006548889767191535,0.8333333333333334,0.8333333333333334
BPIC14,handover,64,24,20000,True,-0.002233915853301738,0.4166666666666667,0.5833333333333333
BPIC14,handover,62,24,20000,True,9.315444552987495e-05,0.5416666666666666,0.5416666666666666
BPIC14,handover,65,24,20000,True,-0.002191408778243975,0.375,0.625
BPIC14,handover,63,24,20000,True,0.0004437125031662714,0.5,0.5
BPIC14,handover,66,24,20000,True,0.002283902589035769,0.7916666666666666,0.7916666666666666
BPIC14,handover,68,24,20000,True,0.004238831426056411,0.7083333333333334,0.7083333333333334
BPIC14,handover,67,24,20000,True,-0.0004349141725353278,0.4583333333333333,0.5416666666666667
BPIC14,handover,70,24,20000,True,0.005268210827464814,0.7083333333333334,0.7083333333333334
BPIC14,handover,69,24,20000,True,-0.003624972491197309,0.25,0.75
BPIC14,handover,72,24,20000,True,0.0005933441854114596,0.5416666666666666,0.5416666666666666
BPIC14,handover,71,24,20000,True,-4.60772447182789e-05,0.4583333333333333,0.5416666666666667
BPIC14,handover,73,24,20000,True,0.0027450666414898794,0.625,0.625
BPIC14,handover,75,24,20000,True,0.0016132090042781377,0.5416666666666666,0.5416666666666666
BPIC14,handover,76,24,20000,True,-0.001178380406299473,0.375,0.625
BPIC14,handover,74,24,20000,True,0.0020527576197497677,0.5833333333333334,0.5833333333333334
BPIC14,handover,77,24,20000,True,0.002126705545774654,0.6666666666666666,0.6666666666666666
BPIC14,handover,78,24,20000,True,-0.0002474073215393835,0.5,0.5
BPIC14,handover,79,24,20000,True,0.000540432045097905,0.5416666666666666,0.5416666666666666
BPIC14,handover,82,24,20000,True,-0.005334015984337692,0.125,0.875
BPIC14,handover,80,24,20000,True,-0.001325855911599394,0.3333333333333333,0.6666666666666667
BPIC14,handover,81,24,20000,True,0.0008712037852112164,0.5833333333333334,0.5833333333333334
BPIC14,handover,83,24,20000,True,-0.0013868562940141382,0.4583333333333333,0.5416666666666667
BPIC14,handover,84,24,20000,True,0.0029745268485916188,0.6666666666666666,0.6666666666666666
BPIC14,handover,85,24,20000,True,-1.4105190005941903e-05,0.5,0.5
BPIC14,handover,87,24,20000,True,-1.402948943662885e-05,0.5,0.5
BPIC14,handover,88,24,20000,True,-0.0035334048855700795,0.3333333333333333,0.6666666666666667
BPIC14,handover,86,24,20000,True,-0.001043833493262536,0.4583333333333333,0.5416666666666667
BPIC14,handover,89,24,20000,True,0.0004937830105634644,0.5833333333333334,0.5833333333333334
BPIC14,handover,90,24,20000,True,-0.002678505317479707,0.4166666666666667,0.5833333333333333
BPIC14,handover,91,24,20000,True,-0.005588317214793359,0.20833333333333334,0.7916666666666666
BPIC14,handover,92,24,20000,True,0.0020833735839821954,0.7083333333333334,0.7083333333333334
BPIC14,handover,93,24,20000,True,-0.0008876609757615395,0.4583333333333333,0.5416666666666667
BPIC14,handover,94,24,20000,True,-0.002726397447183171,0.3333333333333333,0.6666666666666667
BPIC14,handover,96,24,20000,True,0.0004067998909475512,0.5,0.5
BPIC14,handover,95,24,20000,True,0.0013443551936618836,0.5416666666666666,0.5416666666666666
BPIC14,handover,97,24,20000,True,0.000590342849660086,0.5416666666666666,0.5416666666666666
BPIC14,handover,98,24,20000,True,0.002876547754845582,0.5833333333333334,0.5833333333333334
BPIC14,handover,99,24,20000,True,-0.0003894514000919447,0.5,0.5
BPIC13_closed,handover,-1,24,1487,False,-0.010277362686746228,0.20833333333333334,0.7916666666666666
BPIC13_closed,handover,0,24,1487,False,-0.008173993776974864,0.375,0.625
BPIC13_closed,handover,1,24,1487,False,-0.004573170731707321,0.4166666666666667,0.5833333333333333
BPIC13_closed,handover,2,24,1487,False,-0.003224430392452182,0.4166666666666667,0.5833333333333333
BPIC13_closed,handover,5,24,1487,False,-0.0010484307359307499,0.5,0.5
BPIC13_closed,handover,3,24,1487,False,-0.008565061262385154,0.20833333333333334,0.7916666666666666
BPIC13_closed,handover,4,24,1487,False,-0.00554274842892738,0.3333333333333333,0.6666666666666667
BPIC13_closed,handover,6,24,1487,False,-0.013052005895840657,0.25,0.75
BPIC13_closed,handover,8,24,1487,False,-0.0065189150343282765,0.2916666666666667,0.7083333333333333
BPIC13_closed,handover,10,24,1487,False,-0.011468437683715471,0.3333333333333333,0.6666666666666667
BPIC13_closed,handover,7,24,1487,False,-0.008759469696969557,0.2916666666666667,0.7083333333333333
BPIC13_closed,handover,9,24,1487,False,-0.007589994505644904,0.375,0.625
BPIC13_closed,handover,11,24,1487,False,-0.009485094850948506,0.2916666666666667,0.7083333333333333
BPIC13_closed,handover,12,24,1487,False,-0.00649350649350644,0.2916666666666667,0.7083333333333333
BPIC13_closed,handover,14,24,1487,False,-0.0022081702298504258,0.4166666666666667,0.5833333333333333
BPIC13_closed,handover,13,24,1487,False,-0.010187694469537378,0.25,0.75
BPIC13_closed,handover,15,24,1487,False,-0.0066182374786711295,0.3333333333333333,0.6666666666666667
BPIC13_closed,handover,16,24,1487,False,-0.02397862554112562,0.041666666666666664,0.9583333333333334
BPIC13_closed,handover,17,24,1487,False,-0.013902708283636434,0.2916666666666667,0.7083333333333333
BPIC13_closed,handover,18,24,1487,False,-0.01055194805194809,0.20833333333333334,0.7916666666666666
BPIC13_closed,handover,20,24,1487,False,-0.009389856103948269,0.2916666666666667,0.7083333333333333
BPIC13_closed,handover,19,24,1487,False,-0.005711330787550373,0.375,0.625
BPIC13_closed,handover,21,24,1487,False,-0.012041214425191349,0.25,0.75
BPIC13_closed,handover,22,24,1487,False,-0.00940022319595496,0.16666666666666666,0.8333333333333334
BPIC13_closed,handover,23,24,1487,False,-0.005715638528138611,0.2916666666666667,0.7083333333333333
BPIC13_closed,handover,24,24,1487,False,-0.0037639265281541046,0.375,0.625
BPIC13_closed,handover,25,24,1487,False,-0.002725557370713172,0.4583333333333333,0.5416666666666667
BPIC13_closed,handover,30,24,1487,False,-0.003156769332243514,0.375,0.625
BPIC13_closed,handover,27,24,1487,False,-0.009203553961345312,0.25,0.75
BPIC13_closed,handover,29,24,1487,False,0.009006640315922076,0.5833333333333334,0.5833333333333334
BPIC13_closed,handover,28,24,1487,False,0.0010893389958430144,0.5,0.5
BPIC13_closed,handover,26,24,1487,False,-0.008404401887633639,0.375,0.625
BPIC13_closed,handover,32,24,1487,False,0.004768668831168776,0.5416666666666666,0.5416666666666666
BPIC13_closed,handover,34,24,1487,False,-0.006956990866204993,0.3333333333333333,0.6666666666666667
BPIC13_closed,handover,31,24,1487,False,-0.013732058616882481,0.375,0.625
BPIC13_closed,handover,33,24,1487,False,-0.0076433982683982715,0.3333333333333333,0.6666666666666667
BPIC13_closed,handover,35,24,1487,False,-0.016734370498767415,0.20833333333333334,0.7916666666666666
BPIC13_closed,handover,36,24,1487,False,-0.006778560788553989,0.4166666666666667,0.5833333333333333
BPIC13_closed,handover,37,24,1487,False,0.004805279534276785,0.625,0.625
BPIC13_closed,handover,39,24,1487,False,-0.009279667562187899,0.2916666666666667,0.7083333333333333
BPIC13_closed,handover,38,24,1487,False,-0.008208027982757049,0.20833333333333334,0.7916666666666666
BPIC13_closed,handover,40,24,1487,False,-0.00835362554112562,0.20833333333333334,0.7916666666666666
BPIC13_closed,handover,42,24,1487,False,0.002861643274922332,0.5833333333333334,0.5833333333333334
BPIC13_closed,handover,41,24,1487,False,-0.00201370069256257,0.375,0.625
BPIC13_closed,handover,45,24,1487,False,-0.007741142226237119,0.16666666666666666,0.8333333333333334
BPIC13_closed,handover,43,24,1487,False,-0.00709277125689739,0.375,0.625
BPIC13_closed,handover,44,24,1487,False,-0.01170183982683981,0.25,0.75
BPIC13_closed,handover,46,24,1487,False,-0.004033674596005177,0.4166666666666667,0.5833333333333333
BPIC13_closed,handover,47,24,1487,False,-0.009435876623376693,0.3333333333333333,0.6666666666666667
BPIC13_closed,handover,48,24,1487,False,-0.011877561017974325,0.2916666666666667,0.7083333333333333
BPIC13_closed,handover,49,24,1487,False,-0.006425865800865793,0.2916666666666667,0.7083333333333333
BPIC13_closed,handover,50,24,1487,False,-0.0024912590546059543,0.3333333333333333,0.6666666666666667
BPIC13_closed,handover,51,24,1487,False,-0.030573593073593086,0.125,0.875
BPIC13_closed,handover,52,24,1487,False,-0.012344426406926456,0.2916666666666667,0.7083333333333333
BPIC13_closed,handover,54,24,1487,False,0.011877286055809011,0.5833333333333334,0.5833333333333334
BPIC13_closed,handover,53,24,1487,False,-0.002873130583157857,0.375,0.625
BPIC13_closed,handover,56,24,1487,False,-0.007402062957618527,0.4166666666666667,0.5833333333333333
BPIC13_closed,handover,55,24,1487,False,-0.00760313158687137,0.3333333333333333,0.6666666666666667
BPIC13_closed,handover,57,24,1487,False,-0.003340871777525012,0.4166666666666667,0.5833333333333333
BPIC13_closed,handover,58,24,1487,False,-0.0029252104540045676,0.4583333333333333,0.5416666666666667
BPIC13_closed,handover,59,24,1487,False,-0.006556564483393756,0.2916666666666667,0.7083333333333333
BPIC13_closed,handover,60,24,1487,False,-0.013194110416332616,0.16666666666666666,0.8333333333333334
BPIC13_closed,handover,61,24,1487,False,-0.013855791591225186,0.25,0.75
BPIC13_closed,handover,62,24,1487,False,-0.006084698856548387,0.2916666666666667,0.7083333333333333
BPIC13_closed,handover,63,24,1487,False,-0.011523888387032055,0.375,0.625
BPIC13_closed,handover,64,24,1487,False,-0.0034060581782465182,0.4166666666666667,0.5833333333333333
BPIC13_closed,handover,65,24,1487,False,-0.008849799860131957,0.375,0.625
BPIC13_closed,handover,67,24,1487,False,-0.018712988055806457,0.041666666666666664,0.9583333333333334
BPIC13_closed,handover,68,24,1487,False,-0.01237824675324678,0.125,0.875
BPIC13_closed,handover,66,24,1487,False,-0.017518939393939392,0.16666666666666666,0.8333333333333334
BPIC13_closed,handover,69,24,1487,False,-0.019045468232460172,0.125,0.875
BPIC13_closed,handover,70,24,1487,False,-0.002409462902349113,0.5,0.5
BPIC13_closed,handover,71,24,1487,False,-0.01648599819331531,0.2916666666666667,0.7083333333333333
BPIC13_closed,handover,72,24,1487,False,-0.015460348581961159,0.4166666666666667,0.5833333333333333
BPIC13_closed,handover,74,24,1487,False,-0.0099932249322493,0.375,0.625
BPIC13_closed,handover,73,24,1487,False,-0.026066372526399595,0.25,0.75
BPIC13_closed,handover,75,24,1487,False,-0.016791623731833738,0.16666666666666666,0.8333333333333334
BPIC13_closed,handover,76,24,1487,False,-0.009943181818181768,0.25,0.75
BPIC13_closed,handover,77,24,1487,False,0.005343614718614664,0.625,0.625
BPIC13_closed,handover,78,24,1487,False,0.0015898312392214065,0.5416666666666666,0.5416666666666666
BPIC13_closed,handover,79,24,1487,False,-0.003972826487223524,0.375,0.625
BPIC13_closed,handover,80,24,1487,False,-0.0027866397065245962,0.4583333333333333,0.5416666666666667
BPIC13_closed,handover,81,24,1487,False,-0.0034496753246752165,0.4166666666666667,0.5833333333333333
BPIC13_closed,handover,82,24,1487,False,-0.01034363875234473,0.3333333333333333,0.6666666666666667
BPIC13_closed,handover,83,24,1487,False,-0.0009295146913711472,0.4583333333333333,0.5416666666666667
BPIC13_closed,handover,84,24,1487,False,-0.016216250125464238,0.2916666666666667,0.7083333333333333
BPIC13_closed,handover,85,24,1487,False,-0.019371675198233462,0.20833333333333334,0.7916666666666666
BPIC13_closed,handover,87,24,1487,False,-0.01113759709626927,0.20833333333333334,0.7916666666666666
BPIC13_closed,handover,86,24,1487,False,0.0033436213991769326,0.625,0.625
BPIC13_closed,handover,88,24,1487,False,-0.008446695142155847,0.375,0.625
BPIC13_closed,handover,91,24,1487,False,-0.0075592191107096696,0.3333333333333333,0.6666666666666667
BPIC13_closed,handover,89,24,1487,False,-0.006540983294032021,0.4166666666666667,0.5833333333333333
BPIC13_closed,handover,90,24,1487,False,-0.011771191395175129,0.20833333333333334,0.7916666666666666
BPIC13_closed,handover,92,24,1487,False,0.0018767593505059077,0.5416666666666666,0.5416666666666666
BPIC13_closed,handover,94,24,1487,False,-0.015320616883116922,0.20833333333333334,0.7916666666666666
BPIC13_closed,handover,93,24,1487,False,-0.00875133285363644,0.3333333333333333,0.6666666666666667
BPIC13_closed,handover,95,24,1487,False,-0.006450999379522371,0.041666666666666664,0.9583333333333334
BPIC13_closed,handover,96,24,1487,False,-0.013048278630934551,0.2916666666666667,0.7083333333333333
BPIC13_closed,handover,99,24,1487,False,-0.003007576898159503,0.3333333333333333,0.6666666666666667
BPIC13_closed,handover,97,24,1487,False,-0.017413506679258783,0.16666666666666666,0.8333333333333334
BPIC13_closed,handover,98,24,1487,False,-0.005478896103896069,0.4166666666666667,0.5833333333333333
BPIC13_incidents,duration,0,24,7554,False,-0.008762967201410954,0.25,0.75
BPIC13_incidents,duration,-1,24,7554,False,0.009817273214659195,0.625,0.625
BPIC13_incidents,duration,2,24,7554,False,-0.007171445712036761,0.041666666666666664,0.9583333333333334
BPIC13_incidents,duration,3,24,7554,False,-0.012553808509674191,0.0,1.0
BPIC13_incidents,duration,1,24,7554,False,-0.00777687962902901,0.16666666666666666,0.8333333333333334
BPIC13_incidents,duration,5,24,7554,False,-0.00877175522287954,0.20833333333333334,0.7916666666666666
BPIC13_incidents,duration,4,24,7554,False,-0.011872079329198038,0.125,0.875
BPIC13_incidents,duration,6,24,7554,False,-0.017143957587566316,0.0,1.0
BPIC13_incidents,duration,7,24,7554,False,-0.010586630653348972,0.16666666666666666,0.8333333333333334
BPIC13_incidents,duration,8,24,7554,False,-0.00887086895076361,0.20833333333333334,0.7916666666666666
BPIC13_incidents,duration,10,24,7554,False,-0.01040437298881658,0.08333333333333333,0.9166666666666666
BPIC13_incidents,duration,9,24,7554,False,-0.0067025948258142565,0.16666666666666666,0.8333333333333334
BPIC13_incidents,duration,11,24,7554,False,-0.01586704276653972,0.125,0.875
BPIC13_incidents,duration,13,24,7554,False,-0.014996295090097977,0.125,0.875
BPIC13_incidents,duration,12,24,7554,False,-0.012643940790310226,0.08333333333333333,0.9166666666666666
BPIC13_incidents,duration,16,24,7554,False,-0.009431417794180608,0.041666666666666664,0.9583333333333334
BPIC13_incidents,duration,17,24,7554,False,-0.010356819524229621,0.25,0.75
BPIC13_incidents,duration,14,24,7554,False,-0.012312928347638696,0.0,1.0
BPIC13_incidents,duration,15,24,7554,False,-0.009844528236492733,0.2916666666666667,0.7083333333333333
BPIC13_incidents,duration,18,24,7554,False,-0.008220599467420875,0.25,0.75
BPIC13_incidents,duration,19,24,7554,False,-0.007270885682614747,0.16666666666666666,0.8333333333333334
BPIC13_incidents,duration,21,24,7554,False,-0.014427113367255162,0.041666666666666664,0.9583333333333334
BPIC13_incidents,duration,22,24,7554,False,-0.009394112778652541,0.4166666666666667,0.5833333333333333
BPIC13_incidents,duration,20,24,7554,False,-0.010480171040956887,0.16666666666666666,0.8333333333333334
BPIC13_incidents,duration,23,24,7554,False,-0.007100678222794976,0.25,0.75
BPIC13_incidents,duration,24,24,7554,False,-0.021038435452402304,0.125,0.875
BPIC13_incidents,duration,25,24,7554,False,-0.014942514139908158,0.125,0.875
BPIC13_incidents,duration,26,24,7554,False,-0.01692808931349582,0.125,0.875
BPIC13_incidents,duration,27,24,7554,False,-0.010687807248827674,0.16666666666666666,0.8333333333333334
BPIC13_incidents,duration,29,24,7554,False,-0.011910372157198978,0.20833333333333334,0.7916666666666666
BPIC13_incidents,duration,28,24,7554,False,-0.015670255410174694,0.0,1.0
BPIC13_incidents,duration,30,24,7554,False,-0.014207881299467151,0.08333333333333333,0.9166666666666666
BPIC13_incidents,duration,31,24,7554,False,-0.011850109503990236,0.125,0.875
BPIC13_incidents,duration,32,24,7554,False,-0.008543658525533515,0.125,0.875
BPIC13_incidents,duration,33,24,7554,False,-0.015040739069768827,0.125,0.875
BPIC13_incidents,duration,34,24,7554,False,-0.011588095917057617,0.125,0.875
BPIC13_incidents,duration,35,24,7554,False,-0.015488665966251758,0.16666666666666666,0.8333333333333334
BPIC13_incidents,duration,36,24,7554,False,-0.01693507295282487,0.08333333333333333,0.9166666666666666
BPIC13_incidents,duration,38,24,7554,False,-0.014050273237105226,0.2916666666666667,0.7083333333333333
BPIC13_incidents,duration,37,24,7554,False,-0.005609651887860834,0.2916666666666667,0.7083333333333333
BPIC13_incidents,duration,40,24,7554,False,-0.005654095867531517,0.25,0.75
BPIC13_incidents,duration,41,24,7554,False,-0.012936932872410656,0.25,0.75
BPIC13_incidents,duration,39,24,7554,False,-0.013441471085739454,0.125,0.875
BPIC13_incidents,duration,42,24,7554,False,-0.017133633170116125,0.25,0.75
BPIC13_incidents,duration,43,24,7554,False,-0.01623544338211974,0.041666666666666664,0.9583333333333334
BPIC13_incidents,duration,45,24,7554,False,-0.009785219085595265,0.375,0.625
BPIC13_incidents,duration,44,24,7554,False,-0.005897711954430951,0.2916666666666667,0.7083333333333333
BPIC13_incidents,duration,46,24,7554,False,-0.01444848694636186,0.125,0.875
BPIC13_incidents,duration,48,24,7554,False,-0.010312888541893939,0.16666666666666666,0.8333333333333334
BPIC13_incidents,duration,47,24,7554,False,-0.012977826445877971,0.20833333333333334,0.7916666666666666
BPIC13_incidents,duration,49,24,7554,False,-0.009424022453217606,0.125,0.875
BPIC13_incidents,duration,50,24,7554,False,-0.016167474738320753,0.0,1.0
BPIC13_incidents,duration,51,24,7554,False,-0.010895871116940736,0.25,0.75
BPIC13_incidents,duration,52,24,7554,False,-0.008903289501660416,0.25,0.75
BPIC13_incidents,duration,53,24,7554,False,-0.011047253619563657,0.08333333333333333,0.9166666666666666
BPIC13_incidents,duration,54,24,7554,False,-0.005904326677442673,0.20833333333333334,0.7916666666666666
BPIC13_incidents,duration,55,24,7554,False,-0.01892926729801986,0.16666666666666666,0.8333333333333334
BPIC13_incidents,duration,57,24,7554,False,-0.016466536771036377,0.08333333333333333,0.9166666666666666
BPIC13_incidents,duration,56,24,7554,False,-0.015280512472698682,0.041666666666666664,0.9583333333333334
BPIC13_incidents,duration,58,24,7554,False,-0.004279124540039925,0.25,0.75
BPIC13_incidents,duration,60,24,7554,False,-0.007723503557025779,0.3333333333333333,0.6666666666666667
BPIC13_incidents,duration,59,24,7554,False,-0.020271683433375876,0.08333333333333333,0.9166666666666666
BPIC13_incidents,duration,62,24,7554,False,-0.015711880510680065,0.041666666666666664,0.9583333333333334
BPIC13_incidents,duration,61,24,7554,False,-0.010636118710811826,0.20833333333333334,0.7916666666666666
BPIC13_incidents,duration,63,24,7554,False,-0.006112646698989588,0.375,0.625
BPIC13_incidents,duration,64,24,7554,False,-0.014918721520083944,0.041666666666666664,0.9583333333333334
BPIC13_incidents,duration,65,24,7554,False,-0.013334093648595224,0.20833333333333334,0.7916666666666666
BPIC13_incidents,duration,66,24,7554,False,-0.013891918217101729,0.0,1.0
BPIC13_incidents,duration,67,24,7554,False,-0.013168761802556106,0.16666666666666666,0.8333333333333334
BPIC13_incidents,duration,69,24,7554,False,-0.006719833250260654,0.2916666666666667,0.7083333333333333
BPIC13_incidents,duration,70,24,7554,False,-0.01609426411983217,0.125,0.875
BPIC13_incidents,duration,68,24,7554,False,-0.010183968462549431,0.20833333333333334,0.7916666666666666
BPIC13_incidents,duration,72,24,7554,False,-0.013148258700381166,0.16666666666666666,0.8333333333333334
BPIC13_incidents,duration,71,24,7554,False,-0.00857175727882209,0.25,0.75
BPIC13_incidents,duration,74,24,7554,False,-0.011137511913974385,0.125,0.875
BPIC13_incidents,duration,73,24,7554,False,-0.012010059359282288,0.25,0.75
BPIC13_incidents,duration,75,24,7554,False,-0.010455539587261198,0.16666666666666666,0.8333333333333334
BPIC13_incidents,duration,76,24,7554,False,-0.014352791081923333,0.2916666666666667,0.7083333333333333
BPIC13_incidents,duration,77,24,7554,False,-0.009484892758786112,0.08333333333333333,0.9166666666666666
BPIC13_incidents,duration,78,24,7554,False,-0.013029595981869757,0.16666666666666666,0.8333333333333334
BPIC13_incidents,duration,79,24,7554,False,-0.011777654612762367,0.125,0.875
BPIC13_incidents,duration,80,24,7554,False,-0.007459865965920798,0.25,0.75
BPIC13_incidents,duration,81,24,7554,False,-0.010629207238915972,0.2916666666666667,0.7083333333333333
BPIC13_incidents,duration,82,24,7554,False,-0.006555417140646558,0.125,0.875
BPIC13_incidents,duration,84,24,7554,False,-0.008330375241399846,0.08333333333333333,0.9166666666666666
BPIC13_incidents,duration,83,24,7554,False,-0.006084343469050624,0.125,0.875
BPIC13_incidents,duration,85,24,7554,False,-0.015780631891218977,0.3333333333333333,0.6666666666666667
BPIC13_incidents,duration,86,24,7554,False,-0.0059556282115904025,0.25,0.75
BPIC13_incidents,duration,87,24,7554,False,-0.01603029572545228,0.0,1.0
BPIC13_incidents,duration,88,24,7554,False,-0.007071004576555351,0.25,0.75
BPIC13_incidents,duration,89,24,7554,False,-0.00994074165061598,0.16666666666666666,0.8333333333333334
BPIC13_incidents,duration,90,24,7554,False,-0.008957142558359776,0.16666666666666666,0.8333333333333334
BPIC13_incidents,duration,91,24,7554,False,-0.013942711336725477,0.16666666666666666,0.8333333333333334
BPIC13_incidents,duration,92,24,7554,False,-0.013815759662875626,0.08333333333333333,0.9166666666666666
BPIC13_incidents,duration,93,24,7554,False,-0.019184778792823154,0.16666666666666666,0.8333333333333334
BPIC13_incidents,duration,94,24,7554,False,-0.012188548646374975,0.041666666666666664,0.9583333333333334
BPIC13_incidents,duration,95,24,7554,False,-0.023340558903585717,0.16666666666666666,0.8333333333333334
BPIC13_incidents,duration,96,24,7554,False,-0.012983991203826928,0.25,0.75
BPIC13_incidents,duration,97,24,7554,False,-0.00919548941739573,0.16666666666666666,0.8333333333333334
BPIC13_incidents,duration,98,24,7554,False,-0.012836840548446138,0.125,0.875
BPIC13_incidents,duration,99,24,7554,False,-0.013025206437176584,0.20833333333333334,0.7916666666666666
BPIC13_incidents,handover,-1,24,7554,False,0.03146935888709257,0.8333333333333334,0.8333333333333334
BPIC13_incidents,handover,0,24,7554,False,-0.008073736492810457,0.125,0.875
BPIC13_incidents,handover,1,24,7554,False,-0.00493126169899899,0.2916666666666667,0.7083333333333333
BPIC13_incidents,handover,2,24,7554,False,-0.006572000039476333,0.16666666666666666,0.8333333333333334
BPIC13_incidents,handover,3,24,7554,False,-0.005798617915487025,0.16666666666666666,0.8333333333333334
BPIC13_incidents,handover,4,24,7554,False,-0.009474526174827191,0.125,0.875
BPIC13_incidents,handover,5,24,7554,False,-0.004564814201059975,0.2916666666666667,0.7083333333333333
BPIC13_incidents,handover,6,24,7554,False,-0.005004251938456272,0.20833333333333334,0.7916666666666666
BPIC13_incidents,handover,7,24,7554,False,-0.00533320989098901,0.2916666666666667,0.7083333333333333
BPIC13_incidents,handover,8,24,7554,False,-0.006659726585827808,0.3333333333333333,0.6666666666666667
BPIC13_incidents,handover,9,24,7554,False,-0.007735239504441438,0.16666666666666666,0.8333333333333334
BPIC13_incidents,handover,10,24,7554,False,-0.008464611648865139,0.16666666666666666,0.8333333333333334
BPIC13_incidents,handover,11,24,7554,False,-0.005316138282698668,0.2916666666666667,0.7083333333333333
BPIC13_incidents,handover,12,24,7554,False,-0.012071968787317588,0.20833333333333334,0.7916666666666666
BPIC13_incidents,handover,13,24,7554,False,-0.005827293990703308,0.3333333333333333,0.6666666666666667
BPIC13_incidents,handover,14,24,7554,False,-0.005989683538564217,0.20833333333333334,0.7916666666666666
BPIC13_incidents,handover,15,24,7554,False,-0.005901929080627366,0.20833333333333334,0.7916666666666666
BPIC13_incidents,handover,16,24,7554,False,-0.007768712545571987,0.16666666666666666,0.8333333333333334
BPIC13_incidents,handover,17,24,7554,False,-0.006399701953095471,0.3333333333333333,0.6666666666666667
BPIC13_incidents,handover,18,24,7554,False,-0.006143601579079394,0.3333333333333333,0.6666666666666667
BPIC13_incidents,handover,19,24,7554,False,-0.0060871528814491205,0.2916666666666667,0.7083333333333333
BPIC13_incidents,handover,20,24,7554,False,-0.00852895804377396,0.20833333333333334,0.7916666666666666
BPIC13_incidents,handover,21,24,7554,False,-0.006704204895732979,0.125,0.875
BPIC13_incidents,handover,22,24,7554,False,-0.006801454947672925,0.20833333333333334,0.7916666666666666
BPIC13_incidents,handover,23,24,7554,False,-0.005511397855485656,0.16666666666666666,0.8333333333333334
BPIC13_incidents,handover,24,24,7554,False,-0.009387572825754475,0.16666666666666666,0.8333333333333334
BPIC13_incidents,handover,25,24,7554,False,-0.013046337082495807,0.16666666666666666,0.8333333333333334
BPIC13_incidents,handover,26,24,7554,False,-0.004037580846853239,0.20833333333333334,0.7916666666666666
BPIC13_incidents,handover,27,24,7554,False,-0.00658145792965964,0.3333333333333333,0.6666666666666667
BPIC13_incidents,handover,28,24,7554,False,-0.005223376258018497,0.20833333333333334,0.7916666666666666
BPIC13_incidents,handover,29,24,7554,False,-0.006355027833489901,0.16666666666666666,0.8333333333333334
BPIC13_incidents,handover,30,24,7554,False,-0.005290615744312721,0.20833333333333334,0.7916666666666666
BPIC13_incidents,handover,31,24,7554,False,-0.008184981528329194,0.20833333333333334,0.7916666666666666
BPIC13_incidents,handover,32,24,7554,False,-0.011208011079712699,0.3333333333333333,0.6666666666666667
BPIC13_incidents,handover,33,24,7554,False,-0.004513058467854714,0.3333333333333333,0.6666666666666667
BPIC13_incidents,handover,34,24,7554,False,-0.0083168429435031,0.25,0.75
BPIC13_incidents,handover,35,24,7554,False,-0.007130837985518723,0.2916666666666667,0.7083333333333333
BPIC13_incidents,handover,36,24,7554,False,0.0003816053082615345,0.5416666666666666,0.5416666666666666
BPIC13_incidents,handover,37,24,7554,False,-0.004385993769306484,0.3333333333333333,0.6666666666666667
BPIC13_incidents,handover,38,24,7554,False,-0.0028943200023685556,0.375,0.625
BPIC13_incidents,handover,39,24,7554,False,-0.006233051536820411,0.125,0.875
BPIC13_incidents,handover,40,24,7554,False,-0.0059858164544261405,0.2916666666666667,0.7083333333333333
BPIC13_incidents,handover,41,24,7554,False,-0.00494154201441549,0.375,0.625
BPIC13_incidents,handover,43,24,7554,False,-0.008168127286650395,0.16666666666666666,0.8333333333333334
BPIC13_incidents,handover,42,24,7554,False,-0.004034818194677936,0.2916666666666667,0.7083333333333333
BPIC13_incidents,handover,44,24,7554,False,-0.007366823623059793,0.16666666666666666,0.8333333333333334
BPIC13_incidents,handover,45,24,7554,False,-0.008514728632616209,0.125,0.875
BPIC13_incidents,handover,46,24,7554,False,-0.008186420772487546,0.2916666666666667,0.7083333333333333
BPIC13_incidents,handover,47,24,7554,False,-0.0035335500149681898,0.375,0.625
BPIC13_incidents,handover,48,24,7554,False,-0.0034501992984754537,0.2916666666666667,0.7083333333333333
BPIC13_incidents,handover,49,24,7554,False,-0.0074876634476104265,0.3333333333333333,0.6666666666666667
BPIC13_incidents,handover,50,24,7554,False,-0.011687958057563952,0.16666666666666666,0.8333333333333334
BPIC13_incidents,handover,51,24,7554,False,-0.003866531801738682,0.25,0.75
BPIC13_incidents,handover,52,24,7554,False,-0.004881916184999613,0.20833333333333334,0.7916666666666666
BPIC13_incidents,handover,53,24,7554,False,-0.004497021175804972,0.2916666666666667,0.7083333333333333
BPIC13_incidents,handover,55,24,7554,False,-0.004629137241555392,0.3333333333333333,0.6666666666666667
BPIC13_incidents,handover,54,24,7554,False,-0.004027153026885388,0.20833333333333334,0.7916666666666666
BPIC13_incidents,handover,57,24,7554,False,-0.010864184338658212,0.16666666666666666,0.8333333333333334
BPIC13_incidents,handover,56,24,7554,False,-0.00839143551877286,0.16666666666666666,0.8333333333333334
BPIC13_incidents,handover,58,24,7554,False,-0.0050122705844812265,0.25,0.75
BPIC13_incidents,handover,59,24,7554,False,-0.010995208550590774,0.08333333333333333,0.9166666666666666
BPIC13_incidents,handover,60,24,7554,False,-0.0051646248589540256,0.2916666666666667,0.7083333333333333
BPIC13_incidents,handover,61,24,7554,False,-0.0029819013883571333,0.3333333333333333,0.6666666666666667
BPIC13_incidents,handover,62,24,7554,False,-0.006480142075513173,0.16666666666666666,0.8333333333333334
BPIC13_incidents,handover,63,24,7554,False,-0.002978765721589005,0.25,0.75
BPIC13_incidents,handover,64,24,7554,False,-0.006255571930955717,0.3333333333333333,0.6666666666666667
BPIC13_incidents,handover,65,24,7554,False,-0.0062151684676254315,0.25,0.75
BPIC13_incidents,handover,67,24,7554,False,-0.006910469667319008,0.16666666666666666,0.8333333333333334
BPIC13_incidents,handover,66,24,7554,False,-0.0089736873270852,0.20833333333333334,0.7916666666666666
BPIC13_incidents,handover,69,24,7554,False,-0.003951547639804043,0.375,0.625
BPIC13_incidents,handover,68,24,7554,False,-0.014263645452225027,0.125,0.875
BPIC13_incidents,handover,70,24,7554,False,-0.006490168728760903,0.16666666666666666,0.8333333333333334
BPIC13_incidents,handover,71,24,7554,False,-0.005389764256406471,0.25,0.75
BPIC13_incidents,handover,72,24,7554,False,-0.00798184249569861,0.125,0.875
BPIC13_incidents,handover,73,24,7554,False,-0.008691968294215147,0.20833333333333334,0.7916666666666666
BPIC13_incidents,handover,74,24,7554,False,-0.010807081170764954,0.20833333333333334,0.7916666666666666
BPIC13_incidents,handover,75,24,7554,False,-0.005866853143878303,0.20833333333333334,0.7916666666666666
BPIC13_incidents,handover,77,24,7554,False,-0.009600394265828482,0.16666666666666666,0.8333333333333334
BPIC13_incidents,handover,76,24,7554,False,-0.0072483866265244945,0.3333333333333333,0.6666666666666667
BPIC13_incidents,handover,78,24,7554,False,-0.007374481460890536,0.16666666666666666,0.8333333333333334
BPIC13_incidents,handover,79,24,7554,False,-0.005692005039821979,0.20833333333333334,0.7916666666666666
BPIC13_incidents,handover,80,24,7554,False,-0.01352375493043928,0.125,0.875
BPIC13_incidents,handover,81,24,7554,False,-0.0012173949516249838,0.375,0.625
BPIC13_incidents,handover,82,24,7554,False,-0.009163647280503062,0.125,0.875
BPIC13_incidents,handover,83,24,7554,False,-0.00650312192618574,0.3333333333333333,0.6666666666666667
BPIC13_incidents,handover,84,24,7554,False,-0.009367289202756646,0.16666666666666666,0.8333333333333334
BPIC13_incidents,handover,85,24,7554,False,-0.00041573595544441844,0.5,0.5
BPIC13_incidents,handover,86,24,7554,False,-0.00978350624599833,0.16666666666666666,0.8333333333333334
BPIC13_incidents,handover,87,24,7554,False,-0.006433010175044995,0.20833333333333334,0.7916666666666666
BPIC13_incidents,handover,88,24,7554,False,-0.006901896620756576,0.16666666666666666,0.8333333333333334
BPIC13_incidents,handover,89,24,7554,False,-0.007164394197226365,0.20833333333333334,0.7916666666666666
BPIC13_incidents,handover,90,24,7554,False,-0.0037276076795437763,0.2916666666666667,0.7083333333333333
BPIC13_incidents,handover,91,24,7554,False,-0.009013780557209583,0.3333333333333333,0.6666666666666667
BPIC13_incidents,handover,93,24,7554,False,-0.009916351144388824,0.125,0.875
BPIC13_incidents,handover,92,24,7554,False,-0.004287469156811274,0.25,0.75
BPIC13_incidents,handover,94,24,7554,False,-0.007824142457209249,0.16666666666666666,0.8333333333333334
BPIC13_incidents,handover,95,24,7554,False,-0.00788975612644649,0.2916666666666667,0.7083333333333333
BPIC13_incidents,handover,96,24,7554,False,-0.005394899174678891,0.125,0.875
BPIC15_1,duration,-1,24,1199,False,0.029511533242876586,0.7916666666666666,0.7916666666666666
BPIC15_1,duration,0,24,1199,False,0.0037798022872649883,0.7916666666666666,0.7916666666666666
BPIC13_incidents,handover,97,24,7554,False,-0.002731479806170778,0.375,0.625
BPIC13_incidents,handover,98,24,7554,False,-0.00770612295361589,0.20833333333333334,0.7916666666666666
BPIC15_1,duration,1,24,1199,False,-0.01102701391352473,0.25,0.75
BPIC15_1,duration,2,24,1199,False,0.0012599340957549776,0.7083333333333334,0.7083333333333334
BPIC13_incidents,handover,99,24,7554,False,-0.0039846502554453656,0.2916666666666667,0.7083333333333333
BPIC15_1,duration,3,24,1199,False,-0.0037000531931537517,0.25,0.75
BPIC15_1,duration,4,24,1199,False,-0.0004178446166619443,0.5,0.5
BPIC15_1,duration,5,24,1199,False,-0.0018504837569889854,0.4583333333333333,0.5416666666666667
BPIC15_1,duration,6,24,1199,False,-0.002315466691698742,0.4583333333333333,0.5416666666666667
BPIC15_1,duration,7,24,1199,False,-0.0012046684814919217,0.4583333333333333,0.5416666666666667
BPIC15_1,duration,8,24,1199,False,-0.0061058344640433915,0.4166666666666667,0.5833333333333333
BPIC15_1,duration,9,24,1199,False,-0.0009537382108489867,0.4166666666666667,0.5833333333333333
BPIC15_1,duration,10,24,1199,False,-0.0008604774867800313,0.4583333333333333,0.5416666666666667
BPIC15_1,duration,11,24,1199,False,-0.007349006011354742,0.4166666666666667,0.5833333333333333
BPIC15_1,duration,12,24,1199,False,-0.005811219976244009,0.375,0.625
BPIC15_1,duration,13,24,1199,False,0.008272774817410122,0.625,0.625
BPIC15_1,duration,14,24,1199,False,0.0005864860131263305,0.5416666666666666,0.5416666666666666
BPIC15_1,duration,15,24,1199,False,0.0062218516175148175,0.7083333333333334,0.7083333333333334
BPIC15_1,duration,16,24,1199,False,-0.001048218029350123,0.375,0.625
BPIC15_1,duration,17,24,1199,False,0.0002596671140742135,0.5416666666666666,0.5416666666666666
BPIC15_1,duration,18,24,1199,False,0.006505392664221177,0.625,0.625
BPIC15_1,duration,19,24,1199,False,-0.0011029756875997054,0.4583333333333333,0.5416666666666667
BPIC15_1,duration,20,24,1199,False,0.0035592477862261274,0.625,0.625
BPIC15_1,duration,21,24,1199,False,0.0013376513658124867,0.5416666666666666,0.5416666666666666
BPIC15_1,duration,22,24,1199,False,0.009718214449276119,0.625,0.625
BPIC15_1,duration,23,24,1199,False,0.001699519229792279,0.625,0.625
BPIC15_1,duration,24,24,1199,False,0.001593254831779245,0.5416666666666666,0.5416666666666666
BPIC15_1,duration,25,24,1199,False,-0.0005207565049863971,0.5,0.5
BPIC15_1,duration,26,24,1199,False,0.013541904136102956,0.75,0.75
BPIC15_1,duration,27,24,1199,False,0.0003207234268907122,0.5416666666666666,0.5416666666666666
BPIC15_1,duration,28,24,1199,False,0.00649350649350644,0.6666666666666666,0.6666666666666666
BPIC15_1,duration,29,24,1199,False,0.0022450639882348744,0.5833333333333334,0.5833333333333334
BPIC15_1,duration,30,24,1199,False,-0.0021067983613745067,0.5,0.5
BPIC15_1,duration,31,24,1199,False,-0.01089535171483913,0.3333333333333333,0.6666666666666667
BPIC15_1,duration,32,24,1199,False,-0.002859081217290116,0.375,0.625
BPIC15_1,duration,34,24,1199,False,0.0025892549829469313,0.5416666666666666,0.5416666666666666
BPIC15_1,duration,33,24,1199,False,0.0015957946118464461,0.7083333333333334,0.7083333333333334
BPIC15_1,duration,35,24,1199,False,0.0020807910134860164,0.5416666666666666,0.5416666666666666
BPIC15_1,duration,36,24,1199,False,0.004744715530409671,0.6666666666666666,0.6666666666666666
BPIC15_1,duration,37,24,1199,False,-0.002557964892518527,0.4583333333333333,0.5416666666666667
BPIC15_1,duration,38,24,1199,False,0.008093263162257724,0.7083333333333334,0.7083333333333334
BPIC15_1,duration,39,24,1199,False,0.0013845865014550096,0.5416666666666666,0.5416666666666666
BPIC15_1,duration,40,24,1199,False,0.003176553725694864,0.5416666666666666,0.5416666666666666
BPIC15_1,duration,41,24,1199,False,0.0021321961620469065,0.625,0.625
BPIC15_1,duration,43,24,1199,False,0.00220432591595654,0.5833333333333334,0.5833333333333334
BPIC15_1,duration,42,24,1199,False,-0.008129328039212569,0.3333333333333333,0.6666666666666667
BPIC15_1,duration,44,24,1199,False,-0.0032425880074429814,0.3333333333333333,0.6666666666666667
BPIC15_1,duration,45,24,1199,False,0.0009691800736576495,0.5416666666666666,0.5416666666666666
BPIC15_1,duration,46,24,1199,False,-0.002127726149128595,0.4166666666666667,0.5833333333333333
BPIC15_1,duration,47,24,1199,False,0.0012359585719203259,0.5833333333333334,0.5833333333333334
BPIC15_1,duration,48,24,1199,False,-0.000384217928571573,0.5,0.5
BPIC15_1,duration,49,24,1199,False,-0.002216720042684639,0.4583333333333333,0.5416666666666667
BPIC15_1,duration,50,24,1199,False,-0.0036875574752229245,0.375,0.625
BPIC15_1,duration,51,24,1199,False,0.005911998449311839,0.625,0.625
BPIC15_1,duration,52,24,1199,False,0.005427408412482959,0.75,0.75
BPIC15_1,duration,53,24,1199,False,0.0031732012160060608,0.5833333333333334,0.5833333333333334
BPIC15_1,duration,55,24,1199,False,0.0013351115857451745,0.5833333333333334,0.5833333333333334
BPIC15_1,duration,54,24,1199,False,-0.004513595544291149,0.375,0.625
BPIC15_1,duration,56,24,1199,False,0.007365768559798314,0.6666666666666666,0.6666666666666666
BPIC15_1,duration,58,24,1199,False,-0.002878688319409184,0.5,0.5
BPIC15_1,duration,57,24,1199,False,-0.00952102592485582,0.2916666666666667,0.7083333333333333
BPIC15_1,duration,59,24,1199,False,-0.001939985606558503,0.4166666666666667,0.5833333333333333
BPIC15_1,duration,60,24,1199,False,0.0005788666729247272,0.5416666666666666,0.5416666666666666
BPIC15_1,duration,61,24,1199,False,-0.005859069432710695,0.375,0.625
BPIC15_1,duration,62,24,1199,False,0.0026167861988756758,0.6666666666666666,0.6666666666666666
BPIC15_1,duration,63,24,1199,False,-0.0014652499163905208,0.4583333333333333,0.5416666666666667
BPIC15_1,duration,64,24,1199,False,-0.0020708350756225014,0.4166666666666667,0.5833333333333333
BPIC15_1,duration,65,24,1199,False,0.005610882124540195,0.625,0.625
BPIC15_1,duration,67,24,1199,False,0.005634349692361373,0.75,0.75
BPIC15_1,duration,66,24,1199,False,0.00029075402209732815,0.5,0.5
BPIC15_1,duration,68,24,1199,False,0.0017445241325838023,0.5833333333333334,0.5833333333333334
BPIC15_1,duration,69,24,1199,False,0.00037375403469458446,0.5833333333333334,0.5833333333333334
BPIC15_1,duration,70,24,1199,False,0.001671683240255406,0.625,0.625
BPIC15_1,duration,71,24,1199,False,-0.0005393476950785181,0.4583333333333333,0.5416666666666667
BPIC15_1,duration,72,24,1199,False,-0.005149353290722081,0.4166666666666667,0.5833333333333333
BPIC15_1,duration,73,24,1199,False,0.0034262649019055624,0.5,0.5
BPIC15_1,duration,74,24,1199,False,-0.004185049594793322,0.375,0.625
BPIC15_1,duration,75,24,1199,False,-0.0008604774867799203,0.4583333333333333,0.5416666666666667
BPIC15_1,duration,76,24,1199,False,0.00037548108514029455,0.5416666666666666,0.5416666666666666
BPIC15_1,duration,77,24,1199,False,-0.0008683000093871462,0.4166666666666667,0.5833333333333333
BPIC15_1,duration,78,24,1199,False,0.0011080552477341632,0.5,0.5
BPIC15_1,duration,79,24,1199,False,-0.0002972558590694785,0.5,0.5
BPIC15_1,duration,80,24,1199,False,-0.0012340283390691598,0.4583333333333333,0.5416666666666667
BPIC15_1,duration,81,24,1199,False,-0.003291656558342071,0.4583333333333333,0.5416666666666667
BPIC15_1,duration,82,24,1199,False,0.001353296411026661,0.5833333333333334,0.5833333333333334
BPIC15_1,duration,83,24,1199,False,0.005615250546255834,0.6666666666666666,0.6666666666666666
BPIC15_1,duration,84,24,1199,False,0.0016243417398021376,0.5833333333333334,0.5833333333333334
BPIC15_1,duration,85,24,1199,False,-0.00014080540692767984,0.5,0.5
BPIC15_1,duration,86,24,1199,False,0.006898753801034774,0.5833333333333334,0.5833333333333334
BPIC15_1,duration,87,24,1199,False,-0.004894359371971357,0.4583333333333333,0.5416666666666667
BPIC15_1,duration,88,24,1199,False,0.002417159485590903,0.6666666666666666,0.6666666666666666
BPIC15_1,duration,89,24,1199,False,0.008722620662919234,0.625,0.625
BPIC15_1,duration,90,24,1199,False,0.0032307018367282447,0.6666666666666666,0.6666666666666666
BPIC15_1,duration,91,24,1199,False,0.008383407637138907,0.7083333333333334,0.7083333333333334
BPIC15_1,duration,92,24,1199,False,0.011346924610793951,0.625,0.625
BPIC15_1,duration,94,24,1199,False,-0.005718264025783015,0.375,0.625
BPIC15_1,duration,93,24,1199,False,0.0048380778456813545,0.5,0.5
BPIC15_1,duration,95,24,1199,False,0.00147845677274,0.5416666666666666,0.5416666666666666
BPIC15_1,duration,96,24,1199,False,-0.0011420883006351135,0.4583333333333333,0.5416666666666667
BPIC15_1,duration,97,24,1199,False,-0.005076106033582717,0.2916666666666667,0.7083333333333333
BPIC15_1,duration,98,24,1199,False,0.011242488854429133,0.6666666666666666,0.6666666666666666
BPIC15_1,handover,-1,24,1199,False,0.0016669203441707636,0.7083333333333334,0.7083333333333334
BPIC15_1,handover,0,24,1199,False,-0.0035384970861286336,0.3333333333333333,0.6666666666666667
BPIC15_1,duration,99,24,1199,False,0.007405389128847362,0.7083333333333334,0.7083333333333334
BPIC15_1,handover,1,24,1199,False,-0.0006708152546243684,0.375,0.625
BPIC15_1,handover,2,24,1199,False,-0.0011070603508830934,0.4583333333333333,0.5416666666666667
BPIC15_1,handover,3,24,1199,False,-0.00047583703263537336,0.4583333333333333,0.5416666666666667
BPIC15_1,handover,4,24,1199,False,-0.0026837502159078874,0.375,0.625
BPIC15_1,handover,5,24,1199,False,-0.0019143947369340553,0.4166666666666667,0.5833333333333333
BPIC15_1,handover,6,24,1199,False,-0.003639529572961764,0.2916666666666667,0.7083333333333333
BPIC15_1,handover,7,24,1199,False,-0.004352038990673157,0.2916666666666667,0.7083333333333333
BPIC15_1,handover,8,24,1199,False,0.002547475683186584,0.625,0.625
BPIC15_1,handover,9,24,1199,False,-0.001241721854304656,0.4166666666666667,0.5833333333333333
BPIC15_1,handover,10,24,1199,False,-0.0054093400319708,0.2916666666666667,0.7083333333333333
BPIC15_1,handover,11,24,1199,False,0.0005280886047043243,0.5,0.5
BPIC15_1,handover,12,24,1199,False,0.0014592824864895215,0.5416666666666666,0.5416666666666666
BPIC15_1,handover,13,24,1199,False,-0.005284601303052694,0.2916666666666667,0.7083333333333333
BPIC15_1,handover,16,24,1199,False,-0.0008913573467032587,0.4583333333333333,0.5416666666666667
BPIC15_1,handover,14,24,1199,False,-0.0004424526147522312,0.4583333333333333,0.5416666666666667
BPIC15_1,handover,17,24,1199,False,-0.0018839917789450489,0.3333333333333333,0.6666666666666667
BPIC15_1,handover,15,24,1199,False,-0.0026027087151497263,0.3333333333333333,0.6666666666666667
BPIC15_1,handover,18,24,1199,False,-0.006150639378371403,0.125,0.875
BPIC15_1,handover,19,24,1199,False,-0.008687947688349296,0.125,0.875
BPIC15_1,handover,20,24,1199,False,7.136332495999431e-05,0.5,0.5
BPIC15_1,handover,21,24,1199,False,-0.003358036127837083,0.375,0.625
BPIC15_1,handover,22,24,1199,False,-0.0043246174925780645,0.375,0.625
BPIC15_1,handover,23,24,1199,False,-0.005635210409359381,0.3333333333333333,0.6666666666666667
BPIC15_1,handover,24,24,1199,False,0.0009263547938860306,0.5833333333333334,0.5833333333333334
BPIC15_1,handover,25,24,1199,False,-0.0023649124981846015,0.375,0.625
BPIC15_1,handover,26,24,1199,False,-0.004747568318666018,0.25,0.75
BPIC15_1,handover,27,24,1199,False,0.0005789717461787136,0.5416666666666666,0.5416666666666666
BPIC15_1,handover,28,24,1199,False,0.00023158869847145214,0.5,0.5
BPIC15_1,handover,29,24,1199,False,-9.990865494396983e-05,0.4166666666666667,0.5833333333333333
BPIC15_1,handover,30,24,1199,False,-0.0017811016641069433,0.4166666666666667,0.5833333333333333
BPIC15_1,handover,31,24,1199,False,-0.002315886984715132,0.25,0.75
BPIC15_1,handover,32,24,1199,False,-0.0023407170586891013,0.4166666666666667,0.5833333333333333
BPIC15_1,handover,33,24,1199,False,-0.0029517047921566175,0.2916666666666667,0.7083333333333333
BPIC15_1,handover,34,24,1199,False,-0.0008073343860509619,0.4166666666666667,0.5833333333333333
BPIC15_1,handover,35,24,1199,False,-0.0027790643816582583,0.2916666666666667,0.7083333333333333
BPIC15_1,handover,36,24,1199,False,0.004168596572487193,0.75,0.75
BPIC15_1,handover,37,24,1199,False,-0.003520998362537331,0.25,0.75
BPIC15_1,handover,38,24,1199,False,-0.0037054191755443444,0.25,0.75
BPIC15_1,handover,41,24,1199,False,-0.0017412651290248937,0.375,0.625
BPIC15_1,handover,40,24,1199,False,0.0006217897411547879,0.5833333333333334,0.5833333333333334
BPIC15_1,handover,39,24,1199,False,-0.012402945878054572,0.125,0.875
BPIC15_1,handover,42,24,1199,False,-0.005409340031970855,0.125,0.875
BPIC15_1,handover,43,24,1199,False,-0.00025690796985622377,0.4583333333333333,0.5416666666666667
BPIC15_1,handover,44,24,1199,False,-0.003311747475556237,0.375,0.625
BPIC15_1,handover,45,24,1199,False,0.003242241778601107,0.7083333333333334,0.7083333333333334
BPIC15_1,handover,46,24,1199,False,7.136332496010533e-05,0.5416666666666666,0.5416666666666666
BPIC15_1,handover,47,24,1199,False,-0.006007912728451248,0.25,0.75
BPIC15_1,handover,48,24,1199,False,-0.0017969873583985607,0.3333333333333333,0.6666666666666667
BPIC15_1,handover,49,24,1199,False,-0.004453071477506454,0.3333333333333333,0.6666666666666667
BPIC15_1,handover,50,24,1199,False,-0.003658885924558264,0.2916666666666667,0.7083333333333333
BPIC15_1,handover,52,24,1199,False,-0.001427266499200719,0.25,0.75
BPIC15_1,handover,51,24,1199,False,-0.005390962075195516,0.16666666666666666,0.8333333333333334
BPIC15_1,handover,53,24,1199,False,0.002770754636454209,0.5416666666666666,0.5416666666666666
BPIC15_1,handover,54,24,1199,False,-0.0030214550878169266,0.375,0.625
BPIC15_1,handover,55,24,1199,False,-0.005651096103651221,0.25,0.75
BPIC15_1,handover,56,24,1199,False,0.0001901391340898284,0.5,0.5
BPIC15_1,handover,57,24,1199,False,-0.004395980817538392,0.25,0.75
BPIC15_1,handover,58,24,1199,False,-0.002226535738753199,0.375,0.625
BPIC15_1,handover,59,24,1199,False,-0.004497991699192516,0.2916666666666667,0.7083333333333333
BPIC15_1,handover,60,24,1199,False,-0.0021694450787851927,0.375,0.625
BPIC15_1,handover,61,24,1199,False,-0.006021306160259476,0.16666666666666666,0.8333333333333334
BPIC15_1,handover,62,24,1199,False,-8.563598995203758e-05,0.4583333333333333,0.5416666666666667
BPIC15_1,handover,63,24,1199,False,-0.005031163990501353,0.375,0.625
BPIC15_1,handover,64,24,1199,False,-0.0014703290928819723,0.3333333333333333,0.6666666666666667
BPIC15_1,handover,65,24,1199,False,-0.0009643337009629938,0.4166666666666667,0.5833333333333333
BPIC15_1,handover,66,24,1199,False,-0.0010626293266073894,0.4166666666666667,0.5833333333333333
BPIC15_1,handover,67,24,1199,False,-0.0009263547938861416,0.4166666666666667,0.5833333333333333
BPIC15_1,handover,68,24,1199,False,-0.003579702051805078,0.3333333333333333,0.6666666666666667
BPIC15_1,handover,69,24,1199,False,-0.0056805206668189,0.25,0.75
BPIC15_1,handover,70,24,1199,False,-0.0016114427135023868,0.3333333333333333,0.6666666666666667
BPIC15_1,handover,71,24,1199,False,-0.0027311627000777827,0.3333333333333333,0.6666666666666667
BPIC15_1,handover,72,24,1199,False,-0.0037965288878739623,0.25,0.75
BPIC15_1,handover,73,24,1199,False,-0.0019938232083924756,0.4583333333333333,0.5416666666666667
BPIC15_1,handover,74,24,1199,False,-0.005326540064844898,0.16666666666666666,0.8333333333333334
BPIC15_1,handover,75,24,1199,False,-0.0002854532998401438,0.5,0.5
BPIC15_1,handover,76,24,1199,False,-0.007178515856501255,0.08333333333333333,0.9166666666666666
BPIC15_1,handover,77,24,1199,False,0.0007343580317911713,0.5833333333333334,0.5833333333333334
BPIC15_1,handover,78,24,1199,False,-0.004564515936253566,0.125,0.875
BPIC15_1,handover,80,24,1199,False,-0.00632811887676904,0.125,0.875
BPIC15_1,handover,79,24,1199,False,-0.007164877825987792,0.2916666666666667,0.7083333333333333
BPIC15_1,handover,81,24,1199,False,-0.0010989952043847229,0.4166666666666667,0.5833333333333333
BPIC15_1,handover,82,24,1199,False,-0.0005138159397122255,0.5,0.5
BPIC15_1,handover,83,24,1199,False,-0.00290243467998208,0.375,0.625
BPIC15_1,handover,84,24,1199,False,-0.0010419045444164388,0.4583333333333333,0.5416666666666667
BPIC15_1,handover,86,24,1199,False,-0.0015621726013276827,0.4166666666666667,0.5833333333333333
BPIC15_1,handover,85,24,1199,False,-0.014937471051412798,0.125,0.875
BPIC15_1,handover,87,24,1199,False,0.0020999393818300627,0.5833333333333334,0.5833333333333334
BPIC15_1,handover,88,24,1199,False,-0.0026614124044175846,0.20833333333333334,0.7916666666666666
BPIC15_1,handover,89,24,1199,False,-0.0009753803073556666,0.4583333333333333,0.5416666666666667
BPIC15_1,handover,90,24,1199,False,-0.0031038650191697603,0.3333333333333333,0.6666666666666667
BPIC15_1,handover,91,24,1199,False,-0.008634962320164419,0.375,0.625
BPIC15_1,handover,92,24,1199,False,-0.0029737980049420187,0.3333333333333333,0.6666666666666667
BPIC15_1,handover,93,24,1199,False,-0.001389532190829157,0.4166666666666667,0.5833333333333333
BPIC15_1,handover,94,24,1199,False,0.00018554464489611844,0.5416666666666666,0.5416666666666666
BPIC15_1,handover,95,24,1199,False,-0.005324193239429287,0.20833333333333334,0.7916666666666666
BPIC15_1,handover,96,24,1199,False,-0.005789717461788024,0.20833333333333334,0.7916666666666666
BPIC15_1,handover,97,24,1199,False,-0.006328363475474275,0.20833333333333334,0.7916666666666666
BPIC15_1,handover,98,24,1199,False,-0.0007771760267671901,0.4583333333333333,0.5416666666666667
BPIC15_1,handover,99,24,1199,False,-0.007307604475907725,0.25,0.75
BPIC15_3,duration,-1,24,1409,False,0.11945224719101119,0.9583333333333334,0.9583333333333334
BPIC15_3,duration,0,24,1409,False,0.0021052861384409094,0.5416666666666666,0.5416666666666666
BPIC15_3,duration,1,24,1409,False,-0.010568820224719194,0.375,0.625
BPIC15_3,duration,2,24,1409,False,0.004742059022302125,0.7083333333333334,0.7083333333333334
BPIC15_3,duration,3,24,1409,False,0.003651685393258358,0.625,0.625
BPIC15_3,duration,4,24,1409,False,0.010334534805136186,0.625,0.625
BPIC15_3,duration,5,24,1409,False,-0.0013342696629213835,0.5,0.5
BPIC15_3,duration,6,24,1409,False,0.0004029259930494744,0.5,0.5
BPIC15_3,duration,7,24,1409,False,-0.006778433496763936,0.4583333333333333,0.5416666666666667
BPIC15_3,duration,8,24,1409,False,0.002282303370786498,0.625,0.625
BPIC15_3,duration,9,24,1409,False,-0.0012446496958775088,0.4583333333333333,0.5416666666666667
BPIC15_3,duration,10,24,1409,False,-0.0024162903629980637,0.4166666666666667,0.5833333333333333
BPIC15_3,duration,11,24,1409,False,0.015932642487046622,0.7916666666666666,0.7916666666666666
BPIC15_3,duration,12,24,1409,False,7.022471910117511e-05,0.5,0.5
BPIC15_3,duration,13,24,1409,False,-0.0020021717615315016,0.375,0.625
BPIC15_3,duration,14,24,1409,False,-0.000760796793487728,0.5,0.5
BPIC15_3,duration,15,24,1409,False,0.013531760746802401,0.7083333333333334,0.7083333333333334
BPIC15_3,duration,16,24,1409,False,-0.0027197168357080415,0.375,0.625
BPIC15_3,duration,17,24,1409,False,-0.004032439738679949,0.375,0.625
BPIC15_3,duration,19,24,1409,False,-0.015397382685643668,0.25,0.75
BPIC15_3,duration,18,24,1409,False,0.00809024675311526,0.75,0.75
BPIC15_3,duration,20,24,1409,False,0.006611849515656687,0.5833333333333334,0.5833333333333334
BPIC15_3,duration,21,24,1409,False,0.009182692794459657,0.6666666666666666,0.6666666666666666
BPIC15_3,duration,22,24,1409,False,0.008090317942850866,0.5833333333333334,0.5833333333333334
BPIC15_3,duration,23,24,1409,False,0.005196629213483239,0.75,0.75
BPIC15_3,duration,24,24,1409,False,0.003236807434612965,0.5833333333333334,0.5833333333333334
BPIC15_3,duration,25,24,1409,False,0.003758208967502008,0.5833333333333334,0.5833333333333334
BPIC15_3,duration,26,24,1409,False,0.0018258426966292762,0.5833333333333334,0.5833333333333334
BPIC15_3,duration,27,24,1409,False,0.00098314606741573,0.5,0.5
BPIC15_3,duration,28,24,1409,False,0.003784216950877106,0.5833333333333334,0.5833333333333334
BPIC15_3,duration,29,24,1409,False,0.0035255688218067682,0.5833333333333334,0.5833333333333334
BPIC15_3,duration,30,24,1409,False,0.0032023199627409515,0.5833333333333334,0.5833333333333334
BPIC15_3,duration,31,24,1409,False,0.003476123595505587,0.5833333333333334,0.5833333333333334
BPIC15_3,duration,32,24,1409,False,0.0029893519139597147,0.5416666666666666,0.5416666666666666
BPIC15_3,duration,33,24,1409,False,0.004424157303370868,0.625,0.625
BPIC15_3,duration,34,24,1409,False,0.0033048015420013566,0.5,0.5
BPIC15_3,duration,36,24,1409,False,0.0012709978079889495,0.5,0.5
BPIC15_3,duration,35,24,1409,False,0.008356741573033732,0.6666666666666666,0.6666666666666666
BPIC15_3,duration,37,24,1409,False,0.003581460674157211,0.5833333333333334,0.5833333333333334
BPIC15_3,duration,38,24,1409,False,0.0038623595505617447,0.6666666666666666,0.6666666666666666
BPIC15_3,duration,39,24,1409,False,0.005177447534746971,0.5833333333333334,0.5833333333333334
BPIC15_3,duration,41,24,1409,False,0.00775983146067416,0.75,0.75
BPIC15_3,duration,40,24,1409,False,0.002764004761169503,0.5416666666666666,0.5416666666666666
BPIC15_3,duration,42,24,1409,False,0.0027587920905356444,0.5833333333333334,0.5833333333333334
BPIC15_3,duration,43,24,1409,False,0.002428527087536131,0.625,0.625
BPIC15_3,duration,44,24,1409,False,0.00098314606741573,0.5,0.5
BPIC15_3,duration,45,24,1409,False,0.0025280898876404723,0.6666666666666666,0.6666666666666666
BPIC15_3,duration,46,24,1409,False,-0.007972048062246884,0.375,0.625
BPIC15_3,duration,47,24,1409,False,-0.0001715989024757003,0.4583333333333333,0.5416666666666667
BPIC15_3,duration,48,24,1409,False,-0.004599719101123612,0.375,0.625
BPIC15_3,duration,49,24,1409,False,-0.005620635278215824,0.4583333333333333,0.5416666666666667
BPIC15_3,duration,50,24,1409,False,0.0021418539325843144,0.5416666666666666,0.5416666666666666
BPIC15_3,duration,51,24,1409,False,0.009199438202247168,0.5833333333333334,0.5833333333333334
BPIC15_3,duration,53,24,1409,False,0.006706539773863485,0.625,0.625
BPIC15_3,duration,52,24,1409,False,0.002607569272358612,0.5833333333333334,0.5833333333333334
BPIC15_3,duration,55,24,1409,False,0.00098314606741573,0.5416666666666666,0.5416666666666666
BPIC15_3,duration,54,24,1409,False,-0.00604065471775958,0.3333333333333333,0.6666666666666667
BPIC15_3,duration,56,24,1409,False,0.002141853932584259,0.7083333333333334,0.7083333333333334
BPIC15_3,duration,57,24,1409,False,0.01026798031239945,0.5833333333333334,0.5833333333333334
BPIC15_3,duration,58,24,1409,False,-0.0016974243237291575,0.4583333333333333,0.5416666666666667
BPIC15_3,duration,59,24,1409,False,0.004643461238612812,0.7083333333333334,0.7083333333333334
BPIC15_3,duration,60,24,1409,False,-7.321468799265096e-05,0.5,0.5
BPIC15_3,duration,61,24,1409,False,0.004242275439098275,0.6666666666666666,0.6666666666666666
BPIC15_3,duration,62,24,1409,False,0.006927710462170111,0.6666666666666666,0.6666666666666666
BPIC15_3,duration,63,24,1409,False,-0.00131000978305168,0.5,0.5
BPIC15_3,duration,64,24,1409,False,-0.0022414958323945244,0.4583333333333333,0.5416666666666667
BPIC15_3,duration,65,24,1409,False,-0.0012446496958773978,0.4166666666666667,0.5833333333333333
BPIC15_3,duration,67,24,1409,False,3.837917741367214e-05,0.5,0.5
BPIC15_3,duration,66,24,1409,False,0.003135781289945294,0.625,0.625
BPIC15_3,duration,68,24,1409,False,0.004210564366911362,0.5416666666666666,0.5416666666666666
BPIC15_3,duration,69,24,1409,False,0.02047050561797753,0.7083333333333334,0.7083333333333334
BPIC15_3,duration,70,24,1409,False,0.01562500000000011,0.7083333333333334,0.7083333333333334
BPIC15_3,duration,71,24,1409,False,0.004764586618607847,0.6666666666666666,0.6666666666666666
BPIC15_3,duration,72,24,1409,False,-0.00479274611398961,0.375,0.625
BPIC15_3,duration,73,24,1409,False,0.01358848314606742,0.5416666666666666,0.5416666666666666
BPIC15_3,duration,74,24,1409,False,0.022085674157303448,0.9166666666666666,0.9166666666666666
BPIC15_3,duration,75,24,1409,False,-0.001053370786516905,0.4583333333333333,0.5416666666666667
BPIC15_3,duration,77,24,1409,False,0.003392831604952018,0.5833333333333334,0.5833333333333334
BPIC15_3,duration,76,24,1409,False,0.0015098314606741825,0.625,0.625
BPIC15_3,duration,78,24,1409,False,-0.0015449438202247978,0.4583333333333333,0.5416666666666667
BPIC15_3,duration,79,24,1409,False,-0.0057436274112754315,0.375,0.625
BPIC15_3,duration,80,24,1409,False,-0.0039309231758341,0.375,0.625
BPIC15_3,duration,81,24,1409,False,0.0031060239804996947,0.5833333333333334,0.5833333333333334
BPIC15_3,duration,82,24,1409,False,-0.0015800561797752466,0.5,0.5
BPIC15_3,duration,84,24,1409,False,-0.0032439738679881924,0.4166666666666667,0.5833333333333333
BPIC15_3,duration,83,24,1409,False,0.008787692591964436,0.625,0.625
BPIC15_3,duration,85,24,1409,False,0.010358146067415697,0.5833333333333334,0.5833333333333334
BPIC15_3,duration,86,24,1409,False,0.0008778089887640506,0.5,0.5
BPIC15_3,duration,87,24,1409,False,0.0054340786213112335,0.5833333333333334,0.5833333333333334
BPIC15_3,duration,88,24,1409,False,0.006636235955056136,0.5833333333333334,0.5833333333333334
BPIC15_3,duration,89,24,1409,False,-0.006179775280898914,0.4166666666666667,0.5833333333333333
BPIC15_3,duration,90,24,1409,False,0.003587519711646836,0.625,0.625
BPIC15_3,duration,91,24,1409,False,0.01260533707865169,0.6666666666666666,0.6666666666666666
BPIC15_3,duration,92,24,1409,False,0.0028610047307952025,0.6666666666666666,0.6666666666666666
BPIC15_3,duration,93,24,1409,False,0.0005688218067133599,0.5416666666666666,0.5416666666666666
BPIC15_3,duration,94,24,1409,False,0.003099624814273949,0.625,0.625
BPIC15_3,duration,96,24,1409,False,0.0010250056318990564,0.5416666666666666,0.5416666666666666
BPIC15_3,duration,95,24,1409,False,0.0014747191011235672,0.5833333333333334,0.5833333333333334
BPIC15_3,duration,97,24,1409,False,-0.0003345759369833834,0.4583333333333333,0.5416666666666667
BPIC15_3,duration,98,24,1409,False,-0.0056262671772921435,0.4166666666666667,0.5833333333333333
BPIC15_3,duration,99,24,1409,False,0.00252364448415604,0.625,0.625
BPIC15_3,handover,-1,24,1409,False,0.02344038390550024,0.625,0.625
BPIC15_3,handover,0,24,1409,False,-0.0050728364594568864,0.25,0.75
BPIC15_3,handover,1,24,1409,False,-0.0014287244336882443,0.3333333333333333,0.6666666666666667
BPIC15_3,handover,2,24,1409,False,-0.009689922480620061,0.25,0.75
BPIC15_3,handover,3,24,1409,False,-0.01836471022517533,0.25,0.75
BPIC15_3,handover,4,24,1409,False,-0.004029010252065757,0.25,0.75
BPIC15_3,handover,5,24,1409,False,-0.009182355112587692,0.20833333333333334,0.7916666666666666
BPIC15_3,handover,6,24,1409,False,-0.003737541528239241,0.375,0.625
BPIC15_3,handover,7,24,1409,False,-0.010154124343282722,0.2916666666666667,0.7083333333333333
BPIC15_3,handover,8,24,1409,False,-0.003183831672203763,0.3333333333333333,0.6666666666666667
BPIC15_3,handover,9,24,1409,False,-0.0024590452287944764,0.375,0.625
BPIC15_3,handover,10,24,1409,False,-0.004654740941856139,0.4166666666666667,0.5833333333333333
BPIC15_3,handover,11,24,1409,False,-0.0017134464751958345,0.3333333333333333,0.6666666666666667
BPIC15_3,handover,12,24,1409,False,-0.013658176448874126,0.125,0.875
BPIC15_3,handover,13,24,1409,False,-0.023371627984081655,0.25,0.75
BPIC15_3,handover,14,24,1409,False,-0.003116840731070436,0.3333333333333333,0.6666666666666667
BPIC15_3,handover,15,24,1409,False,-0.009043927648578698,0.4166666666666667,0.5833333333333333
BPIC15_3,handover,16,24,1409,False,-0.00821336286452562,0.2916666666666667,0.7083333333333333
BPIC15_3,handover,17,24,1409,False,-0.004820739446020295,0.375,0.625
BPIC15_3,handover,18,24,1409,False,-0.011286862185520219,0.25,0.75
BPIC15_3,handover,19,24,1409,False,0.002317232375979028,0.5833333333333334,0.5833333333333334
BPIC15_3,handover,20,24,1409,False,0.004337393872277606,0.5833333333333334,0.5833333333333334
BPIC15_3,handover,21,24,1409,False,0.0005548302872063204,0.5,0.5
BPIC15_3,handover,22,24,1409,False,-0.0032637075718014996,0.4166666666666667,0.5833333333333333
BPIC15_3,handover,23,24,1409,False,-0.00970953002610958,0.25,0.75
BPIC15_3,handover,24,24,1409,False,-0.004695257178710943,0.4583333333333333,0.5416666666666667
BPIC15_3,handover,25,24,1409,False,-0.002687504758820458,0.4583333333333333,0.5416666666666667
BPIC15_3,handover,26,24,1409,False,-0.0045911594848234705,0.2916666666666667,0.7083333333333333
BPIC15_3,handover,27,24,1409,False,-0.005352528608342455,0.25,0.75
BPIC15_3,handover,28,24,1409,False,-0.0153479492977186,0.125,0.875
BPIC15_3,handover,29,24,1409,False,-0.0019222141262034698,0.4166666666666667,0.5833333333333333
BPIC15_3,handover,30,24,1409,False,-0.004706533776301369,0.3333333333333333,0.6666666666666667
BPIC15_3,handover,31,24,1409,False,-0.014134727149709814,0.125,0.875
BPIC15_3,handover,32,24,1409,False,-0.005471788265977329,0.4166666666666667,0.5833333333333333
BPIC15_3,handover,33,24,1409,False,-0.005767811000369105,0.4583333333333333,0.5416666666666667
BPIC15_3,handover,34,24,1409,False,-0.0007343342036553735,0.4583333333333333,0.5416666666666667
BPIC15_3,handover,36,24,1409,False,-0.005629383536360277,0.2916666666666667,0.7083333333333333
BPIC15_3,handover,35,24,1409,False,-0.005670996109091941,0.25,0.75
BPIC15_3,handover,37,24,1409,False,-0.0027629109813820385,0.3333333333333333,0.6666666666666667
BPIC15_3,handover,38,24,1409,False,-0.014304171280915434,0.25,0.75
BPIC15_3,handover,39,24,1409,False,-0.00409991065464993,0.375,0.625
BPIC15_3,handover,40,24,1409,False,-0.005306386120339568,0.2916666666666667,0.7083333333333333
BPIC15_3,handover,41,24,1409,False,-0.0026109660574413773,0.4166666666666667,0.5833333333333333
BPIC15_3,handover,43,24,1409,False,-0.0030515665796345126,0.4583333333333333,0.5416666666666667
BPIC15_3,handover,42,24,1409,False,-0.003559145995314039,0.2916666666666667,0.7083333333333333
BPIC15_3,handover,44,24,1409,False,-0.027994852281390592,0.125,0.875
BPIC15_3,handover,45,24,1409,False,-0.009940290656712425,0.16666666666666666,0.8333333333333334
BPIC15_3,handover,46,24,1409,False,-0.004365513080371364,0.125,0.875
BPIC15_3,handover,47,24,1409,False,-0.0008975195822453763,0.4583333333333333,0.5416666666666667
BPIC15_3,handover,48,24,1409,False,-0.010639686684073113,0.16666666666666666,0.8333333333333334
BPIC15_3,handover,49,24,1409,False,-0.008452478538321595,0.16666666666666666,0.8333333333333334
BPIC15_3,handover,50,24,1409,False,-0.0055455138417824235,0.20833333333333334,0.7916666666666666
BPIC15_3,handover,51,24,1409,False,-0.02138074226998876,0.20833333333333334,0.7916666666666666
BPIC15_3,handover,52,24,1409,False,-0.004568106312292375,0.2916666666666667,0.7083333333333333
BPIC15_3,handover,53,24,1409,False,-0.005860095976374935,0.3333333333333333,0.6666666666666667
BPIC15_3,handover,54,24,1409,False,0.0019081484983330954,0.625,0.625
BPIC15_3,handover,56,24,1409,False,-0.0056298955613577895,0.4583333333333333,0.5416666666666667
BPIC15_3,handover,55,24,1409,False,-0.0035084856396867536,0.2916666666666667,0.7083333333333333
BPIC15_3,handover,57,24,1409,False,-0.00634794737009492,0.2916666666666667,0.7083333333333333
BPIC15_3,handover,58,24,1409,False,-0.006431220706146212,0.25,0.75
BPIC15_3,handover,59,24,1409,False,-0.0037375415282391855,0.4583333333333333,0.5416666666666667
BPIC15_3,handover,60,24,1409,False,-0.007567368032484312,0.16666666666666666,0.8333333333333334
BPIC15_3,handover,61,24,1409,False,-0.012827611664820993,0.20833333333333334,0.7916666666666666
BPIC15_3,handover,62,24,1409,False,-0.002091598019174079,0.4166666666666667,0.5833333333333333
BPIC15_3,handover,63,24,1409,False,-0.006367663344407637,0.125,0.875
BPIC15_3,handover,64,24,1409,False,-0.002434287314213246,0.4166666666666667,0.5833333333333333
BPIC15_3,handover,65,24,1409,False,-0.0026762643041712275,0.4166666666666667,0.5833333333333333
BPIC15_3,handover,66,24,1409,False,-0.0022497173622013644,0.4166666666666667,0.5833333333333333
BPIC15_3,handover,67,24,1409,False,-0.009043927648578809,0.16666666666666666,0.8333333333333334
BPIC15_3,handover,68,24,1409,False,-0.002695383919957328,0.375,0.625
BPIC15_3,handover,69,24,1409,False,-0.0019075882827477852,0.375,0.625
BPIC15_3,handover,70,24,1409,False,-0.0016149870801032695,0.4166666666666667,0.5833333333333333
BPIC15_3,handover,71,24,1409,False,-0.006462140992167131,0.2916666666666667,0.7083333333333333
BPIC15_3,handover,72,24,1409,False,-0.0013313734221196971,0.4166666666666667,0.5833333333333333
BPIC15_3,handover,73,24,1409,False,-0.0055972584856398,0.3333333333333333,0.6666666666666667
BPIC15_3,handover,74,24,1409,False,-0.009023639411033735,0.25,0.75
BPIC15_3,handover,75,24,1409,False,-0.007278652195996882,0.2916666666666667,0.7083333333333333
BPIC15_3,handover,76,24,1409,False,-0.0009650466436701421,0.4166666666666667,0.5833333333333333
BPIC15_3,handover,77,24,1409,False,-0.005002496272458079,0.375,0.625
BPIC15_3,handover,78,24,1409,False,-0.011517598720829081,0.375,0.625
BPIC15_3,handover,79,24,1409,False,-0.01905684754521958,0.20833333333333334,0.7916666666666666
BPIC15_3,handover,80,24,1409,False,-0.010786553524804288,0.08333333333333333,0.9166666666666666
BPIC15_3,handover,81,24,1409,False,-0.008757452674432897,0.2916666666666667,0.7083333333333333
BPIC15_3,handover,82,24,1409,False,-0.007392297650130553,0.2916666666666667,0.7083333333333333
BPIC15_3,handover,83,24,1409,False,-0.0008648825065273869,0.4583333333333333,0.5416666666666667
BPIC15_3,handover,84,24,1409,False,-0.0074041465109532245,0.25,0.75
BPIC15_3,handover,85,24,1409,False,-0.01323832799863528,0.125,0.875
BPIC15_3,handover,86,24,1409,False,-0.00533674619077501,0.25,0.75
BPIC15_3,handover,87,24,1409,False,-0.020810262089331844,0.20833333333333334,0.7916666666666666
BPIC15_3,handover,88,24,1409,False,-0.006478459530026237,0.20833333333333334,0.7916666666666666
BPIC15_3,handover,89,24,1409,False,-0.009689922480620117,0.375,0.625
BPIC15_3,handover,91,24,1409,False,0.0036851884782085897,0.5416666666666666,0.5416666666666666
BPIC15_3,handover,90,24,1409,False,-0.009689922480620172,0.2916666666666667,0.7083333333333333
BPIC15_3,handover,92,24,1409,False,-0.0037836840162421836,0.375,0.625
BPIC15_3,handover,93,24,1409,False,-0.0018935226548772999,0.375,0.625
BPIC15_3,handover,94,24,1409,False,-0.0029699738903394834,0.4583333333333333,0.5416666666666667
BPIC15_3,handover,95,24,1409,False,-0.0003044259681730388,0.4583333333333333,0.5416666666666667
BPIC15_3,handover,96,24,1409,False,-0.0072651588313589754,0.25,0.75
BPIC15_3,handover,98,24,1409,False,-0.00701926033230299,0.20833333333333334,0.7916666666666666
BPIC15_3,handover,97,24,1409,False,-0.000401776979741697,0.4583333333333333,0.5416666666666667
BPIC15_4,duration,-1,24,1053,False,-0.02997256515775032,0.3333333333333333,0.6666666666666667
BPIC15_3,handover,99,24,1409,False,-0.003198433420365465,0.4166666666666667,0.5833333333333333
BPIC15_4,duration,0,24,1053,False,0.0007917384771099489,0.5416666666666666,0.5416666666666666
BPIC15_4,duration,1,24,1053,False,0.0025582063811440126,0.5416666666666666,0.5416666666666666
BPIC15_4,duration,2,24,1053,False,-0.009807956104252391,0.25,0.75
BPIC15_4,duration,3,24,1053,False,-0.01343776947398681,0.25,0.75
BPIC15_4,duration,4,24,1053,False,0.008060966228489869,0.75,0.75
BPIC15_4,duration,5,24,1053,False,-0.013991769547325061,0.20833333333333334,0.7916666666666666
BPIC15_4,duration,6,24,1053,False,0.0035665294924553947,0.5416666666666666,0.5416666666666666
BPIC15_4,duration,8,24,1053,False,0.0016788167768121143,0.5416666666666666,0.5416666666666666
BPIC15_4,duration,7,24,1053,False,0.0018212547871985507,0.5416666666666666,0.5416666666666666
BPIC15_4,duration,9,24,1053,False,-0.002674897119341657,0.4583333333333333,0.5416666666666667
BPIC15_4,duration,10,24,1053,False,-0.016010347801092256,0.16666666666666666,0.8333333333333334
BPIC15_4,duration,11,24,1053,False,-0.00039060543941685233,0.5,0.5
BPIC15_4,duration,12,24,1053,False,-0.009739368998628262,0.16666666666666666,0.8333333333333334
BPIC15_4,duration,13,24,1053,False,-0.007114113250934223,0.375,0.625
BPIC15_4,duration,14,24,1053,False,-0.003840877914951968,0.3333333333333333,0.6666666666666667
BPIC15_4,duration,15,24,1053,False,-0.006858710562414216,0.375,0.625
BPIC15_4,duration,16,24,1053,False,-0.012910581261427023,0.08333333333333333,0.9166666666666666
BPIC15_4,duration,17,24,1053,False,-0.0028169014084507005,0.4583333333333333,0.5416666666666667
BPIC15_4,duration,18,24,1053,False,-0.011957459039954071,0.20833333333333334,0.7916666666666666
BPIC15_4,duration,20,24,1053,False,-0.007007969825616467,0.3333333333333333,0.6666666666666667
BPIC15_4,duration,19,24,1053,False,-0.0002729289710435845,0.5,0.5
BPIC15_4,duration,21,24,1053,False,-0.0031550068587107294,0.4166666666666667,0.5833333333333333
BPIC15_4,duration,22,24,1053,False,-0.0008230452674896638,0.4583333333333333,0.5416666666666667
BPIC15_4,duration,23,24,1053,False,-0.01866121281875055,0.3333333333333333,0.6666666666666667
BPIC15_4,duration,24,24,1053,False,0.00654351348143728,0.6666666666666666,0.6666666666666666
BPIC15_4,duration,25,24,1053,False,-0.007397865539306797,0.375,0.625
BPIC15_4,duration,26,24,1053,False,-0.010722201127596365,0.375,0.625
BPIC15_4,duration,27,24,1053,False,0.0074759945130316585,0.6666666666666666,0.6666666666666666
BPIC15_4,duration,28,24,1053,False,-0.007296690194074501,0.2916666666666667,0.7083333333333333
BPIC15_4,duration,29,24,1053,False,-0.008335728657660302,0.375,0.625
BPIC15_4,duration,30,24,1053,False,-0.009259259259259245,0.3333333333333333,0.6666666666666667
BPIC15_4,duration,32,24,1053,False,-0.00910940855795167,0.20833333333333334,0.7916666666666666
BPIC15_4,duration,31,24,1053,False,0.0019258407588387538,0.5833333333333334,0.5833333333333334
BPIC15_4,duration,33,24,1053,False,-0.014128943758573376,0.3333333333333333,0.6666666666666667
BPIC15_4,duration,34,24,1053,False,-0.016251989696359603,0.25,0.75
BPIC15_4,duration,35,24,1053,False,0.0030037367059500275,0.625,0.625
BPIC15_4,duration,36,24,1053,False,-0.007909420071280149,0.2916666666666667,0.7083333333333333
BPIC15_4,duration,37,24,1053,False,-0.013168724279835398,0.3333333333333333,0.6666666666666667
BPIC15_4,duration,38,24,1053,False,-0.00384685143981664,0.3333333333333333,0.6666666666666667
BPIC15_4,duration,39,24,1053,False,0.00037751494268375985,0.5,0.5
BPIC15_4,duration,40,24,1053,False,-0.015004311583788371,0.2916666666666667,0.7083333333333333
BPIC15_4,duration,41,24,1053,False,0.003608501883336085,0.6666666666666666,0.6666666666666666
BPIC15_4,duration,42,24,1053,False,0.007940155138157962,0.75,0.75
BPIC15_4,duration,43,24,1053,False,-0.002242023569991425,0.3333333333333333,0.6666666666666667
BPIC15_4,duration,44,24,1053,False,0.004038516815176724,0.5833333333333334,0.5833333333333334
BPIC15_4,duration,45,24,1053,False,0.0017146776406035125,0.5,0.5
BPIC15_4,duration,46,24,1053,False,0.0009602194787379781,0.5416666666666666,0.5416666666666666
BPIC15_4,duration,47,24,1053,False,0.0042421489548696845,0.625,0.625
BPIC15_4,duration,48,24,1053,False,-0.005763150330554773,0.4166666666666667,0.5833333333333333
BPIC15_4,duration,49,24,1053,False,-0.0013365909744178783,0.4583333333333333,0.5416666666666667
BPIC15_4,duration,50,24,1053,False,0.0025953486941637516,0.5416666666666666,0.5416666666666666
BPIC15_4,duration,51,24,1053,False,-0.000349480776487221,0.4583333333333333,0.5416666666666667
BPIC15_4,duration,52,24,1053,False,-0.001471774010711302,0.4166666666666667,0.5833333333333333
BPIC15_4,duration,53,24,1053,False,-0.01220850480109742,0.2916666666666667,0.7083333333333333
BPIC15_4,duration,54,24,1053,False,-0.0007753753561935417,0.4583333333333333,0.5416666666666667
BPIC15_4,duration,55,24,1053,False,-0.006034659850145285,0.375,0.625
BPIC15_4,duration,56,24,1053,False,0.009959758551307901,0.75,0.75
BPIC15_4,duration,57,24,1053,False,-0.018666338615664246,0.3333333333333333,0.6666666666666667
BPIC15_4,duration,58,24,1053,False,-0.0020576131687242705,0.4166666666666667,0.5833333333333333
BPIC15_4,duration,59,24,1053,False,-0.008391520985604084,0.25,0.75
BPIC15_4,duration,60,24,1053,False,0.004699626329405127,0.5416666666666666,0.5416666666666666
BPIC15_4,duration,61,24,1053,False,-0.015157750342935483,0.3333333333333333,0.6666666666666667
BPIC15_4,duration,62,24,1053,False,-0.007473411899971277,0.375,0.625
BPIC15_4,duration,63,24,1053,False,-0.014616269042828312,0.3333333333333333,0.6666666666666667
BPIC15_4,duration,64,24,1053,False,-0.004732510288065872,0.4166666666666667,0.5833333333333333
BPIC15_4,duration,65,24,1053,False,-0.006557885427398852,0.2916666666666667,0.7083333333333333
BPIC15_4,duration,66,24,1053,False,-0.00919067215363506,0.375,0.625
BPIC15_4,duration,67,24,1053,False,0.0014403292181069949,0.5416666666666666,0.5416666666666666
BPIC15_4,duration,68,24,1053,False,0.004423148729728904,0.5833333333333334,0.5833333333333334
BPIC15_4,duration,69,24,1053,False,0.00020903394105564743,0.5416666666666666,0.5416666666666666
BPIC15_4,duration,70,24,1053,False,0.0019067767372409894,0.5416666666666666,0.5416666666666666
BPIC15_4,duration,71,24,1053,False,-0.0021752896370975383,0.4166666666666667,0.5833333333333333
BPIC15_4,duration,72,24,1053,False,-0.003429355281207136,0.4583333333333333,0.5416666666666667
BPIC15_4,duration,73,24,1053,False,-0.004379323166118054,0.375,0.625
BPIC15_4,duration,74,24,1053,False,-0.010045990227076668,0.2916666666666667,0.7083333333333333
BPIC15_4,duration,75,24,1053,False,-0.009613708115831787,0.375,0.625
BPIC15_4,duration,76,24,1053,False,-0.004298355289487299,0.375,0.625
BPIC15_4,duration,77,24,1053,False,-0.0021947873799726403,0.4166666666666667,0.5833333333333333
BPIC15_4,duration,78,24,1053,False,-0.004828973843058193,0.375,0.625
BPIC15_4,duration,79,24,1053,False,-0.0028806584362140453,0.5,0.5
BPIC15_4,duration,80,24,1053,False,-0.00803391779246912,0.25,0.75
BPIC15_4,duration,81,24,1053,False,0.002630066110951401,0.5416666666666666,0.5416666666666666
BPIC15_4,duration,82,24,1053,False,-0.010725473751779735,0.2916666666666667,0.7083333333333333
BPIC15_4,duration,83,24,1053,False,-0.010493827160493796,0.25,0.75
BPIC15_4,duration,84,24,1053,False,0.0025405618109992645,0.5416666666666666,0.5416666666666666
BPIC15_4,duration,85,24,1053,False,-0.012113578985178897,0.16666666666666666,0.8333333333333334
BPIC15_4,duration,86,24,1053,False,-0.0017703122517191971,0.4583333333333333,0.5416666666666667
BPIC15_4,duration,87,24,1053,False,-0.006241426611796996,0.2916666666666667,0.7083333333333333
BPIC15_4,duration,88,24,1053,False,0.0031474561655648325,0.5833333333333334,0.5833333333333334
BPIC15_4,duration,89,24,1053,False,-0.021306794322667355,0.375,0.625
BPIC15_4,duration,90,24,1053,False,-0.014471879286694134,0.2916666666666667,0.7083333333333333
BPIC15_4,duration,91,24,1053,False,0.00551882724920949,0.5416666666666666,0.5416666666666666
BPIC15_4,duration,92,24,1053,False,-0.0007957208270197025,0.5,0.5
BPIC15_4,duration,93,24,1053,False,-0.0008916323731139042,0.5,0.5
BPIC15_4,duration,94,24,1053,False,0.00044553032480595944,0.5416666666666666,0.5416666666666666
BPIC15_4,duration,95,24,1053,False,0.0024894812732952354,0.625,0.625
BPIC15_4,duration,96,24,1053,False,-0.01495198902606315,0.3333333333333333,0.6666666666666667
BPIC15_4,duration,97,24,1053,False,-0.01919212709137441,0.125,0.875
BPIC15_4,duration,98,24,1053,False,-0.0008230452674897748,0.4583333333333333,0.5416666666666667
BPIC15_4,duration,99,24,1053,False,-0.004693514802315724,0.25,0.75
BPIC15_4,handover,1,24,1053,False,-0.0021724018074382734,0.5,0.5
BPIC15_4,handover,0,24,1053,False,-0.010890046017783261,0.25,0.75
BPIC15_4,handover,-1,24,1053,False,-0.01772679874869665,0.25,0.75
BPIC15_4,handover,5,24,1053,False,-0.012345679012345512,0.4166666666666667,0.5833333333333333
BPIC15_4,handover,2,24,1053,False,-0.011014077163712221,0.16666666666666666,0.8333333333333334
BPIC15_4,handover,3,24,1053,False,-0.009215749331321077,0.2916666666666667,0.7083333333333333
BPIC15_4,handover,7,24,1053,False,-0.015464530063070303,0.08333333333333333,0.9166666666666666
BPIC15_4,handover,6,24,1053,False,0.00012724951897702397,0.5,0.5
BPIC15_4,handover,4,24,1053,False,-0.0006517205422313932,0.4583333333333333,0.5416666666666667
BPIC15_4,handover,10,24,1053,False,-0.013346407354923151,0.20833333333333334,0.7916666666666666
BPIC15_4,handover,9,24,1053,False,-0.028727445394111983,0.125,0.875
BPIC15_4,handover,8,24,1053,False,-0.011752693778241174,0.2916666666666667,0.7083333333333333
BPIC15_4,handover,11,24,1053,False,-0.00830959164292494,0.375,0.625
BPIC15_4,handover,16,24,1053,False,0.011339937434827974,0.5833333333333334,0.5833333333333334
BPIC15_4,handover,12,24,1053,False,-0.009133495143227477,0.25,0.75
BPIC15_4,handover,14,24,1053,False,0.0007308801408558163,0.5,0.5
BPIC15_4,handover,13,24,1053,False,-0.009580291970802957,0.20833333333333334,0.7916666666666666
BPIC15_4,handover,15,24,1053,False,-0.011396011396011374,0.3333333333333333,0.6666666666666667
BPIC15_4,handover,17,24,1053,False,-0.012447862356621542,0.2916666666666667,0.7083333333333333
BPIC15_4,handover,19,24,1053,False,-0.007712026416406059,0.4166666666666667,0.5833333333333333
BPIC15_4,handover,18,24,1053,False,-0.030626780626780647,0.08333333333333333,0.9166666666666666
BPIC15_4,handover,21,24,1053,False,-0.022723322905804755,0.125,0.875
BPIC15_4,handover,22,24,1053,False,0.016144349477682896,0.6666666666666666,0.6666666666666666
BPIC15_4,handover,20,24,1053,False,-0.004970158254829771,0.4583333333333333,0.5416666666666667
BPIC15_4,handover,23,24,1053,False,0.004960874486421962,0.625,0.625
BPIC15_4,handover,27,24,1053,False,-0.002057592538127817,0.4166666666666667,0.5833333333333333
BPIC15_4,handover,24,24,1053,False,0.0022096606646485606,0.5833333333333334,0.5833333333333334
BPIC15_4,handover,25,24,1053,False,-0.017321964554324665,0.16666666666666666,0.8333333333333334
BPIC15_4,handover,26,24,1053,False,-0.01187084520417836,0.25,0.75
BPIC15_4,handover,28,24,1053,False,-0.015695819680004552,0.20833333333333334,0.7916666666666666
BPIC15_4,handover,30,24,1053,False,-0.012820512820512775,0.16666666666666666,0.8333333333333334
BPIC15_4,handover,31,24,1053,False,-0.01632884890184161,0.16666666666666666,0.8333333333333334
BPIC15_4,handover,29,24,1053,False,-0.006410256410256221,0.4166666666666667,0.5833333333333333
BPIC15_4,handover,32,24,1053,False,-0.016684045881126264,0.16666666666666666,0.8333333333333334
BPIC15_4,handover,34,24,1053,False,0.0025975984005180974,0.625,0.625
BPIC15_4,handover,33,24,1053,False,-0.012108262108261991,0.25,0.75
BPIC15_4,handover,37,24,1053,False,-0.009037191518943333,0.3333333333333333,0.6666666666666667
BPIC15_4,handover,38,24,1053,False,-0.0022375738616615126,0.2916666666666667,0.7083333333333333
BPIC15_4,handover,35,24,1053,False,-0.01563677491293064,0.041666666666666664,0.9583333333333334
BPIC15_4,handover,36,24,1053,False,-0.01851851851851849,0.125,0.875
BPIC15_4,handover,39,24,1053,False,-0.004985754985754931,0.2916666666666667,0.7083333333333333
BPIC15_4,handover,42,24,1053,False,-0.004374325998413586,0.375,0.625
BPIC15_4,handover,40,24,1053,False,-0.018986791797010738,0.16666666666666666,0.8333333333333334
BPIC15_4,handover,41,24,1053,False,-0.012108262108262102,0.20833333333333334,0.7916666666666666
BPIC15_4,handover,43,24,1053,False,-0.014482431149097752,0.25,0.75
BPIC15_4,handover,45,24,1053,False,-0.010921177587844222,0.375,0.625
BPIC15_4,handover,44,24,1053,False,-0.010219696046946503,0.2916666666666667,0.7083333333333333
BPIC15_4,handover,46,24,1053,False,-0.02682811016144343,0.16666666666666666,0.8333333333333334
BPIC15_4,handover,48,24,1053,False,-0.00879822732012514,0.3333333333333333,0.6666666666666667
BPIC15_4,handover,49,24,1053,False,-0.014806620341900001,0.16666666666666666,0.8333333333333334
BPIC15_4,handover,47,24,1053,False,-0.012643378519290982,0.3333333333333333,0.6666666666666667
BPIC15_4,handover,50,24,1053,False,-0.01532954407041992,0.16666666666666666,0.8333333333333334
BPIC15_4,handover,52,24,1053,False,-0.00992787625999303,0.20833333333333334,0.7916666666666666
BPIC15_4,handover,51,24,1053,False,-0.0006951685783803119,0.5,0.5
BPIC15_4,handover,54,24,1053,False,-0.016324207017637593,0.041666666666666664,0.9583333333333334
BPIC15_4,handover,53,24,1053,False,-0.019230769230769218,0.16666666666666666,0.8333333333333334
BPIC15_4,handover,56,24,1053,False,-0.002426900845392377,0.3333333333333333,0.6666666666666667
BPIC15_4,handover,55,24,1053,False,-0.009021842355175724,0.16666666666666666,0.8333333333333334
BPIC15_4,handover,57,24,1053,False,-0.00593542260208918,0.2916666666666667,0.7083333333333333
BPIC15_4,handover,60,24,1053,False,-0.01187084520417836,0.25,0.75
BPIC15_4,handover,58,24,1053,False,-0.024056472049172828,0.125,0.875
BPIC15_4,handover,59,24,1053,False,-0.02124472805737998,0.08333333333333333,0.9166666666666666
BPIC15_4,handover,62,24,1053,False,0.00047483380816720766,0.5416666666666666,0.5416666666666666
BPIC15_4,handover,61,24,1053,False,-0.010869869294443557,0.20833333333333334,0.7916666666666666
BPIC15_4,handover,65,24,1053,False,-0.008276850886340004,0.4166666666666667,0.5833333333333333
BPIC15_4,handover,63,24,1053,False,-0.023266856600189845,0.16666666666666666,0.8333333333333334
BPIC15_4,handover,64,24,1053,False,-0.0014555092109836965,0.4583333333333333,0.5416666666666667
BPIC15_4,handover,66,24,1053,False,-0.0246913580246913,0.0,1.0
BPIC15_4,handover,67,24,1053,False,-0.004149287452207107,0.375,0.625
BPIC15_4,handover,68,24,1053,False,-0.013295346628679872,0.16666666666666666,0.8333333333333334
BPIC15_4,handover,69,24,1053,False,-0.011396011396011319,0.125,0.875
BPIC15_4,handover,71,24,1053,False,-0.01662215409174045,0.125,0.875
BPIC15_4,handover,72,24,1053,False,-0.0009496676163343043,0.375,0.625
BPIC15_4,handover,70,24,1053,False,-0.017148172409729545,0.2916666666666667,0.7083333333333333
BPIC15_4,handover,73,24,1053,False,-0.00843832656484722,0.2916666666666667,0.7083333333333333
BPIC15_4,handover,74,24,1053,False,0.0006408894790890796,0.5,0.5
BPIC15_4,handover,77,24,1053,False,-0.013057929724596407,0.3333333333333333,0.6666666666666667
BPIC15_4,handover,75,24,1053,False,-0.012838894681960478,0.16666666666666666,0.8333333333333334
BPIC15_4,handover,76,24,1053,False,-0.00991246520443595,0.20833333333333334,0.7916666666666666
BPIC15_4,handover,78,24,1053,False,-0.013534063260340568,0.3333333333333333,0.6666666666666667
BPIC15_4,handover,80,24,1053,False,-0.005240192131919563,0.20833333333333334,0.7916666666666666
BPIC15_4,handover,79,24,1053,False,-0.000948120321599577,0.5,0.5
BPIC15_4,handover,81,24,1053,False,0.008450643030934957,0.6666666666666666,0.6666666666666666
BPIC15_4,handover,82,24,1053,False,-0.011482783684730047,0.25,0.75
BPIC15_4,handover,85,24,1053,False,-0.00426570590804165,0.2916666666666667,0.7083333333333333
BPIC15_4,handover,86,24,1053,False,-0.015287643329005951,0.16666666666666666,0.8333333333333334
BPIC15_4,handover,84,24,1053,False,-0.0045403197775461535,0.4166666666666667,0.5833333333333333
BPIC15_4,handover,83,24,1053,False,-0.02326685660018979,0.2916666666666667,0.7083333333333333
BPIC15_4,handover,89,24,1053,False,-0.03559669131445281,0.125,0.875
BPIC15_4,handover,90,24,1053,False,-0.010399677370480254,0.3333333333333333,0.6666666666666667
BPIC15_4,handover,87,24,1053,False,-0.01451164407368788,0.2916666666666667,0.7083333333333333
BPIC15_4,handover,88,24,1053,False,-0.028252611585944887,0.125,0.875
BPIC15_4,handover,92,24,1053,False,-0.011100973236009726,0.2916666666666667,0.7083333333333333
BPIC15_4,handover,91,24,1053,False,-0.0066258255126868115,0.375,0.625
BPIC15_4,handover,93,24,1053,False,-0.01583680917622532,0.25,0.75
BPIC15_4,handover,94,24,1053,False,-0.0069890065328021556,0.20833333333333334,0.7916666666666666
BPIC15_4,handover,96,24,1053,False,-0.006734507494848108,0.2916666666666667,0.7083333333333333
BPIC15_4,handover,95,24,1053,False,-0.018096107055961153,0.20833333333333334,0.7916666666666666
BPIC15_4,handover,97,24,1053,False,-0.01205850110959611,0.2916666666666667,0.7083333333333333
BPIC15_4,handover,98,24,1053,False,-0.013143030935001743,0.25,0.75
BPIC15_4,handover,99,24,1053,False,-0.015037848067045223,0.2916666666666667,0.7083333333333333
BPIC15_5,duration,-1,24,1156,False,0.04349595873674911,0.8333333333333334,0.8333333333333334
BPIC15_5,duration,1,24,1156,False,0.012239328771586816,0.5833333333333334,0.5833333333333334
BPIC15_5,duration,0,24,1156,False,-0.016790892798957374,0.3333333333333333,0.6666666666666667
BPIC15_5,duration,2,24,1156,False,-0.014394728380447752,0.375,0.625
BPIC15_5,duration,3,24,1156,False,-0.018561506579238718,0.08333333333333333,0.9166666666666666
BPIC15_5,duration,4,24,1156,False,-0.008958755916159578,0.375,0.625
BPIC15_5,duration,5,24,1156,False,0.0009015100292991685,0.5416666666666666,0.5416666666666666
BPIC15_5,duration,7,24,1156,False,-0.0054654045526256745,0.375,0.625
BPIC15_5,duration,6,24,1156,False,-0.0018077498468291875,0.375,0.625
BPIC15_5,duration,8,24,1156,False,0.0033243182330403576,0.5833333333333334,0.5833333333333334
BPIC15_5,duration,9,24,1156,False,0.015160520337841571,0.6666666666666666,0.6666666666666666
BPIC15_5,duration,10,24,1156,False,-0.01551808406647115,0.16666666666666666,0.8333333333333334
BPIC15_5,duration,13,24,1156,False,-0.0011567327069028632,0.4583333333333333,0.5416666666666667
BPIC15_5,duration,14,24,1156,False,0.00087501082274688,0.5,0.5
BPIC15_5,duration,11,24,1156,False,0.005809522464056971,0.6666666666666666,0.6666666666666666
BPIC15_5,duration,12,24,1156,False,0.014705882352941235,0.6666666666666666,0.6666666666666666
BPIC15_5,duration,16,24,1156,False,-0.022594095109308043,0.125,0.875
BPIC15_5,duration,15,24,1156,False,-0.002284301828730295,0.4583333333333333,0.5416666666666667
BPIC15_5,duration,17,24,1156,False,0.0011465502370429648,0.5833333333333334,0.5833333333333334
BPIC15_5,duration,18,24,1156,False,-0.007848722122752061,0.375,0.625
BPIC15_5,duration,19,24,1156,False,-0.006445503421309923,0.2916666666666667,0.7083333333333333
BPIC15_5,duration,20,24,1156,False,-0.0019075504439143853,0.4583333333333333,0.5416666666666667
BPIC15_5,duration,22,24,1156,False,-0.001328492178210905,0.4583333333333333,0.5416666666666667
BPIC15_5,duration,21,24,1156,False,0.00181247963506026,0.5,0.5
BPIC15_5,duration,23,24,1156,False,-0.009627308384505928,0.3333333333333333,0.6666666666666667
BPIC15_5,duration,24,24,1156,False,-0.0015776425512733505,0.4166666666666667,0.5833333333333333
BPIC15_5,duration,25,24,1156,False,-0.004278744059055484,0.2916666666666667,0.7083333333333333
BPIC15_5,duration,26,24,1156,False,-0.0027045300878971723,0.4166666666666667,0.5833333333333333
BPIC15_5,duration,28,24,1156,False,-0.006366914581924732,0.375,0.625
BPIC15_5,duration,27,24,1156,False,0.009972954699121073,0.5833333333333334,0.5833333333333334
BPIC15_5,duration,29,24,1156,False,-0.005972503944106311,0.375,0.625
BPIC15_5,duration,30,24,1156,False,0.0017819322254805925,0.5416666666666666,0.5416666666666666
BPIC15_5,duration,32,24,1156,False,0.007437457741717335,0.5833333333333334,0.5833333333333334
BPIC15_5,duration,31,24,1156,False,0.0021994134897360407,0.6666666666666666,0.6666666666666666
BPIC15_5,duration,34,24,1156,False,-0.016248020511336003,0.25,0.75
BPIC15_5,duration,33,24,1156,False,-0.0047329276538201626,0.3333333333333333,0.6666666666666667
BPIC15_5,duration,38,24,1156,False,0.0018030200585981149,0.5,0.5
BPIC15_5,duration,35,24,1156,False,0.004496644783237802,0.5833333333333334,0.5833333333333334
BPIC15_5,duration,37,24,1156,False,0.0011954178307315155,0.5,0.5
BPIC15_5,duration,36,24,1156,False,0.004637856844966037,0.5416666666666666,0.5416666666666666
BPIC15_5,duration,39,24,1156,False,-0.000509123492994451,0.4583333333333333,0.5416666666666667
BPIC15_5,duration,40,24,1156,False,-0.010520701353652961,0.3333333333333333,0.6666666666666667
BPIC15_5,duration,41,24,1156,False,-0.009381565937461367,0.2916666666666667,0.7083333333333333
BPIC15_5,duration,42,24,1156,False,-0.006761325219742986,0.20833333333333334,0.7916666666666666
BPIC15_5,duration,44,24,1156,False,0.0029936461388074542,0.5416666666666666,0.5416666666666666
BPIC15_5,duration,43,24,1156,False,0.004394861392833016,0.625,0.625
BPIC15_5,duration,46,24,1156,False,0.005018677086906537,0.5833333333333334,0.5833333333333334
BPIC15_5,duration,45,24,1156,False,0.001175755130312428,0.5416666666666666,0.5416666666666666
BPIC15_5,duration,48,24,1156,False,0.006902434010986003,0.625,0.625
BPIC15_5,duration,50,24,1156,False,0.005711787276679647,0.7083333333333334,0.7083333333333334
BPIC15_5,duration,49,24,1156,False,-0.0049019607843136526,0.4166666666666667,0.5833333333333333
BPIC15_5,duration,47,24,1156,False,0.0031213297669491213,0.5416666666666666,0.5416666666666666
BPIC15_5,duration,51,24,1156,False,-0.00017244105651165187,0.5,0.5
BPIC15_5,duration,52,24,1156,False,-0.002936661484966796,0.375,0.625
BPIC15_5,duration,53,24,1156,False,0.004083170413815562,0.5833333333333334,0.5833333333333334
BPIC15_5,duration,55,24,1156,False,-0.01633986928104575,0.375,0.625
BPIC15_5,duration,56,24,1156,False,-0.004250241405086619,0.4583333333333333,0.5416666666666667
BPIC15_5,duration,54,24,1156,False,-0.005121782339524317,0.4166666666666667,0.5833333333333333
BPIC15_5,duration,57,24,1156,False,0.0031552851025467565,0.5416666666666666,0.5416666666666666
BPIC15_5,duration,58,24,1156,False,0.002075881335107277,0.625,0.625
BPIC15_5,duration,61,24,1156,False,0.006986702727067917,0.7083333333333334,0.7083333333333334
BPIC15_5,duration,59,24,1156,False,0.00559978010822082,0.625,0.625
BPIC15_5,duration,60,24,1156,False,-0.00045075501464958423,0.5,0.5
BPIC15_5,duration,62,24,1156,False,0.0025884127541196955,0.625,0.625
BPIC15_5,duration,64,24,1156,False,0.0046833165126366205,0.6666666666666666,0.6666666666666666
BPIC15_5,duration,63,24,1156,False,-0.007993238840013045,0.375,0.625
BPIC15_5,duration,65,24,1156,False,0.0003944106378184209,0.5416666666666666,0.5416666666666666
BPIC15_5,duration,67,24,1156,False,-0.009053000561130509,0.4583333333333333,0.5416666666666667
BPIC15_5,duration,66,24,1156,False,-0.018593644354293393,0.20833333333333334,0.7916666666666666
BPIC15_5,duration,68,24,1156,False,0.00039711632453559575,0.5,0.5
BPIC15_5,duration,70,24,1156,False,-0.0023155101694165015,0.4166666666666667,0.5833333333333333
BPIC15_5,duration,69,24,1156,False,0.0031280836566938697,0.5416666666666666,0.5416666666666666
BPIC15_5,duration,72,24,1156,False,0.005916159567275203,0.5833333333333334,0.5833333333333334
BPIC15_5,duration,71,24,1156,False,-0.005447621375040734,0.375,0.625
BPIC15_5,duration,73,24,1156,False,-0.012308726537771875,0.3333333333333333,0.6666666666666667
BPIC15_5,duration,74,24,1156,False,0.004282172639170689,0.5833333333333334,0.5833333333333334
BPIC15_5,duration,75,24,1156,False,-0.00048471035024727493,0.5,0.5
BPIC15_5,duration,76,24,1156,False,0.00322519922115877,0.5416666666666666,0.5416666666666666
BPIC15_5,duration,77,24,1156,False,0.009015100292990796,0.6666666666666666,0.6666666666666666
BPIC15_5,duration,79,24,1156,False,-0.01610866731834476,0.25,0.75
BPIC15_5,duration,80,24,1156,False,0.0011913489736070648,0.5416666666666666,0.5416666666666666
BPIC15_5,duration,78,24,1156,False,0.002619641748903001,0.5833333333333334,0.5833333333333334
BPIC15_5,duration,81,24,1156,False,-0.009747577191796197,0.375,0.625
BPIC15_5,duration,83,24,1156,False,0.0008668731084978121,0.625,0.625
BPIC15_5,duration,82,24,1156,False,-0.00867703403200365,0.3333333333333333,0.6666666666666667
BPIC15_5,duration,84,24,1156,False,0.0030852883675464293,0.5833333333333334,0.5833333333333334
BPIC15_5,duration,85,24,1156,False,-0.0024791525805724635,0.4583333333333333,0.5416666666666667
BPIC15_5,duration,86,24,1156,False,0.012962284131638857,0.625,0.625
BPIC15_5,duration,87,24,1156,False,0.00490795047246656,0.5416666666666666,0.5416666666666666
BPIC15_5,duration,90,24,1156,False,-0.006099299446073653,0.4583333333333333,0.5416666666666667
BPIC15_5,duration,89,24,1156,False,-0.002515070055392671,0.3333333333333333,0.6666666666666667
BPIC15_5,duration,91,24,1156,False,-0.01001356065397807,0.375,0.625
BPIC15_5,duration,92,24,1156,False,-0.02473518142889336,0.20833333333333334,0.7916666666666666
BPIC15_5,duration,93,24,1156,False,0.011913489736070398,0.625,0.625
BPIC15_5,duration,88,24,1156,False,-0.0007535027696318197,0.5,0.5
BPIC15_5,duration,94,24,1156,False,-0.0007365457559300181,0.4583333333333333,0.5416666666666667
BPIC15_5,duration,95,24,1156,False,-1.4932912188014846e-05,0.5,0.5
BPIC15_5,duration,97,24,1156,False,-0.006759879432947535,0.3333333333333333,0.6666666666666667
BPIC15_5,duration,99,24,1156,False,-0.0019795093181371737,0.4583333333333333,0.5416666666666667
BPIC15_5,duration,96,24,1156,False,-0.01097955277435747,0.3333333333333333,0.6666666666666667
BPIC15_5,duration,98,24,1156,False,-0.007443385467579056,0.375,0.625
BPIC17,duration,2,24,20000,True,-0.0005335542254206738,0.4166666666666667,0.5833333333333333
BPIC17,duration,-1,24,20000,True,0.005764867551521002,0.7083333333333334,0.7083333333333334
BPIC17,duration,0,24,20000,True,-0.0028393892043765967,0.375,0.625
BPIC17,duration,3,24,20000,True,-0.005640517706126835,0.20833333333333334,0.7916666666666666
BPIC17,duration,4,24,20000,True,3.4527781614113184e-05,0.5,0.5
BPIC17,duration,1,24,20000,True,-0.003944513933016147,0.3333333333333333,0.6666666666666667
BPIC17,duration,8,24,20000,True,-0.003381114755169612,0.16666666666666666,0.8333333333333334
BPIC17,duration,6,24,20000,True,-0.003914308007317513,0.3333333333333333,0.6666666666666667
BPIC17,duration,5,24,20000,True,0.00015307491949162477,0.5416666666666666,0.5416666666666666
BPIC17,duration,9,24,20000,True,-0.002046305782922808,0.375,0.625
BPIC17,duration,7,24,20000,True,-0.00205155943529739,0.4166666666666667,0.5833333333333333
BPIC17,duration,10,24,20000,True,-0.0034746056431730343,0.25,0.75
BPIC17,duration,11,24,20000,True,0.00040915021660492545,0.5,0.5
BPIC17,duration,16,24,20000,True,0.0003424575130889784,0.5833333333333334,0.5833333333333334
BPIC17,duration,17,24,20000,True,-0.0022968335885370506,0.3333333333333333,0.6666666666666667
BPIC17,duration,20,24,20000,True,-0.004403522791929015,0.16666666666666666,0.8333333333333334
BPIC17,duration,12,24,20000,True,-0.0027463745157966235,0.25,0.75
BPIC17,duration,13,24,20000,True,-0.004442179408881197,0.2916666666666667,0.7083333333333333
BPIC17,duration,14,24,20000,True,-0.003202836713864121,0.375,0.625
BPIC17,duration,15,24,20000,True,0.0007552500839167475,0.5416666666666666,0.5416666666666666
BPIC17,duration,18,24,20000,True,0.0008182962068992716,0.625,0.625
BPIC17,duration,19,24,20000,True,0.0007969276794559943,0.625,0.625
BPIC17,duration,21,24,20000,True,0.00027257421946469407,0.5,0.5
BPIC17,duration,22,24,20000,True,-0.000581004662485507,0.4583333333333333,0.5416666666666667
BPIC17,duration,23,24,20000,True,-0.0006682071749425367,0.5,0.5
BPIC17,duration,24,24,20000,True,-0.0026202225133579726,0.3333333333333333,0.6666666666666667
BPIC17,duration,28,24,20000,True,0.00039511115501239535,0.5416666666666666,0.5416666666666666
BPIC17,duration,25,24,20000,True,-0.001349684093491288,0.4583333333333333,0.5416666666666667
BPIC17,duration,27,24,20000,True,-0.005484083942675966,0.3333333333333333,0.6666666666666667
BPIC17,duration,26,24,20000,True,0.0028083661798228854,0.5416666666666666,0.5416666666666666
BPIC17,duration,29,24,20000,True,-0.0007733081539196274,0.4583333333333333,0.5416666666666667
BPIC17,duration,31,24,20000,True,-0.002405036994422849,0.3333333333333333,0.6666666666666667
BPIC17,duration,30,24,20000,True,-0.003970064201946455,0.4166666666666667,0.5833333333333333
BPIC17,duration,32,24,20000,True,-0.002446390277382582,0.375,0.625
BPIC17,duration,33,24,20000,True,-0.001261978387888274,0.375,0.625
BPIC17,duration,34,24,20000,True,-0.0009185205565873655,0.4583333333333333,0.5416666666666667
BPIC17,duration,35,24,20000,True,-0.004722703368580328,0.4166666666666667,0.5833333333333333
BPIC17,duration,37,24,20000,True,0.0011216390135154186,0.5416666666666666,0.5416666666666666
BPIC17,duration,38,24,20000,True,-0.0026673336297036165,0.2916666666666667,0.7083333333333333
BPIC17,duration,36,24,20000,True,0.004200230212630773,0.6666666666666666,0.6666666666666666
BPIC17,duration,43,24,20000,True,-0.0007666389740709212,0.4583333333333333,0.5416666666666667
BPIC17,duration,39,24,20000,True,-0.0008921183015568324,0.4166666666666667,0.5833333333333333
BPIC17,duration,41,24,20000,True,-0.0010602589783299532,0.4166666666666667,0.5833333333333333
BPIC17,duration,40,24,20000,True,-0.0010067413293467498,0.4583333333333333,0.5416666666666667
BPIC17,duration,42,24,20000,True,-0.0015823057313673061,0.4166666666666667,0.5833333333333333
BPIC17,duration,44,24,20000,True,-0.00260774378140044,0.4166666666666667,0.5833333333333333
BPIC17,duration,46,24,20000,True,-0.003961380448852192,0.125,0.875
BPIC17,duration,45,24,20000,True,0.0005247778360864541,0.5416666666666666,0.5416666666666666
BPIC17,duration,47,24,20000,True,-0.0022226089862264486,0.4166666666666667,0.5833333333333333
BPIC17,duration,48,24,20000,True,-0.003260585940757954,0.3333333333333333,0.6666666666666667
BPIC17,duration,50,24,20000,True,-0.0016112323530454997,0.375,0.625
BPIC17,duration,49,24,20000,True,-0.0013598898331169118,0.4166666666666667,0.5833333333333333
BPIC17,duration,51,24,20000,True,-0.005378833930981486,0.2916666666666667,0.7083333333333333
BPIC17,duration,54,24,20000,True,-0.0014977223886357693,0.375,0.625
BPIC17,duration,52,24,20000,True,-0.005445216317990276,0.16666666666666666,0.8333333333333334
BPIC17,duration,53,24,20000,True,-0.00031369452011870136,0.5,0.5
BPIC17,duration,56,24,20000,True,-0.002058583562064731,0.20833333333333334,0.7916666666666666
BPIC17,duration,57,24,20000,True,0.0012105086533391596,0.5416666666666666,0.5416666666666666
BPIC17,duration,55,24,20000,True,0.00045991671776851595,0.5416666666666666,0.5416666666666666
BPIC17,duration,58,24,20000,True,-0.002691722521302342,0.3333333333333333,0.6666666666666667
BPIC17,duration,59,24,20000,True,-0.0009686389965153919,0.4166666666666667,0.5833333333333333
BPIC17,duration,60,24,20000,True,3.3069266844654166e-05,0.5,0.5
BPIC17,duration,61,24,20000,True,-1.2462389731959789e-05,0.5,0.5
BPIC17,duration,62,24,20000,True,0.00045565825832538653,0.5,0.5
BPIC17,duration,63,24,20000,True,-2.6583336286967185e-05,0.5,0.5
BPIC17,duration,65,24,20000,True,0.0018165969500899548,0.75,0.75
BPIC17,duration,67,24,20000,True,-0.002776750308527809,0.375,0.625
BPIC17,duration,64,24,20000,True,0.0014991946110217147,0.625,0.625
BPIC17,duration,66,24,20000,True,0.0009131193198752552,0.5416666666666666,0.5416666666666666
BPIC17,duration,68,24,20000,True,-0.004109083789898049,0.3333333333333333,0.6666666666666667
BPIC17,duration,70,24,20000,True,-0.005075484608758896,0.25,0.75
BPIC17,duration,69,24,20000,True,-0.0006032462132438687,0.4583333333333333,0.5416666666666667
BPIC17,duration,71,24,20000,True,-0.0024827756564018144,0.375,0.625
BPIC17,duration,74,24,20000,True,-0.0006440556271173348,0.4583333333333333,0.5416666666666667
BPIC17,duration,72,24,20000,True,-0.0016697689316327313,0.4166666666666667,0.5833333333333333
BPIC17,duration,73,24,20000,True,-0.004498521390388366,0.2916666666666667,0.7083333333333333
BPIC17,duration,75,24,20000,True,-5.3222228135640925e-05,0.5,0.5
BPIC17,duration,77,24,20000,True,-0.0026324090459684535,0.3333333333333333,0.6666666666666667
BPIC17,duration,76,24,20000,True,-0.0033121041948793173,0.4166666666666667,0.5833333333333333
BPIC17,duration,78,24,20000,True,-0.002515945183601598,0.2916666666666667,0.7083333333333333
BPIC17,duration,79,24,20000,True,-0.004307083811898149,0.3333333333333333,0.6666666666666667
BPIC17,duration,80,24,20000,True,0.0019251180791848288,0.625,0.625
BPIC17,duration,82,24,20000,True,-0.00039315546256529776,0.4583333333333333,0.5416666666666667
BPIC17,duration,81,24,20000,True,-0.0007956837229059488,0.5,0.5
BPIC17,duration,83,24,20000,True,-0.0014752948805023536,0.4166666666666667,0.5833333333333333
BPIC17,duration,85,24,20000,True,-0.006048945116549409,0.125,0.875
BPIC17,duration,84,24,20000,True,-0.0034901349363671286,0.375,0.625
BPIC17,duration,86,24,20000,True,-0.005804362296379428,0.16666666666666666,0.8333333333333334
BPIC17,duration,87,24,20000,True,-0.004161361573484623,0.2916666666666667,0.7083333333333333
BPIC17,duration,88,24,20000,True,0.0018791412756947734,0.625,0.625
BPIC17,duration,89,24,20000,True,0.0008903889878209559,0.6666666666666666,0.6666666666666666
BPIC17,duration,90,24,20000,True,-0.0029398563578366677,0.4166666666666667,0.5833333333333333
BPIC17,duration,91,24,20000,True,-0.003261361473484492,0.375,0.625
BPIC17,duration,92,24,20000,True,-0.0025408696485929583,0.25,0.75
BPIC17,duration,93,24,20000,True,-0.0023456113717344462,0.375,0.625
BPIC17,duration,94,24,20000,True,0.0007540278615586482,0.5416666666666666,0.5416666666666666
BPIC17,duration,96,24,20000,True,-0.0005030556114506424,0.4583333333333333,0.5416666666666667
BPIC17,duration,95,24,20000,True,-0.0003240833693425871,0.4583333333333333,0.5416666666666667
BPIC17,duration,97,24,20000,True,0.00030413892268210674,0.5416666666666666,0.5416666666666666
BPIC17,duration,99,24,20000,True,3.588889287658992e-05,0.5,0.5
BPIC17,duration,98,24,20000,True,-0.0022616729742512276,0.3333333333333333,0.6666666666666667
BPIC19,duration,-1,24,20000,True,0.05145421224218871,1.0,1.0
BPIC19,duration,0,24,20000,True,-0.002806284128484937,0.20833333333333334,0.7916666666666666
BPIC19,duration,1,24,20000,True,0.0005372551393175162,0.5833333333333334,0.5833333333333334
BPIC19,duration,2,24,20000,True,-0.0003055695996995733,0.4583333333333333,0.5416666666666667
BPIC19,duration,3,24,20000,True,-0.0019459210133038196,0.3333333333333333,0.6666666666666667
BPIC19,duration,7,24,20000,True,-0.0009577327692562032,0.375,0.625
BPIC19,duration,4,24,20000,True,0.0015942174145299193,0.625,0.625
BPIC19,duration,5,24,20000,True,-0.0015135728768012058,0.3333333333333333,0.6666666666666667
BPIC19,duration,6,24,20000,True,-0.0004276822232380795,0.5,0.5
BPIC19,duration,9,24,20000,True,-0.0014216651048179485,0.375,0.625
BPIC19,duration,8,24,20000,True,0.0008635841155372748,0.5416666666666666,0.5416666666666666
BPIC19,duration,10,24,20000,True,0.0011535321593915682,0.5833333333333334,0.5833333333333334
BPIC19,duration,11,24,20000,True,-0.0007161399448030736,0.4583333333333333,0.5416666666666667
BPIC19,duration,12,24,20000,True,-0.0009309389528350809,0.4166666666666667,0.5833333333333333
BPIC19,duration,15,24,20000,True,-0.0021900119556368947,0.2916666666666667,0.7083333333333333
BPIC19,duration,13,24,20000,True,-0.0015893290589460984,0.20833333333333334,0.7916666666666666
BPIC19,duration,14,24,20000,True,-0.0009088947077228182,0.4583333333333333,0.5416666666666667
BPIC19,duration,19,24,20000,True,-0.002611139982705013,0.2916666666666667,0.7083333333333333
BPIC19,duration,17,24,20000,True,-0.0018489404475732774,0.375,0.625
BPIC19,duration,18,24,20000,True,-4.446598684881842e-05,0.5,0.5
BPIC19,duration,20,24,20000,True,-0.0005782524217349816,0.375,0.625
BPIC19,duration,16,24,20000,True,-0.0019123082734857633,0.3333333333333333,0.6666666666666667
BPIC19,duration,21,24,20000,True,0.00037946175186753806,0.625,0.625
BPIC19,duration,22,24,20000,True,0.0009836174386955165,0.5833333333333334,0.5833333333333334
BPIC19,duration,23,24,20000,True,-0.0032325849902963277,0.20833333333333334,0.7916666666666666
BPIC19,duration,25,24,20000,True,-0.001710033191897442,0.375,0.625
BPIC19,duration,24,24,20000,True,-0.0018525596969153901,0.375,0.625
BPIC19,duration,26,24,20000,True,-0.001712010033267486,0.375,0.625
BPIC19,duration,31,24,20000,True,-0.0015625683378611699,0.4166666666666667,0.5833333333333333
BPIC19,duration,32,24,20000,True,-0.002721018392544905,0.25,0.75
BPIC19,duration,29,24,20000,True,0.000916595521087693,0.5833333333333334,0.5833333333333334
BPIC19,duration,28,24,20000,True,-0.0010399079002595402,0.2916666666666667,0.7083333333333333
BPIC19,duration,27,24,20000,True,-0.0014216695124898981,0.375,0.625
BPIC19,duration,30,24,20000,True,-7.304861071988356e-05,0.5,0.5
BPIC19,duration,33,24,20000,True,-0.0027696458806503177,0.375,0.625
BPIC19,duration,34,24,20000,True,-0.004054810305652856,0.2916666666666667,0.7083333333333333
BPIC19,duration,35,24,20000,True,0.0011770227070000971,0.75,0.75
BPIC19,duration,36,24,20000,True,-0.0001479052992725549,0.4583333333333333,0.5416666666666667
BPIC19,duration,39,24,20000,True,0.0014122298057844818,0.5833333333333334,0.5833333333333334
BPIC19,duration,37,24,20000,True,-0.002183457759466989,0.2916666666666667,0.7083333333333333
BPIC19,duration,42,24,20000,True,0.0010487693396196707,0.625,0.625
BPIC19,duration,40,24,20000,True,-0.0008045611072954872,0.375,0.625
BPIC19,duration,38,24,20000,True,-0.0015898138972694764,0.4166666666666667,0.5833333333333333
BPIC19,duration,41,24,20000,True,-0.005120460340402699,0.16666666666666666,0.8333333333333334
BPIC19,duration,43,24,20000,True,0.001334727160824667,0.5416666666666666,0.5416666666666666
BPIC19,duration,44,24,20000,True,-0.0008281106913919922,0.375,0.625
BPIC19,duration,45,24,20000,True,-0.0021735173102360728,0.20833333333333334,0.7916666666666666
BPIC19,duration,46,24,20000,True,0.00014447719525845226,0.5416666666666666,0.5416666666666666
BPIC19,duration,47,24,20000,True,-0.0012855886879324374,0.4166666666666667,0.5833333333333333
BPIC19,duration,49,24,20000,True,-0.0007252079157476499,0.375,0.625
BPIC19,duration,48,24,20000,True,0.0004799787553405044,0.5833333333333334,0.5833333333333334
BPIC19,duration,51,24,20000,True,0.0011428629072371965,0.625,0.625
BPIC19,duration,52,24,20000,True,-0.0001397573419058551,0.5,0.5
BPIC19,duration,50,24,20000,True,0.0006847199774887014,0.625,0.625
BPIC19,duration,54,24,20000,True,-0.001162327186902512,0.4583333333333333,0.5416666666666667
BPIC19,duration,57,24,20000,True,-0.0014342159905733065,0.4583333333333333,0.5416666666666667
BPIC19,duration,53,24,20000,True,-0.0004262275990791209,0.4583333333333333,0.5416666666666667
BPIC19,duration,55,24,20000,True,-0.005288893341375722,0.16666666666666666,0.8333333333333334
BPIC19,duration,56,24,20000,True,0.0001184431045241352,0.5416666666666666,0.5416666666666666
BPIC19,duration,58,24,20000,True,-0.0019357360665953616,0.375,0.625
BPIC19,duration,61,24,20000,True,-0.0022132620382793178,0.2916666666666667,0.7083333333333333
BPIC19,duration,60,24,20000,True,-0.00042317141840625405,0.4166666666666667,0.5833333333333333
BPIC19,duration,59,24,20000,True,-0.0013935857590737233,0.3333333333333333,0.6666666666666667
BPIC19,duration,62,24,20000,True,3.0455474791302173e-05,0.5416666666666666,0.5416666666666666
BPIC19,duration,63,24,20000,True,-0.0027755458599573735,0.2916666666666667,0.7083333333333333
BPIC19,duration,64,24,20000,True,-0.0015109492648555656,0.3333333333333333,0.6666666666666667
BPIC19,duration,65,24,20000,True,-8.839967847446006e-05,0.5,0.5
BPIC19,duration,67,24,20000,True,-0.002524177350895551,0.2916666666666667,0.7083333333333333
BPIC19,duration,66,24,20000,True,-0.0001701134513635294,0.5,0.5
BPIC19,duration,68,24,20000,True,0.00029880532751619393,0.5,0.5
BPIC19,duration,69,24,20000,True,-0.0003996269941698438,0.4166666666666667,0.5833333333333333
BPIC19,duration,70,24,20000,True,-0.00017150930873943704,0.4583333333333333,0.5416666666666667
BPIC19,duration,71,24,20000,True,0.0008143982753357482,0.5833333333333334,0.5833333333333334
BPIC19,duration,73,24,20000,True,-0.004408147440127186,0.20833333333333334,0.7916666666666666
BPIC19,duration,72,24,20000,True,-0.0016750742139101105,0.4583333333333333,0.5416666666666667
BPIC19,duration,74,24,20000,True,-0.0019852750627689097,0.3333333333333333,0.6666666666666667
BPIC19,duration,75,24,20000,True,-0.0011129477618950223,0.3333333333333333,0.6666666666666667
BPIC19,duration,76,24,20000,True,-0.0012028671231858468,0.4583333333333333,0.5416666666666667
BPIC19,duration,77,24,20000,True,-0.00010505085922563051,0.5,0.5
BPIC19,duration,78,24,20000,True,-0.0008605534728582387,0.4166666666666667,0.5833333333333333
BPIC19,duration,80,24,20000,True,-0.001283203919922593,0.375,0.625
BPIC19,duration,79,24,20000,True,-0.0012580387107845037,0.375,0.625
BPIC19,duration,81,24,20000,True,-0.0007394182503582258,0.4583333333333333,0.5416666666666667
BPIC19,duration,82,24,20000,True,-0.001448691898855603,0.25,0.75
BPIC19,duration,85,24,20000,True,-0.0005984277224511669,0.4583333333333333,0.5416666666666667
BPIC19,duration,84,24,20000,True,-0.0013626465042481106,0.375,0.625
BPIC19,duration,86,24,20000,True,-0.002819154597992646,0.20833333333333334,0.7916666666666666
BPIC19,duration,87,24,20000,True,-0.0005484575228742461,0.4583333333333333,0.5416666666666667
BPIC19,duration,83,24,20000,True,-0.00010979869378308083,0.5,0.5
BPIC19,duration,90,24,20000,True,-0.0002169382230747252,0.5,0.5
BPIC19,duration,89,24,20000,True,-0.0019164095091830369,0.3333333333333333,0.6666666666666667
BPIC19,duration,88,24,20000,True,0.0003408935166921978,0.5416666666666666,0.5416666666666666
BPIC19,duration,92,24,20000,True,-0.00022810015179863807,0.4166666666666667,0.5833333333333333
BPIC19,duration,91,24,20000,True,0.00039110195360192446,0.625,0.625
BPIC19,duration,94,24,20000,True,-0.0011290673641479732,0.4166666666666667,0.5833333333333333
BPIC19,duration,93,24,20000,True,-0.0007711846188846461,0.375,0.625
BPIC19,duration,95,24,20000,True,-3.6083902119232736e-05,0.5,0.5
Helpdesk,duration,2,24,4580,False,-0.012311221870454414,0.08333333333333333,0.9166666666666666
Helpdesk,duration,0,24,4580,False,-0.008844120418196655,0.2916666666666667,0.7083333333333333
BPIC19,duration,98,24,20000,True,0.00014818432460289577,0.5416666666666666,0.5416666666666666
Helpdesk,duration,-1,24,4580,False,-0.013323029862240154,0.20833333333333334,0.7916666666666666
Helpdesk,duration,1,24,4580,False,-0.003560403369014198,0.25,0.75
BPIC19,duration,96,24,20000,True,0.0030379460311100726,0.625,0.625
BPIC19,duration,99,24,20000,True,-0.0008659139990246922,0.4583333333333333,0.5416666666666667
BPIC19,duration,97,24,20000,True,-0.0012524358233169663,0.375,0.625
Helpdesk,duration,3,24,4580,False,-0.0021804459212738103,0.4166666666666667,0.5833333333333333
Helpdesk,duration,4,24,4580,False,-0.005696500385043213,0.2916666666666667,0.7083333333333333
Helpdesk,duration,6,24,4580,False,-0.00848864709170516,0.125,0.875
Helpdesk,duration,5,24,4580,False,-0.012444055301022883,0.16666666666666666,0.8333333333333334
Helpdesk,duration,7,24,4580,False,-0.003903910327714588,0.375,0.625
Helpdesk,duration,9,24,4580,False,-0.005908274150765835,0.20833333333333334,0.7916666666666666
Helpdesk,duration,12,24,4580,False,-0.011648909799223894,0.08333333333333333,0.9166666666666666
Helpdesk,duration,10,24,4580,False,-0.009994573326321365,0.2916666666666667,0.7083333333333333
Helpdesk,duration,11,24,4580,False,-0.003557492062168155,0.3333333333333333,0.6666666666666667
Helpdesk,duration,8,24,4580,False,-0.006199146325196747,0.4166666666666667,0.5833333333333333
Helpdesk,duration,14,24,4580,False,-0.011817779862864919,0.25,0.75
Helpdesk,duration,13,24,4580,False,-0.008060683202005092,0.125,0.875
Helpdesk,duration,15,24,4580,False,-0.01337032788073167,0.041666666666666664,0.9583333333333334
Helpdesk,duration,17,24,4580,False,-0.013488728824863183,0.25,0.75
Helpdesk,duration,16,24,4580,False,-0.006122166002249796,0.3333333333333333,0.6666666666666667
Helpdesk,duration,19,24,4580,False,-0.003072829128799359,0.4166666666666667,0.5833333333333333
Helpdesk,duration,18,24,4580,False,-0.008079898626117132,0.25,0.75
Helpdesk,duration,21,24,4580,False,-0.012351607309590507,0.08333333333333333,0.9166666666666666
Helpdesk,duration,25,24,4580,False,-0.016173105247917652,0.125,0.875
Helpdesk,duration,23,24,4580,False,0.0019099381288694706,0.5833333333333334,0.5833333333333334
Helpdesk,duration,20,24,4580,False,-0.003146658680585279,0.375,0.625
Helpdesk,duration,22,24,4580,False,-0.008289982659730577,0.20833333333333334,0.7916666666666666
Helpdesk,duration,24,24,4580,False,-0.009229271840506481,0.25,0.75
Helpdesk,duration,26,24,4580,False,-0.011605309318045709,0.125,0.875
Helpdesk,duration,27,24,4580,False,-0.006570988182500959,0.25,0.75
Helpdesk,duration,28,24,4580,False,-0.012639136970209797,0.041666666666666664,0.9583333333333334
Helpdesk,duration,30,24,4580,False,-0.006297060836827295,0.2916666666666667,0.7083333333333333
Helpdesk,duration,29,24,4580,False,-0.00748481218447844,0.25,0.75
Helpdesk,duration,31,24,4580,False,0.004747796697184892,0.5416666666666666,0.5416666666666666
Helpdesk,duration,33,24,4580,False,-0.007757789947501148,0.16666666666666666,0.8333333333333334
Helpdesk,duration,35,24,4580,False,-0.009949088731068756,0.08333333333333333,0.9166666666666666
Helpdesk,duration,34,24,4580,False,-0.008668804006585928,0.125,0.875
Helpdesk,duration,32,24,4580,False,-0.0009870614912631526,0.5,0.5
Helpdesk,duration,36,24,4580,False,-0.004185205784204726,0.4166666666666667,0.5833333333333333
Helpdesk,duration,37,24,4580,False,-0.006563917172927258,0.4166666666666667,0.5833333333333333
Helpdesk,duration,38,24,4580,False,-0.017033480058690098,0.16666666666666666,0.8333333333333334
Helpdesk,duration,39,24,4580,False,-0.005085367480325509,0.20833333333333334,0.7916666666666666
Helpdesk,duration,40,24,4580,False,-0.000903954676762464,0.5,0.5
Helpdesk,duration,42,24,4580,False,-0.010279743082880988,0.20833333333333334,0.7916666666666666
Helpdesk,duration,44,24,4580,False,-0.010586014374946606,0.2916666666666667,0.7083333333333333
Helpdesk,duration,41,24,4580,False,0.002023615983571425,0.625,0.625
Helpdesk,duration,43,24,4580,False,-0.00715271241550447,0.2916666666666667,0.7083333333333333
Helpdesk,duration,47,24,4580,False,-0.00828324206383152,0.20833333333333334,0.7916666666666666
Helpdesk,duration,48,24,4580,False,-0.009941125347774693,0.20833333333333334,0.7916666666666666
Helpdesk,duration,45,24,4580,False,-0.008723489395758233,0.041666666666666664,0.9583333333333334
Helpdesk,duration,46,24,4580,False,-0.010073248731339912,0.20833333333333334,0.7916666666666666
Helpdesk,duration,49,24,4580,False,-0.011059831436639023,0.041666666666666664,0.9583333333333334
Helpdesk,duration,50,24,4580,False,-0.00660931039082302,0.25,0.75
Helpdesk,duration,51,24,4580,False,-0.014455782312925214,0.125,0.875
Helpdesk,duration,52,24,4580,False,-0.013554182689589911,0.125,0.875
Helpdesk,duration,54,24,4580,False,-0.010507536347872437,0.25,0.75
Helpdesk,duration,53,24,4580,False,-0.005301125042013577,0.125,0.875
Helpdesk,duration,55,24,4580,False,-0.01935376914520398,0.125,0.875
Helpdesk,duration,56,24,4580,False,-0.0059269915290494635,0.125,0.875
Helpdesk,duration,58,24,4580,False,-0.009413765506202432,0.2916666666666667,0.7083333333333333
Helpdesk,duration,59,24,4580,False,-0.007622912759981504,0.25,0.75
Helpdesk,duration,57,24,4580,False,-0.009187008136587904,0.125,0.875
Helpdesk,duration,61,24,4580,False,-0.001312355608796112,0.375,0.625
Helpdesk,duration,60,24,4580,False,-0.00829768118422175,0.25,0.75
Helpdesk,duration,62,24,4580,False,-0.012145974159322281,0.375,0.625
Helpdesk,duration,64,24,4580,False,-0.005276953270113405,0.25,0.75
Helpdesk,duration,63,24,4580,False,-0.0011781252673911946,0.4583333333333333,0.5416666666666667
Helpdesk,duration,67,24,4580,False,-0.016343669894300417,0.041666666666666664,0.9583333333333334
Helpdesk,duration,65,24,4580,False,-0.0022963549242748793,0.3333333333333333,0.6666666666666667
Helpdesk,duration,66,24,4580,False,-0.007518503465389015,0.20833333333333334,0.7916666666666666
Helpdesk,duration,68,24,4580,False,-0.003300675964747146,0.3333333333333333,0.6666666666666667
Helpdesk,duration,70,24,4580,False,-0.006772709083633421,0.125,0.875
Helpdesk,duration,71,24,4580,False,-0.008840202747765757,0.20833333333333334,0.7916666666666666
Helpdesk,duration,69,24,4580,False,-0.010644840420980628,0.125,0.875
Helpdesk,duration,73,24,4580,False,-0.010378865045347907,0.3333333333333333,0.6666666666666667
Helpdesk,duration,72,24,4580,False,-0.008014449683355851,0.20833333333333334,0.7916666666666666
Helpdesk,duration,74,24,4580,False,-0.010085726769530512,0.20833333333333334,0.7916666666666666
Helpdesk,duration,75,24,4580,False,-0.002434328741336589,0.3333333333333333,0.6666666666666667
Helpdesk,duration,76,24,4580,False,-0.011012770599811761,0.20833333333333334,0.7916666666666666
Helpdesk,duration,77,24,4580,False,-0.014212372721827737,0.08333333333333333,0.9166666666666666
Helpdesk,duration,79,24,4580,False,-0.017487379139214554,0.041666666666666664,0.9583333333333334
Helpdesk,duration,78,24,4580,False,-0.0050173269444682145,0.3333333333333333,0.6666666666666667
Helpdesk,duration,81,24,4580,False,-0.012261571295184626,0.125,0.875
Helpdesk,duration,82,24,4580,False,-0.004707799593982764,0.20833333333333334,0.7916666666666666
Helpdesk,duration,80,24,4580,False,-0.009733893557423101,0.20833333333333334,0.7916666666666666
Helpdesk,duration,83,24,4580,False,-0.0022942510337468636,0.2916666666666667,0.7083333333333333
Helpdesk,duration,85,24,4580,False,-0.0028616197484385153,0.375,0.625
Helpdesk,duration,84,24,4580,False,-0.009947015228326972,0.2916666666666667,0.7083333333333333
Helpdesk,duration,86,24,4580,False,-0.009133653461384617,0.3333333333333333,0.6666666666666667
Helpdesk,duration,87,24,4580,False,-0.004440601074290729,0.2916666666666667,0.7083333333333333
Helpdesk,duration,89,24,4580,False,-0.01241742761107173,0.2916666666666667,0.7083333333333333
Helpdesk,duration,88,24,4580,False,-0.0013984555489005013,0.5,0.5
Helpdesk,duration,90,24,4580,False,-0.007000299478052641,0.08333333333333333,0.9166666666666666
Helpdesk,duration,93,24,4580,False,0.001320912124582907,0.625,0.625
Helpdesk,duration,91,24,4580,False,-0.004322708519248153,0.2916666666666667,0.7083333333333333
Helpdesk,duration,94,24,4580,False,-0.003038097886540525,0.4166666666666667,0.5833333333333333
Helpdesk,duration,95,24,4580,False,-0.0092743862896974,0.3333333333333333,0.6666666666666667
Helpdesk,duration,97,24,4580,False,0.001961046461880611,0.5833333333333334,0.5833333333333334
Helpdesk,duration,92,24,4580,False,-0.0014011294600839164,0.375,0.625
Helpdesk,duration,96,24,4580,False,-0.0024208532561652563,0.3333333333333333,0.6666666666666667
Helpdesk,duration,98,24,4580,False,-0.0045309289826424015,0.25,0.75
Helpdesk,duration,99,24,4580,False,-0.008745293916317232,0.2916666666666667,0.7083333333333333
RoadFines,duration,-1,24,20000,True,0.01599020886833724,0.7916666666666666,0.7916666666666666
RoadFines,duration,0,24,20000,True,-0.0007078388905009947,0.4166666666666667,0.5833333333333333
RoadFines,duration,1,24,20000,True,0.0018020798507775715,0.6666666666666666,0.6666666666666666
RoadFines,duration,2,24,20000,True,0.0005970369162374145,0.5833333333333334,0.5833333333333334
RoadFines,duration,3,24,20000,True,-0.002503358097158931,0.25,0.75
RoadFines,duration,5,24,20000,True,0.0005780186107777752,0.625,0.625
RoadFines,duration,6,24,20000,True,-0.003954285357002069,0.20833333333333334,0.7916666666666666
RoadFines,duration,4,24,20000,True,-0.002033454759364395,0.4166666666666667,0.5833333333333333
RoadFines,duration,7,24,20000,True,0.001784581435625876,0.7083333333333334,0.7083333333333334
RoadFines,duration,8,24,20000,True,0.0033037464535022876,0.7083333333333334,0.7083333333333334
RoadFines,duration,9,24,20000,True,-0.0012630821763966182,0.2916666666666667,0.7083333333333333
RoadFines,duration,10,24,20000,True,-0.005620860912760872,0.2916666666666667,0.7083333333333333
RoadFines,duration,12,24,20000,True,9.595728408187676e-05,0.5,0.5
RoadFines,duration,11,24,20000,True,0.0006014874093369371,0.5833333333333334,0.5833333333333334
RoadFines,duration,13,24,20000,True,0.002995131238351323,0.7083333333333334,0.7083333333333334
RoadFines,duration,15,24,20000,True,0.0012888795429816524,0.5833333333333334,0.5833333333333334
RoadFines,duration,14,24,20000,True,0.003808631817435293,0.75,0.75
RoadFines,duration,17,24,20000,True,-0.0027187056402330767,0.20833333333333334,0.7916666666666666
RoadFines,duration,18,24,20000,True,0.0019437422112160985,0.5833333333333334,0.5833333333333334
RoadFines,duration,19,24,20000,True,-0.0019774308467839785,0.20833333333333334,0.7916666666666666
RoadFines,duration,16,24,20000,True,0.0020485975178561044,0.625,0.625
RoadFines,duration,20,24,20000,True,-0.0014820298506346696,0.4583333333333333,0.5416666666666667
RoadFines,duration,21,24,20000,True,0.00038208203394046736,0.625,0.625
RoadFines,duration,22,24,20000,True,-0.0024259423005297265,0.3333333333333333,0.6666666666666667
RoadFines,duration,24,24,20000,True,-0.0008059733039243455,0.3333333333333333,0.6666666666666667
RoadFines,duration,23,24,20000,True,-0.0027256136605701975,0.2916666666666667,0.7083333333333333
RoadFines,duration,25,24,20000,True,0.002919645811987448,0.8333333333333334,0.8333333333333334
RoadFines,duration,27,24,20000,True,-0.0017364479375747144,0.3333333333333333,0.6666666666666667
RoadFines,duration,29,24,20000,True,-0.0008423762446919669,0.375,0.625
RoadFines,duration,26,24,20000,True,0.001353886198925791,0.7916666666666666,0.7916666666666666
RoadFines,duration,30,24,20000,True,0.0006412469787402397,0.5,0.5
RoadFines,duration,31,24,20000,True,0.005290714246079076,0.7916666666666666,0.7916666666666666
RoadFines,duration,28,24,20000,True,-0.0004120832255294915,0.4166666666666667,0.5833333333333333
RoadFines,duration,32,24,20000,True,-0.0036790958838020804,0.4166666666666667,0.5833333333333333
RoadFines,duration,35,24,20000,True,0.0004533754847518001,0.5833333333333334,0.5833333333333334
RoadFines,duration,33,24,20000,True,-0.001464500311488981,0.3333333333333333,0.6666666666666667
RoadFines,duration,36,24,20000,True,0.002131174181304568,0.7083333333333334,0.7083333333333334
RoadFines,duration,34,24,20000,True,0.0005939140552232158,0.5,0.5
RoadFines,duration,37,24,20000,True,-0.0019885963998823863,0.375,0.625
RoadFines,duration,38,24,20000,True,0.00019190796636020524,0.5,0.5
RoadFines,duration,41,24,20000,True,0.0004012702497917242,0.5416666666666666,0.5416666666666666
RoadFines,duration,39,24,20000,True,-0.0011057399825711856,0.4166666666666667,0.5833333333333333
RoadFines,duration,40,24,20000,True,-0.001581762973454831,0.3333333333333333,0.6666666666666667
RoadFines,duration,42,24,20000,True,0.0006044222752235595,0.5416666666666666,0.5416666666666666
RoadFines,duration,44,24,20000,True,0.0005620481909032193,0.5416666666666666,0.5416666666666666
RoadFines,duration,43,24,20000,True,-0.0016378329838999672,0.375,0.625
RoadFines,duration,45,24,20000,True,0.001484111096495877,0.625,0.625
RoadFines,duration,46,24,20000,True,-0.0016520645742766349,0.375,0.625
RoadFines,duration,47,24,20000,True,-0.002285610011848238,0.375,0.625
RoadFines,duration,48,24,20000,True,0.00019893965378567358,0.5416666666666666,0.5416666666666666
RoadFines,duration,49,24,20000,True,-0.0036330240248000356,0.2916666666666667,0.7083333333333333
RoadFines,duration,50,24,20000,True,-0.006403791943672632,0.20833333333333334,0.7916666666666666
RoadFines,duration,51,24,20000,True,-0.0045978584451862314,0.25,0.75
RoadFines,duration,53,24,20000,True,0.0020182350034219365,0.6666666666666666,0.6666666666666666
RoadFines,duration,52,24,20000,True,0.0007694735380573414,0.5416666666666666,0.5416666666666666
RoadFines,duration,54,24,20000,True,-0.0020545376350505073,0.375,0.625
RoadFines,duration,55,24,20000,True,-0.003965317855713968,0.16666666666666666,0.8333333333333334
RoadFines,duration,57,24,20000,True,0.0003283307847877226,0.5416666666666666,0.5416666666666666
RoadFines,duration,56,24,20000,True,0.001159919414802757,0.7083333333333334,0.7083333333333334
RoadFines,duration,59,24,20000,True,0.0025937770383690772,0.75,0.75
RoadFines,duration,58,24,20000,True,-0.003602304241547283,0.08333333333333333,0.9166666666666666
RoadFines,duration,60,24,20000,True,-0.0010086280603101572,0.375,0.625
RoadFines,duration,62,24,20000,True,0.0002181164603166641,0.5416666666666666,0.5416666666666666
RoadFines,duration,61,24,20000,True,0.0011195274777072162,0.625,0.625
RoadFines,duration,64,24,20000,True,-0.003452782710446828,0.25,0.75
RoadFines,duration,65,24,20000,True,0.0010355981687208693,0.6666666666666666,0.6666666666666666
RoadFines,duration,63,24,20000,True,0.0029621990843504697,0.5833333333333334,0.5833333333333334
RoadFines,duration,66,24,20000,True,-0.00016522157732135057,0.5,0.5
RoadFines,duration,67,24,20000,True,0.0011363425719818077,0.625,0.625
RoadFines,duration,72,24,20000,True,-0.002433992438400867,0.4583333333333333,0.5416666666666667
RoadFines,duration,69,24,20000,True,-0.000903775457112066,0.25,0.75
RoadFines,duration,68,24,20000,True,6.228965062998748e-05,0.5,0.5
RoadFines,duration,70,24,20000,True,-0.003521520367356007,0.2916666666666667,0.7083333333333333
RoadFines,duration,71,24,20000,True,0.001883120634816382,0.6666666666666666,0.6666666666666666
RoadFines,duration,73,24,20000,True,-0.0012598858909221855,0.4166666666666667,0.5833333333333333
RoadFines,duration,75,24,20000,True,-0.0009677793945970792,0.3333333333333333,0.6666666666666667
RoadFines,duration,74,24,20000,True,-0.0007352759828343491,0.4583333333333333,0.5416666666666667
RoadFines,duration,78,24,20000,True,-0.001733805964420576,0.2916666666666667,0.7083333333333333
RoadFines,duration,76,24,20000,True,-0.002950409776915408,0.20833333333333334,0.7916666666666666
RoadFines,duration,77,24,20000,True,-0.006020146791379688,0.16666666666666666,0.8333333333333334
RoadFines,duration,79,24,20000,True,3.6103175806323495e-05,0.5,0.5
RoadFines,duration,80,24,20000,True,-0.0014943018537701414,0.20833333333333334,0.7916666666666666
RoadFines,duration,81,24,20000,True,-0.0024017359798015614,0.3333333333333333,0.6666666666666667
RoadFines,duration,82,24,20000,True,0.0005579796426920525,0.5416666666666666,0.5416666666666666
RoadFines,duration,84,24,20000,True,-0.007430774785291888,0.125,0.875
RoadFines,duration,83,24,20000,True,0.0011933267895805622,0.75,0.75
RoadFines,duration,85,24,20000,True,-0.0028668127112837782,0.25,0.75
RoadFines,duration,86,24,20000,True,0.0014202199954499173,0.7083333333333334,0.7083333333333334
RoadFines,duration,87,24,20000,True,0.0017868365331740743,0.5833333333333334,0.5833333333333334
RoadFines,duration,90,24,20000,True,-0.0021401625984063255,0.3333333333333333,0.6666666666666667
RoadFines,duration,88,24,20000,True,0.0018002243907696558,0.5416666666666666,0.5416666666666666
RoadFines,duration,89,24,20000,True,0.0001577426462125997,0.625,0.625
RoadFines,duration,94,24,20000,True,-0.0004364279438984209,0.5,0.5
RoadFines,duration,92,24,20000,True,0.00016305211638906192,0.5833333333333334,0.5833333333333334
RoadFines,duration,91,24,20000,True,0.002845792458301799,0.75,0.75
RoadFines,duration,96,24,20000,True,0.0011284051402066786,0.6666666666666666,0.6666666666666666
RoadFines,duration,95,24,20000,True,-0.004937493263252879,0.3333333333333333,0.6666666666666667
RoadFines,duration,93,24,20000,True,0.0012191228618251282,0.625,0.625
Sepsis,duration,-1,24,1050,False,0.15352784076593612,1.0,1.0
Sepsis,duration,0,24,1050,False,0.002724489795918217,0.625,0.625
RoadFines,duration,98,24,20000,True,0.004318825805532278,0.875,0.875
RoadFines,duration,97,24,20000,True,-0.001192976751069219,0.4583333333333333,0.5416666666666667
Sepsis,duration,1,24,1050,False,-0.00604081632653064,0.4166666666666667,0.5833333333333333
RoadFines,duration,99,24,20000,True,0.002934681185155996,0.7083333333333334,0.7083333333333334
Sepsis,duration,4,24,1050,False,-0.0079704165616864,0.25,0.75
Sepsis,duration,6,24,1050,False,0.0018859494415049416,0.5833333333333334,0.5833333333333334
Sepsis,duration,2,24,1050,False,-0.0012755102040816202,0.375,0.625
Sepsis,duration,5,24,1050,False,-0.013479591836734806,0.16666666666666666,0.8333333333333334
Sepsis,duration,3,24,1050,False,0.002239040060468711,0.5833333333333334,0.5833333333333334
Sepsis,duration,7,24,1050,False,-0.0022505144032921587,0.375,0.625
Sepsis,duration,9,24,1050,False,-0.011010204081632669,0.2916666666666667,0.7083333333333333
Sepsis,duration,8,24,1050,False,0.0012217078189301067,0.5416666666666666,0.5416666666666666
Sepsis,duration,11,24,1050,False,-0.002673469387755145,0.4166666666666667,0.5833333333333333
Sepsis,duration,12,24,1050,False,-0.004969387755102139,0.375,0.625
Sepsis,duration,10,24,1050,False,-0.005671128327874253,0.4166666666666667,0.5833333333333333
Sepsis,duration,13,24,1050,False,-0.00611224489795914,0.25,0.75
Sepsis,duration,16,24,1050,False,0.0018367346938775175,0.5,0.5
Sepsis,duration,15,24,1050,False,-0.012788842697572966,0.16666666666666666,0.8333333333333334
Sepsis,duration,18,24,1050,False,-0.006556248425296007,0.4166666666666667,0.5833333333333333
Sepsis,duration,14,24,1050,False,-0.004546432770639042,0.375,0.625
Sepsis,duration,17,24,1050,False,-0.002816326530612201,0.375,0.625
Sepsis,duration,19,24,1050,False,0.000269211388259083,0.5,0.5
Sepsis,duration,21,24,1050,False,0.005144032921810815,0.625,0.625
Sepsis,duration,23,24,1050,False,-0.0004795918367347385,0.4583333333333333,0.5416666666666667
Sepsis,duration,20,24,1050,False,0.007669322667338496,0.6666666666666666,0.6666666666666666
Sepsis,duration,22,24,1050,False,-0.006657848324514992,0.16666666666666666,0.8333333333333334
Sepsis,duration,24,24,1050,False,0.007823360208280783,0.625,0.625
Sepsis,duration,26,24,1050,False,-0.00197065801629287,0.4166666666666667,0.5833333333333333
Sepsis,duration,25,24,1050,False,-0.003744897959183646,0.4583333333333333,0.5416666666666667
Sepsis,duration,27,24,1050,False,-0.0012551020408162472,0.4583333333333333,0.5416666666666667
Sepsis,duration,29,24,1050,False,0.0021922188628538675,0.5416666666666666,0.5416666666666666
Sepsis,duration,30,24,1050,False,0.0028292181069959343,0.625,0.625
Sepsis,duration,28,24,1050,False,-0.003922325102880597,0.375,0.625
Sepsis,duration,31,24,1050,False,-0.005577191987906294,0.3333333333333333,0.6666666666666667
Sepsis,duration,32,24,1050,False,-0.014928235491727615,0.08333333333333333,0.9166666666666666
Sepsis,duration,33,24,1050,False,0.0032244897959183283,0.5416666666666666,0.5416666666666666
Sepsis,duration,35,24,1050,False,-0.0023791152263373805,0.4583333333333333,0.5416666666666667
Sepsis,duration,34,24,1050,False,-0.010251102292768877,0.125,0.875
Sepsis,duration,36,24,1050,False,-0.004830194423448286,0.3333333333333333,0.6666666666666667
Sepsis,duration,38,24,1050,False,-0.002295918367346994,0.4166666666666667,0.5833333333333333
Sepsis,duration,37,24,1050,False,-0.013459183673469433,0.20833333333333334,0.7916666666666666
Sepsis,duration,39,24,1050,False,-0.004039157638363933,0.4583333333333333,0.5416666666666667
Sepsis,duration,42,24,1050,False,-0.002953325774754323,0.4583333333333333,0.5416666666666667
Sepsis,duration,41,24,1050,False,-0.0017755102040816761,0.375,0.625
Sepsis,duration,40,24,1050,False,0.004387755102040758,0.5833333333333334,0.5833333333333334
Sepsis,duration,44,24,1050,False,-0.0045281242126480326,0.2916666666666667,0.7083333333333333
Sepsis,duration,43,24,1050,False,-0.0012755102040817867,0.375,0.625
Sepsis,duration,45,24,1050,False,-0.0037294238683126535,0.3333333333333333,0.6666666666666667
Sepsis,duration,50,24,1050,False,-0.008103216595280016,0.20833333333333334,0.7916666666666666
Sepsis,duration,51,24,1050,False,-0.0026778155706727036,0.375,0.625
Sepsis,duration,49,24,1050,False,-0.0033436213991769326,0.4166666666666667,0.5833333333333333
Sepsis,duration,47,24,1050,False,0.0016980767615688563,0.5833333333333334,0.5833333333333334
Sepsis,duration,46,24,1050,False,-0.004169858066683518,0.2916666666666667,0.7083333333333333
Sepsis,duration,48,24,1050,False,-0.00681632653061226,0.4166666666666667,0.5833333333333333
Sepsis,duration,52,24,1050,False,0.0024594776182078615,0.5416666666666666,0.5416666666666666
Sepsis,duration,53,24,1050,False,0.00472717729066946,0.7083333333333334,0.7083333333333334
Sepsis,duration,55,24,1050,False,-0.004539451583102427,0.4583333333333333,0.5416666666666667
Sepsis,duration,54,24,1050,False,-0.0088673469387755,0.4583333333333333,0.5416666666666667
Sepsis,duration,56,24,1050,False,0.006411974048878888,0.625,0.625
Sepsis,duration,59,24,1050,False,0.005602040816326426,0.6666666666666666,0.6666666666666666
Sepsis,duration,58,24,1050,False,0.0021219135802468814,0.75,0.75
Sepsis,duration,57,24,1050,False,-0.006153061224489886,0.4583333333333333,0.5416666666666667
Sepsis,duration,60,24,1050,False,0.005330194423448398,0.6666666666666666,0.6666666666666666
Sepsis,duration,62,24,1050,False,0.007421348786428139,0.75,0.75
Sepsis,duration,61,24,1050,False,-0.002081632653061216,0.375,0.625
Sepsis,duration,65,24,1050,False,-0.0016227429243302893,0.4583333333333333,0.5416666666666667
Sepsis,duration,63,24,1050,False,0.0056568720080623636,0.5833333333333334,0.5833333333333334
Sepsis,duration,64,24,1050,False,0.002744897959183812,0.625,0.625
Sepsis,duration,66,24,1050,False,-0.004091836734693932,0.4583333333333333,0.5416666666666667
Sepsis,duration,68,24,1050,False,-0.012217078189300401,0.2916666666666667,0.7083333333333333
Sepsis,duration,67,24,1050,False,-0.009088813303098908,0.25,0.75
Sepsis,duration,70,24,1050,False,0.004069769883261964,0.5833333333333334,0.5833333333333334
Sepsis,duration,69,24,1050,False,-0.003622448979591908,0.4583333333333333,0.5416666666666667
Sepsis,duration,71,24,1050,False,-0.002275510204081621,0.4166666666666667,0.5833333333333333
Sepsis,duration,72,24,1050,False,-0.004941316032585907,0.375,0.625
Sepsis,duration,76,24,1050,False,-0.0027649176954731014,0.4583333333333333,0.5416666666666667
Sepsis,duration,73,24,1050,False,-0.0009633828840176495,0.4166666666666667,0.5833333333333333
Sepsis,duration,74,24,1050,False,-0.005224489795918386,0.3333333333333333,0.6666666666666667
Sepsis,duration,75,24,1050,False,-0.0033436213991769326,0.375,0.625
Sepsis,duration,78,24,1050,False,0.005051020408163298,0.6666666666666666,0.6666666666666666
Sepsis,duration,77,24,1050,False,-0.004886831275720149,0.4166666666666667,0.5833333333333333
Sepsis,duration,79,24,1050,False,-0.0007755102040817863,0.4583333333333333,0.5416666666666667
Sepsis,duration,80,24,1050,False,-0.0016122448979592474,0.375,0.625
Sepsis,duration,81,24,1050,False,-0.0005989648945998183,0.5,0.5
Sepsis,duration,83,24,1050,False,-0.0036651234567900426,0.4166666666666667,0.5833333333333333
Sepsis,duration,82,24,1050,False,-0.013760288065843618,0.25,0.75
Sepsis,duration,84,24,1050,False,0.016084372637944044,0.7916666666666666,0.7916666666666666
Sepsis,duration,86,24,1050,False,0.010099017384731679,0.7916666666666666,0.7916666666666666
Sepsis,duration,87,24,1050,False,-0.008642857142857119,0.25,0.75
Sepsis,duration,89,24,1050,False,-0.0048775510204081,0.4166666666666667,0.5833333333333333
Sepsis,duration,88,24,1050,False,-0.0038455740320819665,0.3333333333333333,0.6666666666666667
Sepsis,duration,85,24,1050,False,4.081632653063494e-05,0.5,0.5
Sepsis,duration,90,24,1050,False,-0.005803634416729597,0.2916666666666667,0.7083333333333333
Sepsis,duration,92,24,1050,False,-0.020346938775510304,0.20833333333333334,0.7916666666666666
Sepsis,duration,91,24,1050,False,0.004204081632653012,0.6666666666666666,0.6666666666666666
Sepsis,duration,93,24,1050,False,0.009593988830099986,0.75,0.75
Sepsis,duration,97,24,1050,False,-0.007714285714285785,0.20833333333333334,0.7916666666666666
Sepsis,duration,95,24,1050,False,-0.002071428571428613,0.4583333333333333,0.5416666666666667
Sepsis,duration,94,24,1050,False,0.003100529100529159,0.5833333333333334,0.5833333333333334
Sepsis,duration,96,24,1050,False,-0.003867346938775551,0.4166666666666667,0.5833333333333333
Sepsis,duration,99,24,1050,False,-0.01928635466532297,0.125,0.875
Sepsis,duration,98,24,1050,False,-0.007272192827748325,0.25,0.75
UCI498,duration,0,24,20000,True,-0.006756192171847808,0.375,0.625
UCI498,duration,1,24,20000,True,-0.0026586086213157833,0.3333333333333333,0.6666666666666667
UCI498,duration,-1,24,20000,True,0.005393787408120521,0.625,0.625
UCI498,duration,4,24,20000,True,-0.009276759142065438,0.16666666666666666,0.8333333333333334
UCI498,duration,3,24,20000,True,-0.004221113642864205,0.25,0.75
UCI498,duration,2,24,20000,True,-0.004352838431225747,0.20833333333333334,0.7916666666666666
UCI498,duration,9,24,20000,True,-0.005920311031401226,0.2916666666666667,0.7083333333333333
UCI498,duration,5,24,20000,True,-0.0053286397617110515,0.20833333333333334,0.7916666666666666
UCI498,duration,6,24,20000,True,-0.005935270325226394,0.2916666666666667,0.7083333333333333
UCI498,duration,7,24,20000,True,-0.005342868663378408,0.2916666666666667,0.7083333333333333
UCI498,duration,8,24,20000,True,-0.0023776027690023405,0.5,0.5
UCI498,duration,10,24,20000,True,-0.004376781645396621,0.25,0.75
UCI498,duration,11,24,20000,True,-0.006344380589668408,0.2916666666666667,0.7083333333333333
UCI498,duration,13,24,20000,True,-0.005627050561316405,0.08333333333333333,0.9166666666666666
UCI498,duration,14,24,20000,True,-0.004652765949241355,0.20833333333333334,0.7916666666666666
UCI498,duration,12,24,20000,True,-0.0026367242636392008,0.25,0.75
UCI498,duration,15,24,20000,True,-0.008236117617664351,0.16666666666666666,0.8333333333333334
UCI498,duration,18,24,20000,True,-0.008709749364574249,0.20833333333333334,0.7916666666666666
UCI498,duration,17,24,20000,True,-0.00666487618091971,0.16666666666666666,0.8333333333333334
UCI498,duration,16,24,20000,True,-0.009293668550967304,0.20833333333333334,0.7916666666666666
UCI498,duration,19,24,20000,True,-0.0010571933889765295,0.4583333333333333,0.5416666666666667
UCI498,duration,21,24,20000,True,-0.006070211791438129,0.2916666666666667,0.7083333333333333
UCI498,duration,22,24,20000,True,-0.00572765395055258,0.16666666666666666,0.8333333333333334
UCI498,duration,20,24,20000,True,-0.008940958223447149,0.16666666666666666,0.8333333333333334
UCI498,duration,23,24,20000,True,-0.006421556181887694,0.2916666666666667,0.7083333333333333
UCI498,duration,24,24,20000,True,-0.003944455528036905,0.2916666666666667,0.7083333333333333
UCI498,duration,26,24,20000,True,-0.0013918345705194457,0.4166666666666667,0.5833333333333333
UCI498,duration,25,24,20000,True,-0.007882453885904972,0.20833333333333334,0.7916666666666666
UCI498,duration,28,24,20000,True,-0.005693446034840954,0.2916666666666667,0.7083333333333333
UCI498,duration,29,24,20000,True,-0.004921318361352234,0.25,0.75
UCI498,duration,27,24,20000,True,-0.004983987286242664,0.375,0.625
UCI498,duration,30,24,20000,True,-0.000703436456847284,0.4583333333333333,0.5416666666666667
UCI498,duration,31,24,20000,True,-0.0043110997914249105,0.25,0.75
UCI498,duration,32,24,20000,True,-0.007054325011983886,0.16666666666666666,0.8333333333333334
UCI498,duration,33,24,20000,True,-0.006820869716125777,0.125,0.875
UCI498,duration,34,24,20000,True,-0.007376658744547737,0.2916666666666667,0.7083333333333333
UCI498,duration,35,24,20000,True,-0.003360384735884958,0.3333333333333333,0.6666666666666667
UCI498,duration,36,24,20000,True,-0.00617325975451094,0.20833333333333334,0.7916666666666666
UCI498,duration,37,24,20000,True,-0.007538690495587197,0.3333333333333333,0.6666666666666667
UCI498,duration,38,24,20000,True,-0.0032019401656387947,0.3333333333333333,0.6666666666666667
UCI498,duration,39,24,20000,True,-0.0037848415118957868,0.25,0.75
UCI498,duration,41,24,20000,True,-0.004404672239537111,0.375,0.625
UCI498,duration,43,24,20000,True,-0.0037415725620571494,0.2916666666666667,0.7083333333333333
UCI498,duration,40,24,20000,True,-0.004005789644522639,0.20833333333333334,0.7916666666666666
UCI498,duration,42,24,20000,True,-0.004129850033906868,0.25,0.75
UCI498,duration,47,24,20000,True,-0.006277538171802821,0.25,0.75
UCI498,duration,46,24,20000,True,-0.009066101656896697,0.20833333333333334,0.7916666666666666
UCI498,duration,44,24,20000,True,-0.002497570151141937,0.375,0.625
UCI498,duration,45,24,20000,True,-0.000645846138322026,0.4166666666666667,0.5833333333333333
UCI498,duration,48,24,20000,True,-0.008396210740308052,0.125,0.875
UCI498,duration,49,24,20000,True,-0.005246774817978528,0.2916666666666667,0.7083333333333333
UCI498,duration,51,24,20000,True,-0.0041224904309372645,0.2916666666666667,0.7083333333333333
UCI498,duration,50,24,20000,True,-0.010187712744563177,0.16666666666666666,0.8333333333333334
UCI498,duration,53,24,20000,True,-0.00897180833905492,0.16666666666666666,0.8333333333333334
UCI498,duration,54,24,20000,True,-0.004379880941406622,0.2916666666666667,0.7083333333333333
UCI498,duration,52,24,20000,True,-0.00197072209652166,0.2916666666666667,0.7083333333333333
UCI498,duration,55,24,20000,True,-0.008055768915570471,0.25,0.75
UCI498,duration,57,24,20000,True,-0.004371182444364241,0.08333333333333333,0.9166666666666666
UCI498,duration,59,24,20000,True,-0.0026226543342792175,0.25,0.75
UCI498,duration,56,24,20000,True,-0.003975861215648635,0.16666666666666666,0.8333333333333334
UCI498,duration,58,24,20000,True,-0.0022810202246522637,0.25,0.75
UCI498,duration,60,24,20000,True,-0.0018730126217205156,0.375,0.625
UCI498,duration,61,24,20000,True,-0.004506538457830195,0.125,0.875
UCI498,duration,62,24,20000,True,-0.004591490213278093,0.2916666666666667,0.7083333333333333
UCI498,duration,64,24,20000,True,-0.0023848337987974477,0.3333333333333333,0.6666666666666667
UCI498,duration,63,24,20000,True,-0.0032565746129791795,0.3333333333333333,0.6666666666666667
UCI498,duration,65,24,20000,True,-0.005579342072702331,0.25,0.75
UCI498,duration,66,24,20000,True,-0.0056534601281016394,0.20833333333333334,0.7916666666666666
UCI498,duration,67,24,20000,True,-0.008126484039835347,0.16666666666666666,0.8333333333333334
UCI498,duration,69,24,20000,True,-0.004783923738685247,0.25,0.75
UCI498,duration,70,24,20000,True,-0.003421507403206514,0.3333333333333333,0.6666666666666667
UCI498,duration,68,24,20000,True,-0.00817347401167895,0.20833333333333334,0.7916666666666666
UCI498,duration,71,24,20000,True,-0.0031336471064632443,0.2916666666666667,0.7083333333333333
UCI498,duration,72,24,20000,True,-0.006499028875281643,0.20833333333333334,0.7916666666666666
UCI498,duration,73,24,20000,True,-0.0041500085165461775,0.2916666666666667,0.7083333333333333
UCI498,duration,74,24,20000,True,-0.004977961428080213,0.375,0.625
UCI498,duration,75,24,20000,True,-0.003607480419978215,0.3333333333333333,0.6666666666666667
UCI498,duration,76,24,20000,True,-0.0037194766163770043,0.3333333333333333,0.6666666666666667
UCI498,duration,77,24,20000,True,-0.008084090448934489,0.20833333333333334,0.7916666666666666
UCI498,duration,78,24,20000,True,-0.002769314033552961,0.3333333333333333,0.6666666666666667
UCI498,duration,79,24,20000,True,-0.004067212581562729,0.25,0.75
UCI498,duration,80,24,20000,True,-0.01273786070786953,0.125,0.875
UCI498,duration,81,24,20000,True,-0.000276530249700202,0.4166666666666667,0.5833333333333333
UCI498,duration,82,24,20000,True,-0.006080291747948663,0.375,0.625
UCI498,duration,83,24,20000,True,-0.002899237960509893,0.2916666666666667,0.7083333333333333
UCI498,duration,85,24,20000,True,-0.006170277896509424,0.2916666666666667,0.7083333333333333
UCI498,duration,84,24,20000,True,-0.006221296828952477,0.2916666666666667,0.7083333333333333
UCI498,duration,87,24,20000,True,-0.0028118903079454305,0.3333333333333333,0.6666666666666667
UCI498,duration,88,24,20000,True,-0.0028640766240900506,0.3333333333333333,0.6666666666666667
UCI498,duration,86,24,20000,True,-0.006973123065699527,0.16666666666666666,0.8333333333333334
UCI498,duration,89,24,20000,True,-0.00479221924800971,0.25,0.75
UCI498,duration,90,24,20000,True,-0.003855655402532021,0.25,0.75
UCI498,duration,91,24,20000,True,-0.00027201394865883355,0.4583333333333333,0.5416666666666667
UCI498,duration,92,24,20000,True,-0.0024484358858690713,0.4166666666666667,0.5833333333333333
UCI498,duration,93,24,20000,True,-0.0033801047053114708,0.25,0.75
UCI498,duration,95,24,20000,True,-0.0049120787121696985,0.16666666666666666,0.8333333333333334
UCI498,duration,96,24,20000,True,-0.0038591652729006998,0.3333333333333333,0.6666666666666667
UCI498,duration,94,24,20000,True,-0.004924616341935806,0.4166666666666667,0.5833333333333333
UCI498,duration,97,24,20000,True,-0.0020310563278453375,0.375,0.625
UCI498,duration,98,24,20000,True,-0.003738241542105447,0.3333333333333333,0.6666666666666667
UCI498,handover,-1,24,20000,True,0.00012580662586464397,0.5,0.5
UCI498,handover,0,24,20000,True,-0.0004105175174414777,0.5,0.5
UCI498,duration,99,24,20000,True,-0.006994615293145934,0.125,0.875
UCI498,handover,2,24,20000,True,-0.0033443901613466887,0.25,0.75
UCI498,handover,1,24,20000,True,-0.0016633907219176236,0.4166666666666667,0.5833333333333333
UCI498,handover,4,24,20000,True,-0.0037213015611659572,0.041666666666666664,0.9583333333333334
UCI498,handover,3,24,20000,True,-0.001665883769124854,0.4166666666666667,0.5833333333333333
UCI498,handover,6,24,20000,True,-0.0020221965083336013,0.16666666666666666,0.8333333333333334
UCI498,handover,7,24,20000,True,-0.001355655079425755,0.25,0.75
UCI498,handover,5,24,20000,True,-0.0011446189083620384,0.20833333333333334,0.7916666666666666
UCI498,handover,11,24,20000,True,-0.001552032023394323,0.4583333333333333,0.5416666666666667
UCI498,handover,9,24,20000,True,-0.0014279520183766437,0.25,0.75
UCI498,handover,8,24,20000,True,-0.0026141271371801222,0.20833333333333334,0.7916666666666666
UCI498,handover,10,24,20000,True,-0.002414456793123798,0.20833333333333334,0.7916666666666666
UCI498,handover,12,24,20000,True,-0.001004945009140057,0.3333333333333333,0.6666666666666667
UCI498,handover,15,24,20000,True,-0.0027537604143239303,0.20833333333333334,0.7916666666666666
UCI498,handover,13,24,20000,True,-0.0012186522276762535,0.375,0.625
UCI498,handover,14,24,20000,True,-0.0018076454056256686,0.16666666666666666,0.8333333333333334
UCI498,handover,16,24,20000,True,-0.0016653025643923458,0.4583333333333333,0.5416666666666667
UCI498,handover,17,24,20000,True,-0.0009640276129867509,0.3333333333333333,0.6666666666666667
UCI498,handover,20,24,20000,True,-0.0020763397381631243,0.20833333333333334,0.7916666666666666
UCI498,handover,21,24,20000,True,-0.0029750340959411314,0.125,0.875
UCI498,handover,18,24,20000,True,-0.003118261105360065,0.16666666666666666,0.8333333333333334
UCI498,handover,23,24,20000,True,-0.002068876664389596,0.3333333333333333,0.6666666666666667
UCI498,handover,19,24,20000,True,-0.0011709342806792145,0.3333333333333333,0.6666666666666667
UCI498,handover,22,24,20000,True,-0.0022006835952534942,0.20833333333333334,0.7916666666666666
UCI498,handover,25,24,20000,True,-0.001238561651357828,0.2916666666666667,0.7083333333333333
UCI498,handover,24,24,20000,True,-0.002335870562758191,0.2916666666666667,0.7083333333333333
UCI498,handover,26,24,20000,True,-0.00030578317206630956,0.4583333333333333,0.5416666666666667
UCI498,handover,27,24,20000,True,-0.0022222376813551548,0.20833333333333334,0.7916666666666666
UCI498,handover,28,24,20000,True,-0.0029080001558025037,0.125,0.875
UCI498,handover,30,24,20000,True,-0.00254737365741714,0.2916666666666667,0.7083333333333333
UCI498,handover,29,24,20000,True,-0.0022103871857155344,0.16666666666666666,0.8333333333333334
UCI498,handover,31,24,20000,True,-0.0032644461700386262,0.25,0.75
UCI498,handover,32,24,20000,True,-0.0009589715241074548,0.3333333333333333,0.6666666666666667
UCI498,handover,34,24,20000,True,-0.0019376724255612543,0.16666666666666666,0.8333333333333334
UCI498,handover,33,24,20000,True,-0.00203532155902425,0.16666666666666666,0.8333333333333334
UCI498,handover,35,24,20000,True,-0.0025287566056861888,0.25,0.75
UCI498,handover,36,24,20000,True,-0.002703124647645605,0.25,0.75
UCI498,handover,37,24,20000,True,-0.0025899949704663028,0.20833333333333334,0.7916666666666666
UCI498,handover,38,24,20000,True,-0.0010492506305711524,0.4583333333333333,0.5416666666666667
UCI498,handover,39,24,20000,True,-0.0024844586206916874,0.16666666666666666,0.8333333333333334
UCI498,handover,40,24,20000,True,-0.0020082035978379875,0.16666666666666666,0.8333333333333334
UCI498,handover,42,24,20000,True,-0.0006554520706371636,0.4583333333333333,0.5416666666666667
UCI498,handover,43,24,20000,True,-0.002843923935037296,0.2916666666666667,0.7083333333333333
UCI498,handover,46,24,20000,True,-0.002848073135613749,0.25,0.75
UCI498,handover,41,24,20000,True,-0.0020795701590635707,0.25,0.75
UCI498,handover,45,24,20000,True,-0.0017169426178909597,0.2916666666666667,0.7083333333333333
UCI498,handover,44,24,20000,True,-0.0014087419951944735,0.2916666666666667,0.7083333333333333
UCI498,handover,47,24,20000,True,-0.0016862936197967193,0.3333333333333333,0.6666666666666667
UCI498,handover,48,24,20000,True,-0.002826157445417199,0.25,0.75
UCI498,handover,49,24,20000,True,-0.0020678522630479534,0.4166666666666667,0.5833333333333333
UCI498,handover,51,24,20000,True,-0.003179983918763507,0.08333333333333333,0.9166666666666666
UCI498,handover,50,24,20000,True,-0.002435155558348334,0.3333333333333333,0.6666666666666667
UCI498,handover,53,24,20000,True,-0.002242378000106293,0.20833333333333334,0.7916666666666666
UCI498,handover,52,24,20000,True,-0.002285246319297829,0.3333333333333333,0.6666666666666667
UCI498,handover,54,24,20000,True,-0.00295219411785852,0.3333333333333333,0.6666666666666667
UCI498,handover,56,24,20000,True,-0.002732535145435644,0.16666666666666666,0.8333333333333334
UCI498,handover,55,24,20000,True,-0.0007638015432042677,0.3333333333333333,0.6666666666666667
UCI498,handover,58,24,20000,True,-0.003852718192467408,0.20833333333333334,0.7916666666666666
UCI498,handover,60,24,20000,True,-0.002582350579465209,0.2916666666666667,0.7083333333333333
UCI498,handover,57,24,20000,True,-0.002113640440666087,0.375,0.625
UCI498,handover,59,24,20000,True,-0.0014325484262723842,0.2916666666666667,0.7083333333333333
UCI498,handover,61,24,20000,True,-0.0020349821426431103,0.20833333333333334,0.7916666666666666
UCI498,handover,62,24,20000,True,-0.0015551858628244375,0.25,0.75
UCI498,handover,63,24,20000,True,-0.002245987091041346,0.375,0.625
UCI498,handover,64,24,20000,True,-0.0014290005273313588,0.4583333333333333,0.5416666666666667
UCI498,handover,66,24,20000,True,-0.003212299950311026,0.125,0.875
UCI498,handover,65,24,20000,True,-0.002333087267020695,0.3333333333333333,0.6666666666666667
UCI498,handover,67,24,20000,True,-0.0023270695660684293,0.20833333333333334,0.7916666666666666
UCI498,handover,68,24,20000,True,-0.0012779634330938316,0.2916666666666667,0.7083333333333333
UCI498,handover,70,24,20000,True,-0.0021203083999366545,0.2916666666666667,0.7083333333333333
UCI498,handover,73,24,20000,True,-0.0032450103391139518,0.08333333333333333,0.9166666666666666
UCI498,handover,72,24,20000,True,-0.0027596359944894733,0.25,0.75
UCI498,handover,71,24,20000,True,-0.0023164335481805076,0.20833333333333334,0.7916666666666666
UCI498,handover,69,24,20000,True,-0.0011513474325948736,0.375,0.625
UCI498,handover,76,24,20000,True,-0.0012363073622647103,0.25,0.75
UCI498,handover,74,24,20000,True,-0.0008503380658752557,0.375,0.625
UCI498,handover,79,24,20000,True,-0.0021443464601520468,0.2916666666666667,0.7083333333333333
UCI498,handover,77,24,20000,True,-0.0023693825540845315,0.20833333333333334,0.7916666666666666
UCI498,handover,75,24,20000,True,-0.0008647008959998814,0.375,0.625
UCI498,handover,78,24,20000,True,-0.0034333435325597517,0.25,0.75
UCI498,handover,80,24,20000,True,-0.0013361822741250196,0.2916666666666667,0.7083333333333333
UCI498,handover,81,24,20000,True,-0.000424068090840668,0.4166666666666667,0.5833333333333333
UCI498,handover,85,24,20000,True,-0.0024792221085445654,0.125,0.875
UCI498,handover,82,24,20000,True,-0.0029207212202486676,0.08333333333333333,0.9166666666666666
UCI498,handover,83,24,20000,True,-0.0027181527258678395,0.2916666666666667,0.7083333333333333
UCI498,handover,84,24,20000,True,-0.0015089570912886208,0.20833333333333334,0.7916666666666666
UCI498,handover,88,24,20000,True,-0.0034571857653802884,0.20833333333333334,0.7916666666666666
UCI498,handover,86,24,20000,True,-0.003102825057305414,0.20833333333333334,0.7916666666666666
UCI498,handover,89,24,20000,True,-0.0034990007670273604,0.125,0.875
UCI498,handover,87,24,20000,True,-0.001870026737847863,0.3333333333333333,0.6666666666666667
UCI498,handover,90,24,20000,True,-0.003027313559217426,0.20833333333333334,0.7916666666666666
UCI498,handover,93,24,20000,True,-0.0016221058093409124,0.2916666666666667,0.7083333333333333
UCI498,handover,92,24,20000,True,-0.0038489141453324494,0.2916666666666667,0.7083333333333333
UCI498,handover,91,24,20000,True,-0.002381230599599715,0.125,0.875
UCI498,handover,94,24,20000,True,-0.00168925458651209,0.3333333333333333,0.6666666666666667
UCI498,handover,95,24,20000,True,-0.002185487394338048,0.2916666666666667,0.7083333333333333
UCI498,handover,96,24,20000,True,-0.0026861505048620393,0.16666666666666666,0.8333333333333334
UCI498,handover,97,24,20000,True,-0.001573411626405119,0.375,0.625
UCI498,handover,98,24,20000,True,-0.001760535471924507,0.16666666666666666,0.8333333333333334
UCI498,handover,99,24,20000,True,-0.0033908340849704843,0.20833333333333334,0.7916666666666666
