log,target,family,encoding,split,quality,level,quality_level,rung,metric,without_f,with_f,V
BPIC14,duration,logistic,frequency,holdout70,clean,1.0,clean/1.0,B_half,auc,0.528359895461084,0.6276194616397998,0.09925956617871579
BPIC14,duration,logistic,frequency,holdout70,clean,1.0,clean/1.0,B_half,ap,0.45213974138589347,0.5149396875452832,0.06279994615938972
BPIC14,duration,logistic,frequency,holdout70,clean,1.0,clean/1.0,B_half,brier_skill,0.017289990806529598,0.03942379288154452,0.02213380207501492
BPIC14,duration,logistic,frequency,holdout70,clean,1.0,clean/1.0,B_half,nagelkerke,0.02289894067262077,0.04783759726107458,0.02493865658845381
BPIC14,duration,logistic,frequency,holdout70,clean,1.0,clean/1.0,B_half,logloss_skill,0.01249618640884076,0.02635633722481945,0.013860150815978689
BPIC14,duration,logistic,frequency,holdout70,clean,1.0,clean/1.0,B_intake,auc,0.5278057019980354,0.6289370154452176,0.10113131344718218
BPIC14,duration,logistic,frequency,holdout70,clean,1.0,clean/1.0,B_intake,ap,0.45103342359553106,0.5164889112788906,0.06545548768335957
BPIC14,duration,logistic,frequency,holdout70,clean,1.0,clean/1.0,B_intake,brier_skill,0.01810960131942707,0.04002912276521253,0.02191952144578546
BPIC14,duration,logistic,frequency,holdout70,clean,1.0,clean/1.0,B_intake,nagelkerke,0.024004844578150813,0.04878196623033378,0.02477712165218297
BPIC14,duration,logistic,frequency,holdout70,clean,1.0,clean/1.0,B_intake,logloss_skill,0.01310520418915151,0.026886458438689753,0.013781254249538244
BPIC14,duration,logistic,frequency,holdout70,clean,1.0,clean/1.0,B_intake_g,auc,0.5549651428250357,0.6491309473084665,0.09416580448343081
BPIC14,duration,logistic,frequency,holdout70,clean,1.0,clean/1.0,B_intake_g,ap,0.48690385222521737,0.5278212908364858,0.0409174386112684
BPIC14,duration,logistic,frequency,holdout70,clean,1.0,clean/1.0,B_intake_g,brier_skill,0.035286207522055024,0.057171194605524556,0.02188498708346953
BPIC14,duration,logistic,frequency,holdout70,clean,1.0,clean/1.0,B_intake_g,nagelkerke,0.04676148753813777,0.07126959254382366,0.02450810500568589
BPIC14,duration,logistic,frequency,holdout70,clean,1.0,clean/1.0,B_intake_g,logloss_skill,0.02575273790174426,0.03962636175387524,0.013873623852130978
BPIC14,duration,logistic,frequency,holdout70,clean,1.0,clean/1.0,B_intake_g_km,auc,0.5926295206300228,0.6497822461268226,0.05715272549679973
BPIC14,duration,logistic,frequency,holdout70,clean,1.0,clean/1.0,B_intake_g_km,ap,0.509700670183395,0.5257181005157762,0.016017430332381122
BPIC14,duration,logistic,frequency,holdout70,clean,1.0,clean/1.0,B_intake_g_km,brier_skill,0.03418078035719718,0.05560507074399057,0.021424290386793388
BPIC14,duration,logistic,frequency,holdout70,clean,1.0,clean/1.0,B_intake_g_km,nagelkerke,0.04578479697030454,0.06883082175766193,0.023046024787357393
BPIC14,duration,logistic,frequency,holdout70,clean,1.0,clean/1.0,B_intake_g_km,logloss_skill,0.025205340539879884,0.03823379838512231,0.013028457845242425
BPIC14,duration,logistic,frequency,holdout70,mask_rare,0.5,mask_rare/0.5,B_half,auc,0.528359895461084,0.5933749774664574,0.06501508200537343
BPIC14,duration,logistic,frequency,holdout70,mask_rare,0.5,mask_rare/0.5,B_half,ap,0.45213974138589347,0.5047715532978965,0.052631811912003
BPIC14,duration,logistic,frequency,holdout70,mask_rare,0.5,mask_rare/0.5,B_half,brier_skill,0.017289990806529598,0.022443342912347175,0.005153352105817577
BPIC14,duration,logistic,frequency,holdout70,mask_rare,0.5,mask_rare/0.5,B_half,nagelkerke,0.02289894067262077,0.02031484340541671,-0.0025840972672040614
BPIC14,duration,logistic,frequency,holdout70,mask_rare,0.5,mask_rare/0.5,B_half,logloss_skill,0.01249618640884076,0.011075133435868967,-0.0014210529729717924
BPIC14,duration,logistic,frequency,holdout70,mask_rare,0.5,mask_rare/0.5,B_intake,auc,0.5278057019980354,0.5935917217198603,0.06578601972182485
BPIC14,duration,logistic,frequency,holdout70,mask_rare,0.5,mask_rare/0.5,B_intake,ap,0.45103342359553106,0.5042272555752005,0.05319383197966948
BPIC14,duration,logistic,frequency,holdout70,mask_rare,0.5,mask_rare/0.5,B_intake,brier_skill,0.01810960131942707,0.022902327602556616,0.004792726283129545
BPIC14,duration,logistic,frequency,holdout70,mask_rare,0.5,mask_rare/0.5,B_intake,nagelkerke,0.024004844578150813,0.02103815564550097,-0.0029666889326498413
BPIC14,duration,logistic,frequency,holdout70,mask_rare,0.5,mask_rare/0.5,B_intake,logloss_skill,0.01310520418915151,0.011472616990333195,-0.0016325871988183138
BPIC14,duration,logistic,frequency,holdout70,mask_rare,0.5,mask_rare/0.5,B_intake_g,auc,0.5549651428250357,0.6095720692096654,0.05460692638462972
BPIC14,duration,logistic,frequency,holdout70,mask_rare,0.5,mask_rare/0.5,B_intake_g,ap,0.48690385222521737,0.5279887859036783,0.04108493367846089
BPIC14,duration,logistic,frequency,holdout70,mask_rare,0.5,mask_rare/0.5,B_intake_g,brier_skill,0.035286207522055024,0.03796200500708469,0.002675797485029663
BPIC14,duration,logistic,frequency,holdout70,mask_rare,0.5,mask_rare/0.5,B_intake_g,nagelkerke,0.04676148753813777,0.040452683042173344,-0.0063088044959644235
BPIC14,duration,logistic,frequency,holdout70,mask_rare,0.5,mask_rare/0.5,B_intake_g,logloss_skill,0.02575273790174426,0.022224198755322444,-0.0035285391464218163
BPIC14,duration,logistic,frequency,holdout70,mask_rare,0.5,mask_rare/0.5,B_intake_g_km,auc,0.5926295206300228,0.6220893999706354,0.02945987934061256
BPIC14,duration,logistic,frequency,holdout70,mask_rare,0.5,mask_rare/0.5,B_intake_g_km,ap,0.509700670183395,0.5363992781664539,0.026698607983058897
BPIC14,duration,logistic,frequency,holdout70,mask_rare,0.5,mask_rare/0.5,B_intake_g_km,brier_skill,0.03418078035719718,0.0412895320884582,0.0071087517312610204
BPIC14,duration,logistic,frequency,holdout70,mask_rare,0.5,mask_rare/0.5,B_intake_g_km,nagelkerke,0.04578479697030454,0.04791087314233936,0.0021260761720348215
BPIC14,duration,logistic,frequency,holdout70,mask_rare,0.5,mask_rare/0.5,B_intake_g_km,logloss_skill,0.025205340539879884,0.02639745667805593,0.001192116138176047
BPIC14,duration,logistic,frequency,holdout70,corrupt,0.15,corrupt/0.15,B_half,auc,0.528359895461084,0.6126391707555918,0.08427927529450785
BPIC14,duration,logistic,frequency,holdout70,corrupt,0.15,corrupt/0.15,B_half,ap,0.45213974138589347,0.5034551800070562,0.05131543862116278
BPIC14,duration,logistic,frequency,holdout70,corrupt,0.15,corrupt/0.15,B_half,brier_skill,0.017289990806529598,0.031267917210702434,0.013977926404172836
BPIC14,duration,logistic,frequency,holdout70,corrupt,0.15,corrupt/0.15,B_half,nagelkerke,0.02289894067262077,0.038859008102860436,0.015960067430239665
BPIC14,duration,logistic,frequency,holdout70,corrupt,0.15,corrupt/0.15,B_half,logloss_skill,0.01249618640884076,0.02133557417761589,0.008839387768775131
BPIC14,duration,logistic,frequency,holdout70,corrupt,0.15,corrupt/0.15,B_intake,auc,0.5278057019980354,0.6145930881137611,0.08678738611572567
BPIC14,duration,logistic,frequency,holdout70,corrupt,0.15,corrupt/0.15,B_intake,ap,0.45103342359553106,0.5048789080658249,0.05384548447029386
BPIC14,duration,logistic,frequency,holdout70,corrupt,0.15,corrupt/0.15,B_intake,brier_skill,0.01810960131942707,0.03198776112466317,0.013878159805236101
BPIC14,duration,logistic,frequency,holdout70,corrupt,0.15,corrupt/0.15,B_intake,nagelkerke,0.024004844578150813,0.03990519229193327,0.015900347713782455
BPIC14,duration,logistic,frequency,holdout70,corrupt,0.15,corrupt/0.15,B_intake,logloss_skill,0.01310520418915151,0.021918797403113865,0.008813593213962356
BPIC14,duration,logistic,frequency,holdout70,corrupt,0.15,corrupt/0.15,B_intake_g,auc,0.5549651428250357,0.6351667248051579,0.08020158198012217
BPIC14,duration,logistic,frequency,holdout70,corrupt,0.15,corrupt/0.15,B_intake_g,ap,0.48690385222521737,0.5214399333478273,0.034536081122609974
BPIC14,duration,logistic,frequency,holdout70,corrupt,0.15,corrupt/0.15,B_intake_g,brier_skill,0.035286207522055024,0.04921266737256125,0.013926459850506223
BPIC14,duration,logistic,frequency,holdout70,corrupt,0.15,corrupt/0.15,B_intake_g,nagelkerke,0.04676148753813777,0.06262375247312961,0.015862264934991842
BPIC14,duration,logistic,frequency,holdout70,corrupt,0.15,corrupt/0.15,B_intake_g,logloss_skill,0.02575273790174426,0.03470157873569524,0.008948840833950977
BPIC14,duration,logistic,frequency,holdout70,corrupt,0.15,corrupt/0.15,B_intake_g_km,auc,0.5926295206300228,0.6359759674540391,0.04334644682401623
BPIC14,duration,logistic,frequency,holdout70,corrupt,0.15,corrupt/0.15,B_intake_g_km,ap,0.509700670183395,0.5187840502225429,0.009083380039147881
BPIC14,duration,logistic,frequency,holdout70,corrupt,0.15,corrupt/0.15,B_intake_g_km,brier_skill,0.03418078035719718,0.04728845086035238,0.0131076705031552
BPIC14,duration,logistic,frequency,holdout70,corrupt,0.15,corrupt/0.15,B_intake_g_km,nagelkerke,0.04578479697030454,0.0599179717468871,0.01413317477658256
BPIC14,duration,logistic,frequency,holdout70,corrupt,0.15,corrupt/0.15,B_intake_g_km,logloss_skill,0.025205340539879884,0.03316721309107873,0.007961872551198845
BPIC14,duration,logistic,frequency,rolling1,clean,1.0,clean/1.0,B_half,auc,0.5376338646131805,0.6187962418133442,0.08116237720016373
BPIC14,duration,logistic,frequency,rolling1,clean,1.0,clean/1.0,B_half,ap,0.5269245384376804,0.5942585782370629,0.06733403979938246
BPIC14,duration,logistic,frequency,rolling1,clean,1.0,clean/1.0,B_half,brier_skill,0.021629000652761965,0.04434332825267684,0.022714327599914874
BPIC14,duration,logistic,frequency,rolling1,clean,1.0,clean/1.0,B_half,nagelkerke,0.029291375507104502,0.05814936004113511,0.02885798453403061
BPIC14,duration,logistic,frequency,rolling1,clean,1.0,clean/1.0,B_half,logloss_skill,0.01601060946301225,0.03214021955353297,0.01612961009052072
BPIC14,duration,logistic,frequency,rolling1,clean,1.0,clean/1.0,B_intake,auc,0.5322381549324601,0.6188044284690954,0.08656627353663537
BPIC14,duration,logistic,frequency,rolling1,clean,1.0,clean/1.0,B_intake,ap,0.5223926428284252,0.5931197261658324,0.07072708333740718
BPIC14,duration,logistic,frequency,rolling1,clean,1.0,clean/1.0,B_intake,brier_skill,0.021413713157025338,0.0440505735576141,0.022636860400588765
BPIC14,duration,logistic,frequency,rolling1,clean,1.0,clean/1.0,B_intake,nagelkerke,0.028873862790344977,0.057576800837745176,0.0287029380474002
BPIC14,duration,logistic,frequency,rolling1,clean,1.0,clean/1.0,B_intake,logloss_skill,0.015779879392600726,0.03181666114702164,0.016036781754420915
BPIC14,duration,logistic,frequency,rolling1,clean,1.0,clean/1.0,B_intake_g,auc,0.5699194765656981,0.6347513942898076,0.06483191772410957
BPIC14,duration,logistic,frequency,rolling1,clean,1.0,clean/1.0,B_intake_g,ap,0.5514071063290829,0.5981401140395483,0.0467330077104654
BPIC14,duration,logistic,frequency,rolling1,clean,1.0,clean/1.0,B_intake_g,brier_skill,0.02774964997399132,0.05168093053596012,0.023931280561968804
BPIC14,duration,logistic,frequency,rolling1,clean,1.0,clean/1.0,B_intake_g,nagelkerke,0.03734028266330412,0.06772560849602059,0.03038532583271647
BPIC14,duration,logistic,frequency,rolling1,clean,1.0,clean/1.0,B_intake_g,logloss_skill,0.02047318616752125,0.037573502082244525,0.017100315914723274
BPIC14,duration,logistic,frequency,rolling1,clean,1.0,clean/1.0,B_intake_g_km,auc,0.5824019520057307,0.6347503069995906,0.052348354993859814
BPIC14,duration,logistic,frequency,rolling1,clean,1.0,clean/1.0,B_intake_g_km,ap,0.5573807531206942,0.597241978430771,0.03986122531007674
BPIC14,duration,logistic,frequency,rolling1,clean,1.0,clean/1.0,B_intake_g_km,brier_skill,0.027936078874250758,0.05159659378551518,0.02366051491126442
BPIC14,duration,logistic,frequency,rolling1,clean,1.0,clean/1.0,B_intake_g_km,nagelkerke,0.03763163023485537,0.06754054633152749,0.029908916096672122
BPIC14,duration,logistic,frequency,rolling1,clean,1.0,clean/1.0,B_intake_g_km,logloss_skill,0.020635238447293425,0.03746811391561733,0.016832875468323905
BPIC14,duration,logistic,frequency,rolling1,mask_rare,0.5,mask_rare/0.5,B_half,auc,0.5376338646131805,0.5728786328284896,0.035244768215309086
BPIC14,duration,logistic,frequency,rolling1,mask_rare,0.5,mask_rare/0.5,B_half,ap,0.5269245384376804,0.5610259082383265,0.03410136980064615
BPIC14,duration,logistic,frequency,rolling1,mask_rare,0.5,mask_rare/0.5,B_half,brier_skill,0.021629000652761965,0.0036893031879937643,-0.0179396974647682
BPIC14,duration,logistic,frequency,rolling1,mask_rare,0.5,mask_rare/0.5,B_half,nagelkerke,0.029291375507104502,0.0008337535310262226,-0.02845762197607828
BPIC14,duration,logistic,frequency,rolling1,mask_rare,0.5,mask_rare/0.5,B_half,logloss_skill,0.01601060946301225,0.0004508412305836984,-0.01555976823242855
BPIC14,duration,logistic,frequency,rolling1,mask_rare,0.5,mask_rare/0.5,B_intake,auc,0.5322381549324601,0.5718553648178468,0.03961720988538675
BPIC14,duration,logistic,frequency,rolling1,mask_rare,0.5,mask_rare/0.5,B_intake,ap,0.5223926428284252,0.5581918325481822,0.03579918971975693
BPIC14,duration,logistic,frequency,rolling1,mask_rare,0.5,mask_rare/0.5,B_intake,brier_skill,0.021413713157025338,0.0037066419248900084,-0.01770707123213533
BPIC14,duration,logistic,frequency,rolling1,mask_rare,0.5,mask_rare/0.5,B_intake,nagelkerke,0.028873862790344977,0.0008382401163529262,-0.02803562267399205
BPIC14,duration,logistic,frequency,rolling1,mask_rare,0.5,mask_rare/0.5,B_intake,logloss_skill,0.015779879392600726,0.00045326805599732456,-0.015326611336603402
BPIC14,duration,logistic,frequency,rolling1,mask_rare,0.5,mask_rare/0.5,B_intake_g,auc,0.5699194765656981,0.5818842739459681,0.01196479738027001
BPIC14,duration,logistic,frequency,rolling1,mask_rare,0.5,mask_rare/0.5,B_intake_g,ap,0.5514071063290829,0.5754843651914664,0.024077258862383544
BPIC14,duration,logistic,frequency,rolling1,mask_rare,0.5,mask_rare/0.5,B_intake_g,brier_skill,0.02774964997399132,0.007838695359399295,-0.019910954614592025
BPIC14,duration,logistic,frequency,rolling1,mask_rare,0.5,mask_rare/0.5,B_intake_g,nagelkerke,0.03734028266330412,0.005620724587394513,-0.03171955807590961
BPIC14,duration,logistic,frequency,rolling1,mask_rare,0.5,mask_rare/0.5,B_intake_g,logloss_skill,0.02047318616752125,0.0030448084841496748,-0.017428377683371576
BPIC14,duration,logistic,frequency,rolling1,mask_rare,0.5,mask_rare/0.5,B_intake_g_km,auc,0.5824019520057307,0.5824365534179288,3.460141219802093e-05
BPIC14,duration,logistic,frequency,rolling1,mask_rare,0.5,mask_rare/0.5,B_intake_g_km,ap,0.5573807531206942,0.5759763711532424,0.018595618032548167
BPIC14,duration,logistic,frequency,rolling1,mask_rare,0.5,mask_rare/0.5,B_intake_g_km,brier_skill,0.027936078874250758,0.010298031800477836,-0.017638047073772922
BPIC14,duration,logistic,frequency,rolling1,mask_rare,0.5,mask_rare/0.5,B_intake_g_km,nagelkerke,0.03763163023485537,0.009855299214706403,-0.027776331020148967
BPIC14,duration,logistic,frequency,rolling1,mask_rare,0.5,mask_rare/0.5,B_intake_g_km,logloss_skill,0.020635238447293425,0.0053472560114123935,-0.015287982435881031
BPIC14,duration,logistic,frequency,rolling1,corrupt,0.15,corrupt/0.15,B_half,auc,0.5376338646131805,0.614087763507982,0.07645389889480148
BPIC14,duration,logistic,frequency,rolling1,corrupt,0.15,corrupt/0.15,B_half,ap,0.5269245384376804,0.5881710779884994,0.061246539550819046
BPIC14,duration,logistic,frequency,rolling1,corrupt,0.15,corrupt/0.15,B_half,brier_skill,0.021629000652761965,0.039787396265775765,0.0181583956130138
BPIC14,duration,logistic,frequency,rolling1,corrupt,0.15,corrupt/0.15,B_half,nagelkerke,0.029291375507104502,0.05255868687230535,0.02326731136520085
BPIC14,duration,logistic,frequency,rolling1,corrupt,0.15,corrupt/0.15,B_half,logloss_skill,0.01601060946301225,0.028987081665416414,0.012976472202404166
BPIC14,duration,logistic,frequency,rolling1,corrupt,0.15,corrupt/0.15,B_intake,auc,0.5322381549324601,0.614226680822759,0.08198852589029892
BPIC14,duration,logistic,frequency,rolling1,corrupt,0.15,corrupt/0.15,B_intake,ap,0.5223926428284252,0.5865869715403011,0.06419432871187591
BPIC14,duration,logistic,frequency,rolling1,corrupt,0.15,corrupt/0.15,B_intake,brier_skill,0.021413713157025338,0.03953726625218845,0.018123553095163114
BPIC14,duration,logistic,frequency,rolling1,corrupt,0.15,corrupt/0.15,B_intake,nagelkerke,0.028873862790344977,0.052041238245170304,0.023167375454825327
BPIC14,duration,logistic,frequency,rolling1,corrupt,0.15,corrupt/0.15,B_intake,logloss_skill,0.015779879392600726,0.028695937540872407,0.01291605814827168
BPIC14,duration,logistic,frequency,rolling1,corrupt,0.15,corrupt/0.15,B_intake_g,auc,0.5699194765656981,0.6271653704461727,0.05724589388047463
BPIC14,duration,logistic,frequency,rolling1,corrupt,0.15,corrupt/0.15,B_intake_g,ap,0.5514071063290829,0.5899369116965852,0.03852980536750239
BPIC14,duration,logistic,frequency,rolling1,corrupt,0.15,corrupt/0.15,B_intake_g,brier_skill,0.02774964997399132,0.046822224768297005,0.019072574794305686
BPIC14,duration,logistic,frequency,rolling1,corrupt,0.15,corrupt/0.15,B_intake_g,nagelkerke,0.03734028266330412,0.061534706399617216,0.024194423736313093
BPIC14,duration,logistic,frequency,rolling1,corrupt,0.15,corrupt/0.15,B_intake_g,logloss_skill,0.02047318616752125,0.034056285679713416,0.013583099512192165
BPIC14,duration,logistic,frequency,rolling1,corrupt,0.15,corrupt/0.15,B_intake_g_km,auc,0.5824019520057307,0.6276554185427753,0.04525346653704454
BPIC14,duration,logistic,frequency,rolling1,corrupt,0.15,corrupt/0.15,B_intake_g_km,ap,0.5573807531206942,0.5882991581611178,0.030918405040423536
BPIC14,duration,logistic,frequency,rolling1,corrupt,0.15,corrupt/0.15,B_intake_g_km,brier_skill,0.027936078874250758,0.046535958727760285,0.018599879853509527
BPIC14,duration,logistic,frequency,rolling1,corrupt,0.15,corrupt/0.15,B_intake_g_km,nagelkerke,0.03763163023485537,0.06109292070234297,0.0234612904674876
BPIC14,duration,logistic,frequency,rolling1,corrupt,0.15,corrupt/0.15,B_intake_g_km,logloss_skill,0.020635238447293425,0.0338059508023042,0.013170712355010772
BPIC14,duration,logistic,frequency,rolling2,clean,1.0,clean/1.0,B_half,auc,0.5329252565934797,0.6383384533159857,0.10541319672250604
BPIC14,duration,logistic,frequency,rolling2,clean,1.0,clean/1.0,B_half,ap,0.47997642879474295,0.5948003344315109,0.11482390563676798
BPIC14,duration,logistic,frequency,rolling2,clean,1.0,clean/1.0,B_half,brier_skill,0.020348845195132692,0.0574590505013417,0.03711020530620901
BPIC14,duration,logistic,frequency,rolling2,clean,1.0,clean/1.0,B_half,nagelkerke,0.028004606248472414,0.07719999802033757,0.04919539177186516
BPIC14,duration,logistic,frequency,rolling2,clean,1.0,clean/1.0,B_half,logloss_skill,0.015269326078478196,0.042905632283219974,0.02763630620474178
BPIC14,duration,logistic,frequency,rolling2,clean,1.0,clean/1.0,B_intake,auc,0.5310467760359792,0.6385077938564593,0.10746101782048012
BPIC14,duration,logistic,frequency,rolling2,clean,1.0,clean/1.0,B_intake,ap,0.47861276077400183,0.5937892992745064,0.11517653850050458
BPIC14,duration,logistic,frequency,rolling2,clean,1.0,clean/1.0,B_intake,brier_skill,0.021385020552408762,0.05784008935456186,0.0364550688021531
BPIC14,duration,logistic,frequency,rolling2,clean,1.0,clean/1.0,B_intake,nagelkerke,0.029305443931781364,0.07760695688590755,0.048301512954126186
BPIC14,duration,logistic,frequency,rolling2,clean,1.0,clean/1.0,B_intake,logloss_skill,0.015986557703725368,0.04313874533290363,0.02715218762917826
BPIC14,duration,logistic,frequency,rolling2,clean,1.0,clean/1.0,B_intake_g,auc,0.5775421039523927,0.6563774769600781,0.0788353730076854
BPIC14,duration,logistic,frequency,rolling2,clean,1.0,clean/1.0,B_intake_g,ap,0.5221978149897523,0.598643553395231,0.07644573840547875
BPIC14,duration,logistic,frequency,rolling2,clean,1.0,clean/1.0,B_intake_g,brier_skill,0.03352287038902124,0.06474239338125198,0.03121952299223074
BPIC14,duration,logistic,frequency,rolling2,clean,1.0,clean/1.0,B_intake_g,nagelkerke,0.04500765004208388,0.08574616813410506,0.04073851809202118
BPIC14,duration,logistic,frequency,rolling2,clean,1.0,clean/1.0,B_intake_g,logloss_skill,0.024701179620507663,0.04781700012544088,0.023115820504933215
BPIC14,duration,logistic,frequency,rolling2,clean,1.0,clean/1.0,B_intake_g_km,auc,0.610223925458177,0.6572210198427648,0.04699709438458777
BPIC14,duration,logistic,frequency,rolling2,clean,1.0,clean/1.0,B_intake_g_km,ap,0.5588909128278869,0.5975333666212062,0.03864245379331921
BPIC14,duration,logistic,frequency,rolling2,clean,1.0,clean/1.0,B_intake_g_km,brier_skill,0.03819699029796553,0.06525529590473389,0.027058305606768362
BPIC14,duration,logistic,frequency,rolling2,clean,1.0,clean/1.0,B_intake_g_km,nagelkerke,0.05139917679236582,0.08618572732892174,0.034786550536555924
BPIC14,duration,logistic,frequency,rolling2,clean,1.0,clean/1.0,B_intake_g_km,logloss_skill,0.028278967220704776,0.048070520056476385,0.01979155283577161
BPIC14,duration,logistic,frequency,rolling2,mask_rare,0.5,mask_rare/0.5,B_half,auc,0.5329252565934797,0.5455773035698095,0.012652046976329823
BPIC14,duration,logistic,frequency,rolling2,mask_rare,0.5,mask_rare/0.5,B_half,ap,0.47997642879474295,0.5021184190717725,0.02214199027702951
BPIC14,duration,logistic,frequency,rolling2,mask_rare,0.5,mask_rare/0.5,B_half,brier_skill,0.020348845195132692,-0.02836858507950324,-0.04871743027463593
BPIC14,duration,logistic,frequency,rolling2,mask_rare,0.5,mask_rare/0.5,B_half,nagelkerke,0.028004606248472414,-0.05137655008478443,-0.07938115633325685
BPIC14,duration,logistic,frequency,rolling2,mask_rare,0.5,mask_rare/0.5,B_half,logloss_skill,0.015269326078478196,-0.02719488949251292,-0.042464215570991115
BPIC14,duration,logistic,frequency,rolling2,mask_rare,0.5,mask_rare/0.5,B_intake,auc,0.5310467760359792,0.5460826812604767,0.015035905224497492
BPIC14,duration,logistic,frequency,rolling2,mask_rare,0.5,mask_rare/0.5,B_intake,ap,0.47861276077400183,0.5023650454847891,0.023752284710787275
BPIC14,duration,logistic,frequency,rolling2,mask_rare,0.5,mask_rare/0.5,B_intake,brier_skill,0.021385020552408762,-0.027634902728036703,-0.049019923280445465
BPIC14,duration,logistic,frequency,rolling2,mask_rare,0.5,mask_rare/0.5,B_intake,nagelkerke,0.029305443931781364,-0.05023157609093412,-0.07953702002271548
BPIC14,duration,logistic,frequency,rolling2,mask_rare,0.5,mask_rare/0.5,B_intake,logloss_skill,0.015986557703725368,-0.026599920315482306,-0.042586478019207674
BPIC14,duration,logistic,frequency,rolling2,mask_rare,0.5,mask_rare/0.5,B_intake_g,auc,0.5775421039523927,0.5583650293340893,-0.019177074618303425
BPIC14,duration,logistic,frequency,rolling2,mask_rare,0.5,mask_rare/0.5,B_intake_g,ap,0.5221978149897523,0.5187109304494226,-0.003486884540329638
BPIC14,duration,logistic,frequency,rolling2,mask_rare,0.5,mask_rare/0.5,B_intake_g,brier_skill,0.03352287038902124,-0.011575266921972638,-0.04509813731099388
BPIC14,duration,logistic,frequency,rolling2,mask_rare,0.5,mask_rare/0.5,B_intake_g,nagelkerke,0.04500765004208388,-0.02533256718920708,-0.07034021723129097
BPIC14,duration,logistic,frequency,rolling2,mask_rare,0.5,mask_rare/0.5,B_intake_g,logloss_skill,0.024701179620507663,-0.013537980272356087,-0.03823915989286375
BPIC14,duration,logistic,frequency,rolling2,mask_rare,0.5,mask_rare/0.5,B_intake_g_km,auc,0.610223925458177,0.5705894688755827,-0.039634456582594346
BPIC14,duration,logistic,frequency,rolling2,mask_rare,0.5,mask_rare/0.5,B_intake_g_km,ap,0.5588909128278869,0.5291785928731398,-0.029712319954747102
BPIC14,duration,logistic,frequency,rolling2,mask_rare,0.5,mask_rare/0.5,B_intake_g_km,brier_skill,0.03819699029796553,-0.006496482294783279,-0.044693472592748806
BPIC14,duration,logistic,frequency,rolling2,mask_rare,0.5,mask_rare/0.5,B_intake_g_km,nagelkerke,0.05139917679236582,-0.01752580123794197,-0.06892497803030778
BPIC14,duration,logistic,frequency,rolling2,mask_rare,0.5,mask_rare/0.5,B_intake_g_km,logloss_skill,0.028278967220704776,-0.009393126783696415,-0.03767209400440119
BPIC14,duration,logistic,frequency,rolling2,corrupt,0.15,corrupt/0.15,B_half,auc,0.5329252565934797,0.6260928623284621,0.0931676057349824
BPIC14,duration,logistic,frequency,rolling2,corrupt,0.15,corrupt/0.15,B_half,ap,0.47997642879474295,0.5704278591214886,0.09045143032674569
BPIC14,duration,logistic,frequency,rolling2,corrupt,0.15,corrupt/0.15,B_half,brier_skill,0.020348845195132692,0.04819353370496715,0.02784468850983446
BPIC14,duration,logistic,frequency,rolling2,corrupt,0.15,corrupt/0.15,B_half,nagelkerke,0.028004606248472414,0.06481790255314053,0.03681329630466812
BPIC14,duration,logistic,frequency,rolling2,corrupt,0.15,corrupt/0.15,B_half,logloss_skill,0.015269326078478196,0.03584891899308951,0.02057959291461131
BPIC14,duration,logistic,frequency,rolling2,corrupt,0.15,corrupt/0.15,B_intake,auc,0.5310467760359792,0.6284102353910896,0.09736345935511048
BPIC14,duration,logistic,frequency,rolling2,corrupt,0.15,corrupt/0.15,B_intake,ap,0.47861276077400183,0.5731183874863282,0.09450562671232632
BPIC14,duration,logistic,frequency,rolling2,corrupt,0.15,corrupt/0.15,B_intake,brier_skill,0.021385020552408762,0.04879832480263313,0.02741330425022437
BPIC14,duration,logistic,frequency,rolling2,corrupt,0.15,corrupt/0.15,B_intake,nagelkerke,0.029305443931781364,0.0654266675142286,0.03612122358244724
BPIC14,duration,logistic,frequency,rolling2,corrupt,0.15,corrupt/0.15,B_intake,logloss_skill,0.015986557703725368,0.036194244582638424,0.020207686878913056
BPIC14,duration,logistic,frequency,rolling2,corrupt,0.15,corrupt/0.15,B_intake_g,auc,0.5775421039523927,0.6483744275406271,0.07083232358823444
BPIC14,duration,logistic,frequency,rolling2,corrupt,0.15,corrupt/0.15,B_intake_g,ap,0.5221978149897523,0.5860492716610921,0.06385145667133985
BPIC14,duration,logistic,frequency,rolling2,corrupt,0.15,corrupt/0.15,B_intake_g,brier_skill,0.03352287038902124,0.05692135470475235,0.023398484315731105
BPIC14,duration,logistic,frequency,rolling2,corrupt,0.15,corrupt/0.15,B_intake_g,nagelkerke,0.04500765004208388,0.07552292100414783,0.030515270962063946
BPIC14,duration,logistic,frequency,rolling2,corrupt,0.15,corrupt/0.15,B_intake_g,logloss_skill,0.024701179620507663,0.04194577196251248,0.017244592342004816
BPIC14,duration,logistic,frequency,rolling2,corrupt,0.15,corrupt/0.15,B_intake_g_km,auc,0.610223925458177,0.6507845961241008,0.040560670665923726
BPIC14,duration,logistic,frequency,rolling2,corrupt,0.15,corrupt/0.15,B_intake_g_km,ap,0.5588909128278869,0.5859452715740381,0.02705435874615114
BPIC14,duration,logistic,frequency,rolling2,corrupt,0.15,corrupt/0.15,B_intake_g_km,brier_skill,0.03819699029796553,0.05828808270479868,0.020091092406833155
BPIC14,duration,logistic,frequency,rolling2,corrupt,0.15,corrupt/0.15,B_intake_g_km,nagelkerke,0.05139917679236582,0.07703313472234156,0.025633957929975748
BPIC14,duration,logistic,frequency,rolling2,corrupt,0.15,corrupt/0.15,B_intake_g_km,logloss_skill,0.028278967220704776,0.04281007199836251,0.014531104777657733
BPIC14,handover,logistic,frequency,holdout70,clean,1.0,clean/1.0,B_half,auc,0.6389042437681361,0.6103965384943639,-0.02850770527377222
BPIC14,handover,logistic,frequency,holdout70,clean,1.0,clean/1.0,B_half,ap,0.9615217911294378,0.9557600863237012,-0.005761704805736567
BPIC14,handover,logistic,frequency,holdout70,clean,1.0,clean/1.0,B_half,brier_skill,0.01448679172318823,0.013051324293868571,-0.001435467429319659
BPIC14,handover,logistic,frequency,holdout70,clean,1.0,clean/1.0,B_half,nagelkerke,0.04760304265250786,0.04365466489280461,-0.003948377759703248
BPIC14,handover,logistic,frequency,holdout70,clean,1.0,clean/1.0,B_half,logloss_skill,0.038923300066446176,0.03566965349845019,-0.0032536465679959825
BPIC14,handover,logistic,frequency,holdout70,clean,1.0,clean/1.0,B_intake,auc,0.6384977126388459,0.6099188854083032,-0.028578827230542725
BPIC14,handover,logistic,frequency,holdout70,clean,1.0,clean/1.0,B_intake,ap,0.9614063057413951,0.9554858114521969,-0.005920494289198164
BPIC14,handover,logistic,frequency,holdout70,clean,1.0,clean/1.0,B_intake,brier_skill,0.013746381017776477,0.01236701899560222,-0.0013793620221742575
BPIC14,handover,logistic,frequency,holdout70,clean,1.0,clean/1.0,B_intake,nagelkerke,0.04760393757059132,0.0436937550167131,-0.003910182553878226
BPIC14,handover,logistic,frequency,holdout70,clean,1.0,clean/1.0,B_intake,logloss_skill,0.03892403804307876,0.035701843000769395,-0.0032221950423093615
BPIC14,handover,logistic,frequency,holdout70,clean,1.0,clean/1.0,B_intake_g,auc,0.6738895294255242,0.6505909148022176,-0.023298614623306513
BPIC14,handover,logistic,frequency,holdout70,clean,1.0,clean/1.0,B_intake_g,ap,0.9679054377240258,0.9609967186310027,-0.006908719093023152
BPIC14,handover,logistic,frequency,holdout70,clean,1.0,clean/1.0,B_intake_g,brier_skill,0.008722976020591022,0.007947847537025599,-0.0007751284835654237
BPIC14,handover,logistic,frequency,holdout70,clean,1.0,clean/1.0,B_intake_g,nagelkerke,0.05239249663272151,0.048808957088361325,-0.0035835395443601856
BPIC14,handover,logistic,frequency,holdout70,clean,1.0,clean/1.0,B_intake_g,logloss_skill,0.042876227554646595,0.03991794886879896,-0.0029582786858476373
BPIC14,handover,logistic,frequency,holdout70,clean,1.0,clean/1.0,B_intake_g_km,auc,0.6802710951675002,0.6831771679552912,0.002906072787790981
BPIC14,handover,logistic,frequency,holdout70,clean,1.0,clean/1.0,B_intake_g_km,ap,0.9711138082204869,0.9715787296538669,0.0004649214333800611
BPIC14,handover,logistic,frequency,holdout70,clean,1.0,clean/1.0,B_intake_g_km,brier_skill,0.018425072093231853,0.018928742650171637,0.0005036705569397837
BPIC14,handover,logistic,frequency,holdout70,clean,1.0,clean/1.0,B_intake_g_km,nagelkerke,0.06911508179780163,0.07062671136681355,0.0015116295690119214
BPIC14,handover,logistic,frequency,holdout70,clean,1.0,clean/1.0,B_intake_g_km,logloss_skill,0.05673162342758753,0.05798820293456208,0.0012565795069745533
BPIC14,handover,logistic,frequency,holdout70,mask_rare,0.5,mask_rare/0.5,B_half,auc,0.6389042437681361,0.6251840280631435,-0.0137202157049926
BPIC14,handover,logistic,frequency,holdout70,mask_rare,0.5,mask_rare/0.5,B_half,ap,0.9615217911294378,0.9546698811131407,-0.006851910016297147
BPIC14,handover,logistic,frequency,holdout70,mask_rare,0.5,mask_rare/0.5,B_half,brier_skill,0.01448679172318823,0.016973690253097917,0.002486898529909687
BPIC14,handover,logistic,frequency,holdout70,mask_rare,0.5,mask_rare/0.5,B_half,nagelkerke,0.04760304265250786,0.04595337201060925,-0.0016496706418986096
BPIC14,handover,logistic,frequency,holdout70,mask_rare,0.5,mask_rare/0.5,B_half,logloss_skill,0.038923300066446176,0.03756333438540005,-0.001359965681046127
BPIC14,handover,logistic,frequency,holdout70,mask_rare,0.5,mask_rare/0.5,B_intake,auc,0.6384977126388459,0.6247666804695946,-0.013731032169251312
BPIC14,handover,logistic,frequency,holdout70,mask_rare,0.5,mask_rare/0.5,B_intake,ap,0.9614063057413951,0.9543794404481528,-0.007026865293242257
BPIC14,handover,logistic,frequency,holdout70,mask_rare,0.5,mask_rare/0.5,B_intake,brier_skill,0.013746381017776477,0.01595912315115855,0.002212742133382073
BPIC14,handover,logistic,frequency,holdout70,mask_rare,0.5,mask_rare/0.5,B_intake,nagelkerke,0.04760393757059132,0.04571640948669688,-0.0018875280838944464
BPIC14,handover,logistic,frequency,holdout70,mask_rare,0.5,mask_rare/0.5,B_intake,logloss_skill,0.03892403804307876,0.037368051865345975,-0.0015559861777327821
BPIC14,handover,logistic,frequency,holdout70,mask_rare,0.5,mask_rare/0.5,B_intake_g,auc,0.6738895294255242,0.661266715635451,-0.012622813790073129
BPIC14,handover,logistic,frequency,holdout70,mask_rare,0.5,mask_rare/0.5,B_intake_g,ap,0.9679054377240258,0.964251271686059,-0.003654166037966866
BPIC14,handover,logistic,frequency,holdout70,mask_rare,0.5,mask_rare/0.5,B_intake_g,brier_skill,0.008722976020591022,0.00953163002115831,0.0008086540005672882
BPIC14,handover,logistic,frequency,holdout70,mask_rare,0.5,mask_rare/0.5,B_intake_g,nagelkerke,0.05239249663272151,0.05173819985639253,-0.0006542967763289789
BPIC14,handover,logistic,frequency,holdout70,mask_rare,0.5,mask_rare/0.5,B_intake_g,logloss_skill,0.042876227554646595,0.04233580902126477,-0.0005404185333818257
BPIC14,handover,logistic,frequency,holdout70,mask_rare,0.5,mask_rare/0.5,B_intake_g_km,auc,0.6802710951675002,0.6823550672813712,0.0020839721138710132
BPIC14,handover,logistic,frequency,holdout70,mask_rare,0.5,mask_rare/0.5,B_intake_g_km,ap,0.9711138082204869,0.9701972579279303,-0.0009165502925565505
BPIC14,handover,logistic,frequency,holdout70,mask_rare,0.5,mask_rare/0.5,B_intake_g_km,brier_skill,0.018425072093231853,0.0319109258067527,0.013485853713520846
BPIC14,handover,logistic,frequency,holdout70,mask_rare,0.5,mask_rare/0.5,B_intake_g_km,nagelkerke,0.06911508179780163,0.07903898530507422,0.009923903507272597
BPIC14,handover,logistic,frequency,holdout70,mask_rare,0.5,mask_rare/0.5,B_intake_g_km,logloss_skill,0.05673162342758753,0.06499369730311855,0.008262073875531017
BPIC14,handover,logistic,frequency,holdout70,corrupt,0.15,corrupt/0.15,B_half,auc,0.6389042437681361,0.616918273759475,-0.021985970008661093
BPIC14,handover,logistic,frequency,holdout70,corrupt,0.15,corrupt/0.15,B_half,ap,0.9615217911294378,0.9571700578183,-0.0043517333111378065
BPIC14,handover,logistic,frequency,holdout70,corrupt,0.15,corrupt/0.15,B_half,brier_skill,0.01448679172318823,0.013776590426959112,-0.0007102012962291182
BPIC14,handover,logistic,frequency,holdout70,corrupt,0.15,corrupt/0.15,B_half,nagelkerke,0.04760304265250786,0.04530521469728283,-0.0022978279552250264
BPIC14,handover,logistic,frequency,holdout70,corrupt,0.15,corrupt/0.15,B_half,logloss_skill,0.038923300066446176,0.03702922267272102,-0.0018940773937251576
BPIC14,handover,logistic,frequency,holdout70,corrupt,0.15,corrupt/0.15,B_intake,auc,0.6384977126388459,0.6164603273822695,-0.02203738525657639
BPIC14,handover,logistic,frequency,holdout70,corrupt,0.15,corrupt/0.15,B_intake,ap,0.9614063057413951,0.9569199084853368,-0.004486397256058261
BPIC14,handover,logistic,frequency,holdout70,corrupt,0.15,corrupt/0.15,B_intake,brier_skill,0.013746381017776477,0.013123570384928396,-0.0006228106328480809
BPIC14,handover,logistic,frequency,holdout70,corrupt,0.15,corrupt/0.15,B_intake,nagelkerke,0.04760393757059132,0.0453602670445825,-0.002243670526008823
BPIC14,handover,logistic,frequency,holdout70,corrupt,0.15,corrupt/0.15,B_intake,logloss_skill,0.03892403804307876,0.037074583536949035,-0.0018494545061297218
BPIC14,handover,logistic,frequency,holdout70,corrupt,0.15,corrupt/0.15,B_intake_g,auc,0.6738895294255242,0.6560578225459763,-0.017831706879547826
BPIC14,handover,logistic,frequency,holdout70,corrupt,0.15,corrupt/0.15,B_intake_g,ap,0.9679054377240258,0.9623992197766704,-0.005506217947355396
BPIC14,handover,logistic,frequency,holdout70,corrupt,0.15,corrupt/0.15,B_intake_g,brier_skill,0.008722976020591022,0.008386557024390062,-0.00033641899620096005
BPIC14,handover,logistic,frequency,holdout70,corrupt,0.15,corrupt/0.15,B_intake_g,nagelkerke,0.05239249663272151,0.050209602505771375,-0.0021828941269501356
BPIC14,handover,logistic,frequency,holdout70,corrupt,0.15,corrupt/0.15,B_intake_g,logloss_skill,0.042876227554646595,0.04107375432255356,-0.0018024732320930381
BPIC14,handover,logistic,frequency,holdout70,corrupt,0.15,corrupt/0.15,B_intake_g_km,auc,0.6802710951675002,0.6824138910664501,0.002142795898949945
BPIC14,handover,logistic,frequency,holdout70,corrupt,0.15,corrupt/0.15,B_intake_g_km,ap,0.9711138082204869,0.9714544761086642,0.0003406678881773262
BPIC14,handover,logistic,frequency,holdout70,corrupt,0.15,corrupt/0.15,B_intake_g_km,brier_skill,0.018425072093231853,0.01868859409715773,0.00026352200392587566
BPIC14,handover,logistic,frequency,holdout70,corrupt,0.15,corrupt/0.15,B_intake_g_km,nagelkerke,0.06911508179780163,0.07018721568113892,0.001072133883337295
BPIC14,handover,logistic,frequency,holdout70,corrupt,0.15,corrupt/0.15,B_intake_g_km,logloss_skill,0.05673162342758753,0.05762279039178042,0.000891166964192891
BPIC14,handover,logistic,frequency,rolling1,clean,1.0,clean/1.0,B_half,auc,0.6552285112322094,0.6385233029548397,-0.016705208277369654
BPIC14,handover,logistic,frequency,rolling1,clean,1.0,clean/1.0,B_half,ap,0.9385420126917459,0.9277397957022638,-0.010802216989482027
BPIC14,handover,logistic,frequency,rolling1,clean,1.0,clean/1.0,B_half,brier_skill,0.03041033272860738,0.03137251160708343,0.0009621788784760499
BPIC14,handover,logistic,frequency,rolling1,clean,1.0,clean/1.0,B_half,nagelkerke,0.06110107712906968,0.04795370041808325,-0.013147376710986432
BPIC14,handover,logistic,frequency,rolling1,clean,1.0,clean/1.0,B_half,logloss_skill,0.04638257848964289,0.03629076408979415,-0.010091814399848742
BPIC14,handover,logistic,frequency,rolling1,clean,1.0,clean/1.0,B_intake,auc,0.6575696097048329,0.6405095841255204,-0.01706002557931252
BPIC14,handover,logistic,frequency,rolling1,clean,1.0,clean/1.0,B_intake,ap,0.9391916703798233,0.9280470455428572,-0.0111446248369661
BPIC14,handover,logistic,frequency,rolling1,clean,1.0,clean/1.0,B_intake,brier_skill,0.03112751307449757,0.03206790842348228,0.0009403953489847128
BPIC14,handover,logistic,frequency,rolling1,clean,1.0,clean/1.0,B_intake,nagelkerke,0.06225414494979052,0.04907293800999065,-0.01318120693979987
BPIC14,handover,logistic,frequency,rolling1,clean,1.0,clean/1.0,B_intake,logloss_skill,0.047270635921972115,0.03714746457347018,-0.010123171348501936
BPIC14,handover,logistic,frequency,rolling1,clean,1.0,clean/1.0,B_intake_g,auc,0.7048177077797365,0.6761124855879628,-0.028705222191773738
BPIC14,handover,logistic,frequency,rolling1,clean,1.0,clean/1.0,B_intake_g,ap,0.9533699565701692,0.9371979255127978,-0.016172031057371417
BPIC14,handover,logistic,frequency,rolling1,clean,1.0,clean/1.0,B_intake_g,brier_skill,0.014870091897743465,0.01715059646771988,0.002280504569976416
BPIC14,handover,logistic,frequency,rolling1,clean,1.0,clean/1.0,B_intake_g,nagelkerke,0.05393129684475114,0.04160236957209212,-0.012328927272659024
BPIC14,handover,logistic,frequency,rolling1,clean,1.0,clean/1.0,B_intake_g,logloss_skill,0.04087141065223743,0.03143771723687239,-0.009433693415365041
BPIC14,handover,logistic,frequency,rolling1,clean,1.0,clean/1.0,B_intake_g_km,auc,0.7262484022592353,0.7069864222472767,-0.019261980011958557
BPIC14,handover,logistic,frequency,rolling1,clean,1.0,clean/1.0,B_intake_g_km,ap,0.9610378189321107,0.955678541286878,-0.005359277645232696
BPIC14,handover,logistic,frequency,rolling1,clean,1.0,clean/1.0,B_intake_g_km,brier_skill,0.027861115055360486,0.027073962063471457,-0.0007871529918890285
BPIC14,handover,logistic,frequency,rolling1,clean,1.0,clean/1.0,B_intake_g_km,nagelkerke,0.08224617475594889,0.07265476470711169,-0.009591410048837207
BPIC14,handover,logistic,frequency,rolling1,clean,1.0,clean/1.0,B_intake_g_km,logloss_skill,0.06274491035016516,0.05530270333438703,-0.007442207015778135
BPIC14,handover,logistic,frequency,rolling1,mask_rare,0.5,mask_rare/0.5,B_half,auc,0.6552285112322094,0.6804932037799252,0.025264692547715795
BPIC14,handover,logistic,frequency,rolling1,mask_rare,0.5,mask_rare/0.5,B_half,ap,0.9385420126917459,0.9415463326077119,0.0030043199159660583
BPIC14,handover,logistic,frequency,rolling1,mask_rare,0.5,mask_rare/0.5,B_half,brier_skill,0.03041033272860738,0.047213084216377044,0.016802751487769663
BPIC14,handover,logistic,frequency,rolling1,mask_rare,0.5,mask_rare/0.5,B_half,nagelkerke,0.06110107712906968,0.08722041000484257,0.026119332875772887
BPIC14,handover,logistic,frequency,rolling1,mask_rare,0.5,mask_rare/0.5,B_half,logloss_skill,0.04638257848964289,0.06661789431917342,0.02023531582953053
BPIC14,handover,logistic,frequency,rolling1,mask_rare,0.5,mask_rare/0.5,B_intake,auc,0.6575696097048329,0.6822212954542028,0.024651685749369934
BPIC14,handover,logistic,frequency,rolling1,mask_rare,0.5,mask_rare/0.5,B_intake,ap,0.9391916703798233,0.9419385360095055,0.0027468656296821825
BPIC14,handover,logistic,frequency,rolling1,mask_rare,0.5,mask_rare/0.5,B_intake,brier_skill,0.03112751307449757,0.04780669753742928,0.016679184462931707
BPIC14,handover,logistic,frequency,rolling1,mask_rare,0.5,mask_rare/0.5,B_intake,nagelkerke,0.06225414494979052,0.08791236956491902,0.025658224615128497
BPIC14,handover,logistic,frequency,rolling1,mask_rare,0.5,mask_rare/0.5,B_intake,logloss_skill,0.047270635921972115,0.06715738638419688,0.019886750462224767
BPIC14,handover,logistic,frequency,rolling1,mask_rare,0.5,mask_rare/0.5,B_intake_g,auc,0.7048177077797365,0.7106418521308557,0.00582414435111922
BPIC14,handover,logistic,frequency,rolling1,mask_rare,0.5,mask_rare/0.5,B_intake_g,ap,0.9533699565701692,0.9539863373934143,0.0006163808232451107
BPIC14,handover,logistic,frequency,rolling1,mask_rare,0.5,mask_rare/0.5,B_intake_g,brier_skill,0.014870091897743465,0.03294999554594913,0.018079903648205664
BPIC14,handover,logistic,frequency,rolling1,mask_rare,0.5,mask_rare/0.5,B_intake_g,nagelkerke,0.05393129684475114,0.08659411798133858,0.03266282113658744
BPIC14,handover,logistic,frequency,rolling1,mask_rare,0.5,mask_rare/0.5,B_intake_g,logloss_skill,0.04087141065223743,0.06612975362256879,0.02525834297033136
BPIC14,handover,logistic,frequency,rolling1,mask_rare,0.5,mask_rare/0.5,B_intake_g_km,auc,0.7262484022592353,0.7294950965253801,0.0032466942661448783
BPIC14,handover,logistic,frequency,rolling1,mask_rare,0.5,mask_rare/0.5,B_intake_g_km,ap,0.9610378189321107,0.9599596452611485,-0.0010781736709621903
BPIC14,handover,logistic,frequency,rolling1,mask_rare,0.5,mask_rare/0.5,B_intake_g_km,brier_skill,0.027861115055360486,0.05272701426375648,0.024865899208395992
BPIC14,handover,logistic,frequency,rolling1,mask_rare,0.5,mask_rare/0.5,B_intake_g_km,nagelkerke,0.08224617475594889,0.11158851613160299,0.0293423413756541
BPIC14,handover,logistic,frequency,rolling1,mask_rare,0.5,mask_rare/0.5,B_intake_g_km,logloss_skill,0.06274491035016516,0.08572455215022112,0.02297964180005596
BPIC14,handover,logistic,frequency,rolling1,corrupt,0.15,corrupt/0.15,B_half,auc,0.6552285112322094,0.6374111169130741,-0.017817394319135316
BPIC14,handover,logistic,frequency,rolling1,corrupt,0.15,corrupt/0.15,B_half,ap,0.9385420126917459,0.9261620130826731,-0.012379999609072767
BPIC14,handover,logistic,frequency,rolling1,corrupt,0.15,corrupt/0.15,B_half,brier_skill,0.03041033272860738,0.029564057947439548,-0.0008462747811678328
BPIC14,handover,logistic,frequency,rolling1,corrupt,0.15,corrupt/0.15,B_half,nagelkerke,0.06110107712906968,0.0501967610432406,-0.010904316085829084
BPIC14,handover,logistic,frequency,rolling1,corrupt,0.15,corrupt/0.15,B_half,logloss_skill,0.04638257848964289,0.0380081258974696,-0.008374452592173287
BPIC14,handover,logistic,frequency,rolling1,corrupt,0.15,corrupt/0.15,B_intake,auc,0.6575696097048329,0.6399342621713351,-0.017635347533497825
BPIC14,handover,logistic,frequency,rolling1,corrupt,0.15,corrupt/0.15,B_intake,ap,0.9391916703798233,0.9266411804892088,-0.012550489890614469
BPIC14,handover,logistic,frequency,rolling1,corrupt,0.15,corrupt/0.15,B_intake,brier_skill,0.03112751307449757,0.030178395762695542,-0.000949117311802028
BPIC14,handover,logistic,frequency,rolling1,corrupt,0.15,corrupt/0.15,B_intake,nagelkerke,0.06225414494979052,0.051209477319623026,-0.011044667630167496
BPIC14,handover,logistic,frequency,rolling1,corrupt,0.15,corrupt/0.15,B_intake,logloss_skill,0.047270635921972115,0.03878408544641476,-0.008486550475557353
BPIC14,handover,logistic,frequency,rolling1,corrupt,0.15,corrupt/0.15,B_intake_g,auc,0.7048177077797365,0.6780510326227066,-0.026766675157029907
BPIC14,handover,logistic,frequency,rolling1,corrupt,0.15,corrupt/0.15,B_intake_g,ap,0.9533699565701692,0.9366098003981946,-0.016760156171974572
BPIC14,handover,logistic,frequency,rolling1,corrupt,0.15,corrupt/0.15,B_intake_g,brier_skill,0.014870091897743465,0.0152543162545693,0.0003842243568258352
BPIC14,handover,logistic,frequency,rolling1,corrupt,0.15,corrupt/0.15,B_intake_g,nagelkerke,0.05393129684475114,0.0440176864191248,-0.009913610425626343
BPIC14,handover,logistic,frequency,rolling1,corrupt,0.15,corrupt/0.15,B_intake_g,logloss_skill,0.04087141065223743,0.03328156528554704,-0.007589845366690384
BPIC14,handover,logistic,frequency,rolling1,corrupt,0.15,corrupt/0.15,B_intake_g_km,auc,0.7262484022592353,0.7146478476929339,-0.01160055456630138
BPIC14,handover,logistic,frequency,rolling1,corrupt,0.15,corrupt/0.15,B_intake_g_km,ap,0.9610378189321107,0.9581236443866521,-0.0029141745454586143
BPIC14,handover,logistic,frequency,rolling1,corrupt,0.15,corrupt/0.15,B_intake_g_km,brier_skill,0.027861115055360486,0.026988122805819525,-0.0008729922495409603
BPIC14,handover,logistic,frequency,rolling1,corrupt,0.15,corrupt/0.15,B_intake_g_km,nagelkerke,0.08224617475594889,0.07643818413210912,-0.0058079906238397705
BPIC14,handover,logistic,frequency,rolling1,corrupt,0.15,corrupt/0.15,B_intake_g_km,logloss_skill,0.06274491035016516,0.05823431348997876,-0.0045105968601864
BPIC14,handover,logistic,frequency,rolling2,clean,1.0,clean/1.0,B_half,auc,0.666574218885761,0.6343391373857435,-0.032235081500017415
BPIC14,handover,logistic,frequency,rolling2,clean,1.0,clean/1.0,B_half,ap,0.9513972229453397,0.9408560855589838,-0.01054113738635587
BPIC14,handover,logistic,frequency,rolling2,clean,1.0,clean/1.0,B_half,brier_skill,0.026343298448706642,0.02621983360248825,-0.0001234648462183907
BPIC14,handover,logistic,frequency,rolling2,clean,1.0,clean/1.0,B_half,nagelkerke,0.05574519941938373,0.046486670974673135,-0.009258528444710597
BPIC14,handover,logistic,frequency,rolling2,clean,1.0,clean/1.0,B_half,logloss_skill,0.04373107715955771,0.036397078583110476,-0.0073339985764472315
BPIC14,handover,logistic,frequency,rolling2,clean,1.0,clean/1.0,B_intake,auc,0.6705724116359087,0.6382680522248867,-0.032304359411022054
BPIC14,handover,logistic,frequency,rolling2,clean,1.0,clean/1.0,B_intake,ap,0.952472484493416,0.9413555753686338,-0.011116909124782248
BPIC14,handover,logistic,frequency,rolling2,clean,1.0,clean/1.0,B_intake,brier_skill,0.026942896196297084,0.026854522251655633,-8.83739446414511e-05
BPIC14,handover,logistic,frequency,rolling2,clean,1.0,clean/1.0,B_intake,nagelkerke,0.057090989809055616,0.047895849675631944,-0.009195140133423672
BPIC14,handover,logistic,frequency,rolling2,clean,1.0,clean/1.0,B_intake,logloss_skill,0.04479951108093205,0.03751149207528792,-0.007288019005644131
BPIC14,handover,logistic,frequency,rolling2,clean,1.0,clean/1.0,B_intake_g,auc,0.6735094243445825,0.6384890927837439,-0.03502033156083861
BPIC14,handover,logistic,frequency,rolling2,clean,1.0,clean/1.0,B_intake_g,ap,0.9583767029063504,0.9428450921381722,-0.015531610768178106
BPIC14,handover,logistic,frequency,rolling2,clean,1.0,clean/1.0,B_intake_g,brier_skill,-0.02954886963995884,-0.021520070262176727,0.008028799377782114
BPIC14,handover,logistic,frequency,rolling2,clean,1.0,clean/1.0,B_intake_g,nagelkerke,0.003984413050440232,0.0017576762762834136,-0.0022267367741568185
BPIC14,handover,logistic,frequency,rolling2,clean,1.0,clean/1.0,B_intake_g,logloss_skill,0.0030921455359128602,0.0013634358392888846,-0.0017287096966239757
BPIC14,handover,logistic,frequency,rolling2,clean,1.0,clean/1.0,B_intake_g_km,auc,0.6941475225616607,0.6884651119683962,-0.005682410593264464
BPIC14,handover,logistic,frequency,rolling2,clean,1.0,clean/1.0,B_intake_g_km,ap,0.9616074666185697,0.959917819817068,-0.001689646801501632
BPIC14,handover,logistic,frequency,rolling2,clean,1.0,clean/1.0,B_intake_g_km,brier_skill,0.004042816305721231,0.00452664239575884,0.000483826090037609
BPIC14,handover,logistic,frequency,rolling2,clean,1.0,clean/1.0,B_intake_g_km,nagelkerke,0.04766361820950116,0.044903059129712784,-0.002760559079788373
BPIC14,handover,logistic,frequency,rolling2,clean,1.0,clean/1.0,B_intake_g_km,logloss_skill,0.03732779217129978,0.035145507328630976,-0.0021822848426688024
BPIC14,handover,logistic,frequency,rolling2,mask_rare,0.5,mask_rare/0.5,B_half,auc,0.666574218885761,0.6361266928486197,-0.030447526037141293
BPIC14,handover,logistic,frequency,rolling2,mask_rare,0.5,mask_rare/0.5,B_half,ap,0.9513972229453397,0.9410878452891719,-0.010309377656167795
BPIC14,handover,logistic,frequency,rolling2,mask_rare,0.5,mask_rare/0.5,B_half,brier_skill,0.026343298448706642,0.016371418669219095,-0.009971879779487547
BPIC14,handover,logistic,frequency,rolling2,mask_rare,0.5,mask_rare/0.5,B_half,nagelkerke,0.05574519941938373,0.03239021629526655,-0.023354983124117185
BPIC14,handover,logistic,frequency,rolling2,mask_rare,0.5,mask_rare/0.5,B_half,logloss_skill,0.04373107715955771,0.025285480327882026,-0.01844559683167568
BPIC14,handover,logistic,frequency,rolling2,mask_rare,0.5,mask_rare/0.5,B_intake,auc,0.6705724116359087,0.6372926007020472,-0.033279810933861564
BPIC14,handover,logistic,frequency,rolling2,mask_rare,0.5,mask_rare/0.5,B_intake,ap,0.952472484493416,0.9411421711240404,-0.011330313369375622
BPIC14,handover,logistic,frequency,rolling2,mask_rare,0.5,mask_rare/0.5,B_intake,brier_skill,0.026942896196297084,0.01696974432649989,-0.009973151869797192
BPIC14,handover,logistic,frequency,rolling2,mask_rare,0.5,mask_rare/0.5,B_intake,nagelkerke,0.057090989809055616,0.033768712807850244,-0.02332227700120537
BPIC14,handover,logistic,frequency,rolling2,mask_rare,0.5,mask_rare/0.5,B_intake,logloss_skill,0.04479951108093205,0.026369192490750537,-0.018430318590181516
BPIC14,handover,logistic,frequency,rolling2,mask_rare,0.5,mask_rare/0.5,B_intake_g,auc,0.6735094243445825,0.6431337249041347,-0.030375699440447823
BPIC14,handover,logistic,frequency,rolling2,mask_rare,0.5,mask_rare/0.5,B_intake_g,ap,0.9583767029063504,0.9505519263070955,-0.007824776599254846
BPIC14,handover,logistic,frequency,rolling2,mask_rare,0.5,mask_rare/0.5,B_intake_g,brier_skill,-0.02954886963995884,-0.09277386471065485,-0.06322499507069601
BPIC14,handover,logistic,frequency,rolling2,mask_rare,0.5,mask_rare/0.5,B_intake_g,nagelkerke,0.003984413050440232,-0.0519452881564754,-0.055929701206915636
BPIC14,handover,logistic,frequency,rolling2,mask_rare,0.5,mask_rare/0.5,B_intake_g,logloss_skill,0.0030921455359128602,-0.03985383481894478,-0.04294598035485764
BPIC14,handover,logistic,frequency,rolling2,mask_rare,0.5,mask_rare/0.5,B_intake_g_km,auc,0.6941475225616607,0.6715752036052317,-0.02257231895642897
BPIC14,handover,logistic,frequency,rolling2,mask_rare,0.5,mask_rare/0.5,B_intake_g_km,ap,0.9616074666185697,0.957244680784522,-0.0043627858340477
BPIC14,handover,logistic,frequency,rolling2,mask_rare,0.5,mask_rare/0.5,B_intake_g_km,brier_skill,0.004042816305721231,-0.013597668826941467,-0.017640485132662698
BPIC14,handover,logistic,frequency,rolling2,mask_rare,0.5,mask_rare/0.5,B_intake_g_km,nagelkerke,0.04766361820950116,0.02250261541924317,-0.025161002790257986
BPIC14,handover,logistic,frequency,rolling2,mask_rare,0.5,mask_rare/0.5,B_intake_g_km,logloss_skill,0.03732779217129978,0.017530559514877142,-0.019797232656422636
BPIC14,handover,logistic,frequency,rolling2,corrupt,0.15,corrupt/0.15,B_half,auc,0.666574218885761,0.6490798086168746,-0.017494410268886318
BPIC14,handover,logistic,frequency,rolling2,corrupt,0.15,corrupt/0.15,B_half,ap,0.9513972229453397,0.9462474725984065,-0.005149750346933213
BPIC14,handover,logistic,frequency,rolling2,corrupt,0.15,corrupt/0.15,B_half,brier_skill,0.026343298448706642,0.027725719616746414,0.0013824211680397713
BPIC14,handover,logistic,frequency,rolling2,corrupt,0.15,corrupt/0.15,B_half,nagelkerke,0.05574519941938373,0.05404516943080931,-0.0017000299885744224
BPIC14,handover,logistic,frequency,rolling2,corrupt,0.15,corrupt/0.15,B_half,logloss_skill,0.04373107715955771,0.04238227749262158,-0.001348799666936129
BPIC14,handover,logistic,frequency,rolling2,corrupt,0.15,corrupt/0.15,B_intake,auc,0.6705724116359087,0.6531178535432524,-0.01745455809265639
BPIC14,handover,logistic,frequency,rolling2,corrupt,0.15,corrupt/0.15,B_intake,ap,0.952472484493416,0.9467975704216512,-0.005674914071764792
BPIC14,handover,logistic,frequency,rolling2,corrupt,0.15,corrupt/0.15,B_intake,brier_skill,0.026942896196297084,0.02842450423760834,0.0014816080413112553
BPIC14,handover,logistic,frequency,rolling2,corrupt,0.15,corrupt/0.15,B_intake,nagelkerke,0.057090989809055616,0.05561527571450315,-0.001475714094552466
BPIC14,handover,logistic,frequency,rolling2,corrupt,0.15,corrupt/0.15,B_intake,logloss_skill,0.04479951108093205,0.04362796182756257,-0.001171549253369486
BPIC14,handover,logistic,frequency,rolling2,corrupt,0.15,corrupt/0.15,B_intake_g,auc,0.6735094243445825,0.6540027108747783,-0.01950671346980415
BPIC14,handover,logistic,frequency,rolling2,corrupt,0.15,corrupt/0.15,B_intake_g,ap,0.9583767029063504,0.9496048796129266,-0.008771823293423742
BPIC14,handover,logistic,frequency,rolling2,corrupt,0.15,corrupt/0.15,B_intake_g,brier_skill,-0.02954886963995884,-0.023927983118074092,0.005620886521884749
BPIC14,handover,logistic,frequency,rolling2,corrupt,0.15,corrupt/0.15,B_intake_g,nagelkerke,0.003984413050440232,0.005887719487871788,0.0019033064374315558
BPIC14,handover,logistic,frequency,rolling2,corrupt,0.15,corrupt/0.15,B_intake_g,logloss_skill,0.0030921455359128602,0.004571024485677144,0.001478878949764284
BPIC14,handover,logistic,frequency,rolling2,corrupt,0.15,corrupt/0.15,B_intake_g_km,auc,0.6941475225616607,0.6931405600157554,-0.0010069625459052656
BPIC14,handover,logistic,frequency,rolling2,corrupt,0.15,corrupt/0.15,B_intake_g_km,ap,0.9616074666185697,0.9610936122865423,-0.0005138543320273303
BPIC14,handover,logistic,frequency,rolling2,corrupt,0.15,corrupt/0.15,B_intake_g_km,brier_skill,0.004042816305721231,0.004428687491707994,0.0003858711859867636
BPIC14,handover,logistic,frequency,rolling2,corrupt,0.15,corrupt/0.15,B_intake_g_km,nagelkerke,0.04766361820950116,0.047701461036673026,3.784282717186893e-05
BPIC14,handover,logistic,frequency,rolling2,corrupt,0.15,corrupt/0.15,B_intake_g_km,logloss_skill,0.03732779217129978,0.03735772540718518,2.9933235885404308e-05
BPIC14,duration,logistic,cross-fitted target,holdout70,clean,1.0,clean/1.0,B_half,auc,0.6178598665311923,0.7355486098267316,0.11768874329553936
BPIC14,duration,logistic,cross-fitted target,holdout70,clean,1.0,clean/1.0,B_half,ap,0.5148288619295082,0.6706375516632821,0.15580868973377393
BPIC14,duration,logistic,cross-fitted target,holdout70,clean,1.0,clean/1.0,B_half,brier_skill,0.04999253855531838,0.16916571153385673,0.11917317297853836
BPIC14,duration,logistic,cross-fitted target,holdout70,clean,1.0,clean/1.0,B_half,nagelkerke,0.06639298782697504,0.22253961540619974,0.1561466275792247
BPIC14,duration,logistic,cross-fitted target,holdout70,clean,1.0,clean/1.0,B_half,logloss_skill,0.03684445159432914,0.13172328806044864,0.0948788364661195
BPIC14,duration,logistic,cross-fitted target,holdout70,clean,1.0,clean/1.0,B_intake,auc,0.6174942608446122,0.735697596678514,0.11820333583390175
BPIC14,duration,logistic,cross-fitted target,holdout70,clean,1.0,clean/1.0,B_intake,ap,0.5148845099782705,0.6714207661303564,0.15653625615208588
BPIC14,duration,logistic,cross-fitted target,holdout70,clean,1.0,clean/1.0,B_intake,brier_skill,0.050147766560932006,0.16957672682050418,0.11942896025957217
BPIC14,duration,logistic,cross-fitted target,holdout70,clean,1.0,clean/1.0,B_intake,nagelkerke,0.0663333844937739,0.22306466458282456,0.15673128008905066
BPIC14,duration,logistic,cross-fitted target,holdout70,clean,1.0,clean/1.0,B_intake,logloss_skill,0.036810516527493675,0.13206433469740642,0.09525381816991274
BPIC14,duration,logistic,cross-fitted target,holdout70,clean,1.0,clean/1.0,B_intake_g,auc,0.6557517954927563,0.7403314169927829,0.08457962150002662
BPIC14,duration,logistic,cross-fitted target,holdout70,clean,1.0,clean/1.0,B_intake_g,ap,0.5634196010678061,0.6755562256770167,0.11213662460921059
BPIC14,duration,logistic,cross-fitted target,holdout70,clean,1.0,clean/1.0,B_intake_g,brier_skill,0.09017831488308214,0.17535233263071526,0.08517401774763311
BPIC14,duration,logistic,cross-fitted target,holdout70,clean,1.0,clean/1.0,B_intake_g,nagelkerke,0.11690422709448667,0.23016478939802557,0.1132605623035389
BPIC14,duration,logistic,cross-fitted target,holdout70,clean,1.0,clean/1.0,B_intake_g,logloss_skill,0.06619262857152719,0.13669213707428018,0.070499508502753
BPIC14,duration,logistic,cross-fitted target,holdout70,clean,1.0,clean/1.0,B_intake_g_km,auc,0.7720075894142684,0.774722066099284,0.0027144766850155655
BPIC14,duration,logistic,cross-fitted target,holdout70,clean,1.0,clean/1.0,B_intake_g_km,ap,0.6898310639498966,0.7028672448907533,0.013036180940856679
BPIC14,duration,logistic,cross-fitted target,holdout70,clean,1.0,clean/1.0,B_intake_g_km,brier_skill,0.22499939529237822,0.22768338864429238,0.00268399335191416
BPIC14,duration,logistic,cross-fitted target,holdout70,clean,1.0,clean/1.0,B_intake_g_km,nagelkerke,0.2902806926339651,0.2953136571251864,0.0050329644912213145
BPIC14,duration,logistic,cross-fitted target,holdout70,clean,1.0,clean/1.0,B_intake_g_km,logloss_skill,0.17711276488147643,0.18060185414081575,0.0034890892593393286
BPIC14,duration,logistic,cross-fitted target,holdout70,mask_rare,0.5,mask_rare/0.5,B_half,auc,0.6178598665311923,0.7084413013334172,0.09058143480222491
BPIC14,duration,logistic,cross-fitted target,holdout70,mask_rare,0.5,mask_rare/0.5,B_half,ap,0.5148288619295082,0.6067687544358967,0.09193989250638857
BPIC14,duration,logistic,cross-fitted target,holdout70,mask_rare,0.5,mask_rare/0.5,B_half,brier_skill,0.04999253855531838,0.13705693589986967,0.08706439734455129
BPIC14,duration,logistic,cross-fitted target,holdout70,mask_rare,0.5,mask_rare/0.5,B_half,nagelkerke,0.06639298782697504,0.18328555483857123,0.11689256701159619
BPIC14,duration,logistic,cross-fitted target,holdout70,mask_rare,0.5,mask_rare/0.5,B_half,logloss_skill,0.03684445159432914,0.10667185019998893,0.06982739860565979
BPIC14,duration,logistic,cross-fitted target,holdout70,mask_rare,0.5,mask_rare/0.5,B_intake,auc,0.6174942608446122,0.7081106560831201,0.09061639523850784
BPIC14,duration,logistic,cross-fitted target,holdout70,mask_rare,0.5,mask_rare/0.5,B_intake,ap,0.5148845099782705,0.6069870980213766,0.09210258804310612
BPIC14,duration,logistic,cross-fitted target,holdout70,mask_rare,0.5,mask_rare/0.5,B_intake,brier_skill,0.050147766560932006,0.13685407365553182,0.08670630709459981
BPIC14,duration,logistic,cross-fitted target,holdout70,mask_rare,0.5,mask_rare/0.5,B_intake,nagelkerke,0.0663333844937739,0.1830383017885754,0.11670491729480151
BPIC14,duration,logistic,cross-fitted target,holdout70,mask_rare,0.5,mask_rare/0.5,B_intake,logloss_skill,0.036810516527493675,0.10651678168198786,0.06970626515449418
BPIC14,duration,logistic,cross-fitted target,holdout70,mask_rare,0.5,mask_rare/0.5,B_intake_g,auc,0.6557517954927563,0.719396052140026,0.06364425664726969
BPIC14,duration,logistic,cross-fitted target,holdout70,mask_rare,0.5,mask_rare/0.5,B_intake_g,ap,0.5634196010678061,0.6219549809072333,0.05853537983942725
BPIC14,duration,logistic,cross-fitted target,holdout70,mask_rare,0.5,mask_rare/0.5,B_intake_g,brier_skill,0.09017831488308214,0.14717753723596327,0.05699922235288113
BPIC14,duration,logistic,cross-fitted target,holdout70,mask_rare,0.5,mask_rare/0.5,B_intake_g,nagelkerke,0.11690422709448667,0.19468646852611057,0.0777822414316239
BPIC14,duration,logistic,cross-fitted target,holdout70,mask_rare,0.5,mask_rare/0.5,B_intake_g,logloss_skill,0.06619262857152719,0.1138585571458689,0.04766592857434171
BPIC14,duration,logistic,cross-fitted target,holdout70,mask_rare,0.5,mask_rare/0.5,B_intake_g_km,auc,0.7720075894142684,0.77518953259663,0.003181943182361646
BPIC14,duration,logistic,cross-fitted target,holdout70,mask_rare,0.5,mask_rare/0.5,B_intake_g_km,ap,0.6898310639498966,0.6970992457529044,0.007268181803007812
BPIC14,duration,logistic,cross-fitted target,holdout70,mask_rare,0.5,mask_rare/0.5,B_intake_g_km,brier_skill,0.22499939529237822,0.2280323874016138,0.003032992109235577
BPIC14,duration,logistic,cross-fitted target,holdout70,mask_rare,0.5,mask_rare/0.5,B_intake_g_km,nagelkerke,0.2902806926339651,0.29767452906033975,0.007393836426374645
BPIC14,duration,logistic,cross-fitted target,holdout70,mask_rare,0.5,mask_rare/0.5,B_intake_g_km,logloss_skill,0.17711276488147643,0.1822443554912776,0.005131590609801173
BPIC14,duration,logistic,cross-fitted target,holdout70,corrupt,0.15,corrupt/0.15,B_half,auc,0.6178598665311923,0.7043814279125629,0.08652156138137057
BPIC14,duration,logistic,cross-fitted target,holdout70,corrupt,0.15,corrupt/0.15,B_half,ap,0.5148288619295082,0.632038064020471,0.11720920209096286
BPIC14,duration,logistic,cross-fitted target,holdout70,corrupt,0.15,corrupt/0.15,B_half,brier_skill,0.04999253855531838,0.13013964459325122,0.08014710603793285
BPIC14,duration,logistic,cross-fitted target,holdout70,corrupt,0.15,corrupt/0.15,B_half,nagelkerke,0.06639298782697504,0.1712199973267062,0.10482700949973116
BPIC14,duration,logistic,cross-fitted target,holdout70,corrupt,0.15,corrupt/0.15,B_half,logloss_skill,0.03684445159432914,0.09914336185973693,0.06229891026540779
BPIC14,duration,logistic,cross-fitted target,holdout70,corrupt,0.15,corrupt/0.15,B_intake,auc,0.6174942608446122,0.7044555607599632,0.08696129991535095
BPIC14,duration,logistic,cross-fitted target,holdout70,corrupt,0.15,corrupt/0.15,B_intake,ap,0.5148845099782705,0.6323423353007653,0.11745782532249482
BPIC14,duration,logistic,cross-fitted target,holdout70,corrupt,0.15,corrupt/0.15,B_intake,brier_skill,0.050147766560932006,0.13042803134499992,0.08028026478406791
BPIC14,duration,logistic,cross-fitted target,holdout70,corrupt,0.15,corrupt/0.15,B_intake,nagelkerke,0.0663333844937739,0.17162263726008456,0.10528925276631065
BPIC14,duration,logistic,cross-fitted target,holdout70,corrupt,0.15,corrupt/0.15,B_intake,logloss_skill,0.036810516527493675,0.09939333200934497,0.0625828154818513
BPIC14,duration,logistic,cross-fitted target,holdout70,corrupt,0.15,corrupt/0.15,B_intake_g,auc,0.6557517954927563,0.7166650515537358,0.060913256060979526
BPIC14,duration,logistic,cross-fitted target,holdout70,corrupt,0.15,corrupt/0.15,B_intake_g,ap,0.5634196010678061,0.644313780884851,0.08089417981704494
BPIC14,duration,logistic,cross-fitted target,holdout70,corrupt,0.15,corrupt/0.15,B_intake_g,brier_skill,0.09017831488308214,0.14511012594026196,0.054931811057179813
BPIC14,duration,logistic,cross-fitted target,holdout70,corrupt,0.15,corrupt/0.15,B_intake_g,nagelkerke,0.11690422709448667,0.18972413821978643,0.07281991112529976
BPIC14,duration,logistic,cross-fitted target,holdout70,corrupt,0.15,corrupt/0.15,B_intake_g,logloss_skill,0.06619262857152719,0.11072168712859776,0.04452905855707057
BPIC14,duration,logistic,cross-fitted target,holdout70,corrupt,0.15,corrupt/0.15,B_intake_g_km,auc,0.7720075894142684,0.7735182565175033,0.0015106671032348862
BPIC14,duration,logistic,cross-fitted target,holdout70,corrupt,0.15,corrupt/0.15,B_intake_g_km,ap,0.6898310639498966,0.6988387191203944,0.009007655170497841
BPIC14,duration,logistic,cross-fitted target,holdout70,corrupt,0.15,corrupt/0.15,B_intake_g_km,brier_skill,0.22499939529237822,0.22634283903552677,0.0013434437431485424
BPIC14,duration,logistic,cross-fitted target,holdout70,corrupt,0.15,corrupt/0.15,B_intake_g_km,nagelkerke,0.2902806926339651,0.2930628381044653,0.002782145470500208
BPIC14,duration,logistic,cross-fitted target,holdout70,corrupt,0.15,corrupt/0.15,B_intake_g_km,logloss_skill,0.17711276488147643,0.17903939344435005,0.0019266285628736224
BPIC14,duration,logistic,cross-fitted target,rolling1,clean,1.0,clean/1.0,B_half,auc,0.6152854456610725,0.7231643982808023,0.1078789526197298
BPIC14,duration,logistic,cross-fitted target,rolling1,clean,1.0,clean/1.0,B_half,ap,0.5816738821653412,0.6892217215998625,0.10754783943452129
BPIC14,duration,logistic,cross-fitted target,rolling1,clean,1.0,clean/1.0,B_half,brier_skill,0.04575584118317755,0.1590573658867036,0.11330152470352606
BPIC14,duration,logistic,cross-fitted target,rolling1,clean,1.0,clean/1.0,B_half,nagelkerke,0.06107291462858497,0.20368543496540154,0.14261252033681657
BPIC14,duration,logistic,cross-fitted target,rolling1,clean,1.0,clean/1.0,B_half,logloss_skill,0.033794616554930546,0.11949160821797233,0.08569699166304179
BPIC14,duration,logistic,cross-fitted target,rolling1,clean,1.0,clean/1.0,B_intake,auc,0.6181092662709783,0.7233507726156365,0.10524150634465823
BPIC14,duration,logistic,cross-fitted target,rolling1,clean,1.0,clean/1.0,B_intake,ap,0.5838663211237666,0.6897832060326324,0.10591688490886586
BPIC14,duration,logistic,cross-fitted target,rolling1,clean,1.0,clean/1.0,B_intake,brier_skill,0.047203301797624664,0.15909911316816672,0.11189581137054205
BPIC14,duration,logistic,cross-fitted target,rolling1,clean,1.0,clean/1.0,B_intake,nagelkerke,0.06293628772800546,0.20393585678821397,0.1409995690602085
BPIC14,duration,logistic,cross-fitted target,rolling1,clean,1.0,clean/1.0,B_intake,logloss_skill,0.034851058635972154,0.11965142452216282,0.08480036588619067
BPIC14,duration,logistic,cross-fitted target,rolling1,clean,1.0,clean/1.0,B_intake_g,auc,0.6699321402988129,0.7279438062832583,0.058011665984445404
BPIC14,duration,logistic,cross-fitted target,rolling1,clean,1.0,clean/1.0,B_intake_g,ap,0.644651569376746,0.6991872269410218,0.05453565756427581
BPIC14,duration,logistic,cross-fitted target,rolling1,clean,1.0,clean/1.0,B_intake_g,brier_skill,0.09333784637442522,0.16430024670359056,0.07096240032916534
BPIC14,duration,logistic,cross-fitted target,rolling1,clean,1.0,clean/1.0,B_intake_g,nagelkerke,0.12395405232608402,0.21257732258367315,0.08862327025758913
BPIC14,duration,logistic,cross-fitted target,rolling1,clean,1.0,clean/1.0,B_intake_g,logloss_skill,0.07033022127292099,0.1251881462750538,0.054857925002132824
BPIC14,duration,logistic,cross-fitted target,rolling1,clean,1.0,clean/1.0,B_intake_g_km,auc,0.7700877507163325,0.770664206406058,0.0005764556897255302
BPIC14,duration,logistic,cross-fitted target,rolling1,clean,1.0,clean/1.0,B_intake_g_km,ap,0.7368270789362992,0.7409479608542187,0.004120881917919483
BPIC14,duration,logistic,cross-fitted target,rolling1,clean,1.0,clean/1.0,B_intake_g_km,brier_skill,0.22535410082322427,0.22375937944906021,-0.0015947213741640542
BPIC14,duration,logistic,cross-fitted target,rolling1,clean,1.0,clean/1.0,B_intake_g_km,nagelkerke,0.28700533810780815,0.28726700516712333,0.00026166705931518486
BPIC14,duration,logistic,cross-fitted target,rolling1,clean,1.0,clean/1.0,B_intake_g_km,logloss_skill,0.17472415352921156,0.17490445866700988,0.00018030513779832003
BPIC14,duration,logistic,cross-fitted target,rolling1,mask_rare,0.5,mask_rare/0.5,B_half,auc,0.6152854456610725,0.7163364715513711,0.10105102589029868
BPIC14,duration,logistic,cross-fitted target,rolling1,mask_rare,0.5,mask_rare/0.5,B_half,ap,0.5816738821653412,0.6763671904569165,0.0946933082915753
BPIC14,duration,logistic,cross-fitted target,rolling1,mask_rare,0.5,mask_rare/0.5,B_half,brier_skill,0.04575584118317755,0.1546646032584057,0.10890876207522815
BPIC14,duration,logistic,cross-fitted target,rolling1,mask_rare,0.5,mask_rare/0.5,B_half,nagelkerke,0.06107291462858497,0.20426500045914348,0.1431920858305585
BPIC14,duration,logistic,cross-fitted target,rolling1,mask_rare,0.5,mask_rare/0.5,B_half,logloss_skill,0.033794616554930546,0.1198615341468926,0.08606691759196206
BPIC14,duration,logistic,cross-fitted target,rolling1,mask_rare,0.5,mask_rare/0.5,B_intake,auc,0.6181092662709783,0.716267460601719,0.09815819433074069
BPIC14,duration,logistic,cross-fitted target,rolling1,mask_rare,0.5,mask_rare/0.5,B_intake,ap,0.5838663211237666,0.6767103006407322,0.09284397951696566
BPIC14,duration,logistic,cross-fitted target,rolling1,mask_rare,0.5,mask_rare/0.5,B_intake,brier_skill,0.047203301797624664,0.1547119745244543,0.10750867272682962
BPIC14,duration,logistic,cross-fitted target,rolling1,mask_rare,0.5,mask_rare/0.5,B_intake,nagelkerke,0.06293628772800546,0.20431719046079344,0.14138090273278797
BPIC14,duration,logistic,cross-fitted target,rolling1,mask_rare,0.5,mask_rare/0.5,B_intake,logloss_skill,0.034851058635972154,0.11989485538594358,0.08504379674997142
BPIC14,duration,logistic,cross-fitted target,rolling1,mask_rare,0.5,mask_rare/0.5,B_intake_g,auc,0.6699321402988129,0.7220093762791651,0.05207723598035219
BPIC14,duration,logistic,cross-fitted target,rolling1,mask_rare,0.5,mask_rare/0.5,B_intake_g,ap,0.644651569376746,0.6875884422477958,0.04293687287104986
BPIC14,duration,logistic,cross-fitted target,rolling1,mask_rare,0.5,mask_rare/0.5,B_intake_g,brier_skill,0.09333784637442522,0.15982553588725257,0.06648768951282735
BPIC14,duration,logistic,cross-fitted target,rolling1,mask_rare,0.5,mask_rare/0.5,B_intake_g,nagelkerke,0.12395405232608402,0.2119115975296381,0.08795754520355407
BPIC14,duration,logistic,cross-fitted target,rolling1,mask_rare,0.5,mask_rare/0.5,B_intake_g,logloss_skill,0.07033022127292099,0.12476008942440053,0.054429868151479543
BPIC14,duration,logistic,cross-fitted target,rolling1,mask_rare,0.5,mask_rare/0.5,B_intake_g_km,auc,0.7700877507163325,0.7745786430618091,0.004490892345476616
BPIC14,duration,logistic,cross-fitted target,rolling1,mask_rare,0.5,mask_rare/0.5,B_intake_g_km,ap,0.7368270789362992,0.7430712477300914,0.006244168793792193
BPIC14,duration,logistic,cross-fitted target,rolling1,mask_rare,0.5,mask_rare/0.5,B_intake_g_km,brier_skill,0.22535410082322427,0.23102380277993217,0.0056697019567079066
BPIC14,duration,logistic,cross-fitted target,rolling1,mask_rare,0.5,mask_rare/0.5,B_intake_g_km,nagelkerke,0.28700533810780815,0.297751352886816,0.010746014779007829
BPIC14,duration,logistic,cross-fitted target,rolling1,mask_rare,0.5,mask_rare/0.5,B_intake_g_km,logloss_skill,0.17472415352921156,0.18216622593145193,0.007442072402240374
BPIC14,duration,logistic,cross-fitted target,rolling1,corrupt,0.15,corrupt/0.15,B_half,auc,0.6152854456610725,0.7036756805157593,0.08839023485468689
BPIC14,duration,logistic,cross-fitted target,rolling1,corrupt,0.15,corrupt/0.15,B_half,ap,0.5816738821653412,0.6664234630539736,0.08474958088863238
BPIC14,duration,logistic,cross-fitted target,rolling1,corrupt,0.15,corrupt/0.15,B_half,brier_skill,0.04575584118317755,0.12767351475365885,0.0819176735704813
BPIC14,duration,logistic,cross-fitted target,rolling1,corrupt,0.15,corrupt/0.15,B_half,nagelkerke,0.06107291462858497,0.16440590205894973,0.10333298743036476
BPIC14,duration,logistic,cross-fitted target,rolling1,corrupt,0.15,corrupt/0.15,B_half,logloss_skill,0.033794616554930546,0.09485291980691846,0.06105830325198791
BPIC14,duration,logistic,cross-fitted target,rolling1,corrupt,0.15,corrupt/0.15,B_intake,auc,0.6181092662709783,0.7042699165984445,0.08616065032746623
BPIC14,duration,logistic,cross-fitted target,rolling1,corrupt,0.15,corrupt/0.15,B_intake,ap,0.5838663211237666,0.6674048115377498,0.0835384904139832
BPIC14,duration,logistic,cross-fitted target,rolling1,corrupt,0.15,corrupt/0.15,B_intake,brier_skill,0.047203301797624664,0.12805740307518665,0.08085410127756198
BPIC14,duration,logistic,cross-fitted target,rolling1,corrupt,0.15,corrupt/0.15,B_intake,nagelkerke,0.06293628772800546,0.1651196182568253,0.10218333052881985
BPIC14,duration,logistic,cross-fitted target,rolling1,corrupt,0.15,corrupt/0.15,B_intake,logloss_skill,0.034851058635972154,0.09529317292592343,0.060442114289951276
BPIC14,duration,logistic,cross-fitted target,rolling1,corrupt,0.15,corrupt/0.15,B_intake_g,auc,0.6699321402988129,0.7149648869218175,0.045032746623004605
BPIC14,duration,logistic,cross-fitted target,rolling1,corrupt,0.15,corrupt/0.15,B_intake_g,ap,0.644651569376746,0.6888264432190662,0.04417487384232022
BPIC14,duration,logistic,cross-fitted target,rolling1,corrupt,0.15,corrupt/0.15,B_intake_g,brier_skill,0.09333784637442522,0.14285999976926778,0.04952215339484256
BPIC14,duration,logistic,cross-fitted target,rolling1,corrupt,0.15,corrupt/0.15,B_intake_g,nagelkerke,0.12395405232608402,0.1864542039310394,0.06250015160495538
BPIC14,duration,logistic,cross-fitted target,rolling1,corrupt,0.15,corrupt/0.15,B_intake_g,logloss_skill,0.07033022127292099,0.108579142385546,0.03824892111262501
BPIC14,duration,logistic,cross-fitted target,rolling1,corrupt,0.15,corrupt/0.15,B_intake_g_km,auc,0.7700877507163325,0.7705794617273845,0.0004917110110519429
BPIC14,duration,logistic,cross-fitted target,rolling1,corrupt,0.15,corrupt/0.15,B_intake_g_km,ap,0.7368270789362992,0.7394231103474684,0.002596031411169264
BPIC14,duration,logistic,cross-fitted target,rolling1,corrupt,0.15,corrupt/0.15,B_intake_g_km,brier_skill,0.22535410082322427,0.22483347931974051,-0.0005206215034837536
BPIC14,duration,logistic,cross-fitted target,rolling1,corrupt,0.15,corrupt/0.15,B_intake_g_km,nagelkerke,0.28700533810780815,0.2876536306674096,0.000648292559601471
BPIC14,duration,logistic,cross-fitted target,rolling1,corrupt,0.15,corrupt/0.15,B_intake_g_km,logloss_skill,0.17472415352921156,0.17517095071002797,0.00044679718081641617
BPIC14,duration,logistic,cross-fitted target,rolling2,clean,1.0,clean/1.0,B_half,auc,0.6213152149702712,0.7431932647605173,0.12187804979024608
BPIC14,duration,logistic,cross-fitted target,rolling2,clean,1.0,clean/1.0,B_half,ap,0.5436352394680835,0.6536892834511522,0.11005404398306873
BPIC14,duration,logistic,cross-fitted target,rolling2,clean,1.0,clean/1.0,B_half,brier_skill,0.04874208409600178,0.18751142197048043,0.13876933787447865
BPIC14,duration,logistic,cross-fitted target,rolling2,clean,1.0,clean/1.0,B_half,nagelkerke,0.06505374896266217,0.2341412529893124,0.16908750402665024
BPIC14,duration,logistic,cross-fitted target,rolling2,clean,1.0,clean/1.0,B_half,logloss_skill,0.035982684569702994,0.13893839047463874,0.10295570590493575
BPIC14,duration,logistic,cross-fitted target,rolling2,clean,1.0,clean/1.0,B_intake,auc,0.6221353493928696,0.746407059320907,0.12427170992803738
BPIC14,duration,logistic,cross-fitted target,rolling2,clean,1.0,clean/1.0,B_intake,ap,0.5443019588533541,0.6572189692945665,0.11291701044121238
BPIC14,duration,logistic,cross-fitted target,rolling2,clean,1.0,clean/1.0,B_intake,brier_skill,0.0493221314522867,0.1873029565017934,0.1379808250495067
BPIC14,duration,logistic,cross-fitted target,rolling2,clean,1.0,clean/1.0,B_intake,nagelkerke,0.06567804726997692,0.23393223766982577,0.16825419039984885
BPIC14,duration,logistic,cross-fitted target,rolling2,clean,1.0,clean/1.0,B_intake,logloss_skill,0.03633688975699634,0.13880155337978228,0.10246466362278595
BPIC14,duration,logistic,cross-fitted target,rolling2,clean,1.0,clean/1.0,B_intake_g,auc,0.6789172445804901,0.7483363549377728,0.06941911035728277
BPIC14,duration,logistic,cross-fitted target,rolling2,clean,1.0,clean/1.0,B_intake_g,ap,0.6086667293902915,0.6615504193435626,0.052883689953271085
BPIC14,duration,logistic,cross-fitted target,rolling2,clean,1.0,clean/1.0,B_intake_g,brier_skill,0.09679541249087109,0.19332496688470235,0.09652955439383126
BPIC14,duration,logistic,cross-fitted target,rolling2,clean,1.0,clean/1.0,B_intake_g,nagelkerke,0.1262209099996674,0.24221166025139362,0.11599075025172623
BPIC14,duration,logistic,cross-fitted target,rolling2,clean,1.0,clean/1.0,B_intake_g,logloss_skill,0.07154508911939683,0.14424193872332358,0.07269684960392675
BPIC14,duration,logistic,cross-fitted target,rolling2,clean,1.0,clean/1.0,B_intake_g_km,auc,0.781398902472101,0.7824994225268317,0.0011005200547307137
BPIC14,duration,logistic,cross-fitted target,rolling2,clean,1.0,clean/1.0,B_intake_g_km,ap,0.7115545316870722,0.7063780838194441,-0.005176447867628053
BPIC14,duration,logistic,cross-fitted target,rolling2,clean,1.0,clean/1.0,B_intake_g_km,brier_skill,0.24316798216895408,0.24571457870963043,0.002546596540676349
BPIC14,duration,logistic,cross-fitted target,rolling2,clean,1.0,clean/1.0,B_intake_g_km,nagelkerke,0.3083162171802093,0.3118427509966688,0.0035265338164595095
BPIC14,duration,logistic,cross-fitted target,rolling2,clean,1.0,clean/1.0,B_intake_g_km,logloss_skill,0.18922507985114712,0.19170593019807092,0.002480850346923802
BPIC14,duration,logistic,cross-fitted target,rolling2,mask_rare,0.5,mask_rare/0.5,B_half,auc,0.6213152149702712,0.7227118294749785,0.10139661450470727
BPIC14,duration,logistic,cross-fitted target,rolling2,mask_rare,0.5,mask_rare/0.5,B_half,ap,0.5436352394680835,0.6359787109377473,0.09234347146966382
BPIC14,duration,logistic,cross-fitted target,rolling2,mask_rare,0.5,mask_rare/0.5,B_half,brier_skill,0.04874208409600178,0.1632007597101457,0.11445867561414391
BPIC14,duration,logistic,cross-fitted target,rolling2,mask_rare,0.5,mask_rare/0.5,B_half,nagelkerke,0.06505374896266217,0.2146183687901147,0.14956461982745253
BPIC14,duration,logistic,cross-fitted target,rolling2,mask_rare,0.5,mask_rare/0.5,B_half,logloss_skill,0.035982684569702994,0.12626854240629615,0.09028585783659315
BPIC14,duration,logistic,cross-fitted target,rolling2,mask_rare,0.5,mask_rare/0.5,B_intake,auc,0.6221353493928696,0.7234703796568487,0.10133503026397905
BPIC14,duration,logistic,cross-fitted target,rolling2,mask_rare,0.5,mask_rare/0.5,B_intake,ap,0.5443019588533541,0.6386624873068547,0.09436052845350063
BPIC14,duration,logistic,cross-fitted target,rolling2,mask_rare,0.5,mask_rare/0.5,B_intake,brier_skill,0.0493221314522867,0.16323930843023182,0.11391717697794512
BPIC14,duration,logistic,cross-fitted target,rolling2,mask_rare,0.5,mask_rare/0.5,B_intake,nagelkerke,0.06567804726997692,0.2146542538897378,0.14897620661976088
BPIC14,duration,logistic,cross-fitted target,rolling2,mask_rare,0.5,mask_rare/0.5,B_intake,logloss_skill,0.03633688975699634,0.12629162688893725,0.08995473713194091
BPIC14,duration,logistic,cross-fitted target,rolling2,mask_rare,0.5,mask_rare/0.5,B_intake_g,auc,0.6789172445804901,0.7371830297821389,0.05826578520164882
BPIC14,duration,logistic,cross-fitted target,rolling2,mask_rare,0.5,mask_rare/0.5,B_intake_g,ap,0.6086667293902915,0.6615942176520444,0.052927488261752864
BPIC14,duration,logistic,cross-fitted target,rolling2,mask_rare,0.5,mask_rare/0.5,B_intake_g,brier_skill,0.09679541249087109,0.1734522011503392,0.07665678865946812
BPIC14,duration,logistic,cross-fitted target,rolling2,mask_rare,0.5,mask_rare/0.5,B_intake_g,nagelkerke,0.1262209099996674,0.2256957164329963,0.0994748064333289
BPIC14,duration,logistic,cross-fitted target,rolling2,mask_rare,0.5,mask_rare/0.5,B_intake_g,logloss_skill,0.07154508911939683,0.133429978715629,0.06188488959623217
BPIC14,duration,logistic,cross-fitted target,rolling2,mask_rare,0.5,mask_rare/0.5,B_intake_g_km,auc,0.781398902472101,0.7840035611812669,0.00260465870916593
BPIC14,duration,logistic,cross-fitted target,rolling2,mask_rare,0.5,mask_rare/0.5,B_intake_g_km,ap,0.7115545316870722,0.7161351254220812,0.004580593735009075
BPIC14,duration,logistic,cross-fitted target,rolling2,mask_rare,0.5,mask_rare/0.5,B_intake_g_km,brier_skill,0.24316798216895408,0.24826983796248225,0.005101855793528176
BPIC14,duration,logistic,cross-fitted target,rolling2,mask_rare,0.5,mask_rare/0.5,B_intake_g_km,nagelkerke,0.3083162171802093,0.31861060393860824,0.010294386758398943
BPIC14,duration,logistic,cross-fitted target,rolling2,mask_rare,0.5,mask_rare/0.5,B_intake_g_km,logloss_skill,0.18922507985114712,0.19649114732946227,0.007266067478315152
BPIC14,duration,logistic,cross-fitted target,rolling2,corrupt,0.15,corrupt/0.15,B_half,auc,0.6213152149702712,0.715420771261685,0.09410555629141382
BPIC14,duration,logistic,cross-fitted target,rolling2,corrupt,0.15,corrupt/0.15,B_half,ap,0.5436352394680835,0.6246111311188094,0.08097589165072594
BPIC14,duration,logistic,cross-fitted target,rolling2,corrupt,0.15,corrupt/0.15,B_half,brier_skill,0.04874208409600178,0.1386490602230125,0.08990697612701071
BPIC14,duration,logistic,cross-fitted target,rolling2,corrupt,0.15,corrupt/0.15,B_half,nagelkerke,0.06505374896266217,0.1757511543062606,0.11069740534359843
BPIC14,duration,logistic,cross-fitted target,rolling2,corrupt,0.15,corrupt/0.15,B_half,logloss_skill,0.035982684569702994,0.10169182091799656,0.06570913634829356
BPIC14,duration,logistic,cross-fitted target,rolling2,corrupt,0.15,corrupt/0.15,B_intake,auc,0.6221353493928696,0.7145011992482984,0.09236584985542873
BPIC14,duration,logistic,cross-fitted target,rolling2,corrupt,0.15,corrupt/0.15,B_intake,ap,0.5443019588533541,0.6237796757954897,0.07947771694213557
BPIC14,duration,logistic,cross-fitted target,rolling2,corrupt,0.15,corrupt/0.15,B_intake,brier_skill,0.0493221314522867,0.13857669018622698,0.08925455873394028
BPIC14,duration,logistic,cross-fitted target,rolling2,corrupt,0.15,corrupt/0.15,B_intake,nagelkerke,0.06567804726997692,0.17568708496734792,0.110009037697371
BPIC14,duration,logistic,cross-fitted target,rolling2,corrupt,0.15,corrupt/0.15,B_intake,logloss_skill,0.03633688975699634,0.10165199528358759,0.06531510552659126
BPIC14,duration,logistic,cross-fitted target,rolling2,corrupt,0.15,corrupt/0.15,B_intake_g,auc,0.6789172445804901,0.7292713571889831,0.050354112608492985
BPIC14,duration,logistic,cross-fitted target,rolling2,corrupt,0.15,corrupt/0.15,B_intake_g,ap,0.6086667293902915,0.6504433439066948,0.04177661451640324
BPIC14,duration,logistic,cross-fitted target,rolling2,corrupt,0.15,corrupt/0.15,B_intake_g,brier_skill,0.09679541249087109,0.15673447344904212,0.05993906095817103
BPIC14,duration,logistic,cross-fitted target,rolling2,corrupt,0.15,corrupt/0.15,B_intake_g,nagelkerke,0.1262209099996674,0.19991435074781902,0.07369344074815162
BPIC14,duration,logistic,cross-fitted target,rolling2,corrupt,0.15,corrupt/0.15,B_intake_g,logloss_skill,0.07154508911939683,0.11687156299420809,0.04532647387481126
BPIC14,duration,logistic,cross-fitted target,rolling2,corrupt,0.15,corrupt/0.15,B_intake_g_km,auc,0.781398902472101,0.7816894124244367,0.00029050995233570465
BPIC14,duration,logistic,cross-fitted target,rolling2,corrupt,0.15,corrupt/0.15,B_intake_g_km,ap,0.7115545316870722,0.7103410723184311,-0.0012134593686410344
BPIC14,duration,logistic,cross-fitted target,rolling2,corrupt,0.15,corrupt/0.15,B_intake_g_km,brier_skill,0.24316798216895408,0.24429399554538989,0.0011260133764358082
BPIC14,duration,logistic,cross-fitted target,rolling2,corrupt,0.15,corrupt/0.15,B_intake_g_km,nagelkerke,0.3083162171802093,0.31025659469715877,0.0019403775169494764
BPIC14,duration,logistic,cross-fitted target,rolling2,corrupt,0.15,corrupt/0.15,B_intake_g_km,logloss_skill,0.18922507985114712,0.19058903758388046,0.0013639577327333452
BPIC14,handover,logistic,cross-fitted target,holdout70,clean,1.0,clean/1.0,B_half,auc,0.6086599279929699,0.8806687162960949,0.272008788303125
BPIC14,handover,logistic,cross-fitted target,holdout70,clean,1.0,clean/1.0,B_half,ap,0.9591858145942376,0.987796822668053,0.028611008073815447
BPIC14,handover,logistic,cross-fitted target,holdout70,clean,1.0,clean/1.0,B_half,brier_skill,0.011732694083960715,0.27925930664417775,0.26752661256021704
BPIC14,handover,logistic,cross-fitted target,holdout70,clean,1.0,clean/1.0,B_half,nagelkerke,0.038475828365730644,0.37849536112327264,0.340019532757542
BPIC14,handover,logistic,cross-fitted target,holdout70,clean,1.0,clean/1.0,B_half,logloss_skill,0.031409025781596434,0.3294013575209598,0.29799233173936335
BPIC14,handover,logistic,cross-fitted target,holdout70,clean,1.0,clean/1.0,B_intake,auc,0.6090086725323841,0.8794453692493948,0.27043669671701065
BPIC14,handover,logistic,cross-fitted target,holdout70,clean,1.0,clean/1.0,B_intake,ap,0.9593532325249581,0.9876243372926861,0.028271104767727984
BPIC14,handover,logistic,cross-fitted target,holdout70,clean,1.0,clean/1.0,B_intake,brier_skill,0.01093109816260307,0.27883060494179224,0.26789950677918917
BPIC14,handover,logistic,cross-fitted target,holdout70,clean,1.0,clean/1.0,B_intake,nagelkerke,0.03845911343126652,0.3778587963840374,0.3393996829527709
BPIC14,handover,logistic,cross-fitted target,holdout70,clean,1.0,clean/1.0,B_intake,logloss_skill,0.03139528719349172,0.32880575181047755,0.29741046461698584
BPIC14,handover,logistic,cross-fitted target,holdout70,clean,1.0,clean/1.0,B_intake_g,auc,0.7340074377761903,0.8728976547139634,0.13889021693777315
BPIC14,handover,logistic,cross-fitted target,holdout70,clean,1.0,clean/1.0,B_intake_g,ap,0.9743669233530303,0.9876168252325626,0.013249901879532233
BPIC14,handover,logistic,cross-fitted target,holdout70,clean,1.0,clean/1.0,B_intake_g,brier_skill,0.028766053788748636,0.2653047817532427,0.23653872796449404
BPIC14,handover,logistic,cross-fitted target,holdout70,clean,1.0,clean/1.0,B_intake_g,nagelkerke,0.13029676045509733,0.3731562213625208,0.24285946090742347
BPIC14,handover,logistic,cross-fitted target,holdout70,clean,1.0,clean/1.0,B_intake_g,logloss_skill,0.1081476020806289,0.32441053606128767,0.21626293398065877
BPIC14,handover,logistic,cross-fitted target,holdout70,clean,1.0,clean/1.0,B_intake_g_km,auc,0.8895984237003648,0.8998307001087374,0.010232276408372654
BPIC14,handover,logistic,cross-fitted target,holdout70,clean,1.0,clean/1.0,B_intake_g_km,ap,0.9882061301394857,0.9896994541640519,0.001493324024566256
BPIC14,handover,logistic,cross-fitted target,holdout70,clean,1.0,clean/1.0,B_intake_g_km,brier_skill,0.3127517643309735,0.3172674402422453,0.004515675911271777
BPIC14,handover,logistic,cross-fitted target,holdout70,clean,1.0,clean/1.0,B_intake_g_km,nagelkerke,0.4232254935053863,0.4323423788283603,0.009116885322974
BPIC14,handover,logistic,cross-fitted target,holdout70,clean,1.0,clean/1.0,B_intake_g_km,logloss_skill,0.37164482792783304,0.38035100779904707,0.008706179871214026
BPIC14,handover,logistic,cross-fitted target,holdout70,mask_rare,0.5,mask_rare/0.5,B_half,auc,0.6086599279929699,0.7669755269346752,0.15831559894170533
BPIC14,handover,logistic,cross-fitted target,holdout70,mask_rare,0.5,mask_rare/0.5,B_half,ap,0.9591858145942376,0.978608945646704,0.019423131052466402
BPIC14,handover,logistic,cross-fitted target,holdout70,mask_rare,0.5,mask_rare/0.5,B_half,brier_skill,0.011732694083960715,0.14815098276528604,0.13641828868132533
BPIC14,handover,logistic,cross-fitted target,holdout70,mask_rare,0.5,mask_rare/0.5,B_half,nagelkerke,0.038475828365730644,0.22079279844909852,0.1823169700833679
BPIC14,handover,logistic,cross-fitted target,holdout70,mask_rare,0.5,mask_rare/0.5,B_half,logloss_skill,0.031409025781596434,0.1863731079178479,0.15496408213625146
BPIC14,handover,logistic,cross-fitted target,holdout70,mask_rare,0.5,mask_rare/0.5,B_intake,auc,0.6090086725323841,0.7652227658222647,0.15621409328988056
BPIC14,handover,logistic,cross-fitted target,holdout70,mask_rare,0.5,mask_rare/0.5,B_intake,ap,0.9593532325249581,0.9785166655337774,0.019163433008819286
BPIC14,handover,logistic,cross-fitted target,holdout70,mask_rare,0.5,mask_rare/0.5,B_intake,brier_skill,0.01093109816260307,0.14816375698265583,0.13723265882005276
BPIC14,handover,logistic,cross-fitted target,holdout70,mask_rare,0.5,mask_rare/0.5,B_intake,nagelkerke,0.03845911343126652,0.22020533242468981,0.1817462189934233
BPIC14,handover,logistic,cross-fitted target,holdout70,mask_rare,0.5,mask_rare/0.5,B_intake,logloss_skill,0.03139528719349172,0.18585661094026007,0.15446132374676835
BPIC14,handover,logistic,cross-fitted target,holdout70,mask_rare,0.5,mask_rare/0.5,B_intake_g,auc,0.7340074377761903,0.8240741600496906,0.09006672227350032
BPIC14,handover,logistic,cross-fitted target,holdout70,mask_rare,0.5,mask_rare/0.5,B_intake_g,ap,0.9743669233530303,0.9831204836070508,0.00875356025402052
BPIC14,handover,logistic,cross-fitted target,holdout70,mask_rare,0.5,mask_rare/0.5,B_intake_g,brier_skill,0.028766053788748636,0.15032136744137514,0.1215553136526265
BPIC14,handover,logistic,cross-fitted target,holdout70,mask_rare,0.5,mask_rare/0.5,B_intake_g,nagelkerke,0.13029676045509733,0.262539753892195,0.1322429934370977
BPIC14,handover,logistic,cross-fitted target,holdout70,mask_rare,0.5,mask_rare/0.5,B_intake_g,logloss_skill,0.1081476020806289,0.22337736527461605,0.11522976319398714
BPIC14,handover,logistic,cross-fitted target,holdout70,mask_rare,0.5,mask_rare/0.5,B_intake_g_km,auc,0.8895984237003648,0.8937160392656422,0.004117615565277455
BPIC14,handover,logistic,cross-fitted target,holdout70,mask_rare,0.5,mask_rare/0.5,B_intake_g_km,ap,0.9882061301394857,0.9888111646981226,0.0006050345586369188
BPIC14,handover,logistic,cross-fitted target,holdout70,mask_rare,0.5,mask_rare/0.5,B_intake_g_km,brier_skill,0.3127517643309735,0.3132719547960744,0.0005201904651008782
BPIC14,handover,logistic,cross-fitted target,holdout70,mask_rare,0.5,mask_rare/0.5,B_intake_g_km,nagelkerke,0.4232254935053863,0.4241065311368963,0.0008810376315099844
BPIC14,handover,logistic,cross-fitted target,holdout70,mask_rare,0.5,mask_rare/0.5,B_intake_g_km,logloss_skill,0.37164482792783304,0.37248473709527563,0.0008399091674425874
BPIC14,handover,logistic,cross-fitted target,holdout70,corrupt,0.15,corrupt/0.15,B_half,auc,0.6086599279929699,0.8254897833309099,0.21682985533794008
BPIC14,handover,logistic,cross-fitted target,holdout70,corrupt,0.15,corrupt/0.15,B_half,ap,0.9591858145942376,0.9821270651247959,0.022941250530558288
BPIC14,handover,logistic,cross-fitted target,holdout70,corrupt,0.15,corrupt/0.15,B_half,brier_skill,0.011732694083960715,0.1876198696290865,0.17588717554512578
BPIC14,handover,logistic,cross-fitted target,holdout70,corrupt,0.15,corrupt/0.15,B_half,nagelkerke,0.038475828365730644,0.27495514369747803,0.23647931533174738
BPIC14,handover,logistic,cross-fitted target,holdout70,corrupt,0.15,corrupt/0.15,B_half,logloss_skill,0.031409025781596434,0.2344982776123531,0.20308925183075666
BPIC14,handover,logistic,cross-fitted target,holdout70,corrupt,0.15,corrupt/0.15,B_intake,auc,0.6090086725323841,0.8245385765493525,0.21552990401696837
BPIC14,handover,logistic,cross-fitted target,holdout70,corrupt,0.15,corrupt/0.15,B_intake,ap,0.9593532325249581,0.9823698963467828,0.023016663821824768
BPIC14,handover,logistic,cross-fitted target,holdout70,corrupt,0.15,corrupt/0.15,B_intake,brier_skill,0.01093109816260307,0.18714212008454378,0.1762110219219407
BPIC14,handover,logistic,cross-fitted target,holdout70,corrupt,0.15,corrupt/0.15,B_intake,nagelkerke,0.03845911343126652,0.2745759077481421,0.2361167943168756
BPIC14,handover,logistic,cross-fitted target,holdout70,corrupt,0.15,corrupt/0.15,B_intake,logloss_skill,0.03139528719349172,0.23415778399864084,0.20276249680514913
BPIC14,handover,logistic,cross-fitted target,holdout70,corrupt,0.15,corrupt/0.15,B_intake_g,auc,0.7340074377761903,0.8436463298699574,0.10963889209376709
BPIC14,handover,logistic,cross-fitted target,holdout70,corrupt,0.15,corrupt/0.15,B_intake_g,ap,0.9743669233530303,0.9851892390196857,0.010822315666655369
BPIC14,handover,logistic,cross-fitted target,holdout70,corrupt,0.15,corrupt/0.15,B_intake_g,brier_skill,0.028766053788748636,0.17622895101643898,0.14746289722769035
BPIC14,handover,logistic,cross-fitted target,holdout70,corrupt,0.15,corrupt/0.15,B_intake_g,nagelkerke,0.13029676045509733,0.29193292195208737,0.16163616149699003
BPIC14,handover,logistic,cross-fitted target,holdout70,corrupt,0.15,corrupt/0.15,B_intake_g,logloss_skill,0.1081476020806289,0.24979355848144713,0.14164595640081823
BPIC14,handover,logistic,cross-fitted target,holdout70,corrupt,0.15,corrupt/0.15,B_intake_g_km,auc,0.8895984237003648,0.8949504003375922,0.005351976637227418
BPIC14,handover,logistic,cross-fitted target,holdout70,corrupt,0.15,corrupt/0.15,B_intake_g_km,ap,0.9882061301394857,0.9888918728266328,0.0006857426871471617
BPIC14,handover,logistic,cross-fitted target,holdout70,corrupt,0.15,corrupt/0.15,B_intake_g_km,brier_skill,0.3127517643309735,0.3151767335066581,0.002424969175684577
BPIC14,handover,logistic,cross-fitted target,holdout70,corrupt,0.15,corrupt/0.15,B_intake_g_km,nagelkerke,0.4232254935053863,0.4276702000960446,0.0044447065906583205
BPIC14,handover,logistic,cross-fitted target,holdout70,corrupt,0.15,corrupt/0.15,B_intake_g_km,logloss_skill,0.37164482792783304,0.37588518392162795,0.004240355993794909
BPIC14,handover,logistic,cross-fitted target,rolling1,clean,1.0,clean/1.0,B_half,auc,0.6281874131074459,0.8778388766128631,0.24965146350541723
BPIC14,handover,logistic,cross-fitted target,rolling1,clean,1.0,clean/1.0,B_half,ap,0.9348427918963856,0.9823711715324313,0.047528379636045615
BPIC14,handover,logistic,cross-fitted target,rolling1,clean,1.0,clean/1.0,B_half,brier_skill,0.0026785368469474102,0.24133039564528125,0.23865185879833384
BPIC14,handover,logistic,cross-fitted target,rolling1,clean,1.0,clean/1.0,B_half,nagelkerke,0.010518385517779871,0.33075123838805726,0.32023285287027736
BPIC14,handover,logistic,cross-fitted target,rolling1,clean,1.0,clean/1.0,B_half,logloss_skill,0.007891639775251313,0.268387974494539,0.2604963347192877
BPIC14,handover,logistic,cross-fitted target,rolling1,clean,1.0,clean/1.0,B_intake,auc,0.6303847294054259,0.8803473344446818,0.24996260503925594
BPIC14,handover,logistic,cross-fitted target,rolling1,clean,1.0,clean/1.0,B_intake,ap,0.935492706393151,0.9829441807923263,0.0474514743991753
BPIC14,handover,logistic,cross-fitted target,rolling1,clean,1.0,clean/1.0,B_intake,brier_skill,0.0031234930285883866,0.24178744667339014,0.23866395364480175
BPIC14,handover,logistic,cross-fitted target,rolling1,clean,1.0,clean/1.0,B_intake,nagelkerke,0.01151824004654884,0.33256635771749893,0.3210481176709501
BPIC14,handover,logistic,cross-fitted target,rolling1,clean,1.0,clean/1.0,B_intake,logloss_skill,0.008643784005563981,0.26998915065882945,0.26134536665326547
BPIC14,handover,logistic,cross-fitted target,rolling1,clean,1.0,clean/1.0,B_intake_g,auc,0.7949329924819702,0.8779621736927321,0.08302918121076186
BPIC14,handover,logistic,cross-fitted target,rolling1,clean,1.0,clean/1.0,B_intake_g,ap,0.9668547656991853,0.9806816186197311,0.013826852920545862
BPIC14,handover,logistic,cross-fitted target,rolling1,clean,1.0,clean/1.0,B_intake_g,brier_skill,0.0883795283660207,0.2579812782588552,0.1696017498928345
BPIC14,handover,logistic,cross-fitted target,rolling1,clean,1.0,clean/1.0,B_intake_g,nagelkerke,0.15028459761844098,0.3408800392398251,0.1905954416213841
BPIC14,handover,logistic,cross-fitted target,rolling1,clean,1.0,clean/1.0,B_intake_g,logloss_skill,0.11653102233192336,0.2773429868184548,0.16081196448653146
BPIC14,handover,logistic,cross-fitted target,rolling1,clean,1.0,clean/1.0,B_intake_g_km,auc,0.9130224133992618,0.9148699370411871,0.0018475236419253083
BPIC14,handover,logistic,cross-fitted target,rolling1,clean,1.0,clean/1.0,B_intake_g_km,ap,0.9859902487895049,0.9867211649536575,0.0007309161641525508
BPIC14,handover,logistic,cross-fitted target,rolling1,clean,1.0,clean/1.0,B_intake_g_km,brier_skill,0.30740516872985046,0.30874925777588447,0.0013440890460340027
BPIC14,handover,logistic,cross-fitted target,rolling1,clean,1.0,clean/1.0,B_intake_g_km,nagelkerke,0.4203385456216852,0.4183191035232771,-0.0020194420984080974
BPIC14,handover,logistic,cross-fitted target,rolling1,clean,1.0,clean/1.0,B_intake_g_km,logloss_skill,0.3493450472815248,0.34747536915748045,-0.0018696781240443716
BPIC14,handover,logistic,cross-fitted target,rolling1,mask_rare,0.5,mask_rare/0.5,B_half,auc,0.6281874131074459,0.8002057785746779,0.17201836546723204
BPIC14,handover,logistic,cross-fitted target,rolling1,mask_rare,0.5,mask_rare/0.5,B_half,ap,0.9348427918963856,0.9707066158982077,0.03586382400182209
BPIC14,handover,logistic,cross-fitted target,rolling1,mask_rare,0.5,mask_rare/0.5,B_half,brier_skill,0.0026785368469474102,0.14655624036984327,0.14387770352289586
BPIC14,handover,logistic,cross-fitted target,rolling1,mask_rare,0.5,mask_rare/0.5,B_half,nagelkerke,0.010518385517779871,0.20263015915464835,0.1921117736368685
BPIC14,handover,logistic,cross-fitted target,rolling1,mask_rare,0.5,mask_rare/0.5,B_half,logloss_skill,0.007891639775251313,0.1591478539003035,0.1512562141250522
BPIC14,handover,logistic,cross-fitted target,rolling1,mask_rare,0.5,mask_rare/0.5,B_intake,auc,0.6303847294054259,0.7987370359304697,0.16835230652504385
BPIC14,handover,logistic,cross-fitted target,rolling1,mask_rare,0.5,mask_rare/0.5,B_intake,ap,0.935492706393151,0.9707330680656706,0.03524036167251965
BPIC14,handover,logistic,cross-fitted target,rolling1,mask_rare,0.5,mask_rare/0.5,B_intake,brier_skill,0.0031234930285883866,0.14706545664604498,0.1439419636174566
BPIC14,handover,logistic,cross-fitted target,rolling1,mask_rare,0.5,mask_rare/0.5,B_intake,nagelkerke,0.01151824004654884,0.20394685033448195,0.19242861028793312
BPIC14,handover,logistic,cross-fitted target,rolling1,mask_rare,0.5,mask_rare/0.5,B_intake,logloss_skill,0.008643784005563981,0.1602342552145919,0.1515904712090279
BPIC14,handover,logistic,cross-fitted target,rolling1,mask_rare,0.5,mask_rare/0.5,B_intake_g,auc,0.7949329924819702,0.8461281431575726,0.05119515067560232
BPIC14,handover,logistic,cross-fitted target,rolling1,mask_rare,0.5,mask_rare/0.5,B_intake_g,ap,0.9668547656991853,0.9760444576591276,0.009189691959942348
BPIC14,handover,logistic,cross-fitted target,rolling1,mask_rare,0.5,mask_rare/0.5,B_intake_g,brier_skill,0.0883795283660207,0.16109513489854155,0.07271560653252085
BPIC14,handover,logistic,cross-fitted target,rolling1,mask_rare,0.5,mask_rare/0.5,B_intake_g,nagelkerke,0.15028459761844098,0.23171146718886845,0.08142686957042747
BPIC14,handover,logistic,cross-fitted target,rolling1,mask_rare,0.5,mask_rare/0.5,B_intake_g,logloss_skill,0.11653102233192336,0.18331221549589582,0.06678119316397246
BPIC14,handover,logistic,cross-fitted target,rolling1,mask_rare,0.5,mask_rare/0.5,B_intake_g_km,auc,0.9130224133992618,0.9120377760608092,-0.0009846373384526652
BPIC14,handover,logistic,cross-fitted target,rolling1,mask_rare,0.5,mask_rare/0.5,B_intake_g_km,ap,0.9859902487895049,0.9854577642054447,-0.0005324845840601888
BPIC14,handover,logistic,cross-fitted target,rolling1,mask_rare,0.5,mask_rare/0.5,B_intake_g_km,brier_skill,0.30740516872985046,0.3079993814389784,0.0005942127091279614
BPIC14,handover,logistic,cross-fitted target,rolling1,mask_rare,0.5,mask_rare/0.5,B_intake_g_km,nagelkerke,0.4203385456216852,0.4210082639160681,0.0006697182943828928
BPIC14,handover,logistic,cross-fitted target,rolling1,mask_rare,0.5,mask_rare/0.5,B_intake_g_km,logloss_skill,0.3493450472815248,0.34996557001710904,0.0006205227355842169
BPIC14,handover,logistic,cross-fitted target,rolling1,corrupt,0.15,corrupt/0.15,B_half,auc,0.6281874131074459,0.813419824237887,0.1852324111304411
BPIC14,handover,logistic,cross-fitted target,rolling1,corrupt,0.15,corrupt/0.15,B_half,ap,0.9348427918963856,0.9697434973932697,0.034900705496884066
BPIC14,handover,logistic,cross-fitted target,rolling1,corrupt,0.15,corrupt/0.15,B_half,brier_skill,0.0026785368469474102,0.1641480800755334,0.16146954322858598
BPIC14,handover,logistic,cross-fitted target,rolling1,corrupt,0.15,corrupt/0.15,B_half,nagelkerke,0.010518385517779871,0.23528164871887539,0.22476326320109552
BPIC14,handover,logistic,cross-fitted target,rolling1,corrupt,0.15,corrupt/0.15,B_half,logloss_skill,0.007891639775251313,0.18630348138394737,0.17841184160869605
BPIC14,handover,logistic,cross-fitted target,rolling1,corrupt,0.15,corrupt/0.15,B_intake,auc,0.6303847294054259,0.8157887515185062,0.18540402211308027
BPIC14,handover,logistic,cross-fitted target,rolling1,corrupt,0.15,corrupt/0.15,B_intake,ap,0.935492706393151,0.9705831307484933,0.035090424355342376
BPIC14,handover,logistic,cross-fitted target,rolling1,corrupt,0.15,corrupt/0.15,B_intake,brier_skill,0.0031234930285883866,0.16453095035801502,0.16140745732942663
BPIC14,handover,logistic,cross-fitted target,rolling1,corrupt,0.15,corrupt/0.15,B_intake,nagelkerke,0.01151824004654884,0.2368867034195618,0.22536846337301297
BPIC14,handover,logistic,cross-fitted target,rolling1,corrupt,0.15,corrupt/0.15,B_intake,logloss_skill,0.008643784005563981,0.1876500533907154,0.1790062693851514
BPIC14,handover,logistic,cross-fitted target,rolling1,corrupt,0.15,corrupt/0.15,B_intake_g,auc,0.7949329924819702,0.8447355432241297,0.049802550742159446
BPIC14,handover,logistic,cross-fitted target,rolling1,corrupt,0.15,corrupt/0.15,B_intake_g,ap,0.9668547656991853,0.9755050597388294,0.008650294039644124
BPIC14,handover,logistic,cross-fitted target,rolling1,corrupt,0.15,corrupt/0.15,B_intake_g,brier_skill,0.0883795283660207,0.18378345877611768,0.09540393041009698
BPIC14,handover,logistic,cross-fitted target,rolling1,corrupt,0.15,corrupt/0.15,B_intake_g,nagelkerke,0.15028459761844098,0.27375682087572645,0.12347222325728546
BPIC14,handover,logistic,cross-fitted target,rolling1,corrupt,0.15,corrupt/0.15,B_intake_g,logloss_skill,0.11653102233192336,0.21889121481028562,0.10236019247836226
BPIC14,handover,logistic,cross-fitted target,rolling1,corrupt,0.15,corrupt/0.15,B_intake_g_km,auc,0.9130224133992618,0.9137227717338159,0.0007003583345540632
BPIC14,handover,logistic,cross-fitted target,rolling1,corrupt,0.15,corrupt/0.15,B_intake_g_km,ap,0.9859902487895049,0.9857623182507838,-0.0002279305387211661
BPIC14,handover,logistic,cross-fitted target,rolling1,corrupt,0.15,corrupt/0.15,B_intake_g_km,brier_skill,0.30740516872985046,0.30806214977110746,0.0006569810412569987
BPIC14,handover,logistic,cross-fitted target,rolling1,corrupt,0.15,corrupt/0.15,B_intake_g_km,nagelkerke,0.4203385456216852,0.42059666437482635,0.0002581187531411344
BPIC14,handover,logistic,cross-fitted target,rolling1,corrupt,0.15,corrupt/0.15,B_intake_g_km,logloss_skill,0.3493450472815248,0.3495841775455968,0.0002391302640719628
BPIC14,handover,logistic,cross-fitted target,rolling2,clean,1.0,clean/1.0,B_half,auc,0.6343931231826134,0.8560875357684867,0.2216944125858733
BPIC14,handover,logistic,cross-fitted target,rolling2,clean,1.0,clean/1.0,B_half,ap,0.9478775985958534,0.9809340931973809,0.033056494601527486
BPIC14,handover,logistic,cross-fitted target,rolling2,clean,1.0,clean/1.0,B_half,brier_skill,0.01132486897500451,0.27545563938099604,0.26413077040599153
BPIC14,handover,logistic,cross-fitted target,rolling2,clean,1.0,clean/1.0,B_half,nagelkerke,0.03202636508551392,0.3642724595434011,0.33224609445788716
BPIC14,handover,logistic,cross-fitted target,rolling2,clean,1.0,clean/1.0,B_half,logloss_skill,0.024999541056658803,0.30609911448369664,0.28109957342703784
BPIC14,handover,logistic,cross-fitted target,rolling2,clean,1.0,clean/1.0,B_intake,auc,0.6391508242681218,0.8599698791691286,0.22081905490100684
BPIC14,handover,logistic,cross-fitted target,rolling2,clean,1.0,clean/1.0,B_intake,ap,0.949007672975825,0.981744161334807,0.03273648835898202
BPIC14,handover,logistic,cross-fitted target,rolling2,clean,1.0,clean/1.0,B_intake,brier_skill,0.012730851179647118,0.2761598848052754,0.2634290336256283
BPIC14,handover,logistic,cross-fitted target,rolling2,clean,1.0,clean/1.0,B_intake,nagelkerke,0.03555276096256922,0.3668571261847631,0.3313043652221939
BPIC14,handover,logistic,cross-fitted target,rolling2,clean,1.0,clean/1.0,B_intake,logloss_skill,0.027772659804607747,0.30845943479571225,0.2806867749911045
BPIC14,handover,logistic,cross-fitted target,rolling2,clean,1.0,clean/1.0,B_intake_g,auc,0.7777636441571382,0.8781264843197905,0.10036284016265229
BPIC14,handover,logistic,cross-fitted target,rolling2,clean,1.0,clean/1.0,B_intake_g,ap,0.9712707927214816,0.9846401708780179,0.013369378156536271
BPIC14,handover,logistic,cross-fitted target,rolling2,clean,1.0,clean/1.0,B_intake_g,brier_skill,0.07596322261490496,0.2982711976824153,0.22230797506751032
BPIC14,handover,logistic,cross-fitted target,rolling2,clean,1.0,clean/1.0,B_intake_g,nagelkerke,0.1695390283618076,0.38655991415580643,0.21702088579399884
BPIC14,handover,logistic,cross-fitted target,rolling2,clean,1.0,clean/1.0,B_intake_g,logloss_skill,0.13629018659782643,0.32655016473019904,0.1902599781323726
BPIC14,handover,logistic,cross-fitted target,rolling2,clean,1.0,clean/1.0,B_intake_g_km,auc,0.9071967932900057,0.9088226230609717,0.0016258297709660363
BPIC14,handover,logistic,cross-fitted target,rolling2,clean,1.0,clean/1.0,B_intake_g_km,ap,0.9879771132410639,0.9882968298313,0.00031971659023610766
BPIC14,handover,logistic,cross-fitted target,rolling2,clean,1.0,clean/1.0,B_intake_g_km,brier_skill,0.31409419623682755,0.3217065023958764,0.007612306159048843
BPIC14,handover,logistic,cross-fitted target,rolling2,clean,1.0,clean/1.0,B_intake_g_km,nagelkerke,0.42698602163593474,0.43480543588738035,0.007819414251445611
BPIC14,handover,logistic,cross-fitted target,rolling2,clean,1.0,clean/1.0,B_intake_g_km,logloss_skill,0.3642231188068846,0.37159800657010533,0.0073748877632207055
BPIC14,handover,logistic,cross-fitted target,rolling2,mask_rare,0.5,mask_rare/0.5,B_half,auc,0.6343931231826134,0.7588649080735412,0.1244717848909278
BPIC14,handover,logistic,cross-fitted target,rolling2,mask_rare,0.5,mask_rare/0.5,B_half,ap,0.9478775985958534,0.970251851058756,0.02237425246290259
BPIC14,handover,logistic,cross-fitted target,rolling2,mask_rare,0.5,mask_rare/0.5,B_half,brier_skill,0.01132486897500451,0.12412549497827363,0.11280062600326912
BPIC14,handover,logistic,cross-fitted target,rolling2,mask_rare,0.5,mask_rare/0.5,B_half,nagelkerke,0.03202636508551392,0.1943665741677243,0.16234020908221036
BPIC14,handover,logistic,cross-fitted target,rolling2,mask_rare,0.5,mask_rare/0.5,B_half,logloss_skill,0.024999541056658803,0.15710532393624743,0.13210578287958863
BPIC14,handover,logistic,cross-fitted target,rolling2,mask_rare,0.5,mask_rare/0.5,B_intake,auc,0.6391508242681218,0.7625303814919079,0.12337955722378613
BPIC14,handover,logistic,cross-fitted target,rolling2,mask_rare,0.5,mask_rare/0.5,B_intake,ap,0.949007672975825,0.9708508223832866,0.02184314940746157
BPIC14,handover,logistic,cross-fitted target,rolling2,mask_rare,0.5,mask_rare/0.5,B_intake,brier_skill,0.012730851179647118,0.125212312408844,0.11248146122919689
BPIC14,handover,logistic,cross-fitted target,rolling2,mask_rare,0.5,mask_rare/0.5,B_intake,nagelkerke,0.03555276096256922,0.19727068661075403,0.16171792564818482
BPIC14,handover,logistic,cross-fitted target,rolling2,mask_rare,0.5,mask_rare/0.5,B_intake,logloss_skill,0.027772659804607747,0.15955523312580333,0.13178257332119558
BPIC14,handover,logistic,cross-fitted target,rolling2,mask_rare,0.5,mask_rare/0.5,B_intake_g,auc,0.7777636441571382,0.8459901064655522,0.068226462308414
BPIC14,handover,logistic,cross-fitted target,rolling2,mask_rare,0.5,mask_rare/0.5,B_intake_g,ap,0.9712707927214816,0.9815154058383562,0.010244613116874524
BPIC14,handover,logistic,cross-fitted target,rolling2,mask_rare,0.5,mask_rare/0.5,B_intake_g,brier_skill,0.07596322261490496,0.15800066217178788,0.08203743955688292
BPIC14,handover,logistic,cross-fitted target,rolling2,mask_rare,0.5,mask_rare/0.5,B_intake_g,nagelkerke,0.1695390283618076,0.2586494210028562,0.08911039264104861
BPIC14,handover,logistic,cross-fitted target,rolling2,mask_rare,0.5,mask_rare/0.5,B_intake_g,logloss_skill,0.13629018659782643,0.21209594607928273,0.07580575948145629
BPIC14,handover,logistic,cross-fitted target,rolling2,mask_rare,0.5,mask_rare/0.5,B_intake_g_km,auc,0.9071967932900057,0.9046914352575911,-0.002505358032414584
BPIC14,handover,logistic,cross-fitted target,rolling2,mask_rare,0.5,mask_rare/0.5,B_intake_g_km,ap,0.9879771132410639,0.9872097063886507,-0.0007674068524131661
BPIC14,handover,logistic,cross-fitted target,rolling2,mask_rare,0.5,mask_rare/0.5,B_intake_g_km,brier_skill,0.31409419623682755,0.3142806866038552,0.00018649036702766963
BPIC14,handover,logistic,cross-fitted target,rolling2,mask_rare,0.5,mask_rare/0.5,B_intake_g_km,nagelkerke,0.42698602163593474,0.4269214863662369,-6.453526969785184e-05
BPIC14,handover,logistic,cross-fitted target,rolling2,mask_rare,0.5,mask_rare/0.5,B_intake_g_km,logloss_skill,0.3642231188068846,0.36416237259209305,-6.074621479157383e-05
BPIC14,handover,logistic,cross-fitted target,rolling2,corrupt,0.15,corrupt/0.15,B_half,auc,0.6343931231826134,0.8038239553284909,0.1694308321458775
BPIC14,handover,logistic,cross-fitted target,rolling2,corrupt,0.15,corrupt/0.15,B_half,ap,0.9478775985958534,0.9742536538114247,0.026376055215571292
BPIC14,handover,logistic,cross-fitted target,rolling2,corrupt,0.15,corrupt/0.15,B_half,brier_skill,0.01132486897500451,0.18683416213457416,0.17550929315956965
BPIC14,handover,logistic,cross-fitted target,rolling2,corrupt,0.15,corrupt/0.15,B_half,nagelkerke,0.03202636508551392,0.25466939856423654,0.2226430334787226
BPIC14,handover,logistic,cross-fitted target,rolling2,corrupt,0.15,corrupt/0.15,B_half,logloss_skill,0.024999541056658803,0.20864410227337604,0.18364456121671724
BPIC14,handover,logistic,cross-fitted target,rolling2,corrupt,0.15,corrupt/0.15,B_intake,auc,0.6391508242681218,0.8078999988415065,0.16874917457338479
BPIC14,handover,logistic,cross-fitted target,rolling2,corrupt,0.15,corrupt/0.15,B_intake,ap,0.949007672975825,0.9753743758459108,0.0263667028700858
BPIC14,handover,logistic,cross-fitted target,rolling2,corrupt,0.15,corrupt/0.15,B_intake,brier_skill,0.012730851179647118,0.1875521065784731,0.17482125539882598
BPIC14,handover,logistic,cross-fitted target,rolling2,corrupt,0.15,corrupt/0.15,B_intake,nagelkerke,0.03555276096256922,0.2573814628399089,0.22182870187733972
BPIC14,handover,logistic,cross-fitted target,rolling2,corrupt,0.15,corrupt/0.15,B_intake,logloss_skill,0.027772659804607747,0.21099556689336274,0.183222907088755
BPIC14,handover,logistic,cross-fitted target,rolling2,corrupt,0.15,corrupt/0.15,B_intake_g,auc,0.7777636441571382,0.8418128106210683,0.06404916646393011
BPIC14,handover,logistic,cross-fitted target,rolling2,corrupt,0.15,corrupt/0.15,B_intake_g,ap,0.9712707927214816,0.9809730542309851,0.009702261509503485
BPIC14,handover,logistic,cross-fitted target,rolling2,corrupt,0.15,corrupt/0.15,B_intake_g,brier_skill,0.07596322261490496,0.20036328350404065,0.12440006088913569
BPIC14,handover,logistic,cross-fitted target,rolling2,corrupt,0.15,corrupt/0.15,B_intake_g,nagelkerke,0.1695390283618076,0.3006182564535792,0.1310792280917716
BPIC14,handover,logistic,cross-fitted target,rolling2,corrupt,0.15,corrupt/0.15,B_intake_g,logloss_skill,0.13629018659782643,0.24888653279201667,0.11259634619419023
BPIC14,handover,logistic,cross-fitted target,rolling2,corrupt,0.15,corrupt/0.15,B_intake_g_km,auc,0.9071967932900057,0.9082322547758893,0.0010354614858836264
BPIC14,handover,logistic,cross-fitted target,rolling2,corrupt,0.15,corrupt/0.15,B_intake_g_km,ap,0.9879771132410639,0.9883062008544155,0.0003290876133515974
BPIC14,handover,logistic,cross-fitted target,rolling2,corrupt,0.15,corrupt/0.15,B_intake_g_km,brier_skill,0.31409419623682755,0.3128483824405721,-0.001245813796255435
BPIC14,handover,logistic,cross-fitted target,rolling2,corrupt,0.15,corrupt/0.15,B_intake_g_km,nagelkerke,0.42698602163593474,0.4274789360615426,0.0004929144256078377
BPIC14,handover,logistic,cross-fitted target,rolling2,corrupt,0.15,corrupt/0.15,B_intake_g_km,logloss_skill,0.3642231188068846,0.3646871575821611,0.0004640387752764541
BPIC14,handover,logistic,one-hot,holdout70,clean,1.0,clean/1.0,B_half,auc,0.638968549870716,0.8987369036819046,0.25976835381118857
BPIC14,handover,logistic,one-hot,holdout70,clean,1.0,clean/1.0,B_half,ap,0.9615253183629267,0.9921632799800177,0.030637961617091092
BPIC14,handover,logistic,one-hot,holdout70,clean,1.0,clean/1.0,B_half,brier_skill,0.015791414393415915,0.28495147745246585,0.26916006305904994
BPIC14,handover,logistic,one-hot,holdout70,clean,1.0,clean/1.0,B_half,nagelkerke,0.050661059438307274,0.41363495459974453,0.36297389516143724
BPIC14,handover,logistic,one-hot,holdout70,clean,1.0,clean/1.0,B_half,logloss_skill,0.04144641823544826,0.3625218027861925,0.32107538455074425
BPIC14,handover,logistic,one-hot,holdout70,clean,1.0,clean/1.0,B_intake,auc,0.641127051868453,0.8983072579166639,0.2571802060482109
BPIC14,handover,logistic,one-hot,holdout70,clean,1.0,clean/1.0,B_intake,ap,0.9619036277076416,0.9921092920749628,0.030205664367321194
BPIC14,handover,logistic,one-hot,holdout70,clean,1.0,clean/1.0,B_intake,brier_skill,0.015421468344613998,0.284232990555189,0.268811522210575
BPIC14,handover,logistic,one-hot,holdout70,clean,1.0,clean/1.0,B_intake,nagelkerke,0.05080610154344653,0.4128282145401696,0.36202211299672304
BPIC14,handover,logistic,one-hot,holdout70,clean,1.0,clean/1.0,B_intake,logloss_skill,0.04156615889648796,0.36175603859275074,0.3201898796962628
BPIC14,handover,logistic,one-hot,holdout70,clean,1.0,clean/1.0,B_intake_g,auc,0.732497973024232,0.8997695055917664,0.16727153256753435
BPIC14,handover,logistic,one-hot,holdout70,clean,1.0,clean/1.0,B_intake_g,ap,0.973294516368866,0.9919963379852348,0.018701821616368797
BPIC14,handover,logistic,one-hot,holdout70,clean,1.0,clean/1.0,B_intake_g,brier_skill,0.04975913228633977,0.29715430682038924,0.24739517453404947
BPIC14,handover,logistic,one-hot,holdout70,clean,1.0,clean/1.0,B_intake_g,nagelkerke,0.15750539683939907,0.4239992693942419,0.2664938725548428
BPIC14,handover,logistic,one-hot,holdout70,clean,1.0,clean/1.0,B_intake_g,logloss_skill,0.13138820657651473,0.3723824661106877,0.24099425953417297
BPIC14,handover,logistic,one-hot,holdout70,clean,1.0,clean/1.0,B_intake_g_km,auc,0.9140874914653653,0.9217717249919396,0.0076842335265743245
BPIC14,handover,logistic,one-hot,holdout70,clean,1.0,clean/1.0,B_intake_g_km,ap,0.9931511970659609,0.9938764191522336,0.000725222086272681
BPIC14,handover,logistic,one-hot,holdout70,clean,1.0,clean/1.0,B_intake_g_km,brier_skill,0.38517417545997024,0.38930803867023933,0.004133863210269095
BPIC14,handover,logistic,one-hot,holdout70,clean,1.0,clean/1.0,B_intake_g_km,nagelkerke,0.49380530476817747,0.5087708916499141,0.014965586881736603
BPIC14,handover,logistic,one-hot,holdout70,clean,1.0,clean/1.0,B_intake_g_km,logloss_skill,0.43992218753856893,0.4546640510441362,0.014741863505567276
BPIC14,handover,logistic,one-hot,holdout70,mask_rare,0.5,mask_rare/0.5,B_half,auc,0.638968549870716,0.7982802513291902,0.15931170145847418
BPIC14,handover,logistic,one-hot,holdout70,mask_rare,0.5,mask_rare/0.5,B_half,ap,0.9615253183629267,0.9829079352807784,0.021382616917851704
BPIC14,handover,logistic,one-hot,holdout70,mask_rare,0.5,mask_rare/0.5,B_half,brier_skill,0.015791414393415915,0.15887815324622634,0.14308673885281042
BPIC14,handover,logistic,one-hot,holdout70,mask_rare,0.5,mask_rare/0.5,B_half,nagelkerke,0.050661059438307274,0.25482858130977093,0.20416752187146364
BPIC14,handover,logistic,one-hot,holdout70,mask_rare,0.5,mask_rare/0.5,B_half,logloss_skill,0.04144641823544826,0.2164971941768341,0.17505077594138585
BPIC14,handover,logistic,one-hot,holdout70,mask_rare,0.5,mask_rare/0.5,B_intake,auc,0.641127051868453,0.7977478244583667,0.1566207725899137
BPIC14,handover,logistic,one-hot,holdout70,mask_rare,0.5,mask_rare/0.5,B_intake,ap,0.9619036277076416,0.9829512521993298,0.021047624491688177
BPIC14,handover,logistic,one-hot,holdout70,mask_rare,0.5,mask_rare/0.5,B_intake,brier_skill,0.015421468344613998,0.15807278765528798,0.14265131931067399
BPIC14,handover,logistic,one-hot,holdout70,mask_rare,0.5,mask_rare/0.5,B_intake,nagelkerke,0.05080610154344653,0.2541717464983401,0.2033656449548936
BPIC14,handover,logistic,one-hot,holdout70,mask_rare,0.5,mask_rare/0.5,B_intake,logloss_skill,0.04156615889648796,0.21591209497765218,0.17434593608116422
BPIC14,handover,logistic,one-hot,holdout70,mask_rare,0.5,mask_rare/0.5,B_intake_g,auc,0.732497973024232,0.8363804317418873,0.10388245871765522
BPIC14,handover,logistic,one-hot,holdout70,mask_rare,0.5,mask_rare/0.5,B_intake_g,ap,0.973294516368866,0.9867827152923708,0.013488198923504835
BPIC14,handover,logistic,one-hot,holdout70,mask_rare,0.5,mask_rare/0.5,B_intake_g,brier_skill,0.04975913228633977,0.23357987212795794,0.18382073984161817
BPIC14,handover,logistic,one-hot,holdout70,mask_rare,0.5,mask_rare/0.5,B_intake_g,nagelkerke,0.15750539683939907,0.34022729722906764,0.18272190038966857
BPIC14,handover,logistic,one-hot,holdout70,mask_rare,0.5,mask_rare/0.5,B_intake_g,logloss_skill,0.13138820657651473,0.29386720480452655,0.16247899822801182
BPIC14,handover,logistic,one-hot,holdout70,mask_rare,0.5,mask_rare/0.5,B_intake_g_km,auc,0.9140874914653653,0.9186977253617736,0.004610233896408356
BPIC14,handover,logistic,one-hot,holdout70,mask_rare,0.5,mask_rare/0.5,B_intake_g_km,ap,0.9931511970659609,0.993816115654883,0.0006649185889221476
BPIC14,handover,logistic,one-hot,holdout70,mask_rare,0.5,mask_rare/0.5,B_intake_g_km,brier_skill,0.38517417545997024,0.38188197074389585,-0.0032922047160743872
BPIC14,handover,logistic,one-hot,holdout70,mask_rare,0.5,mask_rare/0.5,B_intake_g_km,nagelkerke,0.49380530476817747,0.5011009677307025,0.007295662962524985
BPIC14,handover,logistic,one-hot,holdout70,mask_rare,0.5,mask_rare/0.5,B_intake_g_km,logloss_skill,0.43992218753856893,0.4470969694818082,0.007174781943239283
BPIC14,handover,logistic,one-hot,holdout70,corrupt,0.15,corrupt/0.15,B_half,auc,0.638968549870716,0.8454806342814152,0.20651208441069913
BPIC14,handover,logistic,one-hot,holdout70,corrupt,0.15,corrupt/0.15,B_half,ap,0.9615253183629267,0.985446394541102,0.023921076178175404
BPIC14,handover,logistic,one-hot,holdout70,corrupt,0.15,corrupt/0.15,B_half,brier_skill,0.015791414393415915,0.20716371737277695,0.19137230297936103
BPIC14,handover,logistic,one-hot,holdout70,corrupt,0.15,corrupt/0.15,B_half,nagelkerke,0.050661059438307274,0.3123206805252564,0.2616596210869491
BPIC14,handover,logistic,one-hot,holdout70,corrupt,0.15,corrupt/0.15,B_half,logloss_skill,0.04144641823544826,0.2682964837394939,0.22685006550404563
BPIC14,handover,logistic,one-hot,holdout70,corrupt,0.15,corrupt/0.15,B_intake,auc,0.641127051868453,0.8457514410098685,0.20462438914141556
BPIC14,handover,logistic,one-hot,holdout70,corrupt,0.15,corrupt/0.15,B_intake,ap,0.9619036277076416,0.9854730765116277,0.02356944880398615
BPIC14,handover,logistic,one-hot,holdout70,corrupt,0.15,corrupt/0.15,B_intake,brier_skill,0.015421468344613998,0.20585645334454616,0.19043498499993217
BPIC14,handover,logistic,one-hot,holdout70,corrupt,0.15,corrupt/0.15,B_intake,nagelkerke,0.05080610154344653,0.31120683438259505,0.26040073283914855
BPIC14,handover,logistic,one-hot,holdout70,corrupt,0.15,corrupt/0.15,B_intake,logloss_skill,0.04156615889648796,0.2672817541779069,0.22571559528141893
BPIC14,handover,logistic,one-hot,holdout70,corrupt,0.15,corrupt/0.15,B_intake_g,auc,0.732497973024232,0.8690155812402406,0.13651760821600856
BPIC14,handover,logistic,one-hot,holdout70,corrupt,0.15,corrupt/0.15,B_intake_g,ap,0.973294516368866,0.9883421361744522,0.015047619805586221
BPIC14,handover,logistic,one-hot,holdout70,corrupt,0.15,corrupt/0.15,B_intake_g,brier_skill,0.04975913228633977,0.23261835198922554,0.18285921970288577
BPIC14,handover,logistic,one-hot,holdout70,corrupt,0.15,corrupt/0.15,B_intake_g,nagelkerke,0.15750539683939907,0.35284552538562747,0.1953401285462284
BPIC14,handover,logistic,one-hot,holdout70,corrupt,0.15,corrupt/0.15,B_intake_g,logloss_skill,0.13138820657651473,0.30552334354973865,0.17413513697322391
BPIC14,handover,logistic,one-hot,holdout70,corrupt,0.15,corrupt/0.15,B_intake_g_km,auc,0.9140874914653653,0.9151886964293616,0.0011012049639963495
BPIC14,handover,logistic,one-hot,holdout70,corrupt,0.15,corrupt/0.15,B_intake_g_km,ap,0.9931511970659609,0.9929226507691898,-0.00022854629677104832
BPIC14,handover,logistic,one-hot,holdout70,corrupt,0.15,corrupt/0.15,B_intake_g_km,brier_skill,0.38517417545997024,0.3831126258616405,-0.002061549598329715
BPIC14,handover,logistic,one-hot,holdout70,corrupt,0.15,corrupt/0.15,B_intake_g_km,nagelkerke,0.49380530476817747,0.49620874337919374,0.002403438611016273
BPIC14,handover,logistic,one-hot,holdout70,corrupt,0.15,corrupt/0.15,B_intake_g_km,logloss_skill,0.43992218753856893,0.44228332971300355,0.002361142174434616
BPIC14,handover,logistic,one-hot,rolling1,clean,1.0,clean/1.0,B_half,auc,0.6538772679995377,0.8966289264225643,0.2427516584230266
BPIC14,handover,logistic,one-hot,rolling1,clean,1.0,clean/1.0,B_half,ap,0.9383974863044926,0.9863556990715828,0.047958212767090225
BPIC14,handover,logistic,one-hot,rolling1,clean,1.0,clean/1.0,B_half,brier_skill,0.028148627833071482,0.2687184624328066,0.24056983459973513
BPIC14,handover,logistic,one-hot,rolling1,clean,1.0,clean/1.0,B_half,nagelkerke,0.06262428404387836,0.39600685296313637,0.333382568919258
BPIC14,handover,logistic,one-hot,rolling1,clean,1.0,clean/1.0,B_half,logloss_skill,0.04755580778575508,0.3269586126883245,0.2794028049025694
BPIC14,handover,logistic,one-hot,rolling1,clean,1.0,clean/1.0,B_intake,auc,0.6545138519824354,0.8959996861528876,0.24148583417045222
BPIC14,handover,logistic,one-hot,rolling1,clean,1.0,clean/1.0,B_intake,ap,0.9386235812028809,0.9867346813251104,0.04811110012222952
BPIC14,handover,logistic,one-hot,rolling1,clean,1.0,clean/1.0,B_intake,brier_skill,0.02883245534669454,0.2677434538467639,0.23891099850006936
BPIC14,handover,logistic,one-hot,rolling1,clean,1.0,clean/1.0,B_intake,nagelkerke,0.06296097348734765,0.3958426570609675,0.33288168357361986
BPIC14,handover,logistic,one-hot,rolling1,clean,1.0,clean/1.0,B_intake,logloss_skill,0.047815251650162316,0.3268085781959321,0.2789933265457698
BPIC14,handover,logistic,one-hot,rolling1,clean,1.0,clean/1.0,B_intake_g,auc,0.8167459465601854,0.9087159053619542,0.09196995880176884
BPIC14,handover,logistic,one-hot,rolling1,clean,1.0,clean/1.0,B_intake_g,ap,0.9699806681121588,0.9876290009332918,0.017648332821132984
BPIC14,handover,logistic,one-hot,rolling1,clean,1.0,clean/1.0,B_intake_g,brier_skill,0.14355972434005815,0.32942903071106067,0.18586930637100252
BPIC14,handover,logistic,one-hot,rolling1,clean,1.0,clean/1.0,B_intake_g,nagelkerke,0.2461350648263853,0.44790715024110295,0.20177208541471764
BPIC14,handover,logistic,one-hot,rolling1,clean,1.0,clean/1.0,B_intake_g,logloss_skill,0.19543066865925862,0.37508486074150515,0.17965419208224653
BPIC14,handover,logistic,one-hot,rolling1,clean,1.0,clean/1.0,B_intake_g_km,auc,0.9265197717883139,0.9318951766105051,0.005375404822191232
BPIC14,handover,logistic,one-hot,rolling1,clean,1.0,clean/1.0,B_intake_g_km,ap,0.9884725340912799,0.9902120385433953,0.001739504452115459
BPIC14,handover,logistic,one-hot,rolling1,clean,1.0,clean/1.0,B_intake_g_km,brier_skill,0.41023898666446357,0.422826956148213,0.012587969483749406
BPIC14,handover,logistic,one-hot,rolling1,clean,1.0,clean/1.0,B_intake_g_km,nagelkerke,0.5265807011245593,0.5431045007107718,0.016523799586212418
BPIC14,handover,logistic,one-hot,rolling1,clean,1.0,clean/1.0,B_intake_g_km,logloss_skill,0.4508446594331379,0.467211625742297,0.016366966309159126
BPIC14,handover,logistic,one-hot,rolling1,mask_rare,0.5,mask_rare/0.5,B_half,auc,0.6538772679995377,0.8235135648045975,0.16963629680505976
BPIC14,handover,logistic,one-hot,rolling1,mask_rare,0.5,mask_rare/0.5,B_half,ap,0.9383974863044926,0.9749434083131352,0.036545922008642595
BPIC14,handover,logistic,one-hot,rolling1,mask_rare,0.5,mask_rare/0.5,B_half,brier_skill,0.028148627833071482,0.1743628576828028,0.14621422984973131
BPIC14,handover,logistic,one-hot,rolling1,mask_rare,0.5,mask_rare/0.5,B_half,nagelkerke,0.06262428404387836,0.2612139179884851,0.1985896339446067
BPIC14,handover,logistic,one-hot,rolling1,mask_rare,0.5,mask_rare/0.5,B_half,logloss_skill,0.04755580778575508,0.20819623678309962,0.16064042899734454
BPIC14,handover,logistic,one-hot,rolling1,mask_rare,0.5,mask_rare/0.5,B_intake,auc,0.6545138519824354,0.8247167742391818,0.17020292225674638
BPIC14,handover,logistic,one-hot,rolling1,mask_rare,0.5,mask_rare/0.5,B_intake,ap,0.9386235812028809,0.9751150117418065,0.03649143053892556
BPIC14,handover,logistic,one-hot,rolling1,mask_rare,0.5,mask_rare/0.5,B_intake,brier_skill,0.02883245534669454,0.1747250143507033,0.14589255900400877
BPIC14,handover,logistic,one-hot,rolling1,mask_rare,0.5,mask_rare/0.5,B_intake,nagelkerke,0.06296097348734765,0.261212941829925,0.19825196834257736
BPIC14,handover,logistic,one-hot,rolling1,mask_rare,0.5,mask_rare/0.5,B_intake,logloss_skill,0.047815251650162316,0.20819540715155693,0.16038015550139462
BPIC14,handover,logistic,one-hot,rolling1,mask_rare,0.5,mask_rare/0.5,B_intake_g,auc,0.8167459465601854,0.8702242190250874,0.053478272464902
BPIC14,handover,logistic,one-hot,rolling1,mask_rare,0.5,mask_rare/0.5,B_intake_g,ap,0.9699806681121588,0.9822345145892344,0.012253846477075614
BPIC14,handover,logistic,one-hot,rolling1,mask_rare,0.5,mask_rare/0.5,B_intake_g,brier_skill,0.14355972434005815,0.25467217761897687,0.11111245327891872
BPIC14,handover,logistic,one-hot,rolling1,mask_rare,0.5,mask_rare/0.5,B_intake_g,nagelkerke,0.2461350648263853,0.36489635947437354,0.11876129464798824
BPIC14,handover,logistic,one-hot,rolling1,mask_rare,0.5,mask_rare/0.5,B_intake_g,logloss_skill,0.19543066865925862,0.2987738510723823,0.10334318241312368
BPIC14,handover,logistic,one-hot,rolling1,mask_rare,0.5,mask_rare/0.5,B_intake_g_km,auc,0.9265197717883139,0.9280973173415603,0.0015775455532464067
BPIC14,handover,logistic,one-hot,rolling1,mask_rare,0.5,mask_rare/0.5,B_intake_g_km,ap,0.9884725340912799,0.9899141469536586,0.0014416128623787605
BPIC14,handover,logistic,one-hot,rolling1,mask_rare,0.5,mask_rare/0.5,B_intake_g_km,brier_skill,0.41023898666446357,0.4027467358528072,-0.007492250811656387
BPIC14,handover,logistic,one-hot,rolling1,mask_rare,0.5,mask_rare/0.5,B_intake_g_km,nagelkerke,0.5265807011245593,0.5244450781102128,-0.002135623014346555
BPIC14,handover,logistic,one-hot,rolling1,mask_rare,0.5,mask_rare/0.5,B_intake_g_km,logloss_skill,0.4508446594331379,0.4487411890630949,-0.0021034703700429924
BPIC14,handover,logistic,one-hot,rolling1,corrupt,0.15,corrupt/0.15,B_half,auc,0.6538772679995377,0.8504423814193233,0.19656511341978555
BPIC14,handover,logistic,one-hot,rolling1,corrupt,0.15,corrupt/0.15,B_half,ap,0.9383974863044926,0.9779330343034203,0.03953554799892767
BPIC14,handover,logistic,one-hot,rolling1,corrupt,0.15,corrupt/0.15,B_half,brier_skill,0.028148627833071482,0.19140399616490633,0.16325536833183485
BPIC14,handover,logistic,one-hot,rolling1,corrupt,0.15,corrupt/0.15,B_half,nagelkerke,0.06262428404387836,0.2960714889344418,0.23344720489056342
BPIC14,handover,logistic,one-hot,rolling1,corrupt,0.15,corrupt/0.15,B_half,logloss_skill,0.04755580778575508,0.23809263240617407,0.190536824620419
BPIC14,handover,logistic,one-hot,rolling1,corrupt,0.15,corrupt/0.15,B_intake,auc,0.6545138519824354,0.8497696586371538,0.19525580665471842
BPIC14,handover,logistic,one-hot,rolling1,corrupt,0.15,corrupt/0.15,B_intake,ap,0.9386235812028809,0.9781189915780146,0.03949541037513371
BPIC14,handover,logistic,one-hot,rolling1,corrupt,0.15,corrupt/0.15,B_intake,brier_skill,0.02883245534669454,0.1928822215675794,0.16404976622088485
BPIC14,handover,logistic,one-hot,rolling1,corrupt,0.15,corrupt/0.15,B_intake,nagelkerke,0.06296097348734765,0.2969415360814624,0.23398056259411476
BPIC14,handover,logistic,one-hot,rolling1,corrupt,0.15,corrupt/0.15,B_intake,logloss_skill,0.047815251650162316,0.23884587193449558,0.19103062028433326
BPIC14,handover,logistic,one-hot,rolling1,corrupt,0.15,corrupt/0.15,B_intake_g,auc,0.8167459465601854,0.8833565175648094,0.06661057100462398
BPIC14,handover,logistic,one-hot,rolling1,corrupt,0.15,corrupt/0.15,B_intake_g,ap,0.9699806681121588,0.982780407290058,0.012799739177899228
BPIC14,handover,logistic,one-hot,rolling1,corrupt,0.15,corrupt/0.15,B_intake_g,brier_skill,0.14355972434005815,0.2803741181283299,0.13681439378827176
BPIC14,handover,logistic,one-hot,rolling1,corrupt,0.15,corrupt/0.15,B_intake_g,nagelkerke,0.2461350648263853,0.38732789606348855,0.14119283123710324
BPIC14,handover,logistic,one-hot,rolling1,corrupt,0.15,corrupt/0.15,B_intake_g,logloss_skill,0.19543066865925862,0.31904696182823866,0.12361629316898004
BPIC14,handover,logistic,one-hot,rolling1,corrupt,0.15,corrupt/0.15,B_intake_g_km,auc,0.9265197717883139,0.9259255107842429,-0.0005942610040710061
BPIC14,handover,logistic,one-hot,rolling1,corrupt,0.15,corrupt/0.15,B_intake_g_km,ap,0.9884725340912799,0.9887864962098124,0.0003139621185325181
BPIC14,handover,logistic,one-hot,rolling1,corrupt,0.15,corrupt/0.15,B_intake_g_km,brier_skill,0.41023898666446357,0.4138894921642232,0.0036505054997596487
BPIC14,handover,logistic,one-hot,rolling1,corrupt,0.15,corrupt/0.15,B_intake_g_km,nagelkerke,0.5265807011245593,0.531264496701859,0.004683795577299699
BPIC14,handover,logistic,one-hot,rolling1,corrupt,0.15,corrupt/0.15,B_intake_g_km,logloss_skill,0.4508446594331379,0.4554674176563931,0.004622758223255197
BPIC14,handover,logistic,one-hot,rolling2,clean,1.0,clean/1.0,B_half,auc,0.6657025683800786,0.8868230632884997,0.22112049490842112
BPIC14,handover,logistic,one-hot,rolling2,clean,1.0,clean/1.0,B_half,ap,0.951335246711899,0.9882705606680187,0.03693531395611971
BPIC14,handover,logistic,one-hot,rolling2,clean,1.0,clean/1.0,B_half,brier_skill,0.022567441383174014,0.249266447353648,0.226699005970474
BPIC14,handover,logistic,one-hot,rolling2,clean,1.0,clean/1.0,B_half,nagelkerke,0.056825058830055064,0.3744494203796586,0.31762436154960355
BPIC14,handover,logistic,one-hot,rolling2,clean,1.0,clean/1.0,B_half,logloss_skill,0.04458833814305685,0.31540992316391936,0.2708215850208625
BPIC14,handover,logistic,one-hot,rolling2,clean,1.0,clean/1.0,B_intake,auc,0.6667799673304834,0.8882283158980062,0.22144834856752282
BPIC14,handover,logistic,one-hot,rolling2,clean,1.0,clean/1.0,B_intake,ap,0.9516261061575205,0.9884572496906541,0.03683114353313355
BPIC14,handover,logistic,one-hot,rolling2,clean,1.0,clean/1.0,B_intake,brier_skill,0.023840743759973804,0.25081732304627335,0.22697657928629955
BPIC14,handover,logistic,one-hot,rolling2,clean,1.0,clean/1.0,B_intake,nagelkerke,0.05869043403521485,0.3767635014237575,0.31807306738854263
BPIC14,handover,logistic,one-hot,rolling2,clean,1.0,clean/1.0,B_intake,logloss_skill,0.04607011350519363,0.3175335090327598,0.27146339552756615
BPIC14,handover,logistic,one-hot,rolling2,clean,1.0,clean/1.0,B_intake_g,auc,0.7829217205945389,0.9044122383252816,0.12149051773074271
BPIC14,handover,logistic,one-hot,rolling2,clean,1.0,clean/1.0,B_intake_g,ap,0.9704029758184339,0.9900219282694831,0.019618952451049165
BPIC14,handover,logistic,one-hot,rolling2,clean,1.0,clean/1.0,B_intake_g,brier_skill,0.11797267568840453,0.31831598082796586,0.20034330513956133
BPIC14,handover,logistic,one-hot,rolling2,clean,1.0,clean/1.0,B_intake_g,nagelkerke,0.22577366902746385,0.43037171644430156,0.2045980474168377
BPIC14,handover,logistic,one-hot,rolling2,clean,1.0,clean/1.0,B_intake_g,logloss_skill,0.18377142498169718,0.36741278707035885,0.18364136208866166
BPIC14,handover,logistic,one-hot,rolling2,clean,1.0,clean/1.0,B_intake_g_km,auc,0.9239031962835528,0.9274678807678495,0.0035646844842966985
BPIC14,handover,logistic,one-hot,rolling2,clean,1.0,clean/1.0,B_intake_g_km,ap,0.9912414905992866,0.9921395674559279,0.0008980768566413388
BPIC14,handover,logistic,one-hot,rolling2,clean,1.0,clean/1.0,B_intake_g_km,brier_skill,0.3978316232737171,0.39991968986817517,0.002088066594458038
BPIC14,handover,logistic,one-hot,rolling2,clean,1.0,clean/1.0,B_intake_g_km,nagelkerke,0.5066203320234031,0.5149732453016992,0.008352913278296126
BPIC14,handover,logistic,one-hot,rolling2,clean,1.0,clean/1.0,B_intake_g_km,logloss_skill,0.44071942653788887,0.4489266747532591,0.008207248215370222
BPIC14,handover,logistic,one-hot,rolling2,mask_rare,0.5,mask_rare/0.5,B_half,auc,0.6657025683800786,0.7972833327540866,0.131580764374008
BPIC14,handover,logistic,one-hot,rolling2,mask_rare,0.5,mask_rare/0.5,B_half,ap,0.951335246711899,0.9772043363406354,0.025869089628736464
BPIC14,handover,logistic,one-hot,rolling2,mask_rare,0.5,mask_rare/0.5,B_half,brier_skill,0.022567441383174014,0.13005793757292738,0.10749049618975337
BPIC14,handover,logistic,one-hot,rolling2,mask_rare,0.5,mask_rare/0.5,B_half,nagelkerke,0.056825058830055064,0.225466281901376,0.16864122307132093
BPIC14,handover,logistic,one-hot,rolling2,mask_rare,0.5,mask_rare/0.5,B_half,logloss_skill,0.04458833814305685,0.18350859636037076,0.1389202582173139
BPIC14,handover,logistic,one-hot,rolling2,mask_rare,0.5,mask_rare/0.5,B_intake,auc,0.6667799673304834,0.7980433044868454,0.13126333715636196
BPIC14,handover,logistic,one-hot,rolling2,mask_rare,0.5,mask_rare/0.5,B_intake,ap,0.9516261061575205,0.977382928134144,0.025756821976623434
BPIC14,handover,logistic,one-hot,rolling2,mask_rare,0.5,mask_rare/0.5,B_intake,brier_skill,0.023840743759973804,0.12779330912179077,0.10395256536181696
BPIC14,handover,logistic,one-hot,rolling2,mask_rare,0.5,mask_rare/0.5,B_intake,nagelkerke,0.05869043403521485,0.22408642445098995,0.1653959904157751
BPIC14,handover,logistic,one-hot,rolling2,mask_rare,0.5,mask_rare/0.5,B_intake,logloss_skill,0.04607011350519363,0.18232921431031668,0.13625910080512305
BPIC14,handover,logistic,one-hot,rolling2,mask_rare,0.5,mask_rare/0.5,B_intake_g,auc,0.7829217205945389,0.853131060369096,0.07020933977455712
BPIC14,handover,logistic,one-hot,rolling2,mask_rare,0.5,mask_rare/0.5,B_intake_g,ap,0.9704029758184339,0.984130681417976,0.013727705599542062
BPIC14,handover,logistic,one-hot,rolling2,mask_rare,0.5,mask_rare/0.5,B_intake_g,brier_skill,0.11797267568840453,0.24353811319667318,0.12556543750826865
BPIC14,handover,logistic,one-hot,rolling2,mask_rare,0.5,mask_rare/0.5,B_intake_g,nagelkerke,0.22577366902746385,0.3521431389747716,0.12636946994730777
BPIC14,handover,logistic,one-hot,rolling2,mask_rare,0.5,mask_rare/0.5,B_intake_g,logloss_skill,0.18377142498169718,0.2950620426768461,0.11129061769514892
BPIC14,handover,logistic,one-hot,rolling2,mask_rare,0.5,mask_rare/0.5,B_intake_g_km,auc,0.9239031962835528,0.9295323161760447,0.0056291198924919295
BPIC14,handover,logistic,one-hot,rolling2,mask_rare,0.5,mask_rare/0.5,B_intake_g_km,ap,0.9912414905992866,0.9928330815754022,0.0015915909761156088
BPIC14,handover,logistic,one-hot,rolling2,mask_rare,0.5,mask_rare/0.5,B_intake_g_km,brier_skill,0.3978316232737171,0.3860159794731558,-0.011815643800561326
BPIC14,handover,logistic,one-hot,rolling2,mask_rare,0.5,mask_rare/0.5,B_intake_g_km,nagelkerke,0.5066203320234031,0.5078325881440197,0.001212256120616595
BPIC14,handover,logistic,one-hot,rolling2,mask_rare,0.5,mask_rare/0.5,B_intake_g_km,logloss_skill,0.44071942653788887,0.44190832062270413,0.0011888940848152618
BPIC14,handover,logistic,one-hot,rolling2,corrupt,0.15,corrupt/0.15,B_half,auc,0.6657025683800786,0.8201930050162768,0.15449043663619821
BPIC14,handover,logistic,one-hot,rolling2,corrupt,0.15,corrupt/0.15,B_half,ap,0.951335246711899,0.9767124726827963,0.02537722597089731
BPIC14,handover,logistic,one-hot,rolling2,corrupt,0.15,corrupt/0.15,B_half,brier_skill,0.022567441383174014,0.1815291790468544,0.15896173766368038
BPIC14,handover,logistic,one-hot,rolling2,corrupt,0.15,corrupt/0.15,B_half,nagelkerke,0.056825058830055064,0.265904112355969,0.20907905352591394
BPIC14,handover,logistic,one-hot,rolling2,corrupt,0.15,corrupt/0.15,B_half,logloss_skill,0.04458833814305685,0.21840424770999534,0.1738159095669385
BPIC14,handover,logistic,one-hot,rolling2,corrupt,0.15,corrupt/0.15,B_intake,auc,0.6667799673304834,0.8229351591190815,0.15615519178859816
BPIC14,handover,logistic,one-hot,rolling2,corrupt,0.15,corrupt/0.15,B_intake,ap,0.9516261061575205,0.9773199575424489,0.025693851384928412
BPIC14,handover,logistic,one-hot,rolling2,corrupt,0.15,corrupt/0.15,B_intake,brier_skill,0.023840743759973804,0.1840947865657243,0.1602540428057505
BPIC14,handover,logistic,one-hot,rolling2,corrupt,0.15,corrupt/0.15,B_intake,nagelkerke,0.05869043403521485,0.26932151489735934,0.2106310808621445
BPIC14,handover,logistic,one-hot,rolling2,corrupt,0.15,corrupt/0.15,B_intake,logloss_skill,0.04607011350519363,0.22138319754662417,0.17531308404143053
BPIC14,handover,logistic,one-hot,rolling2,corrupt,0.15,corrupt/0.15,B_intake_g,auc,0.7829217205945389,0.8644298474264066,0.0815081268318677
BPIC14,handover,logistic,one-hot,rolling2,corrupt,0.15,corrupt/0.15,B_intake_g,ap,0.9704029758184339,0.9834838196565205,0.013080843838086609
BPIC14,handover,logistic,one-hot,rolling2,corrupt,0.15,corrupt/0.15,B_intake_g,brier_skill,0.11797267568840453,0.25745505648040146,0.13948238079199693
BPIC14,handover,logistic,one-hot,rolling2,corrupt,0.15,corrupt/0.15,B_intake_g,nagelkerke,0.22577366902746385,0.35449226821835966,0.12871859919089582
BPIC14,handover,logistic,one-hot,rolling2,corrupt,0.15,corrupt/0.15,B_intake_g,logloss_skill,0.18377142498169718,0.2971945756535903,0.11342315067189312
BPIC14,handover,logistic,one-hot,rolling2,corrupt,0.15,corrupt/0.15,B_intake_g_km,auc,0.9239031962835528,0.9184955803473165,-0.0054076159362362874
BPIC14,handover,logistic,one-hot,rolling2,corrupt,0.15,corrupt/0.15,B_intake_g_km,ap,0.9912414905992866,0.9907183782373111,-0.0005231123619754419
BPIC14,handover,logistic,one-hot,rolling2,corrupt,0.15,corrupt/0.15,B_intake_g_km,brier_skill,0.3978316232737171,0.38104761989264135,-0.016784003381075774
BPIC14,handover,logistic,one-hot,rolling2,corrupt,0.15,corrupt/0.15,B_intake_g_km,nagelkerke,0.5066203320234031,0.494947020323029,-0.011673311700374056
BPIC14,handover,logistic,one-hot,rolling2,corrupt,0.15,corrupt/0.15,B_intake_g_km,logloss_skill,0.44071942653788887,0.42930941529587485,-0.011410011242014018
BPIC14,duration,logistic,one-hot,holdout70,clean,1.0,clean/1.0,B_half,auc,0.6180215311136803,0.7459866464302353,0.12796511531655497
BPIC14,duration,logistic,one-hot,holdout70,clean,1.0,clean/1.0,B_half,ap,0.5149282639092254,0.6772387286239939,0.1623104647147685
BPIC14,duration,logistic,one-hot,holdout70,clean,1.0,clean/1.0,B_half,brier_skill,0.05051395237678591,0.18270917868556968,0.13219522630878378
BPIC14,duration,logistic,one-hot,holdout70,clean,1.0,clean/1.0,B_half,nagelkerke,0.0668417937861346,0.23957817626911235,0.17273638248297774
BPIC14,duration,logistic,one-hot,holdout70,clean,1.0,clean/1.0,B_half,logloss_skill,0.0371000298643408,0.14287383999965309,0.10577381013531229
BPIC14,duration,logistic,one-hot,holdout70,clean,1.0,clean/1.0,B_intake,auc,0.6177990071528738,0.7467201257898446,0.12892111863697076
BPIC14,duration,logistic,one-hot,holdout70,clean,1.0,clean/1.0,B_intake,ap,0.515356584240772,0.6790699689521641,0.16371338471139207
BPIC14,duration,logistic,one-hot,holdout70,clean,1.0,clean/1.0,B_intake,brier_skill,0.0508873296957274,0.1842846376174948,0.1333973079217674
BPIC14,duration,logistic,one-hot,holdout70,clean,1.0,clean/1.0,B_intake,nagelkerke,0.0672902009674526,0.24159816144369062,0.17430796047623803
BPIC14,duration,logistic,one-hot,holdout70,clean,1.0,clean/1.0,B_intake,logloss_skill,0.037355471509709526,0.14420728146369266,0.10685180995398313
BPIC14,duration,logistic,one-hot,holdout70,clean,1.0,clean/1.0,B_intake_g,auc,0.6542574119051353,0.7501377200803883,0.09588030817525295
BPIC14,duration,logistic,one-hot,holdout70,clean,1.0,clean/1.0,B_intake_g,ap,0.561260395733397,0.6850098216538502,0.12374942592045313
BPIC14,duration,logistic,one-hot,holdout70,clean,1.0,clean/1.0,B_intake_g,brier_skill,0.08952435768500056,0.1922507974951564,0.10272643981015583
BPIC14,duration,logistic,one-hot,holdout70,clean,1.0,clean/1.0,B_intake_g,nagelkerke,0.11674170197998664,0.2511313672573192,0.1343896652773326
BPIC14,duration,logistic,one-hot,holdout70,clean,1.0,clean/1.0,B_intake_g,logloss_skill,0.06609625694039589,0.15053386592322615,0.08443760898283026
BPIC14,duration,logistic,one-hot,holdout70,clean,1.0,clean/1.0,B_intake_g_km,auc,0.7853493071207333,0.7826737520096241,-0.0026755551111091735
BPIC14,duration,logistic,one-hot,holdout70,clean,1.0,clean/1.0,B_intake_g_km,ap,0.7232802051597261,0.7199168336404342,-0.003363371519291891
BPIC14,duration,logistic,one-hot,holdout70,clean,1.0,clean/1.0,B_intake_g_km,brier_skill,0.250384667211085,0.24290221930110656,-0.007482447909978429
BPIC14,duration,logistic,one-hot,holdout70,clean,1.0,clean/1.0,B_intake_g_km,nagelkerke,0.3337500995657739,0.32438298128392445,-0.00936711828184944
BPIC14,duration,logistic,one-hot,holdout70,clean,1.0,clean/1.0,B_intake_g_km,logloss_skill,0.20781944559211085,0.20109115727078986,-0.0067282883213209965
BPIC14,duration,logistic,one-hot,holdout70,mask_rare,0.5,mask_rare/0.5,B_half,auc,0.6180215311136803,0.717838875637252,0.09981734452357172
BPIC14,duration,logistic,one-hot,holdout70,mask_rare,0.5,mask_rare/0.5,B_half,ap,0.5149282639092254,0.6134139342169644,0.09848567030773903
BPIC14,duration,logistic,one-hot,holdout70,mask_rare,0.5,mask_rare/0.5,B_half,brier_skill,0.05051395237678591,0.14687801591702399,0.09636406354023808
BPIC14,duration,logistic,one-hot,holdout70,mask_rare,0.5,mask_rare/0.5,B_half,nagelkerke,0.0668417937861346,0.19469335579204206,0.12785156200590747
BPIC14,duration,logistic,one-hot,holdout70,mask_rare,0.5,mask_rare/0.5,B_half,logloss_skill,0.0371000298643408,0.11386292033113843,0.07676289046679763
BPIC14,duration,logistic,one-hot,holdout70,mask_rare,0.5,mask_rare/0.5,B_intake,auc,0.6177990071528738,0.7190163682149788,0.101217361062105
BPIC14,duration,logistic,one-hot,holdout70,mask_rare,0.5,mask_rare/0.5,B_intake,ap,0.515356584240772,0.6169289086218207,0.10157232438104868
BPIC14,duration,logistic,one-hot,holdout70,mask_rare,0.5,mask_rare/0.5,B_intake,brier_skill,0.0508873296957274,0.14744370594385015,0.09655637624812274
BPIC14,duration,logistic,one-hot,holdout70,mask_rare,0.5,mask_rare/0.5,B_intake,nagelkerke,0.0672902009674526,0.19550193299265914,0.12821173202520653
BPIC14,duration,logistic,one-hot,holdout70,mask_rare,0.5,mask_rare/0.5,B_intake,logloss_skill,0.037355471509709526,0.11437534951337902,0.0770198780036695
BPIC14,duration,logistic,one-hot,holdout70,mask_rare,0.5,mask_rare/0.5,B_intake_g,auc,0.6542574119051353,0.72794675821333,0.07368934630819468
BPIC14,duration,logistic,one-hot,holdout70,mask_rare,0.5,mask_rare/0.5,B_intake_g,ap,0.561260395733397,0.6354856506008651,0.07422525486746812
BPIC14,duration,logistic,one-hot,holdout70,mask_rare,0.5,mask_rare/0.5,B_intake_g,brier_skill,0.08952435768500056,0.16064400698172776,0.0711196492967272
BPIC14,duration,logistic,one-hot,holdout70,mask_rare,0.5,mask_rare/0.5,B_intake_g,nagelkerke,0.11674170197998664,0.21083025824431534,0.0940885562643287
BPIC14,duration,logistic,one-hot,holdout70,mask_rare,0.5,mask_rare/0.5,B_intake_g,logloss_skill,0.06609625694039589,0.12415905102721314,0.05806279408681725
BPIC14,duration,logistic,one-hot,holdout70,mask_rare,0.5,mask_rare/0.5,B_intake_g_km,auc,0.7853493071207333,0.7868951750459116,0.0015458679251783014
BPIC14,duration,logistic,one-hot,holdout70,mask_rare,0.5,mask_rare/0.5,B_intake_g_km,ap,0.7232802051597261,0.726148715901939,0.0028685107422128375
BPIC14,duration,logistic,one-hot,holdout70,mask_rare,0.5,mask_rare/0.5,B_intake_g_km,brier_skill,0.250384667211085,0.25212599864567165,0.001741331434586657
BPIC14,duration,logistic,one-hot,holdout70,mask_rare,0.5,mask_rare/0.5,B_intake_g_km,nagelkerke,0.3337500995657739,0.33607961263550273,0.002329513069728839
BPIC14,duration,logistic,one-hot,holdout70,mask_rare,0.5,mask_rare/0.5,B_intake_g_km,logloss_skill,0.20781944559211085,0.2095024966146274,0.0016830510225165352
BPIC14,duration,logistic,one-hot,holdout70,corrupt,0.15,corrupt/0.15,B_half,auc,0.6180215311136803,0.7190240919107674,0.10100256079708714
BPIC14,duration,logistic,one-hot,holdout70,corrupt,0.15,corrupt/0.15,B_half,ap,0.5149282639092254,0.6476005860533267,0.1326723221441013
BPIC14,duration,logistic,one-hot,holdout70,corrupt,0.15,corrupt/0.15,B_half,brier_skill,0.05051395237678591,0.14421846905405244,0.09370451667726654
BPIC14,duration,logistic,one-hot,holdout70,corrupt,0.15,corrupt/0.15,B_half,nagelkerke,0.0668417937861346,0.18954430990291046,0.12270251611677586
BPIC14,duration,logistic,one-hot,holdout70,corrupt,0.15,corrupt/0.15,B_half,logloss_skill,0.0371000298643408,0.11060826681577274,0.07350823695143194
BPIC14,duration,logistic,one-hot,holdout70,corrupt,0.15,corrupt/0.15,B_intake,auc,0.6177990071528738,0.7201691219727712,0.10237011481989733
BPIC14,duration,logistic,one-hot,holdout70,corrupt,0.15,corrupt/0.15,B_intake,ap,0.515356584240772,0.6490430182758783,0.13368643403510627
BPIC14,duration,logistic,one-hot,holdout70,corrupt,0.15,corrupt/0.15,B_intake,brier_skill,0.0508873296957274,0.1452634634948604,0.09437613379913301
BPIC14,duration,logistic,one-hot,holdout70,corrupt,0.15,corrupt/0.15,B_intake,nagelkerke,0.0672902009674526,0.19082335655587132,0.12353315558841872
BPIC14,duration,logistic,one-hot,holdout70,corrupt,0.15,corrupt/0.15,B_intake,logloss_skill,0.037355471509709526,0.11141536792355933,0.0740598964138498
BPIC14,duration,logistic,one-hot,holdout70,corrupt,0.15,corrupt/0.15,B_intake_g,auc,0.6542574119051353,0.7278462979103254,0.07358888600519009
BPIC14,duration,logistic,one-hot,holdout70,corrupt,0.15,corrupt/0.15,B_intake_g,ap,0.561260395733397,0.6569400787439688,0.09567968301057173
BPIC14,duration,logistic,one-hot,holdout70,corrupt,0.15,corrupt/0.15,B_intake_g,brier_skill,0.08952435768500056,0.1602205142172466,0.07069615653224604
BPIC14,duration,logistic,one-hot,holdout70,corrupt,0.15,corrupt/0.15,B_intake_g,nagelkerke,0.11674170197998664,0.2093254686863859,0.09258376670639927
BPIC14,duration,logistic,one-hot,holdout70,corrupt,0.15,corrupt/0.15,B_intake_g,logloss_skill,0.06609625694039589,0.1231926845968998,0.05709642765650391
BPIC14,duration,logistic,one-hot,holdout70,corrupt,0.15,corrupt/0.15,B_intake_g_km,auc,0.7853493071207333,0.7790937406249592,-0.006255566495774079
BPIC14,duration,logistic,one-hot,holdout70,corrupt,0.15,corrupt/0.15,B_intake_g_km,ap,0.7232802051597261,0.7161809033876732,-0.007099301772052979
BPIC14,duration,logistic,one-hot,holdout70,corrupt,0.15,corrupt/0.15,B_intake_g_km,brier_skill,0.250384667211085,0.23806519109650803,-0.012319476114576955
BPIC14,duration,logistic,one-hot,holdout70,corrupt,0.15,corrupt/0.15,B_intake_g_km,nagelkerke,0.3337500995657739,0.3194796067155223,-0.014270492850251615
BPIC14,duration,logistic,one-hot,holdout70,corrupt,0.15,corrupt/0.15,B_intake_g_km,logloss_skill,0.20781944559211085,0.1975939881164046,-0.010225457475706246
BPIC14,duration,logistic,one-hot,rolling1,clean,1.0,clean/1.0,B_half,auc,0.6129063267498976,0.7417881446991403,0.1288818179492427
BPIC14,duration,logistic,one-hot,rolling1,clean,1.0,clean/1.0,B_half,ap,0.5810571240946235,0.7201358237532212,0.13907869965859765
BPIC14,duration,logistic,one-hot,rolling1,clean,1.0,clean/1.0,B_half,brier_skill,0.04509884505553663,0.18420074880633452,0.1391019037507979
BPIC14,duration,logistic,one-hot,rolling1,clean,1.0,clean/1.0,B_half,nagelkerke,0.06007858389908871,0.24090642096806705,0.18082783706897834
BPIC14,duration,logistic,one-hot,rolling1,clean,1.0,clean/1.0,B_half,logloss_skill,0.033231512719787304,0.14364342196950697,0.11041190924971966
BPIC14,duration,logistic,one-hot,rolling1,clean,1.0,clean/1.0,B_intake,auc,0.6153379553827261,0.7412588901964797,0.12592093481375366
BPIC14,duration,logistic,one-hot,rolling1,clean,1.0,clean/1.0,B_intake,ap,0.5836497010104588,0.719953360677661,0.13630365966720226
BPIC14,duration,logistic,one-hot,rolling1,clean,1.0,clean/1.0,B_intake,brier_skill,0.04657403310340169,0.184265760020088,0.1376917269166863
BPIC14,duration,logistic,one-hot,rolling1,clean,1.0,clean/1.0,B_intake,nagelkerke,0.06201891323591673,0.24081658649678314,0.1787976732608664
BPIC14,duration,logistic,one-hot,rolling1,clean,1.0,clean/1.0,B_intake,logloss_skill,0.034330758186766785,0.1435841446080195,0.10925338642125271
BPIC14,duration,logistic,one-hot,rolling1,clean,1.0,clean/1.0,B_intake_g,auc,0.669137139275481,0.7451116711011052,0.07597453182562419
BPIC14,duration,logistic,one-hot,rolling1,clean,1.0,clean/1.0,B_intake_g,ap,0.6448669616491242,0.7257591711222624,0.08089220947313824
BPIC14,duration,logistic,one-hot,rolling1,clean,1.0,clean/1.0,B_intake_g,brier_skill,0.09555366230588769,0.18598121198063633,0.09042754967474864
BPIC14,duration,logistic,one-hot,rolling1,clean,1.0,clean/1.0,B_intake_g,nagelkerke,0.12794113216275993,0.24322722037197383,0.1152860882092139
BPIC14,duration,logistic,one-hot,rolling1,clean,1.0,clean/1.0,B_intake_g,logloss_skill,0.07271051143878215,0.14517649712866643,0.07246598568988427
BPIC14,duration,logistic,one-hot,rolling1,clean,1.0,clean/1.0,B_intake_g_km,auc,0.777871149713467,0.7735771208555056,-0.004294028857961485
BPIC14,duration,logistic,one-hot,rolling1,clean,1.0,clean/1.0,B_intake_g_km,ap,0.76424923477042,0.7607854410394308,-0.003463793730989151
BPIC14,duration,logistic,one-hot,rolling1,clean,1.0,clean/1.0,B_intake_g_km,brier_skill,0.2403041178086489,0.2304645154737942,-0.009839602334854702
BPIC14,duration,logistic,one-hot,rolling1,clean,1.0,clean/1.0,B_intake_g_km,nagelkerke,0.31753869059137013,0.30629610927157386,-0.011242581319796274
BPIC14,duration,logistic,one-hot,rolling1,clean,1.0,clean/1.0,B_intake_g_km,logloss_skill,0.19607426241320303,0.18813920944364204,-0.007935052969560985
BPIC14,duration,logistic,one-hot,rolling1,mask_rare,0.5,mask_rare/0.5,B_half,auc,0.6129063267498976,0.7226042519443306,0.109697925194433
BPIC14,duration,logistic,one-hot,rolling1,mask_rare,0.5,mask_rare/0.5,B_half,ap,0.5810571240946235,0.6849838130944971,0.10392668899987356
BPIC14,duration,logistic,one-hot,rolling1,mask_rare,0.5,mask_rare/0.5,B_half,brier_skill,0.04509884505553663,0.15966458982409226,0.11456574476855563
BPIC14,duration,logistic,one-hot,rolling1,mask_rare,0.5,mask_rare/0.5,B_half,nagelkerke,0.06007858389908871,0.21155442704392027,0.15147584314483156
BPIC14,duration,logistic,one-hot,rolling1,mask_rare,0.5,mask_rare/0.5,B_half,logloss_skill,0.033231512719787304,0.12453053595693353,0.09129902323714623
BPIC14,duration,logistic,one-hot,rolling1,mask_rare,0.5,mask_rare/0.5,B_intake,auc,0.6153379553827261,0.7231689393164142,0.10783098393368817
BPIC14,duration,logistic,one-hot,rolling1,mask_rare,0.5,mask_rare/0.5,B_intake,ap,0.5836497010104588,0.6863281368047001,0.1026784357942413
BPIC14,duration,logistic,one-hot,rolling1,mask_rare,0.5,mask_rare/0.5,B_intake,brier_skill,0.04657403310340169,0.1595823301331255,0.11300829702972381
BPIC14,duration,logistic,one-hot,rolling1,mask_rare,0.5,mask_rare/0.5,B_intake,nagelkerke,0.06201891323591673,0.21133988227654835,0.1493209690406316
BPIC14,duration,logistic,one-hot,rolling1,mask_rare,0.5,mask_rare/0.5,B_intake,logloss_skill,0.034330758186766785,0.12439268320124852,0.09006192501448174
BPIC14,duration,logistic,one-hot,rolling1,mask_rare,0.5,mask_rare/0.5,B_intake_g,auc,0.669137139275481,0.728566247953336,0.059429108677855
BPIC14,duration,logistic,one-hot,rolling1,mask_rare,0.5,mask_rare/0.5,B_intake_g,ap,0.6448669616491242,0.6981428742331934,0.053275912584069274
BPIC14,duration,logistic,one-hot,rolling1,mask_rare,0.5,mask_rare/0.5,B_intake_g,brier_skill,0.09555366230588769,0.16420912831552226,0.06865546600963457
BPIC14,duration,logistic,one-hot,rolling1,mask_rare,0.5,mask_rare/0.5,B_intake_g,nagelkerke,0.12794113216275993,0.21724935545681548,0.08930822329405555
BPIC14,duration,logistic,one-hot,rolling1,mask_rare,0.5,mask_rare/0.5,B_intake_g,logloss_skill,0.07271051143878215,0.1281994117622638,0.05548890032348164
BPIC14,duration,logistic,one-hot,rolling1,mask_rare,0.5,mask_rare/0.5,B_intake_g_km,auc,0.777871149713467,0.7804243629758493,0.0025532132623822257
BPIC14,duration,logistic,one-hot,rolling1,mask_rare,0.5,mask_rare/0.5,B_intake_g_km,ap,0.76424923477042,0.7655703066185973,0.0013210718481773132
BPIC14,duration,logistic,one-hot,rolling1,mask_rare,0.5,mask_rare/0.5,B_intake_g_km,brier_skill,0.2403041178086489,0.24251761021634388,0.0022134924076949725
BPIC14,duration,logistic,one-hot,rolling1,mask_rare,0.5,mask_rare/0.5,B_intake_g_km,nagelkerke,0.31753869059137013,0.31990594881186973,0.0023672582204996018
BPIC14,duration,logistic,one-hot,rolling1,mask_rare,0.5,mask_rare/0.5,B_intake_g_km,logloss_skill,0.19607426241320303,0.1977562816594839,0.0016820192462808636
BPIC14,duration,logistic,one-hot,rolling1,corrupt,0.15,corrupt/0.15,B_half,auc,0.6129063267498976,0.7187796126688498,0.10587328591895218
BPIC14,duration,logistic,one-hot,rolling1,corrupt,0.15,corrupt/0.15,B_half,ap,0.5810571240946235,0.6892677591902993,0.10821063509567574
BPIC14,duration,logistic,one-hot,rolling1,corrupt,0.15,corrupt/0.15,B_half,brier_skill,0.04509884505553663,0.15010417041621926,0.10500532536068263
BPIC14,duration,logistic,one-hot,rolling1,corrupt,0.15,corrupt/0.15,B_half,nagelkerke,0.06007858389908871,0.19614136045163633,0.13606277655254762
BPIC14,duration,logistic,one-hot,rolling1,corrupt,0.15,corrupt/0.15,B_half,logloss_skill,0.033231512719787304,0.11469361802353606,0.08146210530374876
BPIC14,duration,logistic,one-hot,rolling1,corrupt,0.15,corrupt/0.15,B_intake,auc,0.6153379553827261,0.7196378683995088,0.10429991301678276
BPIC14,duration,logistic,one-hot,rolling1,corrupt,0.15,corrupt/0.15,B_intake,ap,0.5836497010104588,0.690127229637755,0.1064775286272962
BPIC14,duration,logistic,one-hot,rolling1,corrupt,0.15,corrupt/0.15,B_intake,brier_skill,0.04657403310340169,0.15043351126647309,0.1038594781630714
BPIC14,duration,logistic,one-hot,rolling1,corrupt,0.15,corrupt/0.15,B_intake,nagelkerke,0.06201891323591673,0.19654412183635372,0.13452520860043699
BPIC14,duration,logistic,one-hot,rolling1,corrupt,0.15,corrupt/0.15,B_intake,logloss_skill,0.034330758186766785,0.11494896602209415,0.08061820783532736
BPIC14,duration,logistic,one-hot,rolling1,corrupt,0.15,corrupt/0.15,B_intake_g,auc,0.669137139275481,0.7279109957020057,0.05877385642652466
BPIC14,duration,logistic,one-hot,rolling1,corrupt,0.15,corrupt/0.15,B_intake_g,ap,0.6448669616491242,0.7057184896479046,0.060851527998780464
BPIC14,duration,logistic,one-hot,rolling1,corrupt,0.15,corrupt/0.15,B_intake_g,brier_skill,0.09555366230588769,0.1614428686014846,0.06588920629559691
BPIC14,duration,logistic,one-hot,rolling1,corrupt,0.15,corrupt/0.15,B_intake_g,nagelkerke,0.12794113216275993,0.21128350869326862,0.08334237653050869
BPIC14,duration,logistic,one-hot,rolling1,corrupt,0.15,corrupt/0.15,B_intake_g,logloss_skill,0.07271051143878215,0.12435646551630664,0.05164595407752448
BPIC14,duration,logistic,one-hot,rolling1,corrupt,0.15,corrupt/0.15,B_intake_g_km,auc,0.777871149713467,0.7732263098649201,-0.004644839848546911
BPIC14,duration,logistic,one-hot,rolling1,corrupt,0.15,corrupt/0.15,B_intake_g_km,ap,0.76424923477042,0.759640637480542,-0.004608597289877947
BPIC14,duration,logistic,one-hot,rolling1,corrupt,0.15,corrupt/0.15,B_intake_g_km,brier_skill,0.2403041178086489,0.23141101201716407,-0.008893105791484834
BPIC14,duration,logistic,one-hot,rolling1,corrupt,0.15,corrupt/0.15,B_intake_g_km,nagelkerke,0.31753869059137013,0.3063246957067307,-0.011213994884639422
BPIC14,duration,logistic,one-hot,rolling1,corrupt,0.15,corrupt/0.15,B_intake_g_km,logloss_skill,0.19607426241320303,0.18815927539297983,-0.007914987020223196
BPIC14,duration,logistic,one-hot,rolling2,clean,1.0,clean/1.0,B_half,auc,0.6219907715209192,0.771645377435302,0.14965460591438284
BPIC14,duration,logistic,one-hot,rolling2,clean,1.0,clean/1.0,B_half,ap,0.5439789399067276,0.7054437051031743,0.1614647651964467
BPIC14,duration,logistic,one-hot,rolling2,clean,1.0,clean/1.0,B_half,brier_skill,0.0490538711021713,0.22252819870113782,0.17347432759896653
BPIC14,duration,logistic,one-hot,rolling2,clean,1.0,clean/1.0,B_half,nagelkerke,0.06519150275453499,0.28044628556959333,0.21525478281505833
BPIC14,duration,logistic,one-hot,rolling2,clean,1.0,clean/1.0,B_half,logloss_skill,0.03606082625718077,0.1699151214501904,0.13385429519300962
BPIC14,duration,logistic,one-hot,rolling2,clean,1.0,clean/1.0,B_intake,auc,0.6225439334235021,0.7717713188197441,0.14922738539624203
BPIC14,duration,logistic,one-hot,rolling2,clean,1.0,clean/1.0,B_intake,ap,0.5454371633838097,0.7049377210973455,0.15950055771353588
BPIC14,duration,logistic,one-hot,rolling2,clean,1.0,clean/1.0,B_intake,brier_skill,0.048737162387903266,0.22171498237924614,0.17297781999134287
BPIC14,duration,logistic,one-hot,rolling2,clean,1.0,clean/1.0,B_intake,nagelkerke,0.06465473862332775,0.27929757772609914,0.21464283910277138
BPIC14,duration,logistic,one-hot,rolling2,clean,1.0,clean/1.0,B_intake,logloss_skill,0.0357563915044643,0.1691302705790032,0.1333738790745389
BPIC14,duration,logistic,one-hot,rolling2,clean,1.0,clean/1.0,B_intake_g,auc,0.6767835279760761,0.7764687454496983,0.09968521747362225
BPIC14,duration,logistic,one-hot,rolling2,clean,1.0,clean/1.0,B_intake_g,ap,0.6063968507510352,0.7127273133023195,0.10633046255128431
BPIC14,duration,logistic,one-hot,rolling2,clean,1.0,clean/1.0,B_intake_g,brier_skill,0.09312496077564192,0.22673717094691626,0.13361221017127434
BPIC14,duration,logistic,one-hot,rolling2,clean,1.0,clean/1.0,B_intake_g,nagelkerke,0.12221826039585448,0.28579278443549794,0.16357452403964345
BPIC14,duration,logistic,one-hot,rolling2,clean,1.0,clean/1.0,B_intake_g,logloss_skill,0.06916328792690352,0.17357943783728902,0.1044161499103855
BPIC14,duration,logistic,one-hot,rolling2,clean,1.0,clean/1.0,B_intake_g_km,auc,0.7963418187174047,0.7980627596936496,0.0017209409762448669
BPIC14,duration,logistic,one-hot,rolling2,clean,1.0,clean/1.0,B_intake_g_km,ap,0.7483318481821822,0.7498431084355142,0.0015112602533319253
BPIC14,duration,logistic,one-hot,rolling2,clean,1.0,clean/1.0,B_intake_g_km,brier_skill,0.2684716054065327,0.2709474338087562,0.00247582840222349
BPIC14,duration,logistic,one-hot,rolling2,clean,1.0,clean/1.0,B_intake_g_km,nagelkerke,0.3509891026707507,0.3528746142140486,0.001885511543297913
BPIC14,duration,logistic,one-hot,rolling2,clean,1.0,clean/1.0,B_intake_g_km,logloss_skill,0.21983657347447638,0.22121974673788536,0.0013831732634089766
BPIC14,duration,logistic,one-hot,rolling2,mask_rare,0.5,mask_rare/0.5,B_half,auc,0.6219907715209192,0.7261377188707139,0.10414694734979468
BPIC14,duration,logistic,one-hot,rolling2,mask_rare,0.5,mask_rare/0.5,B_half,ap,0.5439789399067276,0.6418218750500612,0.09784293514333353
BPIC14,duration,logistic,one-hot,rolling2,mask_rare,0.5,mask_rare/0.5,B_half,brier_skill,0.0490538711021713,0.1649801407114586,0.11592626960928731
BPIC14,duration,logistic,one-hot,rolling2,mask_rare,0.5,mask_rare/0.5,B_half,nagelkerke,0.06519150275453499,0.21580126035656136,0.15060975760202638
BPIC14,duration,logistic,one-hot,rolling2,mask_rare,0.5,mask_rare/0.5,B_half,logloss_skill,0.03606082625718077,0.1270298747991725,0.09096904854199173
BPIC14,duration,logistic,one-hot,rolling2,mask_rare,0.5,mask_rare/0.5,B_intake,auc,0.6225439334235021,0.7254688043900084,0.10292487096650627
BPIC14,duration,logistic,one-hot,rolling2,mask_rare,0.5,mask_rare/0.5,B_intake,ap,0.5454371633838097,0.6418058383743019,0.09636867499049229
BPIC14,duration,logistic,one-hot,rolling2,mask_rare,0.5,mask_rare/0.5,B_intake,brier_skill,0.048737162387903266,0.16385218032575377,0.1151150179378505
BPIC14,duration,logistic,one-hot,rolling2,mask_rare,0.5,mask_rare/0.5,B_intake,nagelkerke,0.06465473862332775,0.21444204333549638,0.1497873047121686
BPIC14,duration,logistic,one-hot,rolling2,mask_rare,0.5,mask_rare/0.5,B_intake,logloss_skill,0.0357563915044643,0.12615512500451076,0.09039873350004646
BPIC14,duration,logistic,one-hot,rolling2,mask_rare,0.5,mask_rare/0.5,B_intake_g,auc,0.6767835279760761,0.7481708190781401,0.07138729110206399
BPIC14,duration,logistic,one-hot,rolling2,mask_rare,0.5,mask_rare/0.5,B_intake_g,ap,0.6063968507510352,0.6758912082003429,0.06949435744930765
BPIC14,duration,logistic,one-hot,rolling2,mask_rare,0.5,mask_rare/0.5,B_intake_g,brier_skill,0.09312496077564192,0.1791860661318323,0.08606110535619038
BPIC14,duration,logistic,one-hot,rolling2,mask_rare,0.5,mask_rare/0.5,B_intake_g,nagelkerke,0.12221826039585448,0.23222669890440345,0.11000843850854897
BPIC14,duration,logistic,one-hot,rolling2,mask_rare,0.5,mask_rare/0.5,B_intake_g,logloss_skill,0.06916328792690352,0.13768595397273287,0.06852266604582935
BPIC14,duration,logistic,one-hot,rolling2,mask_rare,0.5,mask_rare/0.5,B_intake_g_km,auc,0.7963418187174047,0.7951577891425241,-0.0011840295748806184
BPIC14,duration,logistic,one-hot,rolling2,mask_rare,0.5,mask_rare/0.5,B_intake_g_km,ap,0.7483318481821822,0.7463657924491782,-0.001966055733004013
BPIC14,duration,logistic,one-hot,rolling2,mask_rare,0.5,mask_rare/0.5,B_intake_g_km,brier_skill,0.2684716054065327,0.268830359624871,0.00035875421833830856
BPIC14,duration,logistic,one-hot,rolling2,mask_rare,0.5,mask_rare/0.5,B_intake_g_km,nagelkerke,0.3509891026707507,0.3515749416902812,0.0005858390195305208
BPIC14,duration,logistic,one-hot,rolling2,mask_rare,0.5,mask_rare/0.5,B_intake_g_km,logloss_skill,0.21983657347447638,0.22026604773723746,0.0004294742627610759
BPIC14,duration,logistic,one-hot,rolling2,corrupt,0.15,corrupt/0.15,B_half,auc,0.6219907715209192,0.7377015626404588,0.11571079111953964
BPIC14,duration,logistic,one-hot,rolling2,corrupt,0.15,corrupt/0.15,B_half,ap,0.5439789399067276,0.6634084144301675,0.11942947452343988
BPIC14,duration,logistic,one-hot,rolling2,corrupt,0.15,corrupt/0.15,B_half,brier_skill,0.0490538711021713,0.17029073001762796,0.12123685891545666
BPIC14,duration,logistic,one-hot,rolling2,corrupt,0.15,corrupt/0.15,B_half,nagelkerke,0.06519150275453499,0.21725183883124266,0.15206033607670766
BPIC14,duration,logistic,one-hot,rolling2,corrupt,0.15,corrupt/0.15,B_half,logloss_skill,0.03606082625718077,0.1279645997615958,0.09190377350441503
BPIC14,duration,logistic,one-hot,rolling2,corrupt,0.15,corrupt/0.15,B_intake,auc,0.6225439334235021,0.7374590303583868,0.11491509693488466
BPIC14,duration,logistic,one-hot,rolling2,corrupt,0.15,corrupt/0.15,B_intake,ap,0.5454371633838097,0.6627739200510164,0.11733675666720678
BPIC14,duration,logistic,one-hot,rolling2,corrupt,0.15,corrupt/0.15,B_intake,brier_skill,0.048737162387903266,0.16979986831651617,0.1210627059286129
BPIC14,duration,logistic,one-hot,rolling2,corrupt,0.15,corrupt/0.15,B_intake,nagelkerke,0.06465473862332775,0.21658817654593135,0.1519334379226036
BPIC14,duration,logistic,one-hot,rolling2,corrupt,0.15,corrupt/0.15,B_intake,logloss_skill,0.0357563915044643,0.12753679740126378,0.09178040589679948
BPIC14,duration,logistic,one-hot,rolling2,corrupt,0.15,corrupt/0.15,B_intake_g,auc,0.6767835279760761,0.7518832202870225,0.07509969231094638
BPIC14,duration,logistic,one-hot,rolling2,corrupt,0.15,corrupt/0.15,B_intake_g,ap,0.6063968507510352,0.6861373384849043,0.0797404877338691
BPIC14,duration,logistic,one-hot,rolling2,corrupt,0.15,corrupt/0.15,B_intake_g,brier_skill,0.09312496077564192,0.18694381854373154,0.09381885776808963
BPIC14,duration,logistic,one-hot,rolling2,corrupt,0.15,corrupt/0.15,B_intake_g,nagelkerke,0.12221826039585448,0.2372931282089406,0.11507486781308612
BPIC14,duration,logistic,one-hot,rolling2,corrupt,0.15,corrupt/0.15,B_intake_g,logloss_skill,0.06916328792690352,0.14100501410108912,0.0718417261741856
BPIC14,duration,logistic,one-hot,rolling2,corrupt,0.15,corrupt/0.15,B_intake_g_km,auc,0.7963418187174047,0.7955847517162012,-0.0007570670012034819
BPIC14,duration,logistic,one-hot,rolling2,corrupt,0.15,corrupt/0.15,B_intake_g_km,ap,0.7483318481821822,0.7467412555581179,-0.0015905926240643575
BPIC14,duration,logistic,one-hot,rolling2,corrupt,0.15,corrupt/0.15,B_intake_g_km,brier_skill,0.2684716054065327,0.26689875143447817,-0.0015728539720545331
BPIC14,duration,logistic,one-hot,rolling2,corrupt,0.15,corrupt/0.15,B_intake_g_km,nagelkerke,0.3509891026707507,0.34802834444898434,-0.0029607582217663353
BPIC14,duration,logistic,one-hot,rolling2,corrupt,0.15,corrupt/0.15,B_intake_g_km,logloss_skill,0.21983657347447638,0.21766998698228424,-0.0021665864921921463
BPIC14,handover,gradient boosting,cross-fitted target,holdout70,clean,1.0,clean/1.0,B_half,auc,0.6274896636089493,0.896657129739093,0.26916746613014364
BPIC14,handover,gradient boosting,cross-fitted target,holdout70,clean,1.0,clean/1.0,B_half,ap,0.9596136387953061,0.9910038154790751,0.03139017668376898
BPIC14,handover,gradient boosting,cross-fitted target,holdout70,clean,1.0,clean/1.0,B_half,brier_skill,0.017296473167607296,0.29832780189998576,0.28103132873237846
BPIC14,handover,gradient boosting,cross-fitted target,holdout70,clean,1.0,clean/1.0,B_half,nagelkerke,0.04875854547567473,0.42283299528367213,0.3740744498079974
BPIC14,handover,gradient boosting,cross-fitted target,holdout70,clean,1.0,clean/1.0,B_half,logloss_skill,0.039876360302431246,0.37127075109763996,0.3313943907952087
BPIC14,handover,gradient boosting,cross-fitted target,holdout70,clean,1.0,clean/1.0,B_intake,auc,0.6271531184607312,0.8947776332509372,0.267624514790206
BPIC14,handover,gradient boosting,cross-fitted target,holdout70,clean,1.0,clean/1.0,B_intake,ap,0.959468252505235,0.9909450678306668,0.031476815325431784
BPIC14,handover,gradient boosting,cross-fitted target,holdout70,clean,1.0,clean/1.0,B_intake,brier_skill,0.01524470135295719,0.296929324934217,0.2816846235812598
BPIC14,handover,gradient boosting,cross-fitted target,holdout70,clean,1.0,clean/1.0,B_intake,nagelkerke,0.04706832492622704,0.42039796433318544,0.3733296394069584
BPIC14,handover,gradient boosting,cross-fitted target,holdout70,clean,1.0,clean/1.0,B_intake,logloss_skill,0.03848239797126929,0.3689513653112826,0.3304689673400133
BPIC14,handover,gradient boosting,cross-fitted target,holdout70,clean,1.0,clean/1.0,B_intake_g,auc,0.7515552001213814,0.8941113588086913,0.14255615868730986
BPIC14,handover,gradient boosting,cross-fitted target,holdout70,clean,1.0,clean/1.0,B_intake_g,ap,0.9731098960689875,0.9910136409460669,0.017903744877079464
BPIC14,handover,gradient boosting,cross-fitted target,holdout70,clean,1.0,clean/1.0,B_intake_g,brier_skill,0.09238305927710644,0.2916584557997901,0.19927539652268367
BPIC14,handover,gradient boosting,cross-fitted target,holdout70,clean,1.0,clean/1.0,B_intake_g,nagelkerke,0.1635962921001737,0.4207885531884083,0.25719226108823456
BPIC14,handover,gradient boosting,cross-fitted target,holdout70,clean,1.0,clean/1.0,B_intake_g,logloss_skill,0.13662318759005287,0.3693232465666312,0.2327000589765783
BPIC14,handover,gradient boosting,cross-fitted target,holdout70,clean,1.0,clean/1.0,B_intake_g_km,auc,0.8796047515789074,0.9082808282072841,0.02867607662837668
BPIC14,handover,gradient boosting,cross-fitted target,holdout70,clean,1.0,clean/1.0,B_intake_g_km,ap,0.9860136183809898,0.991984930996314,0.005971312615324242
BPIC14,handover,gradient boosting,cross-fitted target,holdout70,clean,1.0,clean/1.0,B_intake_g_km,brier_skill,0.38320072112795023,0.3888217446951976,0.005621023567247363
BPIC14,handover,gradient boosting,cross-fitted target,holdout70,clean,1.0,clean/1.0,B_intake_g_km,nagelkerke,0.4752327294833937,0.4924203260577801,0.0171875965743864
BPIC14,handover,gradient boosting,cross-fitted target,holdout70,clean,1.0,clean/1.0,B_intake_g_km,logloss_skill,0.4217578316427263,0.43856268340925053,0.016804851766524243
BPIC14,handover,gradient boosting,cross-fitted target,holdout70,mask_rare,0.5,mask_rare/0.5,B_half,auc,0.6274896636089493,0.80960227416408,0.18211261055513073
BPIC14,handover,gradient boosting,cross-fitted target,holdout70,mask_rare,0.5,mask_rare/0.5,B_half,ap,0.9596136387953061,0.9835284780307469,0.0239148392354408
BPIC14,handover,gradient boosting,cross-fitted target,holdout70,mask_rare,0.5,mask_rare/0.5,B_half,brier_skill,0.017296473167607296,0.1714263014660905,0.1541298282984832
BPIC14,handover,gradient boosting,cross-fitted target,holdout70,mask_rare,0.5,mask_rare/0.5,B_half,nagelkerke,0.04875854547567473,0.26943185558663046,0.22067331011095573
BPIC14,handover,gradient boosting,cross-fitted target,holdout70,mask_rare,0.5,mask_rare/0.5,B_half,logloss_skill,0.039876360302431246,0.22954422059159263,0.18966786028916138
BPIC14,handover,gradient boosting,cross-fitted target,holdout70,mask_rare,0.5,mask_rare/0.5,B_intake,auc,0.6271531184607312,0.8109258834137275,0.18377276495299633
BPIC14,handover,gradient boosting,cross-fitted target,holdout70,mask_rare,0.5,mask_rare/0.5,B_intake,ap,0.959468252505235,0.9836381252225047,0.02416987271726967
BPIC14,handover,gradient boosting,cross-fitted target,holdout70,mask_rare,0.5,mask_rare/0.5,B_intake,brier_skill,0.01524470135295719,0.17192602738156837,0.15668132602861118
BPIC14,handover,gradient boosting,cross-fitted target,holdout70,mask_rare,0.5,mask_rare/0.5,B_intake,nagelkerke,0.04706832492622704,0.26986909129844094,0.2228007663722139
BPIC14,handover,gradient boosting,cross-fitted target,holdout70,mask_rare,0.5,mask_rare/0.5,B_intake,logloss_skill,0.03848239797126929,0.2299360055663835,0.1914536075951142
BPIC14,handover,gradient boosting,cross-fitted target,holdout70,mask_rare,0.5,mask_rare/0.5,B_intake_g,auc,0.7515552001213814,0.8595170957427977,0.10796189562141623
BPIC14,handover,gradient boosting,cross-fitted target,holdout70,mask_rare,0.5,mask_rare/0.5,B_intake_g,ap,0.9731098960689875,0.9875939901100529,0.014484094041065432
BPIC14,handover,gradient boosting,cross-fitted target,holdout70,mask_rare,0.5,mask_rare/0.5,B_intake_g,brier_skill,0.09238305927710644,0.2612157461761382,0.16883268689903175
BPIC14,handover,gradient boosting,cross-fitted target,holdout70,mask_rare,0.5,mask_rare/0.5,B_intake_g,nagelkerke,0.1635962921001737,0.36040002128210474,0.19680372918193104
BPIC14,handover,gradient boosting,cross-fitted target,holdout70,mask_rare,0.5,mask_rare/0.5,B_intake_g,logloss_skill,0.13662318759005287,0.3125302479734785,0.17590706038342563
BPIC14,handover,gradient boosting,cross-fitted target,holdout70,mask_rare,0.5,mask_rare/0.5,B_intake_g_km,auc,0.8796047515789074,0.9076698708425265,0.028065119263619098
BPIC14,handover,gradient boosting,cross-fitted target,holdout70,mask_rare,0.5,mask_rare/0.5,B_intake_g_km,ap,0.9860136183809898,0.9920879756201142,0.006074357239124417
BPIC14,handover,gradient boosting,cross-fitted target,holdout70,mask_rare,0.5,mask_rare/0.5,B_intake_g_km,brier_skill,0.38320072112795023,0.3863239097241383,0.003123188596188098
BPIC14,handover,gradient boosting,cross-fitted target,holdout70,mask_rare,0.5,mask_rare/0.5,B_intake_g_km,nagelkerke,0.4752327294833937,0.4833229927501246,0.008090263266730902
BPIC14,handover,gradient boosting,cross-fitted target,holdout70,mask_rare,0.5,mask_rare/0.5,B_intake_g_km,logloss_skill,0.4217578316427263,0.42965262458213294,0.007894792939406647
BPIC14,handover,gradient boosting,cross-fitted target,holdout70,corrupt,0.15,corrupt/0.15,B_half,auc,0.6274896636089493,0.8426788736968878,0.21518921008793845
BPIC14,handover,gradient boosting,cross-fitted target,holdout70,corrupt,0.15,corrupt/0.15,B_half,ap,0.9596136387953061,0.9856142186700125,0.026000579874706387
BPIC14,handover,gradient boosting,cross-fitted target,holdout70,corrupt,0.15,corrupt/0.15,B_half,brier_skill,0.017296473167607296,0.20938956870172465,0.19209309553411735
BPIC14,handover,gradient boosting,cross-fitted target,holdout70,corrupt,0.15,corrupt/0.15,B_half,nagelkerke,0.04875854547567473,0.3098430177045925,0.2610844722289178
BPIC14,handover,gradient boosting,cross-fitted target,holdout70,corrupt,0.15,corrupt/0.15,B_half,logloss_skill,0.039876360302431246,0.2660399079971073,0.22616354769467606
BPIC14,handover,gradient boosting,cross-fitted target,holdout70,corrupt,0.15,corrupt/0.15,B_intake,auc,0.6271531184607312,0.8429443956688308,0.21579127720809965
BPIC14,handover,gradient boosting,cross-fitted target,holdout70,corrupt,0.15,corrupt/0.15,B_intake,ap,0.959468252505235,0.9855717965028611,0.026103543997626044
BPIC14,handover,gradient boosting,cross-fitted target,holdout70,corrupt,0.15,corrupt/0.15,B_intake,brier_skill,0.01524470135295719,0.21215598789462642,0.19691128654166923
BPIC14,handover,gradient boosting,cross-fitted target,holdout70,corrupt,0.15,corrupt/0.15,B_intake,nagelkerke,0.04706832492622704,0.3117936572166787,0.26472533229045164
BPIC14,handover,gradient boosting,cross-fitted target,holdout70,corrupt,0.15,corrupt/0.15,B_intake,logloss_skill,0.03848239797126929,0.2678163021996114,0.2293339042283421
BPIC14,handover,gradient boosting,cross-fitted target,holdout70,corrupt,0.15,corrupt/0.15,B_intake_g,auc,0.7515552001213814,0.8598553201594397,0.10830012003805822
BPIC14,handover,gradient boosting,cross-fitted target,holdout70,corrupt,0.15,corrupt/0.15,B_intake_g,ap,0.9731098960689875,0.9869488864179592,0.013838990348971736
BPIC14,handover,gradient boosting,cross-fitted target,holdout70,corrupt,0.15,corrupt/0.15,B_intake_g,brier_skill,0.09238305927710644,0.23801685607002465,0.1456337967929182
BPIC14,handover,gradient boosting,cross-fitted target,holdout70,corrupt,0.15,corrupt/0.15,B_intake_g,nagelkerke,0.1635962921001737,0.34879118105485146,0.18519488895467776
BPIC14,handover,gradient boosting,cross-fitted target,holdout70,corrupt,0.15,corrupt/0.15,B_intake_g,logloss_skill,0.13662318759005287,0.3017716744277167,0.1651484868376638
BPIC14,handover,gradient boosting,cross-fitted target,holdout70,corrupt,0.15,corrupt/0.15,B_intake_g_km,auc,0.8796047515789074,0.8999408897514841,0.020336138172576734
BPIC14,handover,gradient boosting,cross-fitted target,holdout70,corrupt,0.15,corrupt/0.15,B_intake_g_km,ap,0.9860136183809898,0.989903821980171,0.003890203599181241
BPIC14,handover,gradient boosting,cross-fitted target,holdout70,corrupt,0.15,corrupt/0.15,B_intake_g_km,brier_skill,0.38320072112795023,0.39363415974114,0.010433438613189794
BPIC14,handover,gradient boosting,cross-fitted target,holdout70,corrupt,0.15,corrupt/0.15,B_intake_g_km,nagelkerke,0.4752327294833937,0.4882378224041903,0.013005092920796602
BPIC14,handover,gradient boosting,cross-fitted target,holdout70,corrupt,0.15,corrupt/0.15,B_intake_g_km,logloss_skill,0.4217578316427263,0.4344619871658254,0.012704155523099114
BPIC14,handover,gradient boosting,cross-fitted target,rolling1,clean,1.0,clean/1.0,B_half,auc,0.6763034221317098,0.8817588734280105,0.20545545129630072
BPIC14,handover,gradient boosting,cross-fitted target,rolling1,clean,1.0,clean/1.0,B_half,ap,0.9437654364020103,0.9828053172621096,0.03903988086009935
BPIC14,handover,gradient boosting,cross-fitted target,rolling1,clean,1.0,clean/1.0,B_half,brier_skill,0.0402618030342079,0.27561664042093414,0.23535483738672625
BPIC14,handover,gradient boosting,cross-fitted target,rolling1,clean,1.0,clean/1.0,B_half,nagelkerke,0.08029306855447833,0.38543431854617083,0.3051412499916925
BPIC14,handover,gradient boosting,cross-fitted target,rolling1,clean,1.0,clean/1.0,B_half,logloss_skill,0.06122670427149102,0.31732586121136575,0.25609915693987473
BPIC14,handover,gradient boosting,cross-fitted target,rolling1,clean,1.0,clean/1.0,B_intake,auc,0.678324682567996,0.8861121493231997,0.20778746675520365
BPIC14,handover,gradient boosting,cross-fitted target,rolling1,clean,1.0,clean/1.0,B_intake,ap,0.9440818386886105,0.9841966806547875,0.040114841966176984
BPIC14,handover,gradient boosting,cross-fitted target,rolling1,clean,1.0,clean/1.0,B_intake,brier_skill,0.0394505561059556,0.27442001527632875,0.23496945917037315
BPIC14,handover,gradient boosting,cross-fitted target,rolling1,clean,1.0,clean/1.0,B_intake,nagelkerke,0.07744296505074942,0.3957098010049109,0.31826683595416144
BPIC14,handover,gradient boosting,cross-fitted target,rolling1,clean,1.0,clean/1.0,B_intake,logloss_skill,0.059013757740509654,0.326687190636925,0.2676734328964153
BPIC14,handover,gradient boosting,cross-fitted target,rolling1,clean,1.0,clean/1.0,B_intake_g,auc,0.8180446242666432,0.9021506257423431,0.08410600147569991
BPIC14,handover,gradient boosting,cross-fitted target,rolling1,clean,1.0,clean/1.0,B_intake_g,ap,0.9701155376682511,0.9845382270422964,0.014422689374045339
BPIC14,handover,gradient boosting,cross-fitted target,rolling1,clean,1.0,clean/1.0,B_intake_g,brier_skill,0.1673839301472937,0.3360480133430541,0.16866408319576043
BPIC14,handover,gradient boosting,cross-fitted target,rolling1,clean,1.0,clean/1.0,B_intake_g,nagelkerke,0.26226453496885854,0.44519346933189413,0.1829289343630356
BPIC14,handover,gradient boosting,cross-fitted target,rolling1,clean,1.0,clean/1.0,B_intake_g,logloss_skill,0.20908939376202573,0.3725331738783494,0.16344378011632366
BPIC14,handover,gradient boosting,cross-fitted target,rolling1,clean,1.0,clean/1.0,B_intake_g_km,auc,0.9156713680603359,0.9263750233356149,0.010703655275279056
BPIC14,handover,gradient boosting,cross-fitted target,rolling1,clean,1.0,clean/1.0,B_intake_g_km,ap,0.9859368537699704,0.9875787012388977,0.00164184746892726
BPIC14,handover,gradient boosting,cross-fitted target,rolling1,clean,1.0,clean/1.0,B_intake_g_km,brier_skill,0.40441445807816156,0.4105331721009954,0.0061187140228338155
BPIC14,handover,gradient boosting,cross-fitted target,rolling1,clean,1.0,clean/1.0,B_intake_g_km,nagelkerke,0.5123877853637269,0.5188774515717754,0.006489666208048583
BPIC14,handover,gradient boosting,cross-fitted target,rolling1,clean,1.0,clean/1.0,B_intake_g_km,logloss_skill,0.43691582704246146,0.4432700503823145,0.006354223339853027
BPIC14,handover,gradient boosting,cross-fitted target,rolling1,mask_rare,0.5,mask_rare/0.5,B_half,auc,0.6763034221317098,0.8127527058684385,0.1364492837367287
BPIC14,handover,gradient boosting,cross-fitted target,rolling1,mask_rare,0.5,mask_rare/0.5,B_half,ap,0.9437654364020103,0.9714054849472289,0.02764004854521862
BPIC14,handover,gradient boosting,cross-fitted target,rolling1,mask_rare,0.5,mask_rare/0.5,B_half,brier_skill,0.0402618030342079,0.16651418269302842,0.12625237965882052
BPIC14,handover,gradient boosting,cross-fitted target,rolling1,mask_rare,0.5,mask_rare/0.5,B_half,nagelkerke,0.08029306855447833,0.23210019891938374,0.1518071303649054
BPIC14,handover,gradient boosting,cross-fitted target,rolling1,mask_rare,0.5,mask_rare/0.5,B_half,logloss_skill,0.06122670427149102,0.18363764836650598,0.12241094409501496
BPIC14,handover,gradient boosting,cross-fitted target,rolling1,mask_rare,0.5,mask_rare/0.5,B_intake,auc,0.678324682567996,0.8209320563517901,0.14260737378379407
BPIC14,handover,gradient boosting,cross-fitted target,rolling1,mask_rare,0.5,mask_rare/0.5,B_intake,ap,0.9440818386886105,0.9733373850788803,0.029255546390269838
BPIC14,handover,gradient boosting,cross-fitted target,rolling1,mask_rare,0.5,mask_rare/0.5,B_intake,brier_skill,0.0394505561059556,0.16965277731481143,0.13020222120885583
BPIC14,handover,gradient boosting,cross-fitted target,rolling1,mask_rare,0.5,mask_rare/0.5,B_intake,nagelkerke,0.07744296505074942,0.24851125345990727,0.17106828840915783
BPIC14,handover,gradient boosting,cross-fitted target,rolling1,mask_rare,0.5,mask_rare/0.5,B_intake,logloss_skill,0.059013757740509654,0.19743572936464393,0.13842197162413428
BPIC14,handover,gradient boosting,cross-fitted target,rolling1,mask_rare,0.5,mask_rare/0.5,B_intake_g,auc,0.8180446242666432,0.8862387317484569,0.06819410748181376
BPIC14,handover,gradient boosting,cross-fitted target,rolling1,mask_rare,0.5,mask_rare/0.5,B_intake_g,ap,0.9701155376682511,0.9835377047163745,0.013422167048123379
BPIC14,handover,gradient boosting,cross-fitted target,rolling1,mask_rare,0.5,mask_rare/0.5,B_intake_g,brier_skill,0.1673839301472937,0.29693209071353943,0.12954816056624574
BPIC14,handover,gradient boosting,cross-fitted target,rolling1,mask_rare,0.5,mask_rare/0.5,B_intake_g,nagelkerke,0.26226453496885854,0.40158716970690733,0.1393226347380488
BPIC14,handover,gradient boosting,cross-fitted target,rolling1,mask_rare,0.5,mask_rare/0.5,B_intake_g,logloss_skill,0.20908939376202573,0.3320658297685445,0.12297643600651875
BPIC14,handover,gradient boosting,cross-fitted target,rolling1,mask_rare,0.5,mask_rare/0.5,B_intake_g_km,auc,0.9156713680603359,0.9234721308015817,0.007800762741245859
BPIC14,handover,gradient boosting,cross-fitted target,rolling1,mask_rare,0.5,mask_rare/0.5,B_intake_g_km,ap,0.9859368537699704,0.9876239192195935,0.0016870654496230486
BPIC14,handover,gradient boosting,cross-fitted target,rolling1,mask_rare,0.5,mask_rare/0.5,B_intake_g_km,brier_skill,0.40441445807816156,0.4060192251391196,0.0016047670609580234
BPIC14,handover,gradient boosting,cross-fitted target,rolling1,mask_rare,0.5,mask_rare/0.5,B_intake_g_km,nagelkerke,0.5123877853637269,0.5176186608705354,0.005230875506808563
BPIC14,handover,gradient boosting,cross-fitted target,rolling1,mask_rare,0.5,mask_rare/0.5,B_intake_g_km,logloss_skill,0.43691582704246146,0.44203560316391044,0.005119776121448982
BPIC14,handover,gradient boosting,cross-fitted target,rolling1,corrupt,0.15,corrupt/0.15,B_half,auc,0.6763034221317098,0.8480009832845491,0.1716975611528393
BPIC14,handover,gradient boosting,cross-fitted target,rolling1,corrupt,0.15,corrupt/0.15,B_half,ap,0.9437654364020103,0.979554642223819,0.03578920582180878
BPIC14,handover,gradient boosting,cross-fitted target,rolling1,corrupt,0.15,corrupt/0.15,B_half,brier_skill,0.0402618030342079,0.19714325089220752,0.15688144785799962
BPIC14,handover,gradient boosting,cross-fitted target,rolling1,corrupt,0.15,corrupt/0.15,B_half,nagelkerke,0.08029306855447833,0.30123882651912637,0.22094575796464805
BPIC14,handover,gradient boosting,cross-fitted target,rolling1,corrupt,0.15,corrupt/0.15,B_half,logloss_skill,0.06122670427149102,0.24257132055952912,0.1813446162880381
BPIC14,handover,gradient boosting,cross-fitted target,rolling1,corrupt,0.15,corrupt/0.15,B_intake,auc,0.678324682567996,0.8504740753395404,0.1721493927715444
BPIC14,handover,gradient boosting,cross-fitted target,rolling1,corrupt,0.15,corrupt/0.15,B_intake,ap,0.9440818386886105,0.9802810773448809,0.036199238656270394
BPIC14,handover,gradient boosting,cross-fitted target,rolling1,corrupt,0.15,corrupt/0.15,B_intake,brier_skill,0.0394505561059556,0.1980743432545582,0.1586237871486026
BPIC14,handover,gradient boosting,cross-fitted target,rolling1,corrupt,0.15,corrupt/0.15,B_intake,nagelkerke,0.07744296505074942,0.30401388693622466,0.22657092188547523
BPIC14,handover,gradient boosting,cross-fitted target,rolling1,corrupt,0.15,corrupt/0.15,B_intake,logloss_skill,0.059013757740509654,0.24498161253955264,0.185967854799043
BPIC14,handover,gradient boosting,cross-fitted target,rolling1,corrupt,0.15,corrupt/0.15,B_intake_g,auc,0.8180446242666432,0.8888217862461528,0.07077716197950967
BPIC14,handover,gradient boosting,cross-fitted target,rolling1,corrupt,0.15,corrupt/0.15,B_intake_g,ap,0.9701155376682511,0.9840209289552433,0.013905391286992197
BPIC14,handover,gradient boosting,cross-fitted target,rolling1,corrupt,0.15,corrupt/0.15,B_intake_g,brier_skill,0.1673839301472937,0.2833399552660202,0.11595602511872649
BPIC14,handover,gradient boosting,cross-fitted target,rolling1,corrupt,0.15,corrupt/0.15,B_intake_g,nagelkerke,0.26226453496885854,0.3943609613945668,0.13209642642570824
BPIC14,handover,gradient boosting,cross-fitted target,rolling1,corrupt,0.15,corrupt/0.15,B_intake_g,logloss_skill,0.20908939376202573,0.32545529548268737,0.11636590172066164
BPIC14,handover,gradient boosting,cross-fitted target,rolling1,corrupt,0.15,corrupt/0.15,B_intake_g_km,auc,0.9156713680603359,0.9268548770179269,0.011183508957591015
BPIC14,handover,gradient boosting,cross-fitted target,rolling1,corrupt,0.15,corrupt/0.15,B_intake_g_km,ap,0.9859368537699704,0.9880428259680967,0.002105972198126249
BPIC14,handover,gradient boosting,cross-fitted target,rolling1,corrupt,0.15,corrupt/0.15,B_intake_g_km,brier_skill,0.40441445807816156,0.41074575097218746,0.006331292894025897
BPIC14,handover,gradient boosting,cross-fitted target,rolling1,corrupt,0.15,corrupt/0.15,B_intake_g_km,nagelkerke,0.5123877853637269,0.5252568259260488,0.012869040562321965
BPIC14,handover,gradient boosting,cross-fitted target,rolling1,corrupt,0.15,corrupt/0.15,B_intake_g_km,logloss_skill,0.43691582704246146,0.44954039754072983,0.012624570498268373
BPIC14,handover,gradient boosting,cross-fitted target,rolling2,clean,1.0,clean/1.0,B_half,auc,0.6669861791726039,0.8801438848920863,0.21315770571948234
BPIC14,handover,gradient boosting,cross-fitted target,rolling2,clean,1.0,clean/1.0,B_half,ap,0.9513529212305639,0.9860962305963781,0.03474330936581416
BPIC14,handover,gradient boosting,cross-fitted target,rolling2,clean,1.0,clean/1.0,B_half,brier_skill,0.02136652609881473,0.2514607443350525,0.23009421823623777
BPIC14,handover,gradient boosting,cross-fitted target,rolling2,clean,1.0,clean/1.0,B_half,nagelkerke,0.04673532346522074,0.3729521218012908,0.32621679833607004
BPIC14,handover,gradient boosting,cross-fitted target,rolling2,clean,1.0,clean/1.0,B_half,logloss_skill,0.036593671122601035,0.31403716007356375,0.2774434889509627
BPIC14,handover,gradient boosting,cross-fitted target,rolling2,clean,1.0,clean/1.0,B_intake,auc,0.668972763817931,0.8814921396216359,0.21251937580370484
BPIC14,handover,gradient boosting,cross-fitted target,rolling2,clean,1.0,clean/1.0,B_intake,ap,0.9521321929103093,0.9864099738770773,0.034277780966768034
BPIC14,handover,gradient boosting,cross-fitted target,rolling2,clean,1.0,clean/1.0,B_intake,brier_skill,0.023738746343049955,0.25414787403407646,0.2304091276910265
BPIC14,handover,gradient boosting,cross-fitted target,rolling2,clean,1.0,clean/1.0,B_intake,nagelkerke,0.05201990429398242,0.37694915337633345,0.32492924908235105
BPIC14,handover,gradient boosting,cross-fitted target,rolling2,clean,1.0,clean/1.0,B_intake,logloss_skill,0.04077669991103483,0.3177039821662948,0.27692728225526
BPIC14,handover,gradient boosting,cross-fitted target,rolling2,clean,1.0,clean/1.0,B_intake_g,auc,0.7764047312874338,0.8986392335407036,0.12223450225326982
BPIC14,handover,gradient boosting,cross-fitted target,rolling2,clean,1.0,clean/1.0,B_intake_g,ap,0.9689863245636005,0.9869647895034603,0.017978464939859884
BPIC14,handover,gradient boosting,cross-fitted target,rolling2,clean,1.0,clean/1.0,B_intake_g,brier_skill,0.10538162821188346,0.332037635861856,0.2266560076499725
BPIC14,handover,gradient boosting,cross-fitted target,rolling2,clean,1.0,clean/1.0,B_intake_g,nagelkerke,0.19437935680919932,0.43146803746844564,0.23708868065924632
BPIC14,handover,gradient boosting,cross-fitted target,rolling2,clean,1.0,clean/1.0,B_intake_g,logloss_skill,0.1571161003756928,0.36844679448827067,0.21133069411257788
BPIC14,handover,gradient boosting,cross-fitted target,rolling2,clean,1.0,clean/1.0,B_intake_g_km,auc,0.9057396401719204,0.9174844472248288,0.011744807052908368
BPIC14,handover,gradient boosting,cross-fitted target,rolling2,clean,1.0,clean/1.0,B_intake_g_km,ap,0.9864777103736939,0.9887690017729112,0.0022912913992172435
BPIC14,handover,gradient boosting,cross-fitted target,rolling2,clean,1.0,clean/1.0,B_intake_g_km,brier_skill,0.36959982412982073,0.41372860843466175,0.04412878430484102
BPIC14,handover,gradient boosting,cross-fitted target,rolling2,clean,1.0,clean/1.0,B_intake_g_km,nagelkerke,0.46759355398321045,0.512551941009893,0.044958387026682534
BPIC14,handover,gradient boosting,cross-fitted target,rolling2,clean,1.0,clean/1.0,B_intake_g_km,logloss_skill,0.4028412626279352,0.4465439029449093,0.04370264031697413
BPIC14,handover,gradient boosting,cross-fitted target,rolling2,mask_rare,0.5,mask_rare/0.5,B_half,auc,0.6669861791726039,0.7891877802106142,0.12220160103801025
BPIC14,handover,gradient boosting,cross-fitted target,rolling2,mask_rare,0.5,mask_rare/0.5,B_half,ap,0.9513529212305639,0.9751928123066301,0.02383989107606621
BPIC14,handover,gradient boosting,cross-fitted target,rolling2,mask_rare,0.5,mask_rare/0.5,B_half,brier_skill,0.02136652609881473,0.12280402556463044,0.1014374994658157
BPIC14,handover,gradient boosting,cross-fitted target,rolling2,mask_rare,0.5,mask_rare/0.5,B_half,nagelkerke,0.04673532346522074,0.21270917249570961,0.16597384903048887
BPIC14,handover,gradient boosting,cross-fitted target,rolling2,mask_rare,0.5,mask_rare/0.5,B_half,logloss_skill,0.036593671122601035,0.17263304390312106,0.13603937278052003
BPIC14,handover,gradient boosting,cross-fitted target,rolling2,mask_rare,0.5,mask_rare/0.5,B_intake,auc,0.668972763817931,0.7930499658244419,0.12407720200651084
BPIC14,handover,gradient boosting,cross-fitted target,rolling2,mask_rare,0.5,mask_rare/0.5,B_intake,ap,0.9521321929103093,0.9764320704728059,0.02429987756249663
BPIC14,handover,gradient boosting,cross-fitted target,rolling2,mask_rare,0.5,mask_rare/0.5,B_intake,brier_skill,0.023738746343049955,0.12783552316382796,0.104096776820778
BPIC14,handover,gradient boosting,cross-fitted target,rolling2,mask_rare,0.5,mask_rare/0.5,B_intake,nagelkerke,0.05201990429398242,0.2204704908909189,0.16845058659693649
BPIC14,handover,gradient boosting,cross-fitted target,rolling2,mask_rare,0.5,mask_rare/0.5,B_intake,logloss_skill,0.04077669991103483,0.17924213639448328,0.13846543648344845
BPIC14,handover,gradient boosting,cross-fitted target,rolling2,mask_rare,0.5,mask_rare/0.5,B_intake_g,auc,0.7764047312874338,0.8498522920793798,0.07344756079194603
BPIC14,handover,gradient boosting,cross-fitted target,rolling2,mask_rare,0.5,mask_rare/0.5,B_intake_g,ap,0.9689863245636005,0.9822344876331408,0.013248163069540353
BPIC14,handover,gradient boosting,cross-fitted target,rolling2,mask_rare,0.5,mask_rare/0.5,B_intake_g,brier_skill,0.10538162821188346,0.17029753259809588,0.06491590438621242
BPIC14,handover,gradient boosting,cross-fitted target,rolling2,mask_rare,0.5,mask_rare/0.5,B_intake_g,nagelkerke,0.19437935680919932,0.2868667153214486,0.09248735851224926
BPIC14,handover,gradient boosting,cross-fitted target,rolling2,mask_rare,0.5,mask_rare/0.5,B_intake_g,logloss_skill,0.1571161003756928,0.23675216881846672,0.07963606844277393
BPIC14,handover,gradient boosting,cross-fitted target,rolling2,mask_rare,0.5,mask_rare/0.5,B_intake_g_km,auc,0.9057396401719204,0.904984997509239,-0.0007546426626814373
BPIC14,handover,gradient boosting,cross-fitted target,rolling2,mask_rare,0.5,mask_rare/0.5,B_intake_g_km,ap,0.9864777103736939,0.9886458457769542,0.0021681354032603295
BPIC14,handover,gradient boosting,cross-fitted target,rolling2,mask_rare,0.5,mask_rare/0.5,B_intake_g_km,brier_skill,0.36959982412982073,0.3011682043006617,-0.06843161982915902
BPIC14,handover,gradient boosting,cross-fitted target,rolling2,mask_rare,0.5,mask_rare/0.5,B_intake_g_km,nagelkerke,0.46759355398321045,0.4242220494150899,-0.043371504568120556
BPIC14,handover,gradient boosting,cross-fitted target,rolling2,mask_rare,0.5,mask_rare/0.5,B_intake_g_km,logloss_skill,0.4028412626279352,0.3616231851728038,-0.0412180774551314
BPIC14,handover,gradient boosting,cross-fitted target,rolling2,corrupt,0.15,corrupt/0.15,B_half,auc,0.6669861791726039,0.8125738249979727,0.14558764582536876
BPIC14,handover,gradient boosting,cross-fitted target,rolling2,corrupt,0.15,corrupt/0.15,B_half,ap,0.9513529212305639,0.9757843513987852,0.024431430168221246
BPIC14,handover,gradient boosting,cross-fitted target,rolling2,corrupt,0.15,corrupt/0.15,B_half,brier_skill,0.02136652609881473,0.18899452322575516,0.16762799712694043
BPIC14,handover,gradient boosting,cross-fitted target,rolling2,corrupt,0.15,corrupt/0.15,B_half,nagelkerke,0.04673532346522074,0.26930462621636597,0.22256930275114523
BPIC14,handover,gradient boosting,cross-fitted target,rolling2,corrupt,0.15,corrupt/0.15,B_half,logloss_skill,0.036593671122601035,0.2213684640637672,0.18477479294116617
BPIC14,handover,gradient boosting,cross-fitted target,rolling2,corrupt,0.15,corrupt/0.15,B_intake,auc,0.668972763817931,0.8216063670802489,0.1526336032623179
BPIC14,handover,gradient boosting,cross-fitted target,rolling2,corrupt,0.15,corrupt/0.15,B_intake,ap,0.9521321929103093,0.9770204721686926,0.024888279258383328
BPIC14,handover,gradient boosting,cross-fitted target,rolling2,corrupt,0.15,corrupt/0.15,B_intake,brier_skill,0.023738746343049955,0.18903860768127234,0.1652998613382224
BPIC14,handover,gradient boosting,cross-fitted target,rolling2,corrupt,0.15,corrupt/0.15,B_intake,nagelkerke,0.05201990429398242,0.27490487562062454,0.22288497132664212
BPIC14,handover,gradient boosting,cross-fitted target,rolling2,corrupt,0.15,corrupt/0.15,B_intake,logloss_skill,0.04077669991103483,0.22626039844163282,0.18548369853059798
BPIC14,handover,gradient boosting,cross-fitted target,rolling2,corrupt,0.15,corrupt/0.15,B_intake_g,auc,0.7764047312874338,0.8495939480299817,0.07318921674254786
BPIC14,handover,gradient boosting,cross-fitted target,rolling2,corrupt,0.15,corrupt/0.15,B_intake_g,ap,0.9689863245636005,0.9810464442881786,0.0120601197245781
BPIC14,handover,gradient boosting,cross-fitted target,rolling2,corrupt,0.15,corrupt/0.15,B_intake_g,brier_skill,0.10538162821188346,0.2640777277428151,0.15869609953093167
BPIC14,handover,gradient boosting,cross-fitted target,rolling2,corrupt,0.15,corrupt/0.15,B_intake_g,nagelkerke,0.19437935680919932,0.33764716998639493,0.1432678131771956
BPIC14,handover,gradient boosting,cross-fitted target,rolling2,corrupt,0.15,corrupt/0.15,B_intake_g,logloss_skill,0.1571161003756928,0.28195592639176625,0.12483982601607346
BPIC14,handover,gradient boosting,cross-fitted target,rolling2,corrupt,0.15,corrupt/0.15,B_intake_g_km,auc,0.9057396401719204,0.9085130735990917,0.00277343342717129
BPIC14,handover,gradient boosting,cross-fitted target,rolling2,corrupt,0.15,corrupt/0.15,B_intake_g_km,ap,0.9864777103736939,0.9874844211086448,0.0010067107349508442
BPIC14,handover,gradient boosting,cross-fitted target,rolling2,corrupt,0.15,corrupt/0.15,B_intake_g_km,brier_skill,0.36959982412982073,0.37702967808914756,0.0074298539593268265
BPIC14,handover,gradient boosting,cross-fitted target,rolling2,corrupt,0.15,corrupt/0.15,B_intake_g_km,nagelkerke,0.46759355398321045,0.47419536422139485,0.006601810238184402
BPIC14,handover,gradient boosting,cross-fitted target,rolling2,corrupt,0.15,corrupt/0.15,B_intake_g_km,logloss_skill,0.4028412626279352,0.40919534703722416,0.006354084409288974
BPIC14,duration,gradient boosting,cross-fitted target,holdout70,clean,1.0,clean/1.0,B_half,auc,0.6276840313185308,0.7483897714270998,0.12070574010856905
BPIC14,duration,gradient boosting,cross-fitted target,holdout70,clean,1.0,clean/1.0,B_half,ap,0.5232223024115296,0.6767183730097938,0.1534960705982642
BPIC14,duration,gradient boosting,cross-fitted target,holdout70,clean,1.0,clean/1.0,B_half,brier_skill,0.05815753655503764,0.18604758299119672,0.1278900464361591
BPIC14,duration,gradient boosting,cross-fitted target,holdout70,clean,1.0,clean/1.0,B_half,nagelkerke,0.07611549264914134,0.24358333270108443,0.1674678400519431
BPIC14,duration,gradient boosting,cross-fitted target,holdout70,clean,1.0,clean/1.0,B_half,logloss_skill,0.04240142458302376,0.14552014737495678,0.10311872279193302
BPIC14,duration,gradient boosting,cross-fitted target,holdout70,clean,1.0,clean/1.0,B_intake,auc,0.6305709794892085,0.7473969368428691,0.11682595735366064
BPIC14,duration,gradient boosting,cross-fitted target,holdout70,clean,1.0,clean/1.0,B_intake,ap,0.528960766886032,0.6755466418363215,0.14658587495028952
BPIC14,duration,gradient boosting,cross-fitted target,holdout70,clean,1.0,clean/1.0,B_intake,brier_skill,0.05952335957909671,0.18460461017671892,0.1250812505976222
BPIC14,duration,gradient boosting,cross-fitted target,holdout70,clean,1.0,clean/1.0,B_intake,nagelkerke,0.07796787724216421,0.24224301366457857,0.16427513642241437
BPIC14,duration,gradient boosting,cross-fitted target,holdout70,clean,1.0,clean/1.0,B_intake,logloss_skill,0.043465041679333405,0.14463348371020457,0.10116844203087116
BPIC14,duration,gradient boosting,cross-fitted target,holdout70,clean,1.0,clean/1.0,B_intake_g,auc,0.6661912326040214,0.7508963145157488,0.08470508191172743
BPIC14,duration,gradient boosting,cross-fitted target,holdout70,clean,1.0,clean/1.0,B_intake_g,ap,0.5720490756017418,0.6818106355781,0.10976155997635817
BPIC14,duration,gradient boosting,cross-fitted target,holdout70,clean,1.0,clean/1.0,B_intake_g,brier_skill,0.09989049002696626,0.19047780529253922,0.09058731526557295
BPIC14,duration,gradient boosting,cross-fitted target,holdout70,clean,1.0,clean/1.0,B_intake_g,nagelkerke,0.12962527648143007,0.24908996791691815,0.11946469143548807
BPIC14,duration,gradient boosting,cross-fitted target,holdout70,clean,1.0,clean/1.0,B_intake_g,logloss_skill,0.07377598548605158,0.14917444201637353,0.07539845653032196
BPIC14,duration,gradient boosting,cross-fitted target,holdout70,clean,1.0,clean/1.0,B_intake_g_km,auc,0.7798447994924392,0.7794883702671617,-0.0003564292252775658
BPIC14,duration,gradient boosting,cross-fitted target,holdout70,clean,1.0,clean/1.0,B_intake_g_km,ap,0.7131217926878012,0.7139735646099454,0.000851771922144251
BPIC14,duration,gradient boosting,cross-fitted target,holdout70,clean,1.0,clean/1.0,B_intake_g_km,brier_skill,0.23740432618198382,0.23730056117005993,-0.00010376501192388421
BPIC14,duration,gradient boosting,cross-fitted target,holdout70,clean,1.0,clean/1.0,B_intake_g_km,nagelkerke,0.3172175935211056,0.3169137084165925,-0.0003038851045131241
BPIC14,duration,gradient boosting,cross-fitted target,holdout70,clean,1.0,clean/1.0,B_intake_g_km,logloss_skill,0.19598637941948516,0.19577068155554855,-0.00021569786393660362
BPIC14,duration,gradient boosting,cross-fitted target,holdout70,mask_rare,0.5,mask_rare/0.5,B_half,auc,0.6276840313185308,0.7170259644941601,0.08934193317562933
BPIC14,duration,gradient boosting,cross-fitted target,holdout70,mask_rare,0.5,mask_rare/0.5,B_half,ap,0.5232223024115296,0.6134767266165893,0.09025442420505969
BPIC14,duration,gradient boosting,cross-fitted target,holdout70,mask_rare,0.5,mask_rare/0.5,B_half,brier_skill,0.05815753655503764,0.14862200557868066,0.09046446902364302
BPIC14,duration,gradient boosting,cross-fitted target,holdout70,mask_rare,0.5,mask_rare/0.5,B_half,nagelkerke,0.07611549264914134,0.19695392302708825,0.1208384303779469
BPIC14,duration,gradient boosting,cross-fitted target,holdout70,mask_rare,0.5,mask_rare/0.5,B_half,logloss_skill,0.04240142458302376,0.11529645106514175,0.07289502648211799
BPIC14,duration,gradient boosting,cross-fitted target,holdout70,mask_rare,0.5,mask_rare/0.5,B_intake,auc,0.6305709794892085,0.7176377982579858,0.08706681876877731
BPIC14,duration,gradient boosting,cross-fitted target,holdout70,mask_rare,0.5,mask_rare/0.5,B_intake,ap,0.528960766886032,0.6187545912841504,0.08979382439811845
BPIC14,duration,gradient boosting,cross-fitted target,holdout70,mask_rare,0.5,mask_rare/0.5,B_intake,brier_skill,0.05952335957909671,0.15006325037670953,0.09053989079761282
BPIC14,duration,gradient boosting,cross-fitted target,holdout70,mask_rare,0.5,mask_rare/0.5,B_intake,nagelkerke,0.07796787724216421,0.1993403365378755,0.12137245929571129
BPIC14,duration,gradient boosting,cross-fitted target,holdout70,mask_rare,0.5,mask_rare/0.5,B_intake,logloss_skill,0.043465041679333405,0.11681288431401637,0.07334784263468297
BPIC14,duration,gradient boosting,cross-fitted target,holdout70,mask_rare,0.5,mask_rare/0.5,B_intake_g,auc,0.6661912326040214,0.7275793653116218,0.06138813270760046
BPIC14,duration,gradient boosting,cross-fitted target,holdout70,mask_rare,0.5,mask_rare/0.5,B_intake_g,ap,0.5720490756017418,0.638392642562466,0.06634356696072419
BPIC14,duration,gradient boosting,cross-fitted target,holdout70,mask_rare,0.5,mask_rare/0.5,B_intake_g,brier_skill,0.09989049002696626,0.16321919845437338,0.06332870842740712
BPIC14,duration,gradient boosting,cross-fitted target,holdout70,mask_rare,0.5,mask_rare/0.5,B_intake_g,nagelkerke,0.12962527648143007,0.21312336148952227,0.0834980850080922
BPIC14,duration,gradient boosting,cross-fitted target,holdout70,mask_rare,0.5,mask_rare/0.5,B_intake_g,logloss_skill,0.07377598548605158,0.1256341616471347,0.051858176161083125
BPIC14,duration,gradient boosting,cross-fitted target,holdout70,mask_rare,0.5,mask_rare/0.5,B_intake_g_km,auc,0.7798447994924392,0.779556273990489,-0.00028852550195024307
BPIC14,duration,gradient boosting,cross-fitted target,holdout70,mask_rare,0.5,mask_rare/0.5,B_intake_g_km,ap,0.7131217926878012,0.716227009017292,0.0031052163294907897
BPIC14,duration,gradient boosting,cross-fitted target,holdout70,mask_rare,0.5,mask_rare/0.5,B_intake_g_km,brier_skill,0.23740432618198382,0.2400802648307413,0.002675938648757481
BPIC14,duration,gradient boosting,cross-fitted target,holdout70,mask_rare,0.5,mask_rare/0.5,B_intake_g_km,nagelkerke,0.3172175935211056,0.3221349652805481,0.004917371759442457
BPIC14,duration,gradient boosting,cross-fitted target,holdout70,mask_rare,0.5,mask_rare/0.5,B_intake_g_km,logloss_skill,0.19598637941948516,0.1994857294889919,0.003499350069506746
BPIC14,duration,gradient boosting,cross-fitted target,holdout70,corrupt,0.15,corrupt/0.15,B_half,auc,0.6276840313185308,0.7244773869418162,0.0967933556232854
BPIC14,duration,gradient boosting,cross-fitted target,holdout70,corrupt,0.15,corrupt/0.15,B_half,ap,0.5232223024115296,0.6502857492734497,0.12706344686192017
BPIC14,duration,gradient boosting,cross-fitted target,holdout70,corrupt,0.15,corrupt/0.15,B_half,brier_skill,0.05815753655503764,0.1513195782879343,0.09316204173289666
BPIC14,duration,gradient boosting,cross-fitted target,holdout70,corrupt,0.15,corrupt/0.15,B_half,nagelkerke,0.07611549264914134,0.20040056136108042,0.12428506871193908
BPIC14,duration,gradient boosting,cross-fitted target,holdout70,corrupt,0.15,corrupt/0.15,B_half,logloss_skill,0.04240142458302376,0.11748762242289656,0.0750861978398728
BPIC14,duration,gradient boosting,cross-fitted target,holdout70,corrupt,0.15,corrupt/0.15,B_intake,auc,0.6305709794892085,0.7207589552228822,0.09018797573367376
BPIC14,duration,gradient boosting,cross-fitted target,holdout70,corrupt,0.15,corrupt/0.15,B_intake,ap,0.528960766886032,0.6458046243782727,0.11684385749224069
BPIC14,duration,gradient boosting,cross-fitted target,holdout70,corrupt,0.15,corrupt/0.15,B_intake,brier_skill,0.05952335957909671,0.15042665176669368,0.09090329218759696
BPIC14,duration,gradient boosting,cross-fitted target,holdout70,corrupt,0.15,corrupt/0.15,B_intake,nagelkerke,0.07796787724216421,0.19893780764422445,0.12096993040206024
BPIC14,duration,gradient boosting,cross-fitted target,holdout70,corrupt,0.15,corrupt/0.15,B_intake,logloss_skill,0.043465041679333405,0.11655687594550979,0.07309183426617638
BPIC14,duration,gradient boosting,cross-fitted target,holdout70,corrupt,0.15,corrupt/0.15,B_intake_g,auc,0.6661912326040214,0.7337489469017757,0.06755771429775437
BPIC14,duration,gradient boosting,cross-fitted target,holdout70,corrupt,0.15,corrupt/0.15,B_intake_g,ap,0.5720490756017418,0.662110055705095,0.09006098010335317
BPIC14,duration,gradient boosting,cross-fitted target,holdout70,corrupt,0.15,corrupt/0.15,B_intake_g,brier_skill,0.09989049002696626,0.1665384449045011,0.06664795487753483
BPIC14,duration,gradient boosting,cross-fitted target,holdout70,corrupt,0.15,corrupt/0.15,B_intake_g,nagelkerke,0.12962527648143007,0.21886030617644625,0.08923502969501618
BPIC14,duration,gradient boosting,cross-fitted target,holdout70,corrupt,0.15,corrupt/0.15,B_intake_g,logloss_skill,0.07377598548605158,0.12933789941950058,0.055561913933449
BPIC14,duration,gradient boosting,cross-fitted target,holdout70,corrupt,0.15,corrupt/0.15,B_intake_g_km,auc,0.7798447994924392,0.7805914687087269,0.000746669216287632
BPIC14,duration,gradient boosting,cross-fitted target,holdout70,corrupt,0.15,corrupt/0.15,B_intake_g_km,ap,0.7131217926878012,0.7164289012487338,0.0033071085609326367
BPIC14,duration,gradient boosting,cross-fitted target,holdout70,corrupt,0.15,corrupt/0.15,B_intake_g_km,brier_skill,0.23740432618198382,0.2404447008153524,0.003040374633368592
BPIC14,duration,gradient boosting,cross-fitted target,holdout70,corrupt,0.15,corrupt/0.15,B_intake_g_km,nagelkerke,0.3172175935211056,0.3213913406379751,0.004173747116869464
BPIC14,duration,gradient boosting,cross-fitted target,holdout70,corrupt,0.15,corrupt/0.15,B_intake_g_km,logloss_skill,0.19598637941948516,0.19895545306662887,0.0029690736471437162
BPIC14,duration,gradient boosting,cross-fitted target,rolling1,clean,1.0,clean/1.0,B_half,auc,0.6242965232296357,0.7425697784486286,0.1182732552189929
BPIC14,duration,gradient boosting,cross-fitted target,rolling1,clean,1.0,clean/1.0,B_half,ap,0.5869690390688571,0.7126325516382366,0.12566351256937947
BPIC14,duration,gradient boosting,cross-fitted target,rolling1,clean,1.0,clean/1.0,B_half,brier_skill,0.05250513926770206,0.18098166406941896,0.1284765248017169
BPIC14,duration,gradient boosting,cross-fitted target,rolling1,clean,1.0,clean/1.0,B_half,nagelkerke,0.06962349586748043,0.23385066909021224,0.1642271732227318
BPIC14,duration,gradient boosting,cross-fitted target,rolling1,clean,1.0,clean/1.0,B_half,logloss_skill,0.03865519129296735,0.1390024699913185,0.10034727869835114
BPIC14,duration,gradient boosting,cross-fitted target,rolling1,clean,1.0,clean/1.0,B_intake,auc,0.6288198424068768,0.7407394852640196,0.11191964285714273
BPIC14,duration,gradient boosting,cross-fitted target,rolling1,clean,1.0,clean/1.0,B_intake,ap,0.5939268182553074,0.7073435902926863,0.11341677203737899
BPIC14,duration,gradient boosting,cross-fitted target,rolling1,clean,1.0,clean/1.0,B_intake,brier_skill,0.05599924304387072,0.17854046262402945,0.12254121958015873
BPIC14,duration,gradient boosting,cross-fitted target,rolling1,clean,1.0,clean/1.0,B_intake,nagelkerke,0.07427347786086418,0.23057251010172555,0.1562990322408614
BPIC14,duration,gradient boosting,cross-fitted target,rolling1,clean,1.0,clean/1.0,B_intake,logloss_skill,0.04131230618947246,0.1368563788485705,0.09554407265909803
BPIC14,duration,gradient boosting,cross-fitted target,rolling1,clean,1.0,clean/1.0,B_intake_g,auc,0.6819814265247647,0.7454241711011051,0.06344274457634047
BPIC14,duration,gradient boosting,cross-fitted target,rolling1,clean,1.0,clean/1.0,B_intake_g,ap,0.6546057805833733,0.720163810881749,0.0655580302983757
BPIC14,duration,gradient boosting,cross-fitted target,rolling1,clean,1.0,clean/1.0,B_intake_g,brier_skill,0.10658379565314002,0.1839174509884246,0.07733365533528458
BPIC14,duration,gradient boosting,cross-fitted target,rolling1,clean,1.0,clean/1.0,B_intake_g,nagelkerke,0.14152666135994657,0.23828211804370264,0.09675545668375607
BPIC14,duration,gradient boosting,cross-fitted target,rolling1,clean,1.0,clean/1.0,B_intake_g,logloss_skill,0.08088066534793403,0.1419137804066617,0.06103311505872766
BPIC14,duration,gradient boosting,cross-fitted target,rolling1,clean,1.0,clean/1.0,B_intake_g_km,auc,0.7749478100695866,0.7754088850798199,0.00046107501023329167
BPIC14,duration,gradient boosting,cross-fitted target,rolling1,clean,1.0,clean/1.0,B_intake_g_km,ap,0.7555937255150771,0.7587237454413325,0.0031300199262553896
BPIC14,duration,gradient boosting,cross-fitted target,rolling1,clean,1.0,clean/1.0,B_intake_g_km,brier_skill,0.23246206346423348,0.23257588599844192,0.0001138225342084409
BPIC14,duration,gradient boosting,cross-fitted target,rolling1,clean,1.0,clean/1.0,B_intake_g_km,nagelkerke,0.3049966463748669,0.30755344321554756,0.002556796840680664
BPIC14,duration,gradient boosting,cross-fitted target,rolling1,clean,1.0,clean/1.0,B_intake_g_km,logloss_skill,0.18722765483162385,0.18902231073390463,0.001794655902280784
BPIC14,duration,gradient boosting,cross-fitted target,rolling1,mask_rare,0.5,mask_rare/0.5,B_half,auc,0.6242965232296357,0.7071004528243962,0.08280392959476046
BPIC14,duration,gradient boosting,cross-fitted target,rolling1,mask_rare,0.5,mask_rare/0.5,B_half,ap,0.5869690390688571,0.6765919302514974,0.08962289118264033
BPIC14,duration,gradient boosting,cross-fitted target,rolling1,mask_rare,0.5,mask_rare/0.5,B_half,brier_skill,0.05250513926770206,0.14558712163039966,0.0930819823626976
BPIC14,duration,gradient boosting,cross-fitted target,rolling1,mask_rare,0.5,mask_rare/0.5,B_half,nagelkerke,0.06962349586748043,0.19490964721195997,0.12528615134447954
BPIC14,duration,gradient boosting,cross-fitted target,rolling1,mask_rare,0.5,mask_rare/0.5,B_half,logloss_skill,0.03865519129296735,0.1139132814244952,0.07525809013152784
BPIC14,duration,gradient boosting,cross-fitted target,rolling1,mask_rare,0.5,mask_rare/0.5,B_intake,auc,0.6288198424068768,0.7047965488129349,0.07597670640605803
BPIC14,duration,gradient boosting,cross-fitted target,rolling1,mask_rare,0.5,mask_rare/0.5,B_intake,ap,0.5939268182553074,0.6777617629703045,0.0838349447149972
BPIC14,duration,gradient boosting,cross-fitted target,rolling1,mask_rare,0.5,mask_rare/0.5,B_intake,brier_skill,0.05599924304387072,0.14556084752604348,0.08956160448217276
BPIC14,duration,gradient boosting,cross-fitted target,rolling1,mask_rare,0.5,mask_rare/0.5,B_intake,nagelkerke,0.07427347786086418,0.1955316476680263,0.12125816980716213
BPIC14,duration,gradient boosting,cross-fitted target,rolling1,mask_rare,0.5,mask_rare/0.5,B_intake,logloss_skill,0.04131230618947246,0.11430723640572837,0.07299493021625592
BPIC14,duration,gradient boosting,cross-fitted target,rolling1,mask_rare,0.5,mask_rare/0.5,B_intake_g,auc,0.6819814265247647,0.7088078822144904,0.026826455689725748
BPIC14,duration,gradient boosting,cross-fitted target,rolling1,mask_rare,0.5,mask_rare/0.5,B_intake_g,ap,0.6546057805833733,0.6872982096790028,0.03269242909562953
BPIC14,duration,gradient boosting,cross-fitted target,rolling1,mask_rare,0.5,mask_rare/0.5,B_intake_g,brier_skill,0.10658379565314002,0.14341601847874919,0.03683222282560916
BPIC14,duration,gradient boosting,cross-fitted target,rolling1,mask_rare,0.5,mask_rare/0.5,B_intake_g,nagelkerke,0.14152666135994657,0.19028159121523636,0.048754929855289786
BPIC14,duration,gradient boosting,cross-fitted target,rolling1,mask_rare,0.5,mask_rare/0.5,B_intake_g,logloss_skill,0.08088066534793403,0.11098876729037466,0.030108101942440624
BPIC14,duration,gradient boosting,cross-fitted target,rolling1,mask_rare,0.5,mask_rare/0.5,B_intake_g_km,auc,0.7749478100695866,0.7759561118501843,0.0010083017805977423
BPIC14,duration,gradient boosting,cross-fitted target,rolling1,mask_rare,0.5,mask_rare/0.5,B_intake_g_km,ap,0.7555937255150771,0.7525219430972439,-0.0030717824178332354
BPIC14,duration,gradient boosting,cross-fitted target,rolling1,mask_rare,0.5,mask_rare/0.5,B_intake_g_km,brier_skill,0.23246206346423348,0.23613042929419492,0.0036683658299614397
BPIC14,duration,gradient boosting,cross-fitted target,rolling1,mask_rare,0.5,mask_rare/0.5,B_intake_g_km,nagelkerke,0.3049966463748669,0.3095148841282319,0.0045182377533650175
BPIC14,duration,gradient boosting,cross-fitted target,rolling1,mask_rare,0.5,mask_rare/0.5,B_intake_g_km,logloss_skill,0.18722765483162385,0.1904021144478134,0.003174459616189562
BPIC14,duration,gradient boosting,cross-fitted target,rolling1,corrupt,0.15,corrupt/0.15,B_half,auc,0.6242965232296357,0.7134299529267294,0.0891334296970937
BPIC14,duration,gradient boosting,cross-fitted target,rolling1,corrupt,0.15,corrupt/0.15,B_half,ap,0.5869690390688571,0.6767849430794499,0.0898159040105928
BPIC14,duration,gradient boosting,cross-fitted target,rolling1,corrupt,0.15,corrupt/0.15,B_half,brier_skill,0.05250513926770206,0.14383389429600257,0.09132875502830051
BPIC14,duration,gradient boosting,cross-fitted target,rolling1,corrupt,0.15,corrupt/0.15,B_half,nagelkerke,0.06962349586748043,0.1866992351782496,0.11707573931076917
BPIC14,duration,gradient boosting,cross-fitted target,rolling1,corrupt,0.15,corrupt/0.15,B_half,logloss_skill,0.03865519129296735,0.1087331664813731,0.07007797518840575
BPIC14,duration,gradient boosting,cross-fitted target,rolling1,corrupt,0.15,corrupt/0.15,B_intake,auc,0.6288198424068768,0.7156884465820712,0.08686860417519437
BPIC14,duration,gradient boosting,cross-fitted target,rolling1,corrupt,0.15,corrupt/0.15,B_intake,ap,0.5939268182553074,0.6783878768393883,0.08446105858408093
BPIC14,duration,gradient boosting,cross-fitted target,rolling1,corrupt,0.15,corrupt/0.15,B_intake,brier_skill,0.05599924304387072,0.14584173164984993,0.08984248860597921
BPIC14,duration,gradient boosting,cross-fitted target,rolling1,corrupt,0.15,corrupt/0.15,B_intake,nagelkerke,0.07427347786086418,0.18812304660156745,0.11384956874070327
BPIC14,duration,gradient boosting,cross-fitted target,rolling1,corrupt,0.15,corrupt/0.15,B_intake,logloss_skill,0.04131230618947246,0.10962881189555918,0.06831650570608672
BPIC14,duration,gradient boosting,cross-fitted target,rolling1,corrupt,0.15,corrupt/0.15,B_intake_g,auc,0.6819814265247647,0.732480620650839,0.05049919412607429
BPIC14,duration,gradient boosting,cross-fitted target,rolling1,corrupt,0.15,corrupt/0.15,B_intake_g,ap,0.6546057805833733,0.707558680561715,0.05295289997834174
BPIC14,duration,gradient boosting,cross-fitted target,rolling1,corrupt,0.15,corrupt/0.15,B_intake_g,brier_skill,0.10658379565314002,0.16517257998650658,0.05858878433336656
BPIC14,duration,gradient boosting,cross-fitted target,rolling1,corrupt,0.15,corrupt/0.15,B_intake_g,nagelkerke,0.14152666135994657,0.21573908911661607,0.0742124277566695
BPIC14,duration,gradient boosting,cross-fitted target,rolling1,corrupt,0.15,corrupt/0.15,B_intake_g,logloss_skill,0.08088066534793403,0.12722462200466989,0.04634395665673585
BPIC14,duration,gradient boosting,cross-fitted target,rolling1,corrupt,0.15,corrupt/0.15,B_intake_g_km,auc,0.7749478100695866,0.773947630986492,-0.0010001790830945767
BPIC14,duration,gradient boosting,cross-fitted target,rolling1,corrupt,0.15,corrupt/0.15,B_intake_g_km,ap,0.7555937255150771,0.7564396005006649,0.0008458749855878578
BPIC14,duration,gradient boosting,cross-fitted target,rolling1,corrupt,0.15,corrupt/0.15,B_intake_g_km,brier_skill,0.23246206346423348,0.23175954095416318,-0.0007025225100703025
BPIC14,duration,gradient boosting,cross-fitted target,rolling1,corrupt,0.15,corrupt/0.15,B_intake_g_km,nagelkerke,0.3049966463748669,0.3058891200812207,0.0008924737063538135
BPIC14,duration,gradient boosting,cross-fitted target,rolling1,corrupt,0.15,corrupt/0.15,B_intake_g_km,logloss_skill,0.18722765483162385,0.18785358825549126,0.0006259334238674086
BPIC14,duration,gradient boosting,cross-fitted target,rolling2,clean,1.0,clean/1.0,B_half,auc,0.6327180369084995,0.7658197017207604,0.13310166481226093
BPIC14,duration,gradient boosting,cross-fitted target,rolling2,clean,1.0,clean/1.0,B_half,ap,0.5515405072902603,0.6998470769605158,0.14830656967025557
BPIC14,duration,gradient boosting,cross-fitted target,rolling2,clean,1.0,clean/1.0,B_half,brier_skill,0.05814209564902062,0.217760963040882,0.15961886739186137
BPIC14,duration,gradient boosting,cross-fitted target,rolling2,clean,1.0,clean/1.0,B_half,nagelkerke,0.076545681409095,0.2749698936980223,0.19842421228892732
BPIC14,duration,gradient boosting,cross-fitted target,rolling2,clean,1.0,clean/1.0,B_half,logloss_skill,0.042530987146683685,0.16618107993357478,0.1236500927868911
BPIC14,duration,gradient boosting,cross-fitted target,rolling2,clean,1.0,clean/1.0,B_intake,auc,0.6354098163603081,0.767872939652474,0.13246312329216592
BPIC14,duration,gradient boosting,cross-fitted target,rolling2,clean,1.0,clean/1.0,B_intake,ap,0.5564321546809298,0.7023492152514477,0.1459170605705179
BPIC14,duration,gradient boosting,cross-fitted target,rolling2,clean,1.0,clean/1.0,B_intake,brier_skill,0.06111562724135389,0.21932715371571054,0.15821152647435666
BPIC14,duration,gradient boosting,cross-fitted target,rolling2,clean,1.0,clean/1.0,B_intake,nagelkerke,0.08024539345318486,0.2784677915086066,0.19822239805542174
BPIC14,duration,gradient boosting,cross-fitted target,rolling2,clean,1.0,clean/1.0,B_intake,logloss_skill,0.04465192711222621,0.16856385541156127,0.12391192829933506
BPIC14,duration,gradient boosting,cross-fitted target,rolling2,clean,1.0,clean/1.0,B_intake_g,auc,0.6843002875951798,0.7721918327818265,0.08789154518664666
BPIC14,duration,gradient boosting,cross-fitted target,rolling2,clean,1.0,clean/1.0,B_intake_g,ap,0.6124083348024406,0.718067088961188,0.10565875415874737
BPIC14,duration,gradient boosting,cross-fitted target,rolling2,clean,1.0,clean/1.0,B_intake_g,brier_skill,0.10922184747256103,0.22570376752526955,0.11648192005270852
BPIC14,duration,gradient boosting,cross-fitted target,rolling2,clean,1.0,clean/1.0,B_intake_g,nagelkerke,0.14186680966287737,0.28812633458578907,0.1462595249229117
BPIC14,duration,gradient boosting,cross-fitted target,rolling2,clean,1.0,clean/1.0,B_intake_g,logloss_skill,0.08093187499959675,0.17518466181951065,0.09425278681991389
BPIC14,duration,gradient boosting,cross-fitted target,rolling2,clean,1.0,clean/1.0,B_intake_g_km,auc,0.7860093373316444,0.7889333312869738,0.002923993955329496
BPIC14,duration,gradient boosting,cross-fitted target,rolling2,clean,1.0,clean/1.0,B_intake_g_km,ap,0.7278103943061905,0.7309590621522213,0.0031486678460307393
BPIC14,duration,gradient boosting,cross-fitted target,rolling2,clean,1.0,clean/1.0,B_intake_g_km,brier_skill,0.2515551173555597,0.2624198801810511,0.010864762825491425
BPIC14,duration,gradient boosting,cross-fitted target,rolling2,clean,1.0,clean/1.0,B_intake_g_km,nagelkerke,0.323978841357389,0.34104206027996986,0.017063218922580836
BPIC14,duration,gradient boosting,cross-fitted target,rolling2,clean,1.0,clean/1.0,B_intake_g_km,logloss_skill,0.2003095904515244,0.21258343260361612,0.012273842152091707
BPIC14,duration,gradient boosting,cross-fitted target,rolling2,mask_rare,0.5,mask_rare/0.5,B_half,auc,0.6327180369084995,0.7084105500833354,0.07569251317483594
BPIC14,duration,gradient boosting,cross-fitted target,rolling2,mask_rare,0.5,mask_rare/0.5,B_half,ap,0.5515405072902603,0.6285350271894282,0.07699451989916795
BPIC14,duration,gradient boosting,cross-fitted target,rolling2,mask_rare,0.5,mask_rare/0.5,B_half,brier_skill,0.05814209564902062,0.1465808925129488,0.08843879686392819
BPIC14,duration,gradient boosting,cross-fitted target,rolling2,mask_rare,0.5,mask_rare/0.5,B_half,nagelkerke,0.076545681409095,0.1936827379998879,0.11713705659079289
BPIC14,duration,gradient boosting,cross-fitted target,rolling2,mask_rare,0.5,mask_rare/0.5,B_half,logloss_skill,0.042530987146683685,0.11292592165298754,0.07039493450630385
BPIC14,duration,gradient boosting,cross-fitted target,rolling2,mask_rare,0.5,mask_rare/0.5,B_intake,auc,0.6354098163603081,0.7084196426256838,0.07300982626537567
BPIC14,duration,gradient boosting,cross-fitted target,rolling2,mask_rare,0.5,mask_rare/0.5,B_intake,ap,0.5564321546809298,0.6278969694246941,0.07146481474376432
BPIC14,duration,gradient boosting,cross-fitted target,rolling2,mask_rare,0.5,mask_rare/0.5,B_intake,brier_skill,0.06111562724135389,0.14777307884031743,0.08665745159896354
BPIC14,duration,gradient boosting,cross-fitted target,rolling2,mask_rare,0.5,mask_rare/0.5,B_intake,nagelkerke,0.08024539345318486,0.195653940858332,0.11540854740514712
BPIC14,duration,gradient boosting,cross-fitted target,rolling2,mask_rare,0.5,mask_rare/0.5,B_intake,logloss_skill,0.04465192711222621,0.11417167464411726,0.06951974753189105
BPIC14,duration,gradient boosting,cross-fitted target,rolling2,mask_rare,0.5,mask_rare/0.5,B_intake_g,auc,0.6843002875951798,0.7229192168238602,0.038618929228680376
BPIC14,duration,gradient boosting,cross-fitted target,rolling2,mask_rare,0.5,mask_rare/0.5,B_intake_g,ap,0.6124083348024406,0.6596045589975578,0.047196224195117153
BPIC14,duration,gradient boosting,cross-fitted target,rolling2,mask_rare,0.5,mask_rare/0.5,B_intake_g,brier_skill,0.10922184747256103,0.1618448374919259,0.05262299001936488
BPIC14,duration,gradient boosting,cross-fitted target,rolling2,mask_rare,0.5,mask_rare/0.5,B_intake_g,nagelkerke,0.14186680966287737,0.21357321795553877,0.0717064082926614
BPIC14,duration,gradient boosting,cross-fitted target,rolling2,mask_rare,0.5,mask_rare/0.5,B_intake_g,logloss_skill,0.08093187499959675,0.1255965341621469,0.044664659162550135
BPIC14,duration,gradient boosting,cross-fitted target,rolling2,mask_rare,0.5,mask_rare/0.5,B_intake_g_km,auc,0.7860093373316444,0.7863883222350578,0.0003789849034134818
BPIC14,duration,gradient boosting,cross-fitted target,rolling2,mask_rare,0.5,mask_rare/0.5,B_intake_g_km,ap,0.7278103943061905,0.7217106922208323,-0.006099702085358261
BPIC14,duration,gradient boosting,cross-fitted target,rolling2,mask_rare,0.5,mask_rare/0.5,B_intake_g_km,brier_skill,0.2515551173555597,0.25680118036578536,0.005246063010225677
BPIC14,duration,gradient boosting,cross-fitted target,rolling2,mask_rare,0.5,mask_rare/0.5,B_intake_g_km,nagelkerke,0.323978841357389,0.33167332494846496,0.00769448359107594
BPIC14,duration,gradient boosting,cross-fitted target,rolling2,mask_rare,0.5,mask_rare/0.5,B_intake_g_km,logloss_skill,0.2003095904515244,0.20581837871699182,0.0055087882654674125
BPIC14,duration,gradient boosting,cross-fitted target,rolling2,corrupt,0.15,corrupt/0.15,B_half,auc,0.6327180369084995,0.7382944479904643,0.1055764110819648
BPIC14,duration,gradient boosting,cross-fitted target,rolling2,corrupt,0.15,corrupt/0.15,B_half,ap,0.5515405072902603,0.6637879074108275,0.11224740012056722
BPIC14,duration,gradient boosting,cross-fitted target,rolling2,corrupt,0.15,corrupt/0.15,B_half,brier_skill,0.05814209564902062,0.1677585119972178,0.10961641634819719
BPIC14,duration,gradient boosting,cross-fitted target,rolling2,corrupt,0.15,corrupt/0.15,B_half,nagelkerke,0.076545681409095,0.21488755249746175,0.13834187108836676
BPIC14,duration,gradient boosting,cross-fitted target,rolling2,corrupt,0.15,corrupt/0.15,B_half,logloss_skill,0.042530987146683685,0.12644172338110737,0.08391073623442369
BPIC14,duration,gradient boosting,cross-fitted target,rolling2,corrupt,0.15,corrupt/0.15,B_intake,auc,0.6354098163603081,0.7406159481645124,0.10520613180420424
BPIC14,duration,gradient boosting,cross-fitted target,rolling2,corrupt,0.15,corrupt/0.15,B_intake,ap,0.5564321546809298,0.6757512319808022,0.11931907729987246
BPIC14,duration,gradient boosting,cross-fitted target,rolling2,corrupt,0.15,corrupt/0.15,B_intake,brier_skill,0.06111562724135389,0.17254325188200792,0.11142762464065403
BPIC14,duration,gradient boosting,cross-fitted target,rolling2,corrupt,0.15,corrupt/0.15,B_intake,nagelkerke,0.08024539345318486,0.22240818975549523,0.14216279630231038
BPIC14,duration,gradient boosting,cross-fitted target,rolling2,corrupt,0.15,corrupt/0.15,B_intake,logloss_skill,0.04465192711222621,0.13129714499088718,0.08664521787866097
BPIC14,duration,gradient boosting,cross-fitted target,rolling2,corrupt,0.15,corrupt/0.15,B_intake_g,auc,0.6843002875951798,0.7544574415494621,0.07015715395428235
BPIC14,duration,gradient boosting,cross-fitted target,rolling2,corrupt,0.15,corrupt/0.15,B_intake_g,ap,0.6124083348024406,0.6971104576506988,0.08470212284825818
BPIC14,duration,gradient boosting,cross-fitted target,rolling2,corrupt,0.15,corrupt/0.15,B_intake_g,brier_skill,0.10922184747256103,0.19419885479064558,0.08497700731808455
BPIC14,duration,gradient boosting,cross-fitted target,rolling2,corrupt,0.15,corrupt/0.15,B_intake_g,nagelkerke,0.14186680966287737,0.24899052068194,0.10712371101906262
BPIC14,duration,gradient boosting,cross-fitted target,rolling2,corrupt,0.15,corrupt/0.15,B_intake_g,logloss_skill,0.08093187499959675,0.1487272261609639,0.06779535116136715
BPIC14,duration,gradient boosting,cross-fitted target,rolling2,corrupt,0.15,corrupt/0.15,B_intake_g_km,auc,0.7860093373316444,0.7872062641297141,0.0011969267980697085
BPIC14,duration,gradient boosting,cross-fitted target,rolling2,corrupt,0.15,corrupt/0.15,B_intake_g_km,ap,0.7278103943061905,0.7310391612615625,0.0032287669553719978
BPIC14,duration,gradient boosting,cross-fitted target,rolling2,corrupt,0.15,corrupt/0.15,B_intake_g_km,brier_skill,0.2515551173555597,0.2559957422974778,0.004440624941918103
BPIC14,duration,gradient boosting,cross-fitted target,rolling2,corrupt,0.15,corrupt/0.15,B_intake_g_km,nagelkerke,0.323978841357389,0.3318146814309697,0.00783584007358068
BPIC14,duration,gradient boosting,cross-fitted target,rolling2,corrupt,0.15,corrupt/0.15,B_intake_g_km,logloss_skill,0.2003095904515244,0.2059199781248805,0.005610387673356088
BPIC14,handover,gradient boosting,frequency,holdout70,clean,1.0,clean/1.0,B_half,auc,0.6274356800681506,0.8969037352461451,0.26946805517799444
BPIC14,handover,gradient boosting,frequency,holdout70,clean,1.0,clean/1.0,B_half,ap,0.9596028584883162,0.9919460375535684,0.03234317906525219
BPIC14,handover,gradient boosting,frequency,holdout70,clean,1.0,clean/1.0,B_half,brier_skill,0.016152602193326038,0.27510488044717807,0.25895227825385203
BPIC14,handover,gradient boosting,frequency,holdout70,clean,1.0,clean/1.0,B_half,nagelkerke,0.0481344279301054,0.40394011033642624,0.3558056824063208
BPIC14,handover,gradient boosting,frequency,holdout70,clean,1.0,clean/1.0,B_half,logloss_skill,0.03936153823230748,0.35333623254508717,0.3139746943127797
BPIC14,handover,gradient boosting,frequency,holdout70,clean,1.0,clean/1.0,B_intake,auc,0.6272606410300988,0.8989782244324467,0.27171758340234786
BPIC14,handover,gradient boosting,frequency,holdout70,clean,1.0,clean/1.0,B_intake,ap,0.9599749728274652,0.9919677100088,0.031992737181334774
BPIC14,handover,gradient boosting,frequency,holdout70,clean,1.0,clean/1.0,B_intake,brier_skill,0.015419179898679802,0.2780470333425221,0.2626278534438423
BPIC14,handover,gradient boosting,frequency,holdout70,clean,1.0,clean/1.0,B_intake,nagelkerke,0.04806866907265453,0.4081915820532802,0.3601229129806257
BPIC14,handover,gradient boosting,frequency,holdout70,clean,1.0,clean/1.0,B_intake,logloss_skill,0.039307301784775484,0.35735985195022724,0.31805255016545175
BPIC14,handover,gradient boosting,frequency,holdout70,clean,1.0,clean/1.0,B_intake_g,auc,0.7724582395577163,0.9003061306336491,0.12784789107593275
BPIC14,handover,gradient boosting,frequency,holdout70,clean,1.0,clean/1.0,B_intake_g,ap,0.9766587107247439,0.9921570977688083,0.015498387044064477
BPIC14,handover,gradient boosting,frequency,holdout70,clean,1.0,clean/1.0,B_intake_g,brier_skill,0.09171364881637944,0.3011186162539755,0.20940496743759607
BPIC14,handover,gradient boosting,frequency,holdout70,clean,1.0,clean/1.0,B_intake_g,nagelkerke,0.18776623920685603,0.42441316503255955,0.2366469258257035
BPIC14,handover,gradient boosting,frequency,holdout70,clean,1.0,clean/1.0,B_intake_g,logloss_skill,0.1575150833269039,0.37277712880396197,0.21526204547705807
BPIC14,handover,gradient boosting,frequency,holdout70,clean,1.0,clean/1.0,B_intake_g_km,auc,0.8994502470302631,0.9178206533420996,0.018370406311836507
BPIC14,handover,gradient boosting,frequency,holdout70,clean,1.0,clean/1.0,B_intake_g_km,ap,0.9912037902078137,0.9933942997676358,0.0021905095598221402
BPIC14,handover,gradient boosting,frequency,holdout70,clean,1.0,clean/1.0,B_intake_g_km,brier_skill,0.3592881544648908,0.38243347455252374,0.023145320087632926
BPIC14,handover,gradient boosting,frequency,holdout70,clean,1.0,clean/1.0,B_intake_g_km,nagelkerke,0.4608750275224701,0.4955342592629788,0.03465923174050867
BPIC14,handover,gradient boosting,frequency,holdout70,clean,1.0,clean/1.0,B_intake_g_km,logloss_skill,0.4078134813413814,0.44162047038116603,0.03380698903978463
BPIC14,handover,gradient boosting,frequency,holdout70,mask_rare,0.5,mask_rare/0.5,B_half,auc,0.6274356800681506,0.7609684380511951,0.13353275798304443
BPIC14,handover,gradient boosting,frequency,holdout70,mask_rare,0.5,mask_rare/0.5,B_half,ap,0.9596028584883162,0.9776049084789511,0.018002049990634927
BPIC14,handover,gradient boosting,frequency,holdout70,mask_rare,0.5,mask_rare/0.5,B_half,brier_skill,0.016152602193326038,0.14193952266808552,0.12578692047475948
BPIC14,handover,gradient boosting,frequency,holdout70,mask_rare,0.5,mask_rare/0.5,B_half,nagelkerke,0.0481344279301054,0.14755470026599302,0.09942027233588761
BPIC14,handover,gradient boosting,frequency,holdout70,mask_rare,0.5,mask_rare/0.5,B_half,logloss_skill,0.03936153823230748,0.12286139803758611,0.08349985980527863
BPIC14,handover,gradient boosting,frequency,holdout70,mask_rare,0.5,mask_rare/0.5,B_intake,auc,0.6272606410300988,0.7640448084132532,0.13678416738315435
BPIC14,handover,gradient boosting,frequency,holdout70,mask_rare,0.5,mask_rare/0.5,B_intake,ap,0.9599749728274652,0.9770535703119666,0.017078597484501357
BPIC14,handover,gradient boosting,frequency,holdout70,mask_rare,0.5,mask_rare/0.5,B_intake,brier_skill,0.015419179898679802,0.14386118558594685,0.12844200568726705
BPIC14,handover,gradient boosting,frequency,holdout70,mask_rare,0.5,mask_rare/0.5,B_intake,nagelkerke,0.04806866907265453,0.154102638112323,0.10603396903966847
BPIC14,handover,gradient boosting,frequency,holdout70,mask_rare,0.5,mask_rare/0.5,B_intake,logloss_skill,0.039307301784775484,0.12846880102715752,0.08916149924238204
BPIC14,handover,gradient boosting,frequency,holdout70,mask_rare,0.5,mask_rare/0.5,B_intake_g,auc,0.7724582395577163,0.8508681718970282,0.07840993233931193
BPIC14,handover,gradient boosting,frequency,holdout70,mask_rare,0.5,mask_rare/0.5,B_intake_g,ap,0.9766587107247439,0.9871283497949656,0.010469639070221692
BPIC14,handover,gradient boosting,frequency,holdout70,mask_rare,0.5,mask_rare/0.5,B_intake_g,brier_skill,0.09171364881637944,0.251462230655646,0.15974858183926655
BPIC14,handover,gradient boosting,frequency,holdout70,mask_rare,0.5,mask_rare/0.5,B_intake_g,nagelkerke,0.18776623920685603,0.3479941046068938,0.16022786540003775
BPIC14,handover,gradient boosting,frequency,holdout70,mask_rare,0.5,mask_rare/0.5,B_intake_g,logloss_skill,0.1575150833269039,0.30103482346265364,0.14351974013574975
BPIC14,handover,gradient boosting,frequency,holdout70,mask_rare,0.5,mask_rare/0.5,B_intake_g_km,auc,0.8994502470302631,0.9082661593037002,0.008815912273437143
BPIC14,handover,gradient boosting,frequency,holdout70,mask_rare,0.5,mask_rare/0.5,B_intake_g_km,ap,0.9912037902078137,0.9926942002584935,0.0014904100506798468
BPIC14,handover,gradient boosting,frequency,holdout70,mask_rare,0.5,mask_rare/0.5,B_intake_g_km,brier_skill,0.3592881544648908,0.34708958928642086,-0.012198565178469956
BPIC14,handover,gradient boosting,frequency,holdout70,mask_rare,0.5,mask_rare/0.5,B_intake_g_km,nagelkerke,0.4608750275224701,0.4661558331789623,0.0052808056564921935
BPIC14,handover,gradient boosting,frequency,holdout70,mask_rare,0.5,mask_rare/0.5,B_intake_g_km,logloss_skill,0.4078134813413814,0.41293241986408813,0.0051189385227067286
BPIC14,handover,gradient boosting,frequency,holdout70,corrupt,0.15,corrupt/0.15,B_half,auc,0.6274356800681506,0.8439926048969838,0.21655692482883315
BPIC14,handover,gradient boosting,frequency,holdout70,corrupt,0.15,corrupt/0.15,B_half,ap,0.9596028584883162,0.9862458192841185,0.026642960795802306
BPIC14,handover,gradient boosting,frequency,holdout70,corrupt,0.15,corrupt/0.15,B_half,brier_skill,0.016152602193326038,0.20109745660181855,0.1849448544084925
BPIC14,handover,gradient boosting,frequency,holdout70,corrupt,0.15,corrupt/0.15,B_half,nagelkerke,0.0481344279301054,0.30760070327020017,0.25946627534009475
BPIC14,handover,gradient boosting,frequency,holdout70,corrupt,0.15,corrupt/0.15,B_half,logloss_skill,0.03936153823230748,0.26399958899317943,0.22463805076087195
BPIC14,handover,gradient boosting,frequency,holdout70,corrupt,0.15,corrupt/0.15,B_intake,auc,0.6272606410300988,0.8479003612995404,0.22063972026944156
BPIC14,handover,gradient boosting,frequency,holdout70,corrupt,0.15,corrupt/0.15,B_intake,ap,0.9599749728274652,0.9868902180178728,0.026915245190407555
BPIC14,handover,gradient boosting,frequency,holdout70,corrupt,0.15,corrupt/0.15,B_intake,brier_skill,0.015419179898679802,0.2018218722470979,0.1864026923484181
BPIC14,handover,gradient boosting,frequency,holdout70,corrupt,0.15,corrupt/0.15,B_intake,nagelkerke,0.04806866907265453,0.3110674529035699,0.26299878383091535
BPIC14,handover,gradient boosting,frequency,holdout70,corrupt,0.15,corrupt/0.15,B_intake,logloss_skill,0.039307301784775484,0.26715480722948637,0.22784750544471088
BPIC14,handover,gradient boosting,frequency,holdout70,corrupt,0.15,corrupt/0.15,B_intake_g,auc,0.7724582395577163,0.8700623581512086,0.09760411859349227
BPIC14,handover,gradient boosting,frequency,holdout70,corrupt,0.15,corrupt/0.15,B_intake_g,ap,0.9766587107247439,0.9889668112549186,0.012308100530174726
BPIC14,handover,gradient boosting,frequency,holdout70,corrupt,0.15,corrupt/0.15,B_intake_g,brier_skill,0.09171364881637944,0.24592171822274123,0.15420806940636178
BPIC14,handover,gradient boosting,frequency,holdout70,corrupt,0.15,corrupt/0.15,B_intake_g,nagelkerke,0.18776623920685603,0.3613369065599126,0.17357066735305654
BPIC14,handover,gradient boosting,frequency,holdout70,corrupt,0.15,corrupt/0.15,B_intake_g,logloss_skill,0.1575150833269039,0.3134007140919499,0.15588563076504602
BPIC14,handover,gradient boosting,frequency,holdout70,corrupt,0.15,corrupt/0.15,B_intake_g_km,auc,0.8994502470302631,0.9089595489919647,0.009509301961701633
BPIC14,handover,gradient boosting,frequency,holdout70,corrupt,0.15,corrupt/0.15,B_intake_g_km,ap,0.9912037902078137,0.9926411066959708,0.0014373164881571476
BPIC14,handover,gradient boosting,frequency,holdout70,corrupt,0.15,corrupt/0.15,B_intake_g_km,brier_skill,0.3592881544648908,0.3723597540412962,0.013071599576405357
BPIC14,handover,gradient boosting,frequency,holdout70,corrupt,0.15,corrupt/0.15,B_intake_g_km,nagelkerke,0.4608750275224701,0.47921754686378737,0.018342519341317254
BPIC14,handover,gradient boosting,frequency,holdout70,corrupt,0.15,corrupt/0.15,B_intake_g_km,logloss_skill,0.4078134813413814,0.425642980595077,0.01782949925369559
BPIC14,handover,gradient boosting,frequency,rolling1,clean,1.0,clean/1.0,B_half,auc,0.677306032241993,0.8913679289221323,0.2140618966801393
BPIC14,handover,gradient boosting,frequency,rolling1,clean,1.0,clean/1.0,B_half,ap,0.9439280338230178,0.9854975097141249,0.041569475891107044
BPIC14,handover,gradient boosting,frequency,rolling1,clean,1.0,clean/1.0,B_half,brier_skill,0.03552574933575359,0.2869272300345339,0.2514014806987803
BPIC14,handover,gradient boosting,frequency,rolling1,clean,1.0,clean/1.0,B_half,nagelkerke,0.07395569329650632,0.407226196153888,0.3332705028573817
BPIC14,handover,gradient boosting,frequency,rolling1,clean,1.0,clean/1.0,B_half,logloss_skill,0.056310145654549615,0.3372430039940185,0.2809328583394689
BPIC14,handover,gradient boosting,frequency,rolling1,clean,1.0,clean/1.0,B_intake,auc,0.6786250017876143,0.8945257256071805,0.21590072381956615
BPIC14,handover,gradient boosting,frequency,rolling1,clean,1.0,clean/1.0,B_intake,ap,0.9444175747059547,0.9860199223683905,0.04160234766243587
BPIC14,handover,gradient boosting,frequency,rolling1,clean,1.0,clean/1.0,B_intake,brier_skill,0.036161794874094766,0.2892152833521917,0.25305348847809694
BPIC14,handover,gradient boosting,frequency,rolling1,clean,1.0,clean/1.0,B_intake,nagelkerke,0.07523462246958258,0.4118431399253081,0.3366085174557255
BPIC14,handover,gradient boosting,frequency,rolling1,clean,1.0,clean/1.0,B_intake,logloss_skill,0.05730115584399509,0.3414940224601519,0.28419286661615684
BPIC14,handover,gradient boosting,frequency,rolling1,clean,1.0,clean/1.0,B_intake_g,auc,0.8261111134731243,0.9118818187826675,0.08577070530954323
BPIC14,handover,gradient boosting,frequency,rolling1,clean,1.0,clean/1.0,B_intake_g,ap,0.9718372396252921,0.9875750917793891,0.015737852154096954
BPIC14,handover,gradient boosting,frequency,rolling1,clean,1.0,clean/1.0,B_intake_g,brier_skill,0.1672664940209333,0.3516163900610122,0.1843498960400789
BPIC14,handover,gradient boosting,frequency,rolling1,clean,1.0,clean/1.0,B_intake_g,nagelkerke,0.2706561382102913,0.46741913142633845,0.19676299321604718
BPIC14,handover,gradient boosting,frequency,rolling1,clean,1.0,clean/1.0,B_intake_g,logloss_skill,0.21624084675916022,0.3935500378642809,0.17730919110512067
BPIC14,handover,gradient boosting,frequency,rolling1,clean,1.0,clean/1.0,B_intake_g_km,auc,0.9168461689200915,0.9282954043429171,0.01144923542282561
BPIC14,handover,gradient boosting,frequency,rolling1,clean,1.0,clean/1.0,B_intake_g_km,ap,0.9872672134108071,0.9896383131447894,0.002371099733982307
BPIC14,handover,gradient boosting,frequency,rolling1,clean,1.0,clean/1.0,B_intake_g_km,brier_skill,0.3907298423504786,0.43374557555887083,0.04301573320839225
BPIC14,handover,gradient boosting,frequency,rolling1,clean,1.0,clean/1.0,B_intake_g_km,nagelkerke,0.5010643374212579,0.5369937964704236,0.03592945904916567
BPIC14,handover,gradient boosting,frequency,rolling1,clean,1.0,clean/1.0,B_intake_g_km,logloss_skill,0.42588738413326066,0.46113985018554915,0.03525246605228849
BPIC14,handover,gradient boosting,frequency,rolling1,mask_rare,0.5,mask_rare/0.5,B_half,auc,0.677306032241993,0.7260624903613764,0.04875645811938334
BPIC14,handover,gradient boosting,frequency,rolling1,mask_rare,0.5,mask_rare/0.5,B_half,ap,0.9439280338230178,0.937535747735143,-0.006392286087874788
BPIC14,handover,gradient boosting,frequency,rolling1,mask_rare,0.5,mask_rare/0.5,B_half,brier_skill,0.03552574933575359,0.1570088791310894,0.12148312979533582
BPIC14,handover,gradient boosting,frequency,rolling1,mask_rare,0.5,mask_rare/0.5,B_half,nagelkerke,0.07395569329650632,0.08070947680850732,0.0067537835120009965
BPIC14,handover,gradient boosting,frequency,rolling1,mask_rare,0.5,mask_rare/0.5,B_half,logloss_skill,0.056310145654549615,0.06155027249397749,0.005240126839427872
BPIC14,handover,gradient boosting,frequency,rolling1,mask_rare,0.5,mask_rare/0.5,B_intake,auc,0.6786250017876143,0.7262632829412887,0.04763828115367441
BPIC14,handover,gradient boosting,frequency,rolling1,mask_rare,0.5,mask_rare/0.5,B_intake,ap,0.9444175747059547,0.9353446374339612,-0.009072937271993431
BPIC14,handover,gradient boosting,frequency,rolling1,mask_rare,0.5,mask_rare/0.5,B_intake,brier_skill,0.036161794874094766,0.1574641045240841,0.12130230964998934
BPIC14,handover,gradient boosting,frequency,rolling1,mask_rare,0.5,mask_rare/0.5,B_intake,nagelkerke,0.07523462246958258,0.07285902727732665,-0.0023755951922559276
BPIC14,handover,gradient boosting,frequency,rolling1,mask_rare,0.5,mask_rare/0.5,B_intake,logloss_skill,0.05730115584399509,0.05546084377970151,-0.001840312064293581
BPIC14,handover,gradient boosting,frequency,rolling1,mask_rare,0.5,mask_rare/0.5,B_intake_g,auc,0.8261111134731243,0.8868155997475309,0.06070448627440661
BPIC14,handover,gradient boosting,frequency,rolling1,mask_rare,0.5,mask_rare/0.5,B_intake_g,ap,0.9718372396252921,0.9817079418218589,0.009870702196566827
BPIC14,handover,gradient boosting,frequency,rolling1,mask_rare,0.5,mask_rare/0.5,B_intake_g,brier_skill,0.1672664940209333,0.2813332780100186,0.11406678398908532
BPIC14,handover,gradient boosting,frequency,rolling1,mask_rare,0.5,mask_rare/0.5,B_intake_g,nagelkerke,0.2706561382102913,0.383379431036619,0.1127232928263277
BPIC14,handover,gradient boosting,frequency,rolling1,mask_rare,0.5,mask_rare/0.5,B_intake_g,logloss_skill,0.21624084675916022,0.3154601870497332,0.099219340290573
BPIC14,handover,gradient boosting,frequency,rolling1,mask_rare,0.5,mask_rare/0.5,B_intake_g_km,auc,0.9168461689200915,0.9070411522363345,-0.009805016683756995
BPIC14,handover,gradient boosting,frequency,rolling1,mask_rare,0.5,mask_rare/0.5,B_intake_g_km,ap,0.9872672134108071,0.9853236230443327,-0.0019435903664744014
BPIC14,handover,gradient boosting,frequency,rolling1,mask_rare,0.5,mask_rare/0.5,B_intake_g_km,brier_skill,0.3907298423504786,0.3617705722493094,-0.028959270101169166
BPIC14,handover,gradient boosting,frequency,rolling1,mask_rare,0.5,mask_rare/0.5,B_intake_g_km,nagelkerke,0.5010643374212579,0.4483859050218128,-0.052678432399445085
BPIC14,handover,gradient boosting,frequency,rolling1,mask_rare,0.5,mask_rare/0.5,B_intake_g_km,logloss_skill,0.42588738413326066,0.3755354488369048,-0.05035193529635584
BPIC14,handover,gradient boosting,frequency,rolling1,corrupt,0.15,corrupt/0.15,B_half,auc,0.677306032241993,0.8517126505509525,0.17440661830895943
BPIC14,handover,gradient boosting,frequency,rolling1,corrupt,0.15,corrupt/0.15,B_half,ap,0.9439280338230178,0.9790004886190001,0.03507245479598231
BPIC14,handover,gradient boosting,frequency,rolling1,corrupt,0.15,corrupt/0.15,B_half,brier_skill,0.03552574933575359,0.2350104518647097,0.19948470252895611
BPIC14,handover,gradient boosting,frequency,rolling1,corrupt,0.15,corrupt/0.15,B_half,nagelkerke,0.07395569329650632,0.329553683194017,0.2555979898975107
BPIC14,handover,gradient boosting,frequency,rolling1,corrupt,0.15,corrupt/0.15,B_half,logloss_skill,0.056310145654549615,0.26733242807461444,0.21102228242006482
BPIC14,handover,gradient boosting,frequency,rolling1,corrupt,0.15,corrupt/0.15,B_intake,auc,0.6786250017876143,0.8527602892186172,0.17413528743100293
BPIC14,handover,gradient boosting,frequency,rolling1,corrupt,0.15,corrupt/0.15,B_intake,ap,0.9444175747059547,0.9788377608873802,0.034420186181425505
BPIC14,handover,gradient boosting,frequency,rolling1,corrupt,0.15,corrupt/0.15,B_intake,brier_skill,0.036161794874094766,0.2358871778843198,0.19972538301022502
BPIC14,handover,gradient boosting,frequency,rolling1,corrupt,0.15,corrupt/0.15,B_intake,nagelkerke,0.07523462246958258,0.33059611938264133,0.25536149691305876
BPIC14,handover,gradient boosting,frequency,rolling1,corrupt,0.15,corrupt/0.15,B_intake,logloss_skill,0.05730115584399509,0.2682512115000969,0.2109500556561018
BPIC14,handover,gradient boosting,frequency,rolling1,corrupt,0.15,corrupt/0.15,B_intake_g,auc,0.8261111134731243,0.8914786643872811,0.0653675509141568
BPIC14,handover,gradient boosting,frequency,rolling1,corrupt,0.15,corrupt/0.15,B_intake_g,ap,0.9718372396252921,0.9847380204850287,0.01290078085973656
BPIC14,handover,gradient boosting,frequency,rolling1,corrupt,0.15,corrupt/0.15,B_intake_g,brier_skill,0.1672664940209333,0.31058424392508366,0.14331774990415036
BPIC14,handover,gradient boosting,frequency,rolling1,corrupt,0.15,corrupt/0.15,B_intake_g,nagelkerke,0.2706561382102913,0.41393701475221434,0.14328087654192306
BPIC14,handover,gradient boosting,frequency,rolling1,corrupt,0.15,corrupt/0.15,B_intake_g,logloss_skill,0.21624084675916022,0.3434255847317226,0.12718473797256236
BPIC14,handover,gradient boosting,frequency,rolling1,corrupt,0.15,corrupt/0.15,B_intake_g_km,auc,0.9168461689200915,0.9191343153552791,0.002288146435187599
BPIC14,handover,gradient boosting,frequency,rolling1,corrupt,0.15,corrupt/0.15,B_intake_g_km,ap,0.9872672134108071,0.9876007317737377,0.0003335183629306071
BPIC14,handover,gradient boosting,frequency,rolling1,corrupt,0.15,corrupt/0.15,B_intake_g_km,brier_skill,0.3907298423504786,0.40893887414107966,0.01820903179060107
BPIC14,handover,gradient boosting,frequency,rolling1,corrupt,0.15,corrupt/0.15,B_intake_g_km,nagelkerke,0.5010643374212579,0.5063999311785087,0.0053355937572507894
BPIC14,handover,gradient boosting,frequency,rolling1,corrupt,0.15,corrupt/0.15,B_intake_g_km,logloss_skill,0.42588738413326066,0.4310747236383822,0.005187339505121513
BPIC14,handover,gradient boosting,frequency,rolling2,clean,1.0,clean/1.0,B_half,auc,0.6689896778229589,0.8850549705163405,0.2160652926933816
BPIC14,handover,gradient boosting,frequency,rolling2,clean,1.0,clean/1.0,B_half,ap,0.9515126267472501,0.9879624351325466,0.036449808385296434
BPIC14,handover,gradient boosting,frequency,rolling2,clean,1.0,clean/1.0,B_half,brier_skill,0.02906787921306464,0.2526001711758964,0.22353229196283175
BPIC14,handover,gradient boosting,frequency,rolling2,clean,1.0,clean/1.0,B_half,nagelkerke,0.06297064114414254,0.37914223812959524,0.3161715969854527
BPIC14,handover,gradient boosting,frequency,rolling2,clean,1.0,clean/1.0,B_half,logloss_skill,0.049474553112065056,0.31971893275322893,0.2702443796411639
BPIC14,handover,gradient boosting,frequency,rolling2,clean,1.0,clean/1.0,B_intake,auc,0.6744614742988218,0.8891022833906786,0.2146408090918569
BPIC14,handover,gradient boosting,frequency,rolling2,clean,1.0,clean/1.0,B_intake,ap,0.9528493580971957,0.9885715497049722,0.035722191607776455
BPIC14,handover,gradient boosting,frequency,rolling2,clean,1.0,clean/1.0,B_intake,brier_skill,0.030172845246781987,0.25374301124857124,0.22357016600178925
BPIC14,handover,gradient boosting,frequency,rolling2,clean,1.0,clean/1.0,B_intake,nagelkerke,0.06635168570746006,0.3851207979201048,0.3187691122126447
BPIC14,handover,gradient boosting,frequency,rolling2,clean,1.0,clean/1.0,B_intake,logloss_skill,0.05216817453119316,0.3252228821350064,0.27305470760381323
BPIC14,handover,gradient boosting,frequency,rolling2,clean,1.0,clean/1.0,B_intake_g,auc,0.7962928208158112,0.8990706565182636,0.10277783570245236
BPIC14,handover,gradient boosting,frequency,rolling2,clean,1.0,clean/1.0,B_intake_g,ap,0.972581682933906,0.9884646434703197,0.015882960536413693
BPIC14,handover,gradient boosting,frequency,rolling2,clean,1.0,clean/1.0,B_intake_g,brier_skill,0.09120122113180784,0.29821823656692514,0.2070170154351173
BPIC14,handover,gradient boosting,frequency,rolling2,clean,1.0,clean/1.0,B_intake_g,nagelkerke,0.18857744835909168,0.413727385552209,0.22514993719311732
BPIC14,handover,gradient boosting,frequency,rolling2,clean,1.0,clean/1.0,B_intake_g,logloss_skill,0.15223112820057016,0.35178400310179214,0.19955287490122198
BPIC14,handover,gradient boosting,frequency,rolling2,clean,1.0,clean/1.0,B_intake_g_km,auc,0.8934118791922983,0.9185354325235463,0.02512355333124805
BPIC14,handover,gradient boosting,frequency,rolling2,clean,1.0,clean/1.0,B_intake_g_km,ap,0.9867470532720115,0.9901255952490364,0.003378541977024918
BPIC14,handover,gradient boosting,frequency,rolling2,clean,1.0,clean/1.0,B_intake_g_km,brier_skill,0.3387058384527891,0.38335483592494535,0.04464899747215623
BPIC14,handover,gradient boosting,frequency,rolling2,clean,1.0,clean/1.0,B_intake_g_km,nagelkerke,0.4314961819107362,0.4903751141258284,0.05887893221509222
BPIC14,handover,gradient boosting,frequency,rolling2,clean,1.0,clean/1.0,B_intake_g_km,logloss_skill,0.3684733467267176,0.42485944783727037,0.056386101110552755
BPIC14,handover,gradient boosting,frequency,rolling2,mask_rare,0.5,mask_rare/0.5,B_half,auc,0.6689896778229589,0.7568326787845087,0.08784300096154973
BPIC14,handover,gradient boosting,frequency,rolling2,mask_rare,0.5,mask_rare/0.5,B_half,ap,0.9515126267472501,0.9688855821349147,0.01737295538766459
BPIC14,handover,gradient boosting,frequency,rolling2,mask_rare,0.5,mask_rare/0.5,B_half,brier_skill,0.02906787921306464,0.1130501234797553,0.08398224426669065
BPIC14,handover,gradient boosting,frequency,rolling2,mask_rare,0.5,mask_rare/0.5,B_half,nagelkerke,0.06297064114414254,0.14744122051013275,0.08447057936599021
BPIC14,handover,gradient boosting,frequency,rolling2,mask_rare,0.5,mask_rare/0.5,B_half,logloss_skill,0.049474553112065056,0.1179556297930544,0.06848107668098935
BPIC14,handover,gradient boosting,frequency,rolling2,mask_rare,0.5,mask_rare/0.5,B_intake,auc,0.6744614742988218,0.7711011480670537,0.0966396737682319
BPIC14,handover,gradient boosting,frequency,rolling2,mask_rare,0.5,mask_rare/0.5,B_intake,ap,0.9528493580971957,0.9718890044299844,0.01903964633278865
BPIC14,handover,gradient boosting,frequency,rolling2,mask_rare,0.5,mask_rare/0.5,B_intake,brier_skill,0.030172845246781987,0.11790915713950556,0.08773631189272357
BPIC14,handover,gradient boosting,frequency,rolling2,mask_rare,0.5,mask_rare/0.5,B_intake,nagelkerke,0.06635168570746006,0.17970706575152517,0.11335538004406512
BPIC14,handover,gradient boosting,frequency,rolling2,mask_rare,0.5,mask_rare/0.5,B_intake,logloss_skill,0.05216817453119316,0.14478709199532824,0.09261891746413509
BPIC14,handover,gradient boosting,frequency,rolling2,mask_rare,0.5,mask_rare/0.5,B_intake_g,auc,0.7962928208158112,0.8166355031916496,0.02034268237583836
BPIC14,handover,gradient boosting,frequency,rolling2,mask_rare,0.5,mask_rare/0.5,B_intake_g,ap,0.972581682933906,0.9777423279307317,0.00516064499682567
BPIC14,handover,gradient boosting,frequency,rolling2,mask_rare,0.5,mask_rare/0.5,B_intake_g,brier_skill,0.09120122113180784,0.21144784226459035,0.1202466211327825
BPIC14,handover,gradient boosting,frequency,rolling2,mask_rare,0.5,mask_rare/0.5,B_intake_g,nagelkerke,0.18857744835909168,0.2667272292822479,0.07814978092315622
BPIC14,handover,gradient boosting,frequency,rolling2,mask_rare,0.5,mask_rare/0.5,B_intake_g,logloss_skill,0.15223112820057016,0.2191213270489869,0.06689019884841674
BPIC14,handover,gradient boosting,frequency,rolling2,mask_rare,0.5,mask_rare/0.5,B_intake_g_km,auc,0.8934118791922983,0.8892234618102619,-0.004188417382036347
BPIC14,handover,gradient boosting,frequency,rolling2,mask_rare,0.5,mask_rare/0.5,B_intake_g_km,ap,0.9867470532720115,0.9867836045643508,3.655129233925969e-05
BPIC14,handover,gradient boosting,frequency,rolling2,mask_rare,0.5,mask_rare/0.5,B_intake_g_km,brier_skill,0.3387058384527891,0.30452773701954716,-0.03417810143324196
BPIC14,handover,gradient boosting,frequency,rolling2,mask_rare,0.5,mask_rare/0.5,B_intake_g_km,nagelkerke,0.4314961819107362,0.4085388731616645,-0.022957308749071703
BPIC14,handover,gradient boosting,frequency,rolling2,mask_rare,0.5,mask_rare/0.5,B_intake_g_km,logloss_skill,0.3684733467267176,0.34693852645470336,-0.021534820272014255
BPIC14,handover,gradient boosting,frequency,rolling2,corrupt,0.15,corrupt/0.15,B_half,auc,0.6689896778229589,0.8322767872658395,0.1632871094428806
BPIC14,handover,gradient boosting,frequency,rolling2,corrupt,0.15,corrupt/0.15,B_half,ap,0.9515126267472501,0.9792620701219515,0.02774944337470142
BPIC14,handover,gradient boosting,frequency,rolling2,corrupt,0.15,corrupt/0.15,B_half,brier_skill,0.02906787921306464,0.20214086381793828,0.17307298460487364
BPIC14,handover,gradient boosting,frequency,rolling2,corrupt,0.15,corrupt/0.15,B_half,nagelkerke,0.06297064114414254,0.28669231388483246,0.22372167274068994
BPIC14,handover,gradient boosting,frequency,rolling2,corrupt,0.15,corrupt/0.15,B_half,logloss_skill,0.049474553112065056,0.23659877908623894,0.18712422597417389
BPIC14,handover,gradient boosting,frequency,rolling2,corrupt,0.15,corrupt/0.15,B_intake,auc,0.6744614742988218,0.8359049571936653,0.16144348289484356
BPIC14,handover,gradient boosting,frequency,rolling2,corrupt,0.15,corrupt/0.15,B_intake,ap,0.9528493580971957,0.9801286877536615,0.027279329656465734
BPIC14,handover,gradient boosting,frequency,rolling2,corrupt,0.15,corrupt/0.15,B_intake,brier_skill,0.030172845246781987,0.20500693593129704,0.17483409068451505
BPIC14,handover,gradient boosting,frequency,rolling2,corrupt,0.15,corrupt/0.15,B_intake,nagelkerke,0.06635168570746006,0.2934174141718539,0.22706572846439385
BPIC14,handover,gradient boosting,frequency,rolling2,corrupt,0.15,corrupt/0.15,B_intake,logloss_skill,0.05216817453119316,0.2425227341445716,0.19035455961337844
BPIC14,handover,gradient boosting,frequency,rolling2,corrupt,0.15,corrupt/0.15,B_intake_g,auc,0.7962928208158112,0.8565490795769181,0.06025625876110685
BPIC14,handover,gradient boosting,frequency,rolling2,corrupt,0.15,corrupt/0.15,B_intake_g,ap,0.972581682933906,0.9820040381149143,0.009422355181008313
BPIC14,handover,gradient boosting,frequency,rolling2,corrupt,0.15,corrupt/0.15,B_intake_g,brier_skill,0.09120122113180784,0.22958943638341345,0.1383882152516056
BPIC14,handover,gradient boosting,frequency,rolling2,corrupt,0.15,corrupt/0.15,B_intake_g,nagelkerke,0.18857744835909168,0.32384930687454566,0.13527185851545398
BPIC14,handover,gradient boosting,frequency,rolling2,corrupt,0.15,corrupt/0.15,B_intake_g,logloss_skill,0.15223112820057016,0.2695653392777466,0.11733421107717645
BPIC14,handover,gradient boosting,frequency,rolling2,corrupt,0.15,corrupt/0.15,B_intake_g_km,auc,0.8934118791922983,0.8975817606784138,0.004169881486115523
BPIC14,handover,gradient boosting,frequency,rolling2,corrupt,0.15,corrupt/0.15,B_intake_g_km,ap,0.9867470532720115,0.9867752807395832,2.8227467571695364e-05
BPIC14,handover,gradient boosting,frequency,rolling2,corrupt,0.15,corrupt/0.15,B_intake_g_km,brier_skill,0.3387058384527891,0.3393365034173986,0.0006306649646095064
BPIC14,handover,gradient boosting,frequency,rolling2,corrupt,0.15,corrupt/0.15,B_intake_g_km,nagelkerke,0.4314961819107362,0.4364351789088609,0.004938996998124723
BPIC14,handover,gradient boosting,frequency,rolling2,corrupt,0.15,corrupt/0.15,B_intake_g_km,logloss_skill,0.3684733467267176,0.3731387524794926,0.004665405752774965
BPIC14,duration,gradient boosting,frequency,holdout70,clean,1.0,clean/1.0,B_half,auc,0.6274272367237717,0.7496307571738605,0.12220352045008886
BPIC14,duration,gradient boosting,frequency,holdout70,clean,1.0,clean/1.0,B_half,ap,0.5232431460098337,0.6729439786168264,0.14970083260699274
BPIC14,duration,gradient boosting,frequency,holdout70,clean,1.0,clean/1.0,B_half,brier_skill,0.057498072170987236,0.18895185869483977,0.13145378652385253
BPIC14,duration,gradient boosting,frequency,holdout70,clean,1.0,clean/1.0,B_half,nagelkerke,0.07555288641602864,0.24711185411481193,0.1715589676987833
BPIC14,duration,gradient boosting,frequency,holdout70,clean,1.0,clean/1.0,B_half,logloss_skill,0.04207869305671408,0.1478596012025254,0.10578090814581131
BPIC14,duration,gradient boosting,frequency,holdout70,clean,1.0,clean/1.0,B_intake,auc,0.6300681553966622,0.7519923790638554,0.12192422366719324
BPIC14,duration,gradient boosting,frequency,holdout70,clean,1.0,clean/1.0,B_intake,ap,0.5287628685953512,0.675625945371849,0.1468630767764978
BPIC14,duration,gradient boosting,frequency,holdout70,clean,1.0,clean/1.0,B_intake,brier_skill,0.06083095004162242,0.19069441123471698,0.12986346119309455
BPIC14,duration,gradient boosting,frequency,holdout70,clean,1.0,clean/1.0,B_intake,nagelkerke,0.08001073367757616,0.24935555212472624,0.16934481844715008
BPIC14,duration,gradient boosting,frequency,holdout70,clean,1.0,clean/1.0,B_intake,logloss_skill,0.04463984677050603,0.14935115693406342,0.10471131016355739
BPIC14,duration,gradient boosting,frequency,holdout70,clean,1.0,clean/1.0,B_intake_g,auc,0.6672862833517338,0.7555012676476519,0.08821498429591812
BPIC14,duration,gradient boosting,frequency,holdout70,clean,1.0,clean/1.0,B_intake_g,ap,0.5719962467814055,0.6754082534183041,0.10341200663689865
BPIC14,duration,gradient boosting,frequency,holdout70,clean,1.0,clean/1.0,B_intake_g,brier_skill,0.10257025922295493,0.1973613151971978,0.09479105597424287
BPIC14,duration,gradient boosting,frequency,holdout70,clean,1.0,clean/1.0,B_intake_g,nagelkerke,0.132296436687198,0.2556170789853254,0.12332064229812736
BPIC14,duration,gradient boosting,frequency,holdout70,clean,1.0,clean/1.0,B_intake_g,logloss_skill,0.0753785135053433,0.15353005499545458,0.07815154149011128
BPIC14,duration,gradient boosting,frequency,holdout70,clean,1.0,clean/1.0,B_intake_g_km,auc,0.7550916504820924,0.7695253775350863,0.01443372705299395
BPIC14,duration,gradient boosting,frequency,holdout70,clean,1.0,clean/1.0,B_intake_g_km,ap,0.6946917416189372,0.6999329812485604,0.0052412396296231956
BPIC14,duration,gradient boosting,frequency,holdout70,clean,1.0,clean/1.0,B_intake_g_km,brier_skill,0.20269337642792706,0.22360925567599543,0.02091587924806837
BPIC14,duration,gradient boosting,frequency,holdout70,clean,1.0,clean/1.0,B_intake_g_km,nagelkerke,0.27449128272451667,0.30051315655809346,0.026021873833576792
BPIC14,duration,gradient boosting,frequency,holdout70,clean,1.0,clean/1.0,B_intake_g_km,logloss_skill,0.16627505166864398,0.18422420465692635,0.01794915298828237
BPIC14,duration,gradient boosting,frequency,holdout70,mask_rare,0.5,mask_rare/0.5,B_half,auc,0.6274272367237717,0.7268899078825425,0.09946267115877083
BPIC14,duration,gradient boosting,frequency,holdout70,mask_rare,0.5,mask_rare/0.5,B_half,ap,0.5232431460098337,0.6312788713594772,0.10803572534964356
BPIC14,duration,gradient boosting,frequency,holdout70,mask_rare,0.5,mask_rare/0.5,B_half,brier_skill,0.057498072170987236,0.1563071788836391,0.09880910671265186
BPIC14,duration,gradient boosting,frequency,holdout70,mask_rare,0.5,mask_rare/0.5,B_half,nagelkerke,0.07555288641602864,0.204983582499477,0.12943069608344837
BPIC14,duration,gradient boosting,frequency,holdout70,mask_rare,0.5,mask_rare/0.5,B_half,logloss_skill,0.04207869305671408,0.12041158740963831,0.07833289435292423
BPIC14,duration,gradient boosting,frequency,holdout70,mask_rare,0.5,mask_rare/0.5,B_intake,auc,0.6300681553966622,0.7308168793877698,0.10074872399110768
BPIC14,duration,gradient boosting,frequency,holdout70,mask_rare,0.5,mask_rare/0.5,B_intake,ap,0.5287628685953512,0.637124677127649,0.10836180853229782
BPIC14,duration,gradient boosting,frequency,holdout70,mask_rare,0.5,mask_rare/0.5,B_intake,brier_skill,0.06083095004162242,0.15851430021916635,0.09768335017754393
BPIC14,duration,gradient boosting,frequency,holdout70,mask_rare,0.5,mask_rare/0.5,B_intake,nagelkerke,0.08001073367757616,0.2075646133724168,0.12755387969484064
BPIC14,duration,gradient boosting,frequency,holdout70,mask_rare,0.5,mask_rare/0.5,B_intake,logloss_skill,0.04463984677050603,0.12206351569839602,0.07742366892788999
BPIC14,duration,gradient boosting,frequency,holdout70,mask_rare,0.5,mask_rare/0.5,B_intake_g,auc,0.6672862833517338,0.7324344658521926,0.06514818250045884
BPIC14,duration,gradient boosting,frequency,holdout70,mask_rare,0.5,mask_rare/0.5,B_intake_g,ap,0.5719962467814055,0.6444441241497094,0.07244787736830394
BPIC14,duration,gradient boosting,frequency,holdout70,mask_rare,0.5,mask_rare/0.5,B_intake_g,brier_skill,0.10257025922295493,0.1676040614775991,0.06503380225464417
BPIC14,duration,gradient boosting,frequency,holdout70,mask_rare,0.5,mask_rare/0.5,B_intake_g,nagelkerke,0.132296436687198,0.2181423004157903,0.08584586372859229
BPIC14,duration,gradient boosting,frequency,holdout70,mask_rare,0.5,mask_rare/0.5,B_intake_g,logloss_skill,0.0753785135053433,0.12887331670294566,0.05349480319760236
BPIC14,duration,gradient boosting,frequency,holdout70,mask_rare,0.5,mask_rare/0.5,B_intake_g_km,auc,0.7550916504820924,0.7631762592111604,0.008084608729068021
BPIC14,duration,gradient boosting,frequency,holdout70,mask_rare,0.5,mask_rare/0.5,B_intake_g_km,ap,0.6946917416189372,0.6951110329271672,0.0004192913082300409
BPIC14,duration,gradient boosting,frequency,holdout70,mask_rare,0.5,mask_rare/0.5,B_intake_g_km,brier_skill,0.20269337642792706,0.21559469297207923,0.012901316544152164
BPIC14,duration,gradient boosting,frequency,holdout70,mask_rare,0.5,mask_rare/0.5,B_intake_g_km,nagelkerke,0.27449128272451667,0.2910465978339844,0.016555315109467728
BPIC14,duration,gradient boosting,frequency,holdout70,mask_rare,0.5,mask_rare/0.5,B_intake_g_km,logloss_skill,0.16627505166864398,0.17764263915333622,0.011367587484692243
BPIC14,duration,gradient boosting,frequency,holdout70,corrupt,0.15,corrupt/0.15,B_half,auc,0.6274272367237717,0.7236093752247084,0.09618213850093671
BPIC14,duration,gradient boosting,frequency,holdout70,corrupt,0.15,corrupt/0.15,B_half,ap,0.5232431460098337,0.6440945613931266,0.12085141538329291
BPIC14,duration,gradient boosting,frequency,holdout70,corrupt,0.15,corrupt/0.15,B_half,brier_skill,0.057498072170987236,0.15381834855392806,0.09632027638294083
BPIC14,duration,gradient boosting,frequency,holdout70,corrupt,0.15,corrupt/0.15,B_half,nagelkerke,0.07555288641602864,0.2045533702423148,0.12900048382628615
BPIC14,duration,gradient boosting,frequency,holdout70,corrupt,0.15,corrupt/0.15,B_half,logloss_skill,0.04207869305671408,0.12013660760071365,0.07805791454399957
BPIC14,duration,gradient boosting,frequency,holdout70,corrupt,0.15,corrupt/0.15,B_intake,auc,0.6300681553966622,0.7240244794542584,0.09395632405759624
BPIC14,duration,gradient boosting,frequency,holdout70,corrupt,0.15,corrupt/0.15,B_intake,ap,0.5287628685953512,0.644706607759167,0.11594373916381584
BPIC14,duration,gradient boosting,frequency,holdout70,corrupt,0.15,corrupt/0.15,B_intake,brier_skill,0.06083095004162242,0.15572011413843878,0.09488916409681636
BPIC14,duration,gradient boosting,frequency,holdout70,corrupt,0.15,corrupt/0.15,B_intake,nagelkerke,0.08001073367757616,0.20679333155780202,0.12678259788022586
BPIC14,duration,gradient boosting,frequency,holdout70,corrupt,0.15,corrupt/0.15,B_intake,logloss_skill,0.04463984677050603,0.12156947841042176,0.07692963163991573
BPIC14,duration,gradient boosting,frequency,holdout70,corrupt,0.15,corrupt/0.15,B_intake_g,auc,0.6672862833517338,0.7326125289173498,0.06532624556561606
BPIC14,duration,gradient boosting,frequency,holdout70,corrupt,0.15,corrupt/0.15,B_intake_g,ap,0.5719962467814055,0.6559775254706733,0.08398127868926786
BPIC14,duration,gradient boosting,frequency,holdout70,corrupt,0.15,corrupt/0.15,B_intake_g,brier_skill,0.10257025922295493,0.16728669090330617,0.06471643168035124
BPIC14,duration,gradient boosting,frequency,holdout70,corrupt,0.15,corrupt/0.15,B_intake_g,nagelkerke,0.132296436687198,0.21978576806459835,0.08748933137740034
BPIC14,duration,gradient boosting,frequency,holdout70,corrupt,0.15,corrupt/0.15,B_intake_g,logloss_skill,0.0753785135053433,0.12993715750441026,0.05455864399906696
BPIC14,duration,gradient boosting,frequency,holdout70,corrupt,0.15,corrupt/0.15,B_intake_g_km,auc,0.7550916504820924,0.7582610413523537,0.003169390870261357
BPIC14,duration,gradient boosting,frequency,holdout70,corrupt,0.15,corrupt/0.15,B_intake_g_km,ap,0.6946917416189372,0.6870473896803713,-0.007644351938565941
BPIC14,duration,gradient boosting,frequency,holdout70,corrupt,0.15,corrupt/0.15,B_intake_g_km,brier_skill,0.20269337642792706,0.2078324793818973,0.005139102953970243
BPIC14,duration,gradient boosting,frequency,holdout70,corrupt,0.15,corrupt/0.15,B_intake_g_km,nagelkerke,0.27449128272451667,0.2809627070426199,0.006471424318103214
BPIC14,duration,gradient boosting,frequency,holdout70,corrupt,0.15,corrupt/0.15,B_intake_g_km,logloss_skill,0.16627505166864398,0.17069730676132888,0.004422255092684901
BPIC14,duration,gradient boosting,frequency,rolling1,clean,1.0,clean/1.0,B_half,auc,0.62432664756447,0.7420476233115023,0.11772097574703233
BPIC14,duration,gradient boosting,frequency,rolling1,clean,1.0,clean/1.0,B_half,ap,0.5870058663153723,0.7213278013185684,0.1343219350031961
BPIC14,duration,gradient boosting,frequency,rolling1,clean,1.0,clean/1.0,B_half,brier_skill,0.053089539929058405,0.18336674191716862,0.13027720198811021
BPIC14,duration,gradient boosting,frequency,rolling1,clean,1.0,clean/1.0,B_half,nagelkerke,0.07042520837705804,0.24143315637248797,0.17100794799542993
BPIC14,duration,gradient boosting,frequency,rolling1,clean,1.0,clean/1.0,B_half,logloss_skill,0.0391126109029587,0.1439910870265475,0.1048784761235888
BPIC14,duration,gradient boosting,frequency,rolling1,clean,1.0,clean/1.0,B_intake,auc,0.6286974263200983,0.7418665575112566,0.11316913119115835
BPIC14,duration,gradient boosting,frequency,rolling1,clean,1.0,clean/1.0,B_intake,ap,0.5940882393019139,0.7228056028544808,0.1287173635525669
BPIC14,duration,gradient boosting,frequency,rolling1,clean,1.0,clean/1.0,B_intake,brier_skill,0.055570209082234756,0.18241417887581046,0.1268439697935757
BPIC14,duration,gradient boosting,frequency,rolling1,clean,1.0,clean/1.0,B_intake,nagelkerke,0.07367363087488009,0.2402751541519844,0.1666015232771043
BPIC14,duration,gradient boosting,frequency,rolling1,clean,1.0,clean/1.0,B_intake,logloss_skill,0.04096898756064882,0.1432269832306845,0.10225799567003568
BPIC14,duration,gradient boosting,frequency,rolling1,clean,1.0,clean/1.0,B_intake_g,auc,0.6820268368808842,0.7457595041956611,0.06373266731477689
BPIC14,duration,gradient boosting,frequency,rolling1,clean,1.0,clean/1.0,B_intake_g,ap,0.6554062990127237,0.7245400413038485,0.06913374229112479
BPIC14,duration,gradient boosting,frequency,rolling1,clean,1.0,clean/1.0,B_intake_g,brier_skill,0.10486182415231593,0.18578722822603866,0.08092540407372273
BPIC14,duration,gradient boosting,frequency,rolling1,clean,1.0,clean/1.0,B_intake_g,nagelkerke,0.13805092187769713,0.24185613271923942,0.10380521084154229
BPIC14,duration,gradient boosting,frequency,rolling1,clean,1.0,clean/1.0,B_intake_g,logloss_skill,0.07878156392747782,0.1442703887652962,0.06548882483781837
BPIC14,duration,gradient boosting,frequency,rolling1,clean,1.0,clean/1.0,B_intake_g_km,auc,0.7449112899099468,0.7685731554441261,0.02366186553417926
BPIC14,duration,gradient boosting,frequency,rolling1,clean,1.0,clean/1.0,B_intake_g_km,ap,0.7360242196740892,0.7506838492133862,0.014659629539297003
BPIC14,duration,gradient boosting,frequency,rolling1,clean,1.0,clean/1.0,B_intake_g_km,brier_skill,0.19064429410719896,0.22389033505376277,0.033246040946563804
BPIC14,duration,gradient boosting,frequency,rolling1,clean,1.0,clean/1.0,B_intake_g_km,nagelkerke,0.25866733565387034,0.2963075384827779,0.037640202828907565
BPIC14,duration,gradient boosting,frequency,rolling1,clean,1.0,clean/1.0,B_intake_g_km,logloss_skill,0.15545986319732064,0.18116184001801394,0.025701976820693306
BPIC14,duration,gradient boosting,frequency,rolling1,mask_rare,0.5,mask_rare/0.5,B_half,auc,0.62432664756447,0.7211323168235775,0.0968056692591075
BPIC14,duration,gradient boosting,frequency,rolling1,mask_rare,0.5,mask_rare/0.5,B_half,ap,0.5870058663153723,0.6714124947346638,0.08440662841929147
BPIC14,duration,gradient boosting,frequency,rolling1,mask_rare,0.5,mask_rare/0.5,B_half,brier_skill,0.053089539929058405,0.14775344379193767,0.09466390386287926
BPIC14,duration,gradient boosting,frequency,rolling1,mask_rare,0.5,mask_rare/0.5,B_half,nagelkerke,0.07042520837705804,0.1691713862641827,0.09874617788712467
BPIC14,duration,gradient boosting,frequency,rolling1,mask_rare,0.5,mask_rare/0.5,B_half,logloss_skill,0.0391126109029587,0.0977976037226641,0.058684992819705406
BPIC14,duration,gradient boosting,frequency,rolling1,mask_rare,0.5,mask_rare/0.5,B_intake,auc,0.6286974263200983,0.7224998720835039,0.09380244576340557
BPIC14,duration,gradient boosting,frequency,rolling1,mask_rare,0.5,mask_rare/0.5,B_intake,ap,0.5940882393019139,0.674287951851544,0.0801997125496301
BPIC14,duration,gradient boosting,frequency,rolling1,mask_rare,0.5,mask_rare/0.5,B_intake,brier_skill,0.055570209082234756,0.1479433790978545,0.09237317001561973
BPIC14,duration,gradient boosting,frequency,rolling1,mask_rare,0.5,mask_rare/0.5,B_intake,nagelkerke,0.07367363087488009,0.17040958167709983,0.09673595080221974
BPIC14,duration,gradient boosting,frequency,rolling1,mask_rare,0.5,mask_rare/0.5,B_intake,logloss_skill,0.04096898756064882,0.09856468286946662,0.05759569530881781
BPIC14,duration,gradient boosting,frequency,rolling1,mask_rare,0.5,mask_rare/0.5,B_intake_g,auc,0.6820268368808842,0.7290734368604175,0.04704659997953331
BPIC14,duration,gradient boosting,frequency,rolling1,mask_rare,0.5,mask_rare/0.5,B_intake_g,ap,0.6554062990127237,0.6975490695002295,0.04214277048750581
BPIC14,duration,gradient boosting,frequency,rolling1,mask_rare,0.5,mask_rare/0.5,B_intake_g,brier_skill,0.10486182415231593,0.16053823596064098,0.055676411808325055
BPIC14,duration,gradient boosting,frequency,rolling1,mask_rare,0.5,mask_rare/0.5,B_intake_g,nagelkerke,0.13805092187769713,0.20532435713112268,0.06727343525342555
BPIC14,duration,gradient boosting,frequency,rolling1,mask_rare,0.5,mask_rare/0.5,B_intake_g,logloss_skill,0.07878156392747782,0.12053819333134996,0.04175662940387215
BPIC14,duration,gradient boosting,frequency,rolling1,mask_rare,0.5,mask_rare/0.5,B_intake_g_km,auc,0.7449112899099468,0.7580275276299633,0.013116237720016466
BPIC14,duration,gradient boosting,frequency,rolling1,mask_rare,0.5,mask_rare/0.5,B_intake_g_km,ap,0.7360242196740892,0.7355590868800908,-0.0004651327939984018
BPIC14,duration,gradient boosting,frequency,rolling1,mask_rare,0.5,mask_rare/0.5,B_intake_g_km,brier_skill,0.19064429410719896,0.20656610029181988,0.015921806184620912
BPIC14,duration,gradient boosting,frequency,rolling1,mask_rare,0.5,mask_rare/0.5,B_intake_g_km,nagelkerke,0.25866733565387034,0.2726310678332258,0.013963732179355481
BPIC14,duration,gradient boosting,frequency,rolling1,mask_rare,0.5,mask_rare/0.5,B_intake_g_km,logloss_skill,0.15545986319732064,0.16488808245064157,0.009428219253320935
BPIC14,duration,gradient boosting,frequency,rolling1,corrupt,0.15,corrupt/0.15,B_half,auc,0.62432664756447,0.720120625255833,0.095793977691363
BPIC14,duration,gradient boosting,frequency,rolling1,corrupt,0.15,corrupt/0.15,B_half,ap,0.5870058663153723,0.695776708021618,0.10877084170624562
BPIC14,duration,gradient boosting,frequency,rolling1,corrupt,0.15,corrupt/0.15,B_half,brier_skill,0.053089539929058405,0.15459807934982372,0.10150853942076532
BPIC14,duration,gradient boosting,frequency,rolling1,corrupt,0.15,corrupt/0.15,B_half,nagelkerke,0.07042520837705804,0.20533558070047966,0.13491037232342162
BPIC14,duration,gradient boosting,frequency,rolling1,corrupt,0.15,corrupt/0.15,B_half,logloss_skill,0.0391126109029587,0.12054536573879748,0.08143275483583878
BPIC14,duration,gradient boosting,frequency,rolling1,corrupt,0.15,corrupt/0.15,B_intake,auc,0.6286974263200983,0.7228167852026197,0.09411935888252143
BPIC14,duration,gradient boosting,frequency,rolling1,corrupt,0.15,corrupt/0.15,B_intake,ap,0.5940882393019139,0.6977421172211606,0.10365387791924674
BPIC14,duration,gradient boosting,frequency,rolling1,corrupt,0.15,corrupt/0.15,B_intake,brier_skill,0.055570209082234756,0.1581378450674098,0.10256763598517504
BPIC14,duration,gradient boosting,frequency,rolling1,corrupt,0.15,corrupt/0.15,B_intake,nagelkerke,0.07367363087488009,0.209672143688332,0.13599851281345193
BPIC14,duration,gradient boosting,frequency,rolling1,corrupt,0.15,corrupt/0.15,B_intake,logloss_skill,0.04096898756064882,0.12332199971653823,0.08235301215588942
BPIC14,duration,gradient boosting,frequency,rolling1,corrupt,0.15,corrupt/0.15,B_intake_g,auc,0.6820268368808842,0.7293160304952926,0.04728919361440842
BPIC14,duration,gradient boosting,frequency,rolling1,corrupt,0.15,corrupt/0.15,B_intake_g,ap,0.6554062990127237,0.710731444512245,0.05532514549952128
BPIC14,duration,gradient boosting,frequency,rolling1,corrupt,0.15,corrupt/0.15,B_intake_g,brier_skill,0.10486182415231593,0.16449546758681022,0.05963364343449429
BPIC14,duration,gradient boosting,frequency,rolling1,corrupt,0.15,corrupt/0.15,B_intake_g,nagelkerke,0.13805092187769713,0.21535798808124632,0.07730706620354919
BPIC14,duration,gradient boosting,frequency,rolling1,corrupt,0.15,corrupt/0.15,B_intake_g,logloss_skill,0.07878156392747782,0.12697885159759514,0.04819728767011733
BPIC14,duration,gradient boosting,frequency,rolling1,corrupt,0.15,corrupt/0.15,B_intake_g_km,auc,0.7449112899099468,0.7610308790421612,0.01611958913221434
BPIC14,duration,gradient boosting,frequency,rolling1,corrupt,0.15,corrupt/0.15,B_intake_g_km,ap,0.7360242196740892,0.7431923973986334,0.007168177724544256
BPIC14,duration,gradient boosting,frequency,rolling1,corrupt,0.15,corrupt/0.15,B_intake_g_km,brier_skill,0.19064429410719896,0.21383756489842642,0.02319327079122746
BPIC14,duration,gradient boosting,frequency,rolling1,corrupt,0.15,corrupt/0.15,B_intake_g_km,nagelkerke,0.25866733565387034,0.2842525079587793,0.025585172304908976
BPIC14,duration,gradient boosting,frequency,rolling1,corrupt,0.15,corrupt/0.15,B_intake_g_km,logloss_skill,0.15545986319732064,0.1728300098553378,0.01737014665801717
BPIC14,duration,gradient boosting,frequency,rolling2,clean,1.0,clean/1.0,B_half,auc,0.6326197600677981,0.7697494856264964,0.1371297255586983
BPIC14,duration,gradient boosting,frequency,rolling2,clean,1.0,clean/1.0,B_half,ap,0.5514629320787902,0.712486082539634,0.1610231504608438
BPIC14,duration,gradient boosting,frequency,rolling2,clean,1.0,clean/1.0,B_half,brier_skill,0.058627499589440024,0.22494443915117435,0.16631693956173432
BPIC14,duration,gradient boosting,frequency,rolling2,clean,1.0,clean/1.0,B_half,nagelkerke,0.07742879657482407,0.28553978204311153,0.20811098546828746
BPIC14,duration,gradient boosting,frequency,rolling2,clean,1.0,clean/1.0,B_half,logloss_skill,0.04303668271740502,0.17340561579234093,0.1303689330749359
BPIC14,duration,gradient boosting,frequency,rolling2,clean,1.0,clean/1.0,B_intake,auc,0.6357083225910212,0.7686742441292163,0.1329659215381951
BPIC14,duration,gradient boosting,frequency,rolling2,clean,1.0,clean/1.0,B_intake,ap,0.5564700827990621,0.7140822817757675,0.15761219897670542
BPIC14,duration,gradient boosting,frequency,rolling2,clean,1.0,clean/1.0,B_intake,brier_skill,0.0610862161593555,0.223658217252533,0.1625720010931775
BPIC14,duration,gradient boosting,frequency,rolling2,clean,1.0,clean/1.0,B_intake,nagelkerke,0.08064216289485844,0.28550151851167543,0.204859355616817
BPIC14,duration,gradient boosting,frequency,rolling2,clean,1.0,clean/1.0,B_intake,logloss_skill,0.044879756421821404,0.17337933098956437,0.12849957456774297
BPIC14,duration,gradient boosting,frequency,rolling2,clean,1.0,clean/1.0,B_intake_g,auc,0.6768820627612413,0.7657568277577133,0.08887476499647196
BPIC14,duration,gradient boosting,frequency,rolling2,clean,1.0,clean/1.0,B_intake_g,ap,0.602318324087277,0.7154844565565683,0.1131661324692913
BPIC14,duration,gradient boosting,frequency,rolling2,clean,1.0,clean/1.0,B_intake_g,brier_skill,0.09463420316241555,0.2097242983305211,0.11509009516810553
BPIC14,duration,gradient boosting,frequency,rolling2,clean,1.0,clean/1.0,B_intake_g,nagelkerke,0.12146732526165266,0.2709064219079713,0.14943909664631866
BPIC14,duration,gradient boosting,frequency,rolling2,clean,1.0,clean/1.0,B_intake_g,logloss_skill,0.06871731876337417,0.16342293252469042,0.09470561376131625
BPIC14,duration,gradient boosting,frequency,rolling2,clean,1.0,clean/1.0,B_intake_g_km,auc,0.7669282180538683,0.7920102218232107,0.02508200376934233
BPIC14,duration,gradient boosting,frequency,rolling2,clean,1.0,clean/1.0,B_intake_g_km,ap,0.721540092743769,0.7398930528018166,0.01835296005804765
BPIC14,duration,gradient boosting,frequency,rolling2,clean,1.0,clean/1.0,B_intake_g_km,brier_skill,0.2141727105211989,0.254786007483746,0.04061329696254712
BPIC14,duration,gradient boosting,frequency,rolling2,clean,1.0,clean/1.0,B_intake_g_km,nagelkerke,0.29007573018818295,0.33367624603091994,0.043600515842737
BPIC14,duration,gradient boosting,frequency,rolling2,clean,1.0,clean/1.0,B_intake_g_km,logloss_skill,0.17652838838094287,0.20725931412566445,0.030730925744721582
BPIC14,duration,gradient boosting,frequency,rolling2,mask_rare,0.5,mask_rare/0.5,B_half,auc,0.6326197600677981,0.7333926648590778,0.10077290479127976
BPIC14,duration,gradient boosting,frequency,rolling2,mask_rare,0.5,mask_rare/0.5,B_half,ap,0.5514629320787902,0.6710142273361367,0.11955129525734653
BPIC14,duration,gradient boosting,frequency,rolling2,mask_rare,0.5,mask_rare/0.5,B_half,brier_skill,0.058627499589440024,0.17522920251698304,0.11660170292754302
BPIC14,duration,gradient boosting,frequency,rolling2,mask_rare,0.5,mask_rare/0.5,B_half,nagelkerke,0.07742879657482407,0.22857117243987576,0.1511423758650517
BPIC14,duration,gradient boosting,frequency,rolling2,mask_rare,0.5,mask_rare/0.5,B_half,logloss_skill,0.04303668271740502,0.13530068671538154,0.09226400399797652
BPIC14,duration,gradient boosting,frequency,rolling2,mask_rare,0.5,mask_rare/0.5,B_intake,auc,0.6357083225910212,0.7337025206461975,0.09799419805517628
BPIC14,duration,gradient boosting,frequency,rolling2,mask_rare,0.5,mask_rare/0.5,B_intake,ap,0.5564700827990621,0.6709943567826008,0.1145242739835387
BPIC14,duration,gradient boosting,frequency,rolling2,mask_rare,0.5,mask_rare/0.5,B_intake,brier_skill,0.0610862161593555,0.17485549554849833,0.11376927938914283
BPIC14,duration,gradient boosting,frequency,rolling2,mask_rare,0.5,mask_rare/0.5,B_intake,nagelkerke,0.08064216289485844,0.228544030143694,0.14790186724883558
BPIC14,duration,gradient boosting,frequency,rolling2,mask_rare,0.5,mask_rare/0.5,B_intake,logloss_skill,0.044879756421821404,0.1352830057190081,0.09040324929718668
BPIC14,duration,gradient boosting,frequency,rolling2,mask_rare,0.5,mask_rare/0.5,B_intake_g,auc,0.6768820627612413,0.7207195309228338,0.04383746816159251
BPIC14,duration,gradient boosting,frequency,rolling2,mask_rare,0.5,mask_rare/0.5,B_intake_g,ap,0.602318324087277,0.6640347635377668,0.06171643945048977
BPIC14,duration,gradient boosting,frequency,rolling2,mask_rare,0.5,mask_rare/0.5,B_intake_g,brier_skill,0.09463420316241555,0.1458506830259606,0.05121647986354505
BPIC14,duration,gradient boosting,frequency,rolling2,mask_rare,0.5,mask_rare/0.5,B_intake_g,nagelkerke,0.12146732526165266,0.18969248487071386,0.0682251596090612
BPIC14,duration,gradient boosting,frequency,rolling2,mask_rare,0.5,mask_rare/0.5,B_intake_g,logloss_skill,0.06871731876337417,0.1104107779731236,0.04169345920974943
BPIC14,duration,gradient boosting,frequency,rolling2,mask_rare,0.5,mask_rare/0.5,B_intake_g_km,auc,0.7669282180538683,0.7739476607467983,0.007019442692929978
BPIC14,duration,gradient boosting,frequency,rolling2,mask_rare,0.5,mask_rare/0.5,B_intake_g_km,ap,0.721540092743769,0.7149464513841786,-0.006593641359590396
BPIC14,duration,gradient boosting,frequency,rolling2,mask_rare,0.5,mask_rare/0.5,B_intake_g_km,brier_skill,0.2141727105211989,0.22655950487955345,0.012386794358354547
BPIC14,duration,gradient boosting,frequency,rolling2,mask_rare,0.5,mask_rare/0.5,B_intake_g_km,nagelkerke,0.29007573018818295,0.29784822624293233,0.007772496054749389
BPIC14,duration,gradient boosting,frequency,rolling2,mask_rare,0.5,mask_rare/0.5,B_intake_g_km,logloss_skill,0.17652838838094287,0.18191116062484836,0.005382772243905487
BPIC14,duration,gradient boosting,frequency,rolling2,corrupt,0.15,corrupt/0.15,B_half,auc,0.6326197600677981,0.745720798075012,0.11310103800721394
BPIC14,duration,gradient boosting,frequency,rolling2,corrupt,0.15,corrupt/0.15,B_half,ap,0.5514629320787902,0.6906268431787548,0.13916391109996462
BPIC14,duration,gradient boosting,frequency,rolling2,corrupt,0.15,corrupt/0.15,B_half,brier_skill,0.058627499589440024,0.18412112255228652,0.1254936229628465
BPIC14,duration,gradient boosting,frequency,rolling2,corrupt,0.15,corrupt/0.15,B_half,nagelkerke,0.07742879657482407,0.23875583150855678,0.1613270349337327
BPIC14,duration,gradient boosting,frequency,rolling2,corrupt,0.15,corrupt/0.15,B_half,logloss_skill,0.04303668271740502,0.1419661060971681,0.09892942337976307
BPIC14,duration,gradient boosting,frequency,rolling2,corrupt,0.15,corrupt/0.15,B_intake,auc,0.6357083225910212,0.7449569600316344,0.1092486374406132
BPIC14,duration,gradient boosting,frequency,rolling2,corrupt,0.15,corrupt/0.15,B_intake,ap,0.5564700827990621,0.6893740283763815,0.13290394557731944
BPIC14,duration,gradient boosting,frequency,rolling2,corrupt,0.15,corrupt/0.15,B_intake,brier_skill,0.0610862161593555,0.18401360645109588,0.12292739029174038
BPIC14,duration,gradient boosting,frequency,rolling2,corrupt,0.15,corrupt/0.15,B_intake,nagelkerke,0.08064216289485844,0.23813129339324382,0.15748913049838537
BPIC14,duration,gradient boosting,frequency,rolling2,corrupt,0.15,corrupt/0.15,B_intake,logloss_skill,0.044879756421821404,0.14155558611179286,0.09667582968997146
BPIC14,duration,gradient boosting,frequency,rolling2,corrupt,0.15,corrupt/0.15,B_intake_g,auc,0.6768820627612413,0.7458976190049353,0.06901555624369404
BPIC14,duration,gradient boosting,frequency,rolling2,corrupt,0.15,corrupt/0.15,B_intake_g,ap,0.602318324087277,0.690525293115519,0.08820696902824199
BPIC14,duration,gradient boosting,frequency,rolling2,corrupt,0.15,corrupt/0.15,B_intake_g,brier_skill,0.09463420316241555,0.17691476265150052,0.08228055948908497
BPIC14,duration,gradient boosting,frequency,rolling2,corrupt,0.15,corrupt/0.15,B_intake_g,nagelkerke,0.12146732526165266,0.2284316018784637,0.10696427661681104
BPIC14,duration,gradient boosting,frequency,rolling2,corrupt,0.15,corrupt/0.15,B_intake_g,logloss_skill,0.06871731876337417,0.13520977249610933,0.06649245373273516
BPIC14,duration,gradient boosting,frequency,rolling2,corrupt,0.15,corrupt/0.15,B_intake_g_km,auc,0.7669282180538683,0.777019908282687,0.010091690228818617
BPIC14,duration,gradient boosting,frequency,rolling2,corrupt,0.15,corrupt/0.15,B_intake_g_km,ap,0.721540092743769,0.7229699700393655,0.0014298772955965156
BPIC14,duration,gradient boosting,frequency,rolling2,corrupt,0.15,corrupt/0.15,B_intake_g_km,brier_skill,0.2141727105211989,0.22932993048526706,0.015157219964068158
BPIC14,duration,gradient boosting,frequency,rolling2,corrupt,0.15,corrupt/0.15,B_intake_g_km,nagelkerke,0.29007573018818295,0.3039912783238,0.013915548135617073
BPIC14,duration,gradient boosting,frequency,rolling2,corrupt,0.15,corrupt/0.15,B_intake_g_km,logloss_skill,0.17652838838094287,0.18619422969798816,0.009665841317045287
BPIC14,handover,gradient boosting,one-hot,holdout70,clean,1.0,clean/1.0,B_half,auc,0.6276248941073088,0.8993084970191998,0.271683602911891
BPIC14,handover,gradient boosting,one-hot,holdout70,clean,1.0,clean/1.0,B_half,ap,0.959622342482241,0.9921447286844359,0.03252238620219494
BPIC14,handover,gradient boosting,one-hot,holdout70,clean,1.0,clean/1.0,B_half,brier_skill,0.017178881859294504,0.2888302255643076,0.2716513437050131
BPIC14,handover,gradient boosting,one-hot,holdout70,clean,1.0,clean/1.0,B_half,nagelkerke,0.04900445196438601,0.41631807336889676,0.36731362140451074
BPIC14,handover,gradient boosting,one-hot,holdout70,clean,1.0,clean/1.0,B_half,logloss_skill,0.040079235330265695,0.365070478601639,0.3249912432713733
BPIC14,handover,gradient boosting,one-hot,holdout70,clean,1.0,clean/1.0,B_intake,auc,0.628405655143856,0.903088925363038,0.27468327021918193
BPIC14,handover,gradient boosting,one-hot,holdout70,clean,1.0,clean/1.0,B_intake,ap,0.960137446623369,0.9925992729835637,0.03246182636019468
BPIC14,handover,gradient boosting,one-hot,holdout70,clean,1.0,clean/1.0,B_intake,brier_skill,0.01702966602795164,0.284555864028035,0.26752619800008337
BPIC14,handover,gradient boosting,one-hot,holdout70,clean,1.0,clean/1.0,B_intake,nagelkerke,0.049671195642899325,0.41831612717590033,0.368644931533001
BPIC14,handover,gradient boosting,one-hot,holdout70,clean,1.0,clean/1.0,B_intake,logloss_skill,0.04062939492104656,0.3669702544750004,0.32634085955395387
BPIC14,handover,gradient boosting,one-hot,holdout70,clean,1.0,clean/1.0,B_intake_g,auc,0.7698215905714413,0.9131825139557084,0.1433609233842671
BPIC14,handover,gradient boosting,one-hot,holdout70,clean,1.0,clean/1.0,B_intake_g,ap,0.976311700385247,0.9932178683937027,0.01690616800845579
BPIC14,handover,gradient boosting,one-hot,holdout70,clean,1.0,clean/1.0,B_intake_g,brier_skill,0.09103278383593671,0.31406124140850655,0.22302845757256984
BPIC14,handover,gradient boosting,one-hot,holdout70,clean,1.0,clean/1.0,B_intake_g,nagelkerke,0.18127393993800092,0.4490142232980519,0.26774028336005096
BPIC14,handover,gradient boosting,one-hot,holdout70,clean,1.0,clean/1.0,B_intake_g,logloss_skill,0.15188461378104723,0.39635764448826005,0.24447303070721282
BPIC14,handover,gradient boosting,one-hot,holdout70,clean,1.0,clean/1.0,B_intake_g_km,auc,0.9148642518918441,0.9213633664234822,0.006499114531638095
BPIC14,handover,gradient boosting,one-hot,holdout70,clean,1.0,clean/1.0,B_intake_g_km,ap,0.9933577070208144,0.9939766380002542,0.000618930979439769
BPIC14,handover,gradient boosting,one-hot,holdout70,clean,1.0,clean/1.0,B_intake_g_km,brier_skill,0.38185447887367885,0.3848353715824443,0.002980892708765448
BPIC14,handover,gradient boosting,one-hot,holdout70,clean,1.0,clean/1.0,B_intake_g_km,nagelkerke,0.49262829071180814,0.5008532534216166,0.008224962709808437
BPIC14,handover,gradient boosting,one-hot,holdout70,clean,1.0,clean/1.0,B_intake_g_km,logloss_skill,0.43876677154329446,0.44685299167114956,0.008086220127855093
BPIC14,handover,gradient boosting,one-hot,holdout70,mask_rare,0.5,mask_rare/0.5,B_half,auc,0.6276248941073088,0.8059632994898184,0.17833840538250956
BPIC14,handover,gradient boosting,one-hot,holdout70,mask_rare,0.5,mask_rare/0.5,B_half,ap,0.959622342482241,0.983161806230687,0.023539463748446066
BPIC14,handover,gradient boosting,one-hot,holdout70,mask_rare,0.5,mask_rare/0.5,B_half,brier_skill,0.017178881859294504,0.15750572726096912,0.14032684540167462
BPIC14,handover,gradient boosting,one-hot,holdout70,mask_rare,0.5,mask_rare/0.5,B_half,nagelkerke,0.04900445196438601,0.25082004198102864,0.20181559001664262
BPIC14,handover,gradient boosting,one-hot,holdout70,mask_rare,0.5,mask_rare/0.5,B_half,logloss_skill,0.040079235330265695,0.2129287619177347,0.172849526587469
BPIC14,handover,gradient boosting,one-hot,holdout70,mask_rare,0.5,mask_rare/0.5,B_intake,auc,0.628405655143856,0.7708885187034942,0.14248286355963813
BPIC14,handover,gradient boosting,one-hot,holdout70,mask_rare,0.5,mask_rare/0.5,B_intake,ap,0.960137446623369,0.9801280274785045,0.019990580855135498
BPIC14,handover,gradient boosting,one-hot,holdout70,mask_rare,0.5,mask_rare/0.5,B_intake,brier_skill,0.01702966602795164,0.14675099351304655,0.1297213274850949
BPIC14,handover,gradient boosting,one-hot,holdout70,mask_rare,0.5,mask_rare/0.5,B_intake,nagelkerke,0.049671195642899325,0.2113318737041504,0.1616606780612511
BPIC14,handover,gradient boosting,one-hot,holdout70,mask_rare,0.5,mask_rare/0.5,B_intake,logloss_skill,0.04062939492104656,0.1780692043213128,0.13743980940026623
BPIC14,handover,gradient boosting,one-hot,holdout70,mask_rare,0.5,mask_rare/0.5,B_intake_g,auc,0.7698215905714413,0.8346830864874605,0.0648614959160192
BPIC14,handover,gradient boosting,one-hot,holdout70,mask_rare,0.5,mask_rare/0.5,B_intake_g,ap,0.976311700385247,0.98639367184726,0.010081971462013062
BPIC14,handover,gradient boosting,one-hot,holdout70,mask_rare,0.5,mask_rare/0.5,B_intake_g,brier_skill,0.09103278383593671,0.2360427114581043,0.14500992762216758
BPIC14,handover,gradient boosting,one-hot,holdout70,mask_rare,0.5,mask_rare/0.5,B_intake_g,nagelkerke,0.18127393993800092,0.33002280973672526,0.14874886979872434
BPIC14,handover,gradient boosting,one-hot,holdout70,mask_rare,0.5,mask_rare/0.5,B_intake_g,logloss_skill,0.15188461378104723,0.2844838315811842,0.13259921780013695
BPIC14,handover,gradient boosting,one-hot,holdout70,mask_rare,0.5,mask_rare/0.5,B_intake_g_km,auc,0.9148642518918441,0.9087170428754765,-0.006147209016367561
BPIC14,handover,gradient boosting,one-hot,holdout70,mask_rare,0.5,mask_rare/0.5,B_intake_g_km,ap,0.9933577070208144,0.9931276036563186,-0.00023010336449580393
BPIC14,handover,gradient boosting,one-hot,holdout70,mask_rare,0.5,mask_rare/0.5,B_intake_g_km,brier_skill,0.38185447887367885,0.33008375450952165,-0.051770724364157195
BPIC14,handover,gradient boosting,one-hot,holdout70,mask_rare,0.5,mask_rare/0.5,B_intake_g_km,nagelkerke,0.49262829071180814,0.45257585358762337,-0.04005243712418477
BPIC14,handover,gradient boosting,one-hot,holdout70,mask_rare,0.5,mask_rare/0.5,B_intake_g_km,logloss_skill,0.43876677154329446,0.3997916713514783,-0.03897510019181616
BPIC14,handover,gradient boosting,one-hot,holdout70,corrupt,0.15,corrupt/0.15,B_half,auc,0.6276248941073088,0.86230245876507,0.23467756465776113
BPIC14,handover,gradient boosting,one-hot,holdout70,corrupt,0.15,corrupt/0.15,B_half,ap,0.959622342482241,0.9879866655352347,0.028364323052993745
BPIC14,handover,gradient boosting,one-hot,holdout70,corrupt,0.15,corrupt/0.15,B_half,brier_skill,0.017178881859294504,0.22738454709365963,0.21020566523436512
BPIC14,handover,gradient boosting,one-hot,holdout70,corrupt,0.15,corrupt/0.15,B_half,nagelkerke,0.04900445196438601,0.33880797050460265,0.28980351854021663
BPIC14,handover,gradient boosting,one-hot,holdout70,corrupt,0.15,corrupt/0.15,B_half,logloss_skill,0.040079235330265695,0.292559788708584,0.2524805533783183
BPIC14,handover,gradient boosting,one-hot,holdout70,corrupt,0.15,corrupt/0.15,B_intake,auc,0.628405655143856,0.8625766240303706,0.23417096888651456
BPIC14,handover,gradient boosting,one-hot,holdout70,corrupt,0.15,corrupt/0.15,B_intake,ap,0.960137446623369,0.9878263107104543,0.027688864087085374
BPIC14,handover,gradient boosting,one-hot,holdout70,corrupt,0.15,corrupt/0.15,B_intake,brier_skill,0.01702966602795164,0.2287081188065061,0.21167845277855446
BPIC14,handover,gradient boosting,one-hot,holdout70,corrupt,0.15,corrupt/0.15,B_intake,nagelkerke,0.049671195642899325,0.3402890799783152,0.29061788433541585
BPIC14,handover,gradient boosting,one-hot,holdout70,corrupt,0.15,corrupt/0.15,B_intake,logloss_skill,0.04062939492104656,0.29392413302966536,0.2532947381086188
BPIC14,handover,gradient boosting,one-hot,holdout70,corrupt,0.15,corrupt/0.15,B_intake_g,auc,0.7698215905714413,0.8719340509802187,0.10211246040877742
BPIC14,handover,gradient boosting,one-hot,holdout70,corrupt,0.15,corrupt/0.15,B_intake_g,ap,0.976311700385247,0.9885948937245459,0.012283193339298948
BPIC14,handover,gradient boosting,one-hot,holdout70,corrupt,0.15,corrupt/0.15,B_intake_g,brier_skill,0.09103278383593671,0.23800327384446562,0.1469704900085289
BPIC14,handover,gradient boosting,one-hot,holdout70,corrupt,0.15,corrupt/0.15,B_intake_g,nagelkerke,0.18127393993800092,0.3597166726599833,0.17844273272198238
BPIC14,handover,gradient boosting,one-hot,holdout70,corrupt,0.15,corrupt/0.15,B_intake_g,logloss_skill,0.15188461378104723,0.3118955523408182,0.160010938559771
BPIC14,handover,gradient boosting,one-hot,holdout70,corrupt,0.15,corrupt/0.15,B_intake_g_km,auc,0.9148642518918441,0.9101239734730905,-0.004740278418753574
BPIC14,handover,gradient boosting,one-hot,holdout70,corrupt,0.15,corrupt/0.15,B_intake_g_km,ap,0.9933577070208144,0.9929944621695403,-0.00036324485127403605
BPIC14,handover,gradient boosting,one-hot,holdout70,corrupt,0.15,corrupt/0.15,B_intake_g_km,brier_skill,0.38185447887367885,0.3590806953037109,-0.022773783569967954
BPIC14,handover,gradient boosting,one-hot,holdout70,corrupt,0.15,corrupt/0.15,B_intake_g_km,nagelkerke,0.49262829071180814,0.4747251163891952,-0.017903174322612958
BPIC14,handover,gradient boosting,one-hot,holdout70,corrupt,0.15,corrupt/0.15,B_intake_g_km,logloss_skill,0.43876677154329446,0.42126338646130324,-0.01750338508199123
BPIC14,handover,gradient boosting,one-hot,rolling1,clean,1.0,clean/1.0,B_half,auc,0.6772735652993316,0.894163178080794,0.21688961278146246
BPIC14,handover,gradient boosting,one-hot,rolling1,clean,1.0,clean/1.0,B_half,ap,0.9439250707905389,0.9856941876328553,0.041769116842316434
BPIC14,handover,gradient boosting,one-hot,rolling1,clean,1.0,clean/1.0,B_half,brier_skill,0.03591315941074047,0.28472928225607286,0.2488161228453324
BPIC14,handover,gradient boosting,one-hot,rolling1,clean,1.0,clean/1.0,B_half,nagelkerke,0.0743306843808446,0.409193435374629,0.3348627509937844
BPIC14,handover,gradient boosting,one-hot,rolling1,clean,1.0,clean/1.0,B_half,logloss_skill,0.05660065474281928,0.33905297710012305,0.2824523223573038
BPIC14,handover,gradient boosting,one-hot,rolling1,clean,1.0,clean/1.0,B_intake,auc,0.6790360564723816,0.9012977887306468,0.22226173225826518
BPIC14,handover,gradient boosting,one-hot,rolling1,clean,1.0,clean/1.0,B_intake,ap,0.9445512661704725,0.9871540996422703,0.04260283347179783
BPIC14,handover,gradient boosting,one-hot,rolling1,clean,1.0,clean/1.0,B_intake,brier_skill,0.03683942833161524,0.30372436270416836,0.2668849343725531
BPIC14,handover,gradient boosting,one-hot,rolling1,clean,1.0,clean/1.0,B_intake,nagelkerke,0.07617577947403988,0.4289528557732403,0.35277707629920046
BPIC14,handover,gradient boosting,one-hot,rolling1,clean,1.0,clean/1.0,B_intake,logloss_skill,0.05803081793131315,0.3573445628858122,0.29931374495449903
BPIC14,handover,gradient boosting,one-hot,rolling1,clean,1.0,clean/1.0,B_intake_g,auc,0.8283791613247595,0.918960192049696,0.0905810307249365
BPIC14,handover,gradient boosting,one-hot,rolling1,clean,1.0,clean/1.0,B_intake_g,ap,0.9709619848904383,0.9891488193574123,0.018186834466974
BPIC14,handover,gradient boosting,one-hot,rolling1,clean,1.0,clean/1.0,B_intake_g,brier_skill,0.176399886816746,0.3583010024802049,0.1819011156634589
BPIC14,handover,gradient boosting,one-hot,rolling1,clean,1.0,clean/1.0,B_intake_g,nagelkerke,0.27787431393053336,0.48259103688952654,0.20471672295899318
BPIC14,handover,gradient boosting,one-hot,rolling1,clean,1.0,clean/1.0,B_intake_g,logloss_skill,0.2224173616733115,0.4080532113684834,0.18563584969517188
BPIC14,handover,gradient boosting,one-hot,rolling1,clean,1.0,clean/1.0,B_intake_g_km,auc,0.9302735687779328,0.9328050240274702,0.002531455249537462
BPIC14,handover,gradient boosting,one-hot,rolling1,clean,1.0,clean/1.0,B_intake_g_km,ap,0.9898709662230839,0.99020098496714,0.0003300187440561375
BPIC14,handover,gradient boosting,one-hot,rolling1,clean,1.0,clean/1.0,B_intake_g_km,brier_skill,0.4314180318541434,0.43657209989546264,0.0051540680413192375
BPIC14,handover,gradient boosting,one-hot,rolling1,clean,1.0,clean/1.0,B_intake_g_km,nagelkerke,0.5374921848994437,0.5420348434522949,0.0045426585528511865
BPIC14,handover,gradient boosting,one-hot,rolling1,clean,1.0,clean/1.0,B_intake_g_km,logloss_skill,0.4616342216138519,0.4661471566826032,0.004512935068751278
BPIC14,handover,gradient boosting,one-hot,rolling1,mask_rare,0.5,mask_rare/0.5,B_half,auc,0.6772735652993316,0.7999456565221643,0.12267209122283274
BPIC14,handover,gradient boosting,one-hot,rolling1,mask_rare,0.5,mask_rare/0.5,B_half,ap,0.9439250707905389,0.9713582238733602,0.02743315308282135
BPIC14,handover,gradient boosting,one-hot,rolling1,mask_rare,0.5,mask_rare/0.5,B_half,brier_skill,0.03591315941074047,0.1681868260407121,0.13227366662997164
BPIC14,handover,gradient boosting,one-hot,rolling1,mask_rare,0.5,mask_rare/0.5,B_half,nagelkerke,0.0743306843808446,0.24224516493472367,0.1679144805538791
BPIC14,handover,gradient boosting,one-hot,rolling1,mask_rare,0.5,mask_rare/0.5,B_half,logloss_skill,0.05660065474281928,0.19215360520715918,0.1355529504643399
BPIC14,handover,gradient boosting,one-hot,rolling1,mask_rare,0.5,mask_rare/0.5,B_intake,auc,0.6790360564723816,0.772530802045572,0.09349474557319037
BPIC14,handover,gradient boosting,one-hot,rolling1,mask_rare,0.5,mask_rare/0.5,B_intake,ap,0.9445512661704725,0.9662817235031865,0.02173045733271406
BPIC14,handover,gradient boosting,one-hot,rolling1,mask_rare,0.5,mask_rare/0.5,B_intake,brier_skill,0.03683942833161524,0.16105503696213475,0.1242156086305195
BPIC14,handover,gradient boosting,one-hot,rolling1,mask_rare,0.5,mask_rare/0.5,B_intake,nagelkerke,0.07617577947403988,0.1917897287191586,0.11561394924511871
BPIC14,handover,gradient boosting,one-hot,rolling1,mask_rare,0.5,mask_rare/0.5,B_intake,logloss_skill,0.05803081793131315,0.15023069732858063,0.09219987939726748
BPIC14,handover,gradient boosting,one-hot,rolling1,mask_rare,0.5,mask_rare/0.5,B_intake_g,auc,0.8283791613247595,0.8318529309339233,0.0034737696091637904
BPIC14,handover,gradient boosting,one-hot,rolling1,mask_rare,0.5,mask_rare/0.5,B_intake_g,ap,0.9709619848904383,0.9755958671014455,0.004633882211007245
BPIC14,handover,gradient boosting,one-hot,rolling1,mask_rare,0.5,mask_rare/0.5,B_intake_g,brier_skill,0.176399886816746,0.26766982776446235,0.09126994094771634
BPIC14,handover,gradient boosting,one-hot,rolling1,mask_rare,0.5,mask_rare/0.5,B_intake_g,nagelkerke,0.27787431393053336,0.31758632685318405,0.0397120129226507
BPIC14,handover,gradient boosting,one-hot,rolling1,mask_rare,0.5,mask_rare/0.5,B_intake_g,logloss_skill,0.2224173616733115,0.25682137710802155,0.034404015434710056
BPIC14,handover,gradient boosting,one-hot,rolling1,mask_rare,0.5,mask_rare/0.5,B_intake_g_km,auc,0.9302735687779328,0.9252019617763593,-0.005071607001573497
BPIC14,handover,gradient boosting,one-hot,rolling1,mask_rare,0.5,mask_rare/0.5,B_intake_g_km,ap,0.9898709662230839,0.989576436887845,-0.00029452933523888003
BPIC14,handover,gradient boosting,one-hot,rolling1,mask_rare,0.5,mask_rare/0.5,B_intake_g_km,brier_skill,0.4314180318541434,0.3917030014500187,-0.03971503040412472
BPIC14,handover,gradient boosting,one-hot,rolling1,mask_rare,0.5,mask_rare/0.5,B_intake_g_km,nagelkerke,0.5374921848994437,0.5011842825659194,-0.03630790233352432
BPIC14,handover,gradient boosting,one-hot,rolling1,mask_rare,0.5,mask_rare/0.5,B_intake_g_km,logloss_skill,0.4616342216138519,0.4260038162054949,-0.035630405408357047
BPIC14,handover,gradient boosting,one-hot,rolling1,corrupt,0.15,corrupt/0.15,B_half,auc,0.6772735652993316,0.8634836565662266,0.18621009126689503
BPIC14,handover,gradient boosting,one-hot,rolling1,corrupt,0.15,corrupt/0.15,B_half,ap,0.9439250707905389,0.981736672447715,0.03781160165717612
BPIC14,handover,gradient boosting,one-hot,rolling1,corrupt,0.15,corrupt/0.15,B_half,brier_skill,0.03591315941074047,0.2407825061285217,0.20486934671778123
BPIC14,handover,gradient boosting,one-hot,rolling1,corrupt,0.15,corrupt/0.15,B_half,nagelkerke,0.0743306843808446,0.34328837035381027,0.26895768597296565
BPIC14,handover,gradient boosting,one-hot,rolling1,corrupt,0.15,corrupt/0.15,B_half,logloss_skill,0.05660065474281928,0.2794794480998505,0.2228787933570312
BPIC14,handover,gradient boosting,one-hot,rolling1,corrupt,0.15,corrupt/0.15,B_intake,auc,0.6790360564723816,0.8646022200431579,0.18556616357077627
BPIC14,handover,gradient boosting,one-hot,rolling1,corrupt,0.15,corrupt/0.15,B_intake,ap,0.9445512661704725,0.9819153293000531,0.03736406312958063
BPIC14,handover,gradient boosting,one-hot,rolling1,corrupt,0.15,corrupt/0.15,B_intake,brier_skill,0.03683942833161524,0.2533991053977871,0.21655967706617185
BPIC14,handover,gradient boosting,one-hot,rolling1,corrupt,0.15,corrupt/0.15,B_intake,nagelkerke,0.07617577947403988,0.35166103116497066,0.2754852516909308
BPIC14,handover,gradient boosting,one-hot,rolling1,corrupt,0.15,corrupt/0.15,B_intake,logloss_skill,0.05803081793131315,0.28692869830591183,0.22889788037459868
BPIC14,handover,gradient boosting,one-hot,rolling1,corrupt,0.15,corrupt/0.15,B_intake_g,auc,0.8283791613247595,0.8989723439625207,0.07059318263776115
BPIC14,handover,gradient boosting,one-hot,rolling1,corrupt,0.15,corrupt/0.15,B_intake_g,ap,0.9709619848904383,0.9861864255327963,0.015224440642358061
BPIC14,handover,gradient boosting,one-hot,rolling1,corrupt,0.15,corrupt/0.15,B_intake_g,brier_skill,0.176399886816746,0.31541906398199626,0.13901917716525025
BPIC14,handover,gradient boosting,one-hot,rolling1,corrupt,0.15,corrupt/0.15,B_intake_g,nagelkerke,0.27787431393053336,0.4244011190033838,0.14652680507285043
BPIC14,handover,gradient boosting,one-hot,rolling1,corrupt,0.15,corrupt/0.15,B_intake_g,logloss_skill,0.2224173616733115,0.35311281243792825,0.13069545076461675
BPIC14,handover,gradient boosting,one-hot,rolling1,corrupt,0.15,corrupt/0.15,B_intake_g_km,auc,0.9302735687779328,0.924687128828442,-0.005586439949490818
BPIC14,handover,gradient boosting,one-hot,rolling1,corrupt,0.15,corrupt/0.15,B_intake_g_km,ap,0.9898709662230839,0.9898904854706944,1.9519247610455537e-05
BPIC14,handover,gradient boosting,one-hot,rolling1,corrupt,0.15,corrupt/0.15,B_intake_g_km,brier_skill,0.4314180318541434,0.4088906780014968,-0.022527353852646592
BPIC14,handover,gradient boosting,one-hot,rolling1,corrupt,0.15,corrupt/0.15,B_intake_g_km,nagelkerke,0.5374921848994437,0.5155546886065058,-0.021937496292937952
BPIC14,handover,gradient boosting,one-hot,rolling1,corrupt,0.15,corrupt/0.15,B_intake_g_km,logloss_skill,0.4616342216138519,0.440013556407825,-0.0216206652060269
BPIC14,handover,gradient boosting,one-hot,rolling2,clean,1.0,clean/1.0,B_half,auc,0.6693937603540356,0.8908048054310175,0.22141104507698184
BPIC14,handover,gradient boosting,one-hot,rolling2,clean,1.0,clean/1.0,B_half,ap,0.9515693384977894,0.9882428119653981,0.03667347346760874
BPIC14,handover,gradient boosting,one-hot,rolling2,clean,1.0,clean/1.0,B_half,brier_skill,0.030143432341101173,0.28018361756578636,0.2500401852246852
BPIC14,handover,gradient boosting,one-hot,rolling2,clean,1.0,clean/1.0,B_half,nagelkerke,0.06391275205523203,0.40074522575375615,0.3368324736985241
BPIC14,handover,gradient boosting,one-hot,rolling2,clean,1.0,clean/1.0,B_half,logloss_skill,0.050224729022843695,0.33968355462796185,0.28945882560511815
BPIC14,handover,gradient boosting,one-hot,rolling2,clean,1.0,clean/1.0,B_intake,auc,0.6748945191672749,0.8935474229312201,0.2186529037639452
BPIC14,handover,gradient boosting,one-hot,rolling2,clean,1.0,clean/1.0,B_intake,ap,0.9529222994677955,0.9883714536723953,0.03544915420459982
BPIC14,handover,gradient boosting,one-hot,rolling2,clean,1.0,clean/1.0,B_intake,brier_skill,0.03143878784128884,0.275988102531633,0.24454931469034413
BPIC14,handover,gradient boosting,one-hot,rolling2,clean,1.0,clean/1.0,B_intake,nagelkerke,0.0674573224485375,0.4011219818958244,0.33366465944728685
BPIC14,handover,gradient boosting,one-hot,rolling2,clean,1.0,clean/1.0,B_intake,logloss_skill,0.053049855316515515,0.3400336267653862,0.28698377144887066
BPIC14,handover,gradient boosting,one-hot,rolling2,clean,1.0,clean/1.0,B_intake_g,auc,0.7952596763169175,0.9067848330031627,0.11152515668624519
BPIC14,handover,gradient boosting,one-hot,rolling2,clean,1.0,clean/1.0,B_intake_g,ap,0.97253690961634,0.9896360171658896,0.017099107549549575
BPIC14,handover,gradient boosting,one-hot,rolling2,clean,1.0,clean/1.0,B_intake_g,brier_skill,0.07763323981368142,0.34964314574954614,0.2720099059358647
BPIC14,handover,gradient boosting,one-hot,rolling2,clean,1.0,clean/1.0,B_intake_g,nagelkerke,0.18656608290387655,0.45657811619574823,0.2700120332918717
BPIC14,handover,gradient boosting,one-hot,rolling2,clean,1.0,clean/1.0,B_intake_g,logloss_skill,0.15054060028139804,0.39228677593519257,0.24174617565379453
BPIC14,handover,gradient boosting,one-hot,rolling2,clean,1.0,clean/1.0,B_intake_g_km,auc,0.915741146213464,0.924711129647007,0.008969983433542938
BPIC14,handover,gradient boosting,one-hot,rolling2,clean,1.0,clean/1.0,B_intake_g_km,ap,0.9895762849830965,0.9915050070169693,0.0019287220338728428
BPIC14,handover,gradient boosting,one-hot,rolling2,clean,1.0,clean/1.0,B_intake_g_km,brier_skill,0.3984592772738673,0.4027565599932006,0.004297282719333273
BPIC14,handover,gradient boosting,one-hot,rolling2,clean,1.0,clean/1.0,B_intake_g_km,nagelkerke,0.4923927419154976,0.5054307003973884,0.013037958481890766
BPIC14,handover,gradient boosting,one-hot,rolling2,clean,1.0,clean/1.0,B_intake_g_km,logloss_skill,0.4268219636602979,0.43955345186702854,0.012731488206730646
BPIC14,handover,gradient boosting,one-hot,rolling2,mask_rare,0.5,mask_rare/0.5,B_half,auc,0.6693937603540356,0.7795435535629468,0.11014979320891116
BPIC14,handover,gradient boosting,one-hot,rolling2,mask_rare,0.5,mask_rare/0.5,B_half,ap,0.9515693384977894,0.9740742004985052,0.022504862000715886
BPIC14,handover,gradient boosting,one-hot,rolling2,mask_rare,0.5,mask_rare/0.5,B_half,brier_skill,0.030143432341101173,0.12266332206577746,0.09251988972467629
BPIC14,handover,gradient boosting,one-hot,rolling2,mask_rare,0.5,mask_rare/0.5,B_half,nagelkerke,0.06391275205523203,0.20926834544009293,0.1453555933848609
BPIC14,handover,gradient boosting,one-hot,rolling2,mask_rare,0.5,mask_rare/0.5,B_half,logloss_skill,0.050224729022843695,0.16971045506647908,0.11948572604363539
BPIC14,handover,gradient boosting,one-hot,rolling2,mask_rare,0.5,mask_rare/0.5,B_intake,auc,0.6748945191672749,0.7680397131570107,0.09314519398973575
BPIC14,handover,gradient boosting,one-hot,rolling2,mask_rare,0.5,mask_rare/0.5,B_intake,ap,0.9529222994677955,0.9724603535892204,0.019538054121424953
BPIC14,handover,gradient boosting,one-hot,rolling2,mask_rare,0.5,mask_rare/0.5,B_intake,brier_skill,0.03143878784128884,0.11937703068878958,0.08793824284750074
BPIC14,handover,gradient boosting,one-hot,rolling2,mask_rare,0.5,mask_rare/0.5,B_intake,nagelkerke,0.0674573224485375,0.1748554663420079,0.10739814389347041
BPIC14,handover,gradient boosting,one-hot,rolling2,mask_rare,0.5,mask_rare/0.5,B_intake,logloss_skill,0.053049855316515515,0.14072806648505576,0.08767821116854024
BPIC14,handover,gradient boosting,one-hot,rolling2,mask_rare,0.5,mask_rare/0.5,B_intake_g,auc,0.7952596763169175,0.8265795479558382,0.03131987163892069
BPIC14,handover,gradient boosting,one-hot,rolling2,mask_rare,0.5,mask_rare/0.5,B_intake_g,ap,0.97253690961634,0.9797997195285277,0.007262809912187751
BPIC14,handover,gradient boosting,one-hot,rolling2,mask_rare,0.5,mask_rare/0.5,B_intake_g,brier_skill,0.07763323981368142,0.2295383414987422,0.15190510168506077
BPIC14,handover,gradient boosting,one-hot,rolling2,mask_rare,0.5,mask_rare/0.5,B_intake_g,nagelkerke,0.18656608290387655,0.2994676862909638,0.11290160338708727
BPIC14,handover,gradient boosting,one-hot,rolling2,mask_rare,0.5,mask_rare/0.5,B_intake_g,logloss_skill,0.15054060028139804,0.24786825972935522,0.09732765944795718
BPIC14,handover,gradient boosting,one-hot,rolling2,mask_rare,0.5,mask_rare/0.5,B_intake_g_km,auc,0.915741146213464,0.9149927594156557,-0.0007483867978083092
BPIC14,handover,gradient boosting,one-hot,rolling2,mask_rare,0.5,mask_rare/0.5,B_intake_g_km,ap,0.9895762849830965,0.9907344658292515,0.0011581808461550436
BPIC14,handover,gradient boosting,one-hot,rolling2,mask_rare,0.5,mask_rare/0.5,B_intake_g_km,brier_skill,0.3984592772738673,0.3616424766724421,-0.036816800601425226
BPIC14,handover,gradient boosting,one-hot,rolling2,mask_rare,0.5,mask_rare/0.5,B_intake_g_km,nagelkerke,0.4923927419154976,0.4707157915525889,-0.021676950362908676
BPIC14,handover,gradient boosting,one-hot,rolling2,mask_rare,0.5,mask_rare/0.5,B_intake_g_km,logloss_skill,0.4268219636602979,0.4058436634817313,-0.02097830017856661
BPIC14,handover,gradient boosting,one-hot,rolling2,corrupt,0.15,corrupt/0.15,B_half,auc,0.6693937603540356,0.8394256189251497,0.17003185857111403
BPIC14,handover,gradient boosting,one-hot,rolling2,corrupt,0.15,corrupt/0.15,B_half,ap,0.9515693384977894,0.9792959918558523,0.027726653358062903
BPIC14,handover,gradient boosting,one-hot,rolling2,corrupt,0.15,corrupt/0.15,B_half,brier_skill,0.030143432341101173,0.2170081279330235,0.18686469559192231
BPIC14,handover,gradient boosting,one-hot,rolling2,corrupt,0.15,corrupt/0.15,B_half,nagelkerke,0.06391275205523203,0.3054208423615148,0.24150809030628276
BPIC14,handover,gradient boosting,one-hot,rolling2,corrupt,0.15,corrupt/0.15,B_half,logloss_skill,0.050224729022843695,0.25314286796771934,0.20291813894487565
BPIC14,handover,gradient boosting,one-hot,rolling2,corrupt,0.15,corrupt/0.15,B_intake,auc,0.6748945191672749,0.8436858629038797,0.16879134373660476
BPIC14,handover,gradient boosting,one-hot,rolling2,corrupt,0.15,corrupt/0.15,B_intake,ap,0.9529222994677955,0.9805661923949077,0.027643892927112224
BPIC14,handover,gradient boosting,one-hot,rolling2,corrupt,0.15,corrupt/0.15,B_intake,brier_skill,0.03143878784128884,0.21653676647707798,0.18509797863578914
BPIC14,handover,gradient boosting,one-hot,rolling2,corrupt,0.15,corrupt/0.15,B_intake,nagelkerke,0.0674573224485375,0.3072205456897226,0.23976322324118512
BPIC14,handover,gradient boosting,one-hot,rolling2,corrupt,0.15,corrupt/0.15,B_intake,logloss_skill,0.053049855316515515,0.2547403583019394,0.2016905029854239
BPIC14,handover,gradient boosting,one-hot,rolling2,corrupt,0.15,corrupt/0.15,B_intake_g,auc,0.7952596763169175,0.8734406098309758,0.0781809335140583
BPIC14,handover,gradient boosting,one-hot,rolling2,corrupt,0.15,corrupt/0.15,B_intake_g,ap,0.97253690961634,0.9844754828450438,0.011938573228703842
BPIC14,handover,gradient boosting,one-hot,rolling2,corrupt,0.15,corrupt/0.15,B_intake_g,brier_skill,0.07763323981368142,0.3044453318176439,0.22681209200396246
BPIC14,handover,gradient boosting,one-hot,rolling2,corrupt,0.15,corrupt/0.15,B_intake_g,nagelkerke,0.18656608290387655,0.3928477423779769,0.20628165947410038
BPIC14,handover,gradient boosting,one-hot,rolling2,corrupt,0.15,corrupt/0.15,B_intake_g,logloss_skill,0.15054060028139804,0.33236038979538274,0.1818197895139847
BPIC14,handover,gradient boosting,one-hot,rolling2,corrupt,0.15,corrupt/0.15,B_intake_g_km,auc,0.915741146213464,0.9082160358669588,-0.0075251103465052704
BPIC14,handover,gradient boosting,one-hot,rolling2,corrupt,0.15,corrupt/0.15,B_intake_g_km,ap,0.9895762849830965,0.9889350561540693,-0.0006412288290271739
BPIC14,handover,gradient boosting,one-hot,rolling2,corrupt,0.15,corrupt/0.15,B_intake_g_km,brier_skill,0.3984592772738673,0.3797061532869894,-0.018753123986877895
BPIC14,handover,gradient boosting,one-hot,rolling2,corrupt,0.15,corrupt/0.15,B_intake_g_km,nagelkerke,0.4923927419154976,0.47831583604065486,-0.014076905874842727
BPIC14,handover,gradient boosting,one-hot,rolling2,corrupt,0.15,corrupt/0.15,B_intake_g_km,logloss_skill,0.4268219636602979,0.4131721220014841,-0.013649841658813777
BPIC14,duration,gradient boosting,one-hot,holdout70,clean,1.0,clean/1.0,B_half,auc,0.6274630437356417,0.7561388540318068,0.12867581029616515
BPIC14,duration,gradient boosting,one-hot,holdout70,clean,1.0,clean/1.0,B_half,ap,0.5236073561060859,0.6880718173492901,0.16446446124320424
BPIC14,duration,gradient boosting,one-hot,holdout70,clean,1.0,clean/1.0,B_half,brier_skill,0.057487858540224535,0.19816770193646682,0.1406798433962423
BPIC14,duration,gradient boosting,one-hot,holdout70,clean,1.0,clean/1.0,B_half,nagelkerke,0.07555355479364516,0.25814716661514686,0.1825936118215017
BPIC14,duration,gradient boosting,one-hot,holdout70,clean,1.0,clean/1.0,B_half,logloss_skill,0.04207907637692354,0.1552255087797214,0.11314643240279787
BPIC14,duration,gradient boosting,one-hot,holdout70,clean,1.0,clean/1.0,B_intake,auc,0.6311249430181469,0.7606121071763857,0.1294871641582388
BPIC14,duration,gradient boosting,one-hot,holdout70,clean,1.0,clean/1.0,B_intake,ap,0.5293235636103458,0.6931588836813126,0.1638353200709668
BPIC14,duration,gradient boosting,one-hot,holdout70,clean,1.0,clean/1.0,B_intake,brier_skill,0.061678931268631554,0.20480017824849295,0.1431212469798614
BPIC14,duration,gradient boosting,one-hot,holdout70,clean,1.0,clean/1.0,B_intake,nagelkerke,0.0811780508373614,0.2667260968592376,0.1855480460218762
BPIC14,duration,gradient boosting,one-hot,holdout70,clean,1.0,clean/1.0,B_intake,logloss_skill,0.04531200708427985,0.16100423902151695,0.1156922319372371
BPIC14,duration,gradient boosting,one-hot,holdout70,clean,1.0,clean/1.0,B_intake_g,auc,0.6687048200376791,0.7632877040936967,0.09458288405601767
BPIC14,duration,gradient boosting,one-hot,holdout70,clean,1.0,clean/1.0,B_intake_g,ap,0.5760204114438381,0.6966821340405263,0.12066172259668817
BPIC14,duration,gradient boosting,one-hot,holdout70,clean,1.0,clean/1.0,B_intake_g,brier_skill,0.10449072474367993,0.21044418820361743,0.1059534634599375
BPIC14,duration,gradient boosting,one-hot,holdout70,clean,1.0,clean/1.0,B_intake_g,nagelkerke,0.1342293909323562,0.27339517783234407,0.13916578689998788
BPIC14,duration,gradient boosting,one-hot,holdout70,clean,1.0,clean/1.0,B_intake_g,logloss_skill,0.07654038870086777,0.16552870467675562,0.08898831597588786
BPIC14,duration,gradient boosting,one-hot,holdout70,clean,1.0,clean/1.0,B_intake_g_km,auc,0.7751172183190094,0.7824485106456984,0.007331292326689054
BPIC14,duration,gradient boosting,one-hot,holdout70,clean,1.0,clean/1.0,B_intake_g_km,ap,0.7131932516343524,0.7187110935237842,0.005517841889431718
BPIC14,duration,gradient boosting,one-hot,holdout70,clean,1.0,clean/1.0,B_intake_g_km,brier_skill,0.23236496353679237,0.24339060848725347,0.0110256449504611
BPIC14,duration,gradient boosting,one-hot,holdout70,clean,1.0,clean/1.0,B_intake_g_km,nagelkerke,0.3131250946840128,0.32483247517908403,0.011707380495071251
BPIC14,duration,gradient boosting,one-hot,holdout70,clean,1.0,clean/1.0,B_intake_g_km,logloss_skill,0.19308692148016915,0.2014125938541913,0.008325672374022153
BPIC14,duration,gradient boosting,one-hot,holdout70,mask_rare,0.5,mask_rare/0.5,B_half,auc,0.6274630437356417,0.7273032771547168,0.09984023341907511
BPIC14,duration,gradient boosting,one-hot,holdout70,mask_rare,0.5,mask_rare/0.5,B_half,ap,0.5236073561060859,0.6285520647108263,0.10494470860474037
BPIC14,duration,gradient boosting,one-hot,holdout70,mask_rare,0.5,mask_rare/0.5,B_half,brier_skill,0.057487858540224535,0.15384645405715092,0.09635859551692638
BPIC14,duration,gradient boosting,one-hot,holdout70,mask_rare,0.5,mask_rare/0.5,B_half,nagelkerke,0.07555355479364516,0.20333361141882111,0.12778005662517594
BPIC14,duration,gradient boosting,one-hot,holdout70,mask_rare,0.5,mask_rare/0.5,B_half,logloss_skill,0.04207907637692354,0.1193575408380414,0.07727846446111786
BPIC14,duration,gradient boosting,one-hot,holdout70,mask_rare,0.5,mask_rare/0.5,B_intake,auc,0.6311249430181469,0.7205269098996084,0.08940196688146151
BPIC14,duration,gradient boosting,one-hot,holdout70,mask_rare,0.5,mask_rare/0.5,B_intake,ap,0.5293235636103458,0.6041371737006851,0.07481361009033927
BPIC14,duration,gradient boosting,one-hot,holdout70,mask_rare,0.5,mask_rare/0.5,B_intake,brier_skill,0.061678931268631554,0.13013547341319842,0.06845654214456687
BPIC14,duration,gradient boosting,one-hot,holdout70,mask_rare,0.5,mask_rare/0.5,B_intake,nagelkerke,0.0811780508373614,0.16420716420599835,0.08302911336863694
BPIC14,duration,gradient boosting,one-hot,holdout70,mask_rare,0.5,mask_rare/0.5,B_intake,logloss_skill,0.04531200708427985,0.09480343451122175,0.0494914274269419
BPIC14,duration,gradient boosting,one-hot,holdout70,mask_rare,0.5,mask_rare/0.5,B_intake_g,auc,0.6687048200376791,0.7322595696068245,0.06355474956914542
BPIC14,duration,gradient boosting,one-hot,holdout70,mask_rare,0.5,mask_rare/0.5,B_intake_g,ap,0.5760204114438381,0.6431563148252151,0.06713590338137698
BPIC14,duration,gradient boosting,one-hot,holdout70,mask_rare,0.5,mask_rare/0.5,B_intake_g,brier_skill,0.10449072474367993,0.15970195893458206,0.055211234190902125
BPIC14,duration,gradient boosting,one-hot,holdout70,mask_rare,0.5,mask_rare/0.5,B_intake_g,nagelkerke,0.1342293909323562,0.21048606070867537,0.07625666977631917
BPIC14,duration,gradient boosting,one-hot,holdout70,mask_rare,0.5,mask_rare/0.5,B_intake_g,logloss_skill,0.07654038870086777,0.12393789530327481,0.04739750660240705
BPIC14,duration,gradient boosting,one-hot,holdout70,mask_rare,0.5,mask_rare/0.5,B_intake_g_km,auc,0.7751172183190094,0.782394674709288,0.007277456390278658
BPIC14,duration,gradient boosting,one-hot,holdout70,mask_rare,0.5,mask_rare/0.5,B_intake_g_km,ap,0.7131932516343524,0.7216691603846923,0.008475908750339878
BPIC14,duration,gradient boosting,one-hot,holdout70,mask_rare,0.5,mask_rare/0.5,B_intake_g_km,brier_skill,0.23236496353679237,0.24279395621032163,0.010428992673529258
BPIC14,duration,gradient boosting,one-hot,holdout70,mask_rare,0.5,mask_rare/0.5,B_intake_g_km,nagelkerke,0.3131250946840128,0.32481819143392804,0.011693096749915255
BPIC14,duration,gradient boosting,one-hot,holdout70,mask_rare,0.5,mask_rare/0.5,B_intake_g_km,logloss_skill,0.19308692148016915,0.2014023772330531,0.008315455752883949
BPIC14,duration,gradient boosting,one-hot,holdout70,corrupt,0.15,corrupt/0.15,B_half,auc,0.6274630437356417,0.7331520170489035,0.10568897331326188
BPIC14,duration,gradient boosting,one-hot,holdout70,corrupt,0.15,corrupt/0.15,B_half,ap,0.5236073561060859,0.6615433841747622,0.13793602806867633
BPIC14,duration,gradient boosting,one-hot,holdout70,corrupt,0.15,corrupt/0.15,B_half,brier_skill,0.057487858540224535,0.1637846493547691,0.10629679081454457
BPIC14,duration,gradient boosting,one-hot,holdout70,corrupt,0.15,corrupt/0.15,B_half,nagelkerke,0.07555355479364516,0.2168731223571713,0.14131956756352615
BPIC14,duration,gradient boosting,one-hot,holdout70,corrupt,0.15,corrupt/0.15,B_half,logloss_skill,0.04207907637692354,0.12805283138132817,0.08597375500440463
BPIC14,duration,gradient boosting,one-hot,holdout70,corrupt,0.15,corrupt/0.15,B_intake,auc,0.6311249430181469,0.7317714194911215,0.10064647647297453
BPIC14,duration,gradient boosting,one-hot,holdout70,corrupt,0.15,corrupt/0.15,B_intake,ap,0.5293235636103458,0.660798485045307,0.1314749214349612
BPIC14,duration,gradient boosting,one-hot,holdout70,corrupt,0.15,corrupt/0.15,B_intake,brier_skill,0.061678931268631554,0.16377440946793875,0.1020954781993072
BPIC14,duration,gradient boosting,one-hot,holdout70,corrupt,0.15,corrupt/0.15,B_intake,nagelkerke,0.0811780508373614,0.21689378370165432,0.13571573286429292
BPIC14,duration,gradient boosting,one-hot,holdout70,corrupt,0.15,corrupt/0.15,B_intake,logloss_skill,0.04531200708427985,0.12806618084723354,0.08275417376295369
BPIC14,duration,gradient boosting,one-hot,holdout70,corrupt,0.15,corrupt/0.15,B_intake_g,auc,0.6687048200376791,0.7405843654169734,0.07187954537929431
BPIC14,duration,gradient boosting,one-hot,holdout70,corrupt,0.15,corrupt/0.15,B_intake_g,ap,0.5760204114438381,0.6701048767599472,0.09408446531610914
BPIC14,duration,gradient boosting,one-hot,holdout70,corrupt,0.15,corrupt/0.15,B_intake_g,brier_skill,0.10449072474367993,0.17867213856270348,0.07418141381902355
BPIC14,duration,gradient boosting,one-hot,holdout70,corrupt,0.15,corrupt/0.15,B_intake_g,nagelkerke,0.1342293909323562,0.2351855929461628,0.10095620201380662
BPIC14,duration,gradient boosting,one-hot,holdout70,corrupt,0.15,corrupt/0.15,B_intake_g,logloss_skill,0.07654038870086777,0.13998266874041787,0.0634422800395501
BPIC14,duration,gradient boosting,one-hot,holdout70,corrupt,0.15,corrupt/0.15,B_intake_g_km,auc,0.7751172183190094,0.7707312774269586,-0.004385940892050799
BPIC14,duration,gradient boosting,one-hot,holdout70,corrupt,0.15,corrupt/0.15,B_intake_g_km,ap,0.7131932516343524,0.7098666733018024,-0.003326578332550012
BPIC14,duration,gradient boosting,one-hot,holdout70,corrupt,0.15,corrupt/0.15,B_intake_g_km,brier_skill,0.23236496353679237,0.22483961367141148,-0.007525349865380893
BPIC14,duration,gradient boosting,one-hot,holdout70,corrupt,0.15,corrupt/0.15,B_intake_g_km,nagelkerke,0.3131250946840128,0.30413791654180794,-0.008987178142204844
BPIC14,duration,gradient boosting,one-hot,holdout70,corrupt,0.15,corrupt/0.15,B_intake_g_km,logloss_skill,0.19308692148016915,0.18676028084167928,-0.006326640638489867
BPIC14,duration,gradient boosting,one-hot,rolling1,clean,1.0,clean/1.0,B_half,auc,0.6243813958248056,0.7435349084117887,0.11915351258698315
BPIC14,duration,gradient boosting,one-hot,rolling1,clean,1.0,clean/1.0,B_half,ap,0.5871100249740796,0.7246005307034624,0.13749050572938282
BPIC14,duration,gradient boosting,one-hot,rolling1,clean,1.0,clean/1.0,B_half,brier_skill,0.05309729615378678,0.18423315432695275,0.13113585817316598
BPIC14,duration,gradient boosting,one-hot,rolling1,clean,1.0,clean/1.0,B_half,nagelkerke,0.07043708986490373,0.24269998298392492,0.1722628931190212
BPIC14,duration,gradient boosting,one-hot,rolling1,clean,1.0,clean/1.0,B_half,logloss_skill,0.03911939210846005,0.14482792774782294,0.10570853563936289
BPIC14,duration,gradient boosting,one-hot,rolling1,clean,1.0,clean/1.0,B_intake,auc,0.6293508877404831,0.7442244422840769,0.11487355454359383
BPIC14,duration,gradient boosting,one-hot,rolling1,clean,1.0,clean/1.0,B_intake,ap,0.5944916754175593,0.7241366263006833,0.129644950883124
BPIC14,duration,gradient boosting,one-hot,rolling1,clean,1.0,clean/1.0,B_intake,brier_skill,0.056139769203110035,0.18401931484026013,0.1278795456371501
BPIC14,duration,gradient boosting,one-hot,rolling1,clean,1.0,clean/1.0,B_intake,nagelkerke,0.07447264467226776,0.24119602167985532,0.16672337700758755
BPIC14,duration,gradient boosting,one-hot,rolling1,clean,1.0,clean/1.0,B_intake,logloss_skill,0.041426334252542385,0.14383454849551325,0.10240821424297086
BPIC14,duration,gradient boosting,one-hot,rolling1,clean,1.0,clean/1.0,B_intake_g,auc,0.6832579691977078,0.7458874206917725,0.06262945149406474
BPIC14,duration,gradient boosting,one-hot,rolling1,clean,1.0,clean/1.0,B_intake_g,ap,0.6556746218956514,0.7292708505700133,0.07359622867436189
BPIC14,duration,gradient boosting,one-hot,rolling1,clean,1.0,clean/1.0,B_intake_g,brier_skill,0.10638395943205503,0.18686498375986604,0.08048102432781101
BPIC14,duration,gradient boosting,one-hot,rolling1,clean,1.0,clean/1.0,B_intake_g,nagelkerke,0.1401890081410001,0.24468278825773188,0.10449378011673177
BPIC14,duration,gradient boosting,one-hot,rolling1,clean,1.0,clean/1.0,B_intake_g,logloss_skill,0.08007209286989359,0.14613968488185902,0.06606759201196544
BPIC14,duration,gradient boosting,one-hot,rolling1,clean,1.0,clean/1.0,B_intake_g_km,auc,0.7639707838722882,0.7748608268522309,0.010890042979942671
BPIC14,duration,gradient boosting,one-hot,rolling1,clean,1.0,clean/1.0,B_intake_g_km,ap,0.7527800677973514,0.7611011302268569,0.008321062429505477
BPIC14,duration,gradient boosting,one-hot,rolling1,clean,1.0,clean/1.0,B_intake_g_km,brier_skill,0.21954442303935218,0.23308780263364082,0.01354337959428864
BPIC14,duration,gradient boosting,one-hot,rolling1,clean,1.0,clean/1.0,B_intake_g_km,nagelkerke,0.29394060181399195,0.3082717119908259,0.014331110176833972
BPIC14,duration,gradient boosting,one-hot,rolling1,clean,1.0,clean/1.0,B_intake_g_km,logloss_skill,0.1795183105112661,0.18952728049473466,0.010008969983468563
BPIC14,duration,gradient boosting,one-hot,rolling1,mask_rare,0.5,mask_rare/0.5,B_half,auc,0.6243813958248056,0.7225825061399919,0.0982011103151863
BPIC14,duration,gradient boosting,one-hot,rolling1,mask_rare,0.5,mask_rare/0.5,B_half,ap,0.5871100249740796,0.692883998652843,0.1057739736787634
BPIC14,duration,gradient boosting,one-hot,rolling1,mask_rare,0.5,mask_rare/0.5,B_half,brier_skill,0.05309729615378678,0.15893024735793637,0.1058329512041496
BPIC14,duration,gradient boosting,one-hot,rolling1,mask_rare,0.5,mask_rare/0.5,B_half,nagelkerke,0.07043708986490373,0.21038004280493544,0.13994295294003173
BPIC14,duration,gradient boosting,one-hot,rolling1,mask_rare,0.5,mask_rare/0.5,B_half,logloss_skill,0.03911939210846005,0.12377627456181861,0.08465688245335856
BPIC14,duration,gradient boosting,one-hot,rolling1,mask_rare,0.5,mask_rare/0.5,B_intake,auc,0.6293508877404831,0.7252581994474008,0.09590731170691769
BPIC14,duration,gradient boosting,one-hot,rolling1,mask_rare,0.5,mask_rare/0.5,B_intake,ap,0.5944916754175593,0.6972950181432575,0.10280334272569813
BPIC14,duration,gradient boosting,one-hot,rolling1,mask_rare,0.5,mask_rare/0.5,B_intake,brier_skill,0.056139769203110035,0.16215850574294366,0.10601873653983362
BPIC14,duration,gradient boosting,one-hot,rolling1,mask_rare,0.5,mask_rare/0.5,B_intake,nagelkerke,0.07447264467226776,0.21430413531015297,0.1398314906378852
BPIC14,duration,gradient boosting,one-hot,rolling1,mask_rare,0.5,mask_rare/0.5,B_intake,logloss_skill,0.041426334252542385,0.12629966278552307,0.08487332853298069
BPIC14,duration,gradient boosting,one-hot,rolling1,mask_rare,0.5,mask_rare/0.5,B_intake_g,auc,0.6832579691977078,0.7322686630167826,0.04901069381907486
BPIC14,duration,gradient boosting,one-hot,rolling1,mask_rare,0.5,mask_rare/0.5,B_intake_g,ap,0.6556746218956514,0.7088227202541624,0.053148098358510976
BPIC14,duration,gradient boosting,one-hot,rolling1,mask_rare,0.5,mask_rare/0.5,B_intake_g,brier_skill,0.10638395943205503,0.1692691164484027,0.06288515701634767
BPIC14,duration,gradient boosting,one-hot,rolling1,mask_rare,0.5,mask_rare/0.5,B_intake_g,nagelkerke,0.1401890081410001,0.22399972079475478,0.08381071265375467
BPIC14,duration,gradient boosting,one-hot,rolling1,mask_rare,0.5,mask_rare/0.5,B_intake_g,logloss_skill,0.08007209286989359,0.13257258223262935,0.05250048936273577
BPIC14,duration,gradient boosting,one-hot,rolling1,mask_rare,0.5,mask_rare/0.5,B_intake_g_km,auc,0.7639707838722882,0.7720724391117478,0.008101655239459604
BPIC14,duration,gradient boosting,one-hot,rolling1,mask_rare,0.5,mask_rare/0.5,B_intake_g_km,ap,0.7527800677973514,0.7579935815819361,0.005213513784584678
BPIC14,duration,gradient boosting,one-hot,rolling1,mask_rare,0.5,mask_rare/0.5,B_intake_g_km,brier_skill,0.21954442303935218,0.23130690859330827,0.011762485553956092
BPIC14,duration,gradient boosting,one-hot,rolling1,mask_rare,0.5,mask_rare/0.5,B_intake_g_km,nagelkerke,0.29394060181399195,0.3069981460892223,0.01305754427523037
BPIC14,duration,gradient boosting,one-hot,rolling1,mask_rare,0.5,mask_rare/0.5,B_intake_g_km,logloss_skill,0.1795183105112661,0.18863215863695537,0.009113848125689272
BPIC14,duration,gradient boosting,one-hot,rolling1,corrupt,0.15,corrupt/0.15,B_half,auc,0.6243813958248056,0.7249579794310275,0.1005765836062219
BPIC14,duration,gradient boosting,one-hot,rolling1,corrupt,0.15,corrupt/0.15,B_half,ap,0.5871100249740796,0.6995075312002479,0.11239750622616829
BPIC14,duration,gradient boosting,one-hot,rolling1,corrupt,0.15,corrupt/0.15,B_half,brier_skill,0.05309729615378678,0.15606332680320145,0.10296603064941467
BPIC14,duration,gradient boosting,one-hot,rolling1,corrupt,0.15,corrupt/0.15,B_half,nagelkerke,0.07043708986490373,0.20513775383673297,0.13470066397182923
BPIC14,duration,gradient boosting,one-hot,rolling1,corrupt,0.15,corrupt/0.15,B_half,logloss_skill,0.03911939210846005,0.12041895520226753,0.08129956309380748
BPIC14,duration,gradient boosting,one-hot,rolling1,corrupt,0.15,corrupt/0.15,B_intake,auc,0.6293508877404831,0.7248874974416701,0.09553660970118705
BPIC14,duration,gradient boosting,one-hot,rolling1,corrupt,0.15,corrupt/0.15,B_intake,ap,0.5944916754175593,0.7044203377269773,0.109928662309418
BPIC14,duration,gradient boosting,one-hot,rolling1,corrupt,0.15,corrupt/0.15,B_intake,brier_skill,0.056139769203110035,0.15811967700811347,0.10197990780500343
BPIC14,duration,gradient boosting,one-hot,rolling1,corrupt,0.15,corrupt/0.15,B_intake,nagelkerke,0.07447264467226776,0.20904464841013456,0.13457200373786682
BPIC14,duration,gradient boosting,one-hot,rolling1,corrupt,0.15,corrupt/0.15,B_intake,logloss_skill,0.041426334252542385,0.122919561242824,0.08149322699028161
BPIC14,duration,gradient boosting,one-hot,rolling1,corrupt,0.15,corrupt/0.15,B_intake_g,auc,0.6832579691977078,0.7337468660458454,0.05048889684813762
BPIC14,duration,gradient boosting,one-hot,rolling1,corrupt,0.15,corrupt/0.15,B_intake_g,ap,0.6556746218956514,0.7142227127784742,0.058548090882822756
BPIC14,duration,gradient boosting,one-hot,rolling1,corrupt,0.15,corrupt/0.15,B_intake_g,brier_skill,0.10638395943205503,0.16746231927398258,0.061078359841927554
BPIC14,duration,gradient boosting,one-hot,rolling1,corrupt,0.15,corrupt/0.15,B_intake_g,nagelkerke,0.1401890081410001,0.21799500725758883,0.07780599911658873
BPIC14,duration,gradient boosting,one-hot,rolling1,corrupt,0.15,corrupt/0.15,B_intake_g,logloss_skill,0.08007209286989359,0.12868117387621492,0.04860908100632133
BPIC14,duration,gradient boosting,one-hot,rolling1,corrupt,0.15,corrupt/0.15,B_intake_g_km,auc,0.7639707838722882,0.7682196582071223,0.0042488743348341185
BPIC14,duration,gradient boosting,one-hot,rolling1,corrupt,0.15,corrupt/0.15,B_intake_g_km,ap,0.7527800677973514,0.7562508490456457,0.0034707812482942524
BPIC14,duration,gradient boosting,one-hot,rolling1,corrupt,0.15,corrupt/0.15,B_intake_g_km,brier_skill,0.21954442303935218,0.22367477994991247,0.0041303569105602955
BPIC14,duration,gradient boosting,one-hot,rolling1,corrupt,0.15,corrupt/0.15,B_intake_g_km,nagelkerke,0.29394060181399195,0.2971471339454215,0.0032065321314295736
BPIC14,duration,gradient boosting,one-hot,rolling1,corrupt,0.15,corrupt/0.15,B_intake_g_km,logloss_skill,0.1795183105112661,0.18174573208530942,0.00222742157404332
BPIC14,duration,gradient boosting,one-hot,rolling2,clean,1.0,clean/1.0,B_half,auc,0.6325774571757377,0.781199059998785,0.14862160282304737
BPIC14,duration,gradient boosting,one-hot,rolling2,clean,1.0,clean/1.0,B_half,ap,0.5514992106333866,0.7211674548235709,0.16966824419018434
BPIC14,duration,gradient boosting,one-hot,rolling2,clean,1.0,clean/1.0,B_half,brier_skill,0.0587134132759799,0.24051290918350887,0.18179949590752897
BPIC14,duration,gradient boosting,one-hot,rolling2,clean,1.0,clean/1.0,B_half,nagelkerke,0.07754424725150717,0.3039682738480111,0.22642402659650396
BPIC14,duration,gradient boosting,one-hot,rolling2,clean,1.0,clean/1.0,B_half,logloss_skill,0.0431028192378885,0.186178142696088,0.1430753234581995
BPIC14,duration,gradient boosting,one-hot,rolling2,clean,1.0,clean/1.0,B_intake,auc,0.6357456600521537,0.7762264066259742,0.14048074657382048
BPIC14,duration,gradient boosting,one-hot,rolling2,clean,1.0,clean/1.0,B_intake,ap,0.5568524323169926,0.7157840124643813,0.15893158014738873
BPIC14,duration,gradient boosting,one-hot,rolling2,clean,1.0,clean/1.0,B_intake,brier_skill,0.061152481606060904,0.23486974989727016,0.17371726829120926
BPIC14,duration,gradient boosting,one-hot,rolling2,clean,1.0,clean/1.0,B_intake,nagelkerke,0.08075773278232919,0.29708452667096097,0.2163267938886318
BPIC14,duration,gradient boosting,one-hot,rolling2,clean,1.0,clean/1.0,B_intake,logloss_skill,0.044946131508316056,0.18138047496028142,0.13643434345196537
BPIC14,duration,gradient boosting,one-hot,rolling2,clean,1.0,clean/1.0,B_intake_g,auc,0.672204755799462,0.7762253103620032,0.10402055456254111
BPIC14,duration,gradient boosting,one-hot,rolling2,clean,1.0,clean/1.0,B_intake_g,ap,0.5899434516027748,0.7205972667421319,0.13065381513935703
BPIC14,duration,gradient boosting,one-hot,rolling2,clean,1.0,clean/1.0,B_intake_g,brier_skill,0.07777415768321028,0.22771468585439003,0.14994052817117975
BPIC14,duration,gradient boosting,one-hot,rolling2,clean,1.0,clean/1.0,B_intake_g,nagelkerke,0.09367056412703206,0.29079060467991114,0.19712004055287907
BPIC14,duration,gradient boosting,one-hot,rolling2,clean,1.0,clean/1.0,B_intake_g,logloss_skill,0.052401275706597694,0.1770217856188684,0.1246205099122707
BPIC14,duration,gradient boosting,one-hot,rolling2,clean,1.0,clean/1.0,B_intake_g_km,auc,0.7854772623889759,0.7948080809357503,0.009330818546774422
BPIC14,duration,gradient boosting,one-hot,rolling2,clean,1.0,clean/1.0,B_intake_g_km,ap,0.7359246692825693,0.7446116906340697,0.008687021351500457
BPIC14,duration,gradient boosting,one-hot,rolling2,clean,1.0,clean/1.0,B_intake_g_km,brier_skill,0.24920969259014736,0.26246289735077843,0.013253204760631077
BPIC14,duration,gradient boosting,one-hot,rolling2,clean,1.0,clean/1.0,B_intake_g_km,nagelkerke,0.33122905823484944,0.343523179852111,0.012294121617261566
BPIC14,duration,gradient boosting,one-hot,rolling2,clean,1.0,clean/1.0,B_intake_g_km,logloss_skill,0.20549915740864966,0.21438575334883436,0.008886595940184705
BPIC14,duration,gradient boosting,one-hot,rolling2,mask_rare,0.5,mask_rare/0.5,B_half,auc,0.6325774571757377,0.7412496532259116,0.10867219605017397
BPIC14,duration,gradient boosting,one-hot,rolling2,mask_rare,0.5,mask_rare/0.5,B_half,ap,0.5514992106333866,0.6724538974941636,0.12095468686077704
BPIC14,duration,gradient boosting,one-hot,rolling2,mask_rare,0.5,mask_rare/0.5,B_half,brier_skill,0.0587134132759799,0.18148146746659855,0.12276805419061865
BPIC14,duration,gradient boosting,one-hot,rolling2,mask_rare,0.5,mask_rare/0.5,B_half,nagelkerke,0.07754424725150717,0.23592240264406425,0.15837815539255706
BPIC14,duration,gradient boosting,one-hot,rolling2,mask_rare,0.5,mask_rare/0.5,B_half,logloss_skill,0.0431028192378885,0.14010552439180324,0.09700270515391474
BPIC14,duration,gradient boosting,one-hot,rolling2,mask_rare,0.5,mask_rare/0.5,B_intake,auc,0.6357456600521537,0.7451319108641952,0.10938625081204145
BPIC14,duration,gradient boosting,one-hot,rolling2,mask_rare,0.5,mask_rare/0.5,B_intake,ap,0.5568524323169926,0.6764167608787635,0.1195643285617709
BPIC14,duration,gradient boosting,one-hot,rolling2,mask_rare,0.5,mask_rare/0.5,B_intake,brier_skill,0.061152481606060904,0.1839934788711577,0.12284099726509679
BPIC14,duration,gradient boosting,one-hot,rolling2,mask_rare,0.5,mask_rare/0.5,B_intake,nagelkerke,0.08075773278232919,0.23801759715745818,0.157259864375129
BPIC14,duration,gradient boosting,one-hot,rolling2,mask_rare,0.5,mask_rare/0.5,B_intake,logloss_skill,0.044946131508316056,0.14148087682134558,0.09653474531302952
BPIC14,duration,gradient boosting,one-hot,rolling2,mask_rare,0.5,mask_rare/0.5,B_intake_g,auc,0.672204755799462,0.7420699166207418,0.0698651608212798
BPIC14,duration,gradient boosting,one-hot,rolling2,mask_rare,0.5,mask_rare/0.5,B_intake_g,ap,0.5899434516027748,0.675605795282584,0.08566234367980918
BPIC14,duration,gradient boosting,one-hot,rolling2,mask_rare,0.5,mask_rare/0.5,B_intake_g,brier_skill,0.07777415768321028,0.17534279931594488,0.0975686416327346
BPIC14,duration,gradient boosting,one-hot,rolling2,mask_rare,0.5,mask_rare/0.5,B_intake_g,nagelkerke,0.09367056412703206,0.22604885891253837,0.1323782947855063
BPIC14,duration,gradient boosting,one-hot,rolling2,mask_rare,0.5,mask_rare/0.5,B_intake_g,logloss_skill,0.052401275706597694,0.1336594628696699,0.0812581871630722
BPIC14,duration,gradient boosting,one-hot,rolling2,mask_rare,0.5,mask_rare/0.5,B_intake_g_km,auc,0.7854772623889759,0.7887523187595141,0.003275056370538265
BPIC14,duration,gradient boosting,one-hot,rolling2,mask_rare,0.5,mask_rare/0.5,B_intake_g_km,ap,0.7359246692825693,0.7384250695672766,0.002500400284707327
BPIC14,duration,gradient boosting,one-hot,rolling2,mask_rare,0.5,mask_rare/0.5,B_intake_g_km,brier_skill,0.24920969259014736,0.2524697033349227,0.0032600107447753324
BPIC14,duration,gradient boosting,one-hot,rolling2,mask_rare,0.5,mask_rare/0.5,B_intake_g_km,nagelkerke,0.33122905823484944,0.3328722828250087,0.0016432245901592535
BPIC14,duration,gradient boosting,one-hot,rolling2,mask_rare,0.5,mask_rare/0.5,B_intake_g_km,logloss_skill,0.20549915740864966,0.20668058168882752,0.0011814242801778674
BPIC14,duration,gradient boosting,one-hot,rolling2,corrupt,0.15,corrupt/0.15,B_half,auc,0.6325774571757377,0.7555255895739879,0.1229481323982502
BPIC14,duration,gradient boosting,one-hot,rolling2,corrupt,0.15,corrupt/0.15,B_half,ap,0.5514992106333866,0.7012857155826837,0.14978650494929713
BPIC14,duration,gradient boosting,one-hot,rolling2,corrupt,0.15,corrupt/0.15,B_half,brier_skill,0.0587134132759799,0.19810847866412662,0.13939506538814672
BPIC14,duration,gradient boosting,one-hot,rolling2,corrupt,0.15,corrupt/0.15,B_half,nagelkerke,0.07754424725150717,0.2554911954635338,0.17794694821202667
BPIC14,duration,gradient boosting,one-hot,rolling2,corrupt,0.15,corrupt/0.15,B_half,logloss_skill,0.0431028192378885,0.1530549447193016,0.10995212548141309
BPIC14,duration,gradient boosting,one-hot,rolling2,corrupt,0.15,corrupt/0.15,B_intake,auc,0.6357456600521537,0.7530165637747696,0.11727090372261584
BPIC14,duration,gradient boosting,one-hot,rolling2,corrupt,0.15,corrupt/0.15,B_intake,ap,0.5568524323169926,0.6923042803293469,0.13545184801235433
BPIC14,duration,gradient boosting,one-hot,rolling2,corrupt,0.15,corrupt/0.15,B_intake,brier_skill,0.061152481606060904,0.19544938317989158,0.13429690157383067
BPIC14,duration,gradient boosting,one-hot,rolling2,corrupt,0.15,corrupt/0.15,B_intake,nagelkerke,0.08075773278232919,0.2520634506417702,0.17130571785944104
BPIC14,duration,gradient boosting,one-hot,rolling2,corrupt,0.15,corrupt/0.15,B_intake,logloss_skill,0.044946131508316056,0.1507697268227407,0.10582359531442465
BPIC14,duration,gradient boosting,one-hot,rolling2,corrupt,0.15,corrupt/0.15,B_intake_g,auc,0.672204755799462,0.7599070987219239,0.08770234292246182
BPIC14,duration,gradient boosting,one-hot,rolling2,corrupt,0.15,corrupt/0.15,B_intake_g,ap,0.5899434516027748,0.7041440666235805,0.1142006150208057
BPIC14,duration,gradient boosting,one-hot,rolling2,corrupt,0.15,corrupt/0.15,B_intake_g,brier_skill,0.07777415768321028,0.2010191248917892,0.12324496720857891
BPIC14,duration,gradient boosting,one-hot,rolling2,corrupt,0.15,corrupt/0.15,B_intake_g,nagelkerke,0.09367056412703206,0.25714723815695706,0.163476674029925
BPIC14,duration,gradient boosting,one-hot,rolling2,corrupt,0.15,corrupt/0.15,B_intake_g,logloss_skill,0.052401275706597694,0.15416161241454063,0.10176033670794293
BPIC14,duration,gradient boosting,one-hot,rolling2,corrupt,0.15,corrupt/0.15,B_intake_g_km,auc,0.7854772623889759,0.785016831521123,-0.0004604308678528568
BPIC14,duration,gradient boosting,one-hot,rolling2,corrupt,0.15,corrupt/0.15,B_intake_g_km,ap,0.7359246692825693,0.7358887791963514,-3.589008621784906e-05
BPIC14,duration,gradient boosting,one-hot,rolling2,corrupt,0.15,corrupt/0.15,B_intake_g_km,brier_skill,0.24920969259014736,0.24566928197461613,-0.003540410615531231
BPIC14,duration,gradient boosting,one-hot,rolling2,corrupt,0.15,corrupt/0.15,B_intake_g_km,nagelkerke,0.33122905823484944,0.3238140656167789,-0.007414992618070548
BPIC14,duration,gradient boosting,one-hot,rolling2,corrupt,0.15,corrupt/0.15,B_intake_g_km,logloss_skill,0.20549915740864966,0.2001920822044273,-0.005307075204222356
