term,order,share,variance,log,target,metric,total_variance
family,1,0.018573469048654704,1.9095308095679244e-05,BPIC13_closed,handover,ap,0.0010280959386562382
encoding,1,0.004392818507846661,4.516238867171109e-06,BPIC13_closed,handover,ap,0.0010280959386562382
quality_level,1,0.0021041771693721388,2.1632960020446753e-06,BPIC13_closed,handover,ap,0.0010280959386562382
rung,1,0.024424187962701616,2.5110408449430113e-05,BPIC13_closed,handover,ap,0.0010280959386562382
split,1,0.00416993348708909,4.287091682542939e-06,BPIC13_closed,handover,ap,0.0010280959386562382
family x encoding,2,0.07521500914322152,7.732824542613786e-05,BPIC13_closed,handover,ap,0.0010280959386562382
family x quality_level,2,0.014842593155985111,1.525960974279517e-05,BPIC13_closed,handover,ap,0.0010280959386562382
family x rung,2,0.01165175513586988,1.1979122133404788e-05,BPIC13_closed,handover,ap,0.0010280959386562382
family x split,2,0.02131728966074721,2.1916218923372823e-05,BPIC13_closed,handover,ap,0.0010280959386562382
encoding x quality_level,2,0.07500783738149493,7.71152529793025e-05,BPIC13_closed,handover,ap,0.0010280959386562382
encoding x rung,2,0.12624446798688962,0.0001297914248151387,BPIC13_closed,handover,ap,0.0010280959386562382
encoding x split,2,0.053155642521584875,5.464910019310425e-05,BPIC13_closed,handover,ap,0.0010280959386562382
quality_level x rung,2,0.009668584371672504,9.940232325071678e-06,BPIC13_closed,handover,ap,0.0010280959386562382
quality_level x split,2,0.029201957370925395,3.0022413773860998e-05,BPIC13_closed,handover,ap,0.0010280959386562382
rung x split,2,0.03366630651242677,3.461219299498202e-05,BPIC13_closed,handover,ap,0.0010280959386562382
family x encoding x quality_level,3,0.00874279759531723,8.98843470023917e-06,BPIC13_closed,handover,ap,0.0010280959386562382
family x encoding x rung,3,0.06480237378465684,6.662305730328916e-05,BPIC13_closed,handover,ap,0.0010280959386562382
family x encoding x split,3,0.06054859873231358,6.224976844801784e-05,BPIC13_closed,handover,ap,0.0010280959386562382
family x quality_level x rung,3,0.0033455792455451107,3.4395764347975297e-06,BPIC13_closed,handover,ap,0.0010280959386562382
family x quality_level x split,3,0.008767077362507333,9.013396630278834e-06,BPIC13_closed,handover,ap,0.0010280959386562382
family x rung x split,3,0.037042337754991495,3.808307700423939e-05,BPIC13_closed,handover,ap,0.0010280959386562382
encoding x quality_level x rung,3,0.017969256227449177,1.8474119348113816e-05,BPIC13_closed,handover,ap,0.0010280959386562382
encoding x quality_level x split,3,0.021943481498943564,2.256000420904218e-05,BPIC13_closed,handover,ap,0.0010280959386562382
encoding x rung x split,3,0.062066335112500114,6.381014705643844e-05,BPIC13_closed,handover,ap,0.0010280959386562382
quality_level x rung x split,3,0.007430143661171928,7.638900521683251e-06,BPIC13_closed,handover,ap,0.0010280959386562382
family x encoding x quality_level x rung,4,0.02913630545879216,2.99549173096318e-05,BPIC13_closed,handover,ap,0.0010280959386562382
family x encoding x quality_level x split,4,0.0166901468732405,1.715907221595467e-05,BPIC13_closed,handover,ap,0.0010280959386562382
family x encoding x rung x split,4,0.07645774928036872,7.860590151394399e-05,BPIC13_closed,handover,ap,0.0010280959386562382
family x quality_level x rung x split,4,0.020207359954991438,2.0775104700691402e-05,BPIC13_closed,handover,ap,0.0010280959386562382
encoding x quality_level x rung x split,4,0.03304112624586127,3.396944770199801e-05,BPIC13_closed,handover,ap,0.0010280959386562382
family x encoding x quality_level x rung x split,5,0.02817330179486763,2.8964857153839916e-05,BPIC13_closed,handover,ap,0.0010280959386562382
family,1,0.03219472311895675,2.7739425286704524e-05,BPIC13_closed,handover,auc,0.0008616140348283077
encoding,1,0.004412957447956764,3.802266072259659e-06,BPIC13_closed,handover,auc,0.0008616140348283077
quality_level,1,0.011407815267233046,9.829133740976634e-06,BPIC13_closed,handover,auc,0.0008616140348283077
rung,1,0.0003840316780730804,3.3088708364643254e-07,BPIC13_closed,handover,auc,0.0008616140348283077
split,1,0.05123172755260981,4.414197548782872e-05,BPIC13_closed,handover,auc,0.0008616140348283077
family x encoding,2,0.1253574848133822,0.00010800976828598654,BPIC13_closed,handover,auc,0.0008616140348283077
family x quality_level,2,0.014249950235507486,1.2277957118518197e-05,BPIC13_closed,handover,auc,0.0008616140348283077
family x rung,2,0.02363152448776868,2.036125316305033e-05,BPIC13_closed,handover,auc,0.0008616140348283077
family x split,2,0.01226784038987456,1.05701434569495e-05,BPIC13_closed,handover,auc,0.0008616140348283077
encoding x quality_level,2,0.037809031101071734,3.257679183994339e-05,BPIC13_closed,handover,auc,0.0008616140348283077
encoding x rung,2,0.005515004270794027,4.7518050818541905e-06,BPIC13_closed,handover,auc,0.0008616140348283077
encoding x split,2,0.08394751443867404,7.233035662931356e-05,BPIC13_closed,handover,auc,0.0008616140348283077
quality_level x rung,2,0.014438095323194006,1.2440065566652906e-05,BPIC13_closed,handover,auc,0.0008616140348283077
quality_level x split,2,0.024438190332935796,2.1056287776662956e-05,BPIC13_closed,handover,auc,0.0008616140348283077
rung x split,2,0.014212185358933083,1.2245418370838135e-05,BPIC13_closed,handover,auc,0.0008616140348283077
family x encoding x quality_level,3,0.005033280569041042,4.336745179514373e-06,BPIC13_closed,handover,auc,0.0008616140348283077
family x encoding x rung,3,0.03346641079801951,2.883512923890323e-05,BPIC13_closed,handover,auc,0.0008616140348283077
family x encoding x split,3,0.026655063145578892,2.296637650546555e-05,BPIC13_closed,handover,auc,0.0008616140348283077
family x quality_level x rung,3,0.012067023185792216,1.0397116535477171e-05,BPIC13_closed,handover,auc,0.0008616140348283077
family x quality_level x split,3,0.01465515096535516,1.2627083754277629e-05,BPIC13_closed,handover,auc,0.0008616140348283077
family x rung x split,3,0.02733652731023239,2.3553535593963555e-05,BPIC13_closed,handover,auc,0.0008616140348283077
encoding x quality_level x rung,3,0.021172048817984734,1.8242134407645728e-05,BPIC13_closed,handover,auc,0.0008616140348283077
encoding x quality_level x split,3,0.015792834299368563,1.3607327682053838e-05,BPIC13_closed,handover,auc,0.0008616140348283077
encoding x rung x split,3,0.1261733983204905,0.00010871277081491703,BPIC13_closed,handover,auc,0.0008616140348283077
quality_level x rung x split,3,0.01202319791290758,1.0359356065279588e-05,BPIC13_closed,handover,auc,0.0008616140348283077
family x encoding x quality_level x rung,4,0.018500924717149,1.5940656393597516e-05,BPIC13_closed,handover,auc,0.0008616140348283077
family x encoding x quality_level x split,4,0.02231463352019547,1.9226601423050622e-05,BPIC13_closed,handover,auc,0.0008616140348283077
family x encoding x rung x split,4,0.12876607721543126,0.00011094665933860115,BPIC13_closed,handover,auc,0.0008616140348283077
family x quality_level x rung x split,4,0.014970468648357662,1.2898765895382127e-05,BPIC13_closed,handover,auc,0.0008616140348283077
encoding x quality_level x rung x split,4,0.03312924922264873,2.854462609355895e-05,BPIC13_closed,handover,auc,0.0008616140348283077
family x encoding x quality_level x rung x split,5,0.032445635534482216,2.7955614945433936e-05,BPIC13_closed,handover,auc,0.0008616140348283077
family,1,0.23419663986446992,0.0019134323682159912,BPIC13_closed,handover,brier_skill,0.008170195649789418
encoding,1,0.0030724155327093786,2.5102236019687604e-05,BPIC13_closed,handover,brier_skill,0.008170195649789418
quality_level,1,0.015513490673449934,0.00012674825401326936,BPIC13_closed,handover,brier_skill,0.008170195649789418
rung,1,0.026443290812507084,0.00021604685956246186,BPIC13_closed,handover,brier_skill,0.008170195649789418
split,1,0.03957197249009868,0.00032331075749219076,BPIC13_closed,handover,brier_skill,0.008170195649789418
family x encoding,2,0.0008244586286570548,6.735988301285219e-06,BPIC13_closed,handover,brier_skill,0.008170195649789418
family x quality_level,2,0.07016573594392625,0.0005732677905733392,BPIC13_closed,handover,brier_skill,0.008170195649789418
family x rung,2,0.0325305592988573,0.00026578103406874065,BPIC13_closed,handover,brier_skill,0.008170195649789418
family x split,2,0.0033771080140293504,2.759163320509158e-05,BPIC13_closed,handover,brier_skill,0.008170195649789418
encoding x quality_level,2,0.03215882080953794,0.0002627438578804443,BPIC13_closed,handover,brier_skill,0.008170195649789418
encoding x rung,2,0.03873173386666211,0.00031644584354620424,BPIC13_closed,handover,brier_skill,0.008170195649789418
encoding x split,2,0.02595612273154821,0.0002120666010266954,BPIC13_closed,handover,brier_skill,0.008170195649789418
quality_level x rung,2,0.014550829763765519,0.00011888312603674344,BPIC13_closed,handover,brier_skill,0.008170195649789418
quality_level x split,2,0.054197522589333656,0.00044280436328873756,BPIC13_closed,handover,brier_skill,0.008170195649789418
rung x split,2,0.04543311671449444,0.00037119745253713735,BPIC13_closed,handover,brier_skill,0.008170195649789418
family x encoding x quality_level,3,0.016725603318012316,0.0001366514514689277,BPIC13_closed,handover,brier_skill,0.008170195649789418
family x encoding x rung,3,0.05138930775713903,0.0004198606986830669,BPIC13_closed,handover,brier_skill,0.008170195649789418
family x encoding x split,3,0.006536302380790283,5.340286927724099e-05,BPIC13_closed,handover,brier_skill,0.008170195649789418
family x quality_level x rung,3,0.017536066576267825,0.000143273094855841,BPIC13_closed,handover,brier_skill,0.008170195649789418
family x quality_level x split,3,0.012665102969224034,0.00010347636918328924,BPIC13_closed,handover,brier_skill,0.008170195649789418
family x rung x split,3,0.04181200834438087,0.0003416122886842194,BPIC13_closed,handover,brier_skill,0.008170195649789418
encoding x quality_level x rung,3,0.03577348093901141,0.00029227633834573566,BPIC13_closed,handover,brier_skill,0.008170195649789418
encoding x quality_level x split,3,0.018577878075615773,0.0001517848986357142,BPIC13_closed,handover,brier_skill,0.008170195649789418
encoding x rung x split,3,0.03536805086991156,0.00028896389535888224,BPIC13_closed,handover,brier_skill,0.008170195649789418
quality_level x rung x split,3,0.0075502473444253445,6.168699800825806e-05,BPIC13_closed,handover,brier_skill,0.008170195649789418
family x encoding x quality_level x rung,4,0.02106814412114656,0.00017213085944772812,BPIC13_closed,handover,brier_skill,0.008170195649789418
family x encoding x quality_level x split,4,0.011411626419900091,9.323522053288972e-05,BPIC13_closed,handover,brier_skill,0.008170195649789418
family x encoding x rung x split,4,0.03188618110802814,0.0002605163381772091,BPIC13_closed,handover,brier_skill,0.008170195649789418
family x quality_level x rung x split,4,0.005101127254800433,4.1677207706192734e-05,BPIC13_closed,handover,brier_skill,0.008170195649789418
encoding x quality_level x rung x split,4,0.02109047753707738,0.00017231332782541105,BPIC13_closed,handover,brier_skill,0.008170195649789418
family x encoding x quality_level x rung x split,5,0.0287845772502221,0.00023517562783079206,BPIC13_closed,handover,brier_skill,0.008170195649789418
family,1,0.22450296822810317,0.009355321426897498,BPIC13_closed,handover,logloss_skill,0.04167125940799211
encoding,1,0.017753324523551984,0.0007398033915752026,BPIC13_closed,handover,logloss_skill,0.04167125940799211
quality_level,1,0.01009317326289247,0.00042059524128780225,BPIC13_closed,handover,logloss_skill,0.04167125940799211
rung,1,0.06732370618300061,0.0028054636246592607,BPIC13_closed,handover,logloss_skill,0.04167125940799211
split,1,0.032122930809086216,0.0013386029826904136,BPIC13_closed,handover,logloss_skill,0.04167125940799211
family x encoding,2,0.01652976609217188,0.0006888161707803264,BPIC13_closed,handover,logloss_skill,0.04167125940799211
family x quality_level,2,0.027212973046180283,0.0011339988590700757,BPIC13_closed,handover,logloss_skill,0.04167125940799211
family x rung,2,0.06418461228026752,0.0026746536283324238,BPIC13_closed,handover,logloss_skill,0.04167125940799211
family x split,2,0.012864707161706049,0.0005360885493433066,BPIC13_closed,handover,logloss_skill,0.04167125940799211
encoding x quality_level,2,0.038197121900266064,0.0015917221753446835,BPIC13_closed,handover,logloss_skill,0.04167125940799211
encoding x rung,2,0.074821331338853,0.003117899107472673,BPIC13_closed,handover,logloss_skill,0.04167125940799211
encoding x split,2,0.02766108463556456,0.0011526722333550356,BPIC13_closed,handover,logloss_skill,0.04167125940799211
quality_level x rung,2,0.005160110232916839,0.00021502829208971217,BPIC13_closed,handover,logloss_skill,0.04167125940799211
quality_level x split,2,0.017145159530183047,0.0007144603903736659,BPIC13_closed,handover,logloss_skill,0.04167125940799211
rung x split,2,0.01659311087899169,0.0006914558278240386,BPIC13_closed,handover,logloss_skill,0.04167125940799211
family x encoding x quality_level,3,0.026357969527512237,0.0010983697856489136,BPIC13_closed,handover,logloss_skill,0.04167125940799211
family x encoding x rung,3,0.0763766355076149,0.0031827105909474815,BPIC13_closed,handover,logloss_skill,0.04167125940799211
family x encoding x split,3,0.019927858974013384,0.0008304189807519951,BPIC13_closed,handover,logloss_skill,0.04167125940799211
family x quality_level x rung,3,0.005903954246911277,0.0002460252089559565,BPIC13_closed,handover,logloss_skill,0.04167125940799211
family x quality_level x split,3,0.008464005098740594,0.0003527057521001871,BPIC13_closed,handover,logloss_skill,0.04167125940799211
family x rung x split,3,0.020864712196655418,0.0008694588344199248,BPIC13_closed,handover,logloss_skill,0.04167125940799211
encoding x quality_level x rung,3,0.03470412959121656,0.0014461647867241604,BPIC13_closed,handover,logloss_skill,0.04167125940799211
encoding x quality_level x split,3,0.008360789083026475,0.0003484046107343047,BPIC13_closed,handover,logloss_skill,0.04167125940799211
encoding x rung x split,3,0.03150291954031529,0.0013127663322735818,BPIC13_closed,handover,logloss_skill,0.04167125940799211
quality_level x rung x split,3,0.00398631973757715,0.00016611496386777642,BPIC13_closed,handover,logloss_skill,0.04167125940799211
family x encoding x quality_level x rung,4,0.030903204553955253,0.0012877754535061123,BPIC13_closed,handover,logloss_skill,0.04167125940799211
family x encoding x quality_level x split,4,0.007698642111112242,0.00032081211250145023,BPIC13_closed,handover,logloss_skill,0.04167125940799211
family x encoding x rung x split,4,0.028305165109836782,0.001179511877878056,BPIC13_closed,handover,logloss_skill,0.04167125940799211
family x quality_level x rung x split,4,0.004457631874344745,0.00018575513418115394,BPIC13_closed,handover,logloss_skill,0.04167125940799211
encoding x quality_level x rung x split,4,0.019086617888051178,0.0007953634052342031,BPIC13_closed,handover,logloss_skill,0.04167125940799211
family x encoding x quality_level x rung x split,5,0.020933364855381068,0.0008723196771707296,BPIC13_closed,handover,logloss_skill,0.04167125940799211
family,1,0.10519692736704075,0.23574476601732652,BPIC13_closed,handover,nagelkerke,2.240985282724025
encoding,1,0.034740283246236875,0.07785246347248084,BPIC13_closed,handover,nagelkerke,2.240985282724025
quality_level,1,0.01404282721136878,0.031469769108513894,BPIC13_closed,handover,nagelkerke,2.240985282724025
rung,1,0.05571897422040854,0.12486540119641489,BPIC13_closed,handover,nagelkerke,2.240985282724025
split,1,0.04745897863724591,0.10635487265918198,BPIC13_closed,handover,nagelkerke,2.240985282724025
family x encoding,2,0.03445725639341625,0.07721820446069413,BPIC13_closed,handover,nagelkerke,2.240985282724025
family x quality_level,2,0.018091340241497653,0.04054242722594915,BPIC13_closed,handover,nagelkerke,2.240985282724025
family x rung,2,0.05396776261405069,0.12094096175963144,BPIC13_closed,handover,nagelkerke,2.240985282724025
family x split,2,0.040632771330130144,0.09105744254711236,BPIC13_closed,handover,nagelkerke,2.240985282724025
encoding x quality_level,2,0.02521073369475477,0.05649688317662012,BPIC13_closed,handover,nagelkerke,2.240985282724025
encoding x rung,2,0.056336327269476266,0.12624888029362047,BPIC13_closed,handover,nagelkerke,2.240985282724025
encoding x split,2,0.024172112050697518,0.05416934735796919,BPIC13_closed,handover,nagelkerke,2.240985282724025
quality_level x rung,2,0.009384887472402932,0.021031394705676044,BPIC13_closed,handover,nagelkerke,2.240985282724025
quality_level x split,2,0.014889185542446125,0.03336644567236909,BPIC13_closed,handover,nagelkerke,2.240985282724025
rung x split,2,0.031207612613445835,0.06993580057568476,BPIC13_closed,handover,nagelkerke,2.240985282724025
family x encoding x quality_level,3,0.02235937718833142,0.050107035209926,BPIC13_closed,handover,nagelkerke,2.240985282724025
family x encoding x rung,3,0.056294845804404185,0.1261559209408881,BPIC13_closed,handover,nagelkerke,2.240985282724025
family x encoding x split,3,0.022722505242326867,0.05092079983467401,BPIC13_closed,handover,nagelkerke,2.240985282724025
family x quality_level x rung,3,0.00999028804103087,0.022388088470124006,BPIC13_closed,handover,nagelkerke,2.240985282724025
family x quality_level x split,3,0.012764214115484153,0.028604415978338245,BPIC13_closed,handover,nagelkerke,2.240985282724025
family x rung x split,3,0.032014552079657664,0.07174414004351465,BPIC13_closed,handover,nagelkerke,2.240985282724025
encoding x quality_level x rung,3,0.029600513018647297,0.0663343140358695,BPIC13_closed,handover,nagelkerke,2.240985282724025
encoding x quality_level x split,3,0.012697602872962151,0.028455141164182476,BPIC13_closed,handover,nagelkerke,2.240985282724025
encoding x rung x split,3,0.053590067601127556,0.12009455279431244,BPIC13_closed,handover,nagelkerke,2.240985282724025
quality_level x rung x split,3,0.009606296396937624,0.021527568847022043,BPIC13_closed,handover,nagelkerke,2.240985282724025
family x encoding x quality_level x rung,4,0.02872991790247808,0.06438332319332286,BPIC13_closed,handover,nagelkerke,2.240985282724025
family x encoding x quality_level x split,4,0.012005657784669886,0.026904502404866335,BPIC13_closed,handover,nagelkerke,2.240985282724025
family x encoding x rung x split,4,0.05234522645572205,0.1173048821081294,BPIC13_closed,handover,nagelkerke,2.240985282724025
family x quality_level x rung x split,4,0.008803554946395538,0.019728637070524694,BPIC13_closed,handover,nagelkerke,2.240985282724025
encoding x quality_level x rung x split,4,0.03546913710144736,0.07948581423526421,BPIC13_closed,handover,nagelkerke,2.240985282724025
family x encoding x quality_level x rung x split,5,0.03549826354375828,0.07955108616382109,BPIC13_closed,handover,nagelkerke,2.240985282724025
family,1,0.004792366823789153,2.979076354627779e-06,BPIC13_incidents,duration,ap,0.000621629450366725
encoding,1,0.01793734785759294,1.1150383689752252e-05,BPIC13_incidents,duration,ap,0.000621629450366725
quality_level,1,0.021554505244764845,1.3398915248229862e-05,BPIC13_incidents,duration,ap,0.000621629450366725
rung,1,0.060362312883399986,3.752299138057222e-05,BPIC13_incidents,duration,ap,0.000621629450366725
split,1,0.17281857089181893,0.0001074291132366443,BPIC13_incidents,duration,ap,0.000621629450366725
family x encoding,2,0.01209310619566547,7.517430957637962e-06,BPIC13_incidents,duration,ap,0.000621629450366725
family x quality_level,2,0.00993741971538527,6.177392755738401e-06,BPIC13_incidents,duration,ap,0.000621629450366725
family x rung,2,0.007279005779780559,4.5248443621012036e-06,BPIC13_incidents,duration,ap,0.000621629450366725
family x split,2,0.008412730727266345,5.229601178073836e-06,BPIC13_incidents,duration,ap,0.000621629450366725
encoding x quality_level,2,0.005051067236369243,3.139892149909585e-06,BPIC13_incidents,duration,ap,0.000621629450366725
encoding x rung,2,0.00662118010036657,4.115920546569968e-06,BPIC13_incidents,duration,ap,0.000621629450366725
encoding x split,2,0.03191878450843043,1.984165647034954e-05,BPIC13_incidents,duration,ap,0.000621629450366725
quality_level x rung,2,0.015847084518447876,9.85101443911779e-06,BPIC13_incidents,duration,ap,0.000621629450366725
quality_level x split,2,0.03295859251176387,2.048803174794863e-05,BPIC13_incidents,duration,ap,0.000621629450366725
rung x split,2,0.2913412720359047,0.00018110631480482194,BPIC13_incidents,duration,ap,0.000621629450366725
family x encoding x quality_level,3,0.004031774036966495,2.506269478602314e-06,BPIC13_incidents,duration,ap,0.000621629450366725
family x encoding x rung,3,0.004538059987384749,2.8209917356892086e-06,BPIC13_incidents,duration,ap,0.000621629450366725
family x encoding x split,3,0.043052740151804984,2.6762851197347964e-05,BPIC13_incidents,duration,ap,0.000621629450366725
family x quality_level x rung,3,0.0030508298152027626,1.8964856611869105e-06,BPIC13_incidents,duration,ap,0.000621629450366725
family x quality_level x split,3,0.005213217327397763,3.240689421872558e-06,BPIC13_incidents,duration,ap,0.000621629450366725
family x rung x split,3,0.03837246826271858,2.385345635536835e-05,BPIC13_incidents,duration,ap,0.000621629450366725
encoding x quality_level x rung,3,0.011958780359327566,7.433930061825181e-06,BPIC13_incidents,duration,ap,0.000621629450366725
encoding x quality_level x split,3,0.02280173688755919,1.4174231168820097e-05,BPIC13_incidents,duration,ap,0.000621629450366725
encoding x rung x split,3,0.029352983609796074,1.824667906798102e-05,BPIC13_incidents,duration,ap,0.000621629450366725
quality_level x rung x split,3,0.008714879706157724,5.417425881750952e-06,BPIC13_incidents,duration,ap,0.000621629450366725
family x encoding x quality_level x rung,4,0.012724195523984216,7.90973466993305e-06,BPIC13_incidents,duration,ap,0.000621629450366725
family x encoding x quality_level x split,4,0.014619063412195757,9.087640353799547e-06,BPIC13_incidents,duration,ap,0.000621629450366725
family x encoding x rung x split,4,0.050622858730744985,3.146865984878537e-05,BPIC13_incidents,duration,ap,0.000621629450366725
family x quality_level x rung x split,4,0.007787758539185323,4.8411000603025414e-06,BPIC13_incidents,duration,ap,0.000621629450366725
encoding x quality_level x rung x split,4,0.024031117657624643,1.4938450461207306e-05,BPIC13_incidents,duration,ap,0.000621629450366725
family x encoding x quality_level x rung x split,5,0.020202188961202926,1.2558275620157293e-05,BPIC13_incidents,duration,ap,0.000621629450366725
family,1,0.012815671040552229,1.5162358563404454e-05,BPIC13_incidents,duration,auc,0.0011831107801867475
encoding,1,0.042319664730795056,5.006885155689252e-05,BPIC13_incidents,duration,auc,0.0011831107801867475
quality_level,1,0.04100971259404019,4.851903306236917e-05,BPIC13_incidents,duration,auc,0.0011831107801867475
rung,1,0.05957967273705134,7.04893530952039e-05,BPIC13_incidents,duration,auc,0.0011831107801867475
split,1,0.285436037583801,0.00033770245311918453,BPIC13_incidents,duration,auc,0.0011831107801867475
family x encoding,2,0.05246420590245032,6.207096757712616e-05,BPIC13_incidents,duration,auc,0.0011831107801867475
family x quality_level,2,0.003923243163723787,4.641631280295573e-06,BPIC13_incidents,duration,auc,0.0011831107801867475
family x rung,2,0.0021792883925396233,2.5783395903494767e-06,BPIC13_incidents,duration,auc,0.0011831107801867475
family x split,2,0.06297821052257194,7.451019978612531e-05,BPIC13_incidents,duration,auc,0.0011831107801867475
encoding x quality_level,2,0.001225591919137317,1.4500110116411244e-06,BPIC13_incidents,duration,auc,0.0011831107801867475
encoding x rung,2,0.002357834082230168,2.7895789205782378e-06,BPIC13_incidents,duration,auc,0.0011831107801867475
encoding x split,2,0.031616315565516334,3.7405603775348435e-05,BPIC13_incidents,duration,auc,0.0011831107801867475
quality_level x rung,2,0.0069963275732952135,8.277430573683354e-06,BPIC13_incidents,duration,auc,0.0011831107801867475
quality_level x split,2,0.0102617207849663,1.2140752483960043e-05,BPIC13_incidents,duration,auc,0.0011831107801867475
rung x split,2,0.14264391283715383,0.00016876355100565546,BPIC13_incidents,duration,auc,0.0011831107801867475
family x encoding x quality_level,3,0.0016823427624055296,1.9903978581711342e-06,BPIC13_incidents,duration,auc,0.0011831107801867475
family x encoding x rung,3,0.01363978550315251,1.6137377268214656e-05,BPIC13_incidents,duration,auc,0.0011831107801867475
family x encoding x split,3,0.04227093345465036,5.0011197058753476e-05,BPIC13_incidents,duration,auc,0.0011831107801867475
family x quality_level x rung,3,0.0025787144988132405,3.0509049225698102e-06,BPIC13_incidents,duration,auc,0.0011831107801867475
family x quality_level x split,3,0.002357198991440503,2.788827537818588e-06,BPIC13_incidents,duration,auc,0.0011831107801867475
family x rung x split,3,0.06632185227937785,7.846609839368495e-05,BPIC13_incidents,duration,auc,0.0011831107801867475
encoding x quality_level x rung,3,0.0027042029348710583,3.19937164405859e-06,BPIC13_incidents,duration,auc,0.0011831107801867475
encoding x quality_level x split,3,0.005750707221871082,6.803723707893459e-06,BPIC13_incidents,duration,auc,0.0011831107801867475
encoding x rung x split,3,0.03426954104529277,4.0544663442738094e-05,BPIC13_incidents,duration,auc,0.0011831107801867475
quality_level x rung x split,3,0.008738934633631493,1.0339127772396744e-05,BPIC13_incidents,duration,auc,0.0011831107801867475
family x encoding x quality_level x rung,4,0.005210464477156632,6.164556692704116e-06,BPIC13_incidents,duration,auc,0.0011831107801867475
family x encoding x quality_level x split,4,0.002633983602891059,3.116294395415541e-06,BPIC13_incidents,duration,auc,0.0011831107801867475
family x encoding x rung x split,4,0.0364863694325752,4.316741700555594e-05,BPIC13_incidents,duration,auc,0.0011831107801867475
family x quality_level x rung x split,4,0.006442650365385777,7.622369100262e-06,BPIC13_incidents,duration,auc,0.0011831107801867475
encoding x quality_level x rung x split,4,0.006560223411431551,7.761471038498148e-06,BPIC13_incidents,duration,auc,0.0011831107801867475
family x encoding x quality_level x rung x split,5,0.004544685955228695,5.376866946194376e-06,BPIC13_incidents,duration,auc,0.0011831107801867475
family,1,0.16120166594761742,0.0004293141361342601,BPIC13_incidents,duration,brier_skill,0.0026632115345120934
encoding,1,0.016321730019702278,4.3468219651663406e-05,BPIC13_incidents,duration,brier_skill,0.0026632115345120934
quality_level,1,0.006554168262208317,1.745513651504627e-05,BPIC13_incidents,duration,brier_skill,0.0026632115345120934
rung,1,0.019202111315370845,5.113928434208082e-05,BPIC13_incidents,duration,brier_skill,0.0026632115345120934
split,1,0.15752534129971457,0.0004195233059273541,BPIC13_incidents,duration,brier_skill,0.0026632115345120934
family x encoding,2,0.03777471734700978,0.00010060206295149052,BPIC13_incidents,duration,brier_skill,0.0026632115345120934
family x quality_level,2,0.003949555536931535,1.0518501862152169e-05,BPIC13_incidents,duration,brier_skill,0.0026632115345120934
family x rung,2,0.01195884803224471,3.184894201895136e-05,BPIC13_incidents,duration,brier_skill,0.0026632115345120934
family x split,2,0.028515664564667437,7.594324678290009e-05,BPIC13_incidents,duration,brier_skill,0.0026632115345120934
encoding x quality_level,2,0.0062901807253110485,1.675208186181403e-05,BPIC13_incidents,duration,brier_skill,0.0026632115345120934
encoding x rung,2,0.02176458409261963,5.796369139932303e-05,BPIC13_incidents,duration,brier_skill,0.0026632115345120934
encoding x split,2,0.03961555919760624,0.00010550461420121159,BPIC13_incidents,duration,brier_skill,0.0026632115345120934
quality_level x rung,2,0.0014346773257965858,3.820849202364432e-06,BPIC13_incidents,duration,brier_skill,0.0026632115345120934
quality_level x split,2,0.022857234232769193,6.08736498557556e-05,BPIC13_incidents,duration,brier_skill,0.0026632115345120934
rung x split,2,0.2295656499527106,0.0006113818868818244,BPIC13_incidents,duration,brier_skill,0.0026632115345120934
family x encoding x quality_level,3,0.007659914740734438,2.0399973290903166e-05,BPIC13_incidents,duration,brier_skill,0.0026632115345120934
family x encoding x rung,3,0.01890144059637607,5.033853461516389e-05,BPIC13_incidents,duration,brier_skill,0.0026632115345120934
family x encoding x split,3,0.03101696072450465,8.260472756700936e-05,BPIC13_incidents,duration,brier_skill,0.0026632115345120934
family x quality_level x rung,3,0.00200969755518554,5.352249709850884e-06,BPIC13_incidents,duration,brier_skill,0.0026632115345120934
family x quality_level x split,3,0.0021345891201871563,5.684862366326456e-06,BPIC13_incidents,duration,brier_skill,0.0026632115345120934
family x rung x split,3,0.02601956720402776,6.929561150077931e-05,BPIC13_incidents,duration,brier_skill,0.0026632115345120934
encoding x quality_level x rung,3,0.004549184094160182,1.2115439552186346e-05,BPIC13_incidents,duration,brier_skill,0.0026632115345120934
encoding x quality_level x split,3,0.009810257157096455,2.6126790017309096e-05,BPIC13_incidents,duration,brier_skill,0.0026632115345120934
encoding x rung x split,3,0.02817733797702546,7.504221151225986e-05,BPIC13_incidents,duration,brier_skill,0.0026632115345120934
quality_level x rung x split,3,0.012284108463405498,3.271517935093915e-05,BPIC13_incidents,duration,brier_skill,0.0026632115345120934
family x encoding x quality_level x rung,4,0.004617694571436108,1.2297897445502521e-05,BPIC13_incidents,duration,brier_skill,0.0026632115345120934
family x encoding x quality_level x split,4,0.014166453190597202,3.7728261540324115e-05,BPIC13_incidents,duration,brier_skill,0.0026632115345120934
family x encoding x rung x split,4,0.060152731023735605,0.00016019944709481611,BPIC13_incidents,duration,brier_skill,0.0026632115345120934
family x quality_level x rung x split,4,0.0041520276413959814,1.105772790617882e-05,BPIC13_incidents,duration,brier_skill,0.0026632115345120934
encoding x quality_level x rung x split,4,0.006724355276578091,1.790838053474003e-05,BPIC13_incidents,duration,brier_skill,0.0026632115345120934
family x encoding x quality_level x rung x split,5,0.0030919928112735995,8.234630919612325e-06,BPIC13_incidents,duration,brier_skill,0.0026632115345120934
family,1,0.10216759142482,0.002014683908109897,BPIC13_incidents,duration,logloss_skill,0.01971940299280131
encoding,1,0.006359460542545619,0.00012540476525527592,BPIC13_incidents,duration,logloss_skill,0.01971940299280131
quality_level,1,0.00938209475531836,0.00018500930739677037,BPIC13_incidents,duration,logloss_skill,0.01971940299280131
rung,1,0.09117852537729815,0.0017979860862043034,BPIC13_incidents,duration,logloss_skill,0.01971940299280131
split,1,0.15977727210403384,0.003150712417709914,BPIC13_incidents,duration,logloss_skill,0.01971940299280131
family x encoding,2,0.0030783388966167144,6.070300525080032e-05,BPIC13_incidents,duration,logloss_skill,0.01971940299280131
family x quality_level,2,0.009689056790962575,0.00019106241548112925,BPIC13_incidents,duration,logloss_skill,0.01971940299280131
family x rung,2,0.0635677270857747,0.0012535176277408025,BPIC13_incidents,duration,logloss_skill,0.01971940299280131
family x split,2,0.04802298904471985,0.0009469846738917132,BPIC13_incidents,duration,logloss_skill,0.01971940299280131
encoding x quality_level,2,0.00450374009193993,8.88110658477995e-05,BPIC13_incidents,duration,logloss_skill,0.01971940299280131
encoding x rung,2,0.030152544606550324,0.0005945901783549834,BPIC13_incidents,duration,logloss_skill,0.01971940299280131
encoding x split,2,0.018372949039083385,0.00036230358626788685,BPIC13_incidents,duration,logloss_skill,0.01971940299280131
quality_level x rung,2,0.00767188560728857,0.00015128500400479552,BPIC13_incidents,duration,logloss_skill,0.01971940299280131
quality_level x split,2,0.029495857192935855,0.0005816406946056194,BPIC13_incidents,duration,logloss_skill,0.01971940299280131
rung x split,2,0.13173109463804691,0.002597658541850495,BPIC13_incidents,duration,logloss_skill,0.01971940299280131
family x encoding x quality_level,3,0.0023646382536656836,4.6629254656227546e-05,BPIC13_incidents,duration,logloss_skill,0.01971940299280131
family x encoding x rung,3,0.02715898561477572,0.0005355589822134561,BPIC13_incidents,duration,logloss_skill,0.01971940299280131
family x encoding x split,3,0.021558501029549922,0.00042512076972241685,BPIC13_incidents,duration,logloss_skill,0.01971940299280131
family x quality_level x rung,3,0.007366181560932935,0.00014525670271817875,BPIC13_incidents,duration,logloss_skill,0.01971940299280131
family x quality_level x split,3,0.021482492652265393,0.00042362192989991434,BPIC13_incidents,duration,logloss_skill,0.01971940299280131
family x rung x split,3,0.04752805116874806,0.0009372247944590242,BPIC13_incidents,duration,logloss_skill,0.01971940299280131
encoding x quality_level x rung,3,0.012562686917524732,0.00024772868599906307,BPIC13_incidents,duration,logloss_skill,0.01971940299280131
encoding x quality_level x split,3,0.011788866191441288,0.00023246940325724152,BPIC13_incidents,duration,logloss_skill,0.01971940299280131
encoding x rung x split,3,0.018986218629356563,0.00037439689646171377,BPIC13_incidents,duration,logloss_skill,0.01971940299280131
quality_level x rung x split,3,0.013609197810930306,0.0002683652560424841,BPIC13_incidents,duration,logloss_skill,0.01971940299280131
family x encoding x quality_level x rung,4,0.011942419609917551,0.00023549738499709723,BPIC13_incidents,duration,logloss_skill,0.01971940299280131
family x encoding x quality_level x split,4,0.010728788740717005,0.0002115653088028279,BPIC13_incidents,duration,logloss_skill,0.01971940299280131
family x encoding x rung x split,4,0.02040332779777333,0.0004023414432385176,BPIC13_incidents,duration,logloss_skill,0.01971940299280131
family x quality_level x rung x split,4,0.011698904886387359,0.00023069542002912476,BPIC13_incidents,duration,logloss_skill,0.01971940299280131
encoding x quality_level x rung x split,4,0.023838564611171273,0.0004700822623376182,BPIC13_incidents,duration,logloss_skill,0.01971940299280131
family x encoding x quality_level x rung x split,5,0.021831047326908055,0.00043049521999421775,BPIC13_incidents,duration,logloss_skill,0.01971940299280131
family,1,0.0017248499762420504,0.09024186613217708,BPIC13_incidents,duration,nagelkerke,52.3186754646268
encoding,1,0.0002795405819610043,0.014625192986810693,BPIC13_incidents,duration,nagelkerke,52.3186754646268
quality_level,1,0.01783530893177811,0.9331197398130586,BPIC13_incidents,duration,nagelkerke,52.3186754646268
rung,1,0.024254240100511793,1.2689497164598138,BPIC13_incidents,duration,nagelkerke,52.3186754646268
split,1,0.0037769769011237173,0.1976064287272836,BPIC13_incidents,duration,nagelkerke,52.3186754646268
family x encoding,2,0.00036635979463225645,0.01916745919865235,BPIC13_incidents,duration,nagelkerke,52.3186754646268
family x quality_level,2,0.01772161010855977,0.9271711679803883,BPIC13_incidents,duration,nagelkerke,52.3186754646268
family x rung,2,0.024124774453696162,1.2621762453002487,BPIC13_incidents,duration,nagelkerke,52.3186754646268
family x split,2,0.0023892627904871125,0.12500306453520385,BPIC13_incidents,duration,nagelkerke,52.3186754646268
encoding x quality_level,2,0.021489010330785555,1.124276557552382,BPIC13_incidents,duration,nagelkerke,52.3186754646268
encoding x rung,2,0.05296180510213196,2.770891493159258,BPIC13_incidents,duration,nagelkerke,52.3186754646268
encoding x split,2,0.0008874082499605543,0.04642802423431866,BPIC13_incidents,duration,nagelkerke,52.3186754646268
quality_level x rung,2,0.01653651010405364,0.8651683054515045,BPIC13_incidents,duration,nagelkerke,52.3186754646268
quality_level x split,2,0.035933709650158754,1.880004093426784,BPIC13_incidents,duration,nagelkerke,52.3186754646268
rung x split,2,0.04857464202917441,2.541360932134797,BPIC13_incidents,duration,nagelkerke,52.3186754646268
family x encoding x quality_level,3,0.020948860180201753,1.0960166171218189,BPIC13_incidents,duration,nagelkerke,52.3186754646268
family x encoding x rung,3,0.05363781195497541,2.8062592763050382,BPIC13_incidents,duration,nagelkerke,52.3186754646268
family x encoding x split,3,0.0011333377297297177,0.059294728873546025,BPIC13_incidents,duration,nagelkerke,52.3186754646268
family x quality_level x rung,3,0.016560619736092366,0.8664296894657101,BPIC13_incidents,duration,nagelkerke,52.3186754646268
family x quality_level x split,3,0.03550069150005461,1.8573491573611922,BPIC13_incidents,duration,nagelkerke,52.3186754646268
family x rung x split,3,0.047985601396778294,2.510543106452986,BPIC13_incidents,duration,nagelkerke,52.3186754646268
encoding x quality_level x rung,3,0.03255093097013236,1.7030215934978246,BPIC13_incidents,duration,nagelkerke,52.3186754646268
encoding x quality_level x split,3,0.04307321374535162,2.2535334911615537,BPIC13_incidents,duration,nagelkerke,52.3186754646268
encoding x rung x split,3,0.10427456641234183,5.455507199341986,BPIC13_incidents,duration,nagelkerke,52.3186754646268
quality_level x rung x split,3,0.032827555007371265,1.7174941967278416,BPIC13_incidents,duration,nagelkerke,52.3186754646268
family x encoding x quality_level x rung,4,0.03240691847038567,1.6954870502607278,BPIC13_incidents,duration,nagelkerke,52.3186754646268
family x encoding x quality_level x split,4,0.042158974534806236,2.205701706607993,BPIC13_incidents,duration,nagelkerke,52.3186754646268
family x encoding x rung x split,4,0.10532363216714981,5.510392930108838,BPIC13_incidents,duration,nagelkerke,52.3186754646268
family x quality_level x rung x split,4,0.032882288409268955,1.7203577758188018,BPIC13_incidents,duration,nagelkerke,52.3186754646268
encoding x quality_level x rung x split,4,0.06508378926732258,3.405097648685211,BPIC13_incidents,duration,nagelkerke,52.3186754646268
family x encoding x quality_level x rung x split,5,0.0647951994127806,3.389999009743045,BPIC13_incidents,duration,nagelkerke,52.3186754646268
family,1,0.01227938669469543,1.3355650860935716e-05,BPIC13_incidents,handover,ap,0.0010876480391895486
encoding,1,0.03257104713597137,3.542583555178962e-05,BPIC13_incidents,handover,ap,0.0010876480391895486
quality_level,1,0.053288740820805994,5.7959394464629694e-05,BPIC13_incidents,handover,ap,0.0010876480391895486
rung,1,0.7087917152393253,0.000770915919273849,BPIC13_incidents,handover,ap,0.0010876480391895486
split,1,0.0428123402172792,4.656475789043957e-05,BPIC13_incidents,handover,ap,0.0010876480391895486
family x encoding,2,0.013052170666660963,1.419616783276114e-05,BPIC13_incidents,handover,ap,0.0010876480391895486
family x quality_level,2,0.000846966116078838,9.212010354131358e-07,BPIC13_incidents,handover,ap,0.0010876480391895486
family x rung,2,0.012726333295422018,1.3841771454838425e-05,BPIC13_incidents,handover,ap,0.0010876480391895486
family x split,2,0.01080915925967284,1.1756560874070716e-05,BPIC13_incidents,handover,ap,0.0010876480391895486
encoding x quality_level,2,0.0055032360804098835,5.9855839320549865e-06,BPIC13_incidents,handover,ap,0.0010876480391895486
encoding x rung,2,0.017244313927466615,1.875574423037809e-05,BPIC13_incidents,handover,ap,0.0010876480391895486
encoding x split,2,0.0004153851549560288,4.5179284929637154e-07,BPIC13_incidents,handover,ap,0.0010876480391895486
quality_level x rung,2,0.012339719816765965,1.3421272062853917e-05,BPIC13_incidents,handover,ap,0.0010876480391895486
quality_level x split,2,0.0036456496606153046,3.965183704940279e-06,BPIC13_incidents,handover,ap,0.0010876480391895486
rung x split,2,0.015139466687036918,1.6466411256531194e-05,BPIC13_incidents,handover,ap,0.0010876480391895486
family x encoding x quality_level,3,0.008135866484297542,8.848959228754187e-06,BPIC13_incidents,handover,ap,0.0010876480391895486
family x encoding x rung,3,0.0034529208291156684,3.7555625692644074e-06,BPIC13_incidents,handover,ap,0.0010876480391895486
family x encoding x split,3,0.0014296771678620921,1.5549855682992717e-06,BPIC13_incidents,handover,ap,0.0010876480391895486
family x quality_level x rung,3,0.002009546050588746,2.185678821583951e-06,BPIC13_incidents,handover,ap,0.0010876480391895486
family x quality_level x split,3,0.00033876261554601205,3.684544945493429e-07,BPIC13_incidents,handover,ap,0.0010876480391895486
family x rung x split,3,0.0021481272190261346,2.3364063577034734e-06,BPIC13_incidents,handover,ap,0.0010876480391895486
encoding x quality_level x rung,3,0.0036533710099556074,3.973581815410157e-06,BPIC13_incidents,handover,ap,0.0010876480391895486
encoding x quality_level x split,3,0.006038002268672432,6.567221328143617e-06,BPIC13_incidents,handover,ap,0.0010876480391895486
encoding x rung x split,3,0.001993728453722377,2.1684748433675543e-06,BPIC13_incidents,handover,ap,0.0010876480391895486
quality_level x rung x split,3,0.006773246155321565,7.366907899783649e-06,BPIC13_incidents,handover,ap,0.0010876480391895486
family x encoding x quality_level x rung,4,0.0027838830420177313,3.027884931983621e-06,BPIC13_incidents,handover,ap,0.0010876480391895486
family x encoding x quality_level x split,4,0.009125935303603009,9.92580563873449e-06,BPIC13_incidents,handover,ap,0.0010876480391895486
family x encoding x rung x split,4,0.002426031010401485,2.638667871476215e-06,BPIC13_incidents,handover,ap,0.0010876480391895486
family x quality_level x rung x split,4,0.000409340460272877,4.45218348976742e-07,BPIC13_incidents,handover,ap,0.0010876480391895486
encoding x quality_level x rung x split,4,0.0014458275305670406,1.5725514786275088e-06,BPIC13_incidents,handover,ap,0.0010876480391895486
family x encoding x quality_level x rung x split,5,0.006370103625867098,6.928430718108583e-06,BPIC13_incidents,handover,ap,0.0010876480391895486
family,1,0.02060932353139284,2.599620578942486e-05,BPIC13_incidents,handover,auc,0.0012613808381350575
encoding,1,0.06423985587678585,8.103092324753544e-05,BPIC13_incidents,handover,auc,0.0012613808381350575
quality_level,1,0.08218031278874645,0.00010366067182367019,BPIC13_incidents,handover,auc,0.0012613808381350575
rung,1,0.5114181015669467,0.0006450929935919551,BPIC13_incidents,handover,auc,0.0012613808381350575
split,1,0.07041184398025624,8.881615077445053e-05,BPIC13_incidents,handover,auc,0.0012613808381350575
family x encoding,2,0.028561160949642797,3.602650113677071e-05,BPIC13_incidents,handover,auc,0.0012613808381350575
family x quality_level,2,0.003944879397607885,4.975995280896355e-06,BPIC13_incidents,handover,auc,0.0012613808381350575
family x rung,2,0.01646121750444158,2.0763864332475998e-05,BPIC13_incidents,handover,auc,0.0012613808381350575
family x split,2,0.0056764337577502695,7.160144770969169e-06,BPIC13_incidents,handover,auc,0.0012613808381350575
encoding x quality_level,2,0.00954888759967179,1.204478384373146e-05,BPIC13_incidents,handover,auc,0.0012613808381350575
encoding x rung,2,0.025501259323332633,3.216679985876477e-05,BPIC13_incidents,handover,auc,0.0012613808381350575
encoding x split,2,0.0017687698435787328,2.2310923877613565e-06,BPIC13_incidents,handover,auc,0.0012613808381350575
quality_level x rung,2,0.017210911389060234,2.1709513833001005e-05,BPIC13_incidents,handover,auc,0.0012613808381350575
quality_level x split,2,0.004312832720630895,5.440124551885699e-06,BPIC13_incidents,handover,auc,0.0012613808381350575
rung x split,2,0.02727958100678889,3.4409940754316565e-05,BPIC13_incidents,handover,auc,0.0012613808381350575
family x encoding x quality_level,3,0.006368362024526764,8.032929828045042e-06,BPIC13_incidents,handover,auc,0.0012613808381350575
family x encoding x rung,3,0.002141656493557713,2.7014444628412166e-06,BPIC13_incidents,handover,auc,0.0012613808381350575
family x encoding x split,3,0.003992126176353279,5.035591462269402e-06,BPIC13_incidents,handover,auc,0.0012613808381350575
family x quality_level x rung,3,0.0030970528237845092,3.906563086613851e-06,BPIC13_incidents,handover,auc,0.0012613808381350575
family x quality_level x split,3,0.0002935990327552118,3.703401940124113e-07,BPIC13_incidents,handover,auc,0.0012613808381350575
family x rung x split,3,0.012156592842350395,1.5334093268350582e-05,BPIC13_incidents,handover,auc,0.0012613808381350575
encoding x quality_level x rung,3,0.004224037111066921,5.328119471471181e-06,BPIC13_incidents,handover,auc,0.0012613808381350575
encoding x quality_level x split,3,0.00395169984299124,4.9845984600104655e-06,BPIC13_incidents,handover,auc,0.0012613808381350575
encoding x rung x split,3,0.024112261461038526,3.0414744571056422e-05,BPIC13_incidents,handover,auc,0.0012613808381350575
quality_level x rung x split,3,0.006806114783932492,8.585102770600173e-06,BPIC13_incidents,handover,auc,0.0012613808381350575
family x encoding x quality_level x rung,4,0.0035858341450736597,4.5231024793263204e-06,BPIC13_incidents,handover,auc,0.0012613808381350575
family x encoding x quality_level x split,4,0.00959641140578203,1.2104729462114163e-05,BPIC13_incidents,handover,auc,0.0012613808381350575
family x encoding x rung x split,4,0.010123240237336125,1.276926125521358e-05,BPIC13_incidents,handover,auc,0.0012613808381350575
family x quality_level x rung x split,4,0.003153798895590304,3.9781414942291165e-06,BPIC13_incidents,handover,auc,0.0012613808381350575
encoding x quality_level x rung x split,4,0.009053596309962018,1.1420032901596355e-05,BPIC13_incidents,handover,auc,0.0012613808381350575
family x encoding x quality_level x rung x split,5,0.008218245177265137,1.0366336989698093e-05,BPIC13_incidents,handover,auc,0.0012613808381350575
family,1,0.008427951481426874,2.9097649824059626e-05,BPIC13_incidents,handover,brier_skill,0.0034525174816423267
encoding,1,0.08505302563594501,0.0002936470578746731,BPIC13_incidents,handover,brier_skill,0.0034525174816423267
quality_level,1,0.08923829262179699,0.00030809676530866757,BPIC13_incidents,handover,brier_skill,0.0034525174816423267
rung,1,0.22700481461972413,0.0007837380908915732,BPIC13_incidents,handover,brier_skill,0.0034525174816423267
split,1,0.10378098776472408,0.0003583056745198183,BPIC13_incidents,handover,brier_skill,0.0034525174816423267
family x encoding,2,0.08034456790424241,0.0002773910252443959,BPIC13_incidents,handover,brier_skill,0.0034525174816423267
family x quality_level,2,0.007287619164629018,2.5160632565433336e-05,BPIC13_incidents,handover,brier_skill,0.0034525174816423267
family x rung,2,0.0616449206810322,0.00021283016630571828,BPIC13_incidents,handover,brier_skill,0.0034525174816423267
family x split,2,0.02251673531684891,7.773942231093403e-05,BPIC13_incidents,handover,brier_skill,0.0034525174816423267
encoding x quality_level,2,0.018440085930994915,6.366471903974667e-05,BPIC13_incidents,handover,brier_skill,0.0034525174816423267
encoding x rung,2,0.0536610976930086,0.0001852658778692289,BPIC13_incidents,handover,brier_skill,0.0034525174816423267
encoding x split,2,0.027998544797406932,9.666546537359326e-05,BPIC13_incidents,handover,brier_skill,0.0034525174816423267
quality_level x rung,2,0.007554482261473924,2.608198207249558e-05,BPIC13_incidents,handover,brier_skill,0.0034525174816423267
quality_level x split,2,0.008549744909275936,2.9518143762857658e-05,BPIC13_incidents,handover,brier_skill,0.0034525174816423267
rung x split,2,0.04395687624510509,0.00015176188367461364,BPIC13_incidents,handover,brier_skill,0.0034525174816423267
family x encoding x quality_level,3,0.0035873550275927917,1.2385405945621604e-05,BPIC13_incidents,handover,brier_skill,0.0034525174816423267
family x encoding x rung,3,0.042277493666580186,0.00014596378596389085,BPIC13_incidents,handover,brier_skill,0.0034525174816423267
family x encoding x split,3,0.014987479529302116,5.174453508067206e-05,BPIC13_incidents,handover,brier_skill,0.0034525174816423267
family x quality_level x rung,3,0.0019232385243284017,6.640014626611799e-06,BPIC13_incidents,handover,brier_skill,0.0034525174816423267
family x quality_level x split,3,0.0006617893558933803,2.284839320386711e-06,BPIC13_incidents,handover,brier_skill,0.0034525174816423267
family x rung x split,3,0.013910549341608387,4.8026414781151114e-05,BPIC13_incidents,handover,brier_skill,0.0034525174816423267
encoding x quality_level x rung,3,0.003472703714194426,1.1989570281820493e-05,BPIC13_incidents,handover,brier_skill,0.0034525174816423267
encoding x quality_level x split,3,0.004015972507439706,1.3865215287730555e-05,BPIC13_incidents,handover,brier_skill,0.0034525174816423267
encoding x rung x split,3,0.026116834258127424,9.016882684134014e-05,BPIC13_incidents,handover,brier_skill,0.0034525174816423267
quality_level x rung x split,3,0.0027330055778413908,9.435749534923391e-06,BPIC13_incidents,handover,brier_skill,0.0034525174816423267
family x encoding x quality_level x rung,4,0.0009816505558445565,3.3891657049172386e-06,BPIC13_incidents,handover,brier_skill,0.0034525174816423267
family x encoding x quality_level x split,4,0.0036061582586428566,1.2450324429533314e-05,BPIC13_incidents,handover,brier_skill,0.0034525174816423267
family x encoding x rung x split,4,0.0261479487268453,9.027625008852061e-05,BPIC13_incidents,handover,brier_skill,0.0034525174816423267
family x quality_level x rung x split,4,0.0016021580182684354,5.531478566425199e-06,BPIC13_incidents,handover,brier_skill,0.0034525174816423267
encoding x quality_level x rung x split,4,0.004154036024275454,1.4341881993182994e-05,BPIC13_incidents,handover,brier_skill,0.0034525174816423267
family x encoding x quality_level x rung x split,5,0.004361879885580219,1.505946655778974e-05,BPIC13_incidents,handover,brier_skill,0.0034525174816423267
family,1,0.15334718910131195,0.005482038077263524,BPIC13_incidents,handover,logloss_skill,0.03574919181362825
encoding,1,0.007357011401708602,0.00026300721177473083,BPIC13_incidents,handover,logloss_skill,0.03574919181362825
quality_level,1,0.014819710909772821,0.0005297926879359878,BPIC13_incidents,handover,logloss_skill,0.03574919181362825
rung,1,0.044228373983741166,0.0015811286251496482,BPIC13_incidents,handover,logloss_skill,0.03574919181362825
split,1,0.08585144288467997,0.003069119699161174,BPIC13_incidents,handover,logloss_skill,0.03574919181362825
family x encoding,2,0.03509346736736981,0.001254563096321407,BPIC13_incidents,handover,logloss_skill,0.03574919181362825
family x quality_level,2,0.005325838002418148,0.00019039440431675708,BPIC13_incidents,handover,logloss_skill,0.03574919181362825
family x rung,2,0.06441679189494774,0.0023028482494710603,BPIC13_incidents,handover,logloss_skill,0.03574919181362825
family x split,2,0.05999812436097896,0.0021448844562385588,BPIC13_incidents,handover,logloss_skill,0.03574919181362825
encoding x quality_level,2,0.002328250988238258,8.323309116879901e-05,BPIC13_incidents,handover,logloss_skill,0.03574919181362825
encoding x rung,2,0.052636017578240046,0.0018816950887100116,BPIC13_incidents,handover,logloss_skill,0.03574919181362825
encoding x split,2,0.042427544105042334,0.0015167504123923309,BPIC13_incidents,handover,logloss_skill,0.03574919181362825
quality_level x rung,2,0.003176514625212796,0.0001135578306355277,BPIC13_incidents,handover,logloss_skill,0.03574919181362825
quality_level x split,2,0.00529668367393531,0.0001893521606356266,BPIC13_incidents,handover,logloss_skill,0.03574919181362825
rung x split,2,0.0936024296762269,0.0033462112127170844,BPIC13_incidents,handover,logloss_skill,0.03574919181362825
family x encoding x quality_level,3,0.00473139514139734,0.00016914355245588227,BPIC13_incidents,handover,logloss_skill,0.03574919181362825
family x encoding x rung,3,0.062372992975568885,0.0022297840898736995,BPIC13_incidents,handover,logloss_skill,0.03574919181362825
family x encoding x split,3,0.03779574424038458,0.0013511673105883434,BPIC13_incidents,handover,logloss_skill,0.03574919181362825
family x quality_level x rung,3,0.0025422553272025066,9.088357333138065e-05,BPIC13_incidents,handover,logloss_skill,0.03574919181362825
family x quality_level x split,3,0.004696199568150921,0.0001678853391569054,BPIC13_incidents,handover,logloss_skill,0.03574919181362825
family x rung x split,3,0.0774715234888886,0.002769544353298285,BPIC13_incidents,handover,logloss_skill,0.03574919181362825
encoding x quality_level x rung,3,0.0028874029098952146,0.00010322232046907239,BPIC13_incidents,handover,logloss_skill,0.03574919181362825
encoding x quality_level x split,3,0.012417793892111033,0.00044392609575117856,BPIC13_incidents,handover,logloss_skill,0.03574919181362825
encoding x rung x split,3,0.04946387936206141,0.001768293711160501,BPIC13_incidents,handover,logloss_skill,0.03574919181362825
quality_level x rung x split,3,0.003344222336793674,0.00011955324578545714,BPIC13_incidents,handover,logloss_skill,0.03574919181362825
family x encoding x quality_level x rung,4,0.0030471350337379047,0.00010893261480312294,BPIC13_incidents,handover,logloss_skill,0.03574919181362825
family x encoding x quality_level x split,4,0.009237853854198773,0.00033024580938001695,BPIC13_incidents,handover,logloss_skill,0.03574919181362825
family x encoding x rung x split,4,0.04645672573425231,0.0016607903993069053,BPIC13_incidents,handover,logloss_skill,0.03574919181362825
family x quality_level x rung x split,4,0.003021251385180963,0.0001080072952860243,BPIC13_incidents,handover,logloss_skill,0.03574919181362825
encoding x quality_level x rung x split,4,0.005466640275971759,0.00019542797180182008,BPIC13_incidents,handover,logloss_skill,0.03574919181362825
family x encoding x quality_level x rung x split,5,0.005141593920379223,0.0001838078272874217,BPIC13_incidents,handover,logloss_skill,0.03574919181362825
family,1,0.0044078651404001,0.0742502471866724,BPIC13_incidents,handover,nagelkerke,16.84494530155538
encoding,1,0.027964889659471765,0.47106703667783356,BPIC13_incidents,handover,nagelkerke,16.84494530155538
quality_level,1,0.00041946597941556845,0.0070658814791186055,BPIC13_incidents,handover,nagelkerke,16.84494530155538
rung,1,0.04520572128849659,0.7614879024220828,BPIC13_incidents,handover,nagelkerke,16.84494530155538
split,1,0.015131758335442447,0.2548936414768827,BPIC13_incidents,handover,nagelkerke,16.84494530155538
family x encoding,2,0.026617253264539033,0.4483661753188064,BPIC13_incidents,handover,nagelkerke,16.84494530155538
family x quality_level,2,0.00030637705226159114,0.005160904686998277,BPIC13_incidents,handover,nagelkerke,16.84494530155538
family x rung,2,0.04654743145337529,0.7840889367600052,BPIC13_incidents,handover,nagelkerke,16.84494530155538
family x split,2,0.015237548774973223,0.2566756756442061,BPIC13_incidents,handover,nagelkerke,16.84494530155538
encoding x quality_level,2,0.0003277687164928596,0.005521246100883233,BPIC13_incidents,handover,nagelkerke,16.84494530155538
encoding x rung,2,0.08421925498166152,1.4186687435038339,BPIC13_incidents,handover,nagelkerke,16.84494530155538
encoding x split,2,0.06701223347935056,1.1288174074947184,BPIC13_incidents,handover,nagelkerke,16.84494530155538
quality_level x rung,2,0.0002571323039658162,0.004331379595567086,BPIC13_incidents,handover,nagelkerke,16.84494530155538
quality_level x split,2,0.00036447774167261984,0.006139607622109714,BPIC13_incidents,handover,nagelkerke,16.84494530155538
rung x split,2,0.09061467111214644,1.5263991784025372,BPIC13_incidents,handover,nagelkerke,16.84494530155538
family x encoding x quality_level,3,0.0003606550475946652,0.006075214549461988,BPIC13_incidents,handover,nagelkerke,16.84494530155538
family x encoding x rung,3,0.08530954017389862,1.4370345379301637,BPIC13_incidents,handover,nagelkerke,16.84494530155538
family x encoding x split,3,0.0668975338755271,1.1268852989422022,BPIC13_incidents,handover,nagelkerke,16.84494530155538
family x quality_level x rung,3,0.0002574996934745455,0.0043375682517459956,BPIC13_incidents,handover,nagelkerke,16.84494530155538
family x quality_level x split,3,0.00037141036686661627,0.006256387314298768,BPIC13_incidents,handover,nagelkerke,16.84494530155538
family x rung x split,3,0.08922616684417699,1.5030098999576156,BPIC13_incidents,handover,nagelkerke,16.84494530155538
encoding x quality_level x rung,3,0.0005197299898869979,0.008754823251224411,BPIC13_incidents,handover,nagelkerke,16.84494530155538
encoding x quality_level x split,3,0.0007253994009620806,0.012219313230987287,BPIC13_incidents,handover,nagelkerke,16.84494530155538
encoding x rung x split,3,0.1638462105679912,2.759980454884937,BPIC13_incidents,handover,nagelkerke,16.84494530155538
quality_level x rung x split,3,0.0005782884195098993,0.009741236795167165,BPIC13_incidents,handover,nagelkerke,16.84494530155538
family x encoding x quality_level x rung,4,0.0005280880110164115,0.008895613659978627,BPIC13_incidents,handover,nagelkerke,16.84494530155538
family x encoding x quality_level x split,4,0.0006986966075610227,0.011769506136747734,BPIC13_incidents,handover,nagelkerke,16.84494530155538
family x encoding x rung x split,4,0.1634723804915212,2.7536833076947236,BPIC13_incidents,handover,nagelkerke,16.84494530155538
family x quality_level x rung x split,4,0.0005500612749498369,0.009265752089033817,BPIC13_incidents,handover,nagelkerke,16.84494530155538
encoding x quality_level x rung x split,4,0.0010141496262985675,0.0170832949825922,BPIC13_incidents,handover,nagelkerke,16.84494530155538
family x encoding x quality_level x rung x split,5,0.0010103403250988974,0.017019127512246608,BPIC13_incidents,handover,nagelkerke,16.84494530155538
family,1,0.021335979971626583,5.523634013971808e-05,BPIC14,duration,ap,0.0025888822642865955
encoding,1,0.029875973743778008,7.734537855355889e-05,BPIC14,duration,ap,0.0025888822642865955
quality_level,1,0.0752754346890773,0.00019487923780301617,BPIC14,duration,ap,0.0025888822642865955
rung,1,0.6998548660258623,0.0018118418502290263,BPIC14,duration,ap,0.0025888822642865955
split,1,0.017372041171766092,4.497416928404176e-05,BPIC14,duration,ap,0.0025888822642865955
family x encoding,2,0.01959019439050651,5.0716706811509054e-05,BPIC14,duration,ap,0.0025888822642865955
family x quality_level,2,0.0004509948363555498,1.1675725331257184e-06,BPIC14,duration,ap,0.0025888822642865955
family x rung,2,0.013288581079162549,3.440257187337835e-05,BPIC14,duration,ap,0.0025888822642865955
family x split,2,0.0029473594050708003,7.630366490266086e-06,BPIC14,duration,ap,0.0025888822642865955
encoding x quality_level,2,0.0011026452950291244,2.8546188480999604e-06,BPIC14,duration,ap,0.0025888822642865955
encoding x rung,2,0.02298966978015552,5.951754835565014e-05,BPIC14,duration,ap,0.0025888822642865955
encoding x split,2,0.0073025753211955384,1.8905507732660118e-05,BPIC14,duration,ap,0.0025888822642865955
quality_level x rung,2,0.016848346565341794,4.361838560556735e-05,BPIC14,duration,ap,0.0025888822642865955
quality_level x split,2,0.004620152142692073,1.1961029940521221e-05,BPIC14,duration,ap,0.0025888822642865955
rung x split,2,0.011304602617035031,2.9266285220049826e-05,BPIC14,duration,ap,0.0025888822642865955
family x encoding x quality_level,3,0.0029638013243861307,7.672932683572377e-06,BPIC14,duration,ap,0.0025888822642865955
family x encoding x rung,3,0.01957094568258491,5.06668741729604e-05,BPIC14,duration,ap,0.0025888822642865955
family x encoding x split,3,0.0018800015040359448,4.867102550630782e-06,BPIC14,duration,ap,0.0025888822642865955
family x quality_level x rung,3,0.000319947972266634,8.283076308955484e-07,BPIC14,duration,ap,0.0025888822642865955
family x quality_level x split,3,0.000816508723154509,2.113844952010002e-06,BPIC14,duration,ap,0.0025888822642865955
family x rung x split,3,0.0013738554442629025,3.5567499933458094e-06,BPIC14,duration,ap,0.0025888822642865955
encoding x quality_level x rung,3,0.001835561052720198,4.752051454402553e-06,BPIC14,duration,ap,0.0025888822642865955
encoding x quality_level x split,3,0.010143410140362241,2.626009461176861e-05,BPIC14,duration,ap,0.0025888822642865955
encoding x rung x split,3,0.0030153177373366535,7.806302611379649e-06,BPIC14,duration,ap,0.0025888822642865955
quality_level x rung x split,3,0.0018958234852923782,4.908063797291437e-06,BPIC14,duration,ap,0.0025888822642865955
family x encoding x quality_level x rung,4,0.0005049183303408219,1.307174110332554e-06,BPIC14,duration,ap,0.0025888822642865955
family x encoding x quality_level x split,4,0.00783732389474142,2.0289908830565606e-05,BPIC14,duration,ap,0.0025888822642865955
family x encoding x rung x split,4,0.001318122891746437,3.412464976592511e-06,BPIC14,duration,ap,0.0025888822642865955
family x quality_level x rung x split,4,0.00012626409959075105,3.2688288804661177e-07,BPIC14,duration,ap,0.0025888822642865955
encoding x quality_level x rung x split,4,0.0014521791428791493,3.7595208275667396e-06,BPIC14,duration,ap,0.0025888822642865955
family x encoding x quality_level x rung x split,5,0.0007866015396441102,2.036418775045166e-06,BPIC14,duration,ap,0.0025888822642865955
family,1,0.002407534124790793,4.597452455340187e-06,BPIC14,duration,auc,0.001909610504789705
encoding,1,0.012140643829774039,2.318390099224682e-05,BPIC14,duration,auc,0.001909610504789705
quality_level,1,0.06788732688920958,0.00012963835256972722,BPIC14,duration,auc,0.001909610504789705
rung,1,0.7674008247105562,0.0014654366762515611,BPIC14,duration,auc,0.001909610504789705
split,1,0.008214550177606306,1.5686591311279138e-05,BPIC14,duration,auc,0.001909610504789705
family x encoding,2,0.0069413625939802655,1.325529892701903e-05,BPIC14,duration,auc,0.001909610504789705
family x quality_level,2,0.0015957976736941863,3.047352001205392e-06,BPIC14,duration,auc,0.001909610504789705
family x rung,2,0.004699518476681641,8.974249850524573e-06,BPIC14,duration,auc,0.001909610504789705
family x split,2,0.0022781794842196483,4.3504354748622326e-06,BPIC14,duration,auc,0.001909610504789705
encoding x quality_level,2,0.012033398581970247,2.2979104340451923e-05,BPIC14,duration,auc,0.001909610504789705
encoding x rung,2,0.02990538149001711,5.710763064308027e-05,BPIC14,duration,auc,0.001909610504789705
encoding x split,2,0.004635618760569114,8.852226281383013e-06,BPIC14,duration,auc,0.001909610504789705
quality_level x rung,2,0.008734286758361241,1.6679085745612244e-05,BPIC14,duration,auc,0.001909610504789705
quality_level x split,2,0.008482854912968053,1.6198948852410752e-05,BPIC14,duration,auc,0.001909610504789705
rung x split,2,0.00903080946725566,1.724532862542573e-05,BPIC14,duration,auc,0.001909610504789705
family x encoding x quality_level,3,0.01882875297838263,3.595558447960991e-05,BPIC14,duration,auc,0.001909610504789705
family x encoding x rung,3,0.01579491789781736,3.0162141139962958e-05,BPIC14,duration,auc,0.001909610504789705
family x encoding x split,3,0.00319532991755899,6.101835576839469e-06,BPIC14,duration,auc,0.001909610504789705
family x quality_level x rung,3,0.0005304855997444123,1.0130208739115964e-06,BPIC14,duration,auc,0.001909610504789705
family x quality_level x split,3,0.0006042210219895703,1.1538268108060547e-06,BPIC14,duration,auc,0.001909610504789705
family x rung x split,3,0.0007621220973049785,1.4553563629459486e-06,BPIC14,duration,auc,0.001909610504789705
encoding x quality_level x rung,3,0.0018128918417984676,3.4619173051459097e-06,BPIC14,duration,auc,0.001909610504789705
encoding x quality_level x split,3,0.0041930598965383824,8.007111225642128e-06,BPIC14,duration,auc,0.001909610504789705
encoding x rung x split,3,0.001055796267947029,2.0161596441894127e-06,BPIC14,duration,auc,0.001909610504789705
quality_level x rung x split,3,0.0005393204718987237,1.0298920385859437e-06,BPIC14,duration,auc,0.001909610504789705
family x encoding x quality_level x rung,4,0.0006848464959410609,1.30779006281747e-06,BPIC14,duration,auc,0.001909610504789705
family x encoding x quality_level x split,4,0.00391982911717125,7.485346859130774e-06,BPIC14,duration,auc,0.001909610504789705
family x encoding x rung x split,4,0.00044986163202994755,8.590604982262287e-07,BPIC14,duration,auc,0.001909610504789705
family x quality_level x rung x split,4,0.00013078897996526595,2.4975601005240213e-07,BPIC14,duration,auc,0.001909610504789705
encoding x quality_level x rung x split,4,0.0006317652891144943,1.2064256326545435e-06,BPIC14,duration,auc,0.001909610504789705
family x encoding x quality_level x rung x split,5,0.00047792256314335826,9.12645947054578e-07,BPIC14,duration,auc,0.001909610504789705
family,1,0.06357474922010535,0.00018056553054173006,BPIC14,duration,brier_skill,0.0028402083021450077
encoding,1,0.0915499257709725,0.00026002085923547527,BPIC14,duration,brier_skill,0.0028402083021450077
quality_level,1,0.06422180072371017,0.0001824032915941839,BPIC14,duration,brier_skill,0.0028402083021450077
rung,1,0.49147875139662206,0.0013959020300445483,BPIC14,duration,brier_skill,0.0028402083021450077
split,1,0.01830049093929305,5.1977206299109605e-05,BPIC14,duration,brier_skill,0.0028402083021450077
family x encoding,2,0.0939600690230927,0.00026686616810950585,BPIC14,duration,brier_skill,0.0028402083021450077
family x quality_level,2,0.0007850101546208834,2.2295923584223694e-06,BPIC14,duration,brier_skill,0.0028402083021450077
family x rung,2,0.014501415435706997,4.1187040513348776e-05,BPIC14,duration,brier_skill,0.0028402083021450077
family x split,2,0.0032396513468399076,9.201284651349962e-06,BPIC14,duration,brier_skill,0.0028402083021450077
encoding x quality_level,2,0.006447154023185633,1.8311260381859423e-05,BPIC14,duration,brier_skill,0.0028402083021450077
encoding x rung,2,0.05719119610166986,0.00016243490997756594,BPIC14,duration,brier_skill,0.0028402083021450077
encoding x split,2,0.006250566920541861,1.775291206083595e-05,BPIC14,duration,brier_skill,0.0028402083021450077
quality_level x rung,2,0.011318875214697524,3.2147963355727265e-05,BPIC14,duration,brier_skill,0.0028402083021450077
quality_level x split,2,0.00762476008996824,2.165590690939171e-05,BPIC14,duration,brier_skill,0.0028402083021450077
rung x split,2,0.006565988866548222,1.8648776090561948e-05,BPIC14,duration,brier_skill,0.0028402083021450077
family x encoding x quality_level,3,0.009132529111460017,2.593828500194971e-05,BPIC14,duration,brier_skill,0.0028402083021450077
family x encoding x rung,3,0.03216235107515823,9.134777654016682e-05,BPIC14,duration,brier_skill,0.0028402083021450077
family x encoding x split,3,0.002056107407220954,5.8397733280908004e-06,BPIC14,duration,brier_skill,0.0028402083021450077
family x quality_level x rung,3,0.000841637421513365,2.3904255919781767e-06,BPIC14,duration,brier_skill,0.0028402083021450077
family x quality_level x split,3,0.00030785105626852965,8.743611258379879e-07,BPIC14,duration,brier_skill,0.0028402083021450077
family x rung x split,3,0.0011601541075685858,3.2950793280839295e-06,BPIC14,duration,brier_skill,0.0028402083021450077
encoding x quality_level x rung,3,0.0025366032860981466,7.204481712424264e-06,BPIC14,duration,brier_skill,0.0028402083021450077
encoding x quality_level x split,3,0.0038705242027118466,1.0993094974195373e-05,BPIC14,duration,brier_skill,0.0028402083021450077
encoding x rung x split,3,0.0028237359926093406,8.019998409274723e-06,BPIC14,duration,brier_skill,0.0028402083021450077
quality_level x rung x split,3,0.0005997024185050931,1.7032797878546053e-06,BPIC14,duration,brier_skill,0.0028402083021450077
family x encoding x quality_level x rung,4,0.0006712004767672068,1.9063491665179082e-06,BPIC14,duration,brier_skill,0.0028402083021450077
family x encoding x quality_level x split,4,0.0035773310811148206,1.016036543610369e-05,BPIC14,duration,brier_skill,0.0028402083021450077
family x encoding x rung x split,4,0.001562147760006207,4.436825037146856e-06,BPIC14,duration,brier_skill,0.0028402083021450077
family x quality_level x rung x split,4,0.00011031104299120769,3.133063401219029e-07,BPIC14,duration,brier_skill,0.0028402083021450077
encoding x quality_level x rung x split,4,0.0006177903453942749,1.7546532679738515e-06,BPIC14,duration,brier_skill,0.0028402083021450077
family x encoding x quality_level x rung x split,5,0.0009596179870371324,2.725514973670544e-06,BPIC14,duration,brier_skill,0.0028402083021450077
family,1,0.07156764570962461,0.00013079606543850368,BPIC14,duration,logloss_skill,0.0018275865321767022
encoding,1,0.1011223676829366,0.00018480987727915551,BPIC14,duration,logloss_skill,0.0018275865321767022
quality_level,1,0.06488532559081263,0.00011858354718566948,BPIC14,duration,logloss_skill,0.0018275865321767022
rung,1,0.46976034356412355,0.0008585276772484927,BPIC14,duration,logloss_skill,0.0018275865321767022
split,1,0.01587873308842825,2.9019758740440042e-05,BPIC14,duration,logloss_skill,0.0018275865321767022
family x encoding,2,0.093262141546417,0.00017044463385218898,BPIC14,duration,logloss_skill,0.0018275865321767022
family x quality_level,2,0.0013206851499169073,2.413666393233909e-06,BPIC14,duration,logloss_skill,0.0018275865321767022
family x rung,2,0.015691233674689015,2.867708733709919e-05,BPIC14,duration,logloss_skill,0.0018275865321767022
family x split,2,0.0039539481214165275,7.226182335626218e-06,BPIC14,duration,logloss_skill,0.0018275865321767022
encoding x quality_level,2,0.010161397638125486,1.8570833471530288e-05,BPIC14,duration,logloss_skill,0.0018275865321767022
encoding x rung,2,0.0564447841987035,0.00010315772741317085,BPIC14,duration,logloss_skill,0.0018275865321767022
encoding x split,2,0.005970496639358137,1.0911599248497193e-05,BPIC14,duration,logloss_skill,0.0018275865321767022
quality_level x rung,2,0.011448327315701369,2.092280881812648e-05,BPIC14,duration,logloss_skill,0.0018275865321767022
quality_level x split,2,0.0059437267720361606,1.0862674999511391e-05,BPIC14,duration,logloss_skill,0.0018275865321767022
rung x split,2,0.007222123357222189,1.3199055381378062e-05,BPIC14,duration,logloss_skill,0.0018275865321767022
family x encoding x quality_level,3,0.008515580288988921,1.556295984982554e-05,BPIC14,duration,logloss_skill,0.0018275865321767022
family x encoding x rung,3,0.030031347052376568,5.488488541604792e-05,BPIC14,duration,logloss_skill,0.0018275865321767022
family x encoding x split,3,0.0015618664833699427,2.8544461500650945e-06,BPIC14,duration,logloss_skill,0.0018275865321767022
family x quality_level x rung,3,0.0009847328117247524,1.7996844245006536e-06,BPIC14,duration,logloss_skill,0.0018275865321767022
family x quality_level x split,3,0.00042987379355531694,7.856315556374053e-07,BPIC14,duration,logloss_skill,0.0018275865321767022
family x rung x split,3,0.002092149583856239,3.823584402754755e-06,BPIC14,duration,logloss_skill,0.0018275865321767022
encoding x quality_level x rung,3,0.0025403358425296297,4.642683573012907e-06,BPIC14,duration,logloss_skill,0.0018275865321767022
encoding x quality_level x split,3,0.00483688644659594,8.839828527466765e-06,BPIC14,duration,logloss_skill,0.0018275865321767022
encoding x rung x split,3,0.004163452673849357,7.609070034082165e-06,BPIC14,duration,logloss_skill,0.0018275865321767022
quality_level x rung x split,3,0.0005166223410032731,9.441720326391816e-07,BPIC14,duration,logloss_skill,0.0018275865321767022
family x encoding x quality_level x rung,4,0.0006129105832788218,1.1201471274289418e-06,BPIC14,duration,logloss_skill,0.0018275865321767022
family x encoding x quality_level x split,4,0.003942338912028683,7.204965500899773e-06,BPIC14,duration,logloss_skill,0.0018275865321767022
family x encoding x rung x split,4,0.0026925977152425203,4.920955320946989e-06,BPIC14,duration,logloss_skill,0.0018275865321767022
family x quality_level x rung x split,4,0.0001890495442673741,3.4550440101719614e-07,BPIC14,duration,logloss_skill,0.0018275865321767022
encoding x quality_level x rung x split,4,0.0009332630705549232,1.705619018724053e-06,BPIC14,duration,logloss_skill,0.0018275865321767022
family x encoding x quality_level x rung x split,5,0.0013237128072658196,2.4191996990288266e-06,BPIC14,duration,logloss_skill,0.0018275865321767022
family,1,0.06663808787570792,0.00032551668260898375,BPIC14,duration,nagelkerke,0.004884844283289329
encoding,1,0.10175583889757463,0.0004970614279301273,BPIC14,duration,nagelkerke,0.004884844283289329
quality_level,1,0.06051733950583268,0.0002956177799249462,BPIC14,duration,nagelkerke,0.004884844283289329
rung,1,0.47850445920630325,0.0023374197720823623,BPIC14,duration,nagelkerke,0.004884844283289329
split,1,0.013707783099147629,6.696038590844137e-05,BPIC14,duration,nagelkerke,0.004884844283289329
family x encoding,2,0.0929298803901456,0.00045394799497056385,BPIC14,duration,nagelkerke,0.004884844283289329
family x quality_level,2,0.0006839944779529978,3.34120651543017e-06,BPIC14,duration,nagelkerke,0.004884844283289329
family x rung,2,0.015750719744705585,7.693981330261744e-05,BPIC14,duration,nagelkerke,0.004884844283289329
family x split,2,0.003903908927547274,1.9069987207211476e-05,BPIC14,duration,nagelkerke,0.004884844283289329
encoding x quality_level,2,0.011699003937262555,5.714781250311634e-05,BPIC14,duration,nagelkerke,0.004884844283289329
encoding x rung,2,0.05520862505508053,0.00026968553648857414,BPIC14,duration,nagelkerke,0.004884844283289329
encoding x split,2,0.006047544070019052,2.954131107837285e-05,BPIC14,duration,nagelkerke,0.004884844283289329
quality_level x rung,2,0.01031527830846695,5.03885282756532e-05,BPIC14,duration,nagelkerke,0.004884844283289329
quality_level x split,2,0.005705568272260101,2.7870812557666726e-05,BPIC14,duration,nagelkerke,0.004884844283289329
rung x split,2,0.006967855488064261,3.403688904765688e-05,BPIC14,duration,nagelkerke,0.004884844283289329
family x encoding x quality_level,3,0.009943363019301148,4.8571780001503734e-05,BPIC14,duration,nagelkerke,0.004884844283289329
family x encoding x rung,3,0.03184859237034193,0.00015557541437107692,BPIC14,duration,nagelkerke,0.004884844283289329
family x encoding x split,3,0.0017027938010599276,8.317882564728094e-06,BPIC14,duration,nagelkerke,0.004884844283289329
family x quality_level x rung,3,0.0008684674722496228,4.242328367041304e-06,BPIC14,duration,nagelkerke,0.004884844283289329
family x quality_level x split,3,0.0006798614289434501,3.3210172146033263e-06,BPIC14,duration,nagelkerke,0.004884844283289329
family x rung x split,3,0.0020916708156606895,1.0217486226403247e-05,BPIC14,duration,nagelkerke,0.004884844283289329
encoding x quality_level x rung,3,0.002131184360737263,1.0410503741183041e-05,BPIC14,duration,nagelkerke,0.004884844283289329
encoding x quality_level x split,3,0.005457902416515066,2.6661003418064633e-05,BPIC14,duration,nagelkerke,0.004884844283289329
encoding x rung x split,3,0.004285999811990437,2.0936441679780624e-05,BPIC14,duration,nagelkerke,0.004884844283289329
quality_level x rung x split,3,0.000462648509686753,2.259965927715663e-06,BPIC14,duration,nagelkerke,0.004884844283289329
family x encoding x quality_level x rung,4,0.0005711734221536569,2.7900932259740935e-06,BPIC14,duration,nagelkerke,0.004884844283289329
family x encoding x quality_level x split,4,0.004432227984723134,2.1650743533409783e-05,BPIC14,duration,nagelkerke,0.004884844283289329
family x encoding x rung x split,4,0.002882010786428088,1.4078173914461428e-05,BPIC14,duration,nagelkerke,0.004884844283289329
family x quality_level x rung x split,4,0.00019555221222738317,9.552421059835142e-07,BPIC14,duration,nagelkerke,0.004884844283289329
encoding x quality_level x rung x split,4,0.0008114573195358552,3.963842648468004e-06,BPIC14,duration,nagelkerke,0.004884844283289329
family x encoding x quality_level x rung x split,5,0.001299207012374537,6.346423947207166e-06,BPIC14,duration,nagelkerke,0.004884844283289329
family,1,0.05215029194009961,1.2940045915264749e-05,BPIC14,handover,ap,0.00024812988449092146
encoding,1,0.17563885059071285,4.358124770919179e-05,BPIC14,handover,ap,0.00024812988449092146
quality_level,1,0.03172371397692959,7.87160148471857e-06,BPIC14,handover,ap,0.00024812988449092146
rung,1,0.3835181092622614,9.51623041514215e-05,BPIC14,handover,ap,0.00024812988449092146
split,1,0.006896950253768835,1.7113394698072924e-06,BPIC14,handover,ap,0.00024812988449092146
family x encoding,2,0.11513138326518538,2.8567536830870456e-05,BPIC14,handover,ap,0.00024812988449092146
family x quality_level,2,0.011505306487617646,2.8548103698052158e-06,BPIC14,handover,ap,0.00024812988449092146
family x rung,2,0.012691730696389025,3.149197671684891e-06,BPIC14,handover,ap,0.00024812988449092146
family x split,2,0.001932241872907982,4.794469527331793e-07,BPIC14,handover,ap,0.00024812988449092146
encoding x quality_level,2,0.0024137060467214985,5.989126025680441e-07,BPIC14,handover,ap,0.00024812988449092146
encoding x rung,2,0.06316996865591032,1.5674357025886156e-05,BPIC14,handover,ap,0.00024812988449092146
encoding x split,2,0.009186628655362976,2.2794771071162045e-06,BPIC14,handover,ap,0.00024812988449092146
quality_level x rung,2,0.016640901293499304,4.129104915780808e-06,BPIC14,handover,ap,0.00024812988449092146
quality_level x split,2,0.001048683432049451,2.602096988619734e-07,BPIC14,handover,ap,0.00024812988449092146
rung x split,2,0.012046512588371737,2.9890997770711104e-06,BPIC14,handover,ap,0.00024812988449092146
family x encoding x quality_level,3,0.014837821457151382,3.6817069242598883e-06,BPIC14,handover,ap,0.00024812988449092146
family x encoding x rung,3,0.03749507231059804,9.303647961407439e-06,BPIC14,handover,ap,0.00024812988449092146
family x encoding x split,3,0.0014001515075079602,3.4741943182773973e-07,BPIC14,handover,ap,0.00024812988449092146
family x quality_level x rung,3,0.005110800497510418,1.2681423371034038e-06,BPIC14,handover,ap,0.00024812988449092146
family x quality_level x split,3,0.008466768277219204,2.1008582346377993e-06,BPIC14,handover,ap,0.00024812988449092146
family x rung x split,3,0.0032315281323465187,8.018387022083049e-07,BPIC14,handover,ap,0.00024812988449092146
encoding x quality_level x rung,3,0.0024338191302210985,6.039032596535561e-07,BPIC14,handover,ap,0.00024812988449092146
encoding x quality_level x split,3,0.00043912081450808005,1.0895899698144926e-07,BPIC14,handover,ap,0.00024812988449092146
encoding x rung x split,3,0.006407967849722456,1.5900083223731713e-06,BPIC14,handover,ap,0.00024812988449092146
quality_level x rung x split,3,0.002219361434644122,5.506898964218517e-07,BPIC14,handover,ap,0.00024812988449092146
family x encoding x quality_level x rung,4,0.004840875828721524,1.2011659602155654e-06,BPIC14,handover,ap,0.00024812988449092146
family x encoding x quality_level x split,4,0.008030104841143889,1.992508986683022e-06,BPIC14,handover,ap,0.00024812988449092146
family x encoding x rung x split,4,0.0004859158123021775,1.2057023437885158e-07,BPIC14,handover,ap,0.00024812988449092146
family x quality_level x rung x split,4,0.0037789348139171696,9.376666588759891e-07,BPIC14,handover,ap,0.00024812988449092146
encoding x quality_level x rung x split,4,0.0016035565894277131,3.978903113093544e-07,BPIC14,handover,ap,0.00024812988449092146
family x encoding x quality_level x rung x split,5,0.0035232216852708036,8.742165898021541e-07,BPIC14,handover,ap,0.00024812988449092146
family,1,0.03919650160269092,0.00033796333921476624,BPIC14,handover,auc,0.00862228324967564
encoding,1,0.13559048313001293,0.001169099551507338,BPIC14,handover,auc,0.00862228324967564
quality_level,1,0.05639401733149667,0.0004862451910192814,BPIC14,handover,auc,0.00862228324967564
rung,1,0.45891987920243676,0.003956937187390338,BPIC14,handover,auc,0.00862228324967564
split,1,0.02060336681121463,0.0001776480645432589,BPIC14,handover,auc,0.00862228324967564
family x encoding,2,0.10554128197095577,0.0009100068276874655,BPIC14,handover,auc,0.00862228324967564
family x quality_level,2,0.008263863780168395,7.125337424934716e-05,BPIC14,handover,auc,0.00862228324967564
family x rung,2,0.013232710801328294,0.00011409618069009486,BPIC14,handover,auc,0.00862228324967564
family x split,2,0.0038993414727144407,3.362122666495126e-05,BPIC14,handover,auc,0.00862228324967564
encoding x quality_level,2,0.004130146162696203,3.561129007732759e-05,BPIC14,handover,auc,0.00862228324967564
encoding x rung,2,0.05459049308964023,0.0004706946941583387,BPIC14,handover,auc,0.00862228324967564
encoding x split,2,0.0008279082759911294,7.138459660346151e-06,BPIC14,handover,auc,0.00862228324967564
quality_level x rung,2,0.02151144974221555,0.0001854778127885445,BPIC14,handover,auc,0.00862228324967564
quality_level x split,2,0.0005471810430198885,4.717949941770431e-06,BPIC14,handover,auc,0.00862228324967564
rung x split,2,0.00569117623429056,4.907093351587558e-05,BPIC14,handover,auc,0.00862228324967564
family x encoding x quality_level,3,0.010991434535005673,9.477126188108576e-05,BPIC14,handover,auc,0.00862228324967564
family x encoding x rung,3,0.03918363695136458,0.00033785241654712224,BPIC14,handover,auc,0.00862228324967564
family x encoding x split,3,0.0011081023232274987,9.554372100491123e-06,BPIC14,handover,auc,0.00862228324967564
family x quality_level x rung,3,0.002824936453327136,2.4357402262920674e-05,BPIC14,handover,auc,0.00862228324967564
family x quality_level x split,3,0.0014397457688634107,1.2413895826662362e-05,BPIC14,handover,auc,0.00862228324967564
family x rung x split,3,0.0034882177374866105,3.0076401369152257e-05,BPIC14,handover,auc,0.00862228324967564
encoding x quality_level x rung,3,0.0020610626291668287,1.777106578399758e-05,BPIC14,handover,auc,0.00862228324967564
encoding x quality_level x split,3,0.0004208641034746267,3.628809509779029e-06,BPIC14,handover,auc,0.00862228324967564
encoding x rung x split,3,0.0018820758619808066,1.622779117937595e-05,BPIC14,handover,auc,0.00862228324967564
quality_level x rung x split,3,0.00021919836593594033,1.8899903989657296e-06,BPIC14,handover,auc,0.00862228324967564
family x encoding x quality_level x rung,4,0.004368318088610214,3.766487588467895e-05,BPIC14,handover,auc,0.00862228324967564
family x encoding x quality_level x split,4,0.0007166174547476595,6.178878676495935e-06,BPIC14,handover,auc,0.00862228324967564
family x encoding x rung x split,4,0.0006983201104823316,6.02111379152345e-06,BPIC14,handover,auc,0.00862228324967564
family x quality_level x rung x split,4,0.0006260836916689364,5.398270927572158e-06,BPIC14,handover,auc,0.00862228324967564
encoding x quality_level x rung x split,4,0.0005472663371631571,4.71868537203323e-06,BPIC14,handover,auc,0.00862228324967564
family x encoding x quality_level x rung x split,5,0.000484318936622279,4.1759350547389935e-06,BPIC14,handover,auc,0.00862228324967564
family,1,0.05199851710991251,0.00048308880153233633,BPIC14,handover,brier_skill,0.009290434196636827
encoding,1,0.10034766312610711,0.0009322733610593779,BPIC14,handover,brier_skill,0.009290434196636827
quality_level,1,0.11138112128441982,0.0010347789780405278,BPIC14,handover,brier_skill,0.009290434196636827
rung,1,0.4522624344087559,0.004201714386485326,BPIC14,handover,brier_skill,0.009290434196636827
split,1,0.006351299152209107,5.9006326836753974e-05,BPIC14,handover,brier_skill,0.009290434196636827
family x encoding,2,0.10434359742708715,0.0009693973257367169,BPIC14,handover,brier_skill,0.009290434196636827
family x quality_level,2,0.00850243580221771,7.899132033163268e-05,BPIC14,handover,brier_skill,0.009290434196636827
family x rung,2,0.0209005216036581,0.00019417492063417198,BPIC14,handover,brier_skill,0.009290434196636827
family x split,2,3.997931669675157e-05,3.7142521099767445e-07,BPIC14,handover,brier_skill,0.009290434196636827
encoding x quality_level,2,0.0076302526931701885,7.088836054960856e-05,BPIC14,handover,brier_skill,0.009290434196636827
encoding x rung,2,0.04719460527214504,0.000438458374717113,BPIC14,handover,brier_skill,0.009290434196636827
encoding x split,2,0.0015740822787265484,1.4623907830601147e-05,BPIC14,handover,brier_skill,0.009290434196636827
quality_level x rung,2,0.019173435112296223,0.0001781295372342741,BPIC14,handover,brier_skill,0.009290434196636827
quality_level x split,2,0.005585162437772568,5.1888584105653766e-05,BPIC14,handover,brier_skill,0.009290434196636827
rung x split,2,0.004509542921061726,4.1895611765033384e-05,BPIC14,handover,brier_skill,0.009290434196636827
family x encoding x quality_level,3,0.008229131600385449,7.64522056288457e-05,BPIC14,handover,brier_skill,0.009290434196636827
family x encoding x rung,3,0.02957383313016305,0.00027475375063809793,BPIC14,handover,brier_skill,0.009290434196636827
family x encoding x split,3,0.0013989883868012131,1.299720954943578e-05,BPIC14,handover,brier_skill,0.009290434196636827
family x quality_level x rung,3,0.0016838992585882662,1.5644155255679828e-05,BPIC14,handover,brier_skill,0.009290434196636827
family x quality_level x split,3,0.0006962233382958836,6.468217110600727e-06,BPIC14,handover,brier_skill,0.009290434196636827
family x rung x split,3,0.0009099094948858926,8.453454287132438e-06,BPIC14,handover,brier_skill,0.009290434196636827
encoding x quality_level x rung,3,0.003309128699935665,3.0743242434954667e-05,BPIC14,handover,brier_skill,0.009290434196636827
encoding x quality_level x split,3,0.001179785567105617,1.0960720177336596e-05,BPIC14,handover,brier_skill,0.009290434196636827
encoding x rung x split,3,0.0010842444767215507,1.0073101964048497e-05,BPIC14,handover,brier_skill,0.009290434196636827
quality_level x rung x split,3,0.0015907382873759108,1.4778649382936662e-05,BPIC14,handover,brier_skill,0.009290434196636827
family x encoding x quality_level x rung,4,0.002914381874308189,2.7075873027131328e-05,BPIC14,handover,brier_skill,0.009290434196636827
family x encoding x quality_level x split,4,0.0010517737542714764,9.771434853808824e-06,BPIC14,handover,brier_skill,0.009290434196636827
family x encoding x rung x split,4,0.001015459860305063,9.434063011490214e-06,BPIC14,handover,brier_skill,0.009290434196636827
family x quality_level x rung x split,4,0.0006497437175476249,6.0364012525543935e-06,BPIC14,handover,brier_skill,0.009290434196636827
encoding x quality_level x rung x split,4,0.0007487398508524992,6.956118314744817e-06,BPIC14,handover,brier_skill,0.009290434196636827
family x encoding x quality_level x rung x split,5,0.002169368756220235,2.015437767790397e-05,BPIC14,handover,brier_skill,0.009290434196636827
family,1,0.045517672298631726,0.0005327576781263437,BPIC14,handover,logloss_skill,0.011704413939074792
encoding,1,0.11797513827297339,0.0013808298528664657,BPIC14,handover,logloss_skill,0.011704413939074792
quality_level,1,0.12841405592605995,0.001503011266154106,BPIC14,handover,logloss_skill,0.011704413939074792
rung,1,0.4159266633861031,0.004868177836569175,BPIC14,handover,logloss_skill,0.011704413939074792
split,1,0.013721392669507422,0.00016060085962450136,BPIC14,handover,logloss_skill,0.011704413939074792
family x encoding,2,0.08373374354206127,0.0009800543950846158,BPIC14,handover,logloss_skill,0.011704413939074792
family x quality_level,2,0.019051233351707313,0.00022298352119828966,BPIC14,handover,logloss_skill,0.011704413939074792
family x rung,2,0.016855334560926402,0.00019728181278267607,BPIC14,handover,logloss_skill,0.011704413939074792
family x split,2,0.0016809009269300123,1.9673960239363375e-05,BPIC14,handover,logloss_skill,0.011704413939074792
encoding x quality_level,2,0.0048903343075997075,5.723849703660569e-05,BPIC14,handover,logloss_skill,0.011704413939074792
encoding x rung,2,0.05223324329976415,0.0006113595009608445,BPIC14,handover,logloss_skill,0.011704413939074792
encoding x split,2,0.0009030622673087482,1.0569814589340998e-05,BPIC14,handover,logloss_skill,0.011704413939074792
quality_level x rung,2,0.030842624575354232,0.0003609948449974268,BPIC14,handover,logloss_skill,0.011704413939074792
quality_level x split,2,0.0011639620855065128,1.3623494058156994e-05,BPIC14,handover,logloss_skill,0.011704413939074792
rung x split,2,0.0035603865400443517,4.167223784778938e-05,BPIC14,handover,logloss_skill,0.011704413939074792
family x encoding x quality_level,3,0.01615039711585406,0.00018903093312439557,BPIC14,handover,logloss_skill,0.011704413939074792
family x encoding x rung,3,0.02255018340800236,0.00026393668100931593,BPIC14,handover,logloss_skill,0.011704413939074792
family x encoding x split,3,0.0013341023091102766,1.561488566290219e-05,BPIC14,handover,logloss_skill,0.011704413939074792
family x quality_level x rung,3,0.0037797757617042934,4.4240060111868774e-05,BPIC14,handover,logloss_skill,0.011704413939074792
family x quality_level x split,3,0.001622223249863235,1.8987172417990458e-05,BPIC14,handover,logloss_skill,0.011704413939074792
family x rung x split,3,0.0004635907502729921,5.42605803952135e-06,BPIC14,handover,logloss_skill,0.011704413939074792
encoding x quality_level x rung,3,0.0027416736024420026,3.208968272881558e-05,BPIC14,handover,logloss_skill,0.011704413939074792
encoding x quality_level x split,3,0.0008633409302698801,1.0104899618424583e-05,BPIC14,handover,logloss_skill,0.011704413939074792
encoding x rung x split,3,0.0014580970729847918,1.7066171705567352e-05,BPIC14,handover,logloss_skill,0.011704413939074792
quality_level x rung x split,3,0.0013543967514189053,1.585242021634505e-05,BPIC14,handover,logloss_skill,0.011704413939074792
family x encoding x quality_level x rung,4,0.006376578556301502,7.463411493798071e-05,BPIC14,handover,logloss_skill,0.011704413939074792
family x encoding x quality_level x split,4,0.0016984297081421987,1.9879124350518283e-05,BPIC14,handover,logloss_skill,0.011704413939074792
family x encoding x rung x split,4,0.0002821228696522849,3.3020828480899843e-06,BPIC14,handover,logloss_skill,0.011704413939074792
family x quality_level x rung x split,4,0.0014160180245618016,1.65736611046623e-05,BPIC14,handover,logloss_skill,0.011704413939074792
encoding x quality_level x rung x split,4,0.0008682750504659794,1.0162650603624879e-05,BPIC14,handover,logloss_skill,0.011704413939074792
family x encoding x quality_level x rung x split,5,0.0005710468284750814,6.683768459068194e-06,BPIC14,handover,logloss_skill,0.011704413939074792
family,1,0.04307097206343372,0.0006825253776114423,BPIC14,handover,nagelkerke,0.015846528297671993
encoding,1,0.12178268859635792,0.001929832821008762,BPIC14,handover,nagelkerke,0.015846528297671993
quality_level,1,0.11771361680982166,0.0018653521597981565,BPIC14,handover,nagelkerke,0.015846528297671993
rung,1,0.4299219109457091,0.006812769727590397,BPIC14,handover,nagelkerke,0.015846528297671993
split,1,0.00912242673353704,0.0001445587933764342,BPIC14,handover,nagelkerke,0.015846528297671993
family x encoding,2,0.08504366643541336,0.0013476468667065558,BPIC14,handover,nagelkerke,0.015846528297671993
family x quality_level,2,0.017738663759619838,0.0002810962372297044,BPIC14,handover,nagelkerke,0.015846528297671993
family x rung,2,0.016159447613396494,0.0002560711438804357,BPIC14,handover,nagelkerke,0.015846528297671993
family x split,2,0.0017025680692797566,2.6979793088554435e-05,BPIC14,handover,nagelkerke,0.015846528297671993
encoding x quality_level,2,0.00434298542242465,6.882124139282917e-05,BPIC14,handover,nagelkerke,0.015846528297671993
encoding x rung,2,0.053910533055054825,0.0008542947875995077,BPIC14,handover,nagelkerke,0.015846528297671993
encoding x split,2,0.000507956560170755,8.049348004733995e-06,BPIC14,handover,nagelkerke,0.015846528297671993
quality_level x rung,2,0.03040393916081233,0.00048179688227251025,BPIC14,handover,nagelkerke,0.015846528297671993
quality_level x split,2,0.0011919451036072563,1.8888191813583964e-05,BPIC14,handover,nagelkerke,0.015846528297671993
rung x split,2,0.0028009788062097014,4.438578991378155e-05,BPIC14,handover,nagelkerke,0.015846528297671993
family x encoding x quality_level,3,0.01572343681324322,0.0002491618863977162,BPIC14,handover,nagelkerke,0.015846528297671993
family x encoding x rung,3,0.024135790846854445,0.00038246849264137166,BPIC14,handover,nagelkerke,0.015846528297671993
family x encoding x split,3,0.0009440275317845045,1.4959558996204597e-05,BPIC14,handover,nagelkerke,0.015846528297671993
family x quality_level x rung,3,0.004085881713033392,6.474704018652417e-05,BPIC14,handover,nagelkerke,0.015846528297671993
family x quality_level x split,3,0.0018670341042941027,2.9586008766415183e-05,BPIC14,handover,nagelkerke,0.015846528297671993
family x rung x split,3,0.0004270943092528252,6.767962057349568e-06,BPIC14,handover,nagelkerke,0.015846528297671993
encoding x quality_level x rung,3,0.002468629815982956,3.911921223545072e-05,BPIC14,handover,nagelkerke,0.015846528297671993
encoding x quality_level x split,3,0.0007230847968798845,1.1458383695373494e-05,BPIC14,handover,nagelkerke,0.015846528297671993
encoding x rung x split,3,0.00135042536636062,2.1399553781927632e-05,BPIC14,handover,nagelkerke,0.015846528297671993
quality_level x rung x split,3,0.0012760697936971498,2.0221276095626347e-05,BPIC14,handover,nagelkerke,0.015846528297671993
family x encoding x quality_level x rung,4,0.006490993128626821,0.00010285970629277937,BPIC14,handover,nagelkerke,0.015846528297671993
family x encoding x quality_level x split,4,0.001972849325280992,3.1262812660108335e-05,BPIC14,handover,nagelkerke,0.015846528297671993
family x encoding x rung x split,4,0.00028077197483925053,4.449261044483433e-06,BPIC14,handover,nagelkerke,0.015846528297671993
family x quality_level x rung x split,4,0.0014289784332020697,2.2644347178499588e-05,BPIC14,handover,nagelkerke,0.015846528297671993
encoding x quality_level x rung x split,4,0.0009215358565643824,1.4603144028366884e-05,BPIC14,handover,nagelkerke,0.015846528297671993
family x encoding x quality_level x rung x split,5,0.0004890970552549289,7.750490326405272e-06,BPIC14,handover,nagelkerke,0.015846528297671993
family,1,0.09200628419695962,6.966380030790877e-05,Helpdesk,duration,ap,0.0007571635015579819
encoding,1,0.053470552320100326,4.0485950624926436e-05,Helpdesk,duration,ap,0.0007571635015579819
quality_level,1,0.04952779898990727,3.750064170765807e-05,Helpdesk,duration,ap,0.0007571635015579819
rung,1,0.09106662121840849,6.895232179678459e-05,Helpdesk,duration,ap,0.0007571635015579819
split,1,0.01490985062624247,1.1289194707872218e-05,Helpdesk,duration,ap,0.0007571635015579819
family x encoding,2,0.02151755982790676,1.6292310944281248e-05,Helpdesk,duration,ap,0.0007571635015579819
family x quality_level,2,0.014613504000881267,1.1064811859338838e-05,Helpdesk,duration,ap,0.0007571635015579819
family x rung,2,0.0590915539916444,4.4741967932816015e-05,Helpdesk,duration,ap,0.0007571635015579819
family x split,2,0.011630343849561674,8.806071873457456e-06,Helpdesk,duration,ap,0.0007571635015579819
encoding x quality_level,2,0.0579913483094618,4.3908932346060654e-05,Helpdesk,duration,ap,0.0007571635015579819
encoding x rung,2,0.07682333239955348,5.816782336099868e-05,Helpdesk,duration,ap,0.0007571635015579819
encoding x split,2,0.05761972984122439,4.36275564054064e-05,Helpdesk,duration,ap,0.0007571635015579819
quality_level x rung,2,0.011407059088249556,8.637008801737834e-06,Helpdesk,duration,ap,0.0007571635015579819
quality_level x split,2,0.0030235734916980997,2.289339492192027e-06,Helpdesk,duration,ap,0.0007571635015579819
rung x split,2,0.03977645005638808,3.0117276204240987e-05,Helpdesk,duration,ap,0.0007571635015579819
family x encoding x quality_level,3,0.004730833467639972,3.582014433645971e-06,Helpdesk,duration,ap,0.0007571635015579819
family x encoding x rung,3,0.10771488221912931,8.155777739094156e-05,Helpdesk,duration,ap,0.0007571635015579819
family x encoding x split,3,0.046504488872774884,3.521150163307444e-05,Helpdesk,duration,ap,0.0007571635015579819
family x quality_level x rung,3,0.014971553783925307,1.1335914086800539e-05,Helpdesk,duration,ap,0.0007571635015579819
family x quality_level x split,3,0.002086683881759484,1.579960874557613e-06,Helpdesk,duration,ap,0.0007571635015579819
family x rung x split,3,0.01594204742220407,1.2070736448199433e-05,Helpdesk,duration,ap,0.0007571635015579819
encoding x quality_level x rung,3,0.012589646297848244,9.53242067425526e-06,Helpdesk,duration,ap,0.0007571635015579819
encoding x quality_level x split,3,0.011884516646526821,8.998522238408372e-06,Helpdesk,duration,ap,0.0007571635015579819
encoding x rung x split,3,0.03897766002247014,2.9512461545150062e-05,Helpdesk,duration,ap,0.0007571635015579819
quality_level x rung x split,3,0.0040138990452466125,3.0391778559991654e-06,Helpdesk,duration,ap,0.0007571635015579819
family x encoding x quality_level x rung,4,0.016853054781519612,1.2760517970323879e-05,Helpdesk,duration,ap,0.0007571635015579819
family x encoding x quality_level x split,4,0.00822064905749379,6.224375425451321e-06,Helpdesk,duration,ap,0.0007571635015579819
family x encoding x rung x split,4,0.041075816936025224,3.1101109380635516e-05,Helpdesk,duration,ap,0.0007571635015579819
family x quality_level x rung x split,4,0.0027485282522248036,2.0810852755855724e-06,Helpdesk,duration,ap,0.0007571635015579819
encoding x quality_level x rung x split,4,0.007483402724979225,5.666159410813814e-06,Helpdesk,duration,ap,0.0007571635015579819
family x encoding x quality_level x rung x split,5,0.009726774380044883,7.364758548459253e-06,Helpdesk,duration,ap,0.0007571635015579819
family,1,0.15045606772379608,6.548481772299739e-05,Helpdesk,duration,auc,0.0004352421189367581
encoding,1,0.016863476762914102,7.339695358931516e-06,Helpdesk,duration,auc,0.0004352421189367581
quality_level,1,0.03382966485628855,1.4724095014971405e-05,Helpdesk,duration,auc,0.0004352421189367581
rung,1,0.04938270887793902,2.1493434850871233e-05,Helpdesk,duration,auc,0.0004352421189367581
split,1,0.03357633736839385,1.461383622235519e-05,Helpdesk,duration,auc,0.0004352421189367581
family x encoding,2,0.0006628472389939164,2.8849903683109186e-07,Helpdesk,duration,auc,0.0004352421189367581
family x quality_level,2,0.018895654416663177,8.224184667005193e-06,Helpdesk,duration,auc,0.0004352421189367581
family x rung,2,0.034519575936360174,1.5024373375339727e-05,Helpdesk,duration,auc,0.0004352421189367581
family x split,2,0.009867641270443548,4.2948130954556534e-06,Helpdesk,duration,auc,0.0004352421189367581
encoding x quality_level,2,0.014987341315273248,6.523122191287947e-06,Helpdesk,duration,auc,0.0004352421189367581
encoding x rung,2,0.06977292650696075,3.036811637730829e-05,Helpdesk,duration,auc,0.0004352421189367581
encoding x split,2,0.07538891140836788,3.281242954571357e-05,Helpdesk,duration,auc,0.0004352421189367581
quality_level x rung,2,0.013440234028251011,5.84975593746189e-06,Helpdesk,duration,auc,0.0004352421189367581
quality_level x split,2,0.021341731497274544,9.288820438653123e-06,Helpdesk,duration,auc,0.0004352421189367581
rung x split,2,0.030977839548165034,1.3482860525026254e-05,Helpdesk,duration,auc,0.0004352421189367581
family x encoding x quality_level,3,0.005324053636633002,2.3172523861411005e-06,Helpdesk,duration,auc,0.0004352421189367581
family x encoding x rung,3,0.09368744160716773,4.0776720602867474e-05,Helpdesk,duration,auc,0.0004352421189367581
family x encoding x split,3,0.0795857701969921,3.463907925775274e-05,Helpdesk,duration,auc,0.0004352421189367581
family x quality_level x rung,3,0.009870138205062001,4.2958998665698355e-06,Helpdesk,duration,auc,0.0004352421189367581
family x quality_level x split,3,0.012592004082159833,5.480570538379553e-06,Helpdesk,duration,auc,0.0004352421189367581
family x rung x split,3,0.033137488046731306,1.4422830513700826e-05,Helpdesk,duration,auc,0.0004352421189367581
encoding x quality_level x rung,3,0.013150254651600026,5.723544699120355e-06,Helpdesk,duration,auc,0.0004352421189367581
encoding x quality_level x split,3,0.013360274364822641,5.814954124121856e-06,Helpdesk,duration,auc,0.0004352421189367581
encoding x rung x split,3,0.03689352267406401,1.605761498370095e-05,Helpdesk,duration,auc,0.0004352421189367581
quality_level x rung x split,3,0.002853372788832043,1.241908018727745e-06,Helpdesk,duration,auc,0.0004352421189367581
family x encoding x quality_level x rung,4,0.013539201376252278,5.8928306957115125e-06,Helpdesk,duration,auc,0.0004352421189367581
family x encoding x quality_level x split,4,0.02299755678665849,1.0009505346193663e-05,Helpdesk,duration,auc,0.0004352421189367581
family x encoding x rung x split,4,0.06125466877557364,2.6660611832649942e-05,Helpdesk,duration,auc,0.0004352421189367581
family x quality_level x rung x split,4,0.004066215735466104,1.769788352758255e-06,Helpdesk,duration,auc,0.0004352421189367581
encoding x quality_level x rung x split,4,0.010776713516967648,4.690479626299401e-06,Helpdesk,duration,auc,0.0004352421189367581
family x encoding x quality_level x rung x split,5,0.012948364798932297,5.635673731853423e-06,Helpdesk,duration,auc,0.0004352421189367581
family,1,0.3765851324420711,0.0015666616169839286,Helpdesk,duration,brier_skill,0.0041601791521202
encoding,1,0.08191280500375324,0.00034077194366830145,Helpdesk,duration,brier_skill,0.0041601791521202
quality_level,1,0.0631525939628366,0.0002627261048065048,Helpdesk,duration,brier_skill,0.0041601791521202
rung,1,0.03315538216452607,0.00013793232966143927,Helpdesk,duration,brier_skill,0.0041601791521202
split,1,0.000999055204080008,4.156248631830842e-06,Helpdesk,duration,brier_skill,0.0041601791521202
family x encoding,2,0.013574773193761295,5.6473488435445884e-05,Helpdesk,duration,brier_skill,0.0041601791521202
family x quality_level,2,0.04035155671456452,0.0001678697049995272,Helpdesk,duration,brier_skill,0.0041601791521202
family x rung,2,0.03243811405829963,0.00013494836583943532,Helpdesk,duration,brier_skill,0.0041601791521202
family x split,2,0.0026571293354862788,1.1054134065977019e-05,Helpdesk,duration,brier_skill,0.0041601791521202
encoding x quality_level,2,0.04018950747381958,0.0001671955511265632,Helpdesk,duration,brier_skill,0.0041601791521202
encoding x rung,2,0.06470277703536984,0.00026917514410682724,Helpdesk,duration,brier_skill,0.0041601791521202
encoding x split,2,0.008792912744107895,3.6580092284449687e-05,Helpdesk,duration,brier_skill,0.0041601791521202
quality_level x rung,2,0.011959161945702772,4.975225620334192e-05,Helpdesk,duration,brier_skill,0.0041601791521202
quality_level x split,2,0.0050499195123469,2.100856987515058e-05,Helpdesk,duration,brier_skill,0.0041601791521202
rung x split,2,0.016225971243274358,6.750294728917186e-05,Helpdesk,duration,brier_skill,0.0041601791521202
family x encoding x quality_level,3,0.013773735105032789,5.730120563078354e-05,Helpdesk,duration,brier_skill,0.0041601791521202
family x encoding x rung,3,0.06664455194411914,0.0002772532756003162,Helpdesk,duration,brier_skill,0.0041601791521202
family x encoding x split,3,0.011294940119863253,4.698897441110114e-05,Helpdesk,duration,brier_skill,0.0041601791521202
family x quality_level x rung,3,0.011662914133614893,4.851981223163271e-05,Helpdesk,duration,brier_skill,0.0041601791521202
family x quality_level x split,3,0.003237276333612586,1.3467649512747199e-05,Helpdesk,duration,brier_skill,0.0041601791521202
family x rung x split,3,0.015374772781686957,6.396180919495917e-05,Helpdesk,duration,brier_skill,0.0041601791521202
encoding x quality_level x rung,3,0.0102963661282861,4.2834727709492414e-05,Helpdesk,duration,brier_skill,0.0041601791521202
encoding x quality_level x split,3,0.0045757053736291695,1.903575410161644e-05,Helpdesk,duration,brier_skill,0.0041601791521202
encoding x rung x split,3,0.01833430799463997,7.627400588785191e-05,Helpdesk,duration,brier_skill,0.0041601791521202
quality_level x rung x split,3,0.0035096681786761534,1.4600848387788206e-05,Helpdesk,duration,brier_skill,0.0041601791521202
family x encoding x quality_level x rung,4,0.010116719417905248,4.208736521021902e-05,Helpdesk,duration,brier_skill,0.0041601791521202
family x encoding x quality_level x split,4,0.003731088591304868,1.5521996972260037e-05,Helpdesk,duration,brier_skill,0.0041601791521202
family x encoding x rung x split,4,0.01932196809025933,8.038284882702862e-05,Helpdesk,duration,brier_skill,0.0041601791521202
family x quality_level x rung x split,4,0.0033886302046842866,1.4097308731772375e-05,Helpdesk,duration,brier_skill,0.0041601791521202
encoding x quality_level x rung x split,4,0.006318404562883906,2.628569493717077e-05,Helpdesk,duration,brier_skill,0.0041601791521202
family x encoding x quality_level x rung x split,5,0.006672159005801189,2.7757376795565146e-05,Helpdesk,duration,brier_skill,0.0041601791521202
family,1,0.2912312549420122,0.003221821201034215,Helpdesk,duration,logloss_skill,0.011062759049250123
encoding,1,0.10385115441058508,0.001148880298230772,Helpdesk,duration,logloss_skill,0.011062759049250123
quality_level,1,0.0471184618495008,0.0005212601902123117,Helpdesk,duration,logloss_skill,0.011062759049250123
rung,1,0.0267445037775469,0.0002958680011827611,Helpdesk,duration,logloss_skill,0.011062759049250123
split,1,0.006590679050373496,7.29110943052226e-05,Helpdesk,duration,logloss_skill,0.011062759049250123
family x encoding,2,0.05453799889842166,0.0006033407408415075,Helpdesk,duration,logloss_skill,0.011062759049250123
family x quality_level,2,0.035583605341464604,0.00039365285199623255,Helpdesk,duration,logloss_skill,0.011062759049250123
family x rung,2,0.026576896636957878,0.0002940138037714909,Helpdesk,duration,logloss_skill,0.011062759049250123
family x split,2,0.008411852679695159,9.305829935325651e-05,Helpdesk,duration,logloss_skill,0.011062759049250123
encoding x quality_level,2,0.04779730787238502,0.0005287701001950216,Helpdesk,duration,logloss_skill,0.011062759049250123
encoding x rung,2,0.07061605036711932,0.0007812083502211517,Helpdesk,duration,logloss_skill,0.011062759049250123
encoding x split,2,0.008823867668926766,9.761632190380516e-05,Helpdesk,duration,logloss_skill,0.011062759049250123
quality_level x rung,2,0.011904867365554857,0.00013170067917841447,Helpdesk,duration,logloss_skill,0.011062759049250123
quality_level x split,2,0.0035214077916357325,3.895648591301809e-05,Helpdesk,duration,logloss_skill,0.011062759049250123
rung x split,2,0.01063628411501581,0.00011766664834378649,Helpdesk,duration,logloss_skill,0.011062759049250123
family x encoding x quality_level,3,0.03030462418908175,0.0003352527554818883,Helpdesk,duration,logloss_skill,0.011062759049250123
family x encoding x rung,3,0.07217451562241305,0.0007984492758270944,Helpdesk,duration,logloss_skill,0.011062759049250123
family x encoding x split,3,0.01176955504466272,0.00013020375157598996,Helpdesk,duration,logloss_skill,0.011062759049250123
family x quality_level x rung,3,0.011851678519433003,0.00013111226378966076,Helpdesk,duration,logloss_skill,0.011062759049250123
family x quality_level x split,3,0.003310463979110097,3.662286534211679e-05,Helpdesk,duration,logloss_skill,0.011062759049250123
family x rung x split,3,0.010078781372472681,0.00011149912983373573,Helpdesk,duration,logloss_skill,0.011062759049250123
encoding x quality_level x rung,3,0.014664175283151268,0.00016222623781347168,Helpdesk,duration,logloss_skill,0.011062759049250123
encoding x quality_level x split,3,0.004235465949849383,4.6855939264487034e-05,Helpdesk,duration,logloss_skill,0.011062759049250123
encoding x rung x split,3,0.02729126677975196,0.00030191670853320026,Helpdesk,duration,logloss_skill,0.011062759049250123
quality_level x rung x split,3,0.002411081092764187,2.667320917745289e-05,Helpdesk,duration,logloss_skill,0.011062759049250123
family x encoding x quality_level x rung,4,0.014719956008664306,0.00016284332653941478,Helpdesk,duration,logloss_skill,0.011062759049250123
family x encoding x quality_level x split,4,0.004582834425394722,5.069879301075045e-05,Helpdesk,duration,logloss_skill,0.011062759049250123
family x encoding x rung x split,4,0.027700936347257107,0.0003064487842483202,Helpdesk,duration,logloss_skill,0.011062759049250123
family x quality_level x rung x split,4,0.0023968885772684416,2.6516200798220707e-05,Helpdesk,duration,logloss_skill,0.011062759049250123
encoding x quality_level x rung x split,4,0.004251795927288313,4.7036593870173607e-05,Helpdesk,duration,logloss_skill,0.011062759049250123
family x encoding x quality_level x rung x split,5,0.004309788114241792,4.767814746117901e-05,Helpdesk,duration,logloss_skill,0.011062759049250123
family,1,0.2407959840815031,0.01320195853465111,Helpdesk,duration,nagelkerke,0.05482632355771595
encoding,1,0.1129864866795052,0.006194633676340116,Helpdesk,duration,nagelkerke,0.05482632355771595
quality_level,1,0.045844316598526204,0.0025134753351131658,Helpdesk,duration,nagelkerke,0.05482632355771595
rung,1,0.024917716672109073,0.0013661467965845452,Helpdesk,duration,nagelkerke,0.05482632355771595
split,1,0.004431347364789502,0.00024295448441858118,Helpdesk,duration,nagelkerke,0.05482632355771595
family x encoding,2,0.07267954862864509,0.0039847524491428464,Helpdesk,duration,nagelkerke,0.05482632355771595
family x quality_level,2,0.037178037459425446,0.0020383351109913433,Helpdesk,duration,nagelkerke,0.05482632355771595
family x rung,2,0.024707403567790113,0.0013546161022787262,Helpdesk,duration,nagelkerke,0.05482632355771595
family x split,2,0.005599367967967335,0.0003069927599304876,Helpdesk,duration,nagelkerke,0.05482632355771595
encoding x quality_level,2,0.05264235117993994,0.0028861865786302975,Helpdesk,duration,nagelkerke,0.05482632355771595
encoding x rung,2,0.06977541337289428,0.0038255293899556826,Helpdesk,duration,nagelkerke,0.05482632355771595
encoding x split,2,0.007146744070584056,0.0003918297027980294,Helpdesk,duration,nagelkerke,0.05482632355771595
quality_level x rung,2,0.011498328611415375,0.0006304110848224021,Helpdesk,duration,nagelkerke,0.05482632355771595
quality_level x split,2,0.003721528290381567,0.00020403771417765328,Helpdesk,duration,nagelkerke,0.05482632355771595
rung x split,2,0.0127609411167241,0.0006996354865664767,Helpdesk,duration,nagelkerke,0.05482632355771595
family x encoding x quality_level,3,0.03822804877740008,0.0020959033712498847,Helpdesk,duration,nagelkerke,0.05482632355771595
family x encoding x rung,3,0.07115163224180521,0.003900982410948827,Helpdesk,duration,nagelkerke,0.05482632355771595
family x encoding x split,3,0.009879955015065795,0.0005416816103916757,Helpdesk,duration,nagelkerke,0.05482632355771595
family x quality_level x rung,3,0.01146486688408148,0.000628576501332794,Helpdesk,duration,nagelkerke,0.05482632355771595
family x quality_level x split,3,0.00347980499369434,0.0001907849145020416,Helpdesk,duration,nagelkerke,0.05482632355771595
family x rung x split,3,0.01223356466099863,0.0006707213743681505,Helpdesk,duration,nagelkerke,0.05482632355771595
encoding x quality_level x rung,3,0.015598445898276877,0.0008552054418164553,Helpdesk,duration,nagelkerke,0.05482632355771595
encoding x quality_level x split,3,0.005605677035419911,0.00030733866290399,Helpdesk,duration,nagelkerke,0.05482632355771595
encoding x rung x split,3,0.032863263980889255,0.0018017719441788668,Helpdesk,duration,nagelkerke,0.05482632355771595
quality_level x rung x split,3,0.0032656671352463877,0.0001790445229888178,Helpdesk,duration,nagelkerke,0.05482632355771595
family x encoding x quality_level x rung,4,0.015751564513395145,0.0008636003725516389,Helpdesk,duration,nagelkerke,0.05482632355771595
family x encoding x quality_level x split,4,0.0057771279692402314,0.00031673868727589543,Helpdesk,duration,nagelkerke,0.05482632355771595
family x encoding x rung x split,4,0.03326989903075334,0.0018240662489926232,Helpdesk,duration,nagelkerke,0.05482632355771595
family x quality_level x rung x split,4,0.0032543710385950875,0.00017842519953887437,Helpdesk,duration,nagelkerke,0.05482632355771595
encoding x quality_level x rung x split,4,0.005704816248219682,0.0003127741014622075,Helpdesk,duration,nagelkerke,0.05482632355771595
family x encoding x quality_level x rung x split,5,0.005785778914718124,0.00031721298681174656,Helpdesk,duration,nagelkerke,0.05482632355771595
family,1,0.054595726513502627,2.0662208552237142e-05,UCI498,duration,ap,0.0003784583496132607
encoding,1,0.07215187118559092,2.730647809040732e-05,UCI498,duration,ap,0.0003784583496132607
quality_level,1,0.0037195779570298486,1.4077053348753803e-06,UCI498,duration,ap,0.0003784583496132607
rung,1,0.3463526544217867,0.0001310800539766414,UCI498,duration,ap,0.0003784583496132607
split,1,0.0057854420380732555,2.1895488455123834e-06,UCI498,duration,ap,0.0003784583496132607
family x encoding,2,0.019139695581221975,7.243577601769487e-06,UCI498,duration,ap,0.0003784583496132607
family x quality_level,2,0.006338415258755507,2.3988261779921176e-06,UCI498,duration,ap,0.0003784583496132607
family x rung,2,0.011161559559761412,4.224185410097417e-06,UCI498,duration,ap,0.0003784583496132607
family x split,2,0.0011755419139834974,4.448936526674081e-07,UCI498,duration,ap,0.0003784583496132607
encoding x quality_level,2,0.006957446471463582,2.633103709112711e-06,UCI498,duration,ap,0.0003784583496132607
encoding x rung,2,0.10548360868840839,3.992115245546604e-05,UCI498,duration,ap,0.0003784583496132607
encoding x split,2,0.01270810881730338,4.8094898897023635e-06,UCI498,duration,ap,0.0003784583496132607
quality_level x rung,2,0.01114097155813463,4.216393708979909e-06,UCI498,duration,ap,0.0003784583496132607
quality_level x split,2,0.01715218714566476,6.49138843940607e-06,UCI498,duration,ap,0.0003784583496132607
rung x split,2,0.01227153422541393,4.644264590172799e-06,UCI498,duration,ap,0.0003784583496132607
family x encoding x quality_level,3,0.005274073820798801,1.9960172739580183e-06,UCI498,duration,ap,0.0003784583496132607
family x encoding x rung,3,0.1320129485137891,4.9961402622108984e-05,UCI498,duration,ap,0.0003784583496132607
family x encoding x split,3,0.03569306770711778,1.3508339497070166e-05,UCI498,duration,ap,0.0003784583496132607
family x quality_level x rung,3,0.012313767184303574,4.660248006093459e-06,UCI498,duration,ap,0.0003784583496132607
family x quality_level x split,3,0.005532551497389718,2.093840308852487e-06,UCI498,duration,ap,0.0003784583496132607
family x rung x split,3,0.010723021592912486,4.058217054921017e-06,UCI498,duration,ap,0.0003784583496132607
encoding x quality_level x rung,3,0.0066482897804762435,2.5161007780697464e-06,UCI498,duration,ap,0.0003784583496132607
encoding x quality_level x split,3,0.005334771808055708,2.0189889340401137e-06,UCI498,duration,ap,0.0003784583496132607
encoding x rung x split,3,0.04098767972904205,1.5512129624730153e-05,UCI498,duration,ap,0.0003784583496132607
quality_level x rung x split,3,0.007725006596303372,2.9235932471885263e-06,UCI498,duration,ap,0.0003784583496132607
family x encoding x quality_level x rung,4,0.013905258753775972,5.2625612788994005e-06,UCI498,duration,ap,0.0003784583496132607
family x encoding x quality_level x split,4,0.003183892176957022,1.2049705786377263e-06,UCI498,duration,ap,0.0003784583496132607
family x encoding x rung x split,4,0.01739001705778702,6.581397155436526e-06,UCI498,duration,ap,0.0003784583496132607
family x quality_level x rung x split,4,0.004546476938772687,1.7206521588026607e-06,UCI498,duration,ap,0.0003784583496132607
encoding x quality_level x rung x split,4,0.005197777222576755,1.9671421893137967e-06,UCI498,duration,ap,0.0003784583496132607
family x encoding x quality_level x rung x split,5,0.00739705828384724,2.7994784700979247e-06,UCI498,duration,ap,0.0003784583496132607
family,1,0.05524327577549532,3.465523940255423e-05,UCI498,duration,auc,0.0006273205003879679
encoding,1,0.07595453525771523,4.764783706460547e-05,UCI498,duration,auc,0.0006273205003879679
quality_level,1,0.007348854026573957,4.610086785228507e-06,UCI498,duration,auc,0.0006273205003879679
rung,1,0.3568941061165027,0.000223886989234521,UCI498,duration,auc,0.0006273205003879679
split,1,0.0054087246776342015,3.3930038712342378e-06,UCI498,duration,auc,0.0006273205003879679
family x encoding,2,0.06385384656358861,4.005682697796694e-05,UCI498,duration,auc,0.0006273205003879679
family x quality_level,2,0.005673553118548071,3.559136181305292e-06,UCI498,duration,auc,0.0006273205003879679
family x rung,2,0.04116040654911311,2.5820766832561832e-05,UCI498,duration,auc,0.0006273205003879679
family x split,2,0.002416341366929828,1.515820475410566e-06,UCI498,duration,auc,0.0006273205003879679
encoding x quality_level,2,0.004540501054965424,2.848349393813006e-06,UCI498,duration,auc,0.0006273205003879679
encoding x rung,2,0.08587367080375667,5.387031413876427e-05,UCI498,duration,auc,0.0006273205003879679
encoding x split,2,0.006429530720180221,4.033376428643268e-06,UCI498,duration,auc,0.0006273205003879679
quality_level x rung,2,0.015701884722697297,9.850114181276658e-06,UCI498,duration,auc,0.0006273205003879679
quality_level x split,2,0.011124095769623076,6.978373324563625e-06,UCI498,duration,auc,0.0006273205003879679
rung x split,2,0.001221427380827686,7.662264357283891e-07,UCI498,duration,auc,0.0006273205003879679
family x encoding x quality_level,3,0.01147455270875714,7.198222146985642e-06,UCI498,duration,auc,0.0006273205003879679
family x encoding x rung,3,0.11589053292514968,7.270050710483317e-05,UCI498,duration,auc,0.0006273205003879679
family x encoding x split,3,0.014323314106474545,8.985308572487652e-06,UCI498,duration,auc,0.0006273205003879679
family x quality_level x rung,3,0.006395688862545923,4.0121467375780616e-06,UCI498,duration,auc,0.0006273205003879679
family x quality_level x split,3,0.0023296412972629867,1.4614317443234917e-06,UCI498,duration,auc,0.0006273205003879679
family x rung x split,3,0.0027551044642517768,1.728333511135549e-06,UCI498,duration,auc,0.0006273205003879679
encoding x quality_level x rung,3,0.011984571055012412,7.518167111165543e-06,UCI498,duration,auc,0.0006273205003879679
encoding x quality_level x split,3,0.0030792240225148634,1.9316603546106756e-06,UCI498,duration,auc,0.0006273205003879679
encoding x rung x split,3,0.010314677076424384,6.470608384922847e-06,UCI498,duration,auc,0.0006273205003879679
quality_level x rung x split,3,0.019490215047950656,1.2226611456549508e-05,UCI498,duration,auc,0.0006273205003879679
family x encoding x quality_level x rung,4,0.03583623870225998,2.2480807194724393e-05,UCI498,duration,auc,0.0006273205003879679
family x encoding x quality_level x split,4,0.004282495313818407,2.6864971031736907e-06,UCI498,duration,auc,0.0006273205003879679
family x encoding x rung x split,4,0.007899291240812453,4.95538733389676e-06,UCI498,duration,auc,0.0006273205003879679
family x quality_level x rung x split,4,0.00290418463611504,1.8218545591467356e-06,UCI498,duration,auc,0.0006273205003879679
encoding x quality_level x rung x split,4,0.006249085415045154,3.920179389533278e-06,UCI498,duration,auc,0.0006273205003879679
family x encoding x quality_level x rung x split,5,0.005946429221453178,3.7303169547236422e-06,UCI498,duration,auc,0.0006273205003879679
family,1,0.017545082170343063,7.764533711772597e-06,UCI498,duration,brier_skill,0.0004425475832137853
encoding,1,0.026929701569653443,1.1917674346318612e-05,UCI498,duration,brier_skill,0.0004425475832137853
quality_level,1,0.007287039912736673,3.224861902164008e-06,UCI498,duration,brier_skill,0.0004425475832137853
rung,1,0.028202089859541372,1.2480766708918036e-05,UCI498,duration,brier_skill,0.0004425475832137853
split,1,0.09460911625497408,4.186903574863083e-05,UCI498,duration,brier_skill,0.0004425475832137853
family x encoding,2,0.09724603746245411,4.3035998856126294e-05,UCI498,duration,brier_skill,0.0004425475832137853
family x quality_level,2,0.013327786609843083,5.898179753775106e-06,UCI498,duration,brier_skill,0.0004425475832137853
family x rung,2,0.013340619357547028,5.903858855257478e-06,UCI498,duration,brier_skill,0.0004425475832137853
family x split,2,0.00011032014850620451,4.8821915101206694e-08,UCI498,duration,brier_skill,0.0004425475832137853
encoding x quality_level,2,0.014049686792146824,6.217654934775217e-06,UCI498,duration,brier_skill,0.0004425475832137853
encoding x rung,2,0.08631736198187699,3.8199539934469135e-05,UCI498,duration,brier_skill,0.0004425475832137853
encoding x split,2,0.027646158571854356,1.223474066111922e-05,UCI498,duration,brier_skill,0.0004425475832137853
quality_level x rung,2,0.006822706329174204,3.019372196953441e-06,UCI498,duration,brier_skill,0.0004425475832137853
quality_level x split,2,0.01187851561361278,5.2568083769715494e-06,UCI498,duration,brier_skill,0.0004425475832137853
rung x split,2,0.056731865903993976,2.5106550147021085e-05,UCI498,duration,brier_skill,0.0004425475832137853
family x encoding x quality_level,3,0.02970858543601502,1.3147462685408707e-05,UCI498,duration,brier_skill,0.0004425475832137853
family x encoding x rung,3,0.027185583755081573,1.2030914389067293e-05,UCI498,duration,brier_skill,0.0004425475832137853
family x encoding x split,3,0.0351313688478659,1.554730237861512e-05,UCI498,duration,brier_skill,0.0004425475832137853
family x quality_level x rung,3,0.004975022471780181,2.2016841713205917e-06,UCI498,duration,brier_skill,0.0004425475832137853
family x quality_level x split,3,0.004793312192317299,2.1212687262991917e-06,UCI498,duration,brier_skill,0.0004425475832137853
family x rung x split,3,0.037626335562649126,1.6651443868441273e-05,UCI498,duration,brier_skill,0.0004425475832137853
encoding x quality_level x rung,3,0.04743806289934605,2.099360008844913e-05,UCI498,duration,brier_skill,0.0004425475832137853
encoding x quality_level x split,3,0.0197196921077034,8.726902083984096e-06,UCI498,duration,brier_skill,0.0004425475832137853
encoding x rung x split,3,0.05684960971946776,2.5158657387997376e-05,UCI498,duration,brier_skill,0.0004425475832137853
quality_level x rung x split,3,0.007277377590514888,3.2205858648165238e-06,UCI498,duration,brier_skill,0.0004425475832137853
family x encoding x quality_level x rung,4,0.04836812845773032,2.1405198353542466e-05,UCI498,duration,brier_skill,0.0004425475832137853
family x encoding x quality_level x split,4,0.03179055157940704,1.4068831770499773e-05,UCI498,duration,brier_skill,0.0004425475832137853
family x encoding x rung x split,4,0.04337913084313014,1.9197329516541816e-05,UCI498,duration,brier_skill,0.0004425475832137853
family x quality_level x rung x split,4,0.0068806402835216605,3.0450107284359255e-06,UCI498,duration,brier_skill,0.0004425475832137853
encoding x quality_level x rung x split,4,0.0484848363540244,2.145684715098938e-05,UCI498,duration,brier_skill,0.0004425475832137853
family x encoding x quality_level x rung x split,5,0.04834767336118706,2.1396146000002842e-05,UCI498,duration,brier_skill,0.0004425475832137853
family,1,0.01511593853366845,7.3223334208749315e-06,UCI498,duration,logloss_skill,0.0004844114313223456
encoding,1,0.02235521960209106,1.0829123924974287e-05,UCI498,duration,logloss_skill,0.0004844114313223456
quality_level,1,0.003153391574509866,1.5275389261281493e-06,UCI498,duration,logloss_skill,0.0004844114313223456
rung,1,0.035723410211914275,1.730482827246869e-05,UCI498,duration,logloss_skill,0.0004844114313223456
split,1,0.08264081763374258,4.003215675561018e-05,UCI498,duration,logloss_skill,0.0004844114313223456
family x encoding,2,0.06768023981778244,3.2785081842371596e-05,UCI498,duration,logloss_skill,0.0004844114313223456
family x quality_level,2,0.01024974436797701,4.965093339979894e-06,UCI498,duration,logloss_skill,0.0004844114313223456
family x rung,2,0.03510862025207097,1.700701698805839e-05,UCI498,duration,logloss_skill,0.0004844114313223456
family x split,2,0.0006152324435761022,2.980256285886439e-07,UCI498,duration,logloss_skill,0.0004844114313223456
encoding x quality_level,2,0.00840261191447075,4.070321264334971e-06,UCI498,duration,logloss_skill,0.0004844114313223456
encoding x rung,2,0.08869499318506618,4.2964868599903595e-05,UCI498,duration,logloss_skill,0.0004844114313223456
encoding x split,2,0.029283064611114254,1.418505124177458e-05,UCI498,duration,logloss_skill,0.0004844114313223456
quality_level x rung,2,0.0055514579588430805,2.689189695769004e-06,UCI498,duration,logloss_skill,0.0004844114313223456
quality_level x split,2,0.0052697076301366445,2.5527066157647777e-06,UCI498,duration,logloss_skill,0.0004844114313223456
rung x split,2,0.09621265803852869,4.660651139177106e-05,UCI498,duration,logloss_skill,0.0004844114313223456
family x encoding x quality_level,3,0.01663397070232796,8.05768555648865e-06,UCI498,duration,logloss_skill,0.0004844114313223456
family x encoding x rung,3,0.04460329254944273,2.1606344785564865e-05,UCI498,duration,logloss_skill,0.0004844114313223456
family x encoding x split,3,0.019788124562679966,9.585593742592666e-06,UCI498,duration,logloss_skill,0.0004844114313223456
family x quality_level x rung,3,0.003444220088749283,1.6684195829802165e-06,UCI498,duration,logloss_skill,0.0004844114313223456
family x quality_level x split,3,0.002573663825223039,1.2467121773188354e-06,UCI498,duration,logloss_skill,0.0004844114313223456
family x rung x split,3,0.0695848454916632,3.3707694602960837e-05,UCI498,duration,logloss_skill,0.0004844114313223456
encoding x quality_level x rung,3,0.02607335691479699,1.2630232142475188e-05,UCI498,duration,logloss_skill,0.0004844114313223456
encoding x quality_level x split,3,0.011411273712852938,5.527751432454148e-06,UCI498,duration,logloss_skill,0.0004844114313223456
encoding x rung x split,3,0.10169838748289739,4.926386144376484e-05,UCI498,duration,logloss_skill,0.0004844114313223456
quality_level x rung x split,3,0.004556115531926387,2.207034446090431e-06,UCI498,duration,logloss_skill,0.0004844114313223456
family x encoding x quality_level x rung,4,0.02732376767680862,1.3235945409442104e-05,UCI498,duration,logloss_skill,0.0004844114313223456
family x encoding x quality_level x split,4,0.01624493755161259,7.869233451118775e-06,UCI498,duration,logloss_skill,0.0004844114313223456
family x encoding x rung x split,4,0.08417427972717666,4.077498332316914e-05,UCI498,duration,logloss_skill,0.0004844114313223456
family x quality_level x rung x split,4,0.004728879643670703,2.2907233567416285e-06,UCI498,duration,logloss_skill,0.0004844114313223456
encoding x quality_level x rung x split,4,0.030945630449976235,1.499041713944535e-05,UCI498,duration,logloss_skill,0.0004844114313223456
family x encoding x quality_level x rung x split,5,0.03015814631270303,1.4608950821365194e-05,UCI498,duration,logloss_skill,0.0004844114313223456
family,1,0.007325911110259005,1.254354926948876e-05,UCI498,duration,nagelkerke,0.0017122169626004767
encoding,1,0.021303877116568535,3.6476859768144775e-05,UCI498,duration,nagelkerke,0.0017122169626004767
quality_level,1,0.0030178284793325664,5.1671771125320225e-06,UCI498,duration,nagelkerke,0.0017122169626004767
rung,1,0.0432606231676559,7.40715728003276e-05,UCI498,duration,nagelkerke,0.0017122169626004767
split,1,0.07864266305787573,0.00013465330167176871,UCI498,duration,nagelkerke,0.0017122169626004767
family x encoding,2,0.05781555722478905,9.899277778248236e-05,UCI498,duration,nagelkerke,0.0017122169626004767
family x quality_level,2,0.007653125473640878,1.3103811252877717e-05,UCI498,duration,nagelkerke,0.0017122169626004767
family x rung,2,0.03407631324262578,5.834604155691111e-05,UCI498,duration,nagelkerke,0.0017122169626004767
family x split,2,0.0013630185787521236,2.33378353087898e-06,UCI498,duration,nagelkerke,0.0017122169626004767
encoding x quality_level,2,0.009361914220862393,1.6029628331371215e-05,UCI498,duration,nagelkerke,0.0017122169626004767
encoding x rung,2,0.09026209059036783,0.00015454828258860867,UCI498,duration,nagelkerke,0.0017122169626004767
encoding x split,2,0.029874397576146013,5.115145027734777e-05,UCI498,duration,nagelkerke,0.0017122169626004767
quality_level x rung,2,0.004876588629357305,8.349777770810187e-06,UCI498,duration,nagelkerke,0.0017122169626004767
quality_level x split,2,0.005315192787586744,9.100763250397735e-06,UCI498,duration,nagelkerke,0.0017122169626004767
rung x split,2,0.09979230674096519,0.00017086608033891048,UCI498,duration,nagelkerke,0.0017122169626004767
family x encoding x quality_level,3,0.016032465816947027,2.7451059924089008e-05,UCI498,duration,nagelkerke,0.0017122169626004767
family x encoding x rung,3,0.043887191399975566,7.514439355593193e-05,UCI498,duration,nagelkerke,0.0017122169626004767
family x encoding x split,3,0.019383917965360896,3.3189473141947046e-05,UCI498,duration,nagelkerke,0.0017122169626004767
family x quality_level x rung,3,0.0039002482849437308,6.6780712718340735e-06,UCI498,duration,nagelkerke,0.0017122169626004767
family x quality_level x split,3,0.0028572993614628334,4.892316433924174e-06,UCI498,duration,nagelkerke,0.0017122169626004767
family x rung x split,3,0.06829067768743234,0.00011692845672390355,UCI498,duration,nagelkerke,0.0017122169626004767
encoding x quality_level x rung,3,0.027523337490250856,4.7125925318185146e-05,UCI498,duration,nagelkerke,0.0017122169626004767
encoding x quality_level x split,3,0.012060518469882153,2.065022430188857e-05,UCI498,duration,nagelkerke,0.0017122169626004767
encoding x rung x split,3,0.10636832075393313,0.0001821256430782126,UCI498,duration,nagelkerke,0.0017122169626004767
quality_level x rung x split,3,0.004909843137082212,8.4067167030197e-06,UCI498,duration,nagelkerke,0.0017122169626004767
family x encoding x quality_level x rung,4,0.027650265562587328,4.7343253716669836e-05,UCI498,duration,nagelkerke,0.0017122169626004767
family x encoding x quality_level x split,4,0.01675803194982871,2.8693386564297456e-05,UCI498,duration,nagelkerke,0.0017122169626004767
family x encoding x rung x split,4,0.08538374879732699,0.00014619550302120133,UCI498,duration,nagelkerke,0.0017122169626004767
family x quality_level x rung x split,4,0.0054239101439017365,9.286910952009345e-06,UCI498,duration,nagelkerke,0.0017122169626004767
encoding x quality_level x rung x split,4,0.033138521437135346,5.674033852016266e-05,UCI498,duration,nagelkerke,0.0017122169626004767
family x encoding x quality_level x rung x split,5,0.032490293745164135,5.56304320703422e-05,UCI498,duration,nagelkerke,0.0017122169626004767
family,1,0.006896101473502097,1.4158211041824051e-06,UCI498,handover,ap,0.00020530746387979098
encoding,1,0.04632520602002834,9.510910561680844e-06,UCI498,handover,ap,0.00020530746387979098
quality_level,1,0.005088194690643385,1.044644347662611e-06,UCI498,handover,ap,0.00020530746387979098
rung,1,0.5348676347440883,0.00010981231760069113,UCI498,handover,ap,0.00020530746387979098
split,1,0.004398003526652285,9.029429501913574e-07,UCI498,handover,ap,0.00020530746387979098
family x encoding,2,0.02132171917212792,4.377508088786699e-06,UCI498,handover,ap,0.00020530746387979098
family x quality_level,2,0.001650023953826114,3.387622333009448e-07,UCI498,handover,ap,0.00020530746387979098
family x rung,2,0.03464293961261498,7.112454073206729e-06,UCI498,handover,ap,0.00020530746387979098
family x split,2,0.024150144540888138,4.9582049280201224e-06,UCI498,handover,ap,0.00020530746387979098
encoding x quality_level,2,0.0005646837886377959,1.159337965392578e-07,UCI498,handover,ap,0.00020530746387979098
encoding x rung,2,0.039101772204752826,8.027885684563106e-06,UCI498,handover,ap,0.00020530746387979098
encoding x split,2,0.026453416630959774,5.431083879457836e-06,UCI498,handover,ap,0.00020530746387979098
quality_level x rung,2,0.00623538446464545,1.2801709707518055e-06,UCI498,handover,ap,0.00020530746387979098
quality_level x split,2,0.018560084189440603,3.810523814329456e-06,UCI498,handover,ap,0.00020530746387979098
rung x split,2,0.014769420466491332,3.0322722589496147e-06,UCI498,handover,ap,0.00020530746387979098
family x encoding x quality_level,3,0.0007399691349682853,1.519211864496614e-07,UCI498,handover,ap,0.00020530746387979098
family x encoding x rung,3,0.01621601316258236,3.3292685366510925e-06,UCI498,handover,ap,0.00020530746387979098
family x encoding x split,3,0.010780886903188017,2.2133965484683855e-06,UCI498,handover,ap,0.00020530746387979098
family x quality_level x rung,3,0.016401683115044304,3.367387963709736e-06,UCI498,handover,ap,0.00020530746387979098
family x quality_level x split,3,0.014634231441811104,3.0045169431481346e-06,UCI498,handover,ap,0.00020530746387979098
family x rung x split,3,0.009521795809925212,1.9548957493169655e-06,UCI498,handover,ap,0.00020530746387979098
encoding x quality_level x rung,3,0.017895963470338033,3.6741748737804847e-06,UCI498,handover,ap,0.00020530746387979098
encoding x quality_level x split,3,0.008721468794104228,1.790582639424278e-06,UCI498,handover,ap,0.00020530746387979098
encoding x rung x split,3,0.014834735447952286,3.0456819121467188e-06,UCI498,handover,ap,0.00020530746387979098
quality_level x rung x split,3,0.033691949816964606,6.917208770086191e-06,UCI498,handover,ap,0.00020530746387979098
family x encoding x quality_level x rung,4,0.015284015668508684,3.137922494800506e-06,UCI498,handover,ap,0.00020530746387979098
family x encoding x quality_level x split,4,0.005843542982662236,1.1997229898429329e-06,UCI498,handover,ap,0.00020530746387979098
family x encoding x rung x split,4,0.008938410764893255,1.8351224452560568e-06,UCI498,handover,ap,0.00020530746387979098
family x quality_level x rung x split,4,0.006474560017469736,1.3292754969242065e-06,UCI498,handover,ap,0.00020530746387979098
encoding x quality_level x rung x split,4,0.027888773704880996,5.7257734000665196e-06,UCI498,handover,ap,0.00020530746387979098
family x encoding x quality_level x rung x split,5,0.0071072702854073876,1.459175637405189e-06,UCI498,handover,ap,0.00020530746387979098
family,1,0.0020380521157162086,7.500495951364189e-07,UCI498,handover,auc,0.0003680227749587443
encoding,1,0.009768046582918003,3.5948636093717633e-06,UCI498,handover,auc,0.0003680227749587443
quality_level,1,0.0023017309838936494,8.470894239010615e-07,UCI498,handover,auc,0.0003680227749587443
rung,1,0.7081509045010511,0.00026061566096402154,UCI498,handover,auc,0.0003680227749587443
split,1,0.0019437922041884094,7.153598009285925e-07,UCI498,handover,auc,0.0003680227749587443
family x encoding,2,0.006956844351144339,2.5602771630642044e-06,UCI498,handover,auc,0.0003680227749587443
family x quality_level,2,0.0002920441046419897,1.0747888180068694e-07,UCI498,handover,auc,0.0003680227749587443
family x rung,2,0.00336650782219036,1.2389515506428151e-06,UCI498,handover,auc,0.0003680227749587443
family x split,2,0.01763838453203709,6.491327221269682e-06,UCI498,handover,auc,0.0003680227749587443
encoding x quality_level,2,0.006841141562391382,2.5176959016768758e-06,UCI498,handover,auc,0.0003680227749587443
encoding x rung,2,0.0240845860298729,8.86367618444643e-06,UCI498,handover,auc,0.0003680227749587443
encoding x split,2,0.009814858943039741,3.6120916240461334e-06,UCI498,handover,auc,0.0003680227749587443
quality_level x rung,2,0.005736521006620509,2.111170379465609e-06,UCI498,handover,auc,0.0003680227749587443
quality_level x split,2,0.010659506317522967,3.922941094665068e-06,UCI498,handover,auc,0.0003680227749587443
rung x split,2,0.01255521976153278,4.620606816856158e-06,UCI498,handover,auc,0.0003680227749587443
family x encoding x quality_level,3,0.007960950680184244,2.9298111606311083e-06,UCI498,handover,auc,0.0003680227749587443
family x encoding x rung,3,0.004831511221790058,1.77810616708749e-06,UCI498,handover,auc,0.0003680227749587443
family x encoding x split,3,0.0030125377597123265,1.1086825059973292e-06,UCI498,handover,auc,0.0003680227749587443
family x quality_level x rung,3,0.010439951955065817,3.84214008893929e-06,UCI498,handover,auc,0.0003680227749587443
family x quality_level x split,3,0.010034276959459886,3.692842451325019e-06,UCI498,handover,auc,0.0003680227749587443
family x rung x split,3,0.01361168449908462,5.009409901216047e-06,UCI498,handover,auc,0.0003680227749587443
encoding x quality_level x rung,3,0.019523742944994423,7.185182056198054e-06,UCI498,handover,auc,0.0003680227749587443
encoding x quality_level x split,3,0.0057161891492568595,2.1036877928985733e-06,UCI498,handover,auc,0.0003680227749587443
encoding x rung x split,3,0.005124852412852325,1.8860624062319289e-06,UCI498,handover,auc,0.0003680227749587443
quality_level x rung x split,3,0.021772488298751367,8.012771561463268e-06,UCI498,handover,auc,0.0003680227749587443
family x encoding x quality_level x rung,4,0.032674627380268044,1.2025007039229211e-05,UCI498,handover,auc,0.0003680227749587443
family x encoding x quality_level x split,4,0.0055882723166521585,2.056611485199458e-06,UCI498,handover,auc,0.0003680227749587443
family x encoding x rung x split,4,0.005082549681713151,1.8704940377297561e-06,UCI498,handover,auc,0.0003680227749587443
family x quality_level x rung x split,4,0.0066249737141486,2.4381412103097064e-06,UCI498,handover,auc,0.0003680227749587443
encoding x quality_level x rung x split,4,0.017655659835390233,6.49768492634796e-06,UCI498,handover,auc,0.0003680227749587443
family x encoding x quality_level x rung x split,5,0.008197590371914403,3.016899956647023e-06,UCI498,handover,auc,0.0003680227749587443
family,1,0.0011429087998119398,3.172481300627184e-07,UCI498,handover,brier_skill,0.0002775795672541152
encoding,1,0.07814867273425914,2.169247475905912e-05,UCI498,handover,brier_skill,0.0002775795672541152
quality_level,1,0.009583916940220902,2.6602995168659016e-06,UCI498,handover,brier_skill,0.0002775795672541152
rung,1,0.022590443491388997,6.2706455284183e-06,UCI498,handover,brier_skill,0.0002775795672541152
split,1,0.04953533812443453,1.3749997720366811e-05,UCI498,handover,brier_skill,0.0002775795672541152
family x encoding,2,0.0021459516181529846,5.956723215151736e-07,UCI498,handover,brier_skill,0.0002775795672541152
family x quality_level,2,0.00025758171722027476,7.149942159857574e-08,UCI498,handover,brier_skill,0.0002775795672541152
family x rung,2,0.005726361232722499,1.589520872919853e-06,UCI498,handover,brier_skill,0.0002775795672541152
family x split,2,0.0906972705651433,2.5175709114601875e-05,UCI498,handover,brier_skill,0.0002775795672541152
encoding x quality_level,2,0.03700686817743309,1.0272350454121963e-05,UCI498,handover,brier_skill,0.0002775795672541152
encoding x rung,2,0.04362740719111293,1.21100768085282e-05,UCI498,handover,brier_skill,0.0002775795672541152
encoding x split,2,0.04832158981140898,1.3413085988881765e-05,UCI498,handover,brier_skill,0.0002775795672541152
quality_level x rung,2,0.005040359106751742,1.399100699657487e-06,UCI498,handover,brier_skill,0.0002775795672541152
quality_level x split,2,0.0005549883329891638,1.5405342130221485e-07,UCI498,handover,brier_skill,0.0002775795672541152
rung x split,2,0.10913281460723223,3.02930394518991e-05,UCI498,handover,brier_skill,0.0002775795672541152
family x encoding x quality_level,3,0.009000855498970617,2.4984535743210867e-06,UCI498,handover,brier_skill,0.0002775795672541152
family x encoding x rung,3,0.02681067778975731,7.442096338670351e-06,UCI498,handover,brier_skill,0.0002775795672541152
family x encoding x split,3,0.026845202211478222,7.45167961271134e-06,UCI498,handover,brier_skill,0.0002775795672541152
family x quality_level x rung,3,0.0031637189815162713,8.781837458029166e-07,UCI498,handover,brier_skill,0.0002775795672541152
family x quality_level x split,3,0.01745703014591305,4.845714873444587e-06,UCI498,handover,brier_skill,0.0002775795672541152
family x rung x split,3,0.09577647147341195,2.6585591504715797e-05,UCI498,handover,brier_skill,0.0002775795672541152
encoding x quality_level x rung,3,0.023431490520145305,6.504102998700836e-06,UCI498,handover,brier_skill,0.0002775795672541152
encoding x quality_level x split,3,0.015914972693492856,4.417671233120807e-06,UCI498,handover,brier_skill,0.0002775795672541152
encoding x rung x split,3,0.08159230541304874,2.2648356827819666e-05,UCI498,handover,brier_skill,0.0002775795672541152
quality_level x rung x split,3,0.004941169630925304,1.371567727881422e-06,UCI498,handover,brier_skill,0.0002775795672541152
family x encoding x quality_level x rung,4,0.017467026683837966,4.848489708115825e-06,UCI498,handover,brier_skill,0.0002775795672541152
family x encoding x quality_level x split,4,0.01854551977546767,5.147857353776951e-06,UCI498,handover,brier_skill,0.0002775795672541152
family x encoding x rung x split,4,0.08424979798522815,2.3386022465986255e-05,UCI498,handover,brier_skill,0.0002775795672541152
family x quality_level x rung x split,4,0.004342439624585993,1.2053725118197024e-06,UCI498,handover,brier_skill,0.0002775795672541152
encoding x quality_level x rung x split,4,0.03249830158850607,9.020864491431238e-06,UCI498,handover,brier_skill,0.0002775795672541152
family x encoding x quality_level x rung x split,5,0.03445054753343177,9.562768075997316e-06,UCI498,handover,brier_skill,0.0002775795672541152
family,1,0.004347519411995314,1.4988431409701993e-06,UCI498,handover,logloss_skill,0.00034475824002871985
encoding,1,0.06416262891521803,2.2120595020426416e-05,UCI498,handover,logloss_skill,0.00034475824002871985
quality_level,1,0.005037984639780648,1.7368867177025004e-06,UCI498,handover,logloss_skill,0.00034475824002871985
rung,1,0.0011763793282891408,4.0556646682713185e-07,UCI498,handover,logloss_skill,0.00034475824002871985
split,1,0.03331322232630459,1.1485007898902228e-05,UCI498,handover,logloss_skill,0.00034475824002871985
family x encoding,2,0.0003522720095571059,1.214486780262882e-07,UCI498,handover,logloss_skill,0.00034475824002871985
family x quality_level,2,0.0008605130276471757,2.9666895693342543e-07,UCI498,handover,logloss_skill,0.00034475824002871985
family x rung,2,0.015616811378114683,5.384024405579305e-06,UCI498,handover,logloss_skill,0.00034475824002871985
family x split,2,0.0715140506613713,2.465505824333908e-05,UCI498,handover,logloss_skill,0.00034475824002871985
encoding x quality_level,2,0.018010729746257483,6.209347488952641e-06,UCI498,handover,logloss_skill,0.00034475824002871985
encoding x rung,2,0.061424764239227055,2.117669361329497e-05,UCI498,handover,logloss_skill,0.00034475824002871985
encoding x split,2,0.03114979443292198,1.0739148305950598e-05,UCI498,handover,logloss_skill,0.00034475824002871985
quality_level x rung,2,0.004209844649394865,1.4513786321196967e-06,UCI498,handover,logloss_skill,0.00034475824002871985
quality_level x split,2,0.0004499146851414271,1.5511179501243404e-07,UCI498,handover,logloss_skill,0.00034475824002871985
rung x split,2,0.13162376462993255,4.5378377439770016e-05,UCI498,handover,logloss_skill,0.00034475824002871985
family x encoding x quality_level,3,0.00854332363859073,2.945381221636299e-06,UCI498,handover,logloss_skill,0.00034475824002871985
family x encoding x rung,3,0.05102027508910355,1.7589660245500478e-05,UCI498,handover,logloss_skill,0.00034475824002871985
family x encoding x split,3,0.032342505129583074,1.1150345146594905e-05,UCI498,handover,logloss_skill,0.00034475824002871985
family x quality_level x rung,3,0.0014946666443330153,5.152986417298829e-07,UCI498,handover,logloss_skill,0.00034475824002871985
family x quality_level x split,3,0.006530305776012847,2.2513767261875727e-06,UCI498,handover,logloss_skill,0.00034475824002871985
family x rung x split,3,0.11902343602973031,4.1034310327780746e-05,UCI498,handover,logloss_skill,0.00034475824002871985
encoding x quality_level x rung,3,0.012759917643621648,4.39908674972641e-06,UCI498,handover,logloss_skill,0.00034475824002871985
encoding x quality_level x split,3,0.006525780412384743,2.2498165697876575e-06,UCI498,handover,logloss_skill,0.00034475824002871985
encoding x rung x split,3,0.1348008442367181,4.6473701813436535e-05,UCI498,handover,logloss_skill,0.00034475824002871985
quality_level x rung x split,3,0.0018835931897932818,6.493842730432143e-07,UCI498,handover,logloss_skill,0.00034475824002871985
family x encoding x quality_level x rung,4,0.011448003859578545,3.9467936624702915e-06,UCI498,handover,logloss_skill,0.00034475824002871985
family x encoding x quality_level x split,4,0.008271498791130531,2.851667365629846e-06,UCI498,handover,logloss_skill,0.00034475824002871985
family x encoding x rung x split,4,0.12210993167657926,4.2098405134844694e-05,UCI498,handover,logloss_skill,0.00034475824002871985
family x quality_level x rung x split,4,0.0013354517166535682,4.6040798347681684e-07,UCI498,handover,logloss_skill,0.00034475824002871985
encoding x quality_level x rung x split,4,0.020127517723861194,6.939127586625251e-06,UCI498,handover,logloss_skill,0.00034475824002871985
family x encoding x quality_level x rung x split,5,0.01853275436117227,6.389319776442335e-06,UCI498,handover,logloss_skill,0.00034475824002871985
family,1,0.005248326346488152,6.594774002828346e-06,UCI498,handover,nagelkerke,0.0012565480054877213
encoding,1,0.05606221613674336,7.044486586984641e-05,UCI498,handover,nagelkerke,0.0012565480054877213
quality_level,1,0.003963552642332382,4.980394167368342e-06,UCI498,handover,nagelkerke,0.0012565480054877213
rung,1,0.001002334775419781,1.2594817628847089e-06,UCI498,handover,nagelkerke,0.0012565480054877213
split,1,0.04368271597335086,5.488942963060065e-05,UCI498,handover,nagelkerke,0.0012565480054877213
family x encoding,2,0.0028592592264213568,3.592796478132121e-06,UCI498,handover,nagelkerke,0.0012565480054877213
family x quality_level,2,0.0002081654964907382,2.615699394267983e-07,UCI498,handover,nagelkerke,0.0012565480054877213
family x rung,2,0.016338150097363537,2.052966991820117e-05,UCI498,handover,nagelkerke,0.0012565480054877213
family x split,2,0.07315367575870375,9.192110536869468e-05,UCI498,handover,nagelkerke,0.0012565480054877213
encoding x quality_level,2,0.014327390774024288,1.8003054300943398e-05,UCI498,handover,nagelkerke,0.0012565480054877213
encoding x rung,2,0.07032726387285058,8.836958315083908e-05,UCI498,handover,nagelkerke,0.0012565480054877213
encoding x split,2,0.04256775747983303,5.348843075936923e-05,UCI498,handover,nagelkerke,0.0012565480054877213
quality_level x rung,2,0.004562322956005505,5.7327778107595626e-06,UCI498,handover,nagelkerke,0.0012565480054877213
quality_level x split,2,0.00037222222168379856,4.6771509025498554e-07,UCI498,handover,nagelkerke,0.0012565480054877213
rung x split,2,0.12168771843928759,0.00015290645989723823,UCI498,handover,nagelkerke,0.0012565480054877213
family x encoding x quality_level,3,0.00627478678883287,7.884570824368646e-06,UCI498,handover,nagelkerke,0.0012565480054877213
family x encoding x rung,3,0.04379739299533101,5.503352681384508e-05,UCI498,handover,nagelkerke,0.0012565480054877213
family x encoding x split,3,0.04261924538583615,5.355312778496418e-05,UCI498,handover,nagelkerke,0.0012565480054877213
family x quality_level x rung,3,0.0010194369574743675,1.2809714756348875e-06,UCI498,handover,nagelkerke,0.0012565480054877213
family x quality_level x split,3,0.003941819843721838,4.953085862620597e-06,UCI498,handover,nagelkerke,0.0012565480054877213
family x rung x split,3,0.1188002517515608,0.0001492782193898629,UCI498,handover,nagelkerke,0.0012565480054877213
encoding x quality_level x rung,3,0.015085707677672975,1.8955915893750782e-05,UCI498,handover,nagelkerke,0.0012565480054877213
encoding x quality_level x split,3,0.006761855414223704,8.496595934139145e-06,UCI498,handover,nagelkerke,0.0012565480054877213
encoding x rung x split,3,0.12561616015858856,0.0001578427355043006,UCI498,handover,nagelkerke,0.0012565480054877213
quality_level x rung x split,3,0.0011538456917510147,1.4498625026103376e-06,UCI498,handover,nagelkerke,0.0012565480054877213
family x encoding x quality_level x rung,4,0.010220350911633818,1.284236155339809e-05,UCI498,handover,nagelkerke,0.0012565480054877213
family x encoding x quality_level x split,4,0.008306608792050812,1.0437652710018218e-05,UCI498,handover,nagelkerke,0.0012565480054877213
family x encoding x rung x split,4,0.11980256242872331,0.00015053767087213048,UCI498,handover,nagelkerke,0.0012565480054877213
family x quality_level x rung x split,4,0.001696396722261771,2.131603917873936e-06,UCI498,handover,nagelkerke,0.0012565480054877213
encoding x quality_level x rung x split,4,0.019416014271653247,2.439715400756702e-05,UCI498,handover,nagelkerke,0.0012565480054877213
family x encoding x quality_level x rung x split,5,0.019124492011685004,2.403084229324865e-05,UCI498,handover,nagelkerke,0.0012565480054877213
